v,41.3100471496582, 23.136499404907227, 5.653848648071289
v,41.28834533691406, 23.085233688354492, 5.5327582359313965
v,41.338138580322266, 23.06333351135254, 5.654348373413086
v,41.269142150878906, 23.30965232849121, 5.187282562255859
v,41.051753997802734, 23.721450805664062, 5.145071983337402
v,41.053932189941406, 23.722511291503906, 5.191951274871826
v,41.269142150878906, 23.30965232849121, 5.187282562255859
v,41.053932189941406, 23.722511291503906, 5.191951274871826
v,41.2337646484375, 23.292207717895508, 5.195556640625
v,41.37840270996094, 23.12791633605957, 5.653743267059326
v,41.343109130859375, 23.150781631469727, 5.542309284210205
v,41.3100471496582, 23.136499404907227, 5.653848648071289
v,41.338138580322266, 23.06333351135254, 5.654348373413086
v,41.33742141723633, 23.06151008605957, 5.5399580001831055
v,41.381996154785156, 23.102235794067383, 5.541086673736572
v,41.40781784057617, 23.061908721923828, 5.50192928314209
v,41.33742141723633, 23.06151008605957, 5.5399580001831055
v,41.38174057006836, 23.03569221496582, 5.457685947418213
v,41.33742141723633, 23.06151008605957, 5.5399580001831055
v,41.309791564941406, 23.030914306640625, 5.458281993865967
v,41.38174057006836, 23.03569221496582, 5.457685947418213
v,41.33742141723633, 23.06151008605957, 5.5399580001831055
v,41.28834533691406, 23.085233688354492, 5.5327582359313965
v,41.309791564941406, 23.030914306640625, 5.458281993865967
v,41.309791564941406, 23.030914306640625, 5.458281993865967
v,41.28834533691406, 23.085233688354492, 5.5327582359313965
v,41.260108947753906, 23.123870849609375, 5.448895454406738
v,41.28495788574219, 23.157203674316406, 5.507640361785889
v,41.31357192993164, 23.165874481201172, 5.4163007736206055
v,41.260108947753906, 23.123870849609375, 5.448895454406738
v,41.343109130859375, 23.150781631469727, 5.542309284210205
v,41.3582763671875, 23.184070587158203, 5.505391597747803
v,41.28495788574219, 23.157203674316406, 5.507640361785889
v,41.261226654052734, 23.305578231811523, 5.145453453063965
v,41.051753997802734, 23.721450805664062, 5.145071983337402
v,41.269142150878906, 23.30965232849121, 5.187282562255859
v,41.4126091003418, 23.138885498046875, 5.502734184265137
v,41.381996154785156, 23.102235794067383, 5.541086673736572
v,41.40781784057617, 23.061908721923828, 5.50192928314209
v,41.299598693847656, 23.153100967407227, 5.157469749450684
v,41.32044982910156, 23.128520965576172, 5.247150421142578
v,41.29643249511719, 23.17259407043457, 5.194543361663818
v,41.32862091064453, 23.076814651489258, 5.327240467071533
v,41.32044982910156, 23.128520965576172, 5.247150421142578
v,41.299598693847656, 23.153100967407227, 5.157469749450684
v,41.3582763671875, 23.184070587158203, 5.505391597747803
v,41.4126091003418, 23.138885498046875, 5.502734184265137
v,41.39115905761719, 23.14628791809082, 5.413571834564209
v,41.31357192993164, 23.165874481201172, 5.4163007736206055
v,41.28495788574219, 23.157203674316406, 5.507640361785889
v,41.3582763671875, 23.184070587158203, 5.505391597747803
v,41.272403717041016, 23.0678768157959, 5.391707897186279
v,41.32545852661133, 23.129756927490234, 5.319499969482422
v,41.32862091064453, 23.076814651489258, 5.327240467071533
v,41.337890625, 23.155139923095703, 5.198241710662842
v,41.32545852661133, 23.129756927490234, 5.319499969482422
v,41.37004852294922, 23.116153717041016, 5.319814205169678
v,41.31357192993164, 23.165874481201172, 5.4163007736206055
v,41.37411117553711, 23.188276290893555, 5.390288352966309
v,41.26945877075195, 23.14356803894043, 5.38917875289917
v,41.28910446166992, 23.07654571533203, 5.416727542877197
v,41.26945877075195, 23.14356803894043, 5.38917875289917
v,41.272403717041016, 23.0678768157959, 5.391707897186279
v,41.28910446166992, 23.07654571533203, 5.416727542877197
v,41.272403717041016, 23.0678768157959, 5.391707897186279
v,41.356624603271484, 23.02630043029785, 5.385676383972168
v,41.337890625, 23.155139923095703, 5.198241710662842
v,41.37004852294922, 23.116153717041016, 5.319814205169678
v,41.352210998535156, 23.127511978149414, 5.1859965324401855
v,41.4187126159668, 23.083608627319336, 5.3921661376953125
v,41.38421630859375, 23.05936622619629, 5.415156364440918
v,41.356624603271484, 23.02630043029785, 5.385676383972168
v,41.37411117553711, 23.188276290893555, 5.390288352966309
v,41.39115905761719, 23.14628791809082, 5.413571834564209
v,41.4187126159668, 23.083608627319336, 5.3921661376953125
v,41.32545852661133, 23.129756927490234, 5.319499969482422
v,41.37411117553711, 23.188276290893555, 5.390288352966309
v,41.37004852294922, 23.116153717041016, 5.319814205169678
v,41.22510528564453, 23.288516998291016, 5.1564249992370605
v,41.02385330200195, 23.707862854003906, 5.176280975341797
v,41.051753997802734, 23.721450805664062, 5.145071983337402
v,41.2337646484375, 23.292207717895508, 5.195556640625
v,41.053932189941406, 23.722511291503906, 5.191951274871826
v,41.02385330200195, 23.707862854003906, 5.176280975341797
v,41.22510528564453, 23.288516998291016, 5.1564249992370605
v,41.051753997802734, 23.721450805664062, 5.145071983337402
v,41.261226654052734, 23.305578231811523, 5.145453453063965
v,41.29462432861328, 23.258867263793945, 5.191472053527832
v,41.29643249511719, 23.17259407043457, 5.194543361663818
v,41.337890625, 23.155139923095703, 5.198241710662842
v,41.352210998535156, 23.127511978149414, 5.1859965324401855
v,41.29426193237305, 23.257802963256836, 5.150271415710449
v,41.337890625, 23.155139923095703, 5.198241710662842
v,41.299598693847656, 23.153100967407227, 5.157469749450684
v,41.29643249511719, 23.17259407043457, 5.194543361663818
v,41.25275421142578, 23.23798370361328, 5.190558910369873
v,41.25316619873047, 23.238462448120117, 5.147030830383301
v,41.29426193237305, 23.257802963256836, 5.150271415710449
v,41.352210998535156, 23.127511978149414, 5.1859965324401855
v,41.2337646484375, 23.292207717895508, 5.195556640625
v,41.25275421142578, 23.23798370361328, 5.190558910369873
v,41.29462432861328, 23.258867263793945, 5.191472053527832
v,41.25316619873047, 23.238462448120117, 5.147030830383301
v,41.2337646484375, 23.292207717895508, 5.195556640625
v,41.22510528564453, 23.288516998291016, 5.1564249992370605
v,41.261226654052734, 23.305578231811523, 5.145453453063965
v,41.29426193237305, 23.257802963256836, 5.150271415710449
v,41.25316619873047, 23.238462448120117, 5.147030830383301
v,41.29462432861328, 23.258867263793945, 5.191472053527832
v,41.261226654052734, 23.305578231811523, 5.145453453063965
v,41.269142150878906, 23.30965232849121, 5.187282562255859
v,41.09819793701172, 23.574182510375977, 5.129276275634766
v,41.126651763916016, 23.58058738708496, 5.134355545043945
v,41.13823699951172, 23.556795120239258, 5.112236499786377
v,41.204689025878906, 23.35552406311035, 5.132469654083252
v,41.22245407104492, 23.383872985839844, 5.104742527008057
v,41.190513610839844, 23.38463592529297, 5.110575199127197
v,41.1257209777832, 23.582490921020508, 4.987370014190674
v,41.121971130371094, 23.59019660949707, 4.997137069702148
v,41.153900146484375, 23.524639129638672, 5.124047756195068
v,41.190513610839844, 23.38463592529297, 5.110575199127197
v,41.200172424316406, 23.364797592163086, 5.101673126220703
v,41.204689025878906, 23.35552406311035, 5.132469654083252
v,41.15114974975586, 23.530284881591797, 5.063482284545898
v,41.1257209777832, 23.582490921020508, 4.987370014190674
v,41.153900146484375, 23.524639129638672, 5.124047756195068
v,41.03569412231445, 23.702516555786133, 4.927229881286621
v,41.07150650024414, 23.69381332397461, 4.916666507720947
v,41.05171585083008, 23.684297561645508, 4.920226097106934
v,41.121971130371094, 23.59019660949707, 4.997137069702148
v,41.1257209777832, 23.582490921020508, 4.987370014190674
v,41.07356643676758, 23.6895809173584, 4.994656085968018
v,41.190513610839844, 23.38463592529297, 5.110575199127197
v,41.21143341064453, 23.4064998626709, 5.132313251495361
v,41.200172424316406, 23.364797592163086, 5.101673126220703
v,41.053348541259766, 23.666271209716797, 4.985166072845459
v,41.08890914916992, 23.658079147338867, 4.950861930847168
v,41.058433532714844, 23.655834197998047, 4.889072895050049
v,41.163089752197266, 23.44094467163086, 5.15233039855957
v,41.18671798706055, 23.392427444458008, 5.1092424392700195
v,41.19819259643555, 23.402690887451172, 5.096343994140625
v,41.18671798706055, 23.392427444458008, 5.1092424392700195
v,41.172611236572266, 23.421390533447266, 5.109044551849365
v,41.19819259643555, 23.402690887451172, 5.096343994140625
v,41.058433532714844, 23.655834197998047, 4.889072895050049
v,41.06032180786133, 23.716773986816406, 4.8824615478515625
v,41.033966064453125, 23.706066131591797, 4.88783073425293
v,41.07316589355469, 23.690406799316406, 4.868597030639648
v,41.06032180786133, 23.716773986816406, 4.8824615478515625
v,41.08890914916992, 23.658079147338867, 4.950861930847168
v,41.03249740600586, 23.709081649780273, 5.045590877532959
v,41.06269073486328, 23.711915969848633, 5.122156143188477
v,41.05030822753906, 23.672513961791992, 5.142614841461182
v,41.21143341064453, 23.4064998626709, 5.132313251495361
v,41.190513610839844, 23.38463592529297, 5.110575199127197
v,41.19116973876953, 23.383283615112305, 5.148742198944092
v,41.12276077270508, 23.523746490478516, 5.045881748199463
v,41.153900146484375, 23.524639129638672, 5.124047756195068
v,41.121971130371094, 23.59019660949707, 4.997137069702148
v,41.06690216064453, 23.638444900512695, 4.982683181762695
v,41.1257209777832, 23.582490921020508, 4.987370014190674
v,41.12276077270508, 23.523746490478516, 5.045881748199463
v,41.1175537109375, 23.599266052246094, 5.087050437927246
v,41.06896209716797, 23.648303985595703, 5.093772888183594
v,41.090213775634766, 23.655399322509766, 5.09672737121582
v,41.12276077270508, 23.523746490478516, 5.045881748199463
v,41.15866470336914, 23.450027465820312, 5.137518405914307
v,41.163089752197266, 23.44094467163086, 5.15233039855957
v,41.18671798706055, 23.392427444458008, 5.1092424392700195
v,41.20232009887695, 23.425216674804688, 5.092164516448975
v,41.172611236572266, 23.421390533447266, 5.109044551849365
v,41.12276077270508, 23.523746490478516, 5.045881748199463
v,41.121971130371094, 23.59019660949707, 4.997137069702148
v,41.06690216064453, 23.638444900512695, 4.982683181762695
v,41.19306564331055, 23.432344436645508, 5.118533134460449
v,41.20232009887695, 23.425216674804688, 5.092164516448975
v,41.19819259643555, 23.402690887451172, 5.096343994140625
v,41.0676383972168, 23.636930465698242, 5.060782432556152
v,41.1175537109375, 23.599266052246094, 5.087050437927246
v,41.090213775634766, 23.655399322509766, 5.09672737121582
v,41.0676383972168, 23.636930465698242, 5.060782432556152
v,41.090213775634766, 23.655399322509766, 5.09672737121582
v,41.06896209716797, 23.648303985595703, 5.093772888183594
v,41.077117919921875, 23.64987564086914, 4.942455291748047
v,41.07356643676758, 23.6895809173584, 4.994656085968018
v,41.053348541259766, 23.666271209716797, 4.985166072845459
v,41.033966064453125, 23.706066131591797, 4.88783073425293
v,41.07316589355469, 23.690406799316406, 4.868597030639648
v,41.058433532714844, 23.655834197998047, 4.889072895050049
v,41.06690216064453, 23.638444900512695, 4.982683181762695
v,41.07356643676758, 23.6895809173584, 4.994656085968018
v,41.03249740600586, 23.709081649780273, 5.045590877532959
v,41.06690216064453, 23.638444900512695, 4.982683181762695
v,41.121971130371094, 23.59019660949707, 4.997137069702148
v,41.07356643676758, 23.6895809173584, 4.994656085968018
v,41.15866470336914, 23.450027465820312, 5.137518405914307
v,41.1965446472168, 23.437074661254883, 5.154412269592285
v,41.18671798706055, 23.392427444458008, 5.1092424392700195
v,41.03249740600586, 23.709081649780273, 5.045590877532959
v,41.05030822753906, 23.672513961791992, 5.142614841461182
v,41.029319763183594, 23.715612411499023, 5.0427632331848145
v,41.04899978637695, 23.675199508666992, 4.8595147132873535
v,41.06676483154297, 23.703548431396484, 4.831787586212158
v,41.03482437133789, 23.704309463500977, 4.837620258331299
v,41.03482437133789, 23.704309463500977, 4.837620258331299
v,41.04448318481445, 23.684473037719727, 4.8287177085876465
v,41.04899978637695, 23.675199508666992, 4.8595147132873535
v,41.03482437133789, 23.704309463500977, 4.837620258331299
v,41.05574417114258, 23.72617530822754, 4.859358310699463
v,41.04448318481445, 23.684473037719727, 4.8287177085876465
v,41.05574417114258, 23.72617530822754, 4.859358310699463
v,41.03482437133789, 23.704309463500977, 4.837620258331299
v,41.03548049926758, 23.702957153320312, 4.875787258148193
v,41.03970718383789, 23.71648597717285, 4.7384033203125
v,41.047603607177734, 23.721582412719727, 4.752561569213867
v,41.062217712402344, 23.693166732788086, 4.776209354400635
v,41.03970718383789, 23.71648597717285, 4.7384033203125
v,41.062217712402344, 23.693166732788086, 4.776209354400635
v,41.04352569580078, 23.719621658325195, 4.768638610839844
v,41.2716064453125, 23.26242446899414, 5.197342872619629
v,41.27577209472656, 23.28740882873535, 5.218940734863281
v,41.239418029785156, 23.270694732666016, 5.221344947814941
v,41.27577209472656, 23.28740882873535, 5.218940734863281
v,41.25627899169922, 23.283817291259766, 5.197877883911133
v,41.239418029785156, 23.270694732666016, 5.221344947814941
v,41.254920959472656, 23.263811111450195, 5.197485446929932
v,41.2716064453125, 23.26242446899414, 5.197342872619629
v,41.239418029785156, 23.270694732666016, 5.221344947814941
v,41.259578704833984, 23.255701065063477, 5.1160407066345215
v,41.24985122680664, 23.283065795898438, 5.142736434936523
v,41.273773193359375, 23.288530349731445, 5.121203422546387
v,41.059627532958984, 23.732805252075195, 4.729275703430176
v,41.0899772644043, 23.747407913208008, 5.16752815246582
v,41.01129150390625, 23.70892906188965, 5.129596710205078
v,41.057064056396484, 23.731504440307617, 5.253264427185059
v,41.024200439453125, 23.715621948242188, 5.257391452789307
v,41.00680923461914, 23.70648193359375, 5.195554733276367
v,41.01129150390625, 23.70892906188965, 5.129596710205078
v,41.03315353393555, 23.69969367980957, 5.164262771606445
v,41.00680923461914, 23.70648193359375, 5.195554733276367
v,41.03315353393555, 23.69969367980957, 5.164262771606445
v,41.040931701660156, 23.69692611694336, 5.183487415313721
v,41.00680923461914, 23.70648193359375, 5.195554733276367
v,41.00680923461914, 23.70648193359375, 5.195554733276367
v,41.06419372558594, 23.709810256958008, 5.182667255401611
v,41.074161529541016, 23.727306365966797, 5.176921844482422
v,41.0899772644043, 23.747407913208008, 5.16752815246582
v,41.074161529541016, 23.727306365966797, 5.176921844482422
v,41.055057525634766, 23.710458755493164, 5.152103900909424
v,41.00680923461914, 23.70648193359375, 5.195554733276367
v,41.074161529541016, 23.727306365966797, 5.176921844482422
v,41.057064056396484, 23.731504440307617, 5.253264427185059
v,41.055057525634766, 23.710458755493164, 5.152103900909424
v,41.074161529541016, 23.727306365966797, 5.176921844482422
v,41.06419372558594, 23.709810256958008, 5.182667255401611
v,41.22293472290039, 23.148494720458984, 5.781330108642578
v,41.39341354370117, 23.25916862487793, 5.779649257659912
v,41.189727783203125, 23.1599063873291, 5.7794623374938965
v,41.22293472290039, 23.148494720458984, 5.781330108642578
v,41.189727783203125, 23.1599063873291, 5.7794623374938965
v,41.30046463012695, 22.98943519592285, 5.781330108642578
v,41.381996154785156, 23.22587776184082, 5.777781963348389
v,41.189727783203125, 23.1599063873291, 5.7794623374938965
v,41.39341354370117, 23.25916862487793, 5.779649257659912
v,41.189727783203125, 23.1599063873291, 5.7794623374938965
v,41.22297286987305, 23.148387908935547, 5.777781963348389
v,41.300392150878906, 22.9895076751709, 5.777781963348389
v,41.39077377319336, 23.005855560302734, 5.776007652282715
v,41.360389709472656, 23.10881805419922, 5.776698112487793
v,41.32365798950195, 23.113059997558594, 5.776809215545654
v,41.360389709472656, 23.10881805419922, 5.776698112487793
v,41.32716751098633, 23.09248161315918, 5.775206565856934
v,41.34452819824219, 23.129322052001953, 5.774233818054199
v,41.32716751098633, 23.09248161315918, 5.775206565856934
v,41.39077377319336, 23.005855560302734, 5.776007652282715
v,41.32365798950195, 23.113059997558594, 5.776809215545654
v,41.3929557800293, 23.239540100097656, 5.781396389007568
v,41.43796920776367, 23.356712341308594, 6.196852207183838
v,41.42335510253906, 23.364622116088867, 6.196965217590332
v,41.085445404052734, 23.185022354125977, 6.196852207183838
v,41.205448150634766, 23.148218154907227, 5.781396389007568
v,41.088226318359375, 23.20140838623047, 6.196965217590332
v,41.29843521118164, 23.12580680847168, 6.3723931312561035
v,41.07190704345703, 23.200904846191406, 6.200675010681152
v,41.249717712402344, 22.839447021484375, 6.198393821716309
v,41.29843521118164, 23.12580680847168, 6.3723931312561035
v,41.249717712402344, 22.839447021484375, 6.198393821716309
v,41.32759475708008, 23.05823516845703, 6.375171661376953
v,41.356651306152344, 23.152921676635742, 6.375080585479736
v,41.4337272644043, 23.371532440185547, 6.197993278503418
v,41.29843521118164, 23.12580680847168, 6.3723931312561035
v,41.25658416748047, 22.861587524414062, 6.211604118347168
v,41.587127685546875, 23.023279190063477, 6.211675643920898
v,41.60795974731445, 23.015426635742188, 6.199857711791992
v,41.4337272644043, 23.371532440185547, 6.197993278503418
v,41.09510803222656, 23.192703247070312, 6.21185827255249
v,41.07190704345703, 23.200904846191406, 6.200675010681152
v,41.60795974731445, 23.015426635742188, 6.199857711791992
v,41.249717712402344, 22.839447021484375, 6.198393821716309
v,41.25658416748047, 22.861587524414062, 6.211604118347168
v,41.332176208496094, 23.142593383789062, 6.591451168060303
v,41.39008331298828, 23.097524642944336, 6.554775714874268
v,41.357765197753906, 23.14729118347168, 6.540828227996826
v,41.35219955444336, 23.09393882751465, 6.603605270385742
v,41.332176208496094, 23.142593383789062, 6.591451168060303
v,41.31779098510742, 23.06647491455078, 6.577786922454834
v,41.31779098510742, 23.06647491455078, 6.577786922454834
v,41.39008331298828, 23.097524642944336, 6.554775714874268
v,41.35219955444336, 23.09393882751465, 6.603605270385742
v,41.356658935546875, 23.169538497924805, 6.496649742126465
v,41.334083557128906, 23.119905471801758, 6.50963020324707
v,41.355865478515625, 23.103412628173828, 6.508357048034668
v,41.357765197753906, 23.14729118347168, 6.540828227996826
v,41.30079650878906, 23.126482009887695, 6.550569534301758
v,41.332176208496094, 23.142593383789062, 6.591451168060303
v,41.39008331298828, 23.097524642944336, 6.554775714874268
v,41.31779098510742, 23.06647491455078, 6.577786922454834
v,41.355865478515625, 23.103412628173828, 6.508357048034668
v,41.24598693847656, 23.119596481323242, 6.35097599029541
v,41.266700744628906, 23.040592193603516, 6.337717056274414
v,41.26555633544922, 23.043859481811523, 6.36032772064209
v,41.396827697753906, 23.18581199645996, 6.3569440841674805
v,41.29867935180664, 23.197647094726562, 6.360782623291016
v,41.31166458129883, 23.19134521484375, 6.411509990692139
v,41.39225387573242, 23.11564826965332, 6.440760612487793
v,41.3929328918457, 23.178712844848633, 6.444073677062988
v,41.42989730834961, 23.113933563232422, 6.444929122924805
v,41.36772918701172, 23.04452133178711, 6.497452735900879
v,41.355865478515625, 23.103412628173828, 6.508357048034668
v,41.329307556152344, 23.099592208862305, 6.509373188018799
v,41.30875778198242, 23.143089294433594, 6.438793659210205
v,41.26273727416992, 23.069110870361328, 6.442383289337158
v,41.25700378417969, 23.13966178894043, 6.4461588859558105
v,41.36772918701172, 23.04452133178711, 6.497452735900879
v,41.2752685546875, 23.075637817382812, 6.487874984741211
v,41.320308685302734, 23.01975440979004, 6.443150520324707
v,41.31166458129883, 23.19134521484375, 6.411509990692139
v,41.30875778198242, 23.143089294433594, 6.438793659210205
v,41.39225387573242, 23.11564826965332, 6.440760612487793
v,41.39954376220703, 23.040287017822266, 6.443088054656982
v,41.42989730834961, 23.113933563232422, 6.444929122924805
v,41.36772918701172, 23.04452133178711, 6.497452735900879
v,41.30875778198242, 23.143089294433594, 6.438793659210205
v,41.25700378417969, 23.13966178894043, 6.4461588859558105
v,41.32332229614258, 23.194841384887695, 6.442829132080078
v,41.24598693847656, 23.119596481323242, 6.35097599029541
v,41.26555633544922, 23.043859481811523, 6.36032772064209
v,41.25682067871094, 23.100366592407227, 6.409518241882324
v,41.25682067871094, 23.100366592407227, 6.409518241882324
v,41.29887390136719, 23.052427291870117, 6.432816505432129
v,41.30875778198242, 23.143089294433594, 6.438793659210205
v,41.411094665527344, 23.041767120361328, 6.3597731590271
v,41.42133712768555, 23.120695114135742, 6.420876979827881
v,41.358802795410156, 23.025131225585938, 6.408044815063477
v,41.44175338745117, 23.12777328491211, 6.338366508483887
v,41.375038146972656, 23.154441833496094, 6.33646297454834
v,41.36258316040039, 23.20736312866211, 6.339754104614258
v,41.271446228027344, 23.179122924804688, 6.338196277618408
v,41.284908294677734, 23.115379333496094, 6.336431980133057
v,41.266700744628906, 23.040592193603516, 6.337717056274414
v,41.29867935180664, 23.197647094726562, 6.360782623291016
v,41.271446228027344, 23.179122924804688, 6.338196277618408
v,41.24598693847656, 23.119596481323242, 6.35097599029541
v,41.26555633544922, 23.043859481811523, 6.36032772064209
v,41.34357452392578, 23.011232376098633, 6.349758625030518
v,41.358802795410156, 23.025131225585938, 6.408044815063477
v,41.396827697753906, 23.18581199645996, 6.3569440841674805
v,41.44175338745117, 23.12777328491211, 6.338366508483887
v,41.36258316040039, 23.20736312866211, 6.339754104614258
v,41.437374114990234, 23.112117767333984, 6.359164237976074
v,41.396827697753906, 23.18581199645996, 6.3569440841674805
v,41.42133712768555, 23.120695114135742, 6.420876979827881
v,41.3929328918457, 23.178712844848633, 6.444073677062988
v,41.32332229614258, 23.194841384887695, 6.442829132080078
v,41.356658935546875, 23.169538497924805, 6.496649742126465
v,41.2752685546875, 23.075637817382812, 6.487874984741211
v,41.36772918701172, 23.04452133178711, 6.497452735900879
v,41.29468536376953, 23.156475067138672, 6.494463920593262
v,41.29468536376953, 23.156475067138672, 6.494463920593262
v,41.334083557128906, 23.119905471801758, 6.50963020324707
v,41.356658935546875, 23.169538497924805, 6.496649742126465
v,41.32332229614258, 23.194841384887695, 6.442829132080078
v,41.25700378417969, 23.13966178894043, 6.4461588859558105
v,41.29468536376953, 23.156475067138672, 6.494463920593262
v,41.42133712768555, 23.120695114135742, 6.420876979827881
v,41.396827697753906, 23.18581199645996, 6.3569440841674805
v,41.31166458129883, 23.19134521484375, 6.411509990692139
v,41.39225387573242, 23.11564826965332, 6.440760612487793
v,41.32332229614258, 23.194841384887695, 6.442829132080078
v,41.3929328918457, 23.178712844848633, 6.444073677062988
v,41.25700378417969, 23.13966178894043, 6.4461588859558105
v,41.26273727416992, 23.069110870361328, 6.442383289337158
v,41.2752685546875, 23.075637817382812, 6.487874984741211
v,41.40708541870117, 23.031747817993164, 6.338128089904785
v,41.3974494934082, 23.099998474121094, 6.336431980133057
v,41.44175338745117, 23.12777328491211, 6.338366508483887
v,41.36258316040039, 23.20736312866211, 6.339754104614258
v,41.29867935180664, 23.197647094726562, 6.360782623291016
v,41.396827697753906, 23.18581199645996, 6.3569440841674805
v,41.34357452392578, 23.011232376098633, 6.349758625030518
v,41.40708541870117, 23.031747817993164, 6.338128089904785
v,41.411094665527344, 23.041767120361328, 6.3597731590271
v,41.334083557128906, 23.119905471801758, 6.50963020324707
v,41.29468536376953, 23.156475067138672, 6.494463920593262
v,41.329307556152344, 23.099592208862305, 6.509373188018799
v,41.34357452392578, 23.011232376098633, 6.349758625030518
v,41.36604690551758, 23.056629180908203, 6.336423873901367
v,41.40708541870117, 23.031747817993164, 6.338128089904785
v,41.44175338745117, 23.12777328491211, 6.338366508483887
v,41.396827697753906, 23.18581199645996, 6.3569440841674805
v,41.437374114990234, 23.112117767333984, 6.359164237976074
v,41.42989730834961, 23.113933563232422, 6.444929122924805
v,41.3929328918457, 23.178712844848633, 6.444073677062988
v,41.40617370605469, 23.12480354309082, 6.4950971603393555
v,41.29887390136719, 23.052427291870117, 6.432816505432129
v,41.320308685302734, 23.01975440979004, 6.443150520324707
v,41.26273727416992, 23.069110870361328, 6.442383289337158
v,41.271446228027344, 23.179122924804688, 6.338196277618408
v,41.266700744628906, 23.040592193603516, 6.337717056274414
v,41.24598693847656, 23.119596481323242, 6.35097599029541
v,41.334083557128906, 23.119905471801758, 6.50963020324707
v,41.30079650878906, 23.126482009887695, 6.550569534301758
v,41.357765197753906, 23.14729118347168, 6.540828227996826
v,41.334083557128906, 23.119905471801758, 6.50963020324707
v,41.329307556152344, 23.099592208862305, 6.509373188018799
v,41.30079650878906, 23.126482009887695, 6.550569534301758
v,41.47026824951172, 23.05775260925293, 5.7575883865356445
v,41.47346496582031, 23.062055587768555, 5.786440849304199
v,41.47514724731445, 23.06438636779785, 5.771226406097412
v,41.47514724731445, 23.06438636779785, 5.771226406097412
v,41.47346496582031, 23.062055587768555, 5.786440849304199
v,41.47026824951172, 23.05775260925293, 5.7575883865356445
v,41.39281463623047, 23.2435245513916, 5.7625932693481445
v,41.38681411743164, 23.23997688293457, 5.786440849304199
v,41.38014221191406, 23.235551834106445, 5.761077880859375
v,41.38014221191406, 23.235551834106445, 5.761077880859375
v,41.38681411743164, 23.23997688293457, 5.786440849304199
v,41.39281463623047, 23.2435245513916, 5.7625932693481445
v,41.20088195800781, 23.153099060058594, 5.7611165046691895
v,41.208892822265625, 23.153324127197266, 5.786440849304199
v,41.21684646606445, 23.153553009033203, 5.762625694274902
v,41.21684646606445, 23.153553009033203, 5.762625694274902
v,41.208892822265625, 23.153324127197266, 5.786440849304199
v,41.20088195800781, 23.153099060058594, 5.7611165046691895
v,41.29941177368164, 22.972610473632812, 5.757368564605713
v,41.2955436706543, 22.97540283203125, 5.786440849304199
v,41.29422378540039, 22.976375579833984, 5.771623611450195
v,41.29422378540039, 22.976375579833984, 5.771623611450195
v,41.2955436706543, 22.97540283203125, 5.786440849304199
v,41.29941177368164, 22.972610473632812, 5.757368564605713
v,41.27141189575195, 22.90545082092285, 6.020318508148193
v,41.26763153076172, 22.918472290039062, 6.005010604858398
v,41.27720260620117, 22.91097640991211, 6.003218650817871
v,41.535614013671875, 23.048988342285156, 6.00498104095459
v,41.543174743652344, 23.03748893737793, 6.020345211029053
v,41.53626251220703, 23.037466049194336, 6.003047943115234
v,41.41094207763672, 23.309926986694336, 6.020318508148193
v,41.41472625732422, 23.296905517578125, 6.005010604858398
v,41.405155181884766, 23.30440330505371, 6.003218650817871
v,41.13890838623047, 23.177589416503906, 6.020296096801758
v,41.15201950073242, 23.181119918823242, 6.005038738250732
v,41.144466400146484, 23.17166519165039, 6.003219127655029
v,41.378662109375, 23.094758987426758, 5.549042224884033
v,41.382240295410156, 23.082242965698242, 5.6298723220825195
v,41.386924743652344, 23.1031436920166, 5.632974624633789
v,41.45444869995117, 23.079816818237305, 5.741637229919434
v,41.44893264770508, 23.059154510498047, 5.774629592895508
v,41.44511413574219, 23.062841415405273, 5.738781452178955
v,41.44893264770508, 23.059154510498047, 5.774629592895508
v,41.456600189208984, 23.079133987426758, 5.776008605957031
v,41.44511413574219, 23.062841415405273, 5.738781452178955
v,41.4886474609375, 23.06806182861328, 5.7719268798828125
v,41.496429443359375, 23.04279899597168, 5.757590293884277
v,41.44893264770508, 23.059154510498047, 5.774629592895508
v,41.496429443359375, 23.04279899597168, 5.757590293884277
v,41.49813461303711, 23.064821243286133, 5.772294044494629
v,41.44893264770508, 23.059154510498047, 5.774629592895508
v,41.401119232177734, 23.098268508911133, 5.632699489593506
v,41.496429443359375, 23.04279899597168, 5.757590293884277
v,41.49567413330078, 23.059553146362305, 5.714625358581543
v,41.378662109375, 23.094758987426758, 5.549042224884033
v,41.401119232177734, 23.098268508911133, 5.632699489593506
v,41.382240295410156, 23.082242965698242, 5.6298723220825195
v,41.35623550415039, 23.14939308166504, 5.6310954093933105
v,41.35411071777344, 23.145174026489258, 5.549042224884033
v,41.36616516113281, 23.14742660522461, 5.624128341674805
v,41.36948776245117, 23.221973419189453, 5.7468695640563965
v,41.39546203613281, 23.23210906982422, 5.782389163970947
v,41.38606643676758, 23.211746215820312, 5.7387189865112305
v,41.39546203613281, 23.23210906982422, 5.782389163970947
v,41.369598388671875, 23.222721099853516, 5.775660991668701
v,41.38606643676758, 23.211746215820312, 5.7387189865112305
v,41.39546203613281, 23.23210906982422, 5.782389163970947
v,41.387813568115234, 23.275537490844727, 5.763087749481201
v,41.369598388671875, 23.222721099853516, 5.775660991668701
v,41.385467529296875, 23.26872444152832, 5.7532057762146
v,41.39546203613281, 23.23210906982422, 5.782389163970947
v,41.36948776245117, 23.221973419189453, 5.7468695640563965
v,41.387813568115234, 23.275537490844727, 5.763087749481201
v,41.385467529296875, 23.26872444152832, 5.7532057762146
v,41.36948776245117, 23.221973419189453, 5.7468695640563965
v,41.385467529296875, 23.26872444152832, 5.7532057762146
v,41.403907775878906, 23.25680923461914, 5.71684455871582
v,41.39546203613281, 23.23210906982422, 5.782389163970947
v,41.3742561340332, 23.23621940612793, 5.695314407348633
v,41.385467529296875, 23.26872444152832, 5.7532057762146
v,41.387813568115234, 23.275537490844727, 5.763087749481201
v,41.3742561340332, 23.23621940612793, 5.695314407348633
v,41.403907775878906, 23.25680923461914, 5.71684455871582
v,41.385467529296875, 23.26872444152832, 5.7532057762146
v,41.387813568115234, 23.275537490844727, 5.763087749481201
v,41.37540817260742, 23.23955726623535, 5.688910961151123
v,41.3742561340332, 23.23621940612793, 5.695314407348633
v,41.35411071777344, 23.145174026489258, 5.549042224884033
v,41.348228454589844, 23.160808563232422, 5.635076522827148
v,41.36616516113281, 23.14742660522461, 5.624128341674805
v,41.30369567871094, 23.120620727539062, 5.549042224884033
v,41.2990608215332, 23.121545791625977, 5.631096839904785
v,41.29460144042969, 23.112478256225586, 5.623992443084717
v,41.23147201538086, 23.13421058654785, 5.741235256195068
v,41.2119255065918, 23.163545608520508, 5.781445026397705
v,41.23650360107422, 23.155197143554688, 5.739425182342529
v,41.30369567871094, 23.120620727539062, 5.549042224884033
v,41.29460144042969, 23.112478256225586, 5.623992443084717
v,41.294254302978516, 23.135149002075195, 5.635795593261719
v,41.186256408691406, 23.162771224975586, 5.715031147003174
v,41.2119255065918, 23.163545608520508, 5.781445026397705
v,41.19698715209961, 23.168684005737305, 5.711647987365723
v,41.3282470703125, 23.07020378112793, 5.549042224884033
v,41.3272705078125, 23.065425872802734, 5.631739616394043
v,41.335357666015625, 23.05815887451172, 5.6260480880737305
v,41.29262924194336, 22.999603271484375, 5.775660991668701
v,41.30703353881836, 22.975772857666016, 5.78237247467041
v,41.312381744384766, 22.998140335083008, 5.738726615905762
v,41.30703353881836, 22.975772857666016, 5.78237247467041
v,41.281646728515625, 22.96772003173828, 5.772473335266113
v,41.293216705322266, 23.00111961364746, 5.741511821746826
v,41.27853012084961, 22.958763122558594, 5.773261547088623
v,41.30703353881836, 22.975772857666016, 5.78237247467041
v,41.29262924194336, 22.999603271484375, 5.775660991668701
v,41.30703353881836, 22.975772857666016, 5.78237247467041
v,41.29555130004883, 22.942779541015625, 5.737366676330566
v,41.29775619506836, 22.949180603027344, 5.739898204803467
v,41.335357666015625, 23.05815887451172, 5.6260480880737305
v,41.29775619506836, 22.949180603027344, 5.739898204803467
v,41.29555130004883, 22.942779541015625, 5.737366676330566
v,41.335357666015625, 23.05815887451172, 5.6260480880737305
v,41.2783317565918, 22.958229064941406, 5.717214584350586
v,41.29775619506836, 22.949180603027344, 5.739898204803467
v,41.29555130004883, 22.942779541015625, 5.737366676330566
v,41.306949615478516, 22.97582244873047, 5.688910961151123
v,41.335357666015625, 23.05815887451172, 5.6260480880737305
v,41.3282470703125, 23.07020378112793, 5.549042224884033
v,41.335357666015625, 23.05815887451172, 5.6260480880737305
v,41.31377029418945, 23.0609188079834, 5.635433673858643
v,41.4749755859375, 23.065711975097656, 5.781845569610596
v,41.598228454589844, 23.023841857910156, 6.196855545043945
v,41.5966682434082, 23.023082733154297, 6.197237491607666
v,41.21049499511719, 23.156030654907227, 5.782036781311035
v,41.087642669677734, 23.199058532714844, 6.197046279907227
v,41.20973587036133, 23.157588958740234, 5.7816548347473145
v,41.08576583862305, 23.192333221435547, 6.197237491607666
v,41.20745849609375, 23.14970588684082, 5.781845569610596
v,41.08420944213867, 23.191574096679688, 6.196855545043945
v,41.35624313354492, 23.098358154296875, 5.881394386291504
v,41.3491096496582, 23.103328704833984, 5.819806098937988
v,41.34803009033203, 23.124433517456055, 5.877964019775391
v,41.34803009033203, 23.124433517456055, 5.877964019775391
v,41.339012145996094, 23.11631202697754, 5.8202948570251465
v,41.32545471191406, 23.114681243896484, 5.879876613616943
v,41.334014892578125, 23.09138298034668, 5.87888240814209
v,41.3491096496582, 23.103328704833984, 5.819806098937988
v,41.35624313354492, 23.098358154296875, 5.881394386291504
v,41.32545471191406, 23.114681243896484, 5.879876613616943
v,41.33429718017578, 23.10280990600586, 5.820417881011963
v,41.334014892578125, 23.09138298034668, 5.87888240814209
v,41.053348541259766, 23.666271209716797, 4.985166072845459
v,41.03249740600586, 23.709081649780273, 5.045590877532959
v,41.029319763183594, 23.715612411499023, 5.0427632331848145
v,41.34178924560547, 23.116167068481445, 5.821005821228027
v,41.345184326171875, 23.114524841308594, 5.650373935699463
v,41.33246612548828, 23.106582641601562, 5.650373935699463
v,41.34674072265625, 23.10126495361328, 5.821005821228027
v,41.33246612548828, 23.106582641601562, 5.650373935699463
v,41.34718322753906, 23.102371215820312, 5.650373935699463
v,41.33375930786133, 23.105274200439453, 5.821005821228027
v,41.33246612548828, 23.106582641601562, 5.650373935699463
v,41.34674072265625, 23.10126495361328, 5.821005821228027
v,41.34178924560547, 23.116167068481445, 5.821005821228027
v,41.33246612548828, 23.106582641601562, 5.650373935699463
v,41.33375930786133, 23.105274200439453, 5.821005821228027
v,41.32862091064453, 23.076814651489258, 5.327240467071533
v,41.37004852294922, 23.116153717041016, 5.319814205169678
v,41.356624603271484, 23.02630043029785, 5.385676383972168
v,41.3100471496582, 23.136499404907227, 5.653848648071289
v,41.343109130859375, 23.150781631469727, 5.542309284210205
v,41.28834533691406, 23.085233688354492, 5.5327582359313965
v,41.37411117553711, 23.188276290893555, 5.390288352966309
v,41.31357192993164, 23.165874481201172, 5.4163007736206055
v,41.39115905761719, 23.14628791809082, 5.413571834564209
v,41.28834533691406, 23.085233688354492, 5.5327582359313965
v,41.33742141723633, 23.06151008605957, 5.5399580001831055
v,41.338138580322266, 23.06333351135254, 5.654348373413086
v,41.37840270996094, 23.12791633605957, 5.653743267059326
v,41.381996154785156, 23.102235794067383, 5.541086673736572
v,41.343109130859375, 23.150781631469727, 5.542309284210205
v,41.37004852294922, 23.116153717041016, 5.319814205169678
v,41.37411117553711, 23.188276290893555, 5.390288352966309
v,41.4187126159668, 23.083608627319336, 5.3921661376953125
v,41.38421630859375, 23.05936622619629, 5.415156364440918
v,41.309791564941406, 23.030914306640625, 5.458281993865967
v,41.28910446166992, 23.07654571533203, 5.416727542877197
v,41.28910446166992, 23.07654571533203, 5.416727542877197
v,41.309791564941406, 23.030914306640625, 5.458281993865967
v,41.260108947753906, 23.123870849609375, 5.448895454406738
v,41.28834533691406, 23.085233688354492, 5.5327582359313965
v,41.28495788574219, 23.157203674316406, 5.507640361785889
v,41.260108947753906, 23.123870849609375, 5.448895454406738
v,41.28834533691406, 23.085233688354492, 5.5327582359313965
v,41.343109130859375, 23.150781631469727, 5.542309284210205
v,41.28495788574219, 23.157203674316406, 5.507640361785889
v,41.37840270996094, 23.12791633605957, 5.653743267059326
v,41.338138580322266, 23.06333351135254, 5.654348373413086
v,41.381996154785156, 23.102235794067383, 5.541086673736572
v,41.338138580322266, 23.06333351135254, 5.654348373413086
v,41.37840270996094, 23.12791633605957, 5.653743267059326
v,41.3100471496582, 23.136499404907227, 5.653848648071289
v,41.40781784057617, 23.061908721923828, 5.50192928314209
v,41.381996154785156, 23.102235794067383, 5.541086673736572
v,41.33742141723633, 23.06151008605957, 5.5399580001831055
v,41.38174057006836, 23.03569221496582, 5.457685947418213
v,41.38421630859375, 23.05936622619629, 5.415156364440918
v,41.40781784057617, 23.061908721923828, 5.50192928314209
v,41.39115905761719, 23.14628791809082, 5.413571834564209
v,41.4126091003418, 23.138885498046875, 5.502734184265137
v,41.40781784057617, 23.061908721923828, 5.50192928314209
v,41.38421630859375, 23.05936622619629, 5.415156364440918
v,41.39115905761719, 23.14628791809082, 5.413571834564209
v,41.40781784057617, 23.061908721923828, 5.50192928314209
v,41.4126091003418, 23.138885498046875, 5.502734184265137
v,41.3582763671875, 23.184070587158203, 5.505391597747803
v,41.343109130859375, 23.150781631469727, 5.542309284210205
v,41.299598693847656, 23.153100967407227, 5.157469749450684
v,41.352210998535156, 23.127511978149414, 5.1859965324401855
v,41.32862091064453, 23.076814651489258, 5.327240467071533
v,41.4126091003418, 23.138885498046875, 5.502734184265137
v,41.343109130859375, 23.150781631469727, 5.542309284210205
v,41.381996154785156, 23.102235794067383, 5.541086673736572
v,41.29643249511719, 23.17259407043457, 5.194543361663818
v,41.32044982910156, 23.128520965576172, 5.247150421142578
v,41.337890625, 23.155139923095703, 5.198241710662842
v,41.26945877075195, 23.14356803894043, 5.38917875289917
v,41.37411117553711, 23.188276290893555, 5.390288352966309
v,41.32545852661133, 23.129756927490234, 5.319499969482422
v,41.272403717041016, 23.0678768157959, 5.391707897186279
v,41.26945877075195, 23.14356803894043, 5.38917875289917
v,41.32545852661133, 23.129756927490234, 5.319499969482422
v,41.356624603271484, 23.02630043029785, 5.385676383972168
v,41.272403717041016, 23.0678768157959, 5.391707897186279
v,41.32862091064453, 23.076814651489258, 5.327240467071533
v,41.337890625, 23.155139923095703, 5.198241710662842
v,41.32044982910156, 23.128520965576172, 5.247150421142578
v,41.32545852661133, 23.129756927490234, 5.319499969482422
v,41.352210998535156, 23.127511978149414, 5.1859965324401855
v,41.37004852294922, 23.116153717041016, 5.319814205169678
v,41.32862091064453, 23.076814651489258, 5.327240467071533
v,41.28910446166992, 23.07654571533203, 5.416727542877197
v,41.31357192993164, 23.165874481201172, 5.4163007736206055
v,41.26945877075195, 23.14356803894043, 5.38917875289917
v,41.356624603271484, 23.02630043029785, 5.385676383972168
v,41.38421630859375, 23.05936622619629, 5.415156364440918
v,41.28910446166992, 23.07654571533203, 5.416727542877197
v,41.39115905761719, 23.14628791809082, 5.413571834564209
v,41.31357192993164, 23.165874481201172, 5.4163007736206055
v,41.3582763671875, 23.184070587158203, 5.505391597747803
v,41.31357192993164, 23.165874481201172, 5.4163007736206055
v,41.28910446166992, 23.07654571533203, 5.416727542877197
v,41.260108947753906, 23.123870849609375, 5.448895454406738
v,41.38421630859375, 23.05936622619629, 5.415156364440918
v,41.38174057006836, 23.03569221496582, 5.457685947418213
v,41.309791564941406, 23.030914306640625, 5.458281993865967
v,41.37004852294922, 23.116153717041016, 5.319814205169678
v,41.4187126159668, 23.083608627319336, 5.3921661376953125
v,41.356624603271484, 23.02630043029785, 5.385676383972168
v,41.22510528564453, 23.288516998291016, 5.1564249992370605
v,41.2337646484375, 23.292207717895508, 5.195556640625
v,41.02385330200195, 23.707862854003906, 5.176280975341797
v,41.4187126159668, 23.083608627319336, 5.3921661376953125
v,41.39115905761719, 23.14628791809082, 5.413571834564209
v,41.38421630859375, 23.05936622619629, 5.415156364440918
v,41.299598693847656, 23.153100967407227, 5.157469749450684
v,41.25316619873047, 23.238462448120117, 5.147030830383301
v,41.352210998535156, 23.127511978149414, 5.1859965324401855
v,41.29643249511719, 23.17259407043457, 5.194543361663818
v,41.29462432861328, 23.258867263793945, 5.191472053527832
v,41.25275421142578, 23.23798370361328, 5.190558910369873
v,41.299598693847656, 23.153100967407227, 5.157469749450684
v,41.25275421142578, 23.23798370361328, 5.190558910369873
v,41.25316619873047, 23.238462448120117, 5.147030830383301
v,41.337890625, 23.155139923095703, 5.198241710662842
v,41.29426193237305, 23.257802963256836, 5.150271415710449
v,41.29462432861328, 23.258867263793945, 5.191472053527832
v,41.25275421142578, 23.23798370361328, 5.190558910369873
v,41.2337646484375, 23.292207717895508, 5.195556640625
v,41.25316619873047, 23.238462448120117, 5.147030830383301
v,41.25316619873047, 23.238462448120117, 5.147030830383301
v,41.22510528564453, 23.288516998291016, 5.1564249992370605
v,41.261226654052734, 23.305578231811523, 5.145453453063965
v,41.29426193237305, 23.257802963256836, 5.150271415710449
v,41.261226654052734, 23.305578231811523, 5.145453453063965
v,41.29462432861328, 23.258867263793945, 5.191472053527832
v,41.29462432861328, 23.258867263793945, 5.191472053527832
v,41.269142150878906, 23.30965232849121, 5.187282562255859
v,41.2337646484375, 23.292207717895508, 5.195556640625
v,41.32862091064453, 23.076814651489258, 5.327240467071533
v,41.32545852661133, 23.129756927490234, 5.319499969482422
v,41.32044982910156, 23.128520965576172, 5.247150421142578
v,41.12276077270508, 23.523746490478516, 5.045881748199463
v,41.12033462524414, 23.528732299804688, 5.137857913970947
v,41.153900146484375, 23.524639129638672, 5.124047756195068
v,41.200172424316406, 23.364797592163086, 5.101673126220703
v,41.21143341064453, 23.4064998626709, 5.132313251495361
v,41.22245407104492, 23.383872985839844, 5.104742527008057
v,41.126651763916016, 23.58058738708496, 5.134355545043945
v,41.12285232543945, 23.523557662963867, 5.143270969390869
v,41.153900146484375, 23.524639129638672, 5.124047756195068
v,41.0676383972168, 23.636930465698242, 5.060782432556152
v,41.080142974853516, 23.611255645751953, 5.057618618011475
v,41.09149932861328, 23.587932586669922, 5.117262840270996
v,41.22968673706055, 23.369022369384766, 5.1407294273376465
v,41.200172424316406, 23.364797592163086, 5.101673126220703
v,41.22245407104492, 23.383872985839844, 5.104742527008057
v,41.06269073486328, 23.711915969848633, 5.122156143188477
v,41.05030822753906, 23.672513961791992, 5.142614841461182
v,41.07489013671875, 23.686861038208008, 5.146324634552002
v,41.053348541259766, 23.666271209716797, 4.985166072845459
v,41.058433532714844, 23.655834197998047, 4.889072895050049
v,41.077117919921875, 23.64987564086914, 4.942455291748047
v,41.192535400390625, 23.38047981262207, 5.141810417175293
v,41.20633316040039, 23.35215187072754, 5.139833450317383
v,41.19116973876953, 23.383283615112305, 5.148742198944092
v,41.192535400390625, 23.38047981262207, 5.141810417175293
v,41.19116973876953, 23.383283615112305, 5.148742198944092
v,41.190513610839844, 23.38463592529297, 5.110575199127197
v,41.09149932861328, 23.587932586669922, 5.117262840270996
v,41.1175537109375, 23.599266052246094, 5.087050437927246
v,41.11897277832031, 23.59634780883789, 5.116995811462402
v,41.15114974975586, 23.530284881591797, 5.063482284545898
v,41.163089752197266, 23.44094467163086, 5.15233039855957
v,41.1965446472168, 23.437074661254883, 5.154412269592285
v,41.204689025878906, 23.35552406311035, 5.132469654083252
v,41.200172424316406, 23.364797592163086, 5.101673126220703
v,41.20633316040039, 23.35215187072754, 5.139833450317383
v,41.06896209716797, 23.648303985595703, 5.093772888183594
v,41.080142974853516, 23.611255645751953, 5.057618618011475
v,41.0676383972168, 23.636930465698242, 5.060782432556152
v,41.15114974975586, 23.530284881591797, 5.063482284545898
v,41.12285232543945, 23.523557662963867, 5.143270969390869
v,41.12276077270508, 23.523746490478516, 5.045881748199463
v,41.07150650024414, 23.69381332397461, 4.916666507720947
v,41.033966064453125, 23.706066131591797, 4.88783073425293
v,41.06032180786133, 23.716773986816406, 4.8824615478515625
v,41.12033462524414, 23.528732299804688, 5.137857913970947
v,41.09819793701172, 23.574182510375977, 5.129276275634766
v,41.110294342041016, 23.549346923828125, 5.118748664855957
v,41.1965446472168, 23.437074661254883, 5.154412269592285
v,41.1257209777832, 23.582490921020508, 4.987370014190674
v,41.15114974975586, 23.530284881591797, 5.063482284545898
v,41.07489013671875, 23.686861038208008, 5.146324634552002
v,41.09149932861328, 23.587932586669922, 5.117262840270996
v,41.11897277832031, 23.59634780883789, 5.116995811462402
v,41.12276077270508, 23.523746490478516, 5.045881748199463
v,41.12285232543945, 23.523557662963867, 5.143270969390869
v,41.12033462524414, 23.528732299804688, 5.137857913970947
v,41.19306564331055, 23.432344436645508, 5.118533134460449
v,41.19819259643555, 23.402690887451172, 5.096343994140625
v,41.172611236572266, 23.421390533447266, 5.109044551849365
v,41.07356643676758, 23.6895809173584, 4.994656085968018
v,41.053348541259766, 23.666271209716797, 4.985166072845459
v,41.029319763183594, 23.715612411499023, 5.0427632331848145
v,41.06032180786133, 23.716773986816406, 4.8824615478515625
v,41.05171585083008, 23.684297561645508, 4.920226097106934
v,41.07150650024414, 23.69381332397461, 4.916666507720947
v,41.22968673706055, 23.369022369384766, 5.1407294273376465
v,41.19116973876953, 23.383283615112305, 5.148742198944092
v,41.20633316040039, 23.35215187072754, 5.139833450317383
v,41.1175537109375, 23.599266052246094, 5.087050437927246
v,41.05030822753906, 23.672513961791992, 5.142614841461182
v,41.06269073486328, 23.711915969848633, 5.122156143188477
v,41.1175537109375, 23.599266052246094, 5.087050437927246
v,41.07489013671875, 23.686861038208008, 5.146324634552002
v,41.11897277832031, 23.59634780883789, 5.116995811462402
v,41.163089752197266, 23.44094467163086, 5.15233039855957
v,41.15866470336914, 23.450027465820312, 5.137518405914307
v,41.18671798706055, 23.392427444458008, 5.1092424392700195
v,41.13823699951172, 23.556795120239258, 5.112236499786377
v,41.110294342041016, 23.549346923828125, 5.118748664855957
v,41.09819793701172, 23.574182510375977, 5.129276275634766
v,41.058433532714844, 23.655834197998047, 4.889072895050049
v,41.08890914916992, 23.658079147338867, 4.950861930847168
v,41.06032180786133, 23.716773986816406, 4.8824615478515625
v,41.06690216064453, 23.638444900512695, 4.982683181762695
v,41.07356643676758, 23.6895809173584, 4.994656085968018
v,41.1257209777832, 23.582490921020508, 4.987370014190674
v,41.18671798706055, 23.392427444458008, 5.1092424392700195
v,41.1965446472168, 23.437074661254883, 5.154412269592285
v,41.20232009887695, 23.425216674804688, 5.092164516448975
v,41.077117919921875, 23.64987564086914, 4.942455291748047
v,41.07316589355469, 23.690406799316406, 4.868597030639648
v,41.08890914916992, 23.658079147338867, 4.950861930847168
v,41.172611236572266, 23.421390533447266, 5.109044551849365
v,41.20232009887695, 23.425216674804688, 5.092164516448975
v,41.19306564331055, 23.432344436645508, 5.118533134460449
v,41.07356643676758, 23.6895809173584, 4.994656085968018
v,41.077117919921875, 23.64987564086914, 4.942455291748047
v,41.08890914916992, 23.658079147338867, 4.950861930847168
v,41.21143341064453, 23.4064998626709, 5.132313251495361
v,41.190513610839844, 23.38463592529297, 5.110575199127197
v,41.22245407104492, 23.383872985839844, 5.104742527008057
v,41.1965446472168, 23.437074661254883, 5.154412269592285
v,41.12276077270508, 23.523746490478516, 5.045881748199463
v,41.1257209777832, 23.582490921020508, 4.987370014190674
v,41.21143341064453, 23.4064998626709, 5.132313251495361
v,41.22968673706055, 23.369022369384766, 5.1407294273376465
v,41.192535400390625, 23.38047981262207, 5.141810417175293
v,41.204689025878906, 23.35552406311035, 5.132469654083252
v,41.192535400390625, 23.38047981262207, 5.141810417175293
v,41.22968673706055, 23.369022369384766, 5.1407294273376465
v,41.204689025878906, 23.35552406311035, 5.132469654083252
v,41.22968673706055, 23.369022369384766, 5.1407294273376465
v,41.22245407104492, 23.383872985839844, 5.104742527008057
v,41.20232009887695, 23.425216674804688, 5.092164516448975
v,41.1965446472168, 23.437074661254883, 5.154412269592285
v,41.19819259643555, 23.402690887451172, 5.096343994140625
v,41.153900146484375, 23.524639129638672, 5.124047756195068
v,41.110294342041016, 23.549346923828125, 5.118748664855957
v,41.126651763916016, 23.58058738708496, 5.134355545043945
v,41.163089752197266, 23.44094467163086, 5.15233039855957
v,41.19819259643555, 23.402690887451172, 5.096343994140625
v,41.1965446472168, 23.437074661254883, 5.154412269592285
v,41.0676383972168, 23.636930465698242, 5.060782432556152
v,41.09149932861328, 23.587932586669922, 5.117262840270996
v,41.1175537109375, 23.599266052246094, 5.087050437927246
v,41.110294342041016, 23.549346923828125, 5.118748664855957
v,41.13823699951172, 23.556795120239258, 5.112236499786377
v,41.126651763916016, 23.58058738708496, 5.134355545043945
v,41.033966064453125, 23.706066131591797, 4.88783073425293
v,41.06032180786133, 23.716773986816406, 4.8824615478515625
v,41.07316589355469, 23.690406799316406, 4.868597030639648
v,41.058433532714844, 23.655834197998047, 4.889072895050049
v,41.07316589355469, 23.690406799316406, 4.868597030639648
v,41.077117919921875, 23.64987564086914, 4.942455291748047
v,41.073997497558594, 23.688695907592773, 4.867774486541748
v,41.04448318481445, 23.684473037719727, 4.8287177085876465
v,41.06676483154297, 23.703548431396484, 4.831787586212158
v,41.03569412231445, 23.702516555786133, 4.927229881286621
v,41.05171585083008, 23.684297561645508, 4.920226097106934
v,41.06032180786133, 23.716773986816406, 4.8824615478515625
v,41.03249740600586, 23.709081649780273, 5.045590877532959
v,41.07356643676758, 23.6895809173584, 4.994656085968018
v,41.06269073486328, 23.711915969848633, 5.122156143188477
v,41.029319763183594, 23.715612411499023, 5.0427632331848145
v,41.06269073486328, 23.711915969848633, 5.122156143188477
v,41.07356643676758, 23.6895809173584, 4.994656085968018
v,41.04448318481445, 23.684473037719727, 4.8287177085876465
v,41.05574417114258, 23.72617530822754, 4.859358310699463
v,41.06676483154297, 23.703548431396484, 4.831787586212158
v,41.03684616088867, 23.70015525817871, 4.8688554763793945
v,41.05064392089844, 23.671825408935547, 4.866878509521484
v,41.03548049926758, 23.702957153320312, 4.875787258148193
v,41.03684616088867, 23.70015525817871, 4.8688554763793945
v,41.03548049926758, 23.702957153320312, 4.875787258148193
v,41.03482437133789, 23.704309463500977, 4.837620258331299
v,41.073997497558594, 23.688695907592773, 4.867774486541748
v,41.03548049926758, 23.702957153320312, 4.875787258148193
v,41.05064392089844, 23.671825408935547, 4.866878509521484
v,41.04899978637695, 23.675199508666992, 4.8595147132873535
v,41.04448318481445, 23.684473037719727, 4.8287177085876465
v,41.05064392089844, 23.671825408935547, 4.866878509521484
v,41.05574417114258, 23.72617530822754, 4.859358310699463
v,41.03482437133789, 23.704309463500977, 4.837620258331299
v,41.06676483154297, 23.703548431396484, 4.831787586212158
v,41.06483840942383, 23.698179244995117, 5.221074104309082
v,41.04930877685547, 23.722429275512695, 5.24287748336792
v,41.052513122558594, 23.691431045532227, 5.257674694061279
v,41.05574417114258, 23.72617530822754, 4.859358310699463
v,41.073997497558594, 23.688695907592773, 4.867774486541748
v,41.03684616088867, 23.70015525817871, 4.8688554763793945
v,41.04899978637695, 23.675199508666992, 4.8595147132873535
v,41.03684616088867, 23.70015525817871, 4.8688554763793945
v,41.073997497558594, 23.688695907592773, 4.867774486541748
v,41.04899978637695, 23.675199508666992, 4.8595147132873535
v,41.073997497558594, 23.688695907592773, 4.867774486541748
v,41.06676483154297, 23.703548431396484, 4.831787586212158
v,41.38194274902344, 23.225963592529297, 5.781330108642578
v,41.49262237548828, 23.055490493774414, 5.779555797576904
v,41.39341354370117, 23.25916862487793, 5.779649257659912
v,41.06483840942383, 23.698179244995117, 5.221074104309082
v,41.052513122558594, 23.691431045532227, 5.257674694061279
v,41.03413772583008, 23.715011596679688, 5.24003791809082
v,41.03413772583008, 23.715011596679688, 5.24003791809082
v,41.04663848876953, 23.721139907836914, 5.231196403503418
v,41.06483840942383, 23.698179244995117, 5.221074104309082
v,41.04930877685547, 23.722429275512695, 5.24287748336792
v,41.03413772583008, 23.715011596679688, 5.24003791809082
v,41.052513122558594, 23.691431045532227, 5.257674694061279
v,41.062217712402344, 23.693166732788086, 4.776209354400635
v,41.047603607177734, 23.721582412719727, 4.752561569213867
v,41.04352569580078, 23.719621658325195, 4.768638610839844
v,41.27577209472656, 23.28740882873535, 5.218940734863281
v,41.2716064453125, 23.26242446899414, 5.197342872619629
v,41.25627899169922, 23.283817291259766, 5.197877883911133
v,41.25627899169922, 23.283817291259766, 5.197877883911133
v,41.254920959472656, 23.263811111450195, 5.197485446929932
v,41.239418029785156, 23.270694732666016, 5.221344947814941
v,41.259578704833984, 23.255701065063477, 5.1160407066345215
v,41.273773193359375, 23.288530349731445, 5.121203422546387
v,41.27133560180664, 23.26972007751465, 5.143091201782227
v,41.273773193359375, 23.288530349731445, 5.121203422546387
v,41.24985122680664, 23.283065795898438, 5.142736434936523
v,41.27133560180664, 23.26972007751465, 5.143091201782227
v,41.24985122680664, 23.283065795898438, 5.142736434936523
v,41.259578704833984, 23.255701065063477, 5.1160407066345215
v,41.25204849243164, 23.266998291015625, 5.142784595489502
v,41.259578704833984, 23.255701065063477, 5.1160407066345215
v,41.27133560180664, 23.26972007751465, 5.143091201782227
v,41.25204849243164, 23.266998291015625, 5.142784595489502
v,41.01129150390625, 23.70892906188965, 5.129596710205078
v,41.022865295410156, 23.71492576599121, 4.72877836227417
v,41.059627532958984, 23.732805252075195, 4.729275703430176
v,41.055057525634766, 23.710458755493164, 5.152103900909424
v,41.03315353393555, 23.69969367980957, 5.164262771606445
v,41.01129150390625, 23.70892906188965, 5.129596710205078
v,41.00680923461914, 23.70648193359375, 5.195554733276367
v,41.040931701660156, 23.69692611694336, 5.183487415313721
v,41.06419372558594, 23.709810256958008, 5.182667255401611
v,41.0899772644043, 23.747407913208008, 5.16752815246582
v,41.057064056396484, 23.731504440307617, 5.253264427185059
v,41.074161529541016, 23.727306365966797, 5.176921844482422
v,41.01129150390625, 23.70892906188965, 5.129596710205078
v,41.0899772644043, 23.747407913208008, 5.16752815246582
v,41.055057525634766, 23.710458755493164, 5.152103900909424
v,41.189727783203125, 23.1599063873291, 5.7794623374938965
v,41.2889518737793, 22.956201553344727, 5.779555797576904
v,41.30046463012695, 22.98943519592285, 5.781330108642578
v,41.2889518737793, 22.956201553344727, 5.779555797576904
v,41.45937728881836, 23.06685447692871, 5.781330108642578
v,41.30046463012695, 22.98943519592285, 5.781330108642578
v,41.381996154785156, 23.22587776184082, 5.777781963348389
v,41.49262237548828, 23.055490493774414, 5.779555797576904
v,41.4593620300293, 23.06696891784668, 5.777781963348389
v,41.39341354370117, 23.25916862487793, 5.779649257659912
v,41.22293472290039, 23.148494720458984, 5.781330108642578
v,41.38194274902344, 23.225963592529297, 5.781330108642578
v,41.4593620300293, 23.06696891784668, 5.777781963348389
v,41.2889518737793, 22.956201553344727, 5.779555797576904
v,41.300392150878906, 22.9895076751709, 5.777781963348389
v,41.300392150878906, 22.9895076751709, 5.777781963348389
v,41.45937728881836, 23.06685447692871, 5.781330108642578
v,41.4593620300293, 23.06696891784668, 5.777781963348389
v,41.300392150878906, 22.9895076751709, 5.777781963348389
v,41.2889518737793, 22.956201553344727, 5.779555797576904
v,41.189727783203125, 23.1599063873291, 5.7794623374938965
v,41.189727783203125, 23.1599063873291, 5.7794623374938965
v,41.381996154785156, 23.22587776184082, 5.777781963348389
v,41.22297286987305, 23.148387908935547, 5.777781963348389
v,41.381996154785156, 23.22587776184082, 5.777781963348389
v,41.22293472290039, 23.148494720458984, 5.781330108642578
v,41.22297286987305, 23.148387908935547, 5.777781963348389
v,41.30046463012695, 22.98943519592285, 5.781330108642578
v,41.22297286987305, 23.148387908935547, 5.777781963348389
v,41.22293472290039, 23.148494720458984, 5.781330108642578
v,41.4593620300293, 23.06696891784668, 5.777781963348389
v,41.38194274902344, 23.225963592529297, 5.781330108642578
v,41.381996154785156, 23.22587776184082, 5.777781963348389
v,41.42335510253906, 23.364622116088867, 6.196965217590332
v,41.391502380371094, 23.253568649291992, 5.7812581062316895
v,41.376625061035156, 23.24199676513672, 5.781325340270996
v,41.32365798950195, 23.113059997558594, 5.776809215545654
v,41.360389709472656, 23.10881805419922, 5.776698112487793
v,41.29158401489258, 23.209522247314453, 5.776007652282715
v,41.32365798950195, 23.113059997558594, 5.776809215545654
v,41.34452819824219, 23.129322052001953, 5.774233818054199
v,41.32716751098633, 23.09248161315918, 5.775206565856934
v,41.39077377319336, 23.005855560302734, 5.776007652282715
v,41.32716751098633, 23.09248161315918, 5.775206565856934
v,41.360389709472656, 23.10881805419922, 5.776698112487793
v,41.29158401489258, 23.209522247314453, 5.776007652282715
v,41.34452819824219, 23.129322052001953, 5.774233818054199
v,41.32365798950195, 23.113059997558594, 5.776809215545654
v,41.360389709472656, 23.10881805419922, 5.776698112487793
v,41.34452819824219, 23.129322052001953, 5.774233818054199
v,41.29158401489258, 23.209522247314453, 5.776007652282715
v,41.391502380371094, 23.253568649291992, 5.7812581062316895
v,41.43796920776367, 23.356712341308594, 6.196852207183838
v,41.3929557800293, 23.239540100097656, 5.781396389007568
v,41.085445404052734, 23.185022354125977, 6.196852207183838
v,41.19529724121094, 23.15801239013672, 5.7812581062316895
v,41.205448150634766, 23.148218154907227, 5.781396389007568
v,41.42335510253906, 23.364622116088867, 6.196965217590332
v,41.376625061035156, 23.24199676513672, 5.781325340270996
v,41.3929557800293, 23.239540100097656, 5.781396389007568
v,41.19529724121094, 23.15801239013672, 5.7812581062316895
v,41.088226318359375, 23.20140838623047, 6.196965217590332
v,41.213584899902344, 23.1625919342041, 5.781325340270996
v,41.205448150634766, 23.148218154907227, 5.781396389007568
v,41.213584899902344, 23.1625919342041, 5.781325340270996
v,41.088226318359375, 23.20140838623047, 6.196965217590332
v,41.259002685546875, 22.85075569152832, 6.196965217590332
v,41.290855407714844, 22.961809158325195, 5.7812581062316895
v,41.30065155029297, 22.97195816040039, 5.781396389007568
v,41.244388580322266, 22.858667373657227, 6.19685173034668
v,41.30065155029297, 22.97195816040039, 5.781396389007568
v,41.286277770996094, 22.980093002319336, 5.781325340270996
v,41.290855407714844, 22.961809158325195, 5.7812581062316895
v,41.244388580322266, 22.858667373657227, 6.19685173034668
v,41.286277770996094, 22.980093002319336, 5.781325340270996
v,41.5969123840332, 23.03035545349121, 6.19685173034668
v,41.487056732177734, 23.05736541748047, 5.7812581062316895
v,41.475486755371094, 23.07224464416504, 5.781325340270996
v,41.487056732177734, 23.05736541748047, 5.7812581062316895
v,41.59413146972656, 23.01397132873535, 6.196965217590332
v,41.47303009033203, 23.055912017822266, 5.781396389007568
v,41.47303009033203, 23.055912017822266, 5.781396389007568
v,41.5969123840332, 23.03035545349121, 6.19685173034668
v,41.475486755371094, 23.07224464416504, 5.781325340270996
v,41.4337272644043, 23.371532440185547, 6.197993278503418
v,41.386512756347656, 23.09183692932129, 6.3753437995910645
v,41.60795974731445, 23.015426635742188, 6.199857711791992
v,41.29843521118164, 23.12580680847168, 6.3723931312561035
v,41.4337272644043, 23.371532440185547, 6.197993278503418
v,41.07190704345703, 23.200904846191406, 6.200675010681152
v,41.60795974731445, 23.015426635742188, 6.199857711791992
v,41.32759475708008, 23.05823516845703, 6.375171661376953
v,41.249717712402344, 22.839447021484375, 6.198393821716309
v,41.39954376220703, 23.040287017822266, 6.443088054656982
v,41.29887390136719, 23.052427291870117, 6.432816505432129
v,41.39225387573242, 23.11564826965332, 6.440760612487793
v,41.4337272644043, 23.371532440185547, 6.197993278503418
v,41.42667770385742, 23.35311508178711, 6.212625026702881
v,41.09510803222656, 23.192703247070312, 6.21185827255249
v,41.4337272644043, 23.371532440185547, 6.197993278503418
v,41.587127685546875, 23.023279190063477, 6.211675643920898
v,41.42667770385742, 23.35311508178711, 6.212625026702881
v,41.07190704345703, 23.200904846191406, 6.200675010681152
v,41.25658416748047, 22.861587524414062, 6.211604118347168
v,41.249717712402344, 22.839447021484375, 6.198393821716309
v,41.4337272644043, 23.371532440185547, 6.197993278503418
v,41.60795974731445, 23.015426635742188, 6.199857711791992
v,41.587127685546875, 23.023279190063477, 6.211675643920898
v,41.25658416748047, 22.861587524414062, 6.211604118347168
v,41.07190704345703, 23.200904846191406, 6.200675010681152
v,41.09510803222656, 23.192703247070312, 6.21185827255249
v,41.625205993652344, 23.00969886779785, 6.249834060668945
v,41.570526123046875, 22.995893478393555, 6.197166919708252
v,41.60718536376953, 23.015926361083984, 6.197605133056641
v,41.60718536376953, 23.015926361083984, 6.197605133056641
v,41.586212158203125, 23.056467056274414, 6.197356224060059
v,41.625205993652344, 23.00969886779785, 6.249834060668945
v,41.570526123046875, 22.995893478393555, 6.197166919708252
v,41.625205993652344, 23.00969886779785, 6.249834060668945
v,41.586212158203125, 23.056467056274414, 6.197356224060059
v,41.439170837402344, 23.39171600341797, 6.249834060668945
v,41.45297622680664, 23.337038040161133, 6.197166919708252
v,41.43294143676758, 23.373695373535156, 6.197605133056641
v,41.43294143676758, 23.373695373535156, 6.197605133056641
v,41.392398834228516, 23.352720260620117, 6.197356224060059
v,41.439170837402344, 23.39171600341797, 6.249834060668945
v,41.45297622680664, 23.337038040161133, 6.197166919708252
v,41.439170837402344, 23.39171600341797, 6.249834060668945
v,41.392398834228516, 23.352720260620117, 6.197356224060059
v,41.057151794433594, 23.205678939819336, 6.249834060668945
v,41.11183166503906, 23.219486236572266, 6.197166919708252
v,41.075172424316406, 23.199453353881836, 6.197605133056641
v,41.075172424316406, 23.199453353881836, 6.197605133056641
v,41.09614562988281, 23.158910751342773, 6.197356224060059
v,41.057151794433594, 23.205678939819336, 6.249834060668945
v,41.11183166503906, 23.219486236572266, 6.197166919708252
v,41.057151794433594, 23.205678939819336, 6.249834060668945
v,41.09614562988281, 23.158910751342773, 6.197356224060059
v,41.243186950683594, 22.82366180419922, 6.249834060668945
v,41.2293815612793, 22.878339767456055, 6.197166919708252
v,41.24941635131836, 22.84168243408203, 6.197605133056641
v,41.24941635131836, 22.84168243408203, 6.197605133056641
v,41.289955139160156, 22.86265754699707, 6.197356224060059
v,41.243186950683594, 22.82366180419922, 6.249834060668945
v,41.2293815612793, 22.878339767456055, 6.197166919708252
v,41.243186950683594, 22.82366180419922, 6.249834060668945
v,41.289955139160156, 22.86265754699707, 6.197356224060059
v,41.332176208496094, 23.142593383789062, 6.591451168060303
v,41.35219955444336, 23.09393882751465, 6.603605270385742
v,41.39008331298828, 23.097524642944336, 6.554775714874268
v,41.329307556152344, 23.099592208862305, 6.509373188018799
v,41.31779098510742, 23.06647491455078, 6.577786922454834
v,41.30079650878906, 23.126482009887695, 6.550569534301758
v,41.355865478515625, 23.103412628173828, 6.508357048034668
v,41.334083557128906, 23.119905471801758, 6.50963020324707
v,41.357765197753906, 23.14729118347168, 6.540828227996826
v,41.30079650878906, 23.126482009887695, 6.550569534301758
v,41.31779098510742, 23.06647491455078, 6.577786922454834
v,41.332176208496094, 23.142593383789062, 6.591451168060303
v,41.31779098510742, 23.06647491455078, 6.577786922454834
v,41.329307556152344, 23.099592208862305, 6.509373188018799
v,41.355865478515625, 23.103412628173828, 6.508357048034668
v,41.357765197753906, 23.14729118347168, 6.540828227996826
v,41.39008331298828, 23.097524642944336, 6.554775714874268
v,41.355865478515625, 23.103412628173828, 6.508357048034668
v,41.31631088256836, 23.158748626708984, 6.336423873901367
v,41.284908294677734, 23.115379333496094, 6.336431980133057
v,41.271446228027344, 23.179122924804688, 6.338196277618408
v,41.31166458129883, 23.19134521484375, 6.411509990692139
v,41.25682067871094, 23.100366592407227, 6.409518241882324
v,41.30875778198242, 23.143089294433594, 6.438793659210205
v,41.320308685302734, 23.01975440979004, 6.443150520324707
v,41.2752685546875, 23.075637817382812, 6.487874984741211
v,41.26273727416992, 23.069110870361328, 6.442383289337158
v,41.36772918701172, 23.04452133178711, 6.497452735900879
v,41.40617370605469, 23.12480354309082, 6.4950971603393555
v,41.355865478515625, 23.103412628173828, 6.508357048034668
v,41.39954376220703, 23.040287017822266, 6.443088054656982
v,41.36772918701172, 23.04452133178711, 6.497452735900879
v,41.320308685302734, 23.01975440979004, 6.443150520324707
v,41.36772918701172, 23.04452133178711, 6.497452735900879
v,41.42989730834961, 23.113933563232422, 6.444929122924805
v,41.40617370605469, 23.12480354309082, 6.4950971603393555
v,41.42133712768555, 23.120695114135742, 6.420876979827881
v,41.31166458129883, 23.19134521484375, 6.411509990692139
v,41.39225387573242, 23.11564826965332, 6.440760612487793
v,41.26273727416992, 23.069110870361328, 6.442383289337158
v,41.30875778198242, 23.143089294433594, 6.438793659210205
v,41.29887390136719, 23.052427291870117, 6.432816505432129
v,41.26555633544922, 23.043859481811523, 6.36032772064209
v,41.266700744628906, 23.040592193603516, 6.337717056274414
v,41.34357452392578, 23.011232376098633, 6.349758625030518
v,41.411094665527344, 23.041767120361328, 6.3597731590271
v,41.437374114990234, 23.112117767333984, 6.359164237976074
v,41.42133712768555, 23.120695114135742, 6.420876979827881
v,41.36258316040039, 23.20736312866211, 6.339754104614258
v,41.375038146972656, 23.154441833496094, 6.33646297454834
v,41.31631088256836, 23.158748626708984, 6.336423873901367
v,41.271446228027344, 23.179122924804688, 6.338196277618408
v,41.36258316040039, 23.20736312866211, 6.339754104614258
v,41.31631088256836, 23.158748626708984, 6.336423873901367
v,41.39225387573242, 23.11564826965332, 6.440760612487793
v,41.29887390136719, 23.052427291870117, 6.432816505432129
v,41.358802795410156, 23.025131225585938, 6.408044815063477
v,41.34357452392578, 23.011232376098633, 6.349758625030518
v,41.30731964111328, 23.060935974121094, 6.33646297454834
v,41.36604690551758, 23.056629180908203, 6.336423873901367
v,41.24598693847656, 23.119596481323242, 6.35097599029541
v,41.31166458129883, 23.19134521484375, 6.411509990692139
v,41.29867935180664, 23.197647094726562, 6.360782623291016
v,41.31166458129883, 23.19134521484375, 6.411509990692139
v,41.24598693847656, 23.119596481323242, 6.35097599029541
v,41.25682067871094, 23.100366592407227, 6.409518241882324
v,41.266700744628906, 23.040592193603516, 6.337717056274414
v,41.284908294677734, 23.115379333496094, 6.336431980133057
v,41.30731964111328, 23.060935974121094, 6.33646297454834
v,41.39225387573242, 23.11564826965332, 6.440760612487793
v,41.42989730834961, 23.113933563232422, 6.444929122924805
v,41.39954376220703, 23.040287017822266, 6.443088054656982
v,41.29468536376953, 23.156475067138672, 6.494463920593262
v,41.36772918701172, 23.04452133178711, 6.497452735900879
v,41.329307556152344, 23.099592208862305, 6.509373188018799
v,41.40617370605469, 23.12480354309082, 6.4950971603393555
v,41.3929328918457, 23.178712844848633, 6.444073677062988
v,41.356658935546875, 23.169538497924805, 6.496649742126465
v,41.40708541870117, 23.031747817993164, 6.338128089904785
v,41.44175338745117, 23.12777328491211, 6.338366508483887
v,41.437374114990234, 23.112117767333984, 6.359164237976074
v,41.496429443359375, 23.04279899597168, 5.757590293884277
v,41.49567413330078, 23.059553146362305, 5.714625358581543
v,41.49813461303711, 23.064821243286133, 5.772294044494629
v,41.355865478515625, 23.103412628173828, 6.508357048034668
v,41.40617370605469, 23.12480354309082, 6.4950971603393555
v,41.356658935546875, 23.169538497924805, 6.496649742126465
v,41.32332229614258, 23.194841384887695, 6.442829132080078
v,41.39225387573242, 23.11564826965332, 6.440760612487793
v,41.30875778198242, 23.143089294433594, 6.438793659210205
v,41.36604690551758, 23.056629180908203, 6.336423873901367
v,41.3974494934082, 23.099998474121094, 6.336431980133057
v,41.40708541870117, 23.031747817993164, 6.338128089904785
v,41.44175338745117, 23.12777328491211, 6.338366508483887
v,41.3974494934082, 23.099998474121094, 6.336431980133057
v,41.375038146972656, 23.154441833496094, 6.33646297454834
v,41.36258316040039, 23.20736312866211, 6.339754104614258
v,41.271446228027344, 23.179122924804688, 6.338196277618408
v,41.29867935180664, 23.197647094726562, 6.360782623291016
v,41.356658935546875, 23.169538497924805, 6.496649742126465
v,41.32332229614258, 23.194841384887695, 6.442829132080078
v,41.29468536376953, 23.156475067138672, 6.494463920593262
v,41.40708541870117, 23.031747817993164, 6.338128089904785
v,41.437374114990234, 23.112117767333984, 6.359164237976074
v,41.411094665527344, 23.041767120361328, 6.3597731590271
v,41.25682067871094, 23.100366592407227, 6.409518241882324
v,41.26555633544922, 23.043859481811523, 6.36032772064209
v,41.29887390136719, 23.052427291870117, 6.432816505432129
v,41.29468536376953, 23.156475067138672, 6.494463920593262
v,41.25700378417969, 23.13966178894043, 6.4461588859558105
v,41.2752685546875, 23.075637817382812, 6.487874984741211
v,41.358802795410156, 23.025131225585938, 6.408044815063477
v,41.34357452392578, 23.011232376098633, 6.349758625030518
v,41.411094665527344, 23.041767120361328, 6.3597731590271
v,41.29887390136719, 23.052427291870117, 6.432816505432129
v,41.26555633544922, 23.043859481811523, 6.36032772064209
v,41.358802795410156, 23.025131225585938, 6.408044815063477
v,41.358802795410156, 23.025131225585938, 6.408044815063477
v,41.42133712768555, 23.120695114135742, 6.420876979827881
v,41.39225387573242, 23.11564826965332, 6.440760612487793
v,41.27141189575195, 22.90545082092285, 6.020318508148193
v,41.27720260620117, 22.91097640991211, 6.003218650817871
v,41.26763153076172, 22.918472290039062, 6.005010604858398
v,41.535614013671875, 23.048988342285156, 6.00498104095459
v,41.53626251220703, 23.037466049194336, 6.003047943115234
v,41.543174743652344, 23.03748893737793, 6.020345211029053
v,41.41094207763672, 23.309926986694336, 6.020318508148193
v,41.405155181884766, 23.30440330505371, 6.003218650817871
v,41.41472625732422, 23.296905517578125, 6.005010604858398
v,41.13890838623047, 23.177589416503906, 6.020296096801758
v,41.144466400146484, 23.17166519165039, 6.003219127655029
v,41.15201950073242, 23.181119918823242, 6.005038738250732
v,41.45444869995117, 23.079816818237305, 5.741637229919434
v,41.44511413574219, 23.062841415405273, 5.738781452178955
v,41.456600189208984, 23.079133987426758, 5.776008605957031
v,41.4886474609375, 23.06806182861328, 5.7719268798828125
v,41.45444869995117, 23.079816818237305, 5.741637229919434
v,41.456600189208984, 23.079133987426758, 5.776008605957031
v,41.45444869995117, 23.079816818237305, 5.741637229919434
v,41.4886474609375, 23.06806182861328, 5.7719268798828125
v,41.44893264770508, 23.059154510498047, 5.774629592895508
v,41.456600189208984, 23.079133987426758, 5.776008605957031
v,41.49813461303711, 23.064821243286133, 5.772294044494629
v,41.4886474609375, 23.06806182861328, 5.7719268798828125
v,41.44893264770508, 23.059154510498047, 5.774629592895508
v,41.49813461303711, 23.064821243286133, 5.772294044494629
v,41.456600189208984, 23.079133987426758, 5.776008605957031
v,41.4886474609375, 23.06806182861328, 5.7719268798828125
v,41.49567413330078, 23.059553146362305, 5.714625358581543
v,41.496429443359375, 23.04279899597168, 5.757590293884277
v,41.4886474609375, 23.06806182861328, 5.7719268798828125
v,41.49813461303711, 23.064821243286133, 5.772294044494629
v,41.49567413330078, 23.059553146362305, 5.714625358581543
v,41.401119232177734, 23.098268508911133, 5.632699489593506
v,41.382240295410156, 23.082242965698242, 5.6298723220825195
v,41.49501419067383, 23.043346405029297, 5.724165439605713
v,41.401119232177734, 23.098268508911133, 5.632699489593506
v,41.49501419067383, 23.043346405029297, 5.724165439605713
v,41.496429443359375, 23.04279899597168, 5.757590293884277
v,41.3742561340332, 23.23621940612793, 5.695314407348633
v,41.35623550415039, 23.14939308166504, 5.6310954093933105
v,41.403907775878906, 23.25680923461914, 5.71684455871582
v,41.49567413330078, 23.059553146362305, 5.714625358581543
v,41.382240295410156, 23.082242965698242, 5.6298723220825195
v,41.401119232177734, 23.098268508911133, 5.632699489593506
v,41.378662109375, 23.094758987426758, 5.549042224884033
v,41.386924743652344, 23.1031436920166, 5.632974624633789
v,41.401119232177734, 23.098268508911133, 5.632699489593506
v,41.382240295410156, 23.082242965698242, 5.6298723220825195
v,41.49567413330078, 23.059553146362305, 5.714625358581543
v,41.49501419067383, 23.043346405029297, 5.724165439605713
v,41.36948776245117, 23.221973419189453, 5.7468695640563965
v,41.38606643676758, 23.211746215820312, 5.7387189865112305
v,41.369598388671875, 23.222721099853516, 5.775660991668701
v,41.369598388671875, 23.222721099853516, 5.775660991668701
v,41.387813568115234, 23.275537490844727, 5.763087749481201
v,41.36948776245117, 23.221973419189453, 5.7468695640563965
v,41.39546203613281, 23.23210906982422, 5.782389163970947
v,41.403907775878906, 23.25680923461914, 5.71684455871582
v,41.387813568115234, 23.275537490844727, 5.763087749481201
v,41.403907775878906, 23.25680923461914, 5.71684455871582
v,41.37540817260742, 23.23955726623535, 5.688910961151123
v,41.387813568115234, 23.275537490844727, 5.763087749481201
v,41.37540817260742, 23.23955726623535, 5.688910961151123
v,41.36616516113281, 23.14742660522461, 5.624128341674805
v,41.348228454589844, 23.160808563232422, 5.635076522827148
v,41.3742561340332, 23.23621940612793, 5.695314407348633
v,41.37540817260742, 23.23955726623535, 5.688910961151123
v,41.348228454589844, 23.160808563232422, 5.635076522827148
v,41.22575759887695, 23.13624382019043, 5.776008605957031
v,41.23650360107422, 23.155197143554688, 5.739425182342529
v,41.2119255065918, 23.163545608520508, 5.781445026397705
v,41.35411071777344, 23.145174026489258, 5.549042224884033
v,41.35623550415039, 23.14939308166504, 5.6310954093933105
v,41.348228454589844, 23.160808563232422, 5.635076522827148
v,41.403907775878906, 23.25680923461914, 5.71684455871582
v,41.35623550415039, 23.14939308166504, 5.6310954093933105
v,41.36616516113281, 23.14742660522461, 5.624128341674805
v,41.19698715209961, 23.168684005737305, 5.711647987365723
v,41.19371032714844, 23.147315979003906, 5.7719268798828125
v,41.18290710449219, 23.150999069213867, 5.723903656005859
v,41.19371032714844, 23.147315979003906, 5.7719268798828125
v,41.23147201538086, 23.13421058654785, 5.741235256195068
v,41.22575759887695, 23.13624382019043, 5.776008605957031
v,41.23147201538086, 23.13421058654785, 5.741235256195068
v,41.19371032714844, 23.147315979003906, 5.7719268798828125
v,41.2119255065918, 23.163545608520508, 5.781445026397705
v,41.22575759887695, 23.13624382019043, 5.776008605957031
v,41.18486785888672, 23.15032386779785, 5.772637367248535
v,41.19371032714844, 23.147315979003906, 5.7719268798828125
v,41.2119255065918, 23.163545608520508, 5.781445026397705
v,41.18486785888672, 23.15032386779785, 5.772637367248535
v,41.22575759887695, 23.13624382019043, 5.776008605957031
v,41.18290710449219, 23.150999069213867, 5.723903656005859
v,41.2119255065918, 23.163545608520508, 5.781445026397705
v,41.186256408691406, 23.162771224975586, 5.715031147003174
v,41.19371032714844, 23.147315979003906, 5.7719268798828125
v,41.18486785888672, 23.15032386779785, 5.772637367248535
v,41.18290710449219, 23.150999069213867, 5.723903656005859
v,41.294254302978516, 23.135149002075195, 5.635795593261719
v,41.18290710449219, 23.150999069213867, 5.723903656005859
v,41.2990608215332, 23.121545791625977, 5.631096839904785
v,41.29460144042969, 23.112478256225586, 5.623992443084717
v,41.2990608215332, 23.121545791625977, 5.631096839904785
v,41.18290710449219, 23.150999069213867, 5.723903656005859
v,41.29460144042969, 23.112478256225586, 5.623992443084717
v,41.19698715209961, 23.168684005737305, 5.711647987365723
v,41.294254302978516, 23.135149002075195, 5.635795593261719
v,41.18290710449219, 23.150999069213867, 5.723903656005859
v,41.186256408691406, 23.162771224975586, 5.715031147003174
v,41.29460144042969, 23.112478256225586, 5.623992443084717
v,41.281646728515625, 22.96772003173828, 5.772473335266113
v,41.29775619506836, 22.949180603027344, 5.739898204803467
v,41.2783317565918, 22.958229064941406, 5.717214584350586
v,41.294254302978516, 23.135149002075195, 5.635795593261719
v,41.2990608215332, 23.121545791625977, 5.631096839904785
v,41.30369567871094, 23.120620727539062, 5.549042224884033
v,41.312381744384766, 22.998140335083008, 5.738726615905762
v,41.30703353881836, 22.975772857666016, 5.78237247467041
v,41.293216705322266, 23.00111961364746, 5.741511821746826
v,41.27853012084961, 22.958763122558594, 5.773261547088623
v,41.29555130004883, 22.942779541015625, 5.737366676330566
v,41.30703353881836, 22.975772857666016, 5.78237247467041
v,41.335357666015625, 23.05815887451172, 5.6260480880737305
v,41.31377029418945, 23.0609188079834, 5.635433673858643
v,41.2783317565918, 22.958229064941406, 5.717214584350586
v,41.2783317565918, 22.958229064941406, 5.717214584350586
v,41.306949615478516, 22.97582244873047, 5.688910961151123
v,41.29555130004883, 22.942779541015625, 5.737366676330566
v,41.306949615478516, 22.97582244873047, 5.688910961151123
v,41.31377029418945, 23.0609188079834, 5.635433673858643
v,41.335357666015625, 23.05815887451172, 5.6260480880737305
v,41.5907096862793, 23.0216121673584, 6.2005205154418945
v,41.09165573120117, 23.193769454956055, 6.2005205154418945
v,41.42726135253906, 23.357219696044922, 6.2005205154418945
v,41.29262924194336, 22.999603271484375, 5.775660991668701
v,41.312381744384766, 22.998140335083008, 5.738726615905762
v,41.293216705322266, 23.00111961364746, 5.741511821746826
v,41.29262924194336, 22.999603271484375, 5.775660991668701
v,41.293216705322266, 23.00111961364746, 5.741511821746826
v,41.281646728515625, 22.96772003173828, 5.772473335266113
v,41.281646728515625, 22.96772003173828, 5.772473335266113
v,41.27853012084961, 22.958763122558594, 5.773261547088623
v,41.29262924194336, 22.999603271484375, 5.775660991668701
v,41.2783317565918, 22.958229064941406, 5.717214584350586
v,41.27853012084961, 22.958763122558594, 5.773261547088623
v,41.281646728515625, 22.96772003173828, 5.772473335266113
v,41.31377029418945, 23.0609188079834, 5.635433673858643
v,41.3272705078125, 23.065425872802734, 5.631739616394043
v,41.3282470703125, 23.07020378112793, 5.549042224884033
v,41.4328727722168, 23.36138343811035, 6.197046279907227
v,41.4749755859375, 23.065711975097656, 5.781845569610596
v,41.390621185302734, 23.238910675048828, 5.781845569610596
v,41.4328727722168, 23.36138343811035, 6.197046279907227
v,41.4749755859375, 23.065711975097656, 5.781845569610596
v,41.5966682434082, 23.023082733154297, 6.197237491607666
v,41.087642669677734, 23.199058532714844, 6.197046279907227
v,41.38331604003906, 23.24116325378418, 5.781845569610596
v,41.20973587036133, 23.157588958740234, 5.7816548347473145
v,41.5966682434082, 23.023082733154297, 6.197237491607666
v,41.598228454589844, 23.023841857910156, 6.196855545043945
v,41.4328727722168, 23.36138343811035, 6.197046279907227
v,41.24956512451172, 22.854034423828125, 6.197046279907227
v,41.20745849609375, 23.14970588684082, 5.781845569610596
v,41.291812896728516, 22.976505279541016, 5.781845569610596
v,41.21049499511719, 23.156030654907227, 5.782036781311035
v,41.20973587036133, 23.157588958740234, 5.7816548347473145
v,41.38331604003906, 23.24116325378418, 5.781845569610596
v,41.24956512451172, 22.854034423828125, 6.197046279907227
v,41.20745849609375, 23.14970588684082, 5.781845569610596
v,41.08576583862305, 23.192333221435547, 6.197237491607666
v,41.47222900390625, 23.058597564697266, 5.781852722167969
v,41.256778717041016, 22.85177230834961, 6.197053909301758
v,41.29905700683594, 22.974185943603516, 5.781838417053223
v,41.08576583862305, 23.192333221435547, 6.197237491607666
v,41.08420944213867, 23.191574096679688, 6.196855545043945
v,41.24956512451172, 22.854034423828125, 6.197046279907227
v,41.594730377197266, 23.01629066467285, 6.197039604187012
v,41.29905700683594, 22.974185943603516, 5.781838417053223
v,41.256778717041016, 22.85177230834961, 6.197053909301758
v,41.345184326171875, 23.114524841308594, 5.650373935699463
v,41.34674072265625, 23.10126495361328, 5.821005821228027
v,41.34718322753906, 23.102371215820312, 5.650373935699463
v,41.32545471191406, 23.114681243896484, 5.879876613616943
v,41.339012145996094, 23.11631202697754, 5.8202948570251465
v,41.33429718017578, 23.10280990600586, 5.820417881011963
v,41.34803009033203, 23.124433517456055, 5.877964019775391
v,41.3491096496582, 23.103328704833984, 5.819806098937988
v,41.339012145996094, 23.11631202697754, 5.8202948570251465
v,41.334014892578125, 23.09138298034668, 5.87888240814209
v,41.33429718017578, 23.10280990600586, 5.820417881011963
v,41.3491096496582, 23.103328704833984, 5.819806098937988
v,54.267189025878906, 18.69312858581543, 5.653848171234131
v,54.21896743774414, 18.720943450927734, 5.5327582359313965
v,54.19113540649414, 18.67420768737793, 5.654348373413086
v,54.44404602050781, 18.712526321411133, 5.187282562255859
v,54.879364013671875, 18.87786102294922, 5.145071983337402
v,54.880149841308594, 18.875572204589844, 5.191951274871826
v,54.44404602050781, 18.712526321411133, 5.187282562255859
v,54.880149841308594, 18.875572204589844, 5.191951274871826
v,54.43106460571289, 18.749773025512695, 5.195556640625
v,54.250301361083984, 18.626338958740234, 5.653743267059326
v,54.27731704711914, 18.658565521240234, 5.542309284210205
v,54.267189025878906, 18.69312858581543, 5.653848171234131
v,54.19113540649414, 18.67420768737793, 5.654348373413086
v,54.18941116333008, 18.675140380859375, 5.5399580001831055
v,54.22437286376953, 18.625913619995117, 5.541086673736572
v,54.181190490722656, 18.605224609375, 5.50192928314209
v,54.18941116333008, 18.675140380859375, 5.5399580001831055
v,54.158363342285156, 18.634315490722656, 5.457685947418213
v,54.18941116333008, 18.675140380859375, 5.5399580001831055
v,54.16242980957031, 18.70631217956543, 5.458281993865967
v,54.158363342285156, 18.634315490722656, 5.457685947418213
v,54.18941116333008, 18.675140380859375, 5.5399580001831055
v,54.21896743774414, 18.720943450927734, 5.5327582359313965
v,54.16242980957031, 18.70631217956543, 5.458281993865967
v,54.16242980957031, 18.70631217956543, 5.458281993865967
v,54.21896743774414, 18.720943450927734, 5.5327582359313965
v,54.26076889038086, 18.744237899780273, 5.448895454406738
v,54.290809631347656, 18.715492248535156, 5.507640361785889
v,54.29591369628906, 18.686033248901367, 5.4163007736206055
v,54.26076889038086, 18.744237899780273, 5.448895454406738
v,54.27731704711914, 18.658565521240234, 5.542309284210205
v,54.30849838256836, 18.63943862915039, 5.505391597747803
v,54.290809631347656, 18.715492248535156, 5.507640361785889
v,54.44097137451172, 18.72088050842285, 5.145453453063965
v,54.879364013671875, 18.87786102294922, 5.145071983337402
v,54.44404602050781, 18.712526321411133, 5.187282562255859
v,54.25699996948242, 18.591045379638672, 5.502734184265137
v,54.22437286376953, 18.625913619995117, 5.541086673736572
v,54.181190490722656, 18.605224609375, 5.50192928314209
v,54.284942626953125, 18.701465606689453, 5.157469749450684
v,54.25799560546875, 18.683780670166016, 5.247150421142578
v,54.3046760559082, 18.702220916748047, 5.194543361663818
v,54.2056770324707, 18.6820011138916, 5.327240467071533
v,54.25799560546875, 18.683780670166016, 5.247150421142578
v,54.284942626953125, 18.701465606689453, 5.157469749450684
v,54.30849838256836, 18.63943862915039, 5.505391597747803
v,54.25699996948242, 18.591045379638672, 5.502734184265137
v,54.266971588134766, 18.61142921447754, 5.413571834564209
v,54.29591369628906, 18.686033248901367, 5.4163007736206055
v,54.290809631347656, 18.715492248535156, 5.507640361785889
v,54.30849838256836, 18.63943862915039, 5.505391597747803
v,54.20369338989258, 18.7388916015625, 5.391707897186279
v,54.25861358642578, 18.67865753173828, 5.319499969482422
v,54.2056770324707, 18.6820011138916, 5.327240467071533
v,54.28227996826172, 18.663211822509766, 5.198241710662842
v,54.25861358642578, 18.67865753173828, 5.319499969482422
v,54.23965072631836, 18.636070251464844, 5.319814205169678
v,54.29591369628906, 18.686033248901367, 5.4163007736206055
v,54.310733795166016, 18.623205184936523, 5.390288352966309
v,54.2791748046875, 18.7325439453125, 5.38917875289917
v,54.21025085449219, 18.721254348754883, 5.416727542877197
v,54.2791748046875, 18.7325439453125, 5.38917875289917
v,54.20369338989258, 18.7388916015625, 5.391707897186279
v,54.21025085449219, 18.721254348754883, 5.416727542877197
v,54.20369338989258, 18.7388916015625, 5.391707897186279
v,54.15211486816406, 18.66039276123047, 5.385676383972168
v,54.28227996826172, 18.663211822509766, 5.198241710662842
v,54.23965072631836, 18.636070251464844, 5.319814205169678
v,54.25310516357422, 18.652381896972656, 5.1859965324401855
v,54.201393127441406, 18.59175682067871, 5.3921661376953125
v,54.181556701660156, 18.62895965576172, 5.415156364440918
v,54.15211486816406, 18.66039276123047, 5.385676383972168
v,54.310733795166016, 18.623205184936523, 5.390288352966309
v,54.266971588134766, 18.61142921447754, 5.413571834564209
v,54.201393127441406, 18.59175682067871, 5.3921661376953125
v,54.25861358642578, 18.67865753173828, 5.319499969482422
v,54.310733795166016, 18.623205184936523, 5.390288352966309
v,54.23965072631836, 18.636070251464844, 5.319814205169678
v,54.428462982177734, 18.758817672729492, 5.1564249992370605
v,54.869293212890625, 18.907215118408203, 5.176280975341797
v,54.879364013671875, 18.87786102294922, 5.145071983337402
v,54.43106460571289, 18.749773025512695, 5.195556640625
v,54.880149841308594, 18.875572204589844, 5.191951274871826
v,54.869293212890625, 18.907215118408203, 5.176280975341797
v,54.428462982177734, 18.758817672729492, 5.1564249992370605
v,54.879364013671875, 18.87786102294922, 5.145071983337402
v,54.44097137451172, 18.72088050842285, 5.145453453063965
v,54.390525817871094, 18.693452835083008, 5.191472053527832
v,54.3046760559082, 18.702220916748047, 5.194543361663818
v,54.28227996826172, 18.663211822509766, 5.198241710662842
v,54.25310516357422, 18.652381896972656, 5.1859965324401855
v,54.38951110839844, 18.69394302368164, 5.150271415710449
v,54.28227996826172, 18.663211822509766, 5.198241710662842
v,54.284942626953125, 18.701465606689453, 5.157469749450684
v,54.3046760559082, 18.702220916748047, 5.194543361663818
v,54.37492370605469, 18.737564086914062, 5.190558910369873
v,54.37534713745117, 18.737096786499023, 5.147030830383301
v,54.38951110839844, 18.69394302368164, 5.150271415710449
v,54.25310516357422, 18.652381896972656, 5.1859965324401855
v,54.43106460571289, 18.749773025512695, 5.195556640625
v,54.37492370605469, 18.737564086914062, 5.190558910369873
v,54.390525817871094, 18.693452835083008, 5.191472053527832
v,54.37534713745117, 18.737096786499023, 5.147030830383301
v,54.43106460571289, 18.749773025512695, 5.195556640625
v,54.428462982177734, 18.758817672729492, 5.1564249992370605
v,54.44097137451172, 18.72088050842285, 5.145453453063965
v,54.38951110839844, 18.69394302368164, 5.150271415710449
v,54.37534713745117, 18.737096786499023, 5.147030830383301
v,54.390525817871094, 18.693452835083008, 5.191472053527832
v,54.44097137451172, 18.72088050842285, 5.145453453063965
v,54.44404602050781, 18.712526321411133, 5.187282562255859
v,54.727516174316406, 18.849796295166016, 5.129276275634766
v,54.73038864135742, 18.82077407836914, 5.134355545043945
v,54.705360412597656, 18.81218719482422, 5.112236499786377
v,54.49746322631836, 18.770877838134766, 5.132469654083252
v,54.5234260559082, 18.74977684020996, 5.104742527008057
v,54.52809143066406, 18.781383514404297, 5.110575199127197
v,54.73239517211914, 18.821462631225586, 4.987370014190674
v,54.740501403808594, 18.824243545532227, 4.997137069702148
v,54.67152404785156, 18.800580978393555, 5.124047756195068
v,54.52809143066406, 18.781383514404297, 5.110575199127197
v,54.50722122192383, 18.77422332763672, 5.101673126220703
v,54.49746322631836, 18.770877838134766, 5.132469654083252
v,54.677467346191406, 18.80261993408203, 5.063482284545898
v,54.73239517211914, 18.821462631225586, 4.987370014190674
v,54.67152404785156, 18.800580978393555, 5.124047756195068
v,54.8625373840332, 18.8961181640625, 4.927229881286621
v,54.849517822265625, 18.86164093017578, 4.916666507720947
v,54.84249496459961, 18.8824462890625, 4.920226097106934
v,54.740501403808594, 18.824243545532227, 4.997137069702148
v,54.73239517211914, 18.821462631225586, 4.987370014190674
v,54.845062255859375, 18.86011505126953, 4.994656085968018
v,54.52809143066406, 18.781383514404297, 5.110575199127197
v,54.54723358154297, 18.75794219970703, 5.132313251495361
v,54.50722122192383, 18.77422332763672, 5.101673126220703
v,54.82440185546875, 18.883033752441406, 4.985166072845459
v,54.811920166015625, 18.848743438720703, 4.950861930847168
v,54.81342315673828, 18.879268646240234, 4.889072895050049
v,54.587337493896484, 18.801706314086914, 5.15233039855957
v,54.53628921508789, 18.784194946289062, 5.1092424392700195
v,54.54507064819336, 18.77155303955078, 5.096343994140625
v,54.53628921508789, 18.784194946289062, 5.1092424392700195
v,54.56676483154297, 18.79465103149414, 5.109044551849365
v,54.54507064819336, 18.77155303955078, 5.096343994140625
v,54.81342315673828, 18.879268646240234, 4.889072895050049
v,54.87367248535156, 18.869930267333984, 4.8824615478515625
v,54.86627197265625, 18.897397994995117, 4.88783073425293
v,54.84593200683594, 18.86041259765625, 4.868597030639648
v,54.87367248535156, 18.869930267333984, 4.8824615478515625
v,54.811920166015625, 18.848743438720703, 4.950861930847168
v,54.86944580078125, 18.898487091064453, 5.045590877532959
v,54.868560791015625, 18.868175506591797, 5.122156143188477
v,54.830970764160156, 18.88528823852539, 5.142614841461182
v,54.54723358154297, 18.75794219970703, 5.132313251495361
v,54.52809143066406, 18.781383514404297, 5.110575199127197
v,54.52667236328125, 18.780895233154297, 5.148742198944092
v,54.67445373535156, 18.831592559814453, 5.045881748199463
v,54.67152404785156, 18.800580978393555, 5.124047756195068
v,54.740501403808594, 18.824243545532227, 4.997137069702148
v,54.795127868652344, 18.87299156188965, 4.982683181762695
v,54.73239517211914, 18.821462631225586, 4.987370014190674
v,54.67445373535156, 18.831592559814453, 5.045881748199463
v,54.75004196166992, 18.827516555786133, 5.087050437927246
v,54.80466079711914, 18.86973762512207, 5.093772888183594
v,54.80909729003906, 18.847776412963867, 5.09672737121582
v,54.67445373535156, 18.831592559814453, 5.045881748199463
v,54.596893310546875, 18.80498504638672, 5.137518405914307
v,54.587337493896484, 18.801706314086914, 5.15233039855957
v,54.53628921508789, 18.784194946289062, 5.1092424392700195
v,54.566925048828125, 18.76469612121582, 5.092164516448975
v,54.56676483154297, 18.79465103149414, 5.109044551849365
v,54.67445373535156, 18.831592559814453, 5.045881748199463
v,54.740501403808594, 18.824243545532227, 4.997137069702148
v,54.795127868652344, 18.87299156188965, 4.982683181762695
v,54.575130462646484, 18.773006439208984, 5.118533134460449
v,54.566925048828125, 18.76469612121582, 5.092164516448975
v,54.54507064819336, 18.77155303955078, 5.096343994140625
v,54.79353332519531, 18.87244415283203, 5.060782432556152
v,54.75004196166992, 18.827516555786133, 5.087050437927246
v,54.80909729003906, 18.847776412963867, 5.09672737121582
v,54.79353332519531, 18.87244415283203, 5.060782432556152
v,54.80909729003906, 18.847776412963867, 5.09672737121582
v,54.80466079711914, 18.86973762512207, 5.093772888183594
v,54.80522155761719, 18.8614501953125, 4.942455291748047
v,54.845062255859375, 18.86011505126953, 4.994656085968018
v,54.82440185546875, 18.883033752441406, 4.985166072845459
v,54.86627197265625, 18.897397994995117, 4.88783073425293
v,54.84593200683594, 18.86041259765625, 4.868597030639648
v,54.81342315673828, 18.879268646240234, 4.889072895050049
v,54.795127868652344, 18.87299156188965, 4.982683181762695
v,54.845062255859375, 18.86011505126953, 4.994656085968018
v,54.86944580078125, 18.898487091064453, 5.045590877532959
v,54.795127868652344, 18.87299156188965, 4.982683181762695
v,54.740501403808594, 18.824243545532227, 4.997137069702148
v,54.845062255859375, 18.86011505126953, 4.994656085968018
v,54.596893310546875, 18.80498504638672, 5.137518405914307
v,54.57939910888672, 18.76897621154785, 5.154412269592285
v,54.53628921508789, 18.784194946289062, 5.1092424392700195
v,54.86944580078125, 18.898487091064453, 5.045590877532959
v,54.830970764160156, 18.88528823852539, 5.142614841461182
v,54.87631607055664, 18.900842666625977, 5.0427632331848145
v,54.833797454833984, 18.886255264282227, 4.8595147132873535
v,54.85975646972656, 18.865158081054688, 4.831787586212158
v,54.86442565917969, 18.89676284790039, 4.837620258331299
v,54.86442565917969, 18.89676284790039, 4.837620258331299
v,54.84355163574219, 18.889604568481445, 4.828718185424805
v,54.833797454833984, 18.886255264282227, 4.8595147132873535
v,54.86442565917969, 18.89676284790039, 4.837620258331299
v,54.88356399536133, 18.873321533203125, 4.859358310699463
v,54.84355163574219, 18.889604568481445, 4.828718185424805
v,54.88356399536133, 18.873321533203125, 4.859358310699463
v,54.86442565917969, 18.89676284790039, 4.837620258331299
v,54.86300277709961, 18.896276473999023, 4.875787258148193
v,54.875911712646484, 18.890426635742188, 4.7384033203125
v,54.880001068115234, 18.8819637298584, 4.752561569213867
v,54.85000991821289, 18.870941162109375, 4.776209354400635
v,54.875911712646484, 18.890426635742188, 4.7384033203125
v,54.85000991821289, 18.870941162109375, 4.776209354400635
v,54.87855529785156, 18.88625144958496, 4.768638610839844
v,54.396873474121094, 18.715864181518555, 5.197342872619629
v,54.42116165161133, 18.70867156982422, 5.218940734863281
v,54.40902328491211, 18.746795654296875, 5.221344947814941
v,54.42116165161133, 18.70867156982422, 5.218940734863281
v,54.41998291015625, 18.728456497192383, 5.197877883911133
v,54.40902328491211, 18.746795654296875, 5.221344947814941
v,54.400291442871094, 18.732254028320312, 5.197485446929932
v,54.396873474121094, 18.715864181518555, 5.197342872619629
v,54.40902328491211, 18.746795654296875, 5.221344947814941
v,54.39167404174805, 18.72862434387207, 5.1160407066345215
v,54.420021057128906, 18.734928131103516, 5.142736434936523
v,54.422515869140625, 18.71051597595215, 5.121203422546387
v,54.88966751098633, 18.8686580657959, 4.729275703430176
v,54.90044403076172, 18.836750030517578, 5.16752815246582
v,54.87188720703125, 18.919553756713867, 5.129596710205078
v,54.88869094848633, 18.871362686157227, 5.253264427185059
v,54.876949310302734, 18.905921936035156, 5.257391452789307
v,54.87001037597656, 18.924301147460938, 5.195554733276367
v,54.87188720703125, 18.919553756713867, 5.129596710205078
v,54.86004638671875, 18.898984909057617, 5.164262771606445
v,54.87001037597656, 18.924301147460938, 5.195554733276367
v,54.86004638671875, 18.898984909057617, 5.164262771606445
v,54.85634994506836, 18.891605377197266, 5.183487415313721
v,54.87001037597656, 18.924301147460938, 5.195554733276367
v,54.87001037597656, 18.924301147460938, 5.195554733276367
v,54.86628723144531, 18.866939544677734, 5.182667255401611
v,54.88243103027344, 18.854904174804688, 5.176921844482422
v,54.90044403076172, 18.836750030517578, 5.16752815246582
v,54.88243103027344, 18.854904174804688, 5.176921844482422
v,54.86804962158203, 18.87592887878418, 5.152103900909424
v,54.87001037597656, 18.924301147460938, 5.195554733276367
v,54.88243103027344, 18.854904174804688, 5.176921844482422
v,54.88869094848633, 18.871362686157227, 5.253264427185059
v,54.86804962158203, 18.87592887878418, 5.152103900909424
v,54.88243103027344, 18.854904174804688, 5.176921844482422
v,54.86628723144531, 18.866939544677734, 5.182667255401611
v,54.28976058959961, 18.778118133544922, 5.78132963180542
v,54.37873077392578, 18.59537124633789, 5.779649257659912
v,54.30514907836914, 18.809677124023438, 5.7794623374938965
v,54.28976058959961, 18.778118133544922, 5.78132963180542
v,54.30514907836914, 18.809677124023438, 5.7794623374938965
v,54.12240219116211, 18.720643997192383, 5.78132963180542
v,54.34708786010742, 18.61077880859375, 5.777781963348389
v,54.30514907836914, 18.809677124023438, 5.7794623374938965
v,54.37873077392578, 18.59537124633789, 5.779649257659912
v,54.30514907836914, 18.809677124023438, 5.7794623374938965
v,54.289649963378906, 18.778091430664062, 5.777781963348389
v,54.12248611450195, 18.720706939697266, 5.777781963348389
v,54.12764358520508, 18.629003524780273, 5.776007652282715
v,54.233551025390625, 18.646554946899414, 5.776698112487793
v,54.24225997924805, 18.682491302490234, 5.776808738708496
v,54.233551025390625, 18.646554946899414, 5.776698112487793
v,54.221405029296875, 18.681528091430664, 5.775206565856934
v,54.25584411621094, 18.659786224365234, 5.774233818054199
v,54.221405029296875, 18.681528091430664, 5.775206565856934
v,54.12764358520508, 18.629003524780273, 5.776007652282715
v,54.24225997924805, 18.682491302490234, 5.776808738708496
v,54.35930252075195, 18.598228454589844, 5.781396389007568
v,54.47008514404297, 18.539209365844727, 6.19685173034668
v,54.4797248840332, 18.552745819091797, 6.196965217590332
v,54.34284591674805, 18.91010093688965, 6.19685173034668
v,54.2916259765625, 18.79550552368164, 5.781396389007568
v,54.358768463134766, 18.905332565307617, 6.196965217590332
v,54.257999420166016, 18.705963134765625, 6.372392654418945
v,54.36026382446289, 18.921592712402344, 6.200675010681152
v,53.979759216308594, 18.789371490478516, 6.198393821716309
v,54.257999420166016, 18.705963134765625, 6.372392654418945
v,53.979759216308594, 18.789371490478516, 6.198393821716309
v,54.1873664855957, 18.68529510498047, 6.375171661376953
v,54.27778244018555, 18.644865036010742, 6.375080585479736
v,54.485313415527344, 18.541601181030273, 6.19799280166626
v,54.257999420166016, 18.705963134765625, 6.372392654418945
v,54.00088882446289, 18.779848098754883, 6.211604118347168
v,54.12089920043945, 18.431991577148438, 6.211675643920898
v,54.11054992675781, 18.41227912902832, 6.199857711791992
v,54.485313415527344, 18.541601181030273, 6.19799280166626
v,54.34928512573242, 18.899566650390625, 6.21185827255249
v,54.36026382446289, 18.921592712402344, 6.200675010681152
v,54.11054992675781, 18.41227912902832, 6.199857711791992
v,53.979759216308594, 18.789371490478516, 6.198393821716309
v,54.00088882446289, 18.779848098754883, 6.211604118347168
v,54.27052688598633, 18.670419692993164, 6.5914506912231445
v,54.21870803833008, 18.618467330932617, 6.554775714874268
v,54.272056579589844, 18.644447326660156, 6.540828227996826
v,54.21978759765625, 18.656505584716797, 6.603605270385742
v,54.27052688598633, 18.670419692993164, 6.5914506912231445
v,54.19674301147461, 18.694015502929688, 6.577786922454834
v,54.19674301147461, 18.694015502929688, 6.577786922454834
v,54.21870803833008, 18.618467330932617, 6.554775714874268
v,54.21978759765625, 18.656505584716797, 6.603605270385742
v,54.294273376464844, 18.642822265625, 6.496649742126465
v,54.24777603149414, 18.671306610107422, 6.509629726409912
v,54.22874069213867, 18.651704788208008, 6.508357048034668
v,54.272056579589844, 18.644447326660156, 6.540828227996826
v,54.25838088989258, 18.703536987304688, 6.550569534301758
v,54.27052688598633, 18.670419692993164, 6.5914506912231445
v,54.21870803833008, 18.618467330932617, 6.554775714874268
v,54.19674301147461, 18.694015502929688, 6.577786922454834
v,54.22874069213867, 18.651704788208008, 6.508357048034668
v,54.25825500488281, 18.758777618408203, 6.350975513458252
v,54.177310943603516, 18.74789047241211, 6.337717056274414
v,54.180694580078125, 18.748626708984375, 6.36032772064209
v,54.30550765991211, 18.600963592529297, 6.3569440841674805
v,54.32926940917969, 18.696924209594727, 6.360782623291016
v,54.3214225769043, 18.68480682373047, 6.4115095138549805
v,54.23643112182617, 18.614091873168945, 6.440760612487793
v,54.29893493652344, 18.60569953918457, 6.444073677062988
v,54.23012161254883, 18.576942443847656, 6.444929122924805
v,54.16883850097656, 18.647140502929688, 6.497452259063721
v,54.22874069213867, 18.651704788208008, 6.508357048034668
v,54.22820281982422, 18.678529739379883, 6.509373188018799
v,54.273887634277344, 18.693601608276367, 6.438793659210205
v,54.20610046386719, 18.748332977294922, 6.442383289337158
v,54.276824951171875, 18.745386123657227, 6.4461588859558105
v,54.16883850097656, 18.647140502929688, 6.497452259063721
v,54.21104431152344, 18.735097885131836, 6.487874984741211
v,54.15006637573242, 18.69723892211914, 6.443150520324707
v,54.3214225769043, 18.68480682373047, 6.4115095138549805
v,54.273887634277344, 18.693601608276367, 6.438793659210205
v,54.23643112182617, 18.614091873168945, 6.440760612487793
v,54.160743713378906, 18.616085052490234, 6.443088054656982
v,54.23012161254883, 18.576942443847656, 6.444929122924805
v,54.16883850097656, 18.647140502929688, 6.497452259063721
v,54.273887634277344, 18.693601608276367, 6.438793659210205
v,54.276824951171875, 18.745386123657227, 6.4461588859558105
v,54.32346725463867, 18.67281150817871, 6.442829132080078
v,54.25825500488281, 18.758777618408203, 6.350975513458252
v,54.180694580078125, 18.748626708984375, 6.36032772064209
v,54.23784255981445, 18.750377655029297, 6.409518241882324
v,54.23784255981445, 18.750377655029297, 6.409518241882324
v,54.185115814208984, 18.71451187133789, 6.432816505432129
v,54.273887634277344, 18.693601608276367, 6.438793659210205
v,54.160797119140625, 18.60443878173828, 6.359772682189941
v,54.237876892089844, 18.58460807800293, 6.420876979827881
v,54.15068817138672, 18.658376693725586, 6.408044815063477
v,54.24240493774414, 18.5634822845459, 6.338366508483887
v,54.277042388916016, 18.62643051147461, 6.33646297454834
v,54.331085205078125, 18.632308959960938, 6.339754104614258
v,54.31421661376953, 18.72622299194336, 6.33819580078125
v,54.249305725097656, 18.720664978027344, 6.336431503295898
v,54.177310943603516, 18.74789047241211, 6.337717056274414
v,54.32926940917969, 18.696924209594727, 6.360782623291016
v,54.31421661376953, 18.72622299194336, 6.33819580078125
v,54.25825500488281, 18.758777618408203, 6.350975513458252
v,54.180694580078125, 18.748626708984375, 6.36032772064209
v,54.13875961303711, 18.675189971923828, 6.349758148193359
v,54.15068817138672, 18.658376693725586, 6.408044815063477
v,54.30550765991211, 18.600963592529297, 6.3569440841674805
v,54.24240493774414, 18.5634822845459, 6.338366508483887
v,54.331085205078125, 18.632308959960938, 6.339754104614258
v,54.22740173339844, 18.569744110107422, 6.359164237976074
v,54.30550765991211, 18.600963592529297, 6.3569440841674805
v,54.237876892089844, 18.58460807800293, 6.420876979827881
v,54.29893493652344, 18.60569953918457, 6.444073677062988
v,54.32346725463867, 18.67281150817871, 6.442829132080078
v,54.294273376464844, 18.642822265625, 6.496649742126465
v,54.21104431152344, 18.735097885131836, 6.487874984741211
v,54.16883850097656, 18.647140502929688, 6.497452259063721
v,54.28889465332031, 18.705928802490234, 6.4944634437561035
v,54.28889465332031, 18.705928802490234, 6.4944634437561035
v,54.24777603149414, 18.671306610107422, 6.509629726409912
v,54.294273376464844, 18.642822265625, 6.496649742126465
v,54.32346725463867, 18.67281150817871, 6.442829132080078
v,54.276824951171875, 18.745386123657227, 6.4461588859558105
v,54.28889465332031, 18.705928802490234, 6.4944634437561035
v,54.237876892089844, 18.58460807800293, 6.420876979827881
v,54.30550765991211, 18.600963592529297, 6.3569440841674805
v,54.3214225769043, 18.68480682373047, 6.4115095138549805
v,54.23643112182617, 18.614091873168945, 6.440760612487793
v,54.32346725463867, 18.67281150817871, 6.442829132080078
v,54.29893493652344, 18.60569953918457, 6.444073677062988
v,54.276824951171875, 18.745386123657227, 6.4461588859558105
v,54.20610046386719, 18.748332977294922, 6.442383289337158
v,54.21104431152344, 18.735097885131836, 6.487874984741211
v,54.151344299316406, 18.60964584350586, 6.338127613067627
v,54.22026062011719, 18.610851287841797, 6.336431503295898
v,54.24240493774414, 18.5634822845459, 6.338366508483887
v,54.331085205078125, 18.632308959960938, 6.339754104614258
v,54.32926940917969, 18.696924209594727, 6.360782623291016
v,54.30550765991211, 18.600963592529297, 6.3569440841674805
v,54.13875961303711, 18.675189971923828, 6.349758148193359
v,54.151344299316406, 18.60964584350586, 6.338127613067627
v,54.160797119140625, 18.60443878173828, 6.359772682189941
v,54.24777603149414, 18.671306610107422, 6.509629726409912
v,54.28889465332031, 18.705928802490234, 6.4944634437561035
v,54.22820281982422, 18.678529739379883, 6.509373188018799
v,54.13875961303711, 18.675189971923828, 6.349758148193359
v,54.18106460571289, 18.647329330444336, 6.336423397064209
v,54.151344299316406, 18.60964584350586, 6.338127613067627
v,54.24240493774414, 18.5634822845459, 6.338366508483887
v,54.30550765991211, 18.600963592529297, 6.3569440841674805
v,54.22740173339844, 18.569744110107422, 6.359164237976074
v,54.23012161254883, 18.576942443847656, 6.444929122924805
v,54.29893493652344, 18.60569953918457, 6.444073677062988
v,54.243812561035156, 18.599159240722656, 6.4950971603393555
v,54.185115814208984, 18.71451187133789, 6.432816505432129
v,54.15006637573242, 18.69723892211914, 6.443150520324707
v,54.20610046386719, 18.748332977294922, 6.442383289337158
v,54.31421661376953, 18.72622299194336, 6.33819580078125
v,54.177310943603516, 18.74789047241211, 6.337717056274414
v,54.25825500488281, 18.758777618408203, 6.350975513458252
v,54.24777603149414, 18.671306610107422, 6.509629726409912
v,54.25838088989258, 18.703536987304688, 6.550569534301758
v,54.272056579589844, 18.644447326660156, 6.540828227996826
v,54.24777603149414, 18.671306610107422, 6.509629726409912
v,54.22820281982422, 18.678529739379883, 6.509373188018799
v,54.25838088989258, 18.703536987304688, 6.550569534301758
v,54.16941833496094, 18.543752670288086, 5.7575883865356445
v,54.17329788208008, 18.540054321289062, 5.786440849304199
v,54.1754035949707, 18.53809928894043, 5.771226406097412
v,54.1754035949707, 18.53809928894043, 5.771226406097412
v,54.17329788208008, 18.540054321289062, 5.786440849304199
v,54.16941833496094, 18.543752670288086, 5.7575883865356445
v,54.36327362060547, 18.59787940979004, 5.7625932693481445
v,54.36048889160156, 18.604270935058594, 5.786440849304199
v,54.35691452026367, 18.611434936523438, 5.761077404022217
v,54.35691452026367, 18.611434936523438, 5.761077404022217
v,54.36048889160156, 18.604270935058594, 5.786440849304199
v,54.36327362060547, 18.59787940979004, 5.7625932693481445
v,54.297027587890625, 18.7994384765625, 5.761116027832031
v,54.29627227783203, 18.791461944580078, 5.786440849304199
v,54.29552459716797, 18.783538818359375, 5.762625694274902
v,54.29552459716797, 18.783538818359375, 5.762625694274902
v,54.29627227783203, 18.791461944580078, 5.786440849304199
v,54.297027587890625, 18.7994384765625, 5.761116027832031
v,54.1058349609375, 18.72374725341797, 5.757368564605713
v,54.10907745361328, 18.727245330810547, 5.786440849304199
v,54.110206604003906, 18.728437423706055, 5.771623611450195
v,54.110206604003906, 18.728437423706055, 5.771623611450195
v,54.10907745361328, 18.727245330810547, 5.786440849304199
v,54.1058349609375, 18.72374725341797, 5.757368564605713
v,54.04261016845703, 18.75975799560547, 6.020318508148193
v,54.05599594116211, 18.761919021606445, 6.005010604858398
v,54.04738235473633, 18.753337860107422, 6.003218650817871
v,54.15271759033203, 18.47997283935547, 6.00498104095459
v,54.140380859375, 18.473876953125, 6.020345211029053
v,54.141204833984375, 18.480741500854492, 6.003047943115234
v,54.42695999145508, 18.571758270263672, 6.020318508148193
v,54.41357421875, 18.569597244262695, 6.005010604858398
v,54.422183990478516, 18.57817840576172, 6.003218650817871
v,54.328922271728516, 18.857946395874023, 6.020296096801758
v,54.3308219909668, 18.844505310058594, 6.005038738250732
v,54.322364807128906, 18.853158950805664, 6.003218650817871
v,54.21736145019531, 18.630138397216797, 5.549042224884033
v,54.20450210571289, 18.628122329711914, 5.6298723220825195
v,54.22467041015625, 18.620914459228516, 5.632974624633789
v,54.19325256347656, 18.55675506591797, 5.741637229919434
v,54.173423767089844, 18.56475830078125, 5.774629592895508
v,54.177547454833984, 18.568096160888672, 5.738781452178955
v,54.173423767089844, 18.56475830078125, 5.774629592895508
v,54.19231414794922, 18.554702758789062, 5.776008605957031
v,54.177547454833984, 18.568096160888672, 5.738781452178955
v,54.17740249633789, 18.52425193786621, 5.7719268798828125
v,54.15137481689453, 18.519620895385742, 5.757590293884277
v,54.173423767089844, 18.56475830078125, 5.774629592895508
v,54.15137481689453, 18.519620895385742, 5.757590293884277
v,54.17301940917969, 18.51523208618164, 5.772294044494629
v,54.173423767089844, 18.56475830078125, 5.774629592895508
v,54.21809387207031, 18.607421875, 5.632699489593506
v,54.15137481689453, 18.519620895385742, 5.757590293884277
v,54.168094635009766, 18.51831817626953, 5.714625358581543
v,54.21736145019531, 18.630138397216797, 5.549042224884033
v,54.21809387207031, 18.607421875, 5.632699489593506
v,54.20450210571289, 18.628122329711914, 5.6298723220825195
v,54.274330139160156, 18.645706176757812, 5.6310954093933105
v,54.27040481567383, 18.648334503173828, 5.549042224884033
v,54.27116394042969, 18.636096954345703, 5.624128341674805
v,54.34474182128906, 18.623668670654297, 5.7468695640563965
v,54.35162353515625, 18.596651077270508, 5.782389163970947
v,54.33256149291992, 18.60846710205078, 5.7387189865112305
v,54.35162353515625, 18.596651077270508, 5.782389163970947
v,54.3454704284668, 18.623470306396484, 5.775660991668701
v,54.33256149291992, 18.60846710205078, 5.7387189865112305
v,54.35162353515625, 18.596651077270508, 5.782389163970947
v,54.395660400390625, 18.598922729492188, 5.763087749481201
v,54.3454704284668, 18.623470306396484, 5.775660991668701
v,54.38918685913086, 18.60208511352539, 5.753205299377441
v,54.35162353515625, 18.596651077270508, 5.782389163970947
v,54.34474182128906, 18.623668670654297, 5.7468695640563965
v,54.395660400390625, 18.598922729492188, 5.763087749481201
v,54.38918685913086, 18.60208511352539, 5.753205299377441
v,54.34474182128906, 18.623668670654297, 5.7468695640563965
v,54.38918685913086, 18.60208511352539, 5.753205299377441
v,54.37510299682617, 18.585243225097656, 5.71684455871582
v,54.35162353515625, 18.596651077270508, 5.782389163970947
v,54.358299255371094, 18.617191314697266, 5.695314407348633
v,54.38918685913086, 18.60208511352539, 5.753205299377441
v,54.395660400390625, 18.598922729492188, 5.763087749481201
v,54.358299255371094, 18.617191314697266, 5.695314407348633
v,54.37510299682617, 18.585243225097656, 5.71684455871582
v,54.38918685913086, 18.60208511352539, 5.753205299377441
v,54.395660400390625, 18.598922729492188, 5.763087749481201
v,54.36146926879883, 18.615642547607422, 5.688910961151123
v,54.358299255371094, 18.617191314697266, 5.695314407348633
v,54.27040481567383, 18.648334503173828, 5.549042224884033
v,54.28664016723633, 18.652257919311523, 5.635076522827148
v,54.27116394042969, 18.636096954345703, 5.624128341674805
v,54.25220489501953, 18.701377868652344, 5.549042224884033
v,54.253692626953125, 18.70586395263672, 5.631096839904785
v,54.2452392578125, 18.711397171020508, 5.623992443084717
v,54.2745361328125, 18.771392822265625, 5.741235256195068
v,54.30604553222656, 18.787202835083008, 5.781445026397705
v,54.29475021362305, 18.763830184936523, 5.739425182342529
v,54.25220489501953, 18.701377868652344, 5.549042224884033
v,54.2452392578125, 18.711397171020508, 5.623992443084717
v,54.267784118652344, 18.708965301513672, 5.635795593261719
v,54.30841827392578, 18.812772750854492, 5.715031147003174
v,54.30604553222656, 18.787202835083008, 5.781445026397705
v,54.31297302246094, 18.801395416259766, 5.711647987365723
v,54.19916534423828, 18.683181762695312, 5.549042224884033
v,54.194541931152344, 18.684734344482422, 5.631739616394043
v,54.18634033203125, 18.677600860595703, 5.6260480880737305
v,54.133453369140625, 18.727176666259766, 5.775660991668701
v,54.10803985595703, 18.715797424316406, 5.78237247467041
v,54.12958526611328, 18.707748413085938, 5.738726615905762
v,54.10803985595703, 18.715797424316406, 5.78237247467041
v,54.10315704345703, 18.741979598999023, 5.772473335266113
v,54.1348876953125, 18.72640609741211, 5.741511821746826
v,54.09465026855469, 18.746170043945312, 5.773261547088623
v,54.10803985595703, 18.715797424316406, 5.78237247467041
v,54.133453369140625, 18.727176666259766, 5.775660991668701
v,54.10803985595703, 18.715797424316406, 5.78237247467041
v,54.07670211791992, 18.731231689453125, 5.737366676330566
v,54.082786560058594, 18.72825813293457, 5.739898204803467
v,54.18634033203125, 18.677600860595703, 5.6260480880737305
v,54.082786560058594, 18.72825813293457, 5.739898204803467
v,54.07670211791992, 18.731231689453125, 5.737366676330566
v,54.18634033203125, 18.677600860595703, 5.6260480880737305
v,54.09414291381836, 18.746429443359375, 5.717214584350586
v,54.082786560058594, 18.72825813293457, 5.739898204803467
v,54.07670211791992, 18.731231689453125, 5.737366676330566
v,54.10810089111328, 18.71587371826172, 5.688910961151123
v,54.18634033203125, 18.677600860595703, 5.6260480880737305
v,54.19916534423828, 18.683181762695312, 5.549042224884033
v,54.18634033203125, 18.677600860595703, 5.6260480880737305
v,54.19172286987305, 18.698686599731445, 5.635433673858643
v,54.17674255371094, 18.53810691833496, 5.781845569610596
v,54.12009811401367, 18.420909881591797, 6.196855545043945
v,54.11953353881836, 18.422548294067383, 6.197237491607666
v,54.298763275146484, 18.789541244506836, 5.782036781311035
v,54.35650634765625, 18.906200408935547, 6.197046279907227
v,54.30039978027344, 18.790103912353516, 5.781654357910156
v,54.35006332397461, 18.908885955810547, 6.197237491607666
v,54.29285430908203, 18.79332733154297, 5.781845569610596
v,54.3494987487793, 18.910524368286133, 6.196855545043945
v,54.22367858886719, 18.651947021484375, 5.881394386291504
v,54.22948455810547, 18.658418655395508, 5.819806098937988
v,54.25056457519531, 18.656909942626953, 5.877964019775391
v,54.25056457519531, 18.656909942626953, 5.877964019775391
v,54.24360656738281, 18.666852951049805, 5.8202948570251465
v,54.243648529052734, 18.680509567260742, 5.879876613616943
v,54.21947479248047, 18.67486572265625, 5.87888240814209
v,54.22948455810547, 18.658418655395508, 5.819806098937988
v,54.22367858886719, 18.651947021484375, 5.881394386291504
v,54.243648529052734, 18.680509567260742, 5.879876613616943
v,54.23078536987305, 18.673185348510742, 5.820417881011963
v,54.21947479248047, 18.67486572265625, 5.87888240814209
v,54.82440185546875, 18.883033752441406, 4.985166072845459
v,54.86944580078125, 18.898487091064453, 5.045590877532959
v,54.87631607055664, 18.900842666625977, 5.0427632331848145
v,54.24312210083008, 18.66411590576172, 5.821005821228027
v,54.2410774230957, 18.660945892333984, 5.650373935699463
v,54.2347526550293, 18.67453956604004, 5.650373935699463
v,54.227725982666016, 18.661022186279297, 5.821005821228027
v,54.2347526550293, 18.67453956604004, 5.650373935699463
v,54.2287712097168, 18.660449981689453, 5.650373935699463
v,54.23329544067383, 18.673418045043945, 5.821005821228027
v,54.2347526550293, 18.67453956604004, 5.650373935699463
v,54.227725982666016, 18.661022186279297, 5.821005821228027
v,54.24312210083008, 18.66411590576172, 5.821005821228027
v,54.2347526550293, 18.67453956604004, 5.650373935699463
v,54.23329544067383, 18.673418045043945, 5.821005821228027
v,54.2056770324707, 18.6820011138916, 5.327240467071533
v,54.23965072631836, 18.636070251464844, 5.319814205169678
v,54.15211486816406, 18.66039276123047, 5.385676383972168
v,54.267189025878906, 18.69312858581543, 5.653848171234131
v,54.27731704711914, 18.658565521240234, 5.542309284210205
v,54.21896743774414, 18.720943450927734, 5.5327582359313965
v,54.310733795166016, 18.623205184936523, 5.390288352966309
v,54.29591369628906, 18.686033248901367, 5.4163007736206055
v,54.266971588134766, 18.61142921447754, 5.413571834564209
v,54.21896743774414, 18.720943450927734, 5.5327582359313965
v,54.18941116333008, 18.675140380859375, 5.5399580001831055
v,54.19113540649414, 18.67420768737793, 5.654348373413086
v,54.250301361083984, 18.626338958740234, 5.653743267059326
v,54.22437286376953, 18.625913619995117, 5.541086673736572
v,54.27731704711914, 18.658565521240234, 5.542309284210205
v,54.23965072631836, 18.636070251464844, 5.319814205169678
v,54.310733795166016, 18.623205184936523, 5.390288352966309
v,54.201393127441406, 18.59175682067871, 5.3921661376953125
v,54.181556701660156, 18.62895965576172, 5.415156364440918
v,54.16242980957031, 18.70631217956543, 5.458281993865967
v,54.21025085449219, 18.721254348754883, 5.416727542877197
v,54.21025085449219, 18.721254348754883, 5.416727542877197
v,54.16242980957031, 18.70631217956543, 5.458281993865967
v,54.26076889038086, 18.744237899780273, 5.448895454406738
v,54.21896743774414, 18.720943450927734, 5.5327582359313965
v,54.290809631347656, 18.715492248535156, 5.507640361785889
v,54.26076889038086, 18.744237899780273, 5.448895454406738
v,54.21896743774414, 18.720943450927734, 5.5327582359313965
v,54.27731704711914, 18.658565521240234, 5.542309284210205
v,54.290809631347656, 18.715492248535156, 5.507640361785889
v,54.250301361083984, 18.626338958740234, 5.653743267059326
v,54.19113540649414, 18.67420768737793, 5.654348373413086
v,54.22437286376953, 18.625913619995117, 5.541086673736572
v,54.19113540649414, 18.67420768737793, 5.654348373413086
v,54.250301361083984, 18.626338958740234, 5.653743267059326
v,54.267189025878906, 18.69312858581543, 5.653848171234131
v,54.181190490722656, 18.605224609375, 5.50192928314209
v,54.22437286376953, 18.625913619995117, 5.541086673736572
v,54.18941116333008, 18.675140380859375, 5.5399580001831055
v,54.158363342285156, 18.634315490722656, 5.457685947418213
v,54.181556701660156, 18.62895965576172, 5.415156364440918
v,54.181190490722656, 18.605224609375, 5.50192928314209
v,54.266971588134766, 18.61142921447754, 5.413571834564209
v,54.25699996948242, 18.591045379638672, 5.502734184265137
v,54.181190490722656, 18.605224609375, 5.50192928314209
v,54.181556701660156, 18.62895965576172, 5.415156364440918
v,54.266971588134766, 18.61142921447754, 5.413571834564209
v,54.181190490722656, 18.605224609375, 5.50192928314209
v,54.25699996948242, 18.591045379638672, 5.502734184265137
v,54.30849838256836, 18.63943862915039, 5.505391597747803
v,54.27731704711914, 18.658565521240234, 5.542309284210205
v,54.284942626953125, 18.701465606689453, 5.157469749450684
v,54.25310516357422, 18.652381896972656, 5.1859965324401855
v,54.2056770324707, 18.6820011138916, 5.327240467071533
v,54.25699996948242, 18.591045379638672, 5.502734184265137
v,54.27731704711914, 18.658565521240234, 5.542309284210205
v,54.22437286376953, 18.625913619995117, 5.541086673736572
v,54.3046760559082, 18.702220916748047, 5.194543361663818
v,54.25799560546875, 18.683780670166016, 5.247150421142578
v,54.28227996826172, 18.663211822509766, 5.198241710662842
v,54.2791748046875, 18.7325439453125, 5.38917875289917
v,54.310733795166016, 18.623205184936523, 5.390288352966309
v,54.25861358642578, 18.67865753173828, 5.319499969482422
v,54.20369338989258, 18.7388916015625, 5.391707897186279
v,54.2791748046875, 18.7325439453125, 5.38917875289917
v,54.25861358642578, 18.67865753173828, 5.319499969482422
v,54.15211486816406, 18.66039276123047, 5.385676383972168
v,54.20369338989258, 18.7388916015625, 5.391707897186279
v,54.2056770324707, 18.6820011138916, 5.327240467071533
v,54.28227996826172, 18.663211822509766, 5.198241710662842
v,54.25799560546875, 18.683780670166016, 5.247150421142578
v,54.25861358642578, 18.67865753173828, 5.319499969482422
v,54.25310516357422, 18.652381896972656, 5.1859965324401855
v,54.23965072631836, 18.636070251464844, 5.319814205169678
v,54.2056770324707, 18.6820011138916, 5.327240467071533
v,54.21025085449219, 18.721254348754883, 5.416727542877197
v,54.29591369628906, 18.686033248901367, 5.4163007736206055
v,54.2791748046875, 18.7325439453125, 5.38917875289917
v,54.15211486816406, 18.66039276123047, 5.385676383972168
v,54.181556701660156, 18.62895965576172, 5.415156364440918
v,54.21025085449219, 18.721254348754883, 5.416727542877197
v,54.266971588134766, 18.61142921447754, 5.413571834564209
v,54.29591369628906, 18.686033248901367, 5.4163007736206055
v,54.30849838256836, 18.63943862915039, 5.505391597747803
v,54.29591369628906, 18.686033248901367, 5.4163007736206055
v,54.21025085449219, 18.721254348754883, 5.416727542877197
v,54.26076889038086, 18.744237899780273, 5.448895454406738
v,54.181556701660156, 18.62895965576172, 5.415156364440918
v,54.158363342285156, 18.634315490722656, 5.457685947418213
v,54.16242980957031, 18.70631217956543, 5.458281993865967
v,54.23965072631836, 18.636070251464844, 5.319814205169678
v,54.201393127441406, 18.59175682067871, 5.3921661376953125
v,54.15211486816406, 18.66039276123047, 5.385676383972168
v,54.428462982177734, 18.758817672729492, 5.1564249992370605
v,54.43106460571289, 18.749773025512695, 5.195556640625
v,54.869293212890625, 18.907215118408203, 5.176280975341797
v,54.201393127441406, 18.59175682067871, 5.3921661376953125
v,54.266971588134766, 18.61142921447754, 5.413571834564209
v,54.181556701660156, 18.62895965576172, 5.415156364440918
v,54.284942626953125, 18.701465606689453, 5.157469749450684
v,54.37534713745117, 18.737096786499023, 5.147030830383301
v,54.25310516357422, 18.652381896972656, 5.1859965324401855
v,54.3046760559082, 18.702220916748047, 5.194543361663818
v,54.390525817871094, 18.693452835083008, 5.191472053527832
v,54.37492370605469, 18.737564086914062, 5.190558910369873
v,54.284942626953125, 18.701465606689453, 5.157469749450684
v,54.37492370605469, 18.737564086914062, 5.190558910369873
v,54.37534713745117, 18.737096786499023, 5.147030830383301
v,54.28227996826172, 18.663211822509766, 5.198241710662842
v,54.38951110839844, 18.69394302368164, 5.150271415710449
v,54.390525817871094, 18.693452835083008, 5.191472053527832
v,54.37492370605469, 18.737564086914062, 5.190558910369873
v,54.43106460571289, 18.749773025512695, 5.195556640625
v,54.37534713745117, 18.737096786499023, 5.147030830383301
v,54.37534713745117, 18.737096786499023, 5.147030830383301
v,54.428462982177734, 18.758817672729492, 5.1564249992370605
v,54.44097137451172, 18.72088050842285, 5.145453453063965
v,54.38951110839844, 18.69394302368164, 5.150271415710449
v,54.44097137451172, 18.72088050842285, 5.145453453063965
v,54.390525817871094, 18.693452835083008, 5.191472053527832
v,54.390525817871094, 18.693452835083008, 5.191472053527832
v,54.44404602050781, 18.712526321411133, 5.187282562255859
v,54.43106460571289, 18.749773025512695, 5.195556640625
v,54.2056770324707, 18.6820011138916, 5.327240467071533
v,54.25861358642578, 18.67865753173828, 5.319499969482422
v,54.25799560546875, 18.683780670166016, 5.247150421142578
v,54.67445373535156, 18.831592559814453, 5.045881748199463
v,54.6796989440918, 18.833393096923828, 5.137857913970947
v,54.67152404785156, 18.800580978393555, 5.124047756195068
v,54.50722122192383, 18.77422332763672, 5.101673126220703
v,54.54723358154297, 18.75794219970703, 5.132313251495361
v,54.5234260559082, 18.74977684020996, 5.104742527008057
v,54.73038864135742, 18.82077407836914, 5.134355545043945
v,54.67425537109375, 18.831525802612305, 5.143270969390869
v,54.67152404785156, 18.800580978393555, 5.124047756195068
v,54.79353332519531, 18.87244415283203, 5.060782432556152
v,54.76652145385742, 18.863176345825195, 5.057618618011475
v,54.74198532104492, 18.854759216308594, 5.117262840270996
v,54.5078010559082, 18.744415283203125, 5.1407294273376465
v,54.50722122192383, 18.77422332763672, 5.101673126220703
v,54.5234260559082, 18.74977684020996, 5.104742527008057
v,54.868560791015625, 18.868175506591797, 5.122156143188477
v,54.830970764160156, 18.88528823852539, 5.142614841461182
v,54.842201232910156, 18.859132766723633, 5.146324634552002
v,54.82440185546875, 18.883033752441406, 4.985166072845459
v,54.81342315673828, 18.879268646240234, 4.889072895050049
v,54.80522155761719, 18.8614501953125, 4.942455291748047
v,54.523719787597656, 18.779884338378906, 5.141810417175293
v,54.49391555786133, 18.7696590423584, 5.139833450317383
v,54.52667236328125, 18.780895233154297, 5.148742198944092
v,54.523719787597656, 18.779884338378906, 5.141810417175293
v,54.52667236328125, 18.780895233154297, 5.148742198944092
v,54.52809143066406, 18.781383514404297, 5.110575199127197
v,54.74198532104492, 18.854759216308594, 5.117262840270996
v,54.75004196166992, 18.827516555786133, 5.087050437927246
v,54.746971130371094, 18.826461791992188, 5.116995811462402
v,54.677467346191406, 18.80261993408203, 5.063482284545898
v,54.587337493896484, 18.801706314086914, 5.15233039855957
v,54.57939910888672, 18.76897621154785, 5.154412269592285
v,54.49746322631836, 18.770877838134766, 5.132469654083252
v,54.50722122192383, 18.77422332763672, 5.101673126220703
v,54.49391555786133, 18.7696590423584, 5.139833450317383
v,54.80466079711914, 18.86973762512207, 5.093772888183594
v,54.76652145385742, 18.863176345825195, 5.057618618011475
v,54.79353332519531, 18.87244415283203, 5.060782432556152
v,54.677467346191406, 18.80261993408203, 5.063482284545898
v,54.67425537109375, 18.831525802612305, 5.143270969390869
v,54.67445373535156, 18.831592559814453, 5.045881748199463
v,54.849517822265625, 18.86164093017578, 4.916666507720947
v,54.86627197265625, 18.897397994995117, 4.88783073425293
v,54.87367248535156, 18.869930267333984, 4.8824615478515625
v,54.6796989440918, 18.833393096923828, 5.137857913970947
v,54.727516174316406, 18.849796295166016, 5.129276275634766
v,54.70138931274414, 18.84083366394043, 5.118748664855957
v,54.57939910888672, 18.76897621154785, 5.154412269592285
v,54.73239517211914, 18.821462631225586, 4.987370014190674
v,54.677467346191406, 18.80261993408203, 5.063482284545898
v,54.842201232910156, 18.859132766723633, 5.146324634552002
v,54.74198532104492, 18.854759216308594, 5.117262840270996
v,54.746971130371094, 18.826461791992188, 5.116995811462402
v,54.67445373535156, 18.831592559814453, 5.045881748199463
v,54.67425537109375, 18.831525802612305, 5.143270969390869
v,54.6796989440918, 18.833393096923828, 5.137857913970947
v,54.575130462646484, 18.773006439208984, 5.118533134460449
v,54.54507064819336, 18.77155303955078, 5.096343994140625
v,54.56676483154297, 18.79465103149414, 5.109044551849365
v,54.845062255859375, 18.86011505126953, 4.994656085968018
v,54.82440185546875, 18.883033752441406, 4.985166072845459
v,54.87631607055664, 18.900842666625977, 5.0427632331848145
v,54.87367248535156, 18.869930267333984, 4.8824615478515625
v,54.84249496459961, 18.8824462890625, 4.920226097106934
v,54.849517822265625, 18.86164093017578, 4.916666507720947
v,54.5078010559082, 18.744415283203125, 5.1407294273376465
v,54.52667236328125, 18.780895233154297, 5.148742198944092
v,54.49391555786133, 18.7696590423584, 5.139833450317383
v,54.75004196166992, 18.827516555786133, 5.087050437927246
v,54.830970764160156, 18.88528823852539, 5.142614841461182
v,54.868560791015625, 18.868175506591797, 5.122156143188477
v,54.75004196166992, 18.827516555786133, 5.087050437927246
v,54.842201232910156, 18.859132766723633, 5.146324634552002
v,54.746971130371094, 18.826461791992188, 5.116995811462402
v,54.587337493896484, 18.801706314086914, 5.15233039855957
v,54.596893310546875, 18.80498504638672, 5.137518405914307
v,54.53628921508789, 18.784194946289062, 5.1092424392700195
v,54.705360412597656, 18.81218719482422, 5.112236499786377
v,54.70138931274414, 18.84083366394043, 5.118748664855957
v,54.727516174316406, 18.849796295166016, 5.129276275634766
v,54.81342315673828, 18.879268646240234, 4.889072895050049
v,54.811920166015625, 18.848743438720703, 4.950861930847168
v,54.87367248535156, 18.869930267333984, 4.8824615478515625
v,54.795127868652344, 18.87299156188965, 4.982683181762695
v,54.845062255859375, 18.86011505126953, 4.994656085968018
v,54.73239517211914, 18.821462631225586, 4.987370014190674
v,54.53628921508789, 18.784194946289062, 5.1092424392700195
v,54.57939910888672, 18.76897621154785, 5.154412269592285
v,54.566925048828125, 18.76469612121582, 5.092164516448975
v,54.80522155761719, 18.8614501953125, 4.942455291748047
v,54.84593200683594, 18.86041259765625, 4.868597030639648
v,54.811920166015625, 18.848743438720703, 4.950861930847168
v,54.56676483154297, 18.79465103149414, 5.109044551849365
v,54.566925048828125, 18.76469612121582, 5.092164516448975
v,54.575130462646484, 18.773006439208984, 5.118533134460449
v,54.845062255859375, 18.86011505126953, 4.994656085968018
v,54.80522155761719, 18.8614501953125, 4.942455291748047
v,54.811920166015625, 18.848743438720703, 4.950861930847168
v,54.54723358154297, 18.75794219970703, 5.132313251495361
v,54.52809143066406, 18.781383514404297, 5.110575199127197
v,54.5234260559082, 18.74977684020996, 5.104742527008057
v,54.57939910888672, 18.76897621154785, 5.154412269592285
v,54.67445373535156, 18.831592559814453, 5.045881748199463
v,54.73239517211914, 18.821462631225586, 4.987370014190674
v,54.54723358154297, 18.75794219970703, 5.132313251495361
v,54.5078010559082, 18.744415283203125, 5.1407294273376465
v,54.523719787597656, 18.779884338378906, 5.141810417175293
v,54.49746322631836, 18.770877838134766, 5.132469654083252
v,54.523719787597656, 18.779884338378906, 5.141810417175293
v,54.5078010559082, 18.744415283203125, 5.1407294273376465
v,54.49746322631836, 18.770877838134766, 5.132469654083252
v,54.5078010559082, 18.744415283203125, 5.1407294273376465
v,54.5234260559082, 18.74977684020996, 5.104742527008057
v,54.566925048828125, 18.76469612121582, 5.092164516448975
v,54.57939910888672, 18.76897621154785, 5.154412269592285
v,54.54507064819336, 18.77155303955078, 5.096343994140625
v,54.67152404785156, 18.800580978393555, 5.124047756195068
v,54.70138931274414, 18.84083366394043, 5.118748664855957
v,54.73038864135742, 18.82077407836914, 5.134355545043945
v,54.587337493896484, 18.801706314086914, 5.15233039855957
v,54.54507064819336, 18.77155303955078, 5.096343994140625
v,54.57939910888672, 18.76897621154785, 5.154412269592285
v,54.79353332519531, 18.87244415283203, 5.060782432556152
v,54.74198532104492, 18.854759216308594, 5.117262840270996
v,54.75004196166992, 18.827516555786133, 5.087050437927246
v,54.70138931274414, 18.84083366394043, 5.118748664855957
v,54.705360412597656, 18.81218719482422, 5.112236499786377
v,54.73038864135742, 18.82077407836914, 5.134355545043945
v,54.86627197265625, 18.897397994995117, 4.88783073425293
v,54.87367248535156, 18.869930267333984, 4.8824615478515625
v,54.84593200683594, 18.86041259765625, 4.868597030639648
v,54.81342315673828, 18.879268646240234, 4.889072895050049
v,54.84593200683594, 18.86041259765625, 4.868597030639648
v,54.80522155761719, 18.8614501953125, 4.942455291748047
v,54.84413146972656, 18.85979461669922, 4.867774486541748
v,54.84355163574219, 18.889604568481445, 4.828718185424805
v,54.85975646972656, 18.865158081054688, 4.831787586212158
v,54.8625373840332, 18.8961181640625, 4.927229881286621
v,54.84249496459961, 18.8824462890625, 4.920226097106934
v,54.87367248535156, 18.869930267333984, 4.8824615478515625
v,54.86944580078125, 18.898487091064453, 5.045590877532959
v,54.845062255859375, 18.86011505126953, 4.994656085968018
v,54.868560791015625, 18.868175506591797, 5.122156143188477
v,54.87631607055664, 18.900842666625977, 5.0427632331848145
v,54.868560791015625, 18.868175506591797, 5.122156143188477
v,54.845062255859375, 18.86011505126953, 4.994656085968018
v,54.84355163574219, 18.889604568481445, 4.828718185424805
v,54.88356399536133, 18.873321533203125, 4.859358310699463
v,54.85975646972656, 18.865158081054688, 4.831787586212158
v,54.86005401611328, 18.895263671875, 4.8688554763793945
v,54.83024978637695, 18.885038375854492, 4.866878509521484
v,54.86300277709961, 18.896276473999023, 4.875787258148193
v,54.86005401611328, 18.895263671875, 4.8688554763793945
v,54.86300277709961, 18.896276473999023, 4.875787258148193
v,54.86442565917969, 18.89676284790039, 4.837620258331299
v,54.84413146972656, 18.85979461669922, 4.867774486541748
v,54.86300277709961, 18.896276473999023, 4.875787258148193
v,54.83024978637695, 18.885038375854492, 4.866878509521484
v,54.833797454833984, 18.886255264282227, 4.8595147132873535
v,54.84355163574219, 18.889604568481445, 4.828718185424805
v,54.83024978637695, 18.885038375854492, 4.866878509521484
v,54.88356399536133, 18.873321533203125, 4.859358310699463
v,54.86442565917969, 18.89676284790039, 4.837620258331299
v,54.85975646972656, 18.865158081054688, 4.831787586212158
v,54.85466766357422, 18.867721557617188, 5.221074104309082
v,54.88063430786133, 18.88016700744629, 5.24287748336792
v,54.8494758605957, 18.88078498840332, 5.257674694061279
v,54.88356399536133, 18.873321533203125, 4.859358310699463
v,54.84413146972656, 18.85979461669922, 4.867774486541748
v,54.86005401611328, 18.895263671875, 4.8688554763793945
v,54.833797454833984, 18.886255264282227, 4.8595147132873535
v,54.86005401611328, 18.895263671875, 4.8688554763793945
v,54.84413146972656, 18.85979461669922, 4.867774486541748
v,54.833797454833984, 18.886255264282227, 4.8595147132873535
v,54.84413146972656, 18.85979461669922, 4.867774486541748
v,54.85975646972656, 18.865158081054688, 4.831787586212158
v,54.3471794128418, 18.610820770263672, 5.78132963180542
v,54.16443634033203, 18.52184295654297, 5.779555797576904
v,54.37873077392578, 18.59537124633789, 5.779649257659912
v,54.85466766357422, 18.867721557617188, 5.221074104309082
v,54.8494758605957, 18.88078498840332, 5.257674694061279
v,54.87512969970703, 18.896133422851562, 5.24003791809082
v,54.87512969970703, 18.896133422851562, 5.24003791809082
v,54.87968063354492, 18.882976531982422, 5.231196403503418
v,54.85466766357422, 18.867721557617188, 5.221074104309082
v,54.88063430786133, 18.88016700744629, 5.24287748336792
v,54.87512969970703, 18.896133422851562, 5.24003791809082
v,54.8494758605957, 18.88078498840332, 5.257674694061279
v,54.85000991821289, 18.870941162109375, 4.776209354400635
v,54.880001068115234, 18.8819637298584, 4.752561569213867
v,54.87855529785156, 18.88625144958496, 4.768638610839844
v,54.42116165161133, 18.70867156982422, 5.218940734863281
v,54.396873474121094, 18.715864181518555, 5.197342872619629
v,54.41998291015625, 18.728456497192383, 5.197877883911133
v,54.41998291015625, 18.728456497192383, 5.197877883911133
v,54.400291442871094, 18.732254028320312, 5.197485446929932
v,54.40902328491211, 18.746795654296875, 5.221344947814941
v,54.39167404174805, 18.72862434387207, 5.1160407066345215
v,54.422515869140625, 18.71051597595215, 5.121203422546387
v,54.40414810180664, 18.715238571166992, 5.143091201782227
v,54.422515869140625, 18.71051597595215, 5.121203422546387
v,54.420021057128906, 18.734928131103516, 5.142736434936523
v,54.40414810180664, 18.715238571166992, 5.143091201782227
v,54.420021057128906, 18.734928131103516, 5.142736434936523
v,54.39167404174805, 18.72862434387207, 5.1160407066345215
v,54.40380859375, 18.734712600708008, 5.142784595489502
v,54.39167404174805, 18.72862434387207, 5.1160407066345215
v,54.40414810180664, 18.715238571166992, 5.143091201782227
v,54.40380859375, 18.734712600708008, 5.142784595489502
v,54.87188720703125, 18.919553756713867, 5.129596710205078
v,54.87642288208008, 18.907331466674805, 4.72877836227417
v,54.88966751098633, 18.8686580657959, 4.729275703430176
v,54.86804962158203, 18.87592887878418, 5.152103900909424
v,54.86004638671875, 18.898984909057617, 5.164262771606445
v,54.87188720703125, 18.919553756713867, 5.129596710205078
v,54.87001037597656, 18.924301147460938, 5.195554733276367
v,54.85634994506836, 18.891605377197266, 5.183487415313721
v,54.86628723144531, 18.866939544677734, 5.182667255401611
v,54.90044403076172, 18.836750030517578, 5.16752815246582
v,54.88869094848633, 18.871362686157227, 5.253264427185059
v,54.88243103027344, 18.854904174804688, 5.176921844482422
v,54.87188720703125, 18.919553756713867, 5.129596710205078
v,54.90044403076172, 18.836750030517578, 5.16752815246582
v,54.86804962158203, 18.87592887878418, 5.152103900909424
v,54.30514907836914, 18.809677124023438, 5.7794623374938965
v,54.09082794189453, 18.73613739013672, 5.779555797576904
v,54.12240219116211, 18.720643997192383, 5.78132963180542
v,54.09082794189453, 18.73613739013672, 5.779555797576904
v,54.179786682128906, 18.553447723388672, 5.78132963180542
v,54.12240219116211, 18.720643997192383, 5.78132963180542
v,54.34708786010742, 18.61077880859375, 5.777781963348389
v,54.16443634033203, 18.52184295654297, 5.779555797576904
v,54.179901123046875, 18.553449630737305, 5.777781963348389
v,54.37873077392578, 18.59537124633789, 5.779649257659912
v,54.28976058959961, 18.778118133544922, 5.78132963180542
v,54.3471794128418, 18.610820770263672, 5.78132963180542
v,54.179901123046875, 18.553449630737305, 5.777781963348389
v,54.09082794189453, 18.73613739013672, 5.779555797576904
v,54.12248611450195, 18.720706939697266, 5.777781963348389
v,54.12248611450195, 18.720706939697266, 5.777781963348389
v,54.179786682128906, 18.553447723388672, 5.78132963180542
v,54.179901123046875, 18.553449630737305, 5.777781963348389
v,54.12248611450195, 18.720706939697266, 5.777781963348389
v,54.09082794189453, 18.73613739013672, 5.779555797576904
v,54.30514907836914, 18.809677124023438, 5.7794623374938965
v,54.30514907836914, 18.809677124023438, 5.7794623374938965
v,54.34708786010742, 18.61077880859375, 5.777781963348389
v,54.289649963378906, 18.778091430664062, 5.777781963348389
v,54.34708786010742, 18.61077880859375, 5.777781963348389
v,54.28976058959961, 18.778118133544922, 5.78132963180542
v,54.289649963378906, 18.778091430664062, 5.777781963348389
v,54.12240219116211, 18.720643997192383, 5.78132963180542
v,54.289649963378906, 18.778091430664062, 5.777781963348389
v,54.28976058959961, 18.778118133544922, 5.78132963180542
v,54.179901123046875, 18.553449630737305, 5.777781963348389
v,54.3471794128418, 18.610820770263672, 5.78132963180542
v,54.34708786010742, 18.61077880859375, 5.777781963348389
v,54.4797248840332, 18.552745819091797, 6.196965217590332
v,54.37340545654297, 18.59795379638672, 5.7812581062316895
v,54.36374282836914, 18.6141357421875, 5.781325340270996
v,54.24225997924805, 18.682491302490234, 5.776808738708496
v,54.233551025390625, 18.646554946899414, 5.776698112487793
v,54.341922760009766, 18.702512741088867, 5.776007652282715
v,54.24225997924805, 18.682491302490234, 5.776808738708496
v,54.25584411621094, 18.659786224365234, 5.774233818054199
v,54.221405029296875, 18.681528091430664, 5.775206565856934
v,54.12764358520508, 18.629003524780273, 5.776007652282715
v,54.221405029296875, 18.681528091430664, 5.775206565856934
v,54.233551025390625, 18.646554946899414, 5.776698112487793
v,54.341922760009766, 18.702512741088867, 5.776007652282715
v,54.25584411621094, 18.659786224365234, 5.774233818054199
v,54.24225997924805, 18.682491302490234, 5.776808738708496
v,54.233551025390625, 18.646554946899414, 5.776698112487793
v,54.25584411621094, 18.659786224365234, 5.774233818054199
v,54.341922760009766, 18.702512741088867, 5.776007652282715
v,54.37340545654297, 18.59795379638672, 5.7812581062316895
v,54.47008514404297, 18.539209365844727, 6.19685173034668
v,54.35930252075195, 18.598228454589844, 5.781396389007568
v,54.34284591674805, 18.91010093688965, 6.19685173034668
v,54.302589416503906, 18.804378509521484, 5.7812581062316895
v,54.2916259765625, 18.79550552368164, 5.781396389007568
v,54.4797248840332, 18.552745819091797, 6.196965217590332
v,54.36374282836914, 18.6141357421875, 5.781325340270996
v,54.35930252075195, 18.598228454589844, 5.781396389007568
v,54.302589416503906, 18.804378509521484, 5.7812581062316895
v,54.358768463134766, 18.905332565307617, 6.196965217590332
v,54.304893493652344, 18.78567123413086, 5.781325340270996
v,54.2916259765625, 18.79550552368164, 5.781396389007568
v,54.304893493652344, 18.78567123413086, 5.781325340270996
v,54.358768463134766, 18.905332565307617, 6.196965217590332
v,53.989845275878906, 18.778772354125977, 6.196965217590332
v,54.096160888671875, 18.733562469482422, 5.7812581062316895
v,54.105037689208984, 18.722599029541016, 5.781396389007568
v,53.99948501586914, 18.792308807373047, 6.19685173034668
v,54.105037689208984, 18.722599029541016, 5.781396389007568
v,54.1148681640625, 18.735870361328125, 5.781325340270996
v,54.096160888671875, 18.733562469482422, 5.7812581062316895
v,53.99948501586914, 18.792308807373047, 6.19685173034668
v,54.1148681640625, 18.735870361328125, 5.781325340270996
v,54.1267204284668, 18.421417236328125, 6.19685173034668
v,54.16697692871094, 18.527135848999023, 5.7812581062316895
v,54.183162689208984, 18.536800384521484, 5.781325340270996
v,54.16697692871094, 18.527135848999023, 5.7812581062316895
v,54.110801696777344, 18.426183700561523, 6.196965217590332
v,54.16725540161133, 18.541240692138672, 5.781396389007568
v,54.16725540161133, 18.541240692138672, 5.781396389007568
v,54.1267204284668, 18.421417236328125, 6.19685173034668
v,54.183162689208984, 18.536800384521484, 5.781325340270996
v,54.485313415527344, 18.541601181030273, 6.19799280166626
v,54.2135009765625, 18.62270736694336, 6.3753437995910645
v,54.11054992675781, 18.41227912902832, 6.199857711791992
v,54.257999420166016, 18.705963134765625, 6.372392654418945
v,54.485313415527344, 18.541601181030273, 6.19799280166626
v,54.36026382446289, 18.921592712402344, 6.200675010681152
v,54.11054992675781, 18.41227912902832, 6.199857711791992
v,54.1873664855957, 18.68529510498047, 6.375171661376953
v,53.979759216308594, 18.789371490478516, 6.198393821716309
v,54.160743713378906, 18.616085052490234, 6.443088054656982
v,54.185115814208984, 18.71451187133789, 6.432816505432129
v,54.23643112182617, 18.614091873168945, 6.440760612487793
v,54.485313415527344, 18.541601181030273, 6.19799280166626
v,54.4678955078125, 18.550853729248047, 6.212625026702881
v,54.34928512573242, 18.899566650390625, 6.21185827255249
v,54.485313415527344, 18.541601181030273, 6.19799280166626
v,54.12089920043945, 18.431991577148438, 6.211675643920898
v,54.4678955078125, 18.550853729248047, 6.212625026702881
v,54.36026382446289, 18.921592712402344, 6.200675010681152
v,54.00088882446289, 18.779848098754883, 6.211604118347168
v,53.979759216308594, 18.789371490478516, 6.198393821716309
v,54.485313415527344, 18.541601181030273, 6.19799280166626
v,54.11054992675781, 18.41227912902832, 6.199857711791992
v,54.12089920043945, 18.431991577148438, 6.211675643920898
v,54.00088882446289, 18.779848098754883, 6.211604118347168
v,54.36026382446289, 18.921592712402344, 6.200675010681152
v,54.34928512573242, 18.899566650390625, 6.21185827255249
v,54.10275650024414, 18.39586639404297, 6.249834060668945
v,54.09574890136719, 18.45182228088379, 6.197166919708252
v,54.11114501953125, 18.412986755371094, 6.197605133056641
v,54.11114501953125, 18.412986755371094, 6.197605133056641
v,54.15394973754883, 18.42884063720703, 6.197356224060059
v,54.10275650024414, 18.39586639404297, 6.249834060668945
v,54.09574890136719, 18.45182228088379, 6.197166919708252
v,54.10275650024414, 18.39586639404297, 6.249834060668945
v,54.15394973754883, 18.42884063720703, 6.197356224060059
v,54.504676818847656, 18.53373146057129, 6.249834060668945
v,54.4487190246582, 18.526723861694336, 6.197166919708252
v,54.48755645751953, 18.542118072509766, 6.197605133056641
v,54.48755645751953, 18.542118072509766, 6.197605133056641
v,54.471702575683594, 18.584922790527344, 6.197356224060059
v,54.504676818847656, 18.53373146057129, 6.249834060668945
v,54.4487190246582, 18.526723861694336, 6.197166919708252
v,54.504676818847656, 18.53373146057129, 6.249834060668945
v,54.471702575683594, 18.584922790527344, 6.197356224060059
v,54.36681365966797, 18.935649871826172, 6.249834060668945
v,54.373817443847656, 18.879695892333984, 6.197166919708252
v,54.35842514038086, 18.918529510498047, 6.197605133056641
v,54.35842514038086, 18.918529510498047, 6.197605133056641
v,54.31562042236328, 18.90267562866211, 6.197356224060059
v,54.36681365966797, 18.935649871826172, 6.249834060668945
v,54.373817443847656, 18.879695892333984, 6.197166919708252
v,54.36681365966797, 18.935649871826172, 6.249834060668945
v,54.31562042236328, 18.90267562866211, 6.197356224060059
v,53.96489334106445, 18.797786712646484, 6.249834060668945
v,54.02084732055664, 18.804792404174805, 6.197166919708252
v,53.98201370239258, 18.789398193359375, 6.197605133056641
v,53.98201370239258, 18.789398193359375, 6.197605133056641
v,53.997867584228516, 18.746593475341797, 6.197356224060059
v,53.96489334106445, 18.797786712646484, 6.249834060668945
v,54.02084732055664, 18.804792404174805, 6.197166919708252
v,53.96489334106445, 18.797786712646484, 6.249834060668945
v,53.997867584228516, 18.746593475341797, 6.197356224060059
v,54.27052688598633, 18.670419692993164, 6.5914506912231445
v,54.21978759765625, 18.656505584716797, 6.603605270385742
v,54.21870803833008, 18.618467330932617, 6.554775714874268
v,54.22820281982422, 18.678529739379883, 6.509373188018799
v,54.19674301147461, 18.694015502929688, 6.577786922454834
v,54.25838088989258, 18.703536987304688, 6.550569534301758
v,54.22874069213867, 18.651704788208008, 6.508357048034668
v,54.24777603149414, 18.671306610107422, 6.509629726409912
v,54.272056579589844, 18.644447326660156, 6.540828227996826
v,54.25838088989258, 18.703536987304688, 6.550569534301758
v,54.19674301147461, 18.694015502929688, 6.577786922454834
v,54.27052688598633, 18.670419692993164, 6.5914506912231445
v,54.19674301147461, 18.694015502929688, 6.577786922454834
v,54.22820281982422, 18.678529739379883, 6.509373188018799
v,54.22874069213867, 18.651704788208008, 6.508357048034668
v,54.272056579589844, 18.644447326660156, 6.540828227996826
v,54.21870803833008, 18.618467330932617, 6.554775714874268
v,54.22874069213867, 18.651704788208008, 6.508357048034668
v,54.28850555419922, 18.684188842773438, 6.336423397064209
v,54.249305725097656, 18.720664978027344, 6.336431503295898
v,54.31421661376953, 18.72622299194336, 6.33819580078125
v,54.3214225769043, 18.68480682373047, 6.4115095138549805
v,54.23784255981445, 18.750377655029297, 6.409518241882324
v,54.273887634277344, 18.693601608276367, 6.438793659210205
v,54.15006637573242, 18.69723892211914, 6.443150520324707
v,54.21104431152344, 18.735097885131836, 6.487874984741211
v,54.20610046386719, 18.748332977294922, 6.442383289337158
v,54.16883850097656, 18.647140502929688, 6.497452259063721
v,54.243812561035156, 18.599159240722656, 6.4950971603393555
v,54.22874069213867, 18.651704788208008, 6.508357048034668
v,54.160743713378906, 18.616085052490234, 6.443088054656982
v,54.16883850097656, 18.647140502929688, 6.497452259063721
v,54.15006637573242, 18.69723892211914, 6.443150520324707
v,54.16883850097656, 18.647140502929688, 6.497452259063721
v,54.23012161254883, 18.576942443847656, 6.444929122924805
v,54.243812561035156, 18.599159240722656, 6.4950971603393555
v,54.237876892089844, 18.58460807800293, 6.420876979827881
v,54.3214225769043, 18.68480682373047, 6.4115095138549805
v,54.23643112182617, 18.614091873168945, 6.440760612487793
v,54.20610046386719, 18.748332977294922, 6.442383289337158
v,54.273887634277344, 18.693601608276367, 6.438793659210205
v,54.185115814208984, 18.71451187133789, 6.432816505432129
v,54.180694580078125, 18.748626708984375, 6.36032772064209
v,54.177310943603516, 18.74789047241211, 6.337717056274414
v,54.13875961303711, 18.675189971923828, 6.349758148193359
v,54.160797119140625, 18.60443878173828, 6.359772682189941
v,54.22740173339844, 18.569744110107422, 6.359164237976074
v,54.237876892089844, 18.58460807800293, 6.420876979827881
v,54.331085205078125, 18.632308959960938, 6.339754104614258
v,54.277042388916016, 18.62643051147461, 6.33646297454834
v,54.28850555419922, 18.684188842773438, 6.336423397064209
v,54.31421661376953, 18.72622299194336, 6.33819580078125
v,54.331085205078125, 18.632308959960938, 6.339754104614258
v,54.28850555419922, 18.684188842773438, 6.336423397064209
v,54.23643112182617, 18.614091873168945, 6.440760612487793
v,54.185115814208984, 18.71451187133789, 6.432816505432129
v,54.15068817138672, 18.658376693725586, 6.408044815063477
v,54.13875961303711, 18.675189971923828, 6.349758148193359
v,54.192527770996094, 18.70508575439453, 6.33646297454834
v,54.18106460571289, 18.647329330444336, 6.336423397064209
v,54.25825500488281, 18.758777618408203, 6.350975513458252
v,54.3214225769043, 18.68480682373047, 6.4115095138549805
v,54.32926940917969, 18.696924209594727, 6.360782623291016
v,54.3214225769043, 18.68480682373047, 6.4115095138549805
v,54.25825500488281, 18.758777618408203, 6.350975513458252
v,54.23784255981445, 18.750377655029297, 6.409518241882324
v,54.177310943603516, 18.74789047241211, 6.337717056274414
v,54.249305725097656, 18.720664978027344, 6.336431503295898
v,54.192527770996094, 18.70508575439453, 6.33646297454834
v,54.23643112182617, 18.614091873168945, 6.440760612487793
v,54.23012161254883, 18.576942443847656, 6.444929122924805
v,54.160743713378906, 18.616085052490234, 6.443088054656982
v,54.28889465332031, 18.705928802490234, 6.4944634437561035
v,54.16883850097656, 18.647140502929688, 6.497452259063721
v,54.22820281982422, 18.678529739379883, 6.509373188018799
v,54.243812561035156, 18.599159240722656, 6.4950971603393555
v,54.29893493652344, 18.60569953918457, 6.444073677062988
v,54.294273376464844, 18.642822265625, 6.496649742126465
v,54.151344299316406, 18.60964584350586, 6.338127613067627
v,54.24240493774414, 18.5634822845459, 6.338366508483887
v,54.22740173339844, 18.569744110107422, 6.359164237976074
v,54.15137481689453, 18.519620895385742, 5.757590293884277
v,54.168094635009766, 18.51831817626953, 5.714625358581543
v,54.17301940917969, 18.51523208618164, 5.772294044494629
v,54.22874069213867, 18.651704788208008, 6.508357048034668
v,54.243812561035156, 18.599159240722656, 6.4950971603393555
v,54.294273376464844, 18.642822265625, 6.496649742126465
v,54.32346725463867, 18.67281150817871, 6.442829132080078
v,54.23643112182617, 18.614091873168945, 6.440760612487793
v,54.273887634277344, 18.693601608276367, 6.438793659210205
v,54.18106460571289, 18.647329330444336, 6.336423397064209
v,54.22026062011719, 18.610851287841797, 6.336431503295898
v,54.151344299316406, 18.60964584350586, 6.338127613067627
v,54.24240493774414, 18.5634822845459, 6.338366508483887
v,54.22026062011719, 18.610851287841797, 6.336431503295898
v,54.277042388916016, 18.62643051147461, 6.33646297454834
v,54.331085205078125, 18.632308959960938, 6.339754104614258
v,54.31421661376953, 18.72622299194336, 6.33819580078125
v,54.32926940917969, 18.696924209594727, 6.360782623291016
v,54.294273376464844, 18.642822265625, 6.496649742126465
v,54.32346725463867, 18.67281150817871, 6.442829132080078
v,54.28889465332031, 18.705928802490234, 6.4944634437561035
v,54.151344299316406, 18.60964584350586, 6.338127613067627
v,54.22740173339844, 18.569744110107422, 6.359164237976074
v,54.160797119140625, 18.60443878173828, 6.359772682189941
v,54.23784255981445, 18.750377655029297, 6.409518241882324
v,54.180694580078125, 18.748626708984375, 6.36032772064209
v,54.185115814208984, 18.71451187133789, 6.432816505432129
v,54.28889465332031, 18.705928802490234, 6.4944634437561035
v,54.276824951171875, 18.745386123657227, 6.4461588859558105
v,54.21104431152344, 18.735097885131836, 6.487874984741211
v,54.15068817138672, 18.658376693725586, 6.408044815063477
v,54.13875961303711, 18.675189971923828, 6.349758148193359
v,54.160797119140625, 18.60443878173828, 6.359772682189941
v,54.185115814208984, 18.71451187133789, 6.432816505432129
v,54.180694580078125, 18.748626708984375, 6.36032772064209
v,54.15068817138672, 18.658376693725586, 6.408044815063477
v,54.15068817138672, 18.658376693725586, 6.408044815063477
v,54.237876892089844, 18.58460807800293, 6.420876979827881
v,54.23643112182617, 18.614091873168945, 6.440760612487793
v,54.04261016845703, 18.75975799560547, 6.020318508148193
v,54.04738235473633, 18.753337860107422, 6.003218650817871
v,54.05599594116211, 18.761919021606445, 6.005010604858398
v,54.15271759033203, 18.47997283935547, 6.00498104095459
v,54.141204833984375, 18.480741500854492, 6.003047943115234
v,54.140380859375, 18.473876953125, 6.020345211029053
v,54.42695999145508, 18.571758270263672, 6.020318508148193
v,54.422183990478516, 18.57817840576172, 6.003218650817871
v,54.41357421875, 18.569597244262695, 6.005010604858398
v,54.328922271728516, 18.857946395874023, 6.020296096801758
v,54.322364807128906, 18.853158950805664, 6.003218650817871
v,54.3308219909668, 18.844505310058594, 6.005038738250732
v,54.19325256347656, 18.55675506591797, 5.741637229919434
v,54.177547454833984, 18.568096160888672, 5.738781452178955
v,54.19231414794922, 18.554702758789062, 5.776008605957031
v,54.17740249633789, 18.52425193786621, 5.7719268798828125
v,54.19325256347656, 18.55675506591797, 5.741637229919434
v,54.19231414794922, 18.554702758789062, 5.776008605957031
v,54.19325256347656, 18.55675506591797, 5.741637229919434
v,54.17740249633789, 18.52425193786621, 5.7719268798828125
v,54.173423767089844, 18.56475830078125, 5.774629592895508
v,54.19231414794922, 18.554702758789062, 5.776008605957031
v,54.17301940917969, 18.51523208618164, 5.772294044494629
v,54.17740249633789, 18.52425193786621, 5.7719268798828125
v,54.173423767089844, 18.56475830078125, 5.774629592895508
v,54.17301940917969, 18.51523208618164, 5.772294044494629
v,54.19231414794922, 18.554702758789062, 5.776008605957031
v,54.17740249633789, 18.52425193786621, 5.7719268798828125
v,54.168094635009766, 18.51831817626953, 5.714625358581543
v,54.15137481689453, 18.519620895385742, 5.757590293884277
v,54.17740249633789, 18.52425193786621, 5.7719268798828125
v,54.17301940917969, 18.51523208618164, 5.772294044494629
v,54.168094635009766, 18.51831817626953, 5.714625358581543
v,54.21809387207031, 18.607421875, 5.632699489593506
v,54.20450210571289, 18.628122329711914, 5.6298723220825195
v,54.15209197998047, 18.520959854125977, 5.724165439605713
v,54.21809387207031, 18.607421875, 5.632699489593506
v,54.15209197998047, 18.520959854125977, 5.724165439605713
v,54.15137481689453, 18.519620895385742, 5.757590293884277
v,54.358299255371094, 18.617191314697266, 5.695314407348633
v,54.274330139160156, 18.645706176757812, 5.6310954093933105
v,54.37510299682617, 18.585243225097656, 5.71684455871582
v,54.168094635009766, 18.51831817626953, 5.714625358581543
v,54.20450210571289, 18.628122329711914, 5.6298723220825195
v,54.21809387207031, 18.607421875, 5.632699489593506
v,54.21736145019531, 18.630138397216797, 5.549042224884033
v,54.22467041015625, 18.620914459228516, 5.632974624633789
v,54.21809387207031, 18.607421875, 5.632699489593506
v,54.20450210571289, 18.628122329711914, 5.6298723220825195
v,54.168094635009766, 18.51831817626953, 5.714625358581543
v,54.15209197998047, 18.520959854125977, 5.724165439605713
v,54.34474182128906, 18.623668670654297, 5.7468695640563965
v,54.33256149291992, 18.60846710205078, 5.7387189865112305
v,54.3454704284668, 18.623470306396484, 5.775660991668701
v,54.3454704284668, 18.623470306396484, 5.775660991668701
v,54.395660400390625, 18.598922729492188, 5.763087749481201
v,54.34474182128906, 18.623668670654297, 5.7468695640563965
v,54.35162353515625, 18.596651077270508, 5.782389163970947
v,54.37510299682617, 18.585243225097656, 5.71684455871582
v,54.395660400390625, 18.598922729492188, 5.763087749481201
v,54.37510299682617, 18.585243225097656, 5.71684455871582
v,54.36146926879883, 18.615642547607422, 5.688910961151123
v,54.395660400390625, 18.598922729492188, 5.763087749481201
v,54.36146926879883, 18.615642547607422, 5.688910961151123
v,54.27116394042969, 18.636096954345703, 5.624128341674805
v,54.28664016723633, 18.652257919311523, 5.635076522827148
v,54.358299255371094, 18.617191314697266, 5.695314407348633
v,54.36146926879883, 18.615642547607422, 5.688910961151123
v,54.28664016723633, 18.652257919311523, 5.635076522827148
v,54.27725601196289, 18.776813507080078, 5.776008605957031
v,54.29475021362305, 18.763830184936523, 5.739425182342529
v,54.30604553222656, 18.787202835083008, 5.781445026397705
v,54.27040481567383, 18.648334503173828, 5.549042224884033
v,54.274330139160156, 18.645706176757812, 5.6310954093933105
v,54.28664016723633, 18.652257919311523, 5.635076522827148
v,54.37510299682617, 18.585243225097656, 5.71684455871582
v,54.274330139160156, 18.645706176757812, 5.6310954093933105
v,54.27116394042969, 18.636096954345703, 5.624128341674805
v,54.31297302246094, 18.801395416259766, 5.711647987365723
v,54.29216766357422, 18.807266235351562, 5.7719268798828125
v,54.29714584350586, 18.81753921508789, 5.723903656005859
v,54.29216766357422, 18.807266235351562, 5.7719268798828125
v,54.2745361328125, 18.771392822265625, 5.741235256195068
v,54.27725601196289, 18.776813507080078, 5.776008605957031
v,54.2745361328125, 18.771392822265625, 5.741235256195068
v,54.29216766357422, 18.807266235351562, 5.7719268798828125
v,54.30604553222656, 18.787202835083008, 5.781445026397705
v,54.27725601196289, 18.776813507080078, 5.776008605957031
v,54.29623794555664, 18.815673828125, 5.772637367248535
v,54.29216766357422, 18.807266235351562, 5.7719268798828125
v,54.30604553222656, 18.787202835083008, 5.781445026397705
v,54.29623794555664, 18.815673828125, 5.772637367248535
v,54.27725601196289, 18.776813507080078, 5.776008605957031
v,54.29714584350586, 18.81753921508789, 5.723903656005859
v,54.30604553222656, 18.787202835083008, 5.781445026397705
v,54.30841827392578, 18.812772750854492, 5.715031147003174
v,54.29216766357422, 18.807266235351562, 5.7719268798828125
v,54.29623794555664, 18.815673828125, 5.772637367248535
v,54.29714584350586, 18.81753921508789, 5.723903656005859
v,54.267784118652344, 18.708965301513672, 5.635795593261719
v,54.29714584350586, 18.81753921508789, 5.723903656005859
v,54.253692626953125, 18.70586395263672, 5.631096839904785
v,54.2452392578125, 18.711397171020508, 5.623992443084717
v,54.253692626953125, 18.70586395263672, 5.631096839904785
v,54.29714584350586, 18.81753921508789, 5.723903656005859
v,54.2452392578125, 18.711397171020508, 5.623992443084717
v,54.31297302246094, 18.801395416259766, 5.711647987365723
v,54.267784118652344, 18.708965301513672, 5.635795593261719
v,54.29714584350586, 18.81753921508789, 5.723903656005859
v,54.30841827392578, 18.812772750854492, 5.715031147003174
v,54.2452392578125, 18.711397171020508, 5.623992443084717
v,54.10315704345703, 18.741979598999023, 5.772473335266113
v,54.082786560058594, 18.72825813293457, 5.739898204803467
v,54.09414291381836, 18.746429443359375, 5.717214584350586
v,54.267784118652344, 18.708965301513672, 5.635795593261719
v,54.253692626953125, 18.70586395263672, 5.631096839904785
v,54.25220489501953, 18.701377868652344, 5.549042224884033
v,54.12958526611328, 18.707748413085938, 5.738726615905762
v,54.10803985595703, 18.715797424316406, 5.78237247467041
v,54.1348876953125, 18.72640609741211, 5.741511821746826
v,54.09465026855469, 18.746170043945312, 5.773261547088623
v,54.07670211791992, 18.731231689453125, 5.737366676330566
v,54.10803985595703, 18.715797424316406, 5.78237247467041
v,54.18634033203125, 18.677600860595703, 5.6260480880737305
v,54.19172286987305, 18.698686599731445, 5.635433673858643
v,54.09414291381836, 18.746429443359375, 5.717214584350586
v,54.09414291381836, 18.746429443359375, 5.717214584350586
v,54.10810089111328, 18.71587371826172, 5.688910961151123
v,54.07670211791992, 18.731231689453125, 5.737366676330566
v,54.10810089111328, 18.71587371826172, 5.688910961151123
v,54.19172286987305, 18.698686599731445, 5.635433673858643
v,54.18634033203125, 18.677600860595703, 5.6260480880737305
v,54.118804931640625, 18.42864227294922, 6.2005205154418945
v,54.350765228271484, 18.90286636352539, 6.2005205154418945
v,54.47189712524414, 18.549772262573242, 6.2005205154418945
v,54.133453369140625, 18.727176666259766, 5.775660991668701
v,54.12958526611328, 18.707748413085938, 5.738726615905762
v,54.1348876953125, 18.72640609741211, 5.741511821746826
v,54.133453369140625, 18.727176666259766, 5.775660991668701
v,54.1348876953125, 18.72640609741211, 5.741511821746826
v,54.10315704345703, 18.741979598999023, 5.772473335266113
v,54.10315704345703, 18.741979598999023, 5.772473335266113
v,54.09465026855469, 18.746170043945312, 5.773261547088623
v,54.133453369140625, 18.727176666259766, 5.775660991668701
v,54.09414291381836, 18.746429443359375, 5.717214584350586
v,54.09465026855469, 18.746170043945312, 5.773261547088623
v,54.10315704345703, 18.741979598999023, 5.772473335266113
v,54.19172286987305, 18.698686599731445, 5.635433673858643
v,54.194541931152344, 18.684734344482422, 5.631739616394043
v,54.19916534423828, 18.683181762695312, 5.549042224884033
v,54.475341796875, 18.5436954498291, 6.197046279907227
v,54.17674255371094, 18.53810691833496, 5.781845569610596
v,54.35896682739258, 18.60062026977539, 5.781845569610596
v,54.475341796875, 18.5436954498291, 6.197046279907227
v,54.17674255371094, 18.53810691833496, 5.781845569610596
v,54.11953353881836, 18.422548294067383, 6.197237491607666
v,54.35650634765625, 18.906200408935547, 6.197046279907227
v,54.36209487915039, 18.60759925842285, 5.781845569610596
v,54.30039978027344, 18.790103912353516, 5.781654357910156
v,54.11953353881836, 18.422548294067383, 6.197237491607666
v,54.12009811401367, 18.420909881591797, 6.196855545043945
v,54.475341796875, 18.5436954498291, 6.197046279907227
v,53.99425506591797, 18.787738800048828, 6.197046279907227
v,54.29285430908203, 18.79332733154297, 5.781845569610596
v,54.11063003540039, 18.73081398010254, 5.781845569610596
v,54.298763275146484, 18.789541244506836, 5.782036781311035
v,54.30039978027344, 18.790103912353516, 5.781654357910156
v,54.36209487915039, 18.60759925842285, 5.781845569610596
v,53.99425506591797, 18.787738800048828, 6.197046279907227
v,54.29285430908203, 18.79332733154297, 5.781845569610596
v,54.35006332397461, 18.908885955810547, 6.197237491607666
v,54.107444763183594, 18.723907470703125, 5.781838417053223
v,54.11302947998047, 18.42530632019043, 6.197039604187012
v,53.991127014160156, 18.780855178833008, 6.1970534324646
v,54.35006332397461, 18.908885955810547, 6.197237491607666
v,54.3494987487793, 18.910524368286133, 6.196855545043945
v,53.99425506591797, 18.787738800048828, 6.197046279907227
v,54.2410774230957, 18.660945892333984, 5.650373935699463
v,54.227725982666016, 18.661022186279297, 5.821005821228027
v,54.2287712097168, 18.660449981689453, 5.650373935699463
v,54.243648529052734, 18.680509567260742, 5.879876613616943
v,54.24360656738281, 18.666852951049805, 5.8202948570251465
v,54.23078536987305, 18.673185348510742, 5.820417881011963
v,54.25056457519531, 18.656909942626953, 5.877964019775391
v,54.22948455810547, 18.658418655395508, 5.819806098937988
v,54.24360656738281, 18.666852951049805, 5.8202948570251465
v,54.21947479248047, 18.67486572265625, 5.87888240814209
v,54.23078536987305, 18.673185348510742, 5.820417881011963
v,54.22948455810547, 18.658418655395508, 5.819806098937988
v,57.506317138671875, 11.391515731811523, 5.653848171234131
v,57.45809555053711, 11.419331550598145, 5.5327582359313965
v,57.43026351928711, 11.37259578704834, 5.654348373413086
v,57.68317413330078, 11.410913467407227, 5.187282562255859
v,58.118492126464844, 11.576248168945312, 5.145071983337402
v,58.11927795410156, 11.573959350585938, 5.191951274871826
v,57.68317413330078, 11.410913467407227, 5.187282562255859
v,58.11927795410156, 11.573959350585938, 5.191951274871826
v,57.670196533203125, 11.448158264160156, 5.195556640625
v,57.48943328857422, 11.324728012084961, 5.653743267059326
v,57.516448974609375, 11.356950759887695, 5.542309284210205
v,57.506317138671875, 11.391515731811523, 5.653848171234131
v,57.43026351928711, 11.37259578704834, 5.654348373413086
v,57.42854309082031, 11.373529434204102, 5.5399580001831055
v,57.463504791259766, 11.324302673339844, 5.541086673736572
v,57.420318603515625, 11.303613662719727, 5.50192928314209
v,57.42854309082031, 11.373529434204102, 5.5399580001831055
v,57.397491455078125, 11.332704544067383, 5.457685947418213
v,57.42854309082031, 11.373529434204102, 5.5399580001831055
v,57.40155792236328, 11.40469741821289, 5.458281993865967
v,57.397491455078125, 11.332704544067383, 5.457685947418213
v,57.42854309082031, 11.373529434204102, 5.5399580001831055
v,57.45809555053711, 11.419331550598145, 5.5327582359313965
v,57.40155792236328, 11.40469741821289, 5.458281993865967
v,57.40155792236328, 11.40469741821289, 5.458281993865967
v,57.45809555053711, 11.419331550598145, 5.5327582359313965
v,57.499900817871094, 11.442625999450684, 5.448895454406738
v,57.529937744140625, 11.41387939453125, 5.507640361785889
v,57.53504180908203, 11.384422302246094, 5.4163007736206055
v,57.499900817871094, 11.442625999450684, 5.448895454406738
v,57.516448974609375, 11.356950759887695, 5.542309284210205
v,57.547630310058594, 11.337825775146484, 5.505391597747803
v,57.529937744140625, 11.41387939453125, 5.507640361785889
v,57.68010330200195, 11.419268608093262, 5.145453453063965
v,58.118492126464844, 11.576248168945312, 5.145071983337402
v,57.68317413330078, 11.410913467407227, 5.187282562255859
v,57.496131896972656, 11.289432525634766, 5.502734184265137
v,57.463504791259766, 11.324302673339844, 5.541086673736572
v,57.420318603515625, 11.303613662719727, 5.50192928314209
v,57.52407455444336, 11.399852752685547, 5.157469749450684
v,57.497127532958984, 11.382169723510742, 5.247150421142578
v,57.54380798339844, 11.40060806274414, 5.194543361663818
v,57.44480895996094, 11.380388259887695, 5.327240467071533
v,57.497127532958984, 11.382169723510742, 5.247150421142578
v,57.52407455444336, 11.399852752685547, 5.157469749450684
v,57.547630310058594, 11.337825775146484, 5.505391597747803
v,57.496131896972656, 11.289432525634766, 5.502734184265137
v,57.506103515625, 11.309819221496582, 5.413571834564209
v,57.53504180908203, 11.384422302246094, 5.4163007736206055
v,57.529937744140625, 11.41387939453125, 5.507640361785889
v,57.547630310058594, 11.337825775146484, 5.505391597747803
v,57.44282150268555, 11.437278747558594, 5.391707897186279
v,57.49774169921875, 11.377045631408691, 5.319499969482422
v,57.44480895996094, 11.380388259887695, 5.327240467071533
v,57.52141189575195, 11.36159896850586, 5.198241710662842
v,57.49774169921875, 11.377045631408691, 5.319499969482422
v,57.47877883911133, 11.334457397460938, 5.319814205169678
v,57.53504180908203, 11.384422302246094, 5.4163007736206055
v,57.549861907958984, 11.321593284606934, 5.390288352966309
v,57.51830291748047, 11.43093204498291, 5.38917875289917
v,57.449378967285156, 11.419642448425293, 5.416727542877197
v,57.51830291748047, 11.43093204498291, 5.38917875289917
v,57.44282150268555, 11.437278747558594, 5.391707897186279
v,57.449378967285156, 11.419642448425293, 5.416727542877197
v,57.44282150268555, 11.437278747558594, 5.391707897186279
v,57.3912467956543, 11.358779907226562, 5.385676383972168
v,57.52141189575195, 11.36159896850586, 5.198241710662842
v,57.47877883911133, 11.334457397460938, 5.319814205169678
v,57.49223709106445, 11.35076904296875, 5.1859965324401855
v,57.440521240234375, 11.290145874023438, 5.3921661376953125
v,57.420684814453125, 11.327347755432129, 5.415156364440918
v,57.3912467956543, 11.358779907226562, 5.385676383972168
v,57.549861907958984, 11.321593284606934, 5.390288352966309
v,57.506103515625, 11.309819221496582, 5.413571834564209
v,57.440521240234375, 11.290145874023438, 5.3921661376953125
v,57.49774169921875, 11.377045631408691, 5.319499969482422
v,57.549861907958984, 11.321593284606934, 5.390288352966309
v,57.47877883911133, 11.334457397460938, 5.319814205169678
v,57.66759490966797, 11.457206726074219, 5.1564249992370605
v,58.108421325683594, 11.605602264404297, 5.176280975341797
v,58.118492126464844, 11.576248168945312, 5.145071983337402
v,57.670196533203125, 11.448158264160156, 5.195556640625
v,58.11927795410156, 11.573959350585938, 5.191951274871826
v,58.108421325683594, 11.605602264404297, 5.176280975341797
v,57.66759490966797, 11.457206726074219, 5.1564249992370605
v,58.118492126464844, 11.576248168945312, 5.145071983337402
v,57.68010330200195, 11.419268608093262, 5.145453453063965
v,57.62965393066406, 11.391840934753418, 5.191472053527832
v,57.54380798339844, 11.40060806274414, 5.194543361663818
v,57.52141189575195, 11.36159896850586, 5.198241710662842
v,57.49223709106445, 11.35076904296875, 5.1859965324401855
v,57.62864303588867, 11.392330169677734, 5.150271415710449
v,57.52141189575195, 11.36159896850586, 5.198241710662842
v,57.52407455444336, 11.399852752685547, 5.157469749450684
v,57.54380798339844, 11.40060806274414, 5.194543361663818
v,57.614051818847656, 11.435953140258789, 5.190558910369873
v,57.614479064941406, 11.43548583984375, 5.147030830383301
v,57.62864303588867, 11.392330169677734, 5.150271415710449
v,57.49223709106445, 11.35076904296875, 5.1859965324401855
v,57.670196533203125, 11.448158264160156, 5.195556640625
v,57.614051818847656, 11.435953140258789, 5.190558910369873
v,57.62965393066406, 11.391840934753418, 5.191472053527832
v,57.614479064941406, 11.43548583984375, 5.147030830383301
v,57.670196533203125, 11.448158264160156, 5.195556640625
v,57.66759490966797, 11.457206726074219, 5.1564249992370605
v,57.68010330200195, 11.419268608093262, 5.145453453063965
v,57.62864303588867, 11.392330169677734, 5.150271415710449
v,57.614479064941406, 11.43548583984375, 5.147030830383301
v,57.62965393066406, 11.391840934753418, 5.191472053527832
v,57.68010330200195, 11.419268608093262, 5.145453453063965
v,57.68317413330078, 11.410913467407227, 5.187282562255859
v,57.966644287109375, 11.54818344116211, 5.129276275634766
v,57.969520568847656, 11.519161224365234, 5.134355545043945
v,57.944488525390625, 11.510577201843262, 5.112236499786377
v,57.736595153808594, 11.469263076782227, 5.132469654083252
v,57.76255416870117, 11.448164939880371, 5.104742527008057
v,57.7672233581543, 11.479772567749023, 5.110575199127197
v,57.97152328491211, 11.519850730895996, 4.987370014190674
v,57.97962951660156, 11.52263069152832, 4.997137069702148
v,57.9106559753418, 11.498968124389648, 5.124047756195068
v,57.7672233581543, 11.479772567749023, 5.110575199127197
v,57.74635314941406, 11.472611427307129, 5.101673126220703
v,57.736595153808594, 11.469263076782227, 5.132469654083252
v,57.916595458984375, 11.501005172729492, 5.063482284545898
v,57.97152328491211, 11.519850730895996, 4.987370014190674
v,57.9106559753418, 11.498968124389648, 5.124047756195068
v,58.10166931152344, 11.594505310058594, 4.927229881286621
v,58.088645935058594, 11.560029983520508, 4.916666507720947
v,58.08162307739258, 11.580833435058594, 4.920226097106934
v,57.97962951660156, 11.52263069152832, 4.997137069702148
v,57.97152328491211, 11.519850730895996, 4.987370014190674
v,58.084190368652344, 11.558502197265625, 4.994656085968018
v,57.7672233581543, 11.479772567749023, 5.110575199127197
v,57.78636169433594, 11.456329345703125, 5.132313251495361
v,57.74635314941406, 11.472611427307129, 5.101673126220703
v,58.063533782958984, 11.581422805786133, 4.985166072845459
v,58.051048278808594, 11.547130584716797, 4.950861930847168
v,58.05255126953125, 11.577653884887695, 4.889072895050049
v,57.82646560668945, 11.50009536743164, 5.15233039855957
v,57.775421142578125, 11.482582092285156, 5.1092424392700195
v,57.784202575683594, 11.469940185546875, 5.096343994140625
v,57.775421142578125, 11.482582092285156, 5.1092424392700195
v,57.80589294433594, 11.493036270141602, 5.109044551849365
v,57.784202575683594, 11.469940185546875, 5.096343994140625
v,58.05255126953125, 11.577653884887695, 4.889072895050049
v,58.1128044128418, 11.568317413330078, 4.8824615478515625
v,58.10540008544922, 11.595785140991211, 4.88783073425293
v,58.085060119628906, 11.558801651000977, 4.868597030639648
v,58.1128044128418, 11.568317413330078, 4.8824615478515625
v,58.051048278808594, 11.547130584716797, 4.950861930847168
v,58.10857391357422, 11.596872329711914, 5.045590877532959
v,58.107688903808594, 11.56656265258789, 5.122156143188477
v,58.070098876953125, 11.583675384521484, 5.142614841461182
v,57.78636169433594, 11.456329345703125, 5.132313251495361
v,57.7672233581543, 11.479772567749023, 5.110575199127197
v,57.76580047607422, 11.47928237915039, 5.148742198944092
v,57.91358184814453, 11.529980659484863, 5.045881748199463
v,57.9106559753418, 11.498968124389648, 5.124047756195068
v,57.97962951660156, 11.52263069152832, 4.997137069702148
v,58.03425598144531, 11.571377754211426, 4.982683181762695
v,57.97152328491211, 11.519850730895996, 4.987370014190674
v,57.91358184814453, 11.529980659484863, 5.045881748199463
v,57.98917007446289, 11.525904655456543, 5.087050437927246
v,58.04378890991211, 11.568126678466797, 5.093772888183594
v,58.0482292175293, 11.546165466308594, 5.09672737121582
v,57.91358184814453, 11.529980659484863, 5.045881748199463
v,57.836021423339844, 11.503373146057129, 5.137518405914307
v,57.82646560668945, 11.50009536743164, 5.15233039855957
v,57.775421142578125, 11.482582092285156, 5.1092424392700195
v,57.806053161621094, 11.463085174560547, 5.092164516448975
v,57.80589294433594, 11.493036270141602, 5.109044551849365
v,57.91358184814453, 11.529980659484863, 5.045881748199463
v,57.97962951660156, 11.52263069152832, 4.997137069702148
v,58.03425598144531, 11.571377754211426, 4.982683181762695
v,57.81426239013672, 11.471393585205078, 5.118533134460449
v,57.806053161621094, 11.463085174560547, 5.092164516448975
v,57.784202575683594, 11.469940185546875, 5.096343994140625
v,58.03266525268555, 11.570833206176758, 5.060782432556152
v,57.98917007446289, 11.525904655456543, 5.087050437927246
v,58.0482292175293, 11.546165466308594, 5.09672737121582
v,58.03266525268555, 11.570833206176758, 5.060782432556152
v,58.0482292175293, 11.546165466308594, 5.09672737121582
v,58.04378890991211, 11.568126678466797, 5.093772888183594
v,58.044349670410156, 11.559839248657227, 4.942455291748047
v,58.084190368652344, 11.558502197265625, 4.994656085968018
v,58.063533782958984, 11.581422805786133, 4.985166072845459
v,58.10540008544922, 11.595785140991211, 4.88783073425293
v,58.085060119628906, 11.558801651000977, 4.868597030639648
v,58.05255126953125, 11.577653884887695, 4.889072895050049
v,58.03425598144531, 11.571377754211426, 4.982683181762695
v,58.084190368652344, 11.558502197265625, 4.994656085968018
v,58.10857391357422, 11.596872329711914, 5.045590877532959
v,58.03425598144531, 11.571377754211426, 4.982683181762695
v,57.97962951660156, 11.52263069152832, 4.997137069702148
v,58.084190368652344, 11.558502197265625, 4.994656085968018
v,57.836021423339844, 11.503373146057129, 5.137518405914307
v,57.81852722167969, 11.467364311218262, 5.154412269592285
v,57.775421142578125, 11.482582092285156, 5.1092424392700195
v,58.10857391357422, 11.596872329711914, 5.045590877532959
v,58.070098876953125, 11.583675384521484, 5.142614841461182
v,58.115447998046875, 11.599230766296387, 5.0427632331848145
v,58.07292556762695, 11.584644317626953, 4.8595147132873535
v,58.09888458251953, 11.563545227050781, 4.831787586212158
v,58.103553771972656, 11.595151901245117, 4.837620258331299
v,58.103553771972656, 11.595151901245117, 4.837620258331299
v,58.08268356323242, 11.587991714477539, 4.828718185424805
v,58.07292556762695, 11.584644317626953, 4.8595147132873535
v,58.103553771972656, 11.595151901245117, 4.837620258331299
v,58.1226921081543, 11.571710586547852, 4.859358310699463
v,58.08268356323242, 11.587991714477539, 4.828718185424805
v,58.1226921081543, 11.571710586547852, 4.859358310699463
v,58.103553771972656, 11.595151901245117, 4.837620258331299
v,58.10213088989258, 11.594664573669434, 4.875787258148193
v,58.11503982543945, 11.588815689086914, 4.7384033203125
v,58.11913299560547, 11.580351829528809, 4.752561569213867
v,58.089141845703125, 11.569330215454102, 4.776209354400635
v,58.11503982543945, 11.588815689086914, 4.7384033203125
v,58.089141845703125, 11.569330215454102, 4.776209354400635
v,58.11768341064453, 11.584638595581055, 4.768638610839844
v,57.63600158691406, 11.414253234863281, 5.197342872619629
v,57.6602897644043, 11.40705680847168, 5.218940734863281
v,57.648155212402344, 11.445183753967285, 5.221344947814941
v,57.6602897644043, 11.40705680847168, 5.218940734863281
v,57.65911102294922, 11.426843643188477, 5.197877883911133
v,57.648155212402344, 11.445183753967285, 5.221344947814941
v,57.63942337036133, 11.430641174316406, 5.197485446929932
v,57.63600158691406, 11.414253234863281, 5.197342872619629
v,57.648155212402344, 11.445183753967285, 5.221344947814941
v,57.63080596923828, 11.427011489868164, 5.1160407066345215
v,57.65915298461914, 11.433317184448242, 5.142736434936523
v,57.66164779663086, 11.408903121948242, 5.121203422546387
v,58.12879943847656, 11.567045211791992, 4.729275703430176
v,58.13957595825195, 11.535137176513672, 5.16752815246582
v,58.111019134521484, 11.617939949035645, 5.129596710205078
v,58.12782287597656, 11.569747924804688, 5.253264427185059
v,58.11608123779297, 11.604310989379883, 5.257391452789307
v,58.10913848876953, 11.622688293457031, 5.195554733276367
v,58.111019134521484, 11.617939949035645, 5.129596710205078
v,58.09917449951172, 11.597372055053711, 5.164262771606445
v,58.10913848876953, 11.622688293457031, 5.195554733276367
v,58.09917449951172, 11.597372055053711, 5.164262771606445
v,58.09547805786133, 11.58999252319336, 5.183487415313721
v,58.10913848876953, 11.622688293457031, 5.195554733276367
v,58.10913848876953, 11.622688293457031, 5.195554733276367
v,58.10541534423828, 11.565326690673828, 5.182667255401611
v,58.12156295776367, 11.553291320800781, 5.176921844482422
v,58.13957595825195, 11.535137176513672, 5.16752815246582
v,58.12156295776367, 11.553291320800781, 5.176921844482422
v,58.107177734375, 11.574316024780273, 5.152103900909424
v,58.10913848876953, 11.622688293457031, 5.195554733276367
v,58.12156295776367, 11.553291320800781, 5.176921844482422
v,58.12782287597656, 11.569747924804688, 5.253264427185059
v,58.107177734375, 11.574316024780273, 5.152103900909424
v,58.12156295776367, 11.553291320800781, 5.176921844482422
v,58.10541534423828, 11.565326690673828, 5.182667255401611
v,57.52888870239258, 11.476505279541016, 5.78132963180542
v,57.61785888671875, 11.2937593460083, 5.779649257659912
v,57.544281005859375, 11.508064270019531, 5.7794623374938965
v,57.52888870239258, 11.476505279541016, 5.78132963180542
v,57.544281005859375, 11.508064270019531, 5.7794623374938965
v,57.361534118652344, 11.419031143188477, 5.78132963180542
v,57.58621597290039, 11.309167861938477, 5.777781963348389
v,57.544281005859375, 11.508064270019531, 5.7794623374938965
v,57.61785888671875, 11.2937593460083, 5.779649257659912
v,57.544281005859375, 11.508064270019531, 5.7794623374938965
v,57.528778076171875, 11.476480484008789, 5.777781963348389
v,57.36161422729492, 11.41909408569336, 5.777781963348389
v,57.36677551269531, 11.327390670776367, 5.776007652282715
v,57.472679138183594, 11.344942092895508, 5.776698112487793
v,57.48139190673828, 11.380878448486328, 5.776808738708496
v,57.472679138183594, 11.344942092895508, 5.776698112487793
v,57.46053695678711, 11.379915237426758, 5.775206565856934
v,57.494972229003906, 11.358171463012695, 5.774233818054199
v,57.46053695678711, 11.379915237426758, 5.775206565856934
v,57.36677551269531, 11.327390670776367, 5.776007652282715
v,57.48139190673828, 11.380878448486328, 5.776808738708496
v,57.59843444824219, 11.296614646911621, 5.781396389007568
v,57.70921325683594, 11.237595558166504, 6.19685173034668
v,57.71885681152344, 11.251131057739258, 6.196965217590332
v,57.58197784423828, 11.60848617553711, 6.19685173034668
v,57.53075408935547, 11.493892669677734, 5.781396389007568
v,57.597896575927734, 11.603721618652344, 6.196965217590332
v,57.497127532958984, 11.404351234436035, 6.372392654418945
v,57.599395751953125, 11.619980812072754, 6.200675010681152
v,57.21888732910156, 11.487760543823242, 6.198393821716309
v,57.497127532958984, 11.404351234436035, 6.372392654418945
v,57.21888732910156, 11.487760543823242, 6.198393821716309
v,57.42649841308594, 11.383683204650879, 6.375171661376953
v,57.516910552978516, 11.343252182006836, 6.375080585479736
v,57.72444152832031, 11.239988327026367, 6.19799280166626
v,57.497127532958984, 11.404351234436035, 6.372392654418945
v,57.240020751953125, 11.478235244750977, 6.211604118347168
v,57.36002731323242, 11.130380630493164, 6.211675643920898
v,57.34968185424805, 11.110666275024414, 6.199857711791992
v,57.72444152832031, 11.239988327026367, 6.19799280166626
v,57.58841323852539, 11.597953796386719, 6.21185827255249
v,57.599395751953125, 11.619980812072754, 6.200675010681152
v,57.34968185424805, 11.110666275024414, 6.199857711791992
v,57.21888732910156, 11.487760543823242, 6.198393821716309
v,57.240020751953125, 11.478235244750977, 6.211604118347168
v,57.50965881347656, 11.36880874633789, 6.5914506912231445
v,57.45783996582031, 11.316856384277344, 6.554775714874268
v,57.51118850708008, 11.342836380004883, 6.540828227996826
v,57.45891571044922, 11.354890823364258, 6.603605270385742
v,57.50965881347656, 11.36880874633789, 6.5914506912231445
v,57.43587112426758, 11.392402648925781, 6.577786922454834
v,57.43587112426758, 11.392402648925781, 6.577786922454834
v,57.45783996582031, 11.316856384277344, 6.554775714874268
v,57.45891571044922, 11.354890823364258, 6.603605270385742
v,57.53340148925781, 11.34121036529541, 6.496649742126465
v,57.486907958984375, 11.369694709777832, 6.509629726409912
v,57.46786880493164, 11.350091934204102, 6.508357048034668
v,57.51118850708008, 11.342836380004883, 6.540828227996826
v,57.49750900268555, 11.401922225952148, 6.550569534301758
v,57.50965881347656, 11.36880874633789, 6.5914506912231445
v,57.45783996582031, 11.316856384277344, 6.554775714874268
v,57.43587112426758, 11.392402648925781, 6.577786922454834
v,57.46786880493164, 11.350091934204102, 6.508357048034668
v,57.49738693237305, 11.457164764404297, 6.350975513458252
v,57.416439056396484, 11.44627857208252, 6.337717056274414
v,57.419822692871094, 11.447013854980469, 6.36032772064209
v,57.54463577270508, 11.29935073852539, 6.3569440841674805
v,57.568397521972656, 11.39531135559082, 6.360782623291016
v,57.56055450439453, 11.383193969726562, 6.4115095138549805
v,57.47555923461914, 11.312479972839355, 6.440760612487793
v,57.53806686401367, 11.30408763885498, 6.444073677062988
v,57.46925354003906, 11.27532958984375, 6.444929122924805
v,57.4079704284668, 11.345528602600098, 6.497452259063721
v,57.46786880493164, 11.350091934204102, 6.508357048034668
v,57.46733093261719, 11.37691879272461, 6.509373188018799
v,57.51301574707031, 11.391990661621094, 6.438793659210205
v,57.445228576660156, 11.446720123291016, 6.442383289337158
v,57.515953063964844, 11.443775177001953, 6.4461588859558105
v,57.4079704284668, 11.345528602600098, 6.497452259063721
v,57.450172424316406, 11.433483123779297, 6.487874984741211
v,57.389198303222656, 11.395625114440918, 6.443150520324707
v,57.56055450439453, 11.383193969726562, 6.4115095138549805
v,57.51301574707031, 11.391990661621094, 6.438793659210205
v,57.47555923461914, 11.312479972839355, 6.440760612487793
v,57.399871826171875, 11.314474105834961, 6.443088054656982
v,57.46925354003906, 11.27532958984375, 6.444929122924805
v,57.4079704284668, 11.345528602600098, 6.497452259063721
v,57.51301574707031, 11.391990661621094, 6.438793659210205
v,57.515953063964844, 11.443775177001953, 6.4461588859558105
v,57.56259536743164, 11.371198654174805, 6.442829132080078
v,57.49738693237305, 11.457164764404297, 6.350975513458252
v,57.419822692871094, 11.447013854980469, 6.36032772064209
v,57.47697448730469, 11.448766708374023, 6.409518241882324
v,57.47697448730469, 11.448766708374023, 6.409518241882324
v,57.42424774169922, 11.412900924682617, 6.432816505432129
v,57.51301574707031, 11.391990661621094, 6.438793659210205
v,57.39992904663086, 11.302826881408691, 6.359772682189941
v,57.47700881958008, 11.282997131347656, 6.420876979827881
v,57.38982009887695, 11.35676383972168, 6.408044815063477
v,57.48153305053711, 11.261869430541992, 6.338366508483887
v,57.516170501708984, 11.324817657470703, 6.33646297454834
v,57.57021713256836, 11.330698013305664, 6.339754104614258
v,57.553348541259766, 11.424610137939453, 6.33819580078125
v,57.48843765258789, 11.419050216674805, 6.336431503295898
v,57.416439056396484, 11.44627857208252, 6.337717056274414
v,57.568397521972656, 11.39531135559082, 6.360782623291016
v,57.553348541259766, 11.424610137939453, 6.33819580078125
v,57.49738693237305, 11.457164764404297, 6.350975513458252
v,57.419822692871094, 11.447013854980469, 6.36032772064209
v,57.37788772583008, 11.373578071594238, 6.349758148193359
v,57.38982009887695, 11.35676383972168, 6.408044815063477
v,57.54463577270508, 11.29935073852539, 6.3569440841674805
v,57.48153305053711, 11.261869430541992, 6.338366508483887
v,57.57021713256836, 11.330698013305664, 6.339754104614258
v,57.46653366088867, 11.268132209777832, 6.359164237976074
v,57.54463577270508, 11.29935073852539, 6.3569440841674805
v,57.47700881958008, 11.282997131347656, 6.420876979827881
v,57.53806686401367, 11.30408763885498, 6.444073677062988
v,57.56259536743164, 11.371198654174805, 6.442829132080078
v,57.53340148925781, 11.34121036529541, 6.496649742126465
v,57.450172424316406, 11.433483123779297, 6.487874984741211
v,57.4079704284668, 11.345528602600098, 6.497452259063721
v,57.52802276611328, 11.404314994812012, 6.4944634437561035
v,57.52802276611328, 11.404314994812012, 6.4944634437561035
v,57.486907958984375, 11.369694709777832, 6.509629726409912
v,57.53340148925781, 11.34121036529541, 6.496649742126465
v,57.56259536743164, 11.371198654174805, 6.442829132080078
v,57.515953063964844, 11.443775177001953, 6.4461588859558105
v,57.52802276611328, 11.404314994812012, 6.4944634437561035
v,57.47700881958008, 11.282997131347656, 6.420876979827881
v,57.54463577270508, 11.29935073852539, 6.3569440841674805
v,57.56055450439453, 11.383193969726562, 6.4115095138549805
v,57.47555923461914, 11.312479972839355, 6.440760612487793
v,57.56259536743164, 11.371198654174805, 6.442829132080078
v,57.53806686401367, 11.30408763885498, 6.444073677062988
v,57.515953063964844, 11.443775177001953, 6.4461588859558105
v,57.445228576660156, 11.446720123291016, 6.442383289337158
v,57.450172424316406, 11.433483123779297, 6.487874984741211
v,57.390472412109375, 11.308032989501953, 6.338127613067627
v,57.45939254760742, 11.309240341186523, 6.336431503295898
v,57.48153305053711, 11.261869430541992, 6.338366508483887
v,57.57021713256836, 11.330698013305664, 6.339754104614258
v,57.568397521972656, 11.39531135559082, 6.360782623291016
v,57.54463577270508, 11.29935073852539, 6.3569440841674805
v,57.37788772583008, 11.373578071594238, 6.349758148193359
v,57.390472412109375, 11.308032989501953, 6.338127613067627
v,57.39992904663086, 11.302826881408691, 6.359772682189941
v,57.486907958984375, 11.369694709777832, 6.509629726409912
v,57.52802276611328, 11.404314994812012, 6.4944634437561035
v,57.46733093261719, 11.37691879272461, 6.509373188018799
v,57.37788772583008, 11.373578071594238, 6.349758148193359
v,57.42019271850586, 11.345714569091797, 6.336423397064209
v,57.390472412109375, 11.308032989501953, 6.338127613067627
v,57.48153305053711, 11.261869430541992, 6.338366508483887
v,57.54463577270508, 11.29935073852539, 6.3569440841674805
v,57.46653366088867, 11.268132209777832, 6.359164237976074
v,57.46925354003906, 11.27532958984375, 6.444929122924805
v,57.53806686401367, 11.30408763885498, 6.444073677062988
v,57.482940673828125, 11.29754638671875, 6.4950971603393555
v,57.42424774169922, 11.412900924682617, 6.432816505432129
v,57.389198303222656, 11.395625114440918, 6.443150520324707
v,57.445228576660156, 11.446720123291016, 6.442383289337158
v,57.553348541259766, 11.424610137939453, 6.33819580078125
v,57.416439056396484, 11.44627857208252, 6.337717056274414
v,57.49738693237305, 11.457164764404297, 6.350975513458252
v,57.486907958984375, 11.369694709777832, 6.509629726409912
v,57.49750900268555, 11.401922225952148, 6.550569534301758
v,57.51118850708008, 11.342836380004883, 6.540828227996826
v,57.486907958984375, 11.369694709777832, 6.509629726409912
v,57.46733093261719, 11.37691879272461, 6.509373188018799
v,57.49750900268555, 11.401922225952148, 6.550569534301758
v,57.408546447753906, 11.242141723632812, 5.7575883865356445
v,57.41242599487305, 11.238441467285156, 5.786440849304199
v,57.41453552246094, 11.236486434936523, 5.771226406097412
v,57.41453552246094, 11.236486434936523, 5.771226406097412
v,57.41242599487305, 11.238441467285156, 5.786440849304199
v,57.408546447753906, 11.242141723632812, 5.7575883865356445
v,57.6024055480957, 11.296266555786133, 5.7625932693481445
v,57.59961700439453, 11.302659034729004, 5.786440849304199
v,57.596046447753906, 11.309822082519531, 5.761077404022217
v,57.596046447753906, 11.309822082519531, 5.761077404022217
v,57.59961700439453, 11.302659034729004, 5.786440849304199
v,57.6024055480957, 11.296266555786133, 5.7625932693481445
v,57.53615951538086, 11.497827529907227, 5.761116027832031
v,57.535400390625, 11.489851951599121, 5.786440849304199
v,57.5346565246582, 11.481927871704102, 5.762625694274902
v,57.5346565246582, 11.481927871704102, 5.762625694274902
v,57.535400390625, 11.489851951599121, 5.786440849304199
v,57.53615951538086, 11.497827529907227, 5.761116027832031
v,57.34496307373047, 11.422134399414062, 5.757368564605713
v,57.348209381103516, 11.425633430480957, 5.786440849304199
v,57.34933853149414, 11.426824569702148, 5.771623611450195
v,57.34933853149414, 11.426824569702148, 5.771623611450195
v,57.348209381103516, 11.425633430480957, 5.786440849304199
v,57.34496307373047, 11.422134399414062, 5.757368564605713
v,57.28173828125, 11.458147048950195, 6.020318508148193
v,57.29512405395508, 11.460308074951172, 6.005010604858398
v,57.28651428222656, 11.451725006103516, 6.003218650817871
v,57.391849517822266, 11.178361892700195, 6.00498104095459
v,57.379512786865234, 11.172262191772461, 6.020345211029053
v,57.380332946777344, 11.179128646850586, 6.003047943115234
v,57.66608810424805, 11.270145416259766, 6.020318508148193
v,57.65270233154297, 11.267984390258789, 6.005010604858398
v,57.66131591796875, 11.276567459106445, 6.003218650817871
v,57.568050384521484, 11.55633544921875, 6.020296096801758
v,57.569950103759766, 11.542892456054688, 6.005038738250732
v,57.561492919921875, 11.551546096801758, 6.003218650817871
v,57.45648956298828, 11.328527450561523, 5.549042224884033
v,57.443634033203125, 11.326509475708008, 5.6298723220825195
v,57.463802337646484, 11.319302558898926, 5.632974624633789
v,57.4323844909668, 11.255142211914062, 5.741637229919434
v,57.41255187988281, 11.263145446777344, 5.774629592895508
v,57.41667938232422, 11.266485214233398, 5.738781452178955
v,57.41255187988281, 11.263145446777344, 5.774629592895508
v,57.43144226074219, 11.253090858459473, 5.776008605957031
v,57.41667938232422, 11.266485214233398, 5.738781452178955
v,57.41653060913086, 11.222639083862305, 5.7719268798828125
v,57.3905029296875, 11.218008041381836, 5.757590293884277
v,57.41255187988281, 11.263145446777344, 5.774629592895508
v,57.3905029296875, 11.218008041381836, 5.757590293884277
v,57.41215133666992, 11.213618278503418, 5.772294044494629
v,57.41255187988281, 11.263145446777344, 5.774629592895508
v,57.45722579956055, 11.305810928344727, 5.632699489593506
v,57.3905029296875, 11.218008041381836, 5.757590293884277
v,57.4072265625, 11.216705322265625, 5.714625358581543
v,57.45648956298828, 11.328527450561523, 5.549042224884033
v,57.45722579956055, 11.305810928344727, 5.632699489593506
v,57.443634033203125, 11.326509475708008, 5.6298723220825195
v,57.513458251953125, 11.344095230102539, 5.6310954093933105
v,57.5095329284668, 11.346723556518555, 5.549042224884033
v,57.510292053222656, 11.334484100341797, 5.624128341674805
v,57.5838737487793, 11.322056770324707, 5.7468695640563965
v,57.59075164794922, 11.295037269592285, 5.782389163970947
v,57.571693420410156, 11.306854248046875, 5.7387189865112305
v,57.59075164794922, 11.295037269592285, 5.782389163970947
v,57.58460235595703, 11.321857452392578, 5.775660991668701
v,57.571693420410156, 11.306854248046875, 5.7387189865112305
v,57.59075164794922, 11.295037269592285, 5.782389163970947
v,57.634788513183594, 11.297311782836914, 5.763087749481201
v,57.58460235595703, 11.321857452392578, 5.775660991668701
v,57.62831497192383, 11.3004732131958, 5.753205299377441
v,57.59075164794922, 11.295037269592285, 5.782389163970947
v,57.5838737487793, 11.322056770324707, 5.7468695640563965
v,57.634788513183594, 11.297311782836914, 5.763087749481201
v,57.62831497192383, 11.3004732131958, 5.753205299377441
v,57.5838737487793, 11.322056770324707, 5.7468695640563965
v,57.62831497192383, 11.3004732131958, 5.753205299377441
v,57.614234924316406, 11.283632278442383, 5.71684455871582
v,57.59075164794922, 11.295037269592285, 5.782389163970947
v,57.59742736816406, 11.31557846069336, 5.695314407348633
v,57.62831497192383, 11.3004732131958, 5.753205299377441
v,57.634788513183594, 11.297311782836914, 5.763087749481201
v,57.59742736816406, 11.31557846069336, 5.695314407348633
v,57.614234924316406, 11.283632278442383, 5.71684455871582
v,57.62831497192383, 11.3004732131958, 5.753205299377441
v,57.634788513183594, 11.297311782836914, 5.763087749481201
v,57.6005973815918, 11.3140287399292, 5.688910961151123
v,57.59742736816406, 11.31557846069336, 5.695314407348633
v,57.5095329284668, 11.346723556518555, 5.549042224884033
v,57.52577209472656, 11.35064697265625, 5.635076522827148
v,57.510292053222656, 11.334484100341797, 5.624128341674805
v,57.491336822509766, 11.399765014648438, 5.549042224884033
v,57.492820739746094, 11.404251098632812, 5.631096839904785
v,57.484371185302734, 11.409785270690918, 5.623992443084717
v,57.513668060302734, 11.469780921936035, 5.741235256195068
v,57.54517364501953, 11.485589027404785, 5.781445026397705
v,57.53388214111328, 11.46221923828125, 5.739425182342529
v,57.491336822509766, 11.399765014648438, 5.549042224884033
v,57.484371185302734, 11.409785270690918, 5.623992443084717
v,57.50691223144531, 11.407356262207031, 5.635795593261719
v,57.547550201416016, 11.511161804199219, 5.715031147003174
v,57.54517364501953, 11.485589027404785, 5.781445026397705
v,57.552101135253906, 11.49978256225586, 5.711647987365723
v,57.43829345703125, 11.381568908691406, 5.549042224884033
v,57.43367004394531, 11.383123397827148, 5.631739616394043
v,57.42546844482422, 11.375988006591797, 5.6260480880737305
v,57.372581481933594, 11.42556381225586, 5.775660991668701
v,57.34716796875, 11.4141845703125, 5.78237247467041
v,57.368717193603516, 11.406137466430664, 5.738726615905762
v,57.34716796875, 11.4141845703125, 5.78237247467041
v,57.34228515625, 11.440366744995117, 5.772473335266113
v,57.374019622802734, 11.424793243408203, 5.741511821746826
v,57.333778381347656, 11.444558143615723, 5.773261547088623
v,57.34716796875, 11.4141845703125, 5.78237247467041
v,57.372581481933594, 11.42556381225586, 5.775660991668701
v,57.34716796875, 11.4141845703125, 5.78237247467041
v,57.31583023071289, 11.429618835449219, 5.737366676330566
v,57.32191467285156, 11.426647186279297, 5.739898204803467
v,57.42546844482422, 11.375988006591797, 5.6260480880737305
v,57.32191467285156, 11.426647186279297, 5.739898204803467
v,57.31583023071289, 11.429618835449219, 5.737366676330566
v,57.42546844482422, 11.375988006591797, 5.6260480880737305
v,57.33327102661133, 11.444818496704102, 5.717214584350586
v,57.32191467285156, 11.426647186279297, 5.739898204803467
v,57.31583023071289, 11.429618835449219, 5.737366676330566
v,57.34722900390625, 11.414260864257812, 5.688910961151123
v,57.42546844482422, 11.375988006591797, 5.6260480880737305
v,57.43829345703125, 11.381568908691406, 5.549042224884033
v,57.42546844482422, 11.375988006591797, 5.6260480880737305
v,57.430850982666016, 11.397071838378906, 5.635433673858643
v,57.415870666503906, 11.236495018005371, 5.781845569610596
v,57.35922622680664, 11.119297981262207, 6.196855545043945
v,57.358665466308594, 11.120935440063477, 6.197237491607666
v,57.53789138793945, 11.487927436828613, 5.782036781311035
v,57.595638275146484, 11.604589462280273, 6.197046279907227
v,57.53953170776367, 11.488492012023926, 5.781654357910156
v,57.58919143676758, 11.60727310180664, 6.197237491607666
v,57.531986236572266, 11.491716384887695, 5.781845569610596
v,57.58863067626953, 11.60891342163086, 6.196855545043945
v,57.462806701660156, 11.350336074829102, 5.881394386291504
v,57.46861267089844, 11.356806755065918, 5.819806098937988
v,57.48969268798828, 11.355297088623047, 5.877964019775391
v,57.48969268798828, 11.355297088623047, 5.877964019775391
v,57.48273468017578, 11.365242004394531, 5.8202948570251465
v,57.48278045654297, 11.378896713256836, 5.879876613616943
v,57.4586067199707, 11.373252868652344, 5.87888240814209
v,57.46861267089844, 11.356806755065918, 5.819806098937988
v,57.462806701660156, 11.350336074829102, 5.881394386291504
v,57.48278045654297, 11.378896713256836, 5.879876613616943
v,57.46991729736328, 11.371572494506836, 5.820417881011963
v,57.4586067199707, 11.373252868652344, 5.87888240814209
v,58.063533782958984, 11.581422805786133, 4.985166072845459
v,58.10857391357422, 11.596872329711914, 5.045590877532959
v,58.115447998046875, 11.599230766296387, 5.0427632331848145
v,57.48225402832031, 11.362503051757812, 5.821005821228027
v,57.48020935058594, 11.359334945678711, 5.650373935699463
v,57.473880767822266, 11.372928619384766, 5.650373935699463
v,57.466854095458984, 11.359411239624023, 5.821005821228027
v,57.473880767822266, 11.372928619384766, 5.650373935699463
v,57.467899322509766, 11.358837127685547, 5.650373935699463
v,57.47242736816406, 11.371807098388672, 5.821005821228027
v,57.473880767822266, 11.372928619384766, 5.650373935699463
v,57.466854095458984, 11.359411239624023, 5.821005821228027
v,57.48225402832031, 11.362503051757812, 5.821005821228027
v,57.473880767822266, 11.372928619384766, 5.650373935699463
v,57.47242736816406, 11.371807098388672, 5.821005821228027
v,57.44480895996094, 11.380388259887695, 5.327240467071533
v,57.47877883911133, 11.334457397460938, 5.319814205169678
v,57.3912467956543, 11.358779907226562, 5.385676383972168
v,57.506317138671875, 11.391515731811523, 5.653848171234131
v,57.516448974609375, 11.356950759887695, 5.542309284210205
v,57.45809555053711, 11.419331550598145, 5.5327582359313965
v,57.549861907958984, 11.321593284606934, 5.390288352966309
v,57.53504180908203, 11.384422302246094, 5.4163007736206055
v,57.506103515625, 11.309819221496582, 5.413571834564209
v,57.45809555053711, 11.419331550598145, 5.5327582359313965
v,57.42854309082031, 11.373529434204102, 5.5399580001831055
v,57.43026351928711, 11.37259578704834, 5.654348373413086
v,57.48943328857422, 11.324728012084961, 5.653743267059326
v,57.463504791259766, 11.324302673339844, 5.541086673736572
v,57.516448974609375, 11.356950759887695, 5.542309284210205
v,57.47877883911133, 11.334457397460938, 5.319814205169678
v,57.549861907958984, 11.321593284606934, 5.390288352966309
v,57.440521240234375, 11.290145874023438, 5.3921661376953125
v,57.420684814453125, 11.327347755432129, 5.415156364440918
v,57.40155792236328, 11.40469741821289, 5.458281993865967
v,57.449378967285156, 11.419642448425293, 5.416727542877197
v,57.449378967285156, 11.419642448425293, 5.416727542877197
v,57.40155792236328, 11.40469741821289, 5.458281993865967
v,57.499900817871094, 11.442625999450684, 5.448895454406738
v,57.45809555053711, 11.419331550598145, 5.5327582359313965
v,57.529937744140625, 11.41387939453125, 5.507640361785889
v,57.499900817871094, 11.442625999450684, 5.448895454406738
v,57.45809555053711, 11.419331550598145, 5.5327582359313965
v,57.516448974609375, 11.356950759887695, 5.542309284210205
v,57.529937744140625, 11.41387939453125, 5.507640361785889
v,57.48943328857422, 11.324728012084961, 5.653743267059326
v,57.43026351928711, 11.37259578704834, 5.654348373413086
v,57.463504791259766, 11.324302673339844, 5.541086673736572
v,57.43026351928711, 11.37259578704834, 5.654348373413086
v,57.48943328857422, 11.324728012084961, 5.653743267059326
v,57.506317138671875, 11.391515731811523, 5.653848171234131
v,57.420318603515625, 11.303613662719727, 5.50192928314209
v,57.463504791259766, 11.324302673339844, 5.541086673736572
v,57.42854309082031, 11.373529434204102, 5.5399580001831055
v,57.397491455078125, 11.332704544067383, 5.457685947418213
v,57.420684814453125, 11.327347755432129, 5.415156364440918
v,57.420318603515625, 11.303613662719727, 5.50192928314209
v,57.506103515625, 11.309819221496582, 5.413571834564209
v,57.496131896972656, 11.289432525634766, 5.502734184265137
v,57.420318603515625, 11.303613662719727, 5.50192928314209
v,57.420684814453125, 11.327347755432129, 5.415156364440918
v,57.506103515625, 11.309819221496582, 5.413571834564209
v,57.420318603515625, 11.303613662719727, 5.50192928314209
v,57.496131896972656, 11.289432525634766, 5.502734184265137
v,57.547630310058594, 11.337825775146484, 5.505391597747803
v,57.516448974609375, 11.356950759887695, 5.542309284210205
v,57.52407455444336, 11.399852752685547, 5.157469749450684
v,57.49223709106445, 11.35076904296875, 5.1859965324401855
v,57.44480895996094, 11.380388259887695, 5.327240467071533
v,57.496131896972656, 11.289432525634766, 5.502734184265137
v,57.516448974609375, 11.356950759887695, 5.542309284210205
v,57.463504791259766, 11.324302673339844, 5.541086673736572
v,57.54380798339844, 11.40060806274414, 5.194543361663818
v,57.497127532958984, 11.382169723510742, 5.247150421142578
v,57.52141189575195, 11.36159896850586, 5.198241710662842
v,57.51830291748047, 11.43093204498291, 5.38917875289917
v,57.549861907958984, 11.321593284606934, 5.390288352966309
v,57.49774169921875, 11.377045631408691, 5.319499969482422
v,57.44282150268555, 11.437278747558594, 5.391707897186279
v,57.51830291748047, 11.43093204498291, 5.38917875289917
v,57.49774169921875, 11.377045631408691, 5.319499969482422
v,57.3912467956543, 11.358779907226562, 5.385676383972168
v,57.44282150268555, 11.437278747558594, 5.391707897186279
v,57.44480895996094, 11.380388259887695, 5.327240467071533
v,57.52141189575195, 11.36159896850586, 5.198241710662842
v,57.497127532958984, 11.382169723510742, 5.247150421142578
v,57.49774169921875, 11.377045631408691, 5.319499969482422
v,57.49223709106445, 11.35076904296875, 5.1859965324401855
v,57.47877883911133, 11.334457397460938, 5.319814205169678
v,57.44480895996094, 11.380388259887695, 5.327240467071533
v,57.449378967285156, 11.419642448425293, 5.416727542877197
v,57.53504180908203, 11.384422302246094, 5.4163007736206055
v,57.51830291748047, 11.43093204498291, 5.38917875289917
v,57.3912467956543, 11.358779907226562, 5.385676383972168
v,57.420684814453125, 11.327347755432129, 5.415156364440918
v,57.449378967285156, 11.419642448425293, 5.416727542877197
v,57.506103515625, 11.309819221496582, 5.413571834564209
v,57.53504180908203, 11.384422302246094, 5.4163007736206055
v,57.547630310058594, 11.337825775146484, 5.505391597747803
v,57.53504180908203, 11.384422302246094, 5.4163007736206055
v,57.449378967285156, 11.419642448425293, 5.416727542877197
v,57.499900817871094, 11.442625999450684, 5.448895454406738
v,57.420684814453125, 11.327347755432129, 5.415156364440918
v,57.397491455078125, 11.332704544067383, 5.457685947418213
v,57.40155792236328, 11.40469741821289, 5.458281993865967
v,57.47877883911133, 11.334457397460938, 5.319814205169678
v,57.440521240234375, 11.290145874023438, 5.3921661376953125
v,57.3912467956543, 11.358779907226562, 5.385676383972168
v,57.66759490966797, 11.457206726074219, 5.1564249992370605
v,57.670196533203125, 11.448158264160156, 5.195556640625
v,58.108421325683594, 11.605602264404297, 5.176280975341797
v,57.440521240234375, 11.290145874023438, 5.3921661376953125
v,57.506103515625, 11.309819221496582, 5.413571834564209
v,57.420684814453125, 11.327347755432129, 5.415156364440918
v,57.52407455444336, 11.399852752685547, 5.157469749450684
v,57.614479064941406, 11.43548583984375, 5.147030830383301
v,57.49223709106445, 11.35076904296875, 5.1859965324401855
v,57.54380798339844, 11.40060806274414, 5.194543361663818
v,57.62965393066406, 11.391840934753418, 5.191472053527832
v,57.614051818847656, 11.435953140258789, 5.190558910369873
v,57.52407455444336, 11.399852752685547, 5.157469749450684
v,57.614051818847656, 11.435953140258789, 5.190558910369873
v,57.614479064941406, 11.43548583984375, 5.147030830383301
v,57.52141189575195, 11.36159896850586, 5.198241710662842
v,57.62864303588867, 11.392330169677734, 5.150271415710449
v,57.62965393066406, 11.391840934753418, 5.191472053527832
v,57.614051818847656, 11.435953140258789, 5.190558910369873
v,57.670196533203125, 11.448158264160156, 5.195556640625
v,57.614479064941406, 11.43548583984375, 5.147030830383301
v,57.614479064941406, 11.43548583984375, 5.147030830383301
v,57.66759490966797, 11.457206726074219, 5.1564249992370605
v,57.68010330200195, 11.419268608093262, 5.145453453063965
v,57.62864303588867, 11.392330169677734, 5.150271415710449
v,57.68010330200195, 11.419268608093262, 5.145453453063965
v,57.62965393066406, 11.391840934753418, 5.191472053527832
v,57.62965393066406, 11.391840934753418, 5.191472053527832
v,57.68317413330078, 11.410913467407227, 5.187282562255859
v,57.670196533203125, 11.448158264160156, 5.195556640625
v,57.44480895996094, 11.380388259887695, 5.327240467071533
v,57.49774169921875, 11.377045631408691, 5.319499969482422
v,57.497127532958984, 11.382169723510742, 5.247150421142578
v,57.91358184814453, 11.529980659484863, 5.045881748199463
v,57.918827056884766, 11.531780242919922, 5.137857913970947
v,57.9106559753418, 11.498968124389648, 5.124047756195068
v,57.74635314941406, 11.472611427307129, 5.101673126220703
v,57.78636169433594, 11.456329345703125, 5.132313251495361
v,57.76255416870117, 11.448164939880371, 5.104742527008057
v,57.969520568847656, 11.519161224365234, 5.134355545043945
v,57.91338348388672, 11.529912948608398, 5.143270969390869
v,57.9106559753418, 11.498968124389648, 5.124047756195068
v,58.03266525268555, 11.570833206176758, 5.060782432556152
v,58.00564956665039, 11.561565399169922, 5.057618618011475
v,57.98111343383789, 11.55314826965332, 5.117262840270996
v,57.74693298339844, 11.442802429199219, 5.1407294273376465
v,57.74635314941406, 11.472611427307129, 5.101673126220703
v,57.76255416870117, 11.448164939880371, 5.104742527008057
v,58.107688903808594, 11.56656265258789, 5.122156143188477
v,58.070098876953125, 11.583675384521484, 5.142614841461182
v,58.08133316040039, 11.557519912719727, 5.146324634552002
v,58.063533782958984, 11.581422805786133, 4.985166072845459
v,58.05255126953125, 11.577653884887695, 4.889072895050049
v,58.044349670410156, 11.559839248657227, 4.942455291748047
v,57.76285171508789, 11.478271484375, 5.141810417175293
v,57.73304748535156, 11.468045234680176, 5.139833450317383
v,57.76580047607422, 11.47928237915039, 5.148742198944092
v,57.76285171508789, 11.478271484375, 5.141810417175293
v,57.76580047607422, 11.47928237915039, 5.148742198944092
v,57.7672233581543, 11.479772567749023, 5.110575199127197
v,57.98111343383789, 11.55314826965332, 5.117262840270996
v,57.98917007446289, 11.525904655456543, 5.087050437927246
v,57.98609924316406, 11.524850845336914, 5.116995811462402
v,57.916595458984375, 11.501005172729492, 5.063482284545898
v,57.82646560668945, 11.50009536743164, 5.15233039855957
v,57.81852722167969, 11.467364311218262, 5.154412269592285
v,57.736595153808594, 11.469263076782227, 5.132469654083252
v,57.74635314941406, 11.472611427307129, 5.101673126220703
v,57.73304748535156, 11.468045234680176, 5.139833450317383
v,58.04378890991211, 11.568126678466797, 5.093772888183594
v,58.00564956665039, 11.561565399169922, 5.057618618011475
v,58.03266525268555, 11.570833206176758, 5.060782432556152
v,57.916595458984375, 11.501005172729492, 5.063482284545898
v,57.91338348388672, 11.529912948608398, 5.143270969390869
v,57.91358184814453, 11.529980659484863, 5.045881748199463
v,58.088645935058594, 11.560029983520508, 4.916666507720947
v,58.10540008544922, 11.595785140991211, 4.88783073425293
v,58.1128044128418, 11.568317413330078, 4.8824615478515625
v,57.918827056884766, 11.531780242919922, 5.137857913970947
v,57.966644287109375, 11.54818344116211, 5.129276275634766
v,57.94051742553711, 11.53922176361084, 5.118748664855957
v,57.81852722167969, 11.467364311218262, 5.154412269592285
v,57.97152328491211, 11.519850730895996, 4.987370014190674
v,57.916595458984375, 11.501005172729492, 5.063482284545898
v,58.08133316040039, 11.557519912719727, 5.146324634552002
v,57.98111343383789, 11.55314826965332, 5.117262840270996
v,57.98609924316406, 11.524850845336914, 5.116995811462402
v,57.91358184814453, 11.529980659484863, 5.045881748199463
v,57.91338348388672, 11.529912948608398, 5.143270969390869
v,57.918827056884766, 11.531780242919922, 5.137857913970947
v,57.81426239013672, 11.471393585205078, 5.118533134460449
v,57.784202575683594, 11.469940185546875, 5.096343994140625
v,57.80589294433594, 11.493036270141602, 5.109044551849365
v,58.084190368652344, 11.558502197265625, 4.994656085968018
v,58.063533782958984, 11.581422805786133, 4.985166072845459
v,58.115447998046875, 11.599230766296387, 5.0427632331848145
v,58.1128044128418, 11.568317413330078, 4.8824615478515625
v,58.08162307739258, 11.580833435058594, 4.920226097106934
v,58.088645935058594, 11.560029983520508, 4.916666507720947
v,57.74693298339844, 11.442802429199219, 5.1407294273376465
v,57.76580047607422, 11.47928237915039, 5.148742198944092
v,57.73304748535156, 11.468045234680176, 5.139833450317383
v,57.98917007446289, 11.525904655456543, 5.087050437927246
v,58.070098876953125, 11.583675384521484, 5.142614841461182
v,58.107688903808594, 11.56656265258789, 5.122156143188477
v,57.98917007446289, 11.525904655456543, 5.087050437927246
v,58.08133316040039, 11.557519912719727, 5.146324634552002
v,57.98609924316406, 11.524850845336914, 5.116995811462402
v,57.82646560668945, 11.50009536743164, 5.15233039855957
v,57.836021423339844, 11.503373146057129, 5.137518405914307
v,57.775421142578125, 11.482582092285156, 5.1092424392700195
v,57.944488525390625, 11.510577201843262, 5.112236499786377
v,57.94051742553711, 11.53922176361084, 5.118748664855957
v,57.966644287109375, 11.54818344116211, 5.129276275634766
v,58.05255126953125, 11.577653884887695, 4.889072895050049
v,58.051048278808594, 11.547130584716797, 4.950861930847168
v,58.1128044128418, 11.568317413330078, 4.8824615478515625
v,58.03425598144531, 11.571377754211426, 4.982683181762695
v,58.084190368652344, 11.558502197265625, 4.994656085968018
v,57.97152328491211, 11.519850730895996, 4.987370014190674
v,57.775421142578125, 11.482582092285156, 5.1092424392700195
v,57.81852722167969, 11.467364311218262, 5.154412269592285
v,57.806053161621094, 11.463085174560547, 5.092164516448975
v,58.044349670410156, 11.559839248657227, 4.942455291748047
v,58.085060119628906, 11.558801651000977, 4.868597030639648
v,58.051048278808594, 11.547130584716797, 4.950861930847168
v,57.80589294433594, 11.493036270141602, 5.109044551849365
v,57.806053161621094, 11.463085174560547, 5.092164516448975
v,57.81426239013672, 11.471393585205078, 5.118533134460449
v,58.084190368652344, 11.558502197265625, 4.994656085968018
v,58.044349670410156, 11.559839248657227, 4.942455291748047
v,58.051048278808594, 11.547130584716797, 4.950861930847168
v,57.78636169433594, 11.456329345703125, 5.132313251495361
v,57.7672233581543, 11.479772567749023, 5.110575199127197
v,57.76255416870117, 11.448164939880371, 5.104742527008057
v,57.81852722167969, 11.467364311218262, 5.154412269592285
v,57.91358184814453, 11.529980659484863, 5.045881748199463
v,57.97152328491211, 11.519850730895996, 4.987370014190674
v,57.78636169433594, 11.456329345703125, 5.132313251495361
v,57.74693298339844, 11.442802429199219, 5.1407294273376465
v,57.76285171508789, 11.478271484375, 5.141810417175293
v,57.736595153808594, 11.469263076782227, 5.132469654083252
v,57.76285171508789, 11.478271484375, 5.141810417175293
v,57.74693298339844, 11.442802429199219, 5.1407294273376465
v,57.736595153808594, 11.469263076782227, 5.132469654083252
v,57.74693298339844, 11.442802429199219, 5.1407294273376465
v,57.76255416870117, 11.448164939880371, 5.104742527008057
v,57.806053161621094, 11.463085174560547, 5.092164516448975
v,57.81852722167969, 11.467364311218262, 5.154412269592285
v,57.784202575683594, 11.469940185546875, 5.096343994140625
v,57.9106559753418, 11.498968124389648, 5.124047756195068
v,57.94051742553711, 11.53922176361084, 5.118748664855957
v,57.969520568847656, 11.519161224365234, 5.134355545043945
v,57.82646560668945, 11.50009536743164, 5.15233039855957
v,57.784202575683594, 11.469940185546875, 5.096343994140625
v,57.81852722167969, 11.467364311218262, 5.154412269592285
v,58.03266525268555, 11.570833206176758, 5.060782432556152
v,57.98111343383789, 11.55314826965332, 5.117262840270996
v,57.98917007446289, 11.525904655456543, 5.087050437927246
v,57.94051742553711, 11.53922176361084, 5.118748664855957
v,57.944488525390625, 11.510577201843262, 5.112236499786377
v,57.969520568847656, 11.519161224365234, 5.134355545043945
v,58.10540008544922, 11.595785140991211, 4.88783073425293
v,58.1128044128418, 11.568317413330078, 4.8824615478515625
v,58.085060119628906, 11.558801651000977, 4.868597030639648
v,58.05255126953125, 11.577653884887695, 4.889072895050049
v,58.085060119628906, 11.558801651000977, 4.868597030639648
v,58.044349670410156, 11.559839248657227, 4.942455291748047
v,58.08325958251953, 11.558183670043945, 4.867774486541748
v,58.08268356323242, 11.587991714477539, 4.828718185424805
v,58.09888458251953, 11.563545227050781, 4.831787586212158
v,58.10166931152344, 11.594505310058594, 4.927229881286621
v,58.08162307739258, 11.580833435058594, 4.920226097106934
v,58.1128044128418, 11.568317413330078, 4.8824615478515625
v,58.10857391357422, 11.596872329711914, 5.045590877532959
v,58.084190368652344, 11.558502197265625, 4.994656085968018
v,58.107688903808594, 11.56656265258789, 5.122156143188477
v,58.115447998046875, 11.599230766296387, 5.0427632331848145
v,58.107688903808594, 11.56656265258789, 5.122156143188477
v,58.084190368652344, 11.558502197265625, 4.994656085968018
v,58.08268356323242, 11.587991714477539, 4.828718185424805
v,58.1226921081543, 11.571710586547852, 4.859358310699463
v,58.09888458251953, 11.563545227050781, 4.831787586212158
v,58.09918212890625, 11.593652725219727, 4.8688554763793945
v,58.06937789916992, 11.583427429199219, 4.866878509521484
v,58.10213088989258, 11.594664573669434, 4.875787258148193
v,58.09918212890625, 11.593652725219727, 4.8688554763793945
v,58.10213088989258, 11.594664573669434, 4.875787258148193
v,58.103553771972656, 11.595151901245117, 4.837620258331299
v,58.08325958251953, 11.558183670043945, 4.867774486541748
v,58.10213088989258, 11.594664573669434, 4.875787258148193
v,58.06937789916992, 11.583427429199219, 4.866878509521484
v,58.07292556762695, 11.584644317626953, 4.8595147132873535
v,58.08268356323242, 11.587991714477539, 4.828718185424805
v,58.06937789916992, 11.583427429199219, 4.866878509521484
v,58.1226921081543, 11.571710586547852, 4.859358310699463
v,58.103553771972656, 11.595151901245117, 4.837620258331299
v,58.09888458251953, 11.563545227050781, 4.831787586212158
v,58.09379577636719, 11.566112518310547, 5.221074104309082
v,58.1197624206543, 11.578554153442383, 5.24287748336792
v,58.08860778808594, 11.579172134399414, 5.257674694061279
v,58.1226921081543, 11.571710586547852, 4.859358310699463
v,58.08325958251953, 11.558183670043945, 4.867774486541748
v,58.09918212890625, 11.593652725219727, 4.8688554763793945
v,58.07292556762695, 11.584644317626953, 4.8595147132873535
v,58.09918212890625, 11.593652725219727, 4.8688554763793945
v,58.08325958251953, 11.558183670043945, 4.867774486541748
v,58.07292556762695, 11.584644317626953, 4.8595147132873535
v,58.08325958251953, 11.558183670043945, 4.867774486541748
v,58.09888458251953, 11.563545227050781, 4.831787586212158
v,57.586307525634766, 11.309209823608398, 5.78132963180542
v,57.403564453125, 11.220232009887695, 5.779555797576904
v,57.61785888671875, 11.2937593460083, 5.779649257659912
v,58.09379577636719, 11.566112518310547, 5.221074104309082
v,58.08860778808594, 11.579172134399414, 5.257674694061279
v,58.1142578125, 11.594520568847656, 5.24003791809082
v,58.1142578125, 11.594520568847656, 5.24003791809082
v,58.11880874633789, 11.581363677978516, 5.231196403503418
v,58.09379577636719, 11.566112518310547, 5.221074104309082
v,58.1197624206543, 11.578554153442383, 5.24287748336792
v,58.1142578125, 11.594520568847656, 5.24003791809082
v,58.08860778808594, 11.579172134399414, 5.257674694061279
v,58.089141845703125, 11.569330215454102, 4.776209354400635
v,58.11913299560547, 11.580351829528809, 4.752561569213867
v,58.11768341064453, 11.584638595581055, 4.768638610839844
v,57.6602897644043, 11.40705680847168, 5.218940734863281
v,57.63600158691406, 11.414253234863281, 5.197342872619629
v,57.65911102294922, 11.426843643188477, 5.197877883911133
v,57.65911102294922, 11.426843643188477, 5.197877883911133
v,57.63942337036133, 11.430641174316406, 5.197485446929932
v,57.648155212402344, 11.445183753967285, 5.221344947814941
v,57.63080596923828, 11.427011489868164, 5.1160407066345215
v,57.66164779663086, 11.408903121948242, 5.121203422546387
v,57.64327621459961, 11.413625717163086, 5.143091201782227
v,57.66164779663086, 11.408903121948242, 5.121203422546387
v,57.65915298461914, 11.433317184448242, 5.142736434936523
v,57.64327621459961, 11.413625717163086, 5.143091201782227
v,57.65915298461914, 11.433317184448242, 5.142736434936523
v,57.63080596923828, 11.427011489868164, 5.1160407066345215
v,57.64293670654297, 11.433099746704102, 5.142784595489502
v,57.63080596923828, 11.427011489868164, 5.1160407066345215
v,57.64327621459961, 11.413625717163086, 5.143091201782227
v,57.64293670654297, 11.433099746704102, 5.142784595489502
v,58.111019134521484, 11.617939949035645, 5.129596710205078
v,58.11555099487305, 11.605720520019531, 4.72877836227417
v,58.12879943847656, 11.567045211791992, 4.729275703430176
v,58.107177734375, 11.574316024780273, 5.152103900909424
v,58.09917449951172, 11.597372055053711, 5.164262771606445
v,58.111019134521484, 11.617939949035645, 5.129596710205078
v,58.10913848876953, 11.622688293457031, 5.195554733276367
v,58.09547805786133, 11.58999252319336, 5.183487415313721
v,58.10541534423828, 11.565326690673828, 5.182667255401611
v,58.13957595825195, 11.535137176513672, 5.16752815246582
v,58.12782287597656, 11.569747924804688, 5.253264427185059
v,58.12156295776367, 11.553291320800781, 5.176921844482422
v,58.111019134521484, 11.617939949035645, 5.129596710205078
v,58.13957595825195, 11.535137176513672, 5.16752815246582
v,58.107177734375, 11.574316024780273, 5.152103900909424
v,57.544281005859375, 11.508064270019531, 5.7794623374938965
v,57.329959869384766, 11.434528350830078, 5.779555797576904
v,57.361534118652344, 11.419031143188477, 5.78132963180542
v,57.329959869384766, 11.434528350830078, 5.779555797576904
v,57.418914794921875, 11.251834869384766, 5.78132963180542
v,57.361534118652344, 11.419031143188477, 5.78132963180542
v,57.58621597290039, 11.309167861938477, 5.777781963348389
v,57.403564453125, 11.220232009887695, 5.779555797576904
v,57.419029235839844, 11.251836776733398, 5.777781963348389
v,57.61785888671875, 11.2937593460083, 5.779649257659912
v,57.52888870239258, 11.476505279541016, 5.78132963180542
v,57.586307525634766, 11.309209823608398, 5.78132963180542
v,57.419029235839844, 11.251836776733398, 5.777781963348389
v,57.329959869384766, 11.434528350830078, 5.779555797576904
v,57.36161422729492, 11.41909408569336, 5.777781963348389
v,57.36161422729492, 11.41909408569336, 5.777781963348389
v,57.418914794921875, 11.251834869384766, 5.78132963180542
v,57.419029235839844, 11.251836776733398, 5.777781963348389
v,57.36161422729492, 11.41909408569336, 5.777781963348389
v,57.329959869384766, 11.434528350830078, 5.779555797576904
v,57.544281005859375, 11.508064270019531, 5.7794623374938965
v,57.544281005859375, 11.508064270019531, 5.7794623374938965
v,57.58621597290039, 11.309167861938477, 5.777781963348389
v,57.528778076171875, 11.476480484008789, 5.777781963348389
v,57.58621597290039, 11.309167861938477, 5.777781963348389
v,57.52888870239258, 11.476505279541016, 5.78132963180542
v,57.528778076171875, 11.476480484008789, 5.777781963348389
v,57.361534118652344, 11.419031143188477, 5.78132963180542
v,57.528778076171875, 11.476480484008789, 5.777781963348389
v,57.52888870239258, 11.476505279541016, 5.78132963180542
v,57.419029235839844, 11.251836776733398, 5.777781963348389
v,57.586307525634766, 11.309209823608398, 5.78132963180542
v,57.58621597290039, 11.309167861938477, 5.777781963348389
v,57.71885681152344, 11.251131057739258, 6.196965217590332
v,57.61253356933594, 11.29633903503418, 5.7812581062316895
v,57.60287094116211, 11.31252384185791, 5.781325340270996
v,57.48139190673828, 11.380878448486328, 5.776808738708496
v,57.472679138183594, 11.344942092895508, 5.776698112487793
v,57.5810546875, 11.400900840759277, 5.776007652282715
v,57.48139190673828, 11.380878448486328, 5.776808738708496
v,57.494972229003906, 11.358171463012695, 5.774233818054199
v,57.46053695678711, 11.379915237426758, 5.775206565856934
v,57.36677551269531, 11.327390670776367, 5.776007652282715
v,57.46053695678711, 11.379915237426758, 5.775206565856934
v,57.472679138183594, 11.344942092895508, 5.776698112487793
v,57.5810546875, 11.400900840759277, 5.776007652282715
v,57.494972229003906, 11.358171463012695, 5.774233818054199
v,57.48139190673828, 11.380878448486328, 5.776808738708496
v,57.472679138183594, 11.344942092895508, 5.776698112487793
v,57.494972229003906, 11.358171463012695, 5.774233818054199
v,57.5810546875, 11.400900840759277, 5.776007652282715
v,57.61253356933594, 11.29633903503418, 5.7812581062316895
v,57.70921325683594, 11.237595558166504, 6.19685173034668
v,57.59843444824219, 11.296614646911621, 5.781396389007568
v,57.58197784423828, 11.60848617553711, 6.19685173034668
v,57.541717529296875, 11.502767562866211, 5.7812581062316895
v,57.53075408935547, 11.493892669677734, 5.781396389007568
v,57.71885681152344, 11.251131057739258, 6.196965217590332
v,57.60287094116211, 11.31252384185791, 5.781325340270996
v,57.59843444824219, 11.296614646911621, 5.781396389007568
v,57.541717529296875, 11.502767562866211, 5.7812581062316895
v,57.597896575927734, 11.603721618652344, 6.196965217590332
v,57.54402542114258, 11.48405933380127, 5.781325340270996
v,57.53075408935547, 11.493892669677734, 5.781396389007568
v,57.54402542114258, 11.48405933380127, 5.781325340270996
v,57.597896575927734, 11.603721618652344, 6.196965217590332
v,57.228973388671875, 11.47715950012207, 6.196965217590332
v,57.33529281616211, 11.431951522827148, 5.7812581062316895
v,57.34416580200195, 11.42098617553711, 5.781396389007568
v,57.238616943359375, 11.490696907043457, 6.19685173034668
v,57.34416580200195, 11.42098617553711, 5.781396389007568
v,57.354000091552734, 11.434256553649902, 5.781325340270996
v,57.33529281616211, 11.431951522827148, 5.7812581062316895
v,57.238616943359375, 11.490696907043457, 6.19685173034668
v,57.354000091552734, 11.434256553649902, 5.781325340270996
v,57.36585235595703, 11.119804382324219, 6.19685173034668
v,57.40610885620117, 11.22552490234375, 5.7812581062316895
v,57.42229080200195, 11.235187530517578, 5.781325340270996
v,57.40610885620117, 11.22552490234375, 5.7812581062316895
v,57.34992980957031, 11.124570846557617, 6.196965217590332
v,57.4063835144043, 11.23962688446045, 5.781396389007568
v,57.4063835144043, 11.23962688446045, 5.781396389007568
v,57.36585235595703, 11.119804382324219, 6.19685173034668
v,57.42229080200195, 11.235187530517578, 5.781325340270996
v,57.72444152832031, 11.239988327026367, 6.19799280166626
v,57.452632904052734, 11.321094512939453, 6.3753437995910645
v,57.34968185424805, 11.110666275024414, 6.199857711791992
v,57.497127532958984, 11.404351234436035, 6.372392654418945
v,57.72444152832031, 11.239988327026367, 6.19799280166626
v,57.599395751953125, 11.619980812072754, 6.200675010681152
v,57.34968185424805, 11.110666275024414, 6.199857711791992
v,57.42649841308594, 11.383683204650879, 6.375171661376953
v,57.21888732910156, 11.487760543823242, 6.198393821716309
v,57.399871826171875, 11.314474105834961, 6.443088054656982
v,57.42424774169922, 11.412900924682617, 6.432816505432129
v,57.47555923461914, 11.312479972839355, 6.440760612487793
v,57.72444152832031, 11.239988327026367, 6.19799280166626
v,57.70702362060547, 11.249241828918457, 6.212625026702881
v,57.58841323852539, 11.597953796386719, 6.21185827255249
v,57.72444152832031, 11.239988327026367, 6.19799280166626
v,57.36002731323242, 11.130380630493164, 6.211675643920898
v,57.70702362060547, 11.249241828918457, 6.212625026702881
v,57.599395751953125, 11.619980812072754, 6.200675010681152
v,57.240020751953125, 11.478235244750977, 6.211604118347168
v,57.21888732910156, 11.487760543823242, 6.198393821716309
v,57.72444152832031, 11.239988327026367, 6.19799280166626
v,57.34968185424805, 11.110666275024414, 6.199857711791992
v,57.36002731323242, 11.130380630493164, 6.211675643920898
v,57.240020751953125, 11.478235244750977, 6.211604118347168
v,57.599395751953125, 11.619980812072754, 6.200675010681152
v,57.58841323852539, 11.597953796386719, 6.21185827255249
v,57.341888427734375, 11.094252586364746, 6.249834060668945
v,57.334877014160156, 11.150211334228516, 6.197166919708252
v,57.35027313232422, 11.111376762390137, 6.197605133056641
v,57.35027313232422, 11.111376762390137, 6.197605133056641
v,57.3930778503418, 11.127227783203125, 6.197356224060059
v,57.341888427734375, 11.094252586364746, 6.249834060668945
v,57.334877014160156, 11.150211334228516, 6.197166919708252
v,57.341888427734375, 11.094252586364746, 6.249834060668945
v,57.3930778503418, 11.127227783203125, 6.197356224060059
v,57.743804931640625, 11.232118606567383, 6.249834060668945
v,57.68785095214844, 11.225111961364746, 6.197166919708252
v,57.7266845703125, 11.24050521850586, 6.197605133056641
v,57.7266845703125, 11.24050521850586, 6.197605133056641
v,57.71083068847656, 11.283308982849121, 6.197356224060059
v,57.743804931640625, 11.232118606567383, 6.249834060668945
v,57.68785095214844, 11.225111961364746, 6.197166919708252
v,57.743804931640625, 11.232118606567383, 6.249834060668945
v,57.71083068847656, 11.283308982849121, 6.197356224060059
v,57.60594177246094, 11.634040832519531, 6.249834060668945
v,57.61294937133789, 11.578081130981445, 6.197166919708252
v,57.59755325317383, 11.616918563842773, 6.197605133056641
v,57.59755325317383, 11.616918563842773, 6.197605133056641
v,57.55474853515625, 11.601064682006836, 6.197356224060059
v,57.60594177246094, 11.634040832519531, 6.249834060668945
v,57.61294937133789, 11.578081130981445, 6.197166919708252
v,57.60594177246094, 11.634040832519531, 6.249834060668945
v,57.55474853515625, 11.601064682006836, 6.197356224060059
v,57.20402145385742, 11.496172904968262, 6.249834060668945
v,57.259979248046875, 11.503182411193848, 6.197166919708252
v,57.22114562988281, 11.487787246704102, 6.197605133056641
v,57.22114562988281, 11.487787246704102, 6.197605133056641
v,57.236995697021484, 11.444981575012207, 6.197356224060059
v,57.20402145385742, 11.496172904968262, 6.249834060668945
v,57.259979248046875, 11.503182411193848, 6.197166919708252
v,57.20402145385742, 11.496172904968262, 6.249834060668945
v,57.236995697021484, 11.444981575012207, 6.197356224060059
v,57.50965881347656, 11.36880874633789, 6.5914506912231445
v,57.45891571044922, 11.354890823364258, 6.603605270385742
v,57.45783996582031, 11.316856384277344, 6.554775714874268
v,57.46733093261719, 11.37691879272461, 6.509373188018799
v,57.43587112426758, 11.392402648925781, 6.577786922454834
v,57.49750900268555, 11.401922225952148, 6.550569534301758
v,57.46786880493164, 11.350091934204102, 6.508357048034668
v,57.486907958984375, 11.369694709777832, 6.509629726409912
v,57.51118850708008, 11.342836380004883, 6.540828227996826
v,57.49750900268555, 11.401922225952148, 6.550569534301758
v,57.43587112426758, 11.392402648925781, 6.577786922454834
v,57.50965881347656, 11.36880874633789, 6.5914506912231445
v,57.43587112426758, 11.392402648925781, 6.577786922454834
v,57.46733093261719, 11.37691879272461, 6.509373188018799
v,57.46786880493164, 11.350091934204102, 6.508357048034668
v,57.51118850708008, 11.342836380004883, 6.540828227996826
v,57.45783996582031, 11.316856384277344, 6.554775714874268
v,57.46786880493164, 11.350091934204102, 6.508357048034668
v,57.52763366699219, 11.382575988769531, 6.336423397064209
v,57.48843765258789, 11.419050216674805, 6.336431503295898
v,57.553348541259766, 11.424610137939453, 6.33819580078125
v,57.56055450439453, 11.383193969726562, 6.4115095138549805
v,57.47697448730469, 11.448766708374023, 6.409518241882324
v,57.51301574707031, 11.391990661621094, 6.438793659210205
v,57.389198303222656, 11.395625114440918, 6.443150520324707
v,57.450172424316406, 11.433483123779297, 6.487874984741211
v,57.445228576660156, 11.446720123291016, 6.442383289337158
v,57.4079704284668, 11.345528602600098, 6.497452259063721
v,57.482940673828125, 11.29754638671875, 6.4950971603393555
v,57.46786880493164, 11.350091934204102, 6.508357048034668
v,57.399871826171875, 11.314474105834961, 6.443088054656982
v,57.4079704284668, 11.345528602600098, 6.497452259063721
v,57.389198303222656, 11.395625114440918, 6.443150520324707
v,57.4079704284668, 11.345528602600098, 6.497452259063721
v,57.46925354003906, 11.27532958984375, 6.444929122924805
v,57.482940673828125, 11.29754638671875, 6.4950971603393555
v,57.47700881958008, 11.282997131347656, 6.420876979827881
v,57.56055450439453, 11.383193969726562, 6.4115095138549805
v,57.47555923461914, 11.312479972839355, 6.440760612487793
v,57.445228576660156, 11.446720123291016, 6.442383289337158
v,57.51301574707031, 11.391990661621094, 6.438793659210205
v,57.42424774169922, 11.412900924682617, 6.432816505432129
v,57.419822692871094, 11.447013854980469, 6.36032772064209
v,57.416439056396484, 11.44627857208252, 6.337717056274414
v,57.37788772583008, 11.373578071594238, 6.349758148193359
v,57.39992904663086, 11.302826881408691, 6.359772682189941
v,57.46653366088867, 11.268132209777832, 6.359164237976074
v,57.47700881958008, 11.282997131347656, 6.420876979827881
v,57.57021713256836, 11.330698013305664, 6.339754104614258
v,57.516170501708984, 11.324817657470703, 6.33646297454834
v,57.52763366699219, 11.382575988769531, 6.336423397064209
v,57.553348541259766, 11.424610137939453, 6.33819580078125
v,57.57021713256836, 11.330698013305664, 6.339754104614258
v,57.52763366699219, 11.382575988769531, 6.336423397064209
v,57.47555923461914, 11.312479972839355, 6.440760612487793
v,57.42424774169922, 11.412900924682617, 6.432816505432129
v,57.38982009887695, 11.35676383972168, 6.408044815063477
v,57.37788772583008, 11.373578071594238, 6.349758148193359
v,57.43165588378906, 11.403472900390625, 6.33646297454834
v,57.42019271850586, 11.345714569091797, 6.336423397064209
v,57.49738693237305, 11.457164764404297, 6.350975513458252
v,57.56055450439453, 11.383193969726562, 6.4115095138549805
v,57.568397521972656, 11.39531135559082, 6.360782623291016
v,57.56055450439453, 11.383193969726562, 6.4115095138549805
v,57.49738693237305, 11.457164764404297, 6.350975513458252
v,57.47697448730469, 11.448766708374023, 6.409518241882324
v,57.416439056396484, 11.44627857208252, 6.337717056274414
v,57.48843765258789, 11.419050216674805, 6.336431503295898
v,57.43165588378906, 11.403472900390625, 6.33646297454834
v,57.47555923461914, 11.312479972839355, 6.440760612487793
v,57.46925354003906, 11.27532958984375, 6.444929122924805
v,57.399871826171875, 11.314474105834961, 6.443088054656982
v,57.52802276611328, 11.404314994812012, 6.4944634437561035
v,57.4079704284668, 11.345528602600098, 6.497452259063721
v,57.46733093261719, 11.37691879272461, 6.509373188018799
v,57.482940673828125, 11.29754638671875, 6.4950971603393555
v,57.53806686401367, 11.30408763885498, 6.444073677062988
v,57.53340148925781, 11.34121036529541, 6.496649742126465
v,57.390472412109375, 11.308032989501953, 6.338127613067627
v,57.48153305053711, 11.261869430541992, 6.338366508483887
v,57.46653366088867, 11.268132209777832, 6.359164237976074
v,57.3905029296875, 11.218008041381836, 5.757590293884277
v,57.4072265625, 11.216705322265625, 5.714625358581543
v,57.41215133666992, 11.213618278503418, 5.772294044494629
v,57.46786880493164, 11.350091934204102, 6.508357048034668
v,57.482940673828125, 11.29754638671875, 6.4950971603393555
v,57.53340148925781, 11.34121036529541, 6.496649742126465
v,57.56259536743164, 11.371198654174805, 6.442829132080078
v,57.47555923461914, 11.312479972839355, 6.440760612487793
v,57.51301574707031, 11.391990661621094, 6.438793659210205
v,57.42019271850586, 11.345714569091797, 6.336423397064209
v,57.45939254760742, 11.309240341186523, 6.336431503295898
v,57.390472412109375, 11.308032989501953, 6.338127613067627
v,57.48153305053711, 11.261869430541992, 6.338366508483887
v,57.45939254760742, 11.309240341186523, 6.336431503295898
v,57.516170501708984, 11.324817657470703, 6.33646297454834
v,57.57021713256836, 11.330698013305664, 6.339754104614258
v,57.553348541259766, 11.424610137939453, 6.33819580078125
v,57.568397521972656, 11.39531135559082, 6.360782623291016
v,57.53340148925781, 11.34121036529541, 6.496649742126465
v,57.56259536743164, 11.371198654174805, 6.442829132080078
v,57.52802276611328, 11.404314994812012, 6.4944634437561035
v,57.390472412109375, 11.308032989501953, 6.338127613067627
v,57.46653366088867, 11.268132209777832, 6.359164237976074
v,57.39992904663086, 11.302826881408691, 6.359772682189941
v,57.47697448730469, 11.448766708374023, 6.409518241882324
v,57.419822692871094, 11.447013854980469, 6.36032772064209
v,57.42424774169922, 11.412900924682617, 6.432816505432129
v,57.52802276611328, 11.404314994812012, 6.4944634437561035
v,57.515953063964844, 11.443775177001953, 6.4461588859558105
v,57.450172424316406, 11.433483123779297, 6.487874984741211
v,57.38982009887695, 11.35676383972168, 6.408044815063477
v,57.37788772583008, 11.373578071594238, 6.349758148193359
v,57.39992904663086, 11.302826881408691, 6.359772682189941
v,57.42424774169922, 11.412900924682617, 6.432816505432129
v,57.419822692871094, 11.447013854980469, 6.36032772064209
v,57.38982009887695, 11.35676383972168, 6.408044815063477
v,57.38982009887695, 11.35676383972168, 6.408044815063477
v,57.47700881958008, 11.282997131347656, 6.420876979827881
v,57.47555923461914, 11.312479972839355, 6.440760612487793
v,57.28173828125, 11.458147048950195, 6.020318508148193
v,57.28651428222656, 11.451725006103516, 6.003218650817871
v,57.29512405395508, 11.460308074951172, 6.005010604858398
v,57.391849517822266, 11.178361892700195, 6.00498104095459
v,57.380332946777344, 11.179128646850586, 6.003047943115234
v,57.379512786865234, 11.172262191772461, 6.020345211029053
v,57.66608810424805, 11.270145416259766, 6.020318508148193
v,57.66131591796875, 11.276567459106445, 6.003218650817871
v,57.65270233154297, 11.267984390258789, 6.005010604858398
v,57.568050384521484, 11.55633544921875, 6.020296096801758
v,57.561492919921875, 11.551546096801758, 6.003218650817871
v,57.569950103759766, 11.542892456054688, 6.005038738250732
v,57.4323844909668, 11.255142211914062, 5.741637229919434
v,57.41667938232422, 11.266485214233398, 5.738781452178955
v,57.43144226074219, 11.253090858459473, 5.776008605957031
v,57.41653060913086, 11.222639083862305, 5.7719268798828125
v,57.4323844909668, 11.255142211914062, 5.741637229919434
v,57.43144226074219, 11.253090858459473, 5.776008605957031
v,57.4323844909668, 11.255142211914062, 5.741637229919434
v,57.41653060913086, 11.222639083862305, 5.7719268798828125
v,57.41255187988281, 11.263145446777344, 5.774629592895508
v,57.43144226074219, 11.253090858459473, 5.776008605957031
v,57.41215133666992, 11.213618278503418, 5.772294044494629
v,57.41653060913086, 11.222639083862305, 5.7719268798828125
v,57.41255187988281, 11.263145446777344, 5.774629592895508
v,57.41215133666992, 11.213618278503418, 5.772294044494629
v,57.43144226074219, 11.253090858459473, 5.776008605957031
v,57.41653060913086, 11.222639083862305, 5.7719268798828125
v,57.4072265625, 11.216705322265625, 5.714625358581543
v,57.3905029296875, 11.218008041381836, 5.757590293884277
v,57.41653060913086, 11.222639083862305, 5.7719268798828125
v,57.41215133666992, 11.213618278503418, 5.772294044494629
v,57.4072265625, 11.216705322265625, 5.714625358581543
v,57.45722579956055, 11.305810928344727, 5.632699489593506
v,57.443634033203125, 11.326509475708008, 5.6298723220825195
v,57.39122009277344, 11.219348907470703, 5.724165439605713
v,57.45722579956055, 11.305810928344727, 5.632699489593506
v,57.39122009277344, 11.219348907470703, 5.724165439605713
v,57.3905029296875, 11.218008041381836, 5.757590293884277
v,57.59742736816406, 11.31557846069336, 5.695314407348633
v,57.513458251953125, 11.344095230102539, 5.6310954093933105
v,57.614234924316406, 11.283632278442383, 5.71684455871582
v,57.4072265625, 11.216705322265625, 5.714625358581543
v,57.443634033203125, 11.326509475708008, 5.6298723220825195
v,57.45722579956055, 11.305810928344727, 5.632699489593506
v,57.45648956298828, 11.328527450561523, 5.549042224884033
v,57.463802337646484, 11.319302558898926, 5.632974624633789
v,57.45722579956055, 11.305810928344727, 5.632699489593506
v,57.443634033203125, 11.326509475708008, 5.6298723220825195
v,57.4072265625, 11.216705322265625, 5.714625358581543
v,57.39122009277344, 11.219348907470703, 5.724165439605713
v,57.5838737487793, 11.322056770324707, 5.7468695640563965
v,57.571693420410156, 11.306854248046875, 5.7387189865112305
v,57.58460235595703, 11.321857452392578, 5.775660991668701
v,57.58460235595703, 11.321857452392578, 5.775660991668701
v,57.634788513183594, 11.297311782836914, 5.763087749481201
v,57.5838737487793, 11.322056770324707, 5.7468695640563965
v,57.59075164794922, 11.295037269592285, 5.782389163970947
v,57.614234924316406, 11.283632278442383, 5.71684455871582
v,57.634788513183594, 11.297311782836914, 5.763087749481201
v,57.614234924316406, 11.283632278442383, 5.71684455871582
v,57.6005973815918, 11.3140287399292, 5.688910961151123
v,57.634788513183594, 11.297311782836914, 5.763087749481201
v,57.6005973815918, 11.3140287399292, 5.688910961151123
v,57.510292053222656, 11.334484100341797, 5.624128341674805
v,57.52577209472656, 11.35064697265625, 5.635076522827148
v,57.59742736816406, 11.31557846069336, 5.695314407348633
v,57.6005973815918, 11.3140287399292, 5.688910961151123
v,57.52577209472656, 11.35064697265625, 5.635076522827148
v,57.51638412475586, 11.475201606750488, 5.776008605957031
v,57.53388214111328, 11.46221923828125, 5.739425182342529
v,57.54517364501953, 11.485589027404785, 5.781445026397705
v,57.5095329284668, 11.346723556518555, 5.549042224884033
v,57.513458251953125, 11.344095230102539, 5.6310954093933105
v,57.52577209472656, 11.35064697265625, 5.635076522827148
v,57.614234924316406, 11.283632278442383, 5.71684455871582
v,57.513458251953125, 11.344095230102539, 5.6310954093933105
v,57.510292053222656, 11.334484100341797, 5.624128341674805
v,57.552101135253906, 11.49978256225586, 5.711647987365723
v,57.53129959106445, 11.505653381347656, 5.7719268798828125
v,57.536277770996094, 11.515924453735352, 5.723903656005859
v,57.53129959106445, 11.505653381347656, 5.7719268798828125
v,57.513668060302734, 11.469780921936035, 5.741235256195068
v,57.51638412475586, 11.475201606750488, 5.776008605957031
v,57.513668060302734, 11.469780921936035, 5.741235256195068
v,57.53129959106445, 11.505653381347656, 5.7719268798828125
v,57.54517364501953, 11.485589027404785, 5.781445026397705
v,57.51638412475586, 11.475201606750488, 5.776008605957031
v,57.53536605834961, 11.514060974121094, 5.772637367248535
v,57.53129959106445, 11.505653381347656, 5.7719268798828125
v,57.54517364501953, 11.485589027404785, 5.781445026397705
v,57.53536605834961, 11.514060974121094, 5.772637367248535
v,57.51638412475586, 11.475201606750488, 5.776008605957031
v,57.536277770996094, 11.515924453735352, 5.723903656005859
v,57.54517364501953, 11.485589027404785, 5.781445026397705
v,57.547550201416016, 11.511161804199219, 5.715031147003174
v,57.53129959106445, 11.505653381347656, 5.7719268798828125
v,57.53536605834961, 11.514060974121094, 5.772637367248535
v,57.536277770996094, 11.515924453735352, 5.723903656005859
v,57.50691223144531, 11.407356262207031, 5.635795593261719
v,57.536277770996094, 11.515924453735352, 5.723903656005859
v,57.492820739746094, 11.404251098632812, 5.631096839904785
v,57.484371185302734, 11.409785270690918, 5.623992443084717
v,57.492820739746094, 11.404251098632812, 5.631096839904785
v,57.536277770996094, 11.515924453735352, 5.723903656005859
v,57.484371185302734, 11.409785270690918, 5.623992443084717
v,57.552101135253906, 11.49978256225586, 5.711647987365723
v,57.50691223144531, 11.407356262207031, 5.635795593261719
v,57.536277770996094, 11.515924453735352, 5.723903656005859
v,57.547550201416016, 11.511161804199219, 5.715031147003174
v,57.484371185302734, 11.409785270690918, 5.623992443084717
v,57.34228515625, 11.440366744995117, 5.772473335266113
v,57.32191467285156, 11.426647186279297, 5.739898204803467
v,57.33327102661133, 11.444818496704102, 5.717214584350586
v,57.50691223144531, 11.407356262207031, 5.635795593261719
v,57.492820739746094, 11.404251098632812, 5.631096839904785
v,57.491336822509766, 11.399765014648438, 5.549042224884033
v,57.368717193603516, 11.406137466430664, 5.738726615905762
v,57.34716796875, 11.4141845703125, 5.78237247467041
v,57.374019622802734, 11.424793243408203, 5.741511821746826
v,57.333778381347656, 11.444558143615723, 5.773261547088623
v,57.31583023071289, 11.429618835449219, 5.737366676330566
v,57.34716796875, 11.4141845703125, 5.78237247467041
v,57.42546844482422, 11.375988006591797, 5.6260480880737305
v,57.430850982666016, 11.397071838378906, 5.635433673858643
v,57.33327102661133, 11.444818496704102, 5.717214584350586
v,57.33327102661133, 11.444818496704102, 5.717214584350586
v,57.34722900390625, 11.414260864257812, 5.688910961151123
v,57.31583023071289, 11.429618835449219, 5.737366676330566
v,57.34722900390625, 11.414260864257812, 5.688910961151123
v,57.430850982666016, 11.397071838378906, 5.635433673858643
v,57.42546844482422, 11.375988006591797, 5.6260480880737305
v,57.357933044433594, 11.127029418945312, 6.2005205154418945
v,57.58989715576172, 11.601253509521484, 6.2005205154418945
v,57.71102523803711, 11.248161315917969, 6.2005205154418945
v,57.372581481933594, 11.42556381225586, 5.775660991668701
v,57.368717193603516, 11.406137466430664, 5.738726615905762
v,57.374019622802734, 11.424793243408203, 5.741511821746826
v,57.372581481933594, 11.42556381225586, 5.775660991668701
v,57.374019622802734, 11.424793243408203, 5.741511821746826
v,57.34228515625, 11.440366744995117, 5.772473335266113
v,57.34228515625, 11.440366744995117, 5.772473335266113
v,57.333778381347656, 11.444558143615723, 5.773261547088623
v,57.372581481933594, 11.42556381225586, 5.775660991668701
v,57.33327102661133, 11.444818496704102, 5.717214584350586
v,57.333778381347656, 11.444558143615723, 5.773261547088623
v,57.34228515625, 11.440366744995117, 5.772473335266113
v,57.430850982666016, 11.397071838378906, 5.635433673858643
v,57.43367004394531, 11.383123397827148, 5.631739616394043
v,57.43829345703125, 11.381568908691406, 5.549042224884033
v,57.714473724365234, 11.242082595825195, 6.197046279907227
v,57.415870666503906, 11.236495018005371, 5.781845569610596
v,57.59809494018555, 11.299007415771484, 5.781845569610596
v,57.358665466308594, 11.120935440063477, 6.197237491607666
v,57.59809494018555, 11.299007415771484, 5.781845569610596
v,57.415870666503906, 11.236495018005371, 5.781845569610596
v,57.595638275146484, 11.604589462280273, 6.197046279907227
v,57.601226806640625, 11.305985450744629, 5.781845569610596
v,57.53953170776367, 11.488492012023926, 5.781654357910156
v,57.358665466308594, 11.120935440063477, 6.197237491607666
v,57.35922622680664, 11.119297981262207, 6.196855545043945
v,57.714473724365234, 11.242082595825195, 6.197046279907227
v,57.23338317871094, 11.486128807067871, 6.197046279907227
v,57.531986236572266, 11.491716384887695, 5.781845569610596
v,57.349761962890625, 11.42920207977295, 5.781845569610596
v,57.53789138793945, 11.487927436828613, 5.782036781311035
v,57.53953170776367, 11.488492012023926, 5.781654357910156
v,57.601226806640625, 11.305985450744629, 5.781845569610596
v,57.23338317871094, 11.486128807067871, 6.197046279907227
v,57.531986236572266, 11.491716384887695, 5.781845569610596
v,57.58919143676758, 11.60727310180664, 6.197237491607666
v,57.34657287597656, 11.422296524047852, 5.781838417053223
v,57.3521614074707, 11.123693466186523, 6.197039604187012
v,57.230255126953125, 11.479242324829102, 6.1970534324646
v,57.58919143676758, 11.60727310180664, 6.197237491607666
v,57.58863067626953, 11.60891342163086, 6.196855545043945
v,57.23338317871094, 11.486128807067871, 6.197046279907227
v,57.48020935058594, 11.359334945678711, 5.650373935699463
v,57.466854095458984, 11.359411239624023, 5.821005821228027
v,57.467899322509766, 11.358837127685547, 5.650373935699463
v,57.48278045654297, 11.378896713256836, 5.879876613616943
v,57.48273468017578, 11.365242004394531, 5.8202948570251465
v,57.46991729736328, 11.371572494506836, 5.820417881011963
v,57.48969268798828, 11.355297088623047, 5.877964019775391
v,57.46861267089844, 11.356806755065918, 5.819806098937988
v,57.48273468017578, 11.365242004394531, 5.8202948570251465
v,57.4586067199707, 11.373252868652344, 5.87888240814209
v,57.46991729736328, 11.371572494506836, 5.820417881011963
v,57.46861267089844, 11.356806755065918, 5.819806098937988
v,41.053348541259766, 23.666271209716797, 4.985166072845459
v,41.06690216064453, 23.638444900512695, 4.982683181762695
v,41.03249740600586, 23.709081649780273, 5.045590877532959
v,41.126651763916016, 23.58058738708496, 5.134355545043945
v,41.09819793701172, 23.574182510375977, 5.129276275634766
v,41.12285232543945, 23.523557662963867, 5.143270969390869
v,41.22968673706055, 23.369022369384766, 5.1407294273376465
v,41.20633316040039, 23.35215187072754, 5.139833450317383
v,41.200172424316406, 23.364797592163086, 5.101673126220703
v,41.06269073486328, 23.711915969848633, 5.122156143188477
v,41.029319763183594, 23.715612411499023, 5.0427632331848145
v,41.05030822753906, 23.672513961791992, 5.142614841461182
v,41.192535400390625, 23.38047981262207, 5.141810417175293
v,41.204689025878906, 23.35552406311035, 5.132469654083252
v,41.20633316040039, 23.35215187072754, 5.139833450317383
v,41.09149932861328, 23.587932586669922, 5.117262840270996
v,41.080142974853516, 23.611255645751953, 5.057618618011475
v,41.1175537109375, 23.599266052246094, 5.087050437927246
v,41.15114974975586, 23.530284881591797, 5.063482284545898
v,41.12276077270508, 23.523746490478516, 5.045881748199463
v,41.163089752197266, 23.44094467163086, 5.15233039855957
v,41.06896209716797, 23.648303985595703, 5.093772888183594
v,41.1175537109375, 23.599266052246094, 5.087050437927246
v,41.080142974853516, 23.611255645751953, 5.057618618011475
v,41.15114974975586, 23.530284881591797, 5.063482284545898
v,41.153900146484375, 23.524639129638672, 5.124047756195068
v,41.12285232543945, 23.523557662963867, 5.143270969390869
v,41.07150650024414, 23.69381332397461, 4.916666507720947
v,41.03569412231445, 23.702516555786133, 4.927229881286621
v,41.033966064453125, 23.706066131591797, 4.88783073425293
v,41.12033462524414, 23.528732299804688, 5.137857913970947
v,41.12285232543945, 23.523557662963867, 5.143270969390869
v,41.09819793701172, 23.574182510375977, 5.129276275634766
v,41.07489013671875, 23.686861038208008, 5.146324634552002
v,41.05030822753906, 23.672513961791992, 5.142614841461182
v,41.09149932861328, 23.587932586669922, 5.117262840270996
v,41.07356643676758, 23.6895809173584, 4.994656085968018
v,41.08890914916992, 23.658079147338867, 4.950861930847168
v,41.053348541259766, 23.666271209716797, 4.985166072845459
v,41.22968673706055, 23.369022369384766, 5.1407294273376465
v,41.21143341064453, 23.4064998626709, 5.132313251495361
v,41.19116973876953, 23.383283615112305, 5.148742198944092
v,41.1175537109375, 23.599266052246094, 5.087050437927246
v,41.09149932861328, 23.587932586669922, 5.117262840270996
v,41.05030822753906, 23.672513961791992, 5.142614841461182
v,41.1175537109375, 23.599266052246094, 5.087050437927246
v,41.06269073486328, 23.711915969848633, 5.122156143188477
v,41.07489013671875, 23.686861038208008, 5.146324634552002
v,41.06690216064453, 23.638444900512695, 4.982683181762695
v,41.053348541259766, 23.666271209716797, 4.985166072845459
v,41.07356643676758, 23.6895809173584, 4.994656085968018
v,41.21143341064453, 23.4064998626709, 5.132313251495361
v,41.192535400390625, 23.38047981262207, 5.141810417175293
v,41.190513610839844, 23.38463592529297, 5.110575199127197
v,41.1965446472168, 23.437074661254883, 5.154412269592285
v,41.15866470336914, 23.450027465820312, 5.137518405914307
v,41.12276077270508, 23.523746490478516, 5.045881748199463
v,41.153900146484375, 23.524639129638672, 5.124047756195068
v,41.12033462524414, 23.528732299804688, 5.137857913970947
v,41.110294342041016, 23.549346923828125, 5.118748664855957
v,41.033966064453125, 23.706066131591797, 4.88783073425293
v,41.03569412231445, 23.702516555786133, 4.927229881286621
v,41.06032180786133, 23.716773986816406, 4.8824615478515625
v,41.073997497558594, 23.688695907592773, 4.867774486541748
v,41.05064392089844, 23.671825408935547, 4.866878509521484
v,41.04448318481445, 23.684473037719727, 4.8287177085876465
v,41.03684616088867, 23.70015525817871, 4.8688554763793945
v,41.04899978637695, 23.675199508666992, 4.8595147132873535
v,41.05064392089844, 23.671825408935547, 4.866878509521484
v,41.073997497558594, 23.688695907592773, 4.867774486541748
v,41.05574417114258, 23.72617530822754, 4.859358310699463
v,41.03548049926758, 23.702957153320312, 4.875787258148193
v,41.05574417114258, 23.72617530822754, 4.859358310699463
v,41.03684616088867, 23.70015525817871, 4.8688554763793945
v,41.03482437133789, 23.704309463500977, 4.837620258331299
v,41.06483840942383, 23.698179244995117, 5.221074104309082
v,41.04663848876953, 23.721139907836914, 5.231196403503418
v,41.04930877685547, 23.722429275512695, 5.24287748336792
v,41.38194274902344, 23.225963592529297, 5.781330108642578
v,41.45937728881836, 23.06685447692871, 5.781330108642578
v,41.49262237548828, 23.055490493774414, 5.779555797576904
v,41.2889518737793, 22.956201553344727, 5.779555797576904
v,41.49262237548828, 23.055490493774414, 5.779555797576904
v,41.45937728881836, 23.06685447692871, 5.781330108642578
v,41.381996154785156, 23.22587776184082, 5.777781963348389
v,41.39341354370117, 23.25916862487793, 5.779649257659912
v,41.49262237548828, 23.055490493774414, 5.779555797576904
v,41.4593620300293, 23.06696891784668, 5.777781963348389
v,41.49262237548828, 23.055490493774414, 5.779555797576904
v,41.2889518737793, 22.956201553344727, 5.779555797576904
v,41.300392150878906, 22.9895076751709, 5.777781963348389
v,41.30046463012695, 22.98943519592285, 5.781330108642578
v,41.45937728881836, 23.06685447692871, 5.781330108642578
v,41.381996154785156, 23.22587776184082, 5.777781963348389
v,41.38194274902344, 23.225963592529297, 5.781330108642578
v,41.22293472290039, 23.148494720458984, 5.781330108642578
v,41.30046463012695, 22.98943519592285, 5.781330108642578
v,41.300392150878906, 22.9895076751709, 5.777781963348389
v,41.22297286987305, 23.148387908935547, 5.777781963348389
v,41.4593620300293, 23.06696891784668, 5.777781963348389
v,41.45937728881836, 23.06685447692871, 5.781330108642578
v,41.38194274902344, 23.225963592529297, 5.781330108642578
v,41.42335510253906, 23.364622116088867, 6.196965217590332
v,41.43341827392578, 23.375072479248047, 6.196776390075684
v,41.391502380371094, 23.253568649291992, 5.7812581062316895
v,41.391502380371094, 23.253568649291992, 5.7812581062316895
v,41.43341827392578, 23.375072479248047, 6.196776390075684
v,41.43796920776367, 23.356712341308594, 6.196852207183838
v,41.085445404052734, 23.185022354125977, 6.196852207183838
v,41.073795318603516, 23.199926376342773, 6.196776390075684
v,41.19529724121094, 23.15801239013672, 5.7812581062316895
v,41.19529724121094, 23.15801239013672, 5.7812581062316895
v,41.073795318603516, 23.199926376342773, 6.196776390075684
v,41.088226318359375, 23.20140838623047, 6.196965217590332
v,41.259002685546875, 22.85075569152832, 6.196965217590332
v,41.248939514160156, 22.84030532836914, 6.196776390075684
v,41.290855407714844, 22.961809158325195, 5.7812581062316895
v,41.244388580322266, 22.858667373657227, 6.19685173034668
v,41.259002685546875, 22.85075569152832, 6.196965217590332
v,41.30065155029297, 22.97195816040039, 5.781396389007568
v,41.290855407714844, 22.961809158325195, 5.7812581062316895
v,41.248939514160156, 22.84030532836914, 6.196776390075684
v,41.244388580322266, 22.858667373657227, 6.19685173034668
v,41.5969123840332, 23.03035545349121, 6.19685173034668
v,41.60856246948242, 23.015451431274414, 6.196776390075684
v,41.487056732177734, 23.05736541748047, 5.7812581062316895
v,41.487056732177734, 23.05736541748047, 5.7812581062316895
v,41.60856246948242, 23.015451431274414, 6.196776390075684
v,41.59413146972656, 23.01397132873535, 6.196965217590332
v,41.47303009033203, 23.055912017822266, 5.781396389007568
v,41.59413146972656, 23.01397132873535, 6.196965217590332
v,41.5969123840332, 23.03035545349121, 6.19685173034668
v,41.4337272644043, 23.371532440185547, 6.197993278503418
v,41.356651306152344, 23.152921676635742, 6.375080585479736
v,41.386512756347656, 23.09183692932129, 6.3753437995910645
v,41.60795974731445, 23.015426635742188, 6.199857711791992
v,41.386512756347656, 23.09183692932129, 6.3753437995910645
v,41.32759475708008, 23.05823516845703, 6.375171661376953
v,41.39954376220703, 23.040287017822266, 6.443088054656982
v,41.320308685302734, 23.01975440979004, 6.443150520324707
v,41.29887390136719, 23.052427291870117, 6.432816505432129
v,41.34357452392578, 23.011232376098633, 6.349758625030518
v,41.266700744628906, 23.040592193603516, 6.337717056274414
v,41.30731964111328, 23.060935974121094, 6.33646297454834
v,41.496429443359375, 23.04279899597168, 5.757590293884277
v,41.49501419067383, 23.043346405029297, 5.724165439605713
v,41.49567413330078, 23.059553146362305, 5.714625358581543
v,41.401119232177734, 23.098268508911133, 5.632699489593506
v,41.386924743652344, 23.1031436920166, 5.632974624633789
v,41.382240295410156, 23.082242965698242, 5.6298723220825195
v,41.3742561340332, 23.23621940612793, 5.695314407348633
v,41.348228454589844, 23.160808563232422, 5.635076522827148
v,41.35623550415039, 23.14939308166504, 5.6310954093933105
v,41.37540817260742, 23.23955726623535, 5.688910961151123
v,41.403907775878906, 23.25680923461914, 5.71684455871582
v,41.36616516113281, 23.14742660522461, 5.624128341674805
v,41.22575759887695, 23.13624382019043, 5.776008605957031
v,41.23147201538086, 23.13421058654785, 5.741235256195068
v,41.23650360107422, 23.155197143554688, 5.739425182342529
v,41.19698715209961, 23.168684005737305, 5.711647987365723
v,41.2119255065918, 23.163545608520508, 5.781445026397705
v,41.19371032714844, 23.147315979003906, 5.7719268798828125
v,41.18290710449219, 23.150999069213867, 5.723903656005859
v,41.18486785888672, 23.15032386779785, 5.772637367248535
v,41.2119255065918, 23.163545608520508, 5.781445026397705
v,41.294254302978516, 23.135149002075195, 5.635795593261719
v,41.19698715209961, 23.168684005737305, 5.711647987365723
v,41.18290710449219, 23.150999069213867, 5.723903656005859
v,41.29460144042969, 23.112478256225586, 5.623992443084717
v,41.186256408691406, 23.162771224975586, 5.715031147003174
v,41.19698715209961, 23.168684005737305, 5.711647987365723
v,41.281646728515625, 22.96772003173828, 5.772473335266113
v,41.30703353881836, 22.975772857666016, 5.78237247467041
v,41.29775619506836, 22.949180603027344, 5.739898204803467
v,41.27853012084961, 22.958763122558594, 5.773261547088623
v,41.2783317565918, 22.958229064941406, 5.717214584350586
v,41.29555130004883, 22.942779541015625, 5.737366676330566
v,41.335357666015625, 23.05815887451172, 5.6260480880737305
v,41.3272705078125, 23.065425872802734, 5.631739616394043
v,41.31377029418945, 23.0609188079834, 5.635433673858643
v,41.306949615478516, 22.97582244873047, 5.688910961151123
v,41.2783317565918, 22.958229064941406, 5.717214584350586
v,41.31377029418945, 23.0609188079834, 5.635433673858643
v,41.5907096862793, 23.0216121673584, 6.2005205154418945
v,41.255104064941406, 22.858163833618164, 6.2005205154418945
v,41.09165573120117, 23.193769454956055, 6.2005205154418945
v,41.4328727722168, 23.36138343811035, 6.197046279907227
v,41.598228454589844, 23.023841857910156, 6.196855545043945
v,41.4749755859375, 23.065711975097656, 5.781845569610596
v,41.087642669677734, 23.199058532714844, 6.197046279907227
v,41.42556381225586, 23.36363410949707, 6.197046279907227
v,41.38331604003906, 23.24116325378418, 5.781845569610596
v,41.087642669677734, 23.199058532714844, 6.197046279907227
v,41.21049499511719, 23.156030654907227, 5.782036781311035
v,41.38331604003906, 23.24116325378418, 5.781845569610596
v,41.24956512451172, 22.854034423828125, 6.197046279907227
v,41.08420944213867, 23.191574096679688, 6.196855545043945
v,41.20745849609375, 23.14970588684082, 5.781845569610596
v,41.47222900390625, 23.058597564697266, 5.781852722167969
v,41.594730377197266, 23.01629066467285, 6.197039604187012
v,41.256778717041016, 22.85177230834961, 6.197053909301758
v,41.594730377197266, 23.01629066467285, 6.197039604187012
v,41.47222900390625, 23.058597564697266, 5.781852722167969
v,41.29905700683594, 22.974185943603516, 5.781838417053223
v,41.345184326171875, 23.114524841308594, 5.650373935699463
v,41.34178924560547, 23.116167068481445, 5.821005821228027
v,41.34674072265625, 23.10126495361328, 5.821005821228027
v,54.82440185546875, 18.883033752441406, 4.985166072845459
v,54.795127868652344, 18.87299156188965, 4.982683181762695
v,54.86944580078125, 18.898487091064453, 5.045590877532959
v,54.73038864135742, 18.82077407836914, 5.134355545043945
v,54.727516174316406, 18.849796295166016, 5.129276275634766
v,54.67425537109375, 18.831525802612305, 5.143270969390869
v,54.5078010559082, 18.744415283203125, 5.1407294273376465
v,54.49391555786133, 18.7696590423584, 5.139833450317383
v,54.50722122192383, 18.77422332763672, 5.101673126220703
v,54.868560791015625, 18.868175506591797, 5.122156143188477
v,54.87631607055664, 18.900842666625977, 5.0427632331848145
v,54.830970764160156, 18.88528823852539, 5.142614841461182
v,54.523719787597656, 18.779884338378906, 5.141810417175293
v,54.49746322631836, 18.770877838134766, 5.132469654083252
v,54.49391555786133, 18.7696590423584, 5.139833450317383
v,54.74198532104492, 18.854759216308594, 5.117262840270996
v,54.76652145385742, 18.863176345825195, 5.057618618011475
v,54.75004196166992, 18.827516555786133, 5.087050437927246
v,54.677467346191406, 18.80261993408203, 5.063482284545898
v,54.67445373535156, 18.831592559814453, 5.045881748199463
v,54.587337493896484, 18.801706314086914, 5.15233039855957
v,54.80466079711914, 18.86973762512207, 5.093772888183594
v,54.75004196166992, 18.827516555786133, 5.087050437927246
v,54.76652145385742, 18.863176345825195, 5.057618618011475
v,54.677467346191406, 18.80261993408203, 5.063482284545898
v,54.67152404785156, 18.800580978393555, 5.124047756195068
v,54.67425537109375, 18.831525802612305, 5.143270969390869
v,54.849517822265625, 18.86164093017578, 4.916666507720947
v,54.8625373840332, 18.8961181640625, 4.927229881286621
v,54.86627197265625, 18.897397994995117, 4.88783073425293
v,54.6796989440918, 18.833393096923828, 5.137857913970947
v,54.67425537109375, 18.831525802612305, 5.143270969390869
v,54.727516174316406, 18.849796295166016, 5.129276275634766
v,54.842201232910156, 18.859132766723633, 5.146324634552002
v,54.830970764160156, 18.88528823852539, 5.142614841461182
v,54.74198532104492, 18.854759216308594, 5.117262840270996
v,54.845062255859375, 18.86011505126953, 4.994656085968018
v,54.811920166015625, 18.848743438720703, 4.950861930847168
v,54.82440185546875, 18.883033752441406, 4.985166072845459
v,54.5078010559082, 18.744415283203125, 5.1407294273376465
v,54.54723358154297, 18.75794219970703, 5.132313251495361
v,54.52667236328125, 18.780895233154297, 5.148742198944092
v,54.75004196166992, 18.827516555786133, 5.087050437927246
v,54.74198532104492, 18.854759216308594, 5.117262840270996
v,54.830970764160156, 18.88528823852539, 5.142614841461182
v,54.75004196166992, 18.827516555786133, 5.087050437927246
v,54.868560791015625, 18.868175506591797, 5.122156143188477
v,54.842201232910156, 18.859132766723633, 5.146324634552002
v,54.795127868652344, 18.87299156188965, 4.982683181762695
v,54.82440185546875, 18.883033752441406, 4.985166072845459
v,54.845062255859375, 18.86011505126953, 4.994656085968018
v,54.54723358154297, 18.75794219970703, 5.132313251495361
v,54.523719787597656, 18.779884338378906, 5.141810417175293
v,54.52809143066406, 18.781383514404297, 5.110575199127197
v,54.57939910888672, 18.76897621154785, 5.154412269592285
v,54.596893310546875, 18.80498504638672, 5.137518405914307
v,54.67445373535156, 18.831592559814453, 5.045881748199463
v,54.67152404785156, 18.800580978393555, 5.124047756195068
v,54.6796989440918, 18.833393096923828, 5.137857913970947
v,54.70138931274414, 18.84083366394043, 5.118748664855957
v,54.86627197265625, 18.897397994995117, 4.88783073425293
v,54.8625373840332, 18.8961181640625, 4.927229881286621
v,54.87367248535156, 18.869930267333984, 4.8824615478515625
v,54.84413146972656, 18.85979461669922, 4.867774486541748
v,54.83024978637695, 18.885038375854492, 4.866878509521484
v,54.84355163574219, 18.889604568481445, 4.828718185424805
v,54.86005401611328, 18.895263671875, 4.8688554763793945
v,54.833797454833984, 18.886255264282227, 4.8595147132873535
v,54.83024978637695, 18.885038375854492, 4.866878509521484
v,54.84413146972656, 18.85979461669922, 4.867774486541748
v,54.88356399536133, 18.873321533203125, 4.859358310699463
v,54.86300277709961, 18.896276473999023, 4.875787258148193
v,54.88356399536133, 18.873321533203125, 4.859358310699463
v,54.86005401611328, 18.895263671875, 4.8688554763793945
v,54.86442565917969, 18.89676284790039, 4.837620258331299
v,54.85466766357422, 18.867721557617188, 5.221074104309082
v,54.87968063354492, 18.882976531982422, 5.231196403503418
v,54.88063430786133, 18.88016700744629, 5.24287748336792
v,54.3471794128418, 18.610820770263672, 5.78132963180542
v,54.179786682128906, 18.553447723388672, 5.78132963180542
v,54.16443634033203, 18.52184295654297, 5.779555797576904
v,54.09082794189453, 18.73613739013672, 5.779555797576904
v,54.16443634033203, 18.52184295654297, 5.779555797576904
v,54.179786682128906, 18.553447723388672, 5.78132963180542
v,54.34708786010742, 18.61077880859375, 5.777781963348389
v,54.37873077392578, 18.59537124633789, 5.779649257659912
v,54.16443634033203, 18.52184295654297, 5.779555797576904
v,54.179901123046875, 18.553449630737305, 5.777781963348389
v,54.16443634033203, 18.52184295654297, 5.779555797576904
v,54.09082794189453, 18.73613739013672, 5.779555797576904
v,54.12248611450195, 18.720706939697266, 5.777781963348389
v,54.12240219116211, 18.720643997192383, 5.78132963180542
v,54.179786682128906, 18.553447723388672, 5.78132963180542
v,54.34708786010742, 18.61077880859375, 5.777781963348389
v,54.3471794128418, 18.610820770263672, 5.78132963180542
v,54.28976058959961, 18.778118133544922, 5.78132963180542
v,54.12240219116211, 18.720643997192383, 5.78132963180542
v,54.12248611450195, 18.720706939697266, 5.777781963348389
v,54.289649963378906, 18.778091430664062, 5.777781963348389
v,54.179901123046875, 18.553449630737305, 5.777781963348389
v,54.179786682128906, 18.553447723388672, 5.78132963180542
v,54.3471794128418, 18.610820770263672, 5.78132963180542
v,54.4797248840332, 18.552745819091797, 6.196965217590332
v,54.488861083984375, 18.54147720336914, 6.196776390075684
v,54.37340545654297, 18.59795379638672, 5.7812581062316895
v,54.37340545654297, 18.59795379638672, 5.7812581062316895
v,54.488861083984375, 18.54147720336914, 6.196776390075684
v,54.47008514404297, 18.539209365844727, 6.19685173034668
v,54.34284591674805, 18.91010093688965, 6.19685173034668
v,54.35906219482422, 18.919837951660156, 6.196776390075684
v,54.302589416503906, 18.804378509521484, 5.7812581062316895
v,54.302589416503906, 18.804378509521484, 5.7812581062316895
v,54.35906219482422, 18.919837951660156, 6.196776390075684
v,54.358768463134766, 18.905332565307617, 6.196965217590332
v,53.989845275878906, 18.778772354125977, 6.196965217590332
v,53.98070526123047, 18.7900390625, 6.196776390075684
v,54.096160888671875, 18.733562469482422, 5.7812581062316895
v,53.99948501586914, 18.792308807373047, 6.19685173034668
v,53.989845275878906, 18.778772354125977, 6.196965217590332
v,54.105037689208984, 18.722599029541016, 5.781396389007568
v,54.096160888671875, 18.733562469482422, 5.7812581062316895
v,53.98070526123047, 18.7900390625, 6.196776390075684
v,53.99948501586914, 18.792308807373047, 6.19685173034668
v,54.1267204284668, 18.421417236328125, 6.19685173034668
v,54.110504150390625, 18.411680221557617, 6.196776390075684
v,54.16697692871094, 18.527135848999023, 5.7812581062316895
v,54.16697692871094, 18.527135848999023, 5.7812581062316895
v,54.110504150390625, 18.411680221557617, 6.196776390075684
v,54.110801696777344, 18.426183700561523, 6.196965217590332
v,54.16725540161133, 18.541240692138672, 5.781396389007568
v,54.110801696777344, 18.426183700561523, 6.196965217590332
v,54.1267204284668, 18.421417236328125, 6.19685173034668
v,54.485313415527344, 18.541601181030273, 6.19799280166626
v,54.27778244018555, 18.644865036010742, 6.375080585479736
v,54.2135009765625, 18.62270736694336, 6.3753437995910645
v,54.11054992675781, 18.41227912902832, 6.199857711791992
v,54.2135009765625, 18.62270736694336, 6.3753437995910645
v,54.1873664855957, 18.68529510498047, 6.375171661376953
v,54.160743713378906, 18.616085052490234, 6.443088054656982
v,54.15006637573242, 18.69723892211914, 6.443150520324707
v,54.185115814208984, 18.71451187133789, 6.432816505432129
v,54.13875961303711, 18.675189971923828, 6.349758148193359
v,54.177310943603516, 18.74789047241211, 6.337717056274414
v,54.192527770996094, 18.70508575439453, 6.33646297454834
v,54.15137481689453, 18.519620895385742, 5.757590293884277
v,54.15209197998047, 18.520959854125977, 5.724165439605713
v,54.168094635009766, 18.51831817626953, 5.714625358581543
v,54.21809387207031, 18.607421875, 5.632699489593506
v,54.22467041015625, 18.620914459228516, 5.632974624633789
v,54.20450210571289, 18.628122329711914, 5.6298723220825195
v,54.358299255371094, 18.617191314697266, 5.695314407348633
v,54.28664016723633, 18.652257919311523, 5.635076522827148
v,54.274330139160156, 18.645706176757812, 5.6310954093933105
v,54.36146926879883, 18.615642547607422, 5.688910961151123
v,54.37510299682617, 18.585243225097656, 5.71684455871582
v,54.27116394042969, 18.636096954345703, 5.624128341674805
v,54.27725601196289, 18.776813507080078, 5.776008605957031
v,54.2745361328125, 18.771392822265625, 5.741235256195068
v,54.29475021362305, 18.763830184936523, 5.739425182342529
v,54.31297302246094, 18.801395416259766, 5.711647987365723
v,54.30604553222656, 18.787202835083008, 5.781445026397705
v,54.29216766357422, 18.807266235351562, 5.7719268798828125
v,54.29714584350586, 18.81753921508789, 5.723903656005859
v,54.29623794555664, 18.815673828125, 5.772637367248535
v,54.30604553222656, 18.787202835083008, 5.781445026397705
v,54.267784118652344, 18.708965301513672, 5.635795593261719
v,54.31297302246094, 18.801395416259766, 5.711647987365723
v,54.29714584350586, 18.81753921508789, 5.723903656005859
v,54.2452392578125, 18.711397171020508, 5.623992443084717
v,54.30841827392578, 18.812772750854492, 5.715031147003174
v,54.31297302246094, 18.801395416259766, 5.711647987365723
v,54.10315704345703, 18.741979598999023, 5.772473335266113
v,54.10803985595703, 18.715797424316406, 5.78237247467041
v,54.082786560058594, 18.72825813293457, 5.739898204803467
v,54.09465026855469, 18.746170043945312, 5.773261547088623
v,54.09414291381836, 18.746429443359375, 5.717214584350586
v,54.07670211791992, 18.731231689453125, 5.737366676330566
v,54.18634033203125, 18.677600860595703, 5.6260480880737305
v,54.194541931152344, 18.684734344482422, 5.631739616394043
v,54.19172286987305, 18.698686599731445, 5.635433673858643
v,54.10810089111328, 18.71587371826172, 5.688910961151123
v,54.09414291381836, 18.746429443359375, 5.717214584350586
v,54.19172286987305, 18.698686599731445, 5.635433673858643
v,54.118804931640625, 18.42864227294922, 6.2005205154418945
v,53.99767303466797, 18.781736373901367, 6.2005205154418945
v,54.350765228271484, 18.90286636352539, 6.2005205154418945
v,54.475341796875, 18.5436954498291, 6.197046279907227
v,54.12009811401367, 18.420909881591797, 6.196855545043945
v,54.17674255371094, 18.53810691833496, 5.781845569610596
v,54.35650634765625, 18.906200408935547, 6.197046279907227
v,54.47847366333008, 18.55067253112793, 6.197046279907227
v,54.36209487915039, 18.60759925842285, 5.781845569610596
v,54.35650634765625, 18.906200408935547, 6.197046279907227
v,54.298763275146484, 18.789541244506836, 5.782036781311035
v,54.36209487915039, 18.60759925842285, 5.781845569610596
v,53.99425506591797, 18.787738800048828, 6.197046279907227
v,54.3494987487793, 18.910524368286133, 6.196855545043945
v,54.29285430908203, 18.79332733154297, 5.781845569610596
v,54.107444763183594, 18.723907470703125, 5.781838417053223
v,54.17001724243164, 18.541704177856445, 5.781852722167969
v,54.11302947998047, 18.42530632019043, 6.197039604187012
v,54.2410774230957, 18.660945892333984, 5.650373935699463
v,54.24312210083008, 18.66411590576172, 5.821005821228027
v,54.227725982666016, 18.661022186279297, 5.821005821228027
v,58.063533782958984, 11.581422805786133, 4.985166072845459
v,58.03425598144531, 11.571377754211426, 4.982683181762695
v,58.10857391357422, 11.596872329711914, 5.045590877532959
v,57.969520568847656, 11.519161224365234, 5.134355545043945
v,57.966644287109375, 11.54818344116211, 5.129276275634766
v,57.91338348388672, 11.529912948608398, 5.143270969390869
v,57.74693298339844, 11.442802429199219, 5.1407294273376465
v,57.73304748535156, 11.468045234680176, 5.139833450317383
v,57.74635314941406, 11.472611427307129, 5.101673126220703
v,58.107688903808594, 11.56656265258789, 5.122156143188477
v,58.115447998046875, 11.599230766296387, 5.0427632331848145
v,58.070098876953125, 11.583675384521484, 5.142614841461182
v,57.76285171508789, 11.478271484375, 5.141810417175293
v,57.736595153808594, 11.469263076782227, 5.132469654083252
v,57.73304748535156, 11.468045234680176, 5.139833450317383
v,57.98111343383789, 11.55314826965332, 5.117262840270996
v,58.00564956665039, 11.561565399169922, 5.057618618011475
v,57.98917007446289, 11.525904655456543, 5.087050437927246
v,57.916595458984375, 11.501005172729492, 5.063482284545898
v,57.91358184814453, 11.529980659484863, 5.045881748199463
v,57.82646560668945, 11.50009536743164, 5.15233039855957
v,58.04378890991211, 11.568126678466797, 5.093772888183594
v,57.98917007446289, 11.525904655456543, 5.087050437927246
v,58.00564956665039, 11.561565399169922, 5.057618618011475
v,57.916595458984375, 11.501005172729492, 5.063482284545898
v,57.9106559753418, 11.498968124389648, 5.124047756195068
v,57.91338348388672, 11.529912948608398, 5.143270969390869
v,58.088645935058594, 11.560029983520508, 4.916666507720947
v,58.10166931152344, 11.594505310058594, 4.927229881286621
v,58.10540008544922, 11.595785140991211, 4.88783073425293
v,57.918827056884766, 11.531780242919922, 5.137857913970947
v,57.91338348388672, 11.529912948608398, 5.143270969390869
v,57.966644287109375, 11.54818344116211, 5.129276275634766
v,58.08133316040039, 11.557519912719727, 5.146324634552002
v,58.070098876953125, 11.583675384521484, 5.142614841461182
v,57.98111343383789, 11.55314826965332, 5.117262840270996
v,58.084190368652344, 11.558502197265625, 4.994656085968018
v,58.051048278808594, 11.547130584716797, 4.950861930847168
v,58.063533782958984, 11.581422805786133, 4.985166072845459
v,57.74693298339844, 11.442802429199219, 5.1407294273376465
v,57.78636169433594, 11.456329345703125, 5.132313251495361
v,57.76580047607422, 11.47928237915039, 5.148742198944092
v,57.98917007446289, 11.525904655456543, 5.087050437927246
v,57.98111343383789, 11.55314826965332, 5.117262840270996
v,58.070098876953125, 11.583675384521484, 5.142614841461182
v,57.98917007446289, 11.525904655456543, 5.087050437927246
v,58.107688903808594, 11.56656265258789, 5.122156143188477
v,58.08133316040039, 11.557519912719727, 5.146324634552002
v,58.03425598144531, 11.571377754211426, 4.982683181762695
v,58.063533782958984, 11.581422805786133, 4.985166072845459
v,58.084190368652344, 11.558502197265625, 4.994656085968018
v,57.78636169433594, 11.456329345703125, 5.132313251495361
v,57.76285171508789, 11.478271484375, 5.141810417175293
v,57.7672233581543, 11.479772567749023, 5.110575199127197
v,57.81852722167969, 11.467364311218262, 5.154412269592285
v,57.836021423339844, 11.503373146057129, 5.137518405914307
v,57.91358184814453, 11.529980659484863, 5.045881748199463
v,57.9106559753418, 11.498968124389648, 5.124047756195068
v,57.918827056884766, 11.531780242919922, 5.137857913970947
v,57.94051742553711, 11.53922176361084, 5.118748664855957
v,58.10540008544922, 11.595785140991211, 4.88783073425293
v,58.10166931152344, 11.594505310058594, 4.927229881286621
v,58.1128044128418, 11.568317413330078, 4.8824615478515625
v,58.08325958251953, 11.558183670043945, 4.867774486541748
v,58.06937789916992, 11.583427429199219, 4.866878509521484
v,58.08268356323242, 11.587991714477539, 4.828718185424805
v,58.09918212890625, 11.593652725219727, 4.8688554763793945
v,58.07292556762695, 11.584644317626953, 4.8595147132873535
v,58.06937789916992, 11.583427429199219, 4.866878509521484
v,58.08325958251953, 11.558183670043945, 4.867774486541748
v,58.1226921081543, 11.571710586547852, 4.859358310699463
v,58.10213088989258, 11.594664573669434, 4.875787258148193
v,58.1226921081543, 11.571710586547852, 4.859358310699463
v,58.09918212890625, 11.593652725219727, 4.8688554763793945
v,58.103553771972656, 11.595151901245117, 4.837620258331299
v,58.09379577636719, 11.566112518310547, 5.221074104309082
v,58.11880874633789, 11.581363677978516, 5.231196403503418
v,58.1197624206543, 11.578554153442383, 5.24287748336792
v,57.586307525634766, 11.309209823608398, 5.78132963180542
v,57.418914794921875, 11.251834869384766, 5.78132963180542
v,57.403564453125, 11.220232009887695, 5.779555797576904
v,57.329959869384766, 11.434528350830078, 5.779555797576904
v,57.403564453125, 11.220232009887695, 5.779555797576904
v,57.418914794921875, 11.251834869384766, 5.78132963180542
v,57.58621597290039, 11.309167861938477, 5.777781963348389
v,57.61785888671875, 11.2937593460083, 5.779649257659912
v,57.403564453125, 11.220232009887695, 5.779555797576904
v,57.419029235839844, 11.251836776733398, 5.777781963348389
v,57.403564453125, 11.220232009887695, 5.779555797576904
v,57.329959869384766, 11.434528350830078, 5.779555797576904
v,57.36161422729492, 11.41909408569336, 5.777781963348389
v,57.361534118652344, 11.419031143188477, 5.78132963180542
v,57.418914794921875, 11.251834869384766, 5.78132963180542
v,57.58621597290039, 11.309167861938477, 5.777781963348389
v,57.586307525634766, 11.309209823608398, 5.78132963180542
v,57.52888870239258, 11.476505279541016, 5.78132963180542
v,57.361534118652344, 11.419031143188477, 5.78132963180542
v,57.36161422729492, 11.41909408569336, 5.777781963348389
v,57.528778076171875, 11.476480484008789, 5.777781963348389
v,57.419029235839844, 11.251836776733398, 5.777781963348389
v,57.418914794921875, 11.251834869384766, 5.78132963180542
v,57.586307525634766, 11.309209823608398, 5.78132963180542
v,57.71885681152344, 11.251131057739258, 6.196965217590332
v,57.72799301147461, 11.23986530303955, 6.196776390075684
v,57.61253356933594, 11.29633903503418, 5.7812581062316895
v,57.61253356933594, 11.29633903503418, 5.7812581062316895
v,57.72799301147461, 11.23986530303955, 6.196776390075684
v,57.70921325683594, 11.237595558166504, 6.19685173034668
v,57.58197784423828, 11.60848617553711, 6.19685173034668
v,57.59819412231445, 11.61822509765625, 6.196776390075684
v,57.541717529296875, 11.502767562866211, 5.7812581062316895
v,57.541717529296875, 11.502767562866211, 5.7812581062316895
v,57.59819412231445, 11.61822509765625, 6.196776390075684
v,57.597896575927734, 11.603721618652344, 6.196965217590332
v,57.228973388671875, 11.47715950012207, 6.196965217590332
v,57.21983337402344, 11.488426208496094, 6.196776390075684
v,57.33529281616211, 11.431951522827148, 5.7812581062316895
v,57.238616943359375, 11.490696907043457, 6.19685173034668
v,57.228973388671875, 11.47715950012207, 6.196965217590332
v,57.34416580200195, 11.42098617553711, 5.781396389007568
v,57.33529281616211, 11.431951522827148, 5.7812581062316895
v,57.21983337402344, 11.488426208496094, 6.196776390075684
v,57.238616943359375, 11.490696907043457, 6.19685173034668
v,57.36585235595703, 11.119804382324219, 6.19685173034668
v,57.34963607788086, 11.110067367553711, 6.196776390075684
v,57.40610885620117, 11.22552490234375, 5.7812581062316895
v,57.40610885620117, 11.22552490234375, 5.7812581062316895
v,57.34963607788086, 11.110067367553711, 6.196776390075684
v,57.34992980957031, 11.124570846557617, 6.196965217590332
v,57.4063835144043, 11.23962688446045, 5.781396389007568
v,57.34992980957031, 11.124570846557617, 6.196965217590332
v,57.36585235595703, 11.119804382324219, 6.19685173034668
v,57.72444152832031, 11.239988327026367, 6.19799280166626
v,57.516910552978516, 11.343252182006836, 6.375080585479736
v,57.452632904052734, 11.321094512939453, 6.3753437995910645
v,57.34968185424805, 11.110666275024414, 6.199857711791992
v,57.452632904052734, 11.321094512939453, 6.3753437995910645
v,57.42649841308594, 11.383683204650879, 6.375171661376953
v,57.399871826171875, 11.314474105834961, 6.443088054656982
v,57.389198303222656, 11.395625114440918, 6.443150520324707
v,57.42424774169922, 11.412900924682617, 6.432816505432129
v,57.37788772583008, 11.373578071594238, 6.349758148193359
v,57.416439056396484, 11.44627857208252, 6.337717056274414
v,57.43165588378906, 11.403472900390625, 6.33646297454834
v,57.3905029296875, 11.218008041381836, 5.757590293884277
v,57.39122009277344, 11.219348907470703, 5.724165439605713
v,57.4072265625, 11.216705322265625, 5.714625358581543
v,57.45722579956055, 11.305810928344727, 5.632699489593506
v,57.463802337646484, 11.319302558898926, 5.632974624633789
v,57.443634033203125, 11.326509475708008, 5.6298723220825195
v,57.59742736816406, 11.31557846069336, 5.695314407348633
v,57.52577209472656, 11.35064697265625, 5.635076522827148
v,57.513458251953125, 11.344095230102539, 5.6310954093933105
v,57.6005973815918, 11.3140287399292, 5.688910961151123
v,57.614234924316406, 11.283632278442383, 5.71684455871582
v,57.510292053222656, 11.334484100341797, 5.624128341674805
v,57.51638412475586, 11.475201606750488, 5.776008605957031
v,57.513668060302734, 11.469780921936035, 5.741235256195068
v,57.53388214111328, 11.46221923828125, 5.739425182342529
v,57.552101135253906, 11.49978256225586, 5.711647987365723
v,57.54517364501953, 11.485589027404785, 5.781445026397705
v,57.53129959106445, 11.505653381347656, 5.7719268798828125
v,57.536277770996094, 11.515924453735352, 5.723903656005859
v,57.53536605834961, 11.514060974121094, 5.772637367248535
v,57.54517364501953, 11.485589027404785, 5.781445026397705
v,57.50691223144531, 11.407356262207031, 5.635795593261719
v,57.552101135253906, 11.49978256225586, 5.711647987365723
v,57.536277770996094, 11.515924453735352, 5.723903656005859
v,57.484371185302734, 11.409785270690918, 5.623992443084717
v,57.547550201416016, 11.511161804199219, 5.715031147003174
v,57.552101135253906, 11.49978256225586, 5.711647987365723
v,57.34228515625, 11.440366744995117, 5.772473335266113
v,57.34716796875, 11.4141845703125, 5.78237247467041
v,57.32191467285156, 11.426647186279297, 5.739898204803467
v,57.333778381347656, 11.444558143615723, 5.773261547088623
v,57.33327102661133, 11.444818496704102, 5.717214584350586
v,57.31583023071289, 11.429618835449219, 5.737366676330566
v,57.42546844482422, 11.375988006591797, 5.6260480880737305
v,57.43367004394531, 11.383123397827148, 5.631739616394043
v,57.430850982666016, 11.397071838378906, 5.635433673858643
v,57.34722900390625, 11.414260864257812, 5.688910961151123
v,57.33327102661133, 11.444818496704102, 5.717214584350586
v,57.430850982666016, 11.397071838378906, 5.635433673858643
v,57.357933044433594, 11.127029418945312, 6.2005205154418945
v,57.2368049621582, 11.480123519897461, 6.2005205154418945
v,57.58989715576172, 11.601253509521484, 6.2005205154418945
v,57.714473724365234, 11.242082595825195, 6.197046279907227
v,57.35922622680664, 11.119297981262207, 6.196855545043945
v,57.415870666503906, 11.236495018005371, 5.781845569610596
v,57.358665466308594, 11.120935440063477, 6.197237491607666
v,57.714473724365234, 11.242082595825195, 6.197046279907227
v,57.59809494018555, 11.299007415771484, 5.781845569610596
v,57.595638275146484, 11.604589462280273, 6.197046279907227
v,57.71760177612305, 11.24906063079834, 6.197046279907227
v,57.601226806640625, 11.305985450744629, 5.781845569610596
v,57.595638275146484, 11.604589462280273, 6.197046279907227
v,57.53789138793945, 11.487927436828613, 5.782036781311035
v,57.601226806640625, 11.305985450744629, 5.781845569610596
v,57.23338317871094, 11.486128807067871, 6.197046279907227
v,57.58863067626953, 11.60891342163086, 6.196855545043945
v,57.531986236572266, 11.491716384887695, 5.781845569610596
v,57.34657287597656, 11.422296524047852, 5.781838417053223
v,57.409149169921875, 11.240092277526855, 5.781852722167969
v,57.3521614074707, 11.123693466186523, 6.197039604187012
v,57.48020935058594, 11.359334945678711, 5.650373935699463
v,57.48225402832031, 11.362503051757812, 5.821005821228027
v,57.466854095458984, 11.359411239624023, 5.821005821228027
n,-0.7966656684875488, -0.3040091395378113, 0.2714731991291046
n,-0.7966656684875488, -0.3040091395378113, 0.2714731991291046
n,-0.7966656684875488, -0.3040091395378113, 0.2714731991291046
n,0.7922629117965698, 0.41350582242012024, -0.046130161732435226
n,0.7922629117965698, 0.41350582242012024, -0.046130161732435226
n,0.7922629117965698, 0.41350582242012024, -0.046130161732435226
n,0.1668398231267929, 0.07706443965435028, 0.8757973313331604
n,0.1668398231267929, 0.07706443965435028, 0.8757973313331604
n,0.1668398231267929, 0.07706443965435028, 0.8757973313331604
n,0.11022233963012695, 0.8761614561080933, 0.14487095177173615
n,0.11022233963012695, 0.8761614561080933, 0.14487095177173615
n,0.11022233963012695, 0.8761614561080933, 0.14487095177173615
n,0.6034873127937317, -0.6607216000556946, 0.006754580419510603
n,0.6034873127937317, -0.6607216000556946, 0.006754580419510603
n,0.6034873127937317, -0.6607216000556946, 0.006754580419510603
n,0.1969202160835266, -0.7969652414321899, 0.3561801314353943
n,0.1969202160835266, -0.7969652414321899, 0.3561801314353943
n,0.1969202160835266, -0.7969652414321899, 0.3561801314353943
n,0.0583990216255188, -0.8425276279449463, 0.2958582043647766
n,0.0583990216255188, -0.8425276279449463, 0.2958582043647766
n,0.0583990216255188, -0.8425276279449463, 0.2958582043647766
n,-0.3956705331802368, -0.6984418630599976, 0.39549869298934937
n,-0.3956705331802368, -0.6984418630599976, 0.39549869298934937
n,-0.3956705331802368, -0.6984418630599976, 0.39549869298934937
n,-0.7895753383636475, -0.4144288897514343, 0.07493296265602112
n,-0.7895753383636475, -0.4144288897514343, 0.07493296265602112
n,-0.7895753383636475, -0.4144288897514343, 0.07493296265602112
n,-0.5927911400794983, 0.6589632630348206, -0.12313196808099747
n,-0.5927911400794983, 0.6589632630348206, -0.12313196808099747
n,-0.5927911400794983, 0.6589632630348206, -0.12313196808099747
n,-0.23575302958488464, 0.6870390772819519, 0.5226789116859436
n,-0.23575302958488464, 0.6870390772819519, 0.5226789116859436
n,-0.23575302958488464, 0.6870390772819519, 0.5226789116859436
n,0.781772792339325, 0.39360111951828003, -0.18629270792007446
n,0.781772792339325, 0.39360111951828003, -0.18629270792007446
n,0.781772792339325, 0.39360111951828003, -0.18629270792007446
n,0.7211495041847229, -0.05039516091346741, 0.5274458527565002
n,0.7211495041847229, -0.05039516091346741, 0.5274458527565002
n,0.7211495041847229, -0.05039516091346741, 0.5274458527565002
n,-0.8261802792549133, -0.32832422852516174, 0.1021011546254158
n,-0.8261802792549133, -0.32832422852516174, 0.1021011546254158
n,-0.8261802792549133, -0.32832422852516174, 0.1021011546254158
n,-0.8064283132553101, 0.2831732928752899, 0.26510676741600037
n,-0.8064283132553101, 0.2831732928752899, 0.26510676741600037
n,-0.8064283132553101, 0.2831732928752899, 0.26510676741600037
n,0.5676261782646179, 0.6872210502624512, -0.0795195922255516
n,0.5676261782646179, 0.6872210502624512, -0.0795195922255516
n,0.5676261782646179, 0.6872210502624512, -0.0795195922255516
n,-0.30832409858703613, 0.8399096131324768, -0.01683982089161873
n,-0.30832409858703613, 0.8399096131324768, -0.01683982089161873
n,-0.30832409858703613, 0.8399096131324768, -0.01683982089161873
n,-0.6590121388435364, -0.12593944370746613, -0.5921467542648315
n,-0.6590121388435364, -0.12593944370746613, -0.5921467542648315
n,-0.6590121388435364, -0.12593944370746613, -0.5921467542648315
n,0.2532012462615967, 0.8345205187797546, 0.2006492018699646
n,0.2532012462615967, 0.8345205187797546, 0.2006492018699646
n,0.2532012462615967, 0.8345205187797546, 0.2006492018699646
n,-0.3481207489967346, 0.8175145983695984, -0.1061948910355568
n,-0.3481207489967346, 0.8175145983695984, -0.1061948910355568
n,-0.3481207489967346, 0.8175145983695984, -0.1061948910355568
n,-0.7422611117362976, -0.012165963649749756, 0.4996958076953888
n,-0.7422611117362976, -0.012165963649749756, 0.4996958076953888
n,-0.7422611117362976, -0.012165963649749756, 0.4996958076953888
n,-0.3149454891681671, -0.7038635611534119, 0.4540714919567108
n,-0.3149454891681671, -0.7038635611534119, 0.4540714919567108
n,-0.3149454891681671, -0.7038635611534119, 0.4540714919567108
n,0.7797649502754211, 0.4338884949684143, -0.06710360944271088
n,0.7797649502754211, 0.4338884949684143, -0.06710360944271088
n,0.7797649502754211, 0.4338884949684143, -0.06710360944271088
n,0.5830424427986145, -0.6527563333511353, 0.18645687401294708
n,0.5830424427986145, -0.6527563333511353, 0.18645687401294708
n,0.5830424427986145, -0.6527563333511353, 0.18645687401294708
n,0.8225599527359009, 0.35104846954345703, 0.030910460278391838
n,0.8225599527359009, 0.35104846954345703, 0.030910460278391838
n,0.8225599527359009, 0.35104846954345703, 0.030910460278391838
n,0.1892734318971634, 0.6057836413383484, -0.6308701634407043
n,0.1892734318971634, 0.6057836413383484, -0.6308701634407043
n,0.1892734318971634, 0.6057836413383484, -0.6308701634407043
n,-0.5835400223731995, -0.25019341707229614, -0.6306185722351074
n,-0.5835400223731995, -0.25019341707229614, -0.6306185722351074
n,-0.5835400223731995, -0.25019341707229614, -0.6306185722351074
n,-0.3533831536769867, -0.1409016251564026, 0.8099768757820129
n,-0.3533831536769867, -0.1409016251564026, 0.8099768757820129
n,-0.3533831536769867, -0.1409016251564026, 0.8099768757820129
n,-0.21143339574337006, -0.10728830844163895, -0.8628907799720764
n,-0.21143339574337006, -0.10728830844163895, -0.8628907799720764
n,-0.21143339574337006, -0.10728830844163895, -0.8628907799720764
n,-0.06678370386362076, 0.030347134917974472, 0.8918600678443909
n,-0.06678370386362076, 0.030347134917974472, 0.8918600678443909
n,-0.06678370386362076, 0.030347134917974472, 0.8918600678443909
n,0.8055334687232971, 0.380912184715271, 0.08256589621305466
n,0.8055334687232971, 0.380912184715271, 0.08256589621305466
n,0.8055334687232971, 0.380912184715271, 0.08256589621305466
n,-0.7326582074165344, -0.47790032625198364, 0.18872927129268646
n,-0.7326582074165344, -0.47790032625198364, 0.18872927129268646
n,-0.7326582074165344, -0.47790032625198364, 0.18872927129268646
n,0.1488155573606491, -0.17116935551166534, -0.8656502366065979
n,0.1488155573606491, -0.17116935551166534, -0.8656502366065979
n,0.1488155573606491, -0.17116935551166534, -0.8656502366065979
n,0.018335793167352676, -0.07574217021465302, 0.8914719223976135
n,0.018335793167352676, -0.07574217021465302, 0.8914719223976135
n,0.018335793167352676, -0.07574217021465302, 0.8914719223976135
n,-0.742222785949707, -0.4549606144428253, 0.20715123414993286
n,-0.742222785949707, -0.4549606144428253, 0.20715123414993286
n,-0.742222785949707, -0.4549606144428253, 0.20715123414993286
n,0.0848439484834671, -0.031113360077142715, -0.8902970552444458
n,0.0848439484834671, -0.031113360077142715, -0.8902970552444458
n,0.0848439484834671, -0.031113360077142715, -0.8902970552444458
n,0.7883756756782532, 0.38022878766059875, -0.18623991310596466
n,0.7883756756782532, 0.38022878766059875, -0.18623991310596466
n,0.7883756756782532, 0.38022878766059875, -0.18623991310596466
n,-0.018293902277946472, 0.6043938994407654, -0.6596732139587402
n,-0.018293902277946472, 0.6043938994407654, -0.6596732139587402
n,-0.018293902277946472, 0.6043938994407654, -0.6596732139587402
n,0.13666518032550812, 0.5731189846992493, 0.6735374331474304
n,0.13666518032550812, 0.5731189846992493, 0.6735374331474304
n,0.13666518032550812, 0.5731189846992493, 0.6735374331474304
n,0.8045288324356079, 0.3918275535106659, 1.11948903480652e-08
n,0.8045288324356079, 0.3918275535106659, 1.11948903480652e-08
n,0.8045288324356079, 0.3918275535106659, 1.11948903480652e-08
n,-0.8045292496681213, -0.39182671904563904, -8.452563520222611e-07
n,-0.8045292496681213, -0.39182671904563904, -8.452563520222611e-07
n,-0.8045292496681213, -0.39182671904563904, -8.452563520222611e-07
n,0.8045291900634766, 0.3918268382549286, -3.756444186819863e-07
n,0.8045291900634766, 0.3918268382549286, -3.756444186819863e-07
n,0.8045291900634766, 0.3918268382549286, -3.756444186819863e-07
n,-0.21961718797683716, 0.13622693717479706, -0.8567413687705994
n,-0.21961718797683716, 0.13622693717479706, -0.8567413687705994
n,-0.21961718797683716, 0.13622693717479706, -0.8567413687705994
n,0.8045289516448975, 0.3918273150920868, 2.515354537990788e-07
n,0.8045289516448975, 0.3918273150920868, 2.515354537990788e-07
n,0.8045289516448975, 0.3918273150920868, 2.515354537990788e-07
n,0.2721349000930786, 0.45581650733947754, -0.7203952074050903
n,0.2721349000930786, 0.45581650733947754, -0.7203952074050903
n,0.2721349000930786, 0.45581650733947754, -0.7203952074050903
n,0.11682504415512085, 0.882668137550354, -0.08969009667634964
n,0.11682504415512085, 0.882668137550354, -0.08969009667634964
n,0.11682504415512085, 0.882668137550354, -0.08969009667634964
n,0.7093666791915894, -0.125911146402359, 0.5307924151420593
n,0.7093666791915894, -0.125911146402359, 0.5307924151420593
n,0.7093666791915894, -0.125911146402359, 0.5307924151420593
n,-0.5259848833084106, -0.2607811391353607, -0.6753728985786438
n,-0.5259848833084106, -0.2607811391353607, -0.6753728985786438
n,-0.5259848833084106, -0.2607811391353607, -0.6753728985786438
n,0.14209607243537903, 0.09093555808067322, 0.8788257837295532
n,0.14209607243537903, 0.09093555808067322, 0.8788257837295532
n,0.14209607243537903, 0.09093555808067322, 0.8788257837295532
n,0.8045289516448975, 0.3918273150920868, -2.0127035327277554e-07
n,0.8045289516448975, 0.3918273150920868, -2.0127035327277554e-07
n,0.8045289516448975, 0.3918273150920868, -2.0127035327277554e-07
n,0.7562315464019775, -0.3850763738155365, -0.2839464247226715
n,0.7562315464019775, -0.3850763738155365, -0.2839464247226715
n,0.7562315464019775, -0.3850763738155365, -0.2839464247226715
n,-0.6621568202972412, 0.601060152053833, 0.03271785378456116
n,-0.6621568202972412, 0.601060152053833, 0.03271785378456116
n,-0.6621568202972412, 0.601060152053833, 0.03271785378456116
n,-0.8057588338851929, 0.22396671772003174, 0.3184134066104889
n,-0.8057588338851929, 0.22396671772003174, 0.3184134066104889
n,-0.8057588338851929, 0.22396671772003174, 0.3184134066104889
n,-0.4598812758922577, -0.529977023601532, -0.5553639531135559
n,-0.4598812758922577, -0.529977023601532, -0.5553639531135559
n,-0.4598812758922577, -0.529977023601532, -0.5553639531135559
n,0.06125742569565773, 0.18056020140647888, -0.8743231296539307
n,0.06125742569565773, 0.18056020140647888, -0.8743231296539307
n,0.06125742569565773, 0.18056020140647888, -0.8743231296539307
n,-0.8045293688774109, -0.39182645082473755, 6.882916068207123e-07
n,-0.8045293688774109, -0.39182645082473755, 6.882916068207123e-07
n,-0.8045293688774109, -0.39182645082473755, 6.882916068207123e-07
n,0.4102185368537903, 0.2050352394580841, 0.7684248089790344
n,0.4102185368537903, 0.2050352394580841, 0.7684248089790344
n,0.4102185368537903, 0.2050352394580841, 0.7684248089790344
n,0.2642965316772461, 0.507728099822998, 0.6878626346588135
n,0.2642965316772461, 0.507728099822998, 0.6878626346588135
n,0.2642965316772461, 0.507728099822998, 0.6878626346588135
n,-0.8315670490264893, 0.09356763958930969, -0.31707537174224854
n,-0.8315670490264893, 0.09356763958930969, -0.31707537174224854
n,-0.8315670490264893, 0.09356763958930969, -0.31707537174224854
n,-0.5830925107002258, -0.3808515667915344, 0.5619168281555176
n,-0.5830925107002258, -0.3808515667915344, 0.5619168281555176
n,-0.5830925107002258, -0.3808515667915344, 0.5619168281555176
n,0.2355019450187683, -0.8190516233444214, 0.2729262113571167
n,0.2355019450187683, -0.8190516233444214, 0.2729262113571167
n,0.2355019450187683, -0.8190516233444214, 0.2729262113571167
n,0.4594905972480774, -0.5957999229431152, 0.48444435000419617
n,0.4594905972480774, -0.5957999229431152, 0.48444435000419617
n,0.4594905972480774, -0.5957999229431152, 0.48444435000419617
n,-0.45509225130081177, -0.2397489845752716, -0.7322614789009094
n,-0.45509225130081177, -0.2397489845752716, -0.7322614789009094
n,-0.45509225130081177, -0.2397489845752716, -0.7322614789009094
n,0.631585955619812, -0.22143009305000305, 0.5940230488777161
n,0.631585955619812, -0.22143009305000305, 0.5940230488777161
n,0.631585955619812, -0.22143009305000305, 0.5940230488777161
n,-0.3416469097137451, -0.14607010781764984, 0.8140861392021179
n,-0.3416469097137451, -0.14607010781764984, 0.8140861392021179
n,-0.3416469097137451, -0.14607010781764984, 0.8140861392021179
n,0.43800556659698486, 0.5052527189254761, -0.5946983695030212
n,0.43800556659698486, 0.5052527189254761, -0.5946983695030212
n,0.43800556659698486, 0.5052527189254761, -0.5946983695030212
n,-0.8045288920402527, -0.39182737469673157, -2.5236261080863187e-07
n,-0.8045288920402527, -0.39182737469673157, -2.5236261080863187e-07
n,-0.8045288920402527, -0.39182737469673157, -2.5236261080863187e-07
n,0.13666599988937378, 0.5731183886528015, 0.6735376715660095
n,0.13666599988937378, 0.5731183886528015, 0.6735376715660095
n,0.13666599988937378, 0.5731183886528015, 0.6735376715660095
n,-0.8045291900634766, -0.3918267488479614, -8.57710006130219e-07
n,-0.8045291900634766, -0.3918267488479614, -8.57710006130219e-07
n,-0.8045291900634766, -0.3918267488479614, -8.57710006130219e-07
n,0.2721332311630249, 0.45581719279289246, -0.7203954458236694
n,0.2721332311630249, 0.45581719279289246, -0.7203954458236694
n,0.2721332311630249, 0.45581719279289246, -0.7203954458236694
n,-0.6621565818786621, 0.6010605692863464, 0.032717760652303696
n,-0.6621565818786621, 0.6010605692863464, 0.032717760652303696
n,-0.6621565818786621, 0.6010605692863464, 0.032717760652303696
n,0.7764410376548767, 0.029847025871276855, -0.4438962936401367
n,0.7764410376548767, 0.029847025871276855, -0.4438962936401367
n,0.7764410376548767, 0.029847025871276855, -0.4438962936401367
n,-0.7402517795562744, -0.481896311044693, 0.14352238178253174
n,-0.7402517795562744, -0.481896311044693, 0.14352238178253174
n,-0.7402517795562744, -0.481896311044693, 0.14352238178253174
n,0.3063371479511261, -0.5785089731216431, 0.6101477146148682
n,0.3063371479511261, -0.5785089731216431, 0.6101477146148682
n,0.3063371479511261, -0.5785089731216431, 0.6101477146148682
n,-0.35460522770881653, 0.7988790273666382, 0.19194546341896057
n,-0.35460522770881653, 0.7988790273666382, 0.19194546341896057
n,-0.35460522770881653, 0.7988790273666382, 0.19194546341896057
n,-0.0704616904258728, -0.8682855367660522, 0.20472121238708496
n,-0.0704616904258728, -0.8682855367660522, 0.20472121238708496
n,-0.0704616904258728, -0.8682855367660522, 0.20472121238708496
n,-0.5942268371582031, 0.3469012975692749, -0.5721445083618164
n,-0.5942268371582031, 0.3469012975692749, -0.5721445083618164
n,-0.5942268371582031, 0.3469012975692749, -0.5721445083618164
n,0.3933158218860626, -0.8038021922111511, -0.00045335994218476117
n,0.3933158218860626, -0.8038021922111511, -0.00045335994218476117
n,0.3933158218860626, -0.8038021922111511, -0.00045335994218476117
n,0.3903369903564453, -0.8052000403404236, 0.009239867329597473
n,0.3903369903564453, -0.8052000403404236, 0.009239867329597473
n,0.3903369903564453, -0.8052000403404236, 0.009239867329597473
n,-0.27862435579299927, -0.8488945960998535, -0.050418753176927567
n,-0.27862435579299927, -0.8488945960998535, -0.050418753176927567
n,-0.27862435579299927, -0.8488945960998535, -0.050418753176927567
n,-0.2487567961215973, -0.8592936992645264, -0.023017792031168938
n,-0.2487567961215973, -0.8592936992645264, -0.023017792031168938
n,-0.2487567961215973, -0.8592936992645264, -0.023017792031168938
n,0.18234480917453766, 0.17782464623451233, 0.8578602075576782
n,0.18234480917453766, 0.17782464623451233, 0.8578602075576782
n,0.18234480917453766, 0.17782464623451233, 0.8578602075576782
n,0.6689643859863281, -0.5821880102157593, -0.11974682658910751
n,0.6689643859863281, -0.5821880102157593, -0.11974682658910751
n,0.6689643859863281, -0.5821880102157593, -0.11974682658910751
n,0.29021674394607544, -0.8391748070716858, 0.11115437000989914
n,0.29021674394607544, -0.8391748070716858, 0.11115437000989914
n,0.29021674394607544, -0.8391748070716858, 0.11115437000989914
n,0.7186800241470337, -0.4833340048789978, -0.2251284122467041
n,0.7186800241470337, -0.4833340048789978, -0.2251284122467041
n,0.7186800241470337, -0.4833340048789978, -0.2251284122467041
n,-0.029770562425255775, 0.059409044682979584, 0.8924010992050171
n,-0.029770562425255775, 0.059409044682979584, 0.8924010992050171
n,-0.029770562425255775, 0.059409044682979584, 0.8924010992050171
n,-0.06027999520301819, -0.029382236301898956, 0.8923555016517639
n,-0.06027999520301819, -0.029382236301898956, 0.8923555016517639
n,-0.06027999520301819, -0.029382236301898956, 0.8923555016517639
n,-0.028308512642979622, 0.05976717919111252, -0.8924247026443481
n,-0.028308512642979622, 0.05976717919111252, -0.8924247026443481
n,-0.028308512642979622, 0.05976717919111252, -0.8924247026443481
n,-0.05430273711681366, -0.026460692286491394, -0.8928306102752686
n,-0.05430273711681366, -0.026460692286491394, -0.8928306102752686
n,-0.05430273711681366, -0.026460692286491394, -0.8928306102752686
n,0.0020743166096508503, -0.0053886412642896175, 0.8948530554771423
n,0.0020743166096508503, -0.0053886412642896175, 0.8948530554771423
n,0.0020743166096508503, -0.0053886412642896175, 0.8948530554771423
n,0.06710256636142731, -0.05514141172170639, -0.8906470537185669
n,0.06710256636142731, -0.05514141172170639, -0.8906470537185669
n,0.06710256636142731, -0.05514141172170639, -0.8906470537185669
n,-0.1359253078699112, -0.09167306125164032, 0.8797248005867004
n,-0.1359253078699112, -0.09167306125164032, 0.8797248005867004
n,-0.1359253078699112, -0.09167306125164032, 0.8797248005867004
n,-0.40652626752853394, -0.7546786069869995, 0.25688937306404114
n,-0.40652626752853394, -0.7546786069869995, 0.25688937306404114
n,-0.40652626752853394, -0.7546786069869995, 0.25688937306404114
n,0.8448123931884766, -0.1452423334121704, 0.25688931345939636
n,0.8448123931884766, -0.1452423334121704, 0.25688931345939636
n,0.8448123931884766, -0.1452423334121704, 0.25688931345939636
n,-0.5704200267791748, -0.28457343578338623, 0.628040075302124
n,-0.5704200267791748, -0.28457343578338623, 0.628040075302124
n,-0.5704200267791748, -0.28457343578338623, 0.628040075302124
n,-0.6304377913475037, -0.24800840020179749, 0.584666907787323
n,-0.6304377913475037, -0.24800840020179749, 0.584666907787323
n,-0.6304377913475037, -0.24800840020179749, 0.584666907787323
n,-0.30332449078559875, 0.5919164419174194, 0.5986858010292053
n,-0.30332449078559875, 0.5919164419174194, 0.5986858010292053
n,-0.30332449078559875, 0.5919164419174194, 0.5986858010292053
n,-0.231577068567276, 0.4737308621406555, -0.7230120897293091
n,-0.231577068567276, 0.4737308621406555, -0.7230120897293091
n,-0.231577068567276, 0.4737308621406555, -0.7230120897293091
n,0.2040628343820572, -0.44450294971466064, -0.749380350112915
n,0.2040628343820572, -0.44450294971466064, -0.749380350112915
n,0.2040628343820572, -0.44450294971466064, -0.749380350112915
n,-0.2404884696006775, 0.49543437361717224, -0.7053406834602356
n,-0.2404884696006775, 0.49543437361717224, -0.7053406834602356
n,-0.2404884696006775, 0.49543437361717224, -0.7053406834602356
n,0.6332399845123291, 0.5142989158630371, 0.3678304851055145
n,0.6332399845123291, 0.5142989158630371, 0.3678304851055145
n,0.6332399845123291, 0.5142989158630371, 0.3678304851055145
n,-0.5201082825660706, -0.0323098748922348, 0.7274879813194275
n,-0.5201082825660706, -0.0323098748922348, 0.7274879813194275
n,-0.5201082825660706, -0.0323098748922348, 0.7274879813194275
n,0.40647614002227783, -0.7536357045173645, 0.2600111961364746
n,0.40647614002227783, -0.7536357045173645, 0.2600111961364746
n,0.40647614002227783, -0.7536357045173645, 0.2600111961364746
n,0.16525612771511078, 0.15140382945537567, 0.8663501739501953
n,0.16525612771511078, 0.15140382945537567, 0.8663501739501953
n,0.16525612771511078, 0.15140382945537567, 0.8663501739501953
n,-0.3182668089866638, 0.8321685791015625, -0.08364851027727127
n,-0.3182668089866638, 0.8321685791015625, -0.08364851027727127
n,-0.3182668089866638, 0.8321685791015625, -0.08364851027727127
n,0.2545016407966614, -0.807420551776886, -0.2899937629699707
n,0.2545016407966614, -0.807420551776886, -0.2899937629699707
n,0.2545016407966614, -0.807420551776886, -0.2899937629699707
n,-0.8660022020339966, -0.22518451511859894, -0.011291321367025375
n,-0.8660022020339966, -0.22518451511859894, -0.011291321367025375
n,-0.8660022020339966, -0.22518451511859894, -0.011291321367025375
n,0.10983490943908691, 0.8843350410461426, 0.08175050467252731
n,0.10983490943908691, 0.8843350410461426, 0.08175050467252731
n,0.10983490943908691, 0.8843350410461426, 0.08175050467252731
n,0.10042595118284225, 0.04557674750685692, -0.8880499601364136
n,0.10042595118284225, 0.04557674750685692, -0.8880499601364136
n,0.10042595118284225, 0.04557674750685692, -0.8880499601364136
n,0.0555013045668602, -0.1517927050590515, 0.880155622959137
n,0.0555013045668602, -0.1517927050590515, 0.880155622959137
n,0.0555013045668602, -0.1517927050590515, 0.880155622959137
n,-0.12837006151676178, 0.036921124905347824, -0.8848465085029602
n,-0.12837006151676178, 0.036921124905347824, -0.8848465085029602
n,-0.12837006151676178, 0.036921124905347824, -0.8848465085029602
n,-0.277019739151001, -0.6565088033676147, 0.5413424968719482
n,-0.277019739151001, -0.6565088033676147, 0.5413424968719482
n,-0.277019739151001, -0.6565088033676147, 0.5413424968719482
n,0.1232682466506958, 0.43060028553009033, 0.77471524477005
n,0.1232682466506958, 0.43060028553009033, 0.77471524477005
n,0.1232682466506958, 0.43060028553009033, 0.77471524477005
n,0.7152453660964966, -0.30585524439811707, 0.4423483610153198
n,0.7152453660964966, -0.30585524439811707, 0.4423483610153198
n,0.7152453660964966, -0.30585524439811707, 0.4423483610153198
n,-0.13205575942993164, 0.10569028556346893, -0.8787412643432617
n,-0.13205575942993164, 0.10569028556346893, -0.8787412643432617
n,-0.13205575942993164, 0.10569028556346893, -0.8787412643432617
n,-0.8646254539489746, -0.21228477358818054, 0.0902956873178482
n,-0.8646254539489746, -0.21228477358818054, 0.0902956873178482
n,-0.8646254539489746, -0.21228477358818054, 0.0902956873178482
n,-0.43702149391174316, -0.0038375556468963623, 0.7808923721313477
n,-0.43702149391174316, -0.0038375556468963623, 0.7808923721313477
n,-0.43702149391174316, -0.0038375556468963623, 0.7808923721313477
n,0.5957050323486328, -0.45541393756866455, 0.4883943796157837
n,0.5957050323486328, -0.45541393756866455, 0.4883943796157837
n,0.5957050323486328, -0.45541393756866455, 0.4883943796157837
n,0.05249463766813278, 0.0677492618560791, -0.8907579183578491
n,0.05249463766813278, 0.0677492618560791, -0.8907579183578491
n,0.05249463766813278, 0.0677492618560791, -0.8907579183578491
n,-0.08787770569324493, 0.0060873813927173615, -0.8905255794525146
n,-0.08787770569324493, 0.0060873813927173615, -0.8905255794525146
n,-0.08787770569324493, 0.0060873813927173615, -0.8905255794525146
n,-0.654521107673645, 0.3820943236351013, 0.4758167564868927
n,-0.654521107673645, 0.3820943236351013, 0.4758167564868927
n,-0.654521107673645, 0.3820943236351013, 0.4758167564868927
n,-0.298126220703125, -0.7998493909835815, 0.26862090826034546
n,-0.298126220703125, -0.7998493909835815, 0.26862090826034546
n,-0.298126220703125, -0.7998493909835815, 0.26862090826034546
n,0.5607844591140747, 0.5649482011795044, -0.4088395833969116
n,0.5607844591140747, 0.5649482011795044, -0.4088395833969116
n,0.5607844591140747, 0.5649482011795044, -0.4088395833969116
n,0.7724248170852661, 0.4292534291744232, 0.14105656743049622
n,0.7724248170852661, 0.4292534291744232, 0.14105656743049622
n,0.7724248170852661, 0.4292534291744232, 0.14105656743049622
n,0.18760138750076294, 0.8308479189872742, 0.2743956744670868
n,0.18760138750076294, 0.8308479189872742, 0.2743956744670868
n,0.18760138750076294, 0.8308479189872742, 0.2743956744670868
n,-0.10753601044416428, -0.04647701606154442, 0.8871704339981079
n,-0.10753601044416428, -0.04647701606154442, 0.8871704339981079
n,-0.10753601044416428, -0.04647701606154442, 0.8871704339981079
n,-0.0851559191942215, 0.26144862174987793, 0.8515799641609192
n,-0.0851559191942215, 0.26144862174987793, 0.8515799641609192
n,-0.0851559191942215, 0.26144862174987793, 0.8515799641609192
n,-0.5526483058929443, 0.6760318279266357, 0.19584761559963226
n,-0.5526483058929443, 0.6760318279266357, 0.19584761559963226
n,-0.5526483058929443, 0.6760318279266357, 0.19584761559963226
n,0.3674536645412445, 0.6378772258758545, 0.5088083744049072
n,0.3674536645412445, 0.6378772258758545, 0.5088083744049072
n,0.3674536645412445, 0.6378772258758545, 0.5088083744049072
n,0.026772646233439445, 0.04664112627506256, -0.8932542204856873
n,0.026772646233439445, 0.04664112627506256, -0.8932542204856873
n,0.026772646233439445, 0.04664112627506256, -0.8932542204856873
n,-0.855921745300293, -0.08281958103179932, 0.247657909989357
n,-0.855921745300293, -0.08281958103179932, 0.247657909989357
n,-0.855921745300293, -0.08281958103179932, 0.247657909989357
n,0.04862451180815697, -0.015334980562329292, -0.8934180736541748
n,0.04862451180815697, -0.015334980562329292, -0.8934180736541748
n,0.04862451180815697, -0.015334980562329292, -0.8934180736541748
n,0.10192166268825531, 0.6477056741714478, 0.6090031862258911
n,0.10192166268825531, 0.6477056741714478, 0.6090031862258911
n,0.10192166268825531, 0.6477056741714478, 0.6090031862258911
n,0.3086720407009125, -0.7825893759727478, 0.30507537722587585
n,0.3086720407009125, -0.7825893759727478, 0.30507537722587585
n,0.3086720407009125, -0.7825893759727478, 0.30507537722587585
n,-0.2766028046607971, 0.054257892072200775, 0.8493187427520752
n,-0.2766028046607971, 0.054257892072200775, 0.8493187427520752
n,-0.2766028046607971, 0.054257892072200775, 0.8493187427520752
n,-0.09088923037052155, -0.2091836780309677, -0.8653188943862915
n,-0.09088923037052155, -0.2091836780309677, -0.8653188943862915
n,-0.09088923037052155, -0.2091836780309677, -0.8653188943862915
n,0.6798040866851807, 0.38713210821151733, 0.4345003664493561
n,0.6798040866851807, 0.38713210821151733, 0.4345003664493561
n,0.6798040866851807, 0.38713210821151733, 0.4345003664493561
n,0.742580771446228, 0.42717400193214417, 0.2586340010166168
n,0.742580771446228, 0.42717400193214417, 0.2586340010166168
n,0.742580771446228, 0.42717400193214417, 0.2586340010166168
n,-0.3886284828186035, -0.4635620713233948, -0.6594494581222534
n,-0.3886284828186035, -0.4635620713233948, -0.6594494581222534
n,-0.3886284828186035, -0.4635620713233948, -0.6594494581222534
n,-0.43382754921913147, 0.017558768391609192, -0.7824837565422058
n,-0.43382754921913147, 0.017558768391609192, -0.7824837565422058
n,-0.43382754921913147, 0.017558768391609192, -0.7824837565422058
n,-0.3343444764614105, 0.7329708933830261, -0.38956764340400696
n,-0.3343444764614105, 0.7329708933830261, -0.38956764340400696
n,-0.3343444764614105, 0.7329708933830261, -0.38956764340400696
n,-0.669391393661499, 0.16450875997543335, -0.570655345916748
n,-0.669391393661499, 0.16450875997543335, -0.570655345916748
n,-0.669391393661499, 0.16450875997543335, -0.570655345916748
n,-0.7220883369445801, 0.5285663604736328, 0.00120827357750386
n,-0.7220883369445801, 0.5285663604736328, 0.00120827357750386
n,-0.7220883369445801, 0.5285663604736328, 0.00120827357750386
n,0.7220883369445801, -0.5285663604736328, -0.00120827357750386
n,0.7220883369445801, -0.5285663604736328, -0.00120827357750386
n,0.7220883369445801, -0.5285663604736328, -0.00120827357750386
n,0.4758268892765045, -0.7578486800193787, 0.007040261756628752
n,0.4758268892765045, -0.7578486800193787, 0.007040261756628752
n,0.4758268892765045, -0.7578486800193787, 0.007040261756628752
n,-0.4758268892765045, 0.7578486800193787, -0.007040261756628752
n,-0.4758268892765045, 0.7578486800193787, -0.007040261756628752
n,-0.4758268892765045, 0.7578486800193787, -0.007040261756628752
n,-0.025425881147384644, 0.8945105671882629, 0.00011267646914348006
n,-0.025425881147384644, 0.8945105671882629, 0.00011267646914348006
n,-0.025425881147384644, 0.8945105671882629, 0.00011267646914348006
n,0.025425881147384644, -0.8945105671882629, -0.00011267646914348006
n,0.025425881147384644, -0.8945105671882629, -0.00011267646914348006
n,0.025425881147384644, -0.8945105671882629, -0.00011267646914348006
n,-0.5268036127090454, -0.7233761548995972, -0.0006316713406704366
n,-0.5268036127090454, -0.7233761548995972, -0.0006316713406704366
n,-0.5268036127090454, -0.7233761548995972, -0.0006316713406704366
n,0.5268036127090454, 0.7233761548995972, 0.0006316713406704366
n,0.5268036127090454, 0.7233761548995972, 0.0006316713406704366
n,0.5268036127090454, 0.7233761548995972, 0.0006316713406704366
n,-0.5427457690238953, -0.6025296449661255, -0.37839198112487793
n,-0.5427457690238953, -0.6025296449661255, -0.37839198112487793
n,-0.5427457690238953, -0.6025296449661255, -0.37839198112487793
n,0.8255091309547424, 0.10175736248493195, -0.33011433482170105
n,0.8255091309547424, 0.10175736248493195, -0.33011433482170105
n,0.8255091309547424, 0.10175736248493195, -0.33011433482170105
n,0.542748212814331, 0.6025286912918091, -0.3783901333808899
n,0.542748212814331, 0.6025286912918091, -0.3783901333808899
n,0.542748212814331, 0.6025286912918091, -0.3783901333808899
n,-0.5940836668014526, 0.5484459400177002, -0.3834931552410126
n,-0.5940836668014526, 0.5484459400177002, -0.3834931552410126
n,-0.5940836668014526, 0.5484459400177002, -0.3834931552410126
n,-0.8728104829788208, 0.18563887476921082, 0.0673469603061676
n,-0.8728104829788208, 0.18563887476921082, 0.0673469603061676
n,-0.8728104829788208, 0.18563887476921082, 0.0673469603061676
n,0.7851167321205139, -0.41054266691207886, -0.12586404383182526
n,0.7851167321205139, -0.41054266691207886, -0.12586404383182526
n,0.7851167321205139, -0.41054266691207886, -0.12586404383182526
n,-0.8306150436401367, 0.3104422688484192, 0.12041464447975159
n,-0.8306150436401367, 0.3104422688484192, 0.12041464447975159
n,-0.8306150436401367, 0.3104422688484192, 0.12041464447975159
n,-0.1436956375837326, 0.40203937888145447, -0.7864548563957214
n,-0.1436956375837326, 0.40203937888145447, -0.7864548563957214
n,-0.1436956375837326, 0.40203937888145447, -0.7864548563957214
n,0.09247010201215744, -0.4991965591907501, 0.7369176745414734
n,0.09247010201215744, -0.4991965591907501, 0.7369176745414734
n,0.09247010201215744, -0.4991965591907501, 0.7369176745414734
n,0.06045094132423401, 0.8321713209152222, 0.3234685957431793
n,0.06045094132423401, 0.8321713209152222, 0.3234685957431793
n,0.06045094132423401, 0.8321713209152222, 0.3234685957431793
n,0.5841546058654785, -0.6655434370040894, -0.1288834661245346
n,0.5841546058654785, -0.6655434370040894, -0.1288834661245346
n,0.5841546058654785, -0.6655434370040894, -0.1288834661245346
n,-0.1403578221797943, -0.8824361562728882, 0.049006491899490356
n,-0.1403578221797943, -0.8824361562728882, 0.049006491899490356
n,-0.1403578221797943, -0.8824361562728882, 0.049006491899490356
n,0.26360228657722473, 0.7519261837005615, -0.40732812881469727
n,0.26360228657722473, 0.7519261837005615, -0.40732812881469727
n,0.26360228657722473, 0.7519261837005615, -0.40732812881469727
n,0.20618802309036255, -0.8053513169288635, 0.331196665763855
n,0.20618802309036255, -0.8053513169288635, 0.331196665763855
n,0.20618802309036255, -0.8053513169288635, 0.331196665763855
n,-0.3112426996231079, 0.2943798303604126, 0.7856614589691162
n,-0.3112426996231079, 0.2943798303604126, 0.7856614589691162
n,-0.3112426996231079, 0.2943798303604126, 0.7856614589691162
n,0.7310879230499268, -0.18458470702171326, -0.48190703988075256
n,0.7310879230499268, -0.18458470702171326, -0.48190703988075256
n,0.7310879230499268, -0.18458470702171326, -0.48190703988075256
n,-0.8468354940414429, 0.2892448604106903, 0.0015798051608726382
n,-0.8468354940414429, 0.2892448604106903, 0.0015798051608726382
n,-0.8468354940414429, 0.2892448604106903, 0.0015798051608726382
n,-0.7568649649620056, -0.40634703636169434, -0.2506650388240814
n,-0.7568649649620056, -0.40634703636169434, -0.2506650388240814
n,-0.7568649649620056, -0.40634703636169434, -0.2506650388240814
n,-0.8468626737594604, 0.2891649305820465, 0.0016413421835750341
n,-0.8468626737594604, 0.2891649305820465, 0.0016413421835750341
n,-0.8468626737594604, 0.2891649305820465, 0.0016413421835750341
n,0.25619053840637207, -0.7678577899932861, 0.3815182149410248
n,0.25619053840637207, -0.7678577899932861, 0.3815182149410248
n,0.25619053840637207, -0.7678577899932861, 0.3815182149410248
n,-0.8460224270820618, 0.2916187345981598, 4.97495784657076e-05
n,-0.8460224270820618, 0.2916187345981598, 4.97495784657076e-05
n,-0.8460224270820618, 0.2916187345981598, 4.97495784657076e-05
n,0.49121570587158203, 0.7411355972290039, -0.1010970026254654
n,0.49121570587158203, 0.7411355972290039, -0.1010970026254654
n,0.49121570587158203, 0.7411355972290039, -0.1010970026254654
n,0.7859983444213867, -0.4249510169029236, 0.04917909950017929
n,0.7859983444213867, -0.4249510169029236, 0.04917909950017929
n,0.7859983444213867, -0.4249510169029236, 0.04917909950017929
n,-0.7506025433540344, 0.1396571695804596, -0.4667838215827942
n,-0.7506025433540344, 0.1396571695804596, -0.4667838215827942
n,-0.7506025433540344, 0.1396571695804596, -0.4667838215827942
n,-0.8879751563072205, 0.04019704461097717, -0.10334327071905136
n,-0.8879751563072205, 0.04019704461097717, -0.10334327071905136
n,-0.8879751563072205, 0.04019704461097717, -0.10334327071905136
n,-0.3914552628993988, 0.7920699715614319, 0.1420682966709137
n,-0.3914552628993988, 0.7920699715614319, 0.1420682966709137
n,-0.3914552628993988, 0.7920699715614319, 0.1420682966709137
n,0.6146641373634338, 0.6488305330276489, 0.04474843293428421
n,0.6146641373634338, 0.6488305330276489, 0.04474843293428421
n,0.6146641373634338, 0.6488305330276489, 0.04474843293428421
n,0.6645939946174622, 0.4963241517543793, 0.33581632375717163
n,0.6645939946174622, 0.4963241517543793, 0.33581632375717163
n,0.6645939946174622, 0.4963241517543793, 0.33581632375717163
n,0.39605239033699036, -0.6150240302085876, -0.515444815158844
n,0.39605239033699036, -0.6150240302085876, -0.515444815158844
n,0.39605239033699036, -0.6150240302085876, -0.515444815158844
n,-0.30136072635650635, 0.05464739352464676, 0.8408273458480835
n,-0.30136072635650635, 0.05464739352464676, 0.8408273458480835
n,-0.30136072635650635, 0.05464739352464676, 0.8408273458480835
n,0.8463612794876099, -0.29061952233314514, -0.002892698161303997
n,0.8463612794876099, -0.29061952233314514, -0.002892698161303997
n,0.8463612794876099, -0.29061952233314514, -0.002892698161303997
n,0.84599369764328, -0.2917019724845886, 0.00016428864910267293
n,0.84599369764328, -0.2917019724845886, 0.00016428864910267293
n,0.84599369764328, -0.2917019724845886, 0.00016428864910267293
n,-0.30837562680244446, 0.655390739440918, 0.5255119204521179
n,-0.30837562680244446, 0.655390739440918, 0.5255119204521179
n,-0.30837562680244446, 0.655390739440918, 0.5255119204521179
n,0.845931351184845, -0.29188308119773865, -4.578112930175848e-05
n,0.845931351184845, -0.29188308119773865, -4.578112930175848e-05
n,0.845931351184845, -0.29188308119773865, -4.578112930175848e-05
n,-0.16409537196159363, -0.8713167905807495, -0.1211419478058815
n,-0.16409537196159363, -0.8713167905807495, -0.1211419478058815
n,-0.16409537196159363, -0.8713167905807495, -0.1211419478058815
n,0.34650203585624695, -0.8042753338813782, -0.18404628336429596
n,0.34650203585624695, -0.8042753338813782, -0.18404628336429596
n,0.34650203585624695, -0.8042753338813782, -0.18404628336429596
n,-0.7687020897865295, -0.41954365372657776, -0.18405325710773468
n,-0.7687020897865295, -0.41954365372657776, -0.18405325710773468
n,-0.7687020897865295, -0.41954365372657776, -0.18405325710773468
n,-0.34649965167045593, 0.8042762875556946, -0.1840466856956482
n,-0.34649965167045593, 0.8042762875556946, -0.1840466856956482
n,-0.34649965167045593, 0.8042762875556946, -0.1840466856956482
n,0.8531602621078491, 0.2585276961326599, -0.07795107364654541
n,0.8531602621078491, 0.2585276961326599, -0.07795107364654541
n,0.8531602621078491, 0.2585276961326599, -0.07795107364654541
n,-0.3583052456378937, 0.8178718090057373, -0.05914695933461189
n,-0.3583052456378937, 0.8178718090057373, -0.05914695933461189
n,-0.3583052456378937, 0.8178718090057373, -0.05914695933461189
n,0.2765139937400818, -0.8451551198959351, -0.10024072229862213
n,0.2765139937400818, -0.8451551198959351, -0.10024072229862213
n,0.2765139937400818, -0.8451551198959351, -0.10024072229862213
n,-0.8387059569358826, -0.3054541051387787, -0.06376193463802338
n,-0.8387059569358826, -0.3054541051387787, -0.06376193463802338
n,-0.8387059569358826, -0.3054541051387787, -0.06376193463802338
n,-0.8045289516448975, -0.391827255487442, 4.7177604045600674e-08
n,-0.8045289516448975, -0.391827255487442, 4.7177604045600674e-08
n,-0.8045289516448975, -0.391827255487442, 4.7177604045600674e-08
n,-0.4739268124103546, 0.7588865160942078, -0.0167361069470644
n,-0.4739268124103546, 0.7588865160942078, -0.0167361069470644
n,-0.4739268124103546, 0.7588865160942078, -0.0167361069470644
n,-0.24620911478996277, -0.8603126406669617, -0.006214435212314129
n,-0.24620911478996277, -0.8603126406669617, -0.006214435212314129
n,-0.24620911478996277, -0.8603126406669617, -0.006214435212314129
n,-0.2640393078327179, -0.855019211769104, -0.004557725507766008
n,-0.2640393078327179, -0.855019211769104, -0.004557725507766008
n,-0.2640393078327179, -0.855019211769104, -0.004557725507766008
n,-0.7202585935592651, 0.5309730172157288, 0.009521892294287682
n,-0.7202585935592651, 0.5309730172157288, 0.009521892294287682
n,-0.7202585935592651, 0.5309730172157288, 0.009521892294287682
n,0.3773210346698761, -0.5156221389770508, -0.6265445351600647
n,0.3773210346698761, -0.5156221389770508, -0.6265445351600647
n,0.3773210346698761, -0.5156221389770508, -0.6265445351600647
n,-0.6709888577461243, 0.5787888765335083, -0.12479083240032196
n,-0.6709888577461243, 0.5787888765335083, -0.12479083240032196
n,-0.6709888577461243, 0.5787888765335083, -0.12479083240032196
n,0.1455579251050949, 0.4726470410823822, 0.7457968592643738
n,0.1455579251050949, 0.4726470410823822, 0.7457968592643738
n,0.1455579251050949, 0.4726470410823822, 0.7457968592643738
n,-0.3912402093410492, -0.8046697378158569, 0.015272083692252636
n,-0.3912402093410492, -0.8046697378158569, 0.015272083692252636
n,-0.3912402093410492, -0.8046697378158569, 0.015272083692252636
n,0.6923171281814575, 0.5572112202644348, -0.1049192026257515
n,0.6923171281814575, 0.5572112202644348, -0.1049192026257515
n,0.6923171281814575, 0.5572112202644348, -0.1049192026257515
n,0.7538040280342102, 0.31463995575904846, -0.36548128724098206
n,0.7538040280342102, 0.31463995575904846, -0.36548128724098206
n,0.7538040280342102, 0.31463995575904846, -0.36548128724098206
n,-0.12354527413845062, -0.6267175078392029, -0.6267034411430359
n,-0.12354527413845062, -0.6267175078392029, -0.6267034411430359
n,-0.12354527413845062, -0.6267175078392029, -0.6267034411430359
n,-0.7828673124313354, -0.42633235454559326, -0.07845383137464523
n,-0.7828673124313354, -0.42633235454559326, -0.07845383137464523
n,-0.7828673124313354, -0.42633235454559326, -0.07845383137464523
n,-0.8352091908454895, 0.07012069225311279, 0.3135348856449127
n,-0.8352091908454895, 0.07012069225311279, 0.3135348856449127
n,-0.8352091908454895, 0.07012069225311279, 0.3135348856449127
n,-0.42120590806007385, 0.24242594838142395, 0.7514058351516724
n,-0.42120590806007385, 0.24242594838142395, 0.7514058351516724
n,-0.42120590806007385, 0.24242594838142395, 0.7514058351516724
n,0.751804530620575, -0.46748054027557373, 0.1305653601884842
n,0.751804530620575, -0.46748054027557373, 0.1305653601884842
n,0.751804530620575, -0.46748054027557373, 0.1305653601884842
n,0.002251467201858759, 0.006980579346418381, 0.8948416113853455
n,0.002251467201858759, 0.006980579346418381, 0.8948416113853455
n,0.002251467201858759, 0.006980579346418381, 0.8948416113853455
n,0.37499481439590454, -0.42955464124679565, 0.689678966999054
n,0.37499481439590454, -0.42955464124679565, 0.689678966999054
n,0.37499481439590454, -0.42955464124679565, 0.689678966999054
n,0.7609750032424927, -0.42885154485702515, -0.19441920518875122
n,0.7609750032424927, -0.42885154485702515, -0.19441920518875122
n,0.7609750032424927, -0.42885154485702515, -0.19441920518875122
n,0.8675998449325562, -0.05176869034767151, -0.2130398005247116
n,0.8675998449325562, -0.05176869034767151, -0.2130398005247116
n,0.8675998449325562, -0.05176869034767151, -0.2130398005247116
n,0.8611617088317871, -0.07299327850341797, -0.23209472000598907
n,0.8611617088317871, -0.07299327850341797, -0.23209472000598907
n,0.8611617088317871, -0.07299327850341797, -0.23209472000598907
n,0.43317103385925293, 0.4847002625465393, 0.6149991154670715
n,0.43317103385925293, 0.4847002625465393, 0.6149991154670715
n,0.43317103385925293, 0.4847002625465393, 0.6149991154670715
n,-0.21546924114227295, -0.8054155111312866, -0.32507577538490295
n,-0.21546924114227295, -0.8054155111312866, -0.32507577538490295
n,-0.21546924114227295, -0.8054155111312866, -0.32507577538490295
n,0.45238688588142395, 0.3449817895889282, 0.6907453536987305
n,0.45238688588142395, 0.3449817895889282, 0.6907453536987305
n,0.45238688588142395, 0.3449817895889282, 0.6907453536987305
n,0.2566998302936554, 0.7112046480178833, 0.4786318838596344
n,0.2566998302936554, 0.7112046480178833, 0.4786318838596344
n,0.2566998302936554, 0.7112046480178833, 0.4786318838596344
n,-0.31153446435928345, 0.7390862703323364, -0.39685413241386414
n,-0.31153446435928345, 0.7390862703323364, -0.39685413241386414
n,-0.31153446435928345, 0.7390862703323364, -0.39685413241386414
n,-0.7010204792022705, -0.04578058421611786, -0.5543192625045776
n,-0.7010204792022705, -0.04578058421611786, -0.5543192625045776
n,-0.7010204792022705, -0.04578058421611786, -0.5543192625045776
n,-0.37340033054351807, -0.6951885223388672, -0.4219959080219269
n,-0.37340033054351807, -0.6951885223388672, -0.4219959080219269
n,-0.37340033054351807, -0.6951885223388672, -0.4219959080219269
n,-0.7121932506561279, 0.540341854095459, 0.04008584842085838
n,-0.7121932506561279, 0.540341854095459, 0.04008584842085838
n,-0.7121932506561279, 0.540341854095459, 0.04008584842085838
n,0.5963237285614014, -0.6534403562545776, -0.1349416822195053
n,0.5963237285614014, -0.6534403562545776, -0.1349416822195053
n,0.5963237285614014, -0.6534403562545776, -0.1349416822195053
n,-0.5143720507621765, 0.14431987702846527, 0.7179057598114014
n,-0.5143720507621765, 0.14431987702846527, 0.7179057598114014
n,-0.5143720507621765, 0.14431987702846527, 0.7179057598114014
n,-0.0878944993019104, -0.5506539344787598, 0.6998929977416992
n,-0.0878944993019104, -0.5506539344787598, 0.6998929977416992
n,-0.0878944993019104, -0.5506539344787598, 0.6998929977416992
n,0.1999327838420868, 0.829494833946228, -0.2697419226169586
n,0.1999327838420868, 0.829494833946228, -0.2697419226169586
n,0.1999327838420868, 0.829494833946228, -0.2697419226169586
n,-0.5396904349327087, 0.14448435604572296, -0.6990378499031067
n,-0.5396904349327087, 0.14448435604572296, -0.6990378499031067
n,-0.5396904349327087, 0.14448435604572296, -0.6990378499031067
n,0.04834240674972534, -0.7819406986236572, -0.4324664771556854
n,0.04834240674972534, -0.7819406986236572, -0.4324664771556854
n,0.04834240674972534, -0.7819406986236572, -0.4324664771556854
n,0.505279541015625, -0.4842481017112732, -0.5576664209365845
n,0.505279541015625, -0.4842481017112732, -0.5576664209365845
n,0.505279541015625, -0.4842481017112732, -0.5576664209365845
n,-0.7805615067481995, -0.38450372219085693, 0.20898820459842682
n,-0.7805615067481995, -0.38450372219085693, 0.20898820459842682
n,-0.7805615067481995, -0.38450372219085693, 0.20898820459842682
n,0.5092529654502869, -0.027258604764938354, 0.7353323698043823
n,0.5092529654502869, -0.027258604764938354, 0.7353323698043823
n,0.5092529654502869, -0.027258604764938354, 0.7353323698043823
n,0.48184022307395935, 0.172312393784523, -0.7341211438179016
n,0.48184022307395935, 0.172312393784523, -0.7341211438179016
n,0.48184022307395935, 0.172312393784523, -0.7341211438179016
n,-0.0349903479218483, 0.03107697144150734, 0.8936471939086914
n,-0.0349903479218483, 0.03107697144150734, 0.8936471939086914
n,-0.0349903479218483, 0.03107697144150734, 0.8936471939086914
n,-0.7854079604148865, -0.4286978542804718, -0.012165005318820477
n,-0.7854079604148865, -0.4286978542804718, -0.012165005318820477
n,-0.7854079604148865, -0.4286978542804718, -0.012165005318820477
n,0.8261422514915466, 0.3435457944869995, -0.016146769747138023
n,0.8261422514915466, 0.3435457944869995, -0.016146769747138023
n,0.8261422514915466, 0.3435457944869995, -0.016146769747138023
n,-0.844839870929718, -0.29481232166290283, -0.011256267316639423
n,-0.844839870929718, -0.29481232166290283, -0.011256267316639423
n,-0.844839870929718, -0.29481232166290283, -0.011256267316639423
n,-0.26514264941215515, 0.011751621961593628, -0.8546090722084045
n,-0.26514264941215515, 0.011751621961593628, -0.8546090722084045
n,-0.26514264941215515, 0.011751621961593628, -0.8546090722084045
n,0.7367784976959229, 0.5075124502182007, -0.019596919417381287
n,0.7367784976959229, 0.5075124502182007, -0.019596919417381287
n,0.7367784976959229, 0.5075124502182007, -0.019596919417381287
n,0.13528677821159363, 0.13994479179382324, 0.8734462857246399
n,0.13528677821159363, 0.13994479179382324, 0.8734462857246399
n,0.13528677821159363, 0.13994479179382324, 0.8734462857246399
n,-0.8915959596633911, -0.04411742091178894, 0.06249724701046944
n,-0.8915959596633911, -0.04411742091178894, 0.06249724701046944
n,-0.8915959596633911, -0.04411742091178894, 0.06249724701046944
n,0.08959260582923889, 0.8891951441764832, -0.045832931995391846
n,0.08959260582923889, 0.8891951441764832, -0.045832931995391846
n,0.08959260582923889, 0.8891951441764832, -0.045832931995391846
n,-0.3828042149543762, 0.5435019135475159, -0.5990508794784546
n,-0.3828042149543762, 0.5435019135475159, -0.5990508794784546
n,-0.3828042149543762, 0.5435019135475159, -0.5990508794784546
n,0.46663764119148254, 0.08751393109560013, 0.7585420608520508
n,0.46663764119148254, 0.08751393109560013, 0.7585420608520508
n,0.46663764119148254, 0.08751393109560013, 0.7585420608520508
n,-0.8045290112495422, -0.39182716608047485, -7.99446837618234e-08
n,-0.8045290112495422, -0.39182716608047485, -7.99446837618234e-08
n,-0.8045290112495422, -0.39182716608047485, -7.99446837618234e-08
n,0.5610305070877075, -0.597433865070343, -0.35932275652885437
n,0.5610305070877075, -0.597433865070343, -0.35932275652885437
n,0.5610305070877075, -0.597433865070343, -0.35932275652885437
n,-0.37176334857940674, 0.4640655219554901, 0.6687529683113098
n,-0.37176334857940674, 0.4640655219554901, 0.6687529683113098
n,-0.37176334857940674, 0.4640655219554901, 0.6687529683113098
n,-0.42811697721481323, -0.7833347320556641, 0.06243439391255379
n,-0.42811697721481323, -0.7833347320556641, 0.06243439391255379
n,-0.42811697721481323, -0.7833347320556641, 0.06243439391255379
n,-0.8045292496681213, -0.39182671904563904, -2.4311209472216433e-06
n,-0.8045292496681213, -0.39182671904563904, -2.4311209472216433e-06
n,-0.8045292496681213, -0.39182671904563904, -2.4311209472216433e-06
n,-0.804527223110199, -0.39183083176612854, -3.750722612494428e-07
n,-0.804527223110199, -0.39183083176612854, -3.750722612494428e-07
n,-0.804527223110199, -0.39183083176612854, -3.750722612494428e-07
n,0.2597162425518036, -0.8510387539863586, -0.09526729583740234
n,0.2597162425518036, -0.8510387539863586, -0.09526729583740234
n,0.2597162425518036, -0.8510387539863586, -0.09526729583740234
n,0.03390289843082428, 0.6328381896018982, 0.6317925453186035
n,0.03390289843082428, 0.6328381896018982, 0.6317925453186035
n,0.03390289843082428, 0.6328381896018982, 0.6317925453186035
n,-0.8045158386230469, -0.39185425639152527, -1.1101174095529132e-05
n,-0.8045158386230469, -0.39185425639152527, -1.1101174095529132e-05
n,-0.8045158386230469, -0.39185425639152527, -1.1101174095529132e-05
n,0.7814973592758179, 0.4015313982963562, -0.16979382932186127
n,0.7814973592758179, 0.4015313982963562, -0.16979382932186127
n,0.7814973592758179, 0.4015313982963562, -0.16979382932186127
n,0.20197351276874542, -0.8717790246009827, -0.0018772990442812443
n,0.20197351276874542, -0.8717790246009827, -0.0018772990442812443
n,0.20197351276874542, -0.8717790246009827, -0.0018772990442812443
n,0.17699554562568665, -0.7004454731941223, -0.5280569791793823
n,0.17699554562568665, -0.7004454731941223, -0.5280569791793823
n,0.17699554562568665, -0.7004454731941223, -0.5280569791793823
n,-0.8045289516448975, -0.391827255487442, -4.789130798599217e-07
n,-0.8045289516448975, -0.391827255487442, -4.789130798599217e-07
n,-0.8045289516448975, -0.391827255487442, -4.789130798599217e-07
n,0.8045288920402527, 0.39182743430137634, 1.4054423047582532e-07
n,0.8045288920402527, 0.39182743430137634, 1.4054423047582532e-07
n,0.8045288920402527, 0.39182743430137634, 1.4054423047582532e-07
n,0.08142121881246567, -0.23856550455093384, 0.8586341142654419
n,0.08142121881246567, -0.23856550455093384, 0.8586341142654419
n,0.08142121881246567, -0.23856550455093384, 0.8586341142654419
n,-0.8045289516448975, -0.3918273150920868, -2.0087914265332074e-07
n,-0.8045289516448975, -0.3918273150920868, -2.0087914265332074e-07
n,-0.8045289516448975, -0.3918273150920868, -2.0087914265332074e-07
n,0.041167259216308594, 0.5401041507720947, -0.7123118042945862
n,0.041167259216308594, 0.5401041507720947, -0.7123118042945862
n,0.041167259216308594, 0.5401041507720947, -0.7123118042945862
n,-0.3454265594482422, 0.5501935482025146, -0.6154372096061707
n,-0.3454265594482422, 0.5501935482025146, -0.6154372096061707
n,-0.3454265594482422, 0.5501935482025146, -0.6154372096061707
n,-0.23155009746551514, 0.6807599067687988, 0.5326780676841736
n,-0.23155009746551514, 0.6807599067687988, 0.5326780676841736
n,-0.23155009746551514, 0.6807599067687988, 0.5326780676841736
n,0.10792360454797745, -0.19541193544864655, 0.8665807247161865
n,0.10792360454797745, -0.19541193544864655, 0.8665807247161865
n,0.10792360454797745, -0.19541193544864655, 0.8665807247161865
n,-0.638415515422821, -0.11905910074710846, -0.6156671047210693
n,-0.638415515422821, -0.11905910074710846, -0.6156671047210693
n,-0.638415515422821, -0.11905910074710846, -0.6156671047210693
n,0.8045289516448975, 0.3918272852897644, -3.121802762962034e-07
n,0.8045289516448975, 0.3918272852897644, -3.121802762962034e-07
n,0.8045289516448975, 0.3918272852897644, -3.121802762962034e-07
n,-0.8045289516448975, -0.3918273448944092, 2.546389765711865e-08
n,-0.8045289516448975, -0.3918273448944092, 2.546389765711865e-08
n,-0.8045289516448975, -0.3918273448944092, 2.546389765711865e-08
n,-0.25346285104751587, 0.22737041115760803, -0.8275594711303711
n,-0.25346285104751587, 0.22737041115760803, -0.8275594711303711
n,-0.25346285104751587, 0.22737041115760803, -0.8275594711303711
n,-0.8012341260910034, 0.067481130361557, 0.3927665948867798
n,-0.8012341260910034, 0.067481130361557, 0.3927665948867798
n,-0.8012341260910034, 0.067481130361557, 0.3927665948867798
n,0.2283065915107727, 0.1689298301935196, -0.8486072421073914
n,0.2283065915107727, 0.1689298301935196, -0.8486072421073914
n,0.2283065915107727, 0.1689298301935196, -0.8486072421073914
n,-0.8241163492202759, 0.3205021023750305, -0.1374993771314621
n,-0.8241163492202759, 0.3205021023750305, -0.1374993771314621
n,-0.8241163492202759, 0.3205021023750305, -0.1374993771314621
n,0.6214480996131897, -0.5498663783073425, -0.335029274225235
n,0.6214480996131897, -0.5498663783073425, -0.335029274225235
n,0.6214480996131897, -0.5498663783073425, -0.335029274225235
n,0.2790297567844391, -0.7910438179969788, 0.3117493689060211
n,0.2790297567844391, -0.7910438179969788, 0.3117493689060211
n,0.2790297567844391, -0.7910438179969788, 0.3117493689060211
n,0.10303391516208649, -0.7041203379631042, 0.5425808429718018
n,0.10303391516208649, -0.7041203379631042, 0.5425808429718018
n,0.10303391516208649, -0.7041203379631042, 0.5425808429718018
n,0.09105983376502991, -0.6699544191360474, 0.5862290859222412
n,0.09105983376502991, -0.6699544191360474, 0.5862290859222412
n,0.09105983376502991, -0.6699544191360474, 0.5862290859222412
n,0.17537152767181396, -0.6236832737922668, -0.6173000931739807
n,0.17537152767181396, -0.6236832737922668, -0.6173000931739807
n,0.17537152767181396, -0.6236832737922668, -0.6173000931739807
n,-0.09910683333873749, -0.24054545164108276, -0.8562190532684326
n,-0.09910683333873749, -0.24054545164108276, -0.8562190532684326
n,-0.09910683333873749, -0.24054545164108276, -0.8562190532684326
n,0.08335095643997192, 0.34765636920928955, -0.8203554749488831
n,0.08335095643997192, 0.34765636920928955, -0.8203554749488831
n,0.08335095643997192, 0.34765636920928955, -0.8203554749488831
n,-0.47839638590812683, 0.660317599773407, 0.36866384744644165
n,-0.47839638590812683, 0.660317599773407, 0.36866384744644165
n,-0.47839638590812683, 0.660317599773407, 0.36866384744644165
n,0.8771017789840698, -0.14067360758781433, 0.10816144943237305
n,0.8771017789840698, -0.14067360758781433, 0.10816144943237305
n,0.8771017789840698, -0.14067360758781433, 0.10816144943237305
n,0.2538054585456848, 0.2734653949737549, -0.8133848309516907
n,0.2538054585456848, 0.2734653949737549, -0.8133848309516907
n,0.2538054585456848, 0.2734653949737549, -0.8133848309516907
n,-0.11646685004234314, -0.7649048566818237, 0.4496125876903534
n,-0.11646685004234314, -0.7649048566818237, 0.4496125876903534
n,-0.11646685004234314, -0.7649048566818237, 0.4496125876903534
n,0.26742810010910034, 0.6977744102478027, 0.4923296570777893
n,0.26742810010910034, 0.6977744102478027, 0.4923296570777893
n,0.26742810010910034, 0.6977744102478027, 0.4923296570777893
n,0.2918400466442108, -0.495388001203537, 0.6857225894927979
n,0.2918400466442108, -0.495388001203537, 0.6857225894927979
n,0.2918400466442108, -0.495388001203537, 0.6857225894927979
n,-0.2790697515010834, 0.2852497696876526, -0.8009669184684753
n,-0.2790697515010834, 0.2852497696876526, -0.8009669184684753
n,-0.2790697515010834, 0.2852497696876526, -0.8009669184684753
n,0.6984788775444031, -0.4737871289253235, -0.29740288853645325
n,0.6984788775444031, -0.4737871289253235, -0.29740288853645325
n,0.6984788775444031, -0.4737871289253235, -0.29740288853645325
n,0.5610304474830627, -0.5974342226982117, -0.3593224883079529
n,0.5610304474830627, -0.5974342226982117, -0.3593224883079529
n,0.5610304474830627, -0.5974342226982117, -0.3593224883079529
n,0.6490213871002197, 0.38619545102119446, 0.48002055287361145
n,0.6490213871002197, 0.38619545102119446, 0.48002055287361145
n,0.6490213871002197, 0.38619545102119446, 0.48002055287361145
n,-0.24514925479888916, -0.8510415554046631, 0.12816298007965088
n,-0.24514925479888916, -0.8510415554046631, 0.12816298007965088
n,-0.24514925479888916, -0.8510415554046631, 0.12816298007965088
n,0.3565504848957062, 0.8130932450294495, -0.11201165616512299
n,0.3565504848957062, 0.8130932450294495, -0.11201165616512299
n,0.3565504848957062, 0.8130932450294495, -0.11201165616512299
n,-0.38280361890792847, 0.5435022711753845, -0.5990510582923889
n,-0.38280361890792847, 0.5435022711753845, -0.5990510582923889
n,-0.38280361890792847, 0.5435022711753845, -0.5990510582923889
n,-0.8045292496681213, -0.39182671904563904, -2.4311211745953187e-06
n,-0.8045292496681213, -0.39182671904563904, -2.4311211745953187e-06
n,-0.8045292496681213, -0.39182671904563904, -2.4311211745953187e-06
n,-0.804527223110199, -0.3918308913707733, -3.526361922467913e-07
n,-0.804527223110199, -0.3918308913707733, -3.526361922467913e-07
n,-0.804527223110199, -0.3918308913707733, -3.526361922467913e-07
n,0.10792306810617447, -0.19541200995445251, 0.8665807247161865
n,0.10792306810617447, -0.19541200995445251, 0.8665807247161865
n,0.10792306810617447, -0.19541200995445251, 0.8665807247161865
n,-0.8045158386230469, -0.39185425639152527, -1.110130688175559e-05
n,-0.8045158386230469, -0.39185425639152527, -1.110130688175559e-05
n,-0.8045158386230469, -0.39185425639152527, -1.110130688175559e-05
n,0.09105996787548065, -0.6699541807174683, 0.5862293243408203
n,0.09105996787548065, -0.6699541807174683, 0.5862293243408203
n,0.09105996787548065, -0.6699541807174683, 0.5862293243408203
n,0.804889440536499, 0.23305495083332062, 0.3140602707862854
n,0.804889440536499, 0.23305495083332062, 0.3140602707862854
n,0.804889440536499, 0.23305495083332062, 0.3140602707862854
n,-0.09910654276609421, -0.24054546654224396, -0.8562189936637878
n,-0.09910654276609421, -0.24054546654224396, -0.8562189936637878
n,-0.09910654276609421, -0.24054546654224396, -0.8562189936637878
n,0.08335158973932266, 0.34765687584877014, -0.8203551173210144
n,0.08335158973932266, 0.34765687584877014, -0.8203551173210144
n,0.08335158973932266, 0.34765687584877014, -0.8203551173210144
n,-0.47839677333831787, 0.6603174805641174, 0.3686634600162506
n,-0.47839677333831787, 0.6603174805641174, 0.3686634600162506
n,-0.47839677333831787, 0.6603174805641174, 0.3686634600162506
n,0.054770730435848236, 0.02626955322921276, 0.89280766248703
n,0.054770730435848236, 0.02626955322921276, 0.89280766248703
n,0.054770730435848236, 0.02626955322921276, 0.89280766248703
n,-0.5404720306396484, -0.6464874148368835, -0.3012297749519348
n,-0.5404720306396484, -0.6464874148368835, -0.3012297749519348
n,-0.5404720306396484, -0.6464874148368835, -0.3012297749519348
n,-0.49423184990882874, -0.06409461796283722, -0.7432511448860168
n,-0.49423184990882874, -0.06409461796283722, -0.7432511448860168
n,-0.49423184990882874, -0.06409461796283722, -0.7432511448860168
n,-0.3082892596721649, 0.33576419949531555, 0.7700750231742859
n,-0.3082892596721649, 0.33576419949531555, 0.7700750231742859
n,-0.3082892596721649, 0.33576419949531555, 0.7700750231742859
n,0.6715676784515381, 0.5421150922775269, 0.2364393174648285
n,0.6715676784515381, 0.5421150922775269, 0.2364393174648285
n,0.6715676784515381, 0.5421150922775269, 0.2364393174648285
n,0.5488185882568359, 0.4076343774795532, -0.5774319767951965
n,0.5488185882568359, 0.4076343774795532, -0.5774319767951965
n,0.5488185882568359, 0.4076343774795532, -0.5774319767951965
n,-0.740690290927887, 0.06004062294960022, -0.4985664188861847
n,-0.740690290927887, 0.06004062294960022, -0.4985664188861847
n,-0.740690290927887, 0.06004062294960022, -0.4985664188861847
n,0.8136414289474487, -0.3224709928035736, -0.1865357607603073
n,0.8136414289474487, -0.3224709928035736, -0.1865357607603073
n,0.8136414289474487, -0.3224709928035736, -0.1865357607603073
n,0.36334699392318726, 0.599794864654541, 0.5558962225914001
n,0.36334699392318726, 0.599794864654541, 0.5558962225914001
n,0.36334699392318726, 0.599794864654541, 0.5558962225914001
n,-0.8655807971954346, -0.11910676956176758, -0.19333666563034058
n,-0.8655807971954346, -0.11910676956176758, -0.19333666563034058
n,-0.8655807971954346, -0.11910676956176758, -0.19333666563034058
n,0.10803645849227905, -0.8070082068443298, 0.37129685282707214
n,0.10803645849227905, -0.8070082068443298, 0.37129685282707214
n,0.10803645849227905, -0.8070082068443298, 0.37129685282707214
n,0.3914331793785095, -0.8047204613685608, -0.0007354462286457419
n,0.3914331793785095, -0.8047204613685608, -0.0007354462286457419
n,0.3914331793785095, -0.8047204613685608, -0.0007354462286457419
n,0.2039460390806198, -0.801353931427002, -0.3421013653278351
n,0.2039460390806198, -0.801353931427002, -0.3421013653278351
n,0.2039460390806198, -0.801353931427002, -0.3421013653278351
n,0.2009902149438858, -0.3110782504081726, 0.8146340847015381
n,0.2009902149438858, -0.3110782504081726, 0.8146340847015381
n,0.2009902149438858, -0.3110782504081726, 0.8146340847015381
n,0.7282463312149048, -0.4841977655887604, 0.1897503137588501
n,0.7282463312149048, -0.4841977655887604, 0.1897503137588501
n,0.7282463312149048, -0.4841977655887604, 0.1897503137588501
n,0.4099957346916199, -0.05624030530452728, -0.7934329509735107
n,0.4099957346916199, -0.05624030530452728, -0.7934329509735107
n,0.4099957346916199, -0.05624030530452728, -0.7934329509735107
n,-0.05765257030725479, -0.027672985568642616, 0.8925837278366089
n,-0.05765257030725479, -0.027672985568642616, 0.8925837278366089
n,-0.05765257030725479, -0.027672985568642616, 0.8925837278366089
n,0.027926400303840637, -0.05732179805636406, 0.8925971984863281
n,0.027926400303840637, -0.05732179805636406, 0.8925971984863281
n,0.027926400303840637, -0.05732179805636406, 0.8925971984863281
n,0.05722179636359215, 0.027859412133693695, -0.8926056623458862
n,0.05722179636359215, 0.027859412133693695, -0.8926056623458862
n,0.05722179636359215, 0.027859412133693695, -0.8926056623458862
n,-0.026471320539712906, 0.05433349311351776, 0.8928284049034119
n,-0.026471320539712906, 0.05433349311351776, 0.8928284049034119
n,-0.026471320539712906, 0.05433349311351776, 0.8928284049034119
n,0.027824565768241882, -0.05710168927907944, -0.892614483833313
n,0.027824565768241882, -0.05710168927907944, -0.892614483833313
n,0.027824565768241882, -0.05710168927907944, -0.892614483833313
n,-0.3918018043041229, 0.8040573000907898, 0.02790522389113903
n,-0.3918018043041229, 0.8040573000907898, 0.02790522389113903
n,-0.3918018043041229, 0.8040573000907898, 0.02790522389113903
n,-0.056748151779174805, -0.028050828725099564, -0.8926299214363098
n,-0.056748151779174805, -0.028050828725099564, -0.8926299214363098
n,-0.056748151779174805, -0.028050828725099564, -0.8926299214363098
n,-0.02638007327914238, 0.05413632094860077, -0.8928430080413818
n,-0.02638007327914238, 0.05413632094860077, -0.8928430080413818
n,-0.02638007327914238, 0.05413632094860077, -0.8928430080413818
n,0.3917984366416931, -0.8040359616279602, 0.028560621663928032
n,0.3917984366416931, -0.8040359616279602, 0.028560621663928032
n,0.3917984366416931, -0.8040359616279602, 0.028560621663928032
n,0.80439692735672, 0.39208659529685974, -0.003010070649906993
n,0.80439692735672, 0.39208659529685974, -0.003010070649906993
n,0.80439692735672, 0.39208659529685974, -0.003010070649906993
n,-0.804576575756073, -0.3917219042778015, -0.0024454838130623102
n,-0.804576575756073, -0.3917219042778015, -0.0024454838130623102
n,-0.804576575756073, -0.3917219042778015, -0.0024454838130623102
n,-0.5425925850868225, 0.6967707276344299, -0.14456546306610107
n,-0.5425925850868225, 0.6967707276344299, -0.14456546306610107
n,-0.5425925850868225, 0.6967707276344299, -0.14456546306610107
n,0.0036974321119487286, 0.008661226369440556, 0.8948221802711487
n,0.0036974321119487286, 0.008661226369440556, 0.8948221802711487
n,0.0036974321119487286, 0.008661226369440556, 0.8948221802711487
n,-0.14332236349582672, 0.044245004653930664, -0.8822111487388611
n,-0.14332236349582672, 0.044245004653930664, -0.8822111487388611
n,-0.14332236349582672, 0.044245004653930664, -0.8822111487388611
n,0.03248279169201851, 0.015582418069243431, -0.894146203994751
n,0.03248279169201851, 0.015582418069243431, -0.894146203994751
n,0.03248279169201851, 0.015582418069243431, -0.894146203994751
n,-0.08267567306756973, -0.034884262830019, -0.8903611898422241
n,-0.08267567306756973, -0.034884262830019, -0.8903611898422241
n,-0.08267567306756973, -0.034884262830019, -0.8903611898422241
n,0.6184730529785156, 0.41918376088142395, -0.4925154745578766
n,0.6184730529785156, 0.41918376088142395, -0.4925154745578766
n,0.6184730529785156, 0.41918376088142395, -0.4925154745578766
n,0.8820509910583496, 0.09021472930908203, -0.1210082396864891
n,0.8820509910583496, 0.09021472930908203, -0.1210082396864891
n,0.8820509910583496, 0.09021472930908203, -0.1210082396864891
n,-0.6148634552955627, -0.6388234496116638, -0.12100810557603836
n,-0.6148634552955627, -0.6388234496116638, -0.12100810557603836
n,-0.6148634552955627, -0.6388234496116638, -0.12100810557603836
n,-0.12836480140686035, -0.8454000949859619, 0.2638497054576874
n,-0.12836480140686035, -0.8454000949859619, 0.2638497054576874
n,-0.12836480140686035, -0.8454000949859619, 0.2638497054576874
n,-0.21403208374977112, 0.8567885756492615, -0.1445654332637787
n,-0.21403208374977112, 0.8567885756492615, -0.1445654332637787
n,-0.21403208374977112, 0.8567885756492615, -0.1445654332637787
n,0.7447353601455688, -0.4201761484146118, 0.26384973526000977
n,0.7447353601455688, -0.4201761484146118, 0.26384973526000977
n,0.7447353601455688, -0.4201761484146118, 0.26384973526000977
n,0.6393222808837891, -0.6154187917709351, -0.11542161554098129
n,0.6393222808837891, -0.6154187917709351, -0.11542161554098129
n,0.6393222808837891, -0.6154187917709351, -0.11542161554098129
n,0.4207189083099365, 0.7456727027893066, 0.2603139877319336
n,0.4207189083099365, 0.7456727027893066, 0.2603139877319336
n,0.4207189083099365, 0.7456727027893066, 0.2603139877319336
n,-0.8561112284660339, -0.21384647488594055, -0.1487911492586136
n,-0.8561112284660339, -0.21384647488594055, -0.1487911492586136
n,-0.8561112284660339, -0.21384647488594055, -0.1487911492586136
n,0.6962066888809204, 0.542174220085144, -0.1487910896539688
n,0.6962066888809204, 0.542174220085144, -0.1487910896539688
n,0.6962066888809204, 0.542174220085144, -0.1487910896539688
n,0.09034401178359985, -0.8827860355377197, -0.11542156338691711
n,0.09034401178359985, -0.8827860355377197, -0.11542156338691711
n,0.09034401178359985, -0.8827860355377197, -0.11542156338691711
n,-0.846472442150116, 0.1285163164138794, 0.2603139281272888
n,-0.846472442150116, 0.1285163164138794, 0.2603139281272888
n,-0.846472442150116, 0.1285163164138794, 0.2603139281272888
n,0.5850065350532532, 0.2894304096698761, 0.6122032403945923
n,0.5850065350532532, 0.2894304096698761, 0.6122032403945923
n,0.5850065350532532, 0.2894304096698761, 0.6122032403945923
n,-0.27273085713386536, 0.5880349278450012, 0.6169506907463074
n,-0.27273085713386536, 0.5880349278450012, 0.6169506907463074
n,-0.27273085713386536, 0.5880349278450012, 0.6169506907463074
n,0.2883966863155365, -0.5921339988708496, 0.6058052778244019
n,0.2883966863155365, -0.5921339988708496, 0.6058052778244019
n,0.2883966863155365, -0.5921339988708496, 0.6058052778244019
n,0.0885549783706665, -0.018932882696390152, -0.8902780413627625
n,0.0885549783706665, -0.018932882696390152, -0.8902780413627625
n,0.0885549783706665, -0.018932882696390152, -0.8902780413627625
n,0.28774842619895935, -0.5918760299682617, -0.6063655018806458
n,0.28774842619895935, -0.5918760299682617, -0.6063655018806458
n,0.28774842619895935, -0.5918760299682617, -0.6063655018806458
n,-0.574970543384552, -0.2778957188129425, -0.6268797516822815
n,-0.574970543384552, -0.2778957188129425, -0.6268797516822815
n,-0.574970543384552, -0.2778957188129425, -0.6268797516822815
n,0.5085884928703308, 0.2545529305934906, -0.690895140171051
n,0.5085884928703308, 0.2545529305934906, -0.690895140171051
n,0.5085884928703308, 0.2545529305934906, -0.690895140171051
n,-0.49269118905067444, -0.24475355446338654, -0.7057949304580688
n,-0.49269118905067444, -0.24475355446338654, -0.7057949304580688
n,-0.49269118905067444, -0.24475355446338654, -0.7057949304580688
n,0.4374578297138214, 0.21391043066978455, -0.7507784962654114
n,0.4374578297138214, 0.21391043066978455, -0.7507784962654114
n,0.4374578297138214, 0.21391043066978455, -0.7507784962654114
n,0.4163702726364136, -0.7567892074584961, -0.23388326168060303
n,0.4163702726364136, -0.7567892074584961, -0.23388326168060303
n,0.4163702726364136, -0.7567892074584961, -0.23388326168060303
n,0.771249532699585, 0.3976818025112152, -0.21867525577545166
n,0.771249532699585, 0.3976818025112152, -0.21867525577545166
n,0.771249532699585, 0.3976818025112152, -0.21867525577545166
n,-0.6314291954040527, 0.16156281530857086, 0.61318039894104
n,-0.6314291954040527, 0.16156281530857086, 0.61318039894104
n,-0.6314291954040527, 0.16156281530857086, 0.61318039894104
n,0.7567903995513916, 0.4163685739040375, -0.23388227820396423
n,0.7567903995513916, 0.4163685739040375, -0.23388227820396423
n,0.7567903995513916, 0.4163685739040375, -0.23388227820396423
n,-0.3976820707321167, 0.7712493538856506, -0.21867547929286957
n,-0.3976820707321167, 0.7712493538856506, -0.21867547929286957
n,-0.3976820707321167, 0.7712493538856506, -0.21867547929286957
n,-0.16156336665153503, -0.6314288377761841, 0.61318039894104
n,-0.16156336665153503, -0.6314288377761841, 0.61318039894104
n,-0.16156336665153503, -0.6314288377761841, 0.61318039894104
n,-0.41636911034584045, 0.756790041923523, -0.23388241231441498
n,-0.41636911034584045, 0.756790041923523, -0.23388241231441498
n,-0.41636911034584045, 0.756790041923523, -0.23388241231441498
n,-0.7712494134902954, -0.3976821005344391, -0.21867519617080688
n,-0.7712494134902954, -0.3976821005344391, -0.21867519617080688
n,-0.7712494134902954, -0.3976821005344391, -0.21867519617080688
n,0.6314289569854736, -0.1615632027387619, 0.6131804585456848
n,0.6314289569854736, -0.1615632027387619, 0.6131804585456848
n,0.6314289569854736, -0.1615632027387619, 0.6131804585456848
n,-0.7567898035049438, -0.41636940836906433, -0.23388251662254333
n,-0.7567898035049438, -0.41636940836906433, -0.23388251662254333
n,-0.7567898035049438, -0.41636940836906433, -0.23388251662254333
n,0.39768266677856445, -0.7712491154670715, -0.21867531538009644
n,0.39768266677856445, -0.7712491154670715, -0.21867531538009644
n,0.39768266677856445, -0.7712491154670715, -0.21867531538009644
n,0.1615629494190216, 0.6314288973808289, 0.6131805181503296
n,0.1615629494190216, 0.6314288973808289, 0.6131805181503296
n,0.1615629494190216, 0.6314288973808289, 0.6131805181503296
n,0.6243197321891785, 0.38499560952186584, 0.5126388669013977
n,0.6243197321891785, 0.38499560952186584, 0.5126388669013977
n,0.6243197321891785, 0.38499560952186584, 0.5126388669013977
n,-0.7658196687698364, -0.3528285026550293, -0.29971274733543396
n,-0.7658196687698364, -0.3528285026550293, -0.29971274733543396
n,-0.7658196687698364, -0.3528285026550293, -0.29971274733543396
n,0.3284386098384857, 0.4859350323677063, -0.6758629083633423
n,0.3284386098384857, 0.4859350323677063, -0.6758629083633423
n,0.3284386098384857, 0.4859350323677063, -0.6758629083633423
n,-0.7166242599487305, 0.03946799039840698, 0.5344973802566528
n,-0.7166242599487305, 0.03946799039840698, 0.5344973802566528
n,-0.7166242599487305, 0.03946799039840698, 0.5344973802566528
n,0.10174492001533508, -0.8068321943283081, -0.37345048785209656
n,0.10174492001533508, -0.8068321943283081, -0.37345048785209656
n,0.10174492001533508, -0.8068321943283081, -0.37345048785209656
n,0.6921276450157166, 0.31776368618011475, -0.4698732793331146
n,0.6921276450157166, 0.31776368618011475, -0.4698732793331146
n,0.6921276450157166, 0.31776368618011475, -0.4698732793331146
n,-0.026646539568901062, 0.019123824313282967, -0.8942704796791077
n,-0.026646539568901062, 0.019123824313282967, -0.8942704796791077
n,-0.026646539568901062, 0.019123824313282967, -0.8942704796791077
n,-0.6043108105659485, 0.35207808017730713, 0.558251678943634
n,-0.6043108105659485, 0.35207808017730713, 0.558251678943634
n,-0.6043108105659485, 0.35207808017730713, 0.558251678943634
n,-0.5615147948265076, -0.6511105895042419, 0.24809607863426208
n,-0.5615147948265076, -0.6511105895042419, 0.24809607863426208
n,-0.5615147948265076, -0.6511105895042419, 0.24809607863426208
n,0.2673149108886719, -0.10312309861183167, 0.8477639555931091
n,0.2673149108886719, -0.10312309861183167, 0.8477639555931091
n,0.2673149108886719, -0.10312309861183167, 0.8477639555931091
n,0.21927109360694885, -0.8455881476402283, 0.1941552460193634
n,0.21927109360694885, -0.8455881476402283, 0.1941552460193634
n,0.21927109360694885, -0.8455881476402283, 0.1941552460193634
n,0.7206883430480957, -0.332965612411499, 0.4129619896411896
n,0.7206883430480957, -0.332965612411499, 0.4129619896411896
n,0.7206883430480957, -0.332965612411499, 0.4129619896411896
n,0.3172282576560974, 0.5732642412185669, 0.6095324158668518
n,0.3172282576560974, 0.5732642412185669, 0.6095324158668518
n,0.3172282576560974, 0.5732642412185669, 0.6095324158668518
n,-0.1940862536430359, 0.07852012664079666, -0.8700348138809204
n,-0.1940862536430359, 0.07852012664079666, -0.8700348138809204
n,-0.1940862536430359, 0.07852012664079666, -0.8700348138809204
n,-0.3311491012573242, -0.8250017166137695, 0.10250905901193619
n,-0.3311491012573242, -0.8250017166137695, 0.10250905901193619
n,-0.3311491012573242, -0.8250017166137695, 0.10250905901193619
n,0.8054080009460449, -0.2986873984336853, 0.25079724192619324
n,0.8054080009460449, -0.2986873984336853, 0.25079724192619324
n,0.8054080009460449, -0.2986873984336853, 0.25079724192619324
n,0.004755096510052681, 0.056659162044525146, -0.8930635452270508
n,0.004755096510052681, 0.056659162044525146, -0.8930635452270508
n,0.004755096510052681, 0.056659162044525146, -0.8930635452270508
n,-0.005232406780123711, 0.06612095981836319, -0.8924102187156677
n,-0.005232406780123711, 0.06612095981836319, -0.8924102187156677
n,-0.005232406780123711, 0.06612095981836319, -0.8924102187156677
n,0.17115364968776703, -0.3538191616535187, 0.8039364218711853
n,0.17115364968776703, -0.3538191616535187, 0.8039364218711853
n,0.17115364968776703, -0.3538191616535187, 0.8039364218711853
n,-0.018453136086463928, -0.24372567236423492, -0.8608441948890686
n,-0.018453136086463928, -0.24372567236423492, -0.8608441948890686
n,-0.018453136086463928, -0.24372567236423492, -0.8608441948890686
n,-0.7275664806365967, 0.4605991244316101, 0.24349741637706757
n,-0.7275664806365967, 0.4605991244316101, 0.24349741637706757
n,-0.7275664806365967, 0.4605991244316101, 0.24349741637706757
n,-0.7311164736747742, 0.4346544146537781, 0.27810028195381165
n,-0.7311164736747742, 0.4346544146537781, 0.27810028195381165
n,-0.7311164736747742, 0.4346544146537781, 0.27810028195381165
n,-0.02268647775053978, -0.009851413778960705, -0.8945298790931702
n,-0.02268647775053978, -0.009851413778960705, -0.8945298790931702
n,-0.02268647775053978, -0.009851413778960705, -0.8945298790931702
n,0.09767283499240875, -0.018022172152996063, -0.8893427848815918
n,0.09767283499240875, -0.018022172152996063, -0.8893427848815918
n,0.09767283499240875, -0.018022172152996063, -0.8893427848815918
n,-0.7388861775398254, -0.48575928807258606, -0.13740681111812592
n,-0.7388861775398254, -0.48575928807258606, -0.13740681111812592
n,-0.7388861775398254, -0.48575928807258606, -0.13740681111812592
n,0.5228918194770813, 0.5628042221069336, 0.45894545316696167
n,0.5228918194770813, 0.5628042221069336, 0.45894545316696167
n,0.5228918194770813, 0.5628042221069336, 0.45894545316696167
n,0.840350866317749, -0.30326226353645325, -0.05135977640748024
n,0.840350866317749, -0.30326226353645325, -0.05135977640748024
n,0.840350866317749, -0.30326226353645325, -0.05135977640748024
n,0.8930195569992065, -0.04652905464172363, -0.03386183828115463
n,0.8930195569992065, -0.04652905464172363, -0.03386183828115463
n,0.8930195569992065, -0.04652905464172363, -0.03386183828115463
n,0.16401827335357666, 0.15145860612392426, 0.8665758967399597
n,0.16401827335357666, 0.15145860612392426, 0.8665758967399597
n,0.16401827335357666, 0.15145860612392426, 0.8665758967399597
n,0.0401611253619194, 0.05826423317193985, -0.8920693397521973
n,0.0401611253619194, 0.05826423317193985, -0.8920693397521973
n,0.0401611253619194, 0.05826423317193985, -0.8920693397521973
n,0.02587951347231865, -0.018568430095911026, -0.8943047523498535
n,0.02587951347231865, -0.018568430095911026, -0.8943047523498535
n,0.02587951347231865, -0.018568430095911026, -0.8943047523498535
n,0.030782021582126617, 0.013183907605707645, -0.8942449688911438
n,0.030782021582126617, 0.013183907605707645, -0.8942449688911438
n,0.030782021582126617, 0.013183907605707645, -0.8942449688911438
n,-0.23716139793395996, 0.7851166129112244, -0.3579689860343933
n,-0.23716139793395996, 0.7851166129112244, -0.3579689860343933
n,-0.23716139793395996, 0.7851166129112244, -0.3579689860343933
n,-0.17389661073684692, 0.7480153441429138, 0.4593783915042877
n,-0.17389661073684692, 0.7480153441429138, 0.4593783915042877
n,-0.17389661073684692, 0.7480153441429138, 0.4593783915042877
n,0.8382095694541931, -0.31319931149482727, -0.010312002152204514
n,0.8382095694541931, -0.31319931149482727, -0.010312002152204514
n,0.8382095694541931, -0.31319931149482727, -0.010312002152204514
n,-0.6932938694953918, -0.4286745488643646, 0.3692927956581116
n,-0.6932938694953918, -0.4286745488643646, 0.3692927956581116
n,-0.6932938694953918, -0.4286745488643646, 0.3692927956581116
n,-0.7194938659667969, 0.130795419216156, 0.5157679915428162
n,-0.7194938659667969, 0.130795419216156, 0.5157679915428162
n,-0.7194938659667969, 0.130795419216156, 0.5157679915428162
n,0.3537199795246124, -0.815631091594696, 0.10209518671035767
n,0.3537199795246124, -0.815631091594696, 0.10209518671035767
n,0.3537199795246124, -0.815631091594696, 0.10209518671035767
n,-0.2800171971321106, -0.8194628953933716, 0.22553570568561554
n,-0.2800171971321106, -0.8194628953933716, 0.22553570568561554
n,-0.2800171971321106, -0.8194628953933716, 0.22553570568561554
n,0.4964349865913391, -0.4084588289260864, 0.622502326965332
n,0.4964349865913391, -0.4084588289260864, 0.622502326965332
n,0.4964349865913391, -0.4084588289260864, 0.622502326965332
n,0.5427457690238953, 0.6025295853614807, 0.37839195132255554
n,0.5427457690238953, 0.6025295853614807, 0.37839195132255554
n,0.5427457690238953, 0.6025295853614807, 0.37839195132255554
n,-0.8255091905593872, -0.10175736248493195, 0.33011430501937866
n,-0.8255091905593872, -0.10175736248493195, 0.33011430501937866
n,-0.8255091905593872, -0.10175736248493195, 0.33011430501937866
n,-0.542748212814331, -0.6025286912918091, 0.3783901333808899
n,-0.542748212814331, -0.6025286912918091, 0.3783901333808899
n,-0.542748212814331, -0.6025286912918091, 0.3783901333808899
n,0.5940836668014526, -0.5484459400177002, 0.38349321484565735
n,0.5940836668014526, -0.5484459400177002, 0.38349321484565735
n,0.5940836668014526, -0.5484459400177002, 0.38349321484565735
n,-0.7865724563598633, 0.4228200316429138, 0.057640980929136276
n,-0.7865724563598633, 0.4228200316429138, 0.057640980929136276
n,-0.7865724563598633, 0.4228200316429138, 0.057640980929136276
n,0.29203474521636963, 0.8458775877952576, -0.0014884124975651503
n,0.29203474521636963, 0.8458775877952576, -0.0014884124975651503
n,0.29203474521636963, 0.8458775877952576, -0.0014884124975651503
n,0.1395740956068039, -0.7594349980354309, -0.452297568321228
n,0.1395740956068039, -0.7594349980354309, -0.452297568321228
n,0.1395740956068039, -0.7594349980354309, -0.452297568321228
n,0.2899618148803711, 0.8463759422302246, -0.019117189571261406
n,0.2899618148803711, 0.8463759422302246, -0.019117189571261406
n,0.2899618148803711, 0.8463759422302246, -0.019117189571261406
n,0.051579318940639496, -0.08120472729206085, 0.8896857500076294
n,0.051579318940639496, -0.08120472729206085, 0.8896857500076294
n,0.051579318940639496, -0.08120472729206085, 0.8896857500076294
n,-0.8631511926651001, -0.2247554063796997, -0.07246007770299911
n,-0.8631511926651001, -0.2247554063796997, -0.07246007770299911
n,-0.8631511926651001, -0.2247554063796997, -0.07246007770299911
n,0.29101353883743286, 0.8415087461471558, -0.08927193284034729
n,0.29101353883743286, 0.8415087461471558, -0.08927193284034729
n,0.29101353883743286, 0.8415087461471558, -0.08927193284034729
n,-0.43299418687820435, 0.3903948664665222, 0.6788985729217529
n,-0.43299418687820435, 0.3903948664665222, 0.6788985729217529
n,-0.43299418687820435, 0.3903948664665222, 0.6788985729217529
n,-0.45668500661849976, -0.769538164138794, 0.006735228467732668
n,-0.45668500661849976, -0.769538164138794, 0.006735228467732668
n,-0.45668500661849976, -0.769538164138794, 0.006735228467732668
n,-0.1793518215417862, -0.4969671368598938, 0.7222548127174377
n,-0.1793518215417862, -0.4969671368598938, 0.7222548127174377
n,-0.1793518215417862, -0.4969671368598938, 0.7222548127174377
n,0.4313780665397644, -0.38807520270347595, -0.6812532544136047
n,0.4313780665397644, -0.38807520270347595, -0.6812532544136047
n,0.4313780665397644, -0.38807520270347595, -0.6812532544136047
n,0.28646615147590637, 0.8403311371803284, -0.11214316636323929
n,0.28646615147590637, 0.8403311371803284, -0.11214316636323929
n,0.28646615147590637, 0.8403311371803284, -0.11214316636323929
n,0.42031019926071167, -0.4134087860584259, -0.6732221245765686
n,0.42031019926071167, -0.4134087860584259, -0.6732221245765686
n,0.42031019926071167, -0.4134087860584259, -0.6732221245765686
n,-0.46196800470352173, -0.7661027908325195, 0.021622227504849434
n,-0.46196800470352173, -0.7661027908325195, 0.021622227504849434
n,-0.46196800470352173, -0.7661027908325195, 0.021622227504849434
n,-0.8462738394737244, 0.2908553183078766, -0.004373662173748016
n,-0.8462738394737244, 0.2908553183078766, -0.004373662173748016
n,-0.8462738394737244, 0.2908553183078766, -0.004373662173748016
n,0.8405041694641113, 0.23558926582336426, 0.1970934271812439
n,0.8405041694641113, 0.23558926582336426, 0.1970934271812439
n,0.8405041694641113, 0.23558926582336426, 0.1970934271812439
n,-0.1251586377620697, 0.8052727580070496, -0.3696843385696411
n,-0.1251586377620697, 0.8052727580070496, -0.3696843385696411
n,-0.1251586377620697, 0.8052727580070496, -0.3696843385696411
n,-0.05808652937412262, 0.5175358057022095, -0.7277211546897888
n,-0.05808652937412262, 0.5175358057022095, -0.7277211546897888
n,-0.05808652937412262, 0.5175358057022095, -0.7277211546897888
n,-0.8459428548812866, 0.29184943437576294, 0.00018423705478198826
n,-0.8459428548812866, 0.29184943437576294, 0.00018423705478198826
n,-0.8459428548812866, 0.29184943437576294, 0.00018423705478198826
n,0.7511435747146606, 0.30520910024642944, 0.37871652841567993
n,0.7511435747146606, 0.30520910024642944, 0.37871652841567993
n,0.7511435747146606, 0.30520910024642944, 0.37871652841567993
n,-0.7240266799926758, -0.5239193439483643, 0.045708347111940384
n,-0.7240266799926758, -0.5239193439483643, 0.045708347111940384
n,-0.7240266799926758, -0.5239193439483643, 0.045708347111940384
n,0.2955384850502014, -0.6031761169433594, 0.5912959575653076
n,0.2955384850502014, -0.6031761169433594, 0.5912959575653076
n,0.2955384850502014, -0.6031761169433594, 0.5912959575653076
n,0.6170879602432251, -0.6206729412078857, -0.18644830584526062
n,0.6170879602432251, -0.6206729412078857, -0.18644830584526062
n,0.6170879602432251, -0.6206729412078857, -0.18644830584526062
n,-0.29236528277397156, -0.8457635641098022, 0.0014289437094703317
n,-0.29236528277397156, -0.8457635641098022, 0.0014289437094703317
n,-0.29236528277397156, -0.8457635641098022, 0.0014289437094703317
n,-0.2556578516960144, 0.6288573741912842, -0.5830719470977783
n,-0.2556578516960144, 0.6288573741912842, -0.5830719470977783
n,-0.2556578516960144, 0.6288573741912842, -0.5830719470977783
n,-0.2897026538848877, -0.8464139103889465, -0.021242231130599976
n,-0.2897026538848877, -0.8464139103889465, -0.021242231130599976
n,-0.2897026538848877, -0.8464139103889465, -0.021242231130599976
n,-0.15477584302425385, -0.24690604209899902, 0.8460953235626221
n,-0.15477584302425385, -0.24690604209899902, 0.8460953235626221
n,-0.15477584302425385, -0.24690604209899902, 0.8460953235626221
n,-0.7380521893501282, 0.4212798476219177, 0.2803526818752289
n,-0.7380521893501282, 0.4212798476219177, 0.2803526818752289
n,-0.7380521893501282, 0.4212798476219177, 0.2803526818752289
n,-0.2882651090621948, -0.8471710085868835, -0.0001380658068228513
n,-0.2882651090621948, -0.8471710085868835, -0.0001380658068228513
n,-0.2882651090621948, -0.8471710085868835, -0.0001380658068228513
n,0.5501641631126404, -0.04886108636856079, 0.7040791511535645
n,0.5501641631126404, -0.04886108636856079, 0.7040791511535645
n,0.5501641631126404, -0.04886108636856079, 0.7040791511535645
n,0.309703528881073, -0.6068283915519714, 0.5802055597305298
n,0.309703528881073, -0.6068283915519714, 0.5802055597305298
n,0.309703528881073, -0.6068283915519714, 0.5802055597305298
n,-0.42358624935150146, 0.35889381170272827, -0.7018299698829651
n,-0.42358624935150146, 0.35889381170272827, -0.7018299698829651
n,-0.42358624935150146, 0.35889381170272827, -0.7018299698829651
n,-0.6187222599983215, -0.26756909489631653, -0.5885447263717651
n,-0.6187222599983215, -0.26756909489631653, -0.5885447263717651
n,-0.6187222599983215, -0.26756909489631653, -0.5885447263717651
n,0.5134639143943787, 0.7165703773498535, -0.15387371182441711
n,0.5134639143943787, 0.7165703773498535, -0.15387371182441711
n,0.5134639143943787, 0.7165703773498535, -0.15387371182441711
n,0.8474583625793457, 0.28393006324768066, 0.04464873671531677
n,0.8474583625793457, 0.28393006324768066, 0.04464873671531677
n,0.8474583625793457, 0.28393006324768066, 0.04464873671531677
n,-0.1804182529449463, -0.7708492875099182, -0.4171763062477112
n,-0.1804182529449463, -0.7708492875099182, -0.4171763062477112
n,-0.1804182529449463, -0.7708492875099182, -0.4171763062477112
n,0.28309887647628784, -0.7174768447875977, 0.4537371098995209
n,0.28309887647628784, -0.7174768447875977, 0.4537371098995209
n,0.28309887647628784, -0.7174768447875977, 0.4537371098995209
n,0.35834819078445435, 0.43158435821533203, 0.6972209215164185
n,0.35834819078445435, 0.43158435821533203, 0.6972209215164185
n,0.35834819078445435, 0.43158435821533203, 0.6972209215164185
n,-0.05687129497528076, -0.7315561771392822, -0.5122369527816772
n,-0.05687129497528076, -0.7315561771392822, -0.5122369527816772
n,-0.05687129497528076, -0.7315561771392822, -0.5122369527816772
n,-0.3601730167865753, -0.41498279571533203, -0.7063003182411194
n,-0.3601730167865753, -0.41498279571533203, -0.7063003182411194
n,-0.3601730167865753, -0.41498279571533203, -0.7063003182411194
n,0.0, 0.0, -0.894871711730957
n,0.0, 0.0, -0.894871711730957
n,0.0, 0.0, -0.894871711730957
n,0.14317947626113892, 0.8823598027229309, 0.0416702926158905
n,0.14317947626113892, 0.8823598027229309, 0.0416702926158905
n,0.14317947626113892, 0.8823598027229309, 0.0416702926158905
n,-0.8460282683372498, 0.2915973663330078, -0.001614003791473806
n,-0.8460282683372498, 0.2915973663330078, -0.001614003791473806
n,-0.8460282683372498, 0.2915973663330078, -0.001614003791473806
n,-0.8454560041427612, 0.2928266227245331, -0.015881802886724472
n,-0.8454560041427612, 0.2928266227245331, -0.015881802886724472
n,-0.8454560041427612, 0.2928266227245331, -0.015881802886724472
n,-0.8451517820358276, 0.294132798910141, 0.0001614700013305992
n,-0.8451517820358276, 0.294132798910141, 0.0001614700013305992
n,-0.8451517820358276, 0.294132798910141, 0.0001614700013305992
n,-0.2716357707977295, 0.851407527923584, 0.045986052602529526
n,-0.2716357707977295, 0.851407527923584, 0.045986052602529526
n,-0.2716357707977295, 0.851407527923584, 0.045986052602529526
n,0.7856335639953613, 0.38262468576431274, -0.1928045004606247
n,0.7856335639953613, 0.38262468576431274, -0.1928045004606247
n,0.7856335639953613, 0.38262468576431274, -0.1928045004606247
n,-0.7868286371231079, -0.38085779547691345, 0.19142504036426544
n,-0.7868286371231079, -0.38085779547691345, 0.19142504036426544
n,-0.7868286371231079, -0.38085779547691345, 0.19142504036426544
n,-0.3791745901107788, 0.787959098815918, -0.19011163711547852
n,-0.3791745901107788, 0.787959098815918, -0.19011163711547852
n,-0.3791745901107788, 0.787959098815918, -0.19011163711547852
n,0.17332883179187775, 0.08441579341888428, 0.8738572001457214
n,0.17332883179187775, 0.08441579341888428, 0.8738572001457214
n,0.17332883179187775, 0.08441579341888428, 0.8738572001457214
n,-0.7856336236000061, -0.38262471556663513, -0.1928044706583023
n,-0.7856336236000061, -0.38262471556663513, -0.1928044706583023
n,-0.7856336236000061, -0.38262471556663513, -0.1928044706583023
n,0.08441658318042755, -0.1733304262161255, -0.8738568425178528
n,0.08441658318042755, -0.1733304262161255, -0.8738568425178528
n,0.08441658318042755, -0.1733304262161255, -0.8738568425178528
n,0.7868285775184631, 0.38085782527923584, 0.19142505526542664
n,0.7868285775184631, 0.38085782527923584, 0.19142505526542664
n,0.7868285775184631, 0.38085782527923584, 0.19142505526542664
n,0.3829183280467987, -0.785539448261261, -0.19260519742965698
n,0.3829183280467987, -0.785539448261261, -0.19260519742965698
n,0.3829183280467987, -0.785539448261261, -0.19260519742965698
n,-0.17333202064037323, -0.08441735059022903, 0.8738564252853394
n,-0.17333202064037323, -0.08441735059022903, 0.8738564252853394
n,-0.17333202064037323, -0.08441735059022903, 0.8738564252853394
n,-0.3824940025806427, 0.7857223749160767, 0.19270232319831848
n,-0.3824940025806427, 0.7857223749160767, 0.19270232319831848
n,-0.3824940025806427, 0.7857223749160767, 0.19270232319831848
n,0.8829920291900635, 0.1452934741973877, 0.003225172171369195
n,0.8829920291900635, 0.1452934741973877, 0.003225172171369195
n,0.8829920291900635, 0.1452934741973877, 0.003225172171369195
n,-0.8280091285705566, 0.2874048352241516, -0.18054011464118958
n,-0.8280091285705566, 0.2874048352241516, -0.18054011464118958
n,-0.8280091285705566, 0.2874048352241516, -0.18054011464118958
n,0.6878648400306702, 0.5420465469360352, -0.18390999734401703
n,0.6878648400306702, 0.5420465469360352, -0.18390999734401703
n,0.6878648400306702, 0.5420465469360352, -0.18390999734401703
n,0.02366161346435547, -0.877967357635498, -0.1714901179075241
n,0.02366161346435547, -0.877967357635498, -0.1714901179075241
n,0.02366161346435547, -0.877967357635498, -0.1714901179075241
n,-0.20418918132781982, 0.8278917074203491, 0.27147287130355835
n,-0.20418918132781982, 0.8278917074203491, 0.27147287130355835
n,-0.20418918132781982, 0.8278917074203491, 0.27147287130355835
n,0.31339743733406067, -0.8369291424751282, -0.04612167179584503
n,0.31339743733406067, -0.8369291424751282, -0.04612167179584503
n,0.31339743733406067, -0.8369291424751282, -0.04612167179584503
n,0.056058090180158615, -0.17501921951770782, 0.8757973909378052
n,0.056058090180158615, -0.17501921951770782, 0.8757973909378052
n,0.056058090180158615, -0.17501921951770782, 0.8757973909378052
n,0.8560768961906433, -0.21665599942207336, 0.14487220346927643
n,0.8560768961906433, -0.21665599942207336, 0.14487220346927643
n,0.8560768961906433, -0.21665599942207336, 0.14487220346927643
n,-0.7296385169029236, -0.5180516242980957, 0.00675484212115407
n,-0.7296385169029236, -0.5180516242980957, 0.00675484212115407
n,-0.7296385169029236, -0.5180516242980957, 0.00675484212115407
n,-0.8150795102119446, -0.09785746037960052, 0.35618090629577637
n,-0.8150795102119446, -0.09785746037960052, 0.35618090629577637
n,-0.8150795102119446, -0.09785746037960052, 0.35618090629577637
n,-0.8433377146720886, 0.04519045352935791, 0.29586261510849
n,-0.8433377146720886, 0.04519045352935791, 0.29586261510849
n,-0.8433377146720886, 0.04519045352935791, 0.29586261510849
n,-0.6447442770004272, 0.4782017469406128, 0.39550381898880005
n,-0.6447442770004272, 0.4782017469406128, 0.39550381898880005
n,-0.6447442770004272, 0.4782017469406128, 0.39550381898880005
n,-0.3146374821662903, 0.8343760371208191, 0.07493522763252258
n,-0.3146374821662903, 0.8343760371208191, 0.07493522763252258
n,-0.3146374821662903, 0.8343760371208191, 0.07493522763252258
n,0.7265825271606445, 0.5076531767845154, -0.12313227355480194
n,0.7265825271606445, 0.5076531767845154, -0.12313227355480194
n,0.7265825271606445, 0.5076531767845154, -0.12313227355480194
n,0.7107385396957397, 0.14986629784107208, 0.522672176361084
n,0.7107385396957397, 0.14986629784107208, 0.522672176361084
n,0.7107385396957397, 0.14986629784107208, 0.522672176361084
n,0.29492589831352234, -0.8240807056427002, -0.1862931102514267
n,0.29492589831352234, -0.8240807056427002, -0.1862931102514267
n,0.29492589831352234, -0.8240807056427002, -0.1862931102514267
n,-0.13830024003982544, -0.709552526473999, 0.5274502635002136
n,-0.13830024003982544, -0.709552526473999, 0.5274502635002136
n,-0.13830024003982544, -0.709552526473999, 0.5274502635002136
n,-0.22471678256988525, 0.8601585030555725, 0.10210373252630234
n,-0.22471678256988525, 0.8601585030555725, 0.10210373252630234
n,-0.22471678256988525, 0.8601585030555725, 0.10210373252630234
n,0.3797893524169922, 0.7656826972961426, 0.2651141285896301
n,0.3797893524169922, 0.7656826972961426, 0.2651141285896301
n,0.3797893524169922, 0.7656826972961426, 0.2651141285896301
n,0.612553596496582, -0.6474955677986145, -0.07951764017343521
n,0.612553596496582, -0.6474955677986145, -0.07951764017343521
n,0.612553596496582, -0.6474955677986145, -0.07951764017343521
n,0.8713393807411194, 0.20317402482032776, -0.016838066279888153
n,0.8713393807411194, 0.20317402482032776, -0.016838066279888153
n,0.8713393807411194, 0.20317402482032776, -0.016838066279888153
n,-0.044314637780189514, 0.6694715023040771, -0.5921481847763062
n,-0.044314637780189514, 0.6694715023040771, -0.5921481847763062
n,-0.044314637780189514, 0.6694715023040771, -0.5921481847763062
n,0.7972382307052612, -0.3534788191318512, 0.20064736902713776
n,0.7972382307052612, -0.3534788191318512, 0.20064736902713776
n,0.7972382307052612, -0.3534788191318512, 0.20064736902713776
n,0.8539865016937256, 0.24540942907333374, -0.10619248449802399
n,0.8539865016937256, 0.24540942907333374, -0.10619248449802399
n,0.8539865016937256, 0.24540942907333374, -0.10619248449802399
n,0.07880663871765137, 0.738158106803894, 0.49970734119415283
n,0.07880663871765137, 0.738158106803894, 0.49970734119415283
n,0.07880663871765137, 0.738158106803894, 0.49970734119415283
n,-0.6600081920623779, 0.3987543284893036, 0.45406994223594666
n,-0.6600081920623779, 0.3987543284893036, 0.45406994223594666
n,-0.6600081920623779, 0.3987543284893036, 0.45406994223594666
n,0.33517223596572876, -0.8270144462585449, -0.0670977532863617
n,0.33517223596572876, -0.8270144462585449, -0.0670977532863617
n,0.33517223596572876, -0.8270144462585449, -0.0670977532863617
n,-0.7192246913909912, -0.49874067306518555, 0.1864643692970276
n,-0.7192246913909912, -0.49874067306518555, 0.1864643692970276
n,-0.7192246913909912, -0.49874067306518555, 0.1864643692970276
n,0.24769887328147888, -0.8593515157699585, 0.03091307356953621
n,0.24769887328147888, -0.8593515157699585, 0.03091307356953621
n,0.24769887328147888, -0.8593515157699585, 0.03091307356953621
n,0.5780491828918457, -0.2620238661766052, -0.6308708786964417
n,0.5780491828918457, -0.2620238661766052, -0.6308708786964417
n,0.5780491828918457, -0.2620238661766052, -0.6308708786964417
n,-0.17686831951141357, 0.6097840070724487, -0.6306160092353821
n,-0.17686831951141357, 0.6097840070724487, -0.6306160092353821
n,-0.17686831951141357, 0.6097840070724487, -0.6306160092353821
n,-0.09657823294401169, 0.3679816722869873, 0.8099737763404846
n,-0.09657823294401169, 0.3679816722869873, 0.8099737763404846
n,-0.09657823294401169, 0.3679816722869873, 0.8099737763404846
n,-0.08059579133987427, 0.22298069298267365, -0.8628901243209839
n,-0.08059579133987427, 0.22298069298267365, -0.8628901243209839
n,-0.08059579133987427, 0.22298069298267365, -0.8628901243209839
n,0.03829548507928848, 0.06256619840860367, 0.8918600082397461
n,0.03829548507928848, 0.06256619840860367, 0.8918600082397461
n,0.03829548507928848, 0.06256619840860367, 0.8918600082397461
n,0.2794310748577118, -0.8461042642593384, 0.08259132504463196
n,0.2794310748577118, -0.8461042642593384, 0.08259132504463196
n,0.2794310748577118, -0.8461042642593384, 0.08259132504463196
n,-0.3845965266227722, 0.7856628894805908, 0.18871916830539703
n,-0.3845965266227722, 0.7856628894805908, 0.18871916830539703
n,-0.3845965266227722, 0.7856628894805908, 0.18871916830539703
n,-0.1881026029586792, -0.1267370879650116, -0.8656502962112427
n,-0.1881026029586792, -0.1267370879650116, -0.8656502962112427
n,-0.1881026029586792, -0.1267370879650116, -0.8656502962112427
n,-0.07741876691579819, -0.008923374116420746, 0.8914719223976135
n,-0.07741876691579819, -0.008923374116420746, 0.8914719223976135
n,-0.07741876691579819, -0.008923374116420746, 0.8914719223976135
n,-0.3606569170951843, 0.792348325252533, 0.20713815093040466
n,-0.3606569170951843, 0.792348325252533, 0.20713815093040466
n,-0.3606569170951843, 0.792348325252533, 0.20713815093040466
n,-0.04126741737127304, -0.0803956389427185, -0.8902970552444458
n,-0.04126741737127304, -0.0803956389427185, -0.8902970552444458
n,-0.04126741737127304, -0.0803956389427185, -0.8902970552444458
n,0.2808399200439453, -0.8289987444877625, -0.18624038994312286
n,0.2808399200439453, -0.8289987444877625, -0.18624038994312286
n,0.2808399200439453, -0.8289987444877625, -0.18624038994312286
n,0.6020954847335815, -0.05583590269088745, -0.6596657037734985
n,0.6020954847335815, -0.05583590269088745, -0.6596657037734985
n,0.6020954847335815, -0.05583590269088745, -0.6596657037734985
n,0.552077054977417, -0.20579612255096436, 0.6735386848449707
n,0.552077054977417, -0.20579612255096436, 0.6735386848449707
n,0.552077054977417, -0.20579612255096436, 0.6735386848449707
n,0.29035207629203796, -0.8464580178260803, -1.9490596969262697e-05
n,0.29035207629203796, -0.8464580178260803, -1.9490596969262697e-05
n,0.29035207629203796, -0.8464580178260803, -1.9490596969262697e-05
n,-0.29037678241729736, 0.846449613571167, 8.511669307154079e-07
n,-0.29037678241729736, 0.846449613571167, 8.511669307154079e-07
n,-0.29037678241729736, 0.846449613571167, 8.511669307154079e-07
n,0.29036808013916016, -0.846452534198761, -1.1504866961331572e-05
n,0.29036808013916016, -0.846452534198761, -1.1504866961331572e-05
n,0.29036808013916016, -0.846452534198761, -1.1504866961331572e-05
n,0.1620846539735794, 0.20128807425498962, -0.8567421436309814
n,0.1620846539735794, 0.20128807425498962, -0.8567421436309814
n,0.1620846539735794, 0.20128807425498962, -0.8567421436309814
n,0.29037585854530334, -0.8464497923851013, -4.1615465306676924e-05
n,0.29037585854530334, -0.8464497923851013, -4.1615465306676924e-05
n,0.29037585854530334, -0.8464497923851013, -4.1615465306676924e-05
n,0.4190673828125, -0.32589033246040344, -0.7203980684280396
n,0.4190673828125, -0.32589033246040344, -0.7203980684280396
n,0.4190673828125, -0.32589033246040344, -0.7203980684280396
n,0.8617225885391235, -0.22401785850524902, -0.0896972268819809
n,0.8617225885391235, -0.22401785850524902, -0.0896972268819809
n,0.8617225885391235, -0.22401785850524902, -0.0896972268819809
n,-0.211821049451828, -0.6886106133460999, 0.5307943224906921
n,-0.211821049451828, -0.6886106133460999, 0.5307943224906921
n,-0.211821049451828, -0.6886106133460999, 0.5307943224906921
n,-0.1944245547056198, 0.5539609789848328, -0.6753678917884827
n,-0.1944245547056198, 0.5539609789848328, -0.6753678917884827
n,-0.1944245547056198, 0.5539609789848328, -0.6753678917884827
n,0.07285334914922714, -0.15215831995010376, 0.8788262605667114
n,0.07285334914922714, -0.15215831995010376, 0.8788262605667114
n,0.07285334914922714, -0.15215831995010376, 0.8788262605667114
n,0.2903628945350647, -0.8464542031288147, -8.574072126066312e-06
n,0.2903628945350647, -0.8464542031288147, -8.574072126066312e-06
n,0.2903628945350647, -0.8464542031288147, -8.574072126066312e-06
n,-0.47476881742477417, -0.7033957242965698, -0.28394442796707153
n,-0.47476881742477417, -0.7033957242965698, -0.28394442796707153
n,-0.47476881742477417, -0.7033957242965698, -0.28394442796707153
n,0.6776098012924194, 0.5835843086242676, 0.032708413898944855
n,0.6776098012924194, 0.5835843086242676, 0.032708413898944855
n,0.6776098012924194, 0.5835843086242676, 0.032708413898944855
n,0.32093697786331177, 0.7722725868225098, 0.31841787695884705
n,0.32093697786331177, 0.7722725868225098, 0.31841787695884705
n,0.32093697786331177, 0.7722725868225098, 0.31841787695884705
n,-0.4696837365627289, 0.5213084816932678, -0.5553648471832275
n,-0.4696837365627289, 0.5213084816932678, -0.5553648471832275
n,-0.4696837365627289, 0.5213084816932678, -0.5553648471832275
n,0.1717023253440857, -0.0829041451215744, -0.8743228912353516
n,0.1717023253440857, -0.0829041451215744, -0.8743228912353516
n,0.1717023253440857, -0.0829041451215744, -0.8743228912353516
n,-0.2901829481124878, 0.8465158939361572, 0.00018609304970595986
n,-0.2901829481124878, 0.8465158939361572, 0.00018609304970595986
n,-0.2901829481124878, 0.8465158939361572, 0.00018609304970595986
n,0.15327085554599762, -0.43223893642425537, 0.7684224247932434
n,0.15327085554599762, -0.43223893642425537, 0.7684224247932434
n,0.15327085554599762, -0.43223893642425537, 0.7684224247932434
n,0.4715481400489807, -0.3244691491127014, 0.6878644824028015
n,0.4715481400489807, -0.3244691491127014, 0.6878644824028015
n,0.4715481400489807, -0.3244691491127014, 0.6878644824028015
n,0.19466698169708252, 0.8138610124588013, -0.31706538796424866
n,0.19466698169708252, 0.8138610124588013, -0.31706538796424866
n,0.19466698169708252, 0.8138610124588013, -0.31706538796424866
n,-0.3065953850746155, 0.625328540802002, 0.5619244575500488
n,-0.3065953850746155, 0.625328540802002, 0.5619244575500488
n,-0.3065953850746155, 0.625328540802002, 0.5619244575500488
n,-0.84172523021698, -0.13343729078769684, 0.27292609214782715
n,-0.84172523021698, -0.13343729078769684, 0.27292609214782715
n,-0.84172523021698, -0.13343729078769684, 0.27292609214782715
n,-0.6475721597671509, -0.3830905556678772, 0.4844455420970917
n,-0.6475721597671509, -0.3830905556678772, 0.4844455420970917
n,-0.6475721597671509, -0.3830905556678772, 0.4844455420970917
n,-0.1822279542684555, 0.48102545738220215, -0.7322587370872498
n,-0.1822279542684555, 0.48102545738220215, -0.7322587370872498
n,-0.1822279542684555, 0.48102545738220215, -0.7322587370872498
n,-0.297089159488678, -0.5997260212898254, 0.5940220355987549
n,-0.297089159488678, -0.5997260212898254, 0.5940220355987549
n,-0.297089159488678, -0.5997260212898254, 0.5940220355987549
n,-0.10314096510410309, 0.35695862770080566, 0.8140870928764343
n,-0.10314096510410309, 0.35695862770080566, 0.8140870928764343
n,-0.10314096510410309, 0.35695862770080566, 0.8140870928764343
n,0.44783100485801697, -0.4965691566467285, -0.5946947932243347
n,0.44783100485801697, -0.4965691566467285, -0.5946947932243347
n,0.44783100485801697, -0.4965691566467285, -0.5946947932243347
n,-0.29031136631965637, 0.8464719653129578, 2.7792186301667243e-05
n,-0.29031136631965637, 0.8464719653129578, 2.7792186301667243e-05
n,-0.29031136631965637, 0.8464719653129578, 2.7792186301667243e-05
n,0.5520696640014648, -0.20582325756549835, 0.6735363602638245
n,0.5520696640014648, -0.20582325756549835, 0.6735363602638245
n,0.5520696640014648, -0.20582325756549835, 0.6735363602638245
n,-0.29037797451019287, 0.846449077129364, 4.189901119389106e-06
n,-0.29037797451019287, 0.846449077129364, 4.189901119389106e-06
n,-0.29037797451019287, 0.846449077129364, 4.189901119389106e-06
n,0.4190707802772522, -0.3259093761444092, -0.7203873991966248
n,0.4190707802772522, -0.3259093761444092, -0.7203873991966248
n,0.4190707802772522, -0.3259093761444092, -0.7203873991966248
n,0.6776154637336731, 0.5835765600204468, 0.03272633254528046
n,0.6776154637336731, 0.5835765600204468, 0.03272633254528046
n,0.6776154637336731, 0.5835765600204468, 0.03272633254528046
n,-0.06546610593795776, -0.7742416858673096, -0.4439137578010559
n,-0.06546610593795776, -0.7742416858673096, -0.4439137578010559
n,-0.06546610593795776, -0.7742416858673096, -0.4439137578010559
n,-0.3876289427280426, 0.7936843037605286, 0.14354263246059418
n,-0.3876289427280426, 0.7936843037605286, 0.14354263246059418
n,-0.3876289427280426, 0.7936843037605286, 0.14354263246059418
n,-0.6116515398025513, -0.2332032471895218, 0.6101590991020203
n,-0.6116515398025513, -0.2332032471895218, 0.6101590991020203
n,-0.6116515398025513, -0.2332032471895218, 0.6101590991020203
n,0.8362866640090942, 0.2541324496269226, 0.19192898273468018
n,0.8362866640090942, 0.2541324496269226, 0.19192898273468018
n,0.8362866640090942, 0.2541324496269226, 0.19192898273468018
n,-0.8531244993209839, 0.176251620054245, 0.2047175168991089
n,-0.8531244993209839, 0.176251620054245, 0.2047175168991089
n,-0.8531244993209839, 0.176251620054245, 0.2047175168991089
n,0.41705185174942017, 0.5472832918167114, -0.5721400380134583
n,0.41705185174942017, 0.5472832918167114, -0.5721400380134583
n,0.41705185174942017, 0.5472832918167114, -0.5721400380134583
n,-0.8459115028381348, -0.2919401526451111, -0.0004532927996478975
n,-0.8459115028381348, -0.2919401526451111, -0.0004532927996478975
n,-0.8459115028381348, -0.2919401526451111, -0.0004532927996478975
n,-0.8469328880310059, -0.2888162136077881, 0.009234459139406681
n,-0.8469328880310059, -0.2888162136077881, 0.009234459139406681
n,-0.8469328880310059, -0.2888162136077881, 0.009234459139406681
n,-0.8083930015563965, 0.38046589493751526, -0.05041756108403206
n,-0.8083930015563965, 0.38046589493751526, -0.05041756108403206
n,-0.8083930015563965, 0.38046589493751526, -0.05041756108403206
n,-0.822372317314148, 0.352092981338501, -0.023013103753328323
n,-0.822372317314148, 0.352092981338501, -0.023013103753328323
n,-0.822372317314148, 0.352092981338501, -0.023013103753328323
n,0.15416261553764343, -0.20274396240711212, 0.8578601479530334
n,0.15416261553764343, -0.20274396240711212, 0.8578601479530334
n,0.15416261553764343, -0.20274396240711212, 0.8578601479530334
n,-0.6597123146057129, -0.5926520228385925, -0.11974456906318665
n,-0.6597123146057129, -0.5926520228385925, -0.11974456906318665
n,-0.6597123146057129, -0.5926520228385925, -0.11974456906318665
n,-0.868394672870636, -0.18528646230697632, 0.1111522689461708
n,-0.868394672870636, -0.18528646230697632, 0.1111522689461708
n,-0.868394672870636, -0.18528646230697632, 0.1111522689461708
n,-0.5677047967910767, -0.6540892124176025, -0.22510899603366852
n,-0.5677047967910767, -0.6540892124176025, -0.22510899603366852
n,-0.5677047967910767, -0.6540892124176025, -0.22510899603366852
n,0.06260671466588974, 0.022272802889347076, 0.8924010396003723
n,0.06260671466588974, 0.022272802889347076, 0.8924010396003723
n,0.06260671466588974, 0.022272802889347076, 0.8924010396003723
n,-0.021781211718916893, 0.06342435628175735, 0.8923554420471191
n,-0.021781211718916893, 0.06342435628175735, 0.8923554420471191
n,-0.021781211718916893, 0.06342435628175735, 0.8923554420471191
n,0.0627855435013771, 0.020778730511665344, -0.8924245238304138
n,0.0627855435013771, 0.020778730511665344, -0.8924245238304138
n,0.0627855435013771, 0.020778730511665344, -0.8924245238304138
n,-0.019613616168498993, 0.05713426321744919, -0.8928305506706238
n,-0.019613616168498993, 0.05713426321744919, -0.8928305506706238
n,-0.019613616168498993, 0.05713426321744919, -0.8928305506706238
n,-0.005602081771939993, -0.0013988607097417116, 0.8948530554771423
n,-0.005602081771939993, -0.0013988607097417116, 0.8948530554771423
n,-0.005602081771939993, -0.0013988607097417116, 0.8948530554771423
n,-0.06294088810682297, -0.0598447248339653, -0.8906471133232117
n,-0.06294088810682297, -0.0598447248339653, -0.8906471133232117
n,-0.06294088810682297, -0.0598447248339653, -0.8906471133232117
n,-0.07433773577213287, 0.14611950516700745, 0.8797262907028198
n,-0.07433773577213287, 0.14611950516700745, 0.8797262907028198
n,-0.07433773577213287, 0.14611950516700745, 0.8797262907028198
n,-0.6992207765579224, 0.49587732553482056, 0.25688785314559937
n,-0.6992207765579224, 0.49587732553482056, 0.25688785314559937
n,-0.6992207765579224, 0.49587732553482056, 0.25688785314559937
n,-0.24758240580558777, -0.820673942565918, 0.2568904161453247
n,-0.24758240580558777, -0.820673942565918, 0.2568904161453247
n,-0.24758240580558777, -0.820673942565918, 0.2568904161453247
n,-0.21259614825248718, 0.6009686589241028, 0.628040611743927
n,-0.21259614825248718, 0.6009686589241028, 0.628040611743927
n,-0.21259614825248718, 0.6009686589241028, 0.628040611743927
n,-0.16895528137683868, 0.6560616493225098, 0.5846645832061768
n,-0.16895528137683868, 0.6560616493225098, 0.5846645832061768
n,-0.16895528137683868, 0.6560616493225098, 0.5846645832061768
n,0.6246001124382019, 0.22857104241847992, 0.5986864566802979
n,0.6246001124382019, 0.22857104241847992, 0.5986864566802979
n,0.6246001124382019, 0.22857104241847992, 0.5986864566802979
n,0.49851512908935547, 0.1718335747718811, -0.7230154871940613
n,0.49851512908935547, 0.1718335747718811, -0.7230154871940613
n,0.49851512908935547, 0.1718335747718811, -0.7230154871940613
n,-0.4661410450935364, -0.14810627698898315, -0.749381422996521
n,-0.4661410450935364, -0.14810627698898315, -0.749381422996521
n,-0.4661410450935364, -0.14810627698898315, -0.749381422996521
n,0.5211614966392517, 0.17802485823631287, -0.7053320407867432
n,0.5211614966392517, 0.17802485823631287, -0.7053320407867432
n,0.5211614966392517, 0.17802485823631287, -0.7053320407867432
n,0.4329027533531189, -0.6914491653442383, 0.3678160011768341
n,0.4329027533531189, -0.6914491653442383, 0.3678160011768341
n,0.4329027533531189, -0.6914491653442383, 0.3678160011768341
n,0.03161431849002838, 0.5201485753059387, 0.7274897694587708
n,0.03161431849002838, 0.5201485753059387, 0.7274897694587708
n,0.03161431849002838, 0.5201485753059387, 0.7274897694587708
n,-0.7977328300476074, -0.3111518919467926, 0.2600044310092926
n,-0.7977328300476074, -0.3111518919467926, 0.2600044310092926
n,-0.7977328300476074, -0.3111518919467926, 0.2600044310092926
n,0.1300329864025116, -0.18254125118255615, 0.8663519024848938
n,0.1300329864025116, -0.18254125118255615, 0.8663519024848938
n,0.1300329864025116, -0.18254125118255615, 0.8663519024848938
n,0.8648748993873596, 0.21398019790649414, -0.08366187661886215
n,0.8648748993873596, 0.21398019790649414, -0.08366187661886215
n,0.8648748993873596, 0.21398019790649414, -0.08366187661886215
n,-0.8325062394142151, -0.15373924374580383, -0.2899881601333618
n,-0.8325062394142151, -0.15373924374580383, -0.2899881601333618
n,-0.8325062394142151, -0.15373924374580383, -0.2899881601333618
n,-0.11745753884315491, 0.8870574831962585, -0.011324925348162651
n,-0.11745753884315491, 0.8870574831962585, -0.011324925348162651
n,-0.11745753884315491, 0.8870574831962585, -0.011324925348162651
n,0.8642334938049316, -0.21728211641311646, 0.08175783604383469
n,0.8642334938049316, -0.21728211641311646, 0.08175783604383469
n,0.8642334938049316, -0.21728211641311646, 0.08175783604383469
n,0.03293829783797264, -0.10525256395339966, -0.8880497217178345
n,0.03293829783797264, -0.10525256395339966, -0.8880497217178345
n,0.03293829783797264, -0.10525256395339966, -0.8880497217178345
n,-0.1574472039937973, -0.03649904578924179, 0.8801554441452026
n,-0.1574472039937973, -0.03649904578924179, 0.8801554441452026
n,-0.1574472039937973, -0.03649904578924179, 0.8801554441452026
n,0.05236036702990532, 0.12288372218608856, -0.8848465085029602
n,0.05236036702990532, 0.12288372218608856, -0.8848465085029602
n,0.05236036702990532, 0.12288372218608856, -0.8848465085029602
n,-0.6176539659500122, 0.3553086519241333, 0.5413452982902527
n,-0.6176539659500122, 0.3553086519241333, 0.5413452982902527
n,-0.6176539659500122, 0.3553086519241333, 0.5413452982902527
n,0.41226986050605774, -0.1750611960887909, 0.774714469909668
n,0.41226986050605774, -0.1750611960887909, 0.774714469909668
n,0.41226986050605774, -0.1750611960887909, 0.774714469909668
n,-0.39111822843551636, -0.6724212169647217, 0.44234782457351685
n,-0.39111822843551636, -0.6724212169647217, 0.44234782457351685
n,-0.39111822843551636, -0.6724212169647217, 0.44234782457351685
n,0.1210634857416153, 0.11812172830104828, -0.8787413239479065
n,0.1210634857416153, 0.11812172830104828, -0.8787413239479065
n,0.1210634857416153, 0.11812172830104828, -0.8787413239479065
n,-0.10481926798820496, 0.8841124176979065, 0.0902976393699646
n,-0.10481926798820496, 0.8841124176979065, 0.0902976393699646
n,-0.10481926798820496, 0.8841124176979065, 0.0902976393699646
n,0.04969875514507294, 0.4342038631439209, 0.7808920741081238
n,0.04969875514507294, 0.4342038631439209, 0.7808920741081238
n,0.04969875514507294, 0.4342038631439209, 0.7808920741081238
n,-0.5249232053756714, -0.535466194152832, 0.48839232325553894
n,-0.5249232053756714, -0.535466194152832, 0.48839232325553894
n,-0.5249232053756714, -0.535466194152832, 0.48839232325553894
n,0.060812294483184814, -0.06039421632885933, -0.8907580375671387
n,0.060812294483184814, -0.06039421632885933, -0.8907580375671387
n,0.060812294483184814, -0.06039421632885933, -0.8907580375671387
n,0.016799932345747948, 0.08647025376558304, -0.8905256986618042
n,0.016799932345747948, 0.08647025376558304, -0.8905256986618042
n,0.016799932345747948, 0.08647025376558304, -0.8905256986618042
n,0.4593430757522583, 0.6028111577033997, 0.4758341908454895
n,0.4593430757522583, 0.6028111577033997, 0.4758341908454895
n,0.4593430757522583, 0.6028111577033997, 0.4758341908454895
n,-0.7573327422142029, 0.3938080072402954, 0.26862195134162903
n,-0.7573327422142029, 0.3938080072402954, 0.26862195134162903
n,-0.7573327422142029, 0.3938080072402954, 0.26862195134162903
n,0.4920428395271301, -0.625739336013794, -0.4088270664215088
n,0.4920428395271301, -0.625739336013794, -0.4088270664215088
n,0.4920428395271301, -0.625739336013794, -0.4088270664215088
n,0.33145466446876526, -0.8191692233085632, 0.14104968309402466
n,0.33145466446876526, -0.8191692233085632, 0.14104968309402466
n,0.33145466446876526, -0.8191692233085632, 0.14104968309402466
n,0.8016309142112732, -0.28791096806526184, 0.27439144253730774
n,0.8016309142112732, -0.28791096806526184, 0.27439144253730774
n,0.8016309142112732, -0.28791096806526184, 0.27439144253730774
n,-0.032961055636405945, 0.11241636425256729, 0.8871704936027527
n,-0.032961055636405945, 0.11241636425256729, 0.8871704936027527
n,-0.032961055636405945, 0.11241636425256729, 0.8871704936027527
n,0.26990532875061035, 0.052505604922771454, 0.8515806198120117
n,0.26990532875061035, 0.052505604922771454, 0.8515806198120117
n,0.26990532875061035, 0.052505604922771454, 0.8515806198120117
n,0.7386109232902527, 0.46571969985961914, 0.19584323465824127
n,0.7386109232902527, 0.46571969985961914, 0.19584323465824127
n,0.7386109232902527, 0.46571969985961914, 0.19584323465824127
n,0.5880931615829468, -0.44278377294540405, 0.5088067054748535
n,0.5880931615829468, -0.44278377294540405, 0.5088067054748535
n,0.5880931615829468, -0.44278377294540405, 0.5088067054748535
n,0.04301222413778305, -0.03228151425719261, -0.893254280090332
n,0.04301222413778305, -0.03228151425719261, -0.893254280090332
n,0.04301222413778305, -0.03228151425719261, -0.893254280090332
n,0.022598683834075928, 0.8596231341362, 0.24765457212924957
n,0.022598683834075928, 0.8596231341362, 0.24765457212924957
n,0.022598683834075928, 0.8596231341362, 0.24765457212924957
n,-0.02117282897233963, -0.04638148844242096, -0.8934180736541748
n,-0.02117282897233963, -0.04638148844242096, -0.8934180736541748
n,-0.02117282897233963, -0.04638148844242096, -0.8934180736541748
n,0.6303544640541077, -0.18045678734779358, 0.6090025305747986
n,0.6303544640541077, -0.18045678734779358, 0.6090025305747986
n,0.6303544640541077, -0.18045678734779358, 0.6090025305747986
n,-0.8144886493682861, -0.2105385959148407, 0.30508559942245483
n,-0.8144886493682861, -0.2105385959148407, 0.30508559942245483
n,-0.8144886493682861, -0.2105385959148407, 0.30508559942245483
n,0.08770669251680374, 0.2678917646408081, 0.8493155837059021
n,0.08770669251680374, 0.2678917646408081, 0.8493155837059021
n,0.08770669251680374, 0.2678917646408081, 0.8493155837059021
n,-0.1964823603630066, 0.11581587791442871, -0.8653188943862915
n,-0.1964823603630066, 0.11581587791442871, -0.8653188943862915
n,-0.1964823603630066, 0.11581587791442871, -0.8653188943862915
n,0.3009885549545288, -0.7220838069915771, 0.43450698256492615
n,0.3009885549545288, -0.7220838069915771, 0.43450698256492615
n,0.3009885549545288, -0.7220838069915771, 0.43450698256492615
n,0.3330380320549011, -0.7892976403236389, 0.2586315870285034
n,0.3330380320549011, -0.7892976403236389, 0.2586315870285034
n,0.3330380320549011, -0.7892976403236389, 0.2586315870285034
n,-0.412500262260437, 0.4424707889556885, -0.6594380140304565
n,-0.412500262260437, 0.4424707889556885, -0.6594380140304565
n,-0.412500262260437, 0.4424707889556885, -0.6594380140304565
n,0.07053977251052856, 0.4284225106239319, -0.7824792265892029
n,0.07053977251052856, 0.4284225106239319, -0.7824792265892029
n,0.07053977251052856, 0.4284225106239319, -0.7824792265892029
n,0.76839280128479, 0.2420811951160431, -0.38956981897354126
n,0.76839280128479, 0.2420811951160431, -0.38956981897354126
n,0.76839280128479, 0.2420811951160431, -0.38956981897354126
n,0.24519847333431244, 0.6442220211029053, -0.5706585645675659
n,0.24519847333431244, 0.6442220211029053, -0.5706585645675659
n,0.24519847333431244, 0.6442220211029053, -0.5706585645675659
n,0.612942099571228, 0.6519937515258789, 0.0012289051664993167
n,0.612942099571228, 0.6519937515258789, 0.0012289051664993167
n,0.612942099571228, 0.6519937515258789, 0.0012289051664993167
n,-0.612942099571228, -0.6519937515258789, -0.0012289051664993167
n,-0.612942099571228, -0.6519937515258789, -0.0012289051664993167
n,-0.612942099571228, -0.6519937515258789, -0.0012289051664993167
n,-0.8104106187820435, -0.3794478178024292, 0.007032121531665325
n,-0.8104106187820435, -0.3794478178024292, 0.007032121531665325
n,-0.8104106187820435, -0.3794478178024292, 0.007032121531665325
n,0.8104106187820435, 0.3794478178024292, -0.007032121531665325
n,0.8104106187820435, 0.3794478178024292, -0.007032121531665325
n,0.8104106187820435, 0.3794478178024292, -0.007032121531665325
n,0.8908969759941101, -0.08424973487854004, 0.00011968745093327016
n,0.8908969759941101, -0.08424973487854004, 0.00011968745093327016
n,0.8908969759941101, -0.08424973487854004, 0.00011968745093327016
n,-0.8908969759941101, 0.08424973487854004, -0.00011968745093327016
n,-0.8908969759941101, 0.08424973487854004, -0.00011968745093327016
n,-0.8908969759941101, 0.08424973487854004, -0.00011968745093327016
n,-0.6534752249717712, 0.6113632917404175, -0.0006254935287870467
n,-0.6534752249717712, 0.6113632917404175, -0.0006254935287870467
n,-0.6534752249717712, 0.6113632917404175, -0.0006254935287870467
n,0.6534752249717712, -0.6113632917404175, 0.0006254935287870467
n,0.6534752249717712, -0.6113632917404175, 0.0006254935287870467
n,0.6534752249717712, -0.6113632917404175, 0.0006254935287870467
n,-0.5315930843353271, 0.6123809218406677, -0.37840962409973145
n,-0.5315930843353271, 0.6123809218406677, -0.37840962409973145
n,-0.5315930843353271, 0.6123809218406677, -0.37840962409973145
n,-8.308887481689453e-05, -0.8317607045173645, -0.33010542392730713
n,-8.308887481689453e-05, -0.8317607045173645, -0.33010542392730713
n,-8.308887481689453e-05, -0.8317607045173645, -0.33010542392730713
n,0.5315307974815369, -0.6124400496482849, -0.37840136885643005
n,0.5315307974815369, -0.6124400496482849, -0.37840136885643005
n,0.5315307974815369, -0.6124400496482849, -0.37840136885643005
n,0.6170649528503418, 0.5224668383598328, -0.383477121591568
n,0.6170649528503418, 0.5224668383598328, -0.383477121591568
n,0.6170649528503418, 0.5224668383598328, -0.383477121591568
n,0.29109421372413635, 0.8435192108154297, 0.06734178960323334
n,0.29109421372413635, 0.8435192108154297, 0.06734178960323334
n,0.29109421372413635, 0.8435192108154297, 0.06734178960323334
n,-0.5035624504089355, -0.7289583683013916, -0.1258571892976761
n,-0.5035624504089355, -0.7289583683013916, -0.1258571892976761
n,-0.5035624504089355, -0.7289583683013916, -0.1258571892976761
n,0.40980398654937744, 0.7863571643829346, 0.12040986120700836
n,0.40980398654937744, 0.7863571643829346, 0.12040986120700836
n,0.40980398654937744, 0.7863571643829346, 0.12040986120700836
n,0.4166069030761719, 0.09339232742786407, -0.7864553332328796
n,0.4166069030761719, 0.09339232742786407, -0.7864553332328796
n,0.4166069030761719, 0.09339232742786407, -0.7864553332328796
n,-0.5067616105079651, -0.030655428767204285, 0.736918032169342
n,-0.5067616105079651, -0.030655428767204285, 0.736918032169342
n,-0.5067616105079651, -0.030655428767204285, 0.736918032169342
n,0.8185091018676758, -0.1618918478488922, 0.32346463203430176
n,0.8185091018676758, -0.1618918478488922, 0.32346463203430176
n,0.8185091018676758, -0.1618918478488922, 0.32346463203430176
n,-0.7320444583892822, -0.4982925057411194, -0.12888318300247192
n,-0.7320444583892822, -0.4982925057411194, -0.12888318300247192
n,-0.7320444583892822, -0.4982925057411194, -0.12888318300247192
n,-0.8586102724075317, 0.24735146760940552, 0.049001406878232956
n,-0.8586102724075317, 0.24735146760940552, 0.049001406878232956
n,-0.8586102724075317, 0.24735146760940552, 0.049001406878232956
n,0.7140027284622192, -0.3536701798439026, -0.40732404589653015
n,0.7140027284622192, -0.3536701798439026, -0.40732404589653015
n,0.7140027284622192, -0.3536701798439026, -0.40732404589653015
n,-0.8245397210121155, -0.10602597892284393, 0.3311920166015625
n,-0.8245397210121155, -0.10602597892284393, 0.3311920166015625
n,-0.8245397210121155, -0.10602597892284393, 0.3311920166015625
n,0.33026617765426636, 0.2728489637374878, 0.7856673002243042
n,0.33026617765426636, 0.2728489637374878, 0.7856673002243042
n,0.33026617765426636, 0.2728489637374878, 0.7856673002243042
n,-0.27269357442855835, -0.7029837369918823, -0.48192062973976135
n,-0.27269357442855835, -0.7029837369918823, -0.48192062973976135
n,-0.27269357442855835, -0.7029837369918823, -0.48192062973976135
n,0.3907393217086792, 0.8050563931465149, 0.001602159347385168
n,0.3907393217086792, 0.8050563931465149, 0.001602159347385168
n,0.3907393217086792, 0.8050563931465149, 0.001602159347385168
n,-0.310637503862381, 0.8009164333343506, -0.25066450238227844
n,-0.310637503862381, 0.8009164333343506, -0.25066450238227844
n,-0.310637503862381, 0.8009164333343506, -0.25066450238227844
n,0.3908423185348511, 0.8050065040588379, 0.0015188934048637748
n,0.3908423185348511, 0.8050065040588379, 0.0015188934048637748
n,0.3908423185348511, 0.8050065040588379, 0.0015188934048637748
n,-0.7934425473213196, -0.16024939715862274, 0.3815292716026306
n,-0.7934425473213196, -0.16024939715862274, 0.3815292716026306
n,-0.7934425473213196, -0.16024939715862274, 0.3815292716026306
n,0.3930193781852722, 0.8039472699165344, 3.300530806882307e-05
n,0.3930193781852722, 0.8039472699165344, 3.300530806882307e-05
n,0.3930193781852722, 0.8039472699165344, 3.300530806882307e-05
n,0.6754050254821777, -0.5782769918441772, -0.10108999907970428
n,0.6754050254821777, -0.5782769918441772, -0.10108999907970428
n,0.6754050254821777, -0.5782769918441772, -0.10108999907970428
n,-0.5180138349533081, -0.72803795337677, 0.04917147755622864
n,-0.5180138349533081, -0.72803795337677, 0.04917147755622864
n,-0.5180138349533081, -0.72803795337677, 0.04917147755622864
n,0.23049353063106537, 0.7278540134429932, -0.466793954372406
n,0.23049353063106537, 0.7278540134429932, -0.466793954372406
n,0.23049353063106537, 0.7278540134429932, -0.466793954372406
n,0.14861130714416504, 0.8763737678527832, -0.10333988070487976
n,0.14861130714416504, 0.8763737678527832, -0.10333988070487976
n,0.14861130714416504, 0.8763737678527832, -0.10333988070487976
n,0.8340262770652771, 0.2915651798248291, 0.1420753449201584
n,0.8340262770652771, 0.2915651798248291, 0.1420753449201584
n,0.8340262770652771, 0.2915651798248291, 0.1420753449201584
n,0.5686331391334534, -0.6895290613174438, 0.04473968595266342
n,0.5686331391334534, -0.6895290613174438, 0.04473968595266342
n,0.5686331391334534, -0.6895290613174438, 0.04473968595266342
n,0.4112291932106018, -0.7203560471534729, 0.33581724762916565
n,0.4112291932106018, -0.7203560471534729, 0.33581724762916565
n,0.4112291932106018, -0.7203560471534729, 0.33581724762916565
n,-0.6588868498802185, -0.3177665174007416, -0.5154493451118469
n,-0.6588868498802185, -0.3177665174007416, -0.5154493451118469
n,-0.6588868498802185, -0.3177665174007416, -0.5154493451118469
n,0.09113246947526932, 0.29240182042121887, 0.8408278226852417
n,0.09113246947526932, 0.29240182042121887, 0.8408278226852417
n,0.09113246947526932, 0.29240182042121887, 0.8408278226852417
n,-0.3920300006866455, -0.8044249415397644, -0.0029151837807148695
n,-0.3920300006866455, -0.8044249415397644, -0.0029151837807148695
n,-0.3920300006866455, -0.8044249415397644, -0.0029151837807148695
n,-0.39307111501693726, -0.8039220571517944, 0.0001771289826137945
n,-0.39307111501693726, -0.8039220571517944, 0.0001771289826137945
n,-0.39307111501693726, -0.8039220571517944, 0.0001771289826137945
n,0.6882169842720032, 0.22581681609153748, 0.5255088210105896
n,0.6882169842720032, 0.22581681609153748, 0.5255088210105896
n,0.6882169842720032, 0.22581681609153748, 0.5255088210105896
n,-0.3932430148124695, -0.8038378953933716, -3.260028825025074e-05
n,-0.3932430148124695, -0.8038378953933716, -3.260028825025074e-05
n,-0.3932430148124695, -0.8038378953933716, -3.260028825025074e-05
n,-0.8446645736694336, 0.2695575952529907, -0.1211438775062561
n,-0.8446645736694336, 0.2695575952529907, -0.1211438775062561
n,-0.8446645736694336, 0.2695575952529907, -0.1211438775062561
n,-0.8406428098678589, -0.24544046819210052, -0.1840491145849228
n,-0.8406428098678589, -0.24544046819210052, -0.1840491145849228
n,-0.8406428098678589, -0.24544046819210052, -0.1840491145849228
n,-0.32230663299560547, 0.8142737150192261, -0.1840440034866333
n,-0.32230663299560547, 0.8142737150192261, -0.1840440034866333
n,-0.32230663299560547, 0.8142737150192261, -0.1840440034866333
n,0.8406438231468201, 0.24543705582618713, -0.18404917418956757
n,0.8406438231468201, 0.24543705582618713, -0.18404917418956757
n,0.8406438231468201, 0.24543705582618713, -0.18404917418956757
n,0.15213970839977264, -0.8783928155899048, -0.07794271409511566
n,0.15213970839977264, -0.8783928155899048, -0.07794271409511566
n,0.15213970839977264, -0.8783928155899048, -0.07794271409511566
n,0.8555862307548523, 0.2554766535758972, -0.059155628085136414
n,0.8555862307548523, 0.2554766535758972, -0.059155628085136414
n,0.8555862307548523, 0.2554766535758972, -0.059155628085136414
n,-0.8726474642753601, -0.17098084092140198, -0.10023737698793411
n,-0.8726474642753601, -0.17098084092140198, -0.10023737698793411
n,-0.8726474642753601, -0.17098084092140198, -0.10023737698793411
n,-0.2004714459180832, 0.8697934746742249, -0.06376489251852036
n,-0.2004714459180832, 0.8697934746742249, -0.06376489251852036
n,-0.2004714459180832, 0.8697934746742249, -0.06376489251852036
n,-0.2903369665145874, 0.846463143825531, -4.1681883885758e-05
n,-0.2903369665145874, 0.846463143825531, -4.1681883885758e-05
n,-0.2903369665145874, 0.846463143825531, -4.1681883885758e-05
n,0.8111956119537354, 0.37746113538742065, -0.016736723482608795
n,0.8111956119537354, 0.37746113538742065, -0.016736723482608795
n,0.8111956119537354, 0.37746113538742065, -0.016736723482608795
n,-0.8236874341964722, 0.34970831871032715, -0.006211538333445787
n,-0.8236874341964722, 0.34970831871032715, -0.006211538333445787
n,-0.8236874341964722, 0.34970831871032715, -0.006211538333445787
n,-0.8162453174591064, 0.3667672574520111, -0.004553664941340685
n,-0.8162453174591064, 0.3667672574520111, -0.004553664941340685
n,-0.8162453174591064, 0.3667672574520111, -0.004553664941340685
n,0.6151564121246338, 0.6498364210128784, 0.009520064108073711
n,0.6151564121246338, 0.6498364210128784, 0.009520064108073711
n,0.6151564121246338, 0.6498364210128784, 0.009520064108073711
n,-0.5579401254653931, -0.3113536834716797, -0.6265437602996826
n,-0.5579401254653931, -0.3113536834716797, -0.6265437602996826
n,-0.5579401254653931, -0.3113536834716797, -0.6265437602996826
n,0.6565837860107422, 0.5950809717178345, -0.12478698045015335
n,0.6565837860107422, 0.5950809717178345, -0.12478698045015335
n,0.6565837860107422, 0.5950809717178345, -0.12478698045015335
n,0.4512707591056824, -0.20233085751533508, 0.7457964420318604
n,0.4512707591056824, -0.20233085751533508, 0.7457964420318604
n,0.4512707591056824, -0.20233085751533508, 0.7457964420318604
n,-0.7507181167602539, 0.48681068420410156, 0.015273005701601505
n,-0.7507181167602539, 0.48681068420410156, 0.015273005701601505
n,-0.7507181167602539, 0.48681068420410156, 0.015273005701601505
n,0.46825963258743286, -0.7553280591964722, -0.10491864383220673
n,0.46825963258743286, -0.7553280591964722, -0.10491864383220673
n,0.46825963258743286, -0.7553280591964722, -0.10491864383220673
n,0.21998177468776703, -0.7866541147232056, -0.36548417806625366
n,0.21998177468776703, -0.7866541147232056, -0.36548417806625366
n,0.21998177468776703, -0.7866541147232056, -0.36548417806625366
n,-0.606876790523529, 0.19934137165546417, -0.6267049908638
n,-0.606876790523529, 0.19934137165546417, -0.6267049908638
n,-0.606876790523529, 0.19934137165546417, -0.6267049908638
n,-0.32727348804473877, 0.829174816608429, -0.07846348732709885
n,-0.32727348804473877, 0.829174816608429, -0.07846348732709885
n,-0.32727348804473877, 0.829174816608429, -0.07846348732709885
n,0.1718468964099884, 0.8203426003456116, 0.3135317265987396
n,0.1718468964099884, 0.8203426003456116, 0.3135317265987396
n,0.1718468964099884, 0.8203426003456116, 0.3135317265987396
n,0.29217198491096497, 0.388359010219574, 0.7514040470123291
n,0.29217198491096497, 0.388359010219574, 0.7514040470123291
n,0.29217198491096497, 0.388359010219574, 0.7514040470123291
n,-0.5560064315795898, -0.688915491104126, 0.13056699931621552
n,-0.5560064315795898, -0.688915491104126, 0.13056699931621552
n,-0.5560064315795898, -0.688915491104126, 0.13056699931621552
n,0.0066525014117360115, -0.0030891457572579384, 0.8948416113853455
n,0.0066525014117360115, -0.0030891457572579384, 0.8948416113853455
n,0.0066525014117360115, -0.0030891457572579384, 0.8948416113853455
n,-0.472231924533844, -0.31957846879959106, 0.6896825432777405
n,-0.472231924533844, -0.31957846879959106, 0.6896825432777405
n,-0.472231924533844, -0.31957846879959106, 0.6896825432777405
n,-0.5187919735908508, -0.7027441263198853, -0.1944248080253601
n,-0.5187919735908508, -0.7027441263198853, -0.1944248080253601
n,-0.5187919735908508, -0.7027441263198853, -0.1944248080253601
n,-0.15759295225143433, -0.8547372221946716, -0.21303561329841614
n,-0.15759295225143433, -0.8547372221946716, -0.21303561329841614
n,-0.15759295225143433, -0.8547372221946716, -0.21303561329841614
n,-0.1778782606124878, -0.845745325088501, -0.2320985049009323
n,-0.1778782606124878, -0.845745325088501, -0.2320985049009323
n,-0.1778782606124878, -0.845745325088501, -0.2320985049009323
n,0.4280175566673279, -0.48925548791885376, 0.615000307559967
n,0.4280175566673279, -0.48925548791885376, 0.615000307559967
n,0.4280175566673279, -0.48925548791885376, 0.615000307559967
n,-0.7729790210723877, 0.31244611740112305, -0.32507893443107605
n,-0.7729790210723877, 0.31244611740112305, -0.32507893443107605
n,-0.7729790210723877, 0.31244611740112305, -0.32507893443107605
n,0.28700172901153564, -0.4912203848361969, 0.6907444596290588
n,0.28700172901153564, -0.4912203848361969, 0.6907444596290588
n,0.28700172901153564, -0.4912203848361969, 0.6907444596290588
n,0.6744316816329956, -0.3418414294719696, 0.47862502932548523
n,0.6744316816329956, -0.3418414294719696, 0.47862502932548523
n,0.6744316816329956, -0.3418414294719696, 0.47862502932548523
n,0.7716707587242126, 0.21870140731334686, -0.3968494236469269
n,0.7716707587242126, 0.21870140731334686, -0.3968494236469269
n,0.7716707587242126, 0.21870140731334686, -0.3968494236469269
n,0.04039618372917175, 0.7013545036315918, -0.5543152689933777
n,0.04039618372917175, 0.7013545036315918, -0.5543152689933777
n,0.04039618372917175, 0.7013545036315918, -0.5543152689933777
n,-0.644241452217102, 0.45570671558380127, -0.4219949543476105
n,-0.644241452217102, 0.45570671558380127, -0.4219949543476105
n,-0.644241452217102, 0.45570671558380127, -0.4219949543476105
n,0.62345290184021, 0.6406995058059692, 0.04007752984762192
n,0.62345290184021, 0.6406995058059692, 0.04007752984762192
n,0.62345290184021, 0.6406995058059692, 0.04007752984762192
n,-0.7215336561203003, -0.5118342041969299, -0.13494616746902466
n,-0.7215336561203003, -0.5118342041969299, -0.13494616746902466
n,-0.7215336561203003, -0.5118342041969299, -0.13494616746902466
n,0.20620843768119812, 0.4928320646286011, 0.7179067134857178
n,0.20620843768119812, 0.4928320646286011, 0.7179067134857178
n,0.20620843768119812, 0.4928320646286011, 0.7179067134857178
n,-0.5357457995414734, 0.154645174741745, 0.6998977065086365
n,-0.5357457995414734, 0.154645174741745, 0.6998977065086365
n,-0.5357457995414734, 0.154645174741745, 0.6998977065086365
n,0.7987762689590454, -0.29998648166656494, -0.26974061131477356
n,0.7987762689590454, -0.29998648166656494, -0.26974061131477356
n,0.7987762689590454, -0.29998648166656494, -0.26974061131477356
n,0.20947134494781494, 0.5179396867752075, -0.699039101600647
n,0.20947134494781494, 0.5179396867752075, -0.699039101600647
n,0.20947134494781494, 0.5179396867752075, -0.699039101600647
n,-0.7819741368293762, 0.047753721475601196, -0.43247130513191223
n,-0.7819741368293762, 0.047753721475601196, -0.43247130513191223
n,-0.7819741368293762, 0.047753721475601196, -0.43247130513191223
n,-0.5424675941467285, -0.44219517707824707, -0.5576627850532532
n,-0.5424675941467285, -0.44219517707824707, -0.5576627850532532
n,-0.5424675941467285, -0.44219517707824707, -0.5576627850532532
n,-0.2860460579395294, 0.8217675089836121, 0.2089765965938568
n,-0.2860460579395294, 0.8217675089836121, 0.2089765965938568
n,-0.2860460579395294, 0.8217675089836121, 0.2089765965938568
n,-0.08940301835536957, -0.5020866394042969, 0.7353308796882629
n,-0.08940301835536957, -0.5020866394042969, 0.7353308796882629
n,-0.08940301835536957, -0.5020866394042969, 0.7353308796882629
n,0.11202199757099152, -0.4993079900741577, -0.734123945236206
n,0.11202199757099152, -0.4993079900741577, -0.734123945236206
n,0.11202199757099152, -0.4993079900741577, -0.734123945236206
n,0.035127196460962296, 0.030921870842576027, 0.8936471939086914
n,0.035127196460962296, 0.030921870842576027, 0.8936471939086914
n,0.035127196460962296, 0.030921870842576027, 0.8936471939086914
n,-0.3293122947216034, 0.8319862484931946, -0.012151720933616161
n,-0.3293122947216034, 0.8319862484931946, -0.012151720933616161
n,-0.3293122947216034, 0.8319862484931946, -0.012151720933616161
n,0.2398155778646469, -0.8619880676269531, -0.01614016853272915
n,0.2398155778646469, -0.8619880676269531, -0.01614016853272915
n,0.2398155778646469, -0.8619880676269531, -0.01614016853272915
n,-0.18916769325733185, 0.87457674741745, -0.011242417618632317
n,-0.18916769325733185, 0.87457674741745, -0.011242417618632317
n,-0.18916769325733185, 0.87457674741745, -0.011242417618632317
n,0.044127196073532104, 0.2617107033729553, -0.8546084761619568
n,0.044127196073532104, 0.2617107033729553, -0.8546084761619568
n,0.044127196073532104, 0.2617107033729553, -0.8546084761619568
n,0.41348934173583984, -0.7933714389801025, -0.01958795078098774
n,0.41348934173583984, -0.7933714389801025, -0.01958795078098774
n,0.41348934173583984, -0.7933714389801025, -0.01958795078098774
n,0.12232716381549835, -0.15140268206596375, 0.8734464645385742
n,0.12232716381549835, -0.15140268206596375, 0.8734464645385742
n,0.12232716381549835, -0.15140268206596375, 0.8734464645385742
n,0.0653626024723053, 0.8902913928031921, 0.062485743314027786
n,0.0653626024723053, 0.8902913928031921, 0.062485743314027786
n,0.0653626024723053, 0.8902913928031921, 0.062485743314027786
n,0.8715322613716125, -0.1978013813495636, -0.04584422707557678
n,0.8715322613716125, -0.1978013813495636, -0.04584422707557678
n,0.8715322613716125, -0.1978013813495636, -0.04584422707557678
n,0.5862786769866943, 0.31338927149772644, -0.5990492105484009
n,0.5862786769866943, 0.31338927149772644, -0.5990492105484009
n,0.5862786769866943, 0.31338927149772644, -0.5990492105484009
n,0.02972358465194702, -0.47383400797843933, 0.7585468292236328
n,0.02972358465194702, -0.47383400797843933, 0.7585468292236328
n,0.02972358465194702, -0.47383400797843933, 0.7585468292236328
n,-0.2904044985771179, 0.8464400172233582, -2.529288212826941e-05
n,-0.2904044985771179, 0.8464400172233582, -2.529288212826941e-05
n,-0.2904044985771179, 0.8464400172233582, -2.529288212826941e-05
n,-0.6616244912147522, -0.48367005586624146, -0.3593212068080902
n,-0.6616244912147522, -0.48367005586624146, -0.3593212068080902
n,-0.6616244912147522, -0.48367005586624146, -0.3593212068080902
n,0.5060880780220032, 0.3121504783630371, 0.6687543392181396
n,0.5060880780220032, 0.3121504783630371, 0.6687543392181396
n,0.5060880780220032, 0.3121504783630371, 0.6687543392181396
n,-0.7250197529792786, 0.520810067653656, 0.062439605593681335
n,-0.7250197529792786, 0.520810067653656, 0.062439605593681335
n,-0.7250197529792786, 0.520810067653656, 0.062439605593681335
n,-0.2903858423233032, 0.8464464545249939, 0.00010714643576648086
n,-0.2903858423233032, 0.8464464545249939, 0.00010714643576648086
n,-0.2903858423233032, 0.8464464545249939, 0.00010714643576648086
n,-0.29021191596984863, 0.8465060591697693, 2.4435108571196906e-05
n,-0.29021191596984863, 0.8465060591697693, 2.4435108571196906e-05
n,-0.29021191596984863, 0.8465060591697693, 2.4435108571196906e-05
n,-0.876434326171875, -0.15356582403182983, -0.09526683390140533
n,-0.876434326171875, -0.15356582403182983, -0.09526683390140533
n,-0.876434326171875, -0.15356582403182983, -0.09526683390140533
n,0.6239268779754639, -0.11113686859607697, 0.6317905783653259
n,0.6239268779754639, -0.11113686859607697, 0.6317905783653259
n,0.6239268779754639, -0.11113686859607697, 0.6317905783653259
n,-0.2903939187526703, 0.8464435338973999, -5.237898221821524e-06
n,-0.2903939187526703, 0.8464435338973999, -5.237898221821524e-06
n,-0.2903939187526703, 0.8464435338973999, -5.237898221821524e-06
n,0.3028579354286194, -0.824763834476471, -0.16981512308120728
n,0.3028579354286194, -0.824763834476471, -0.16981512308120728
n,0.3028579354286194, -0.824763834476471, -0.16981512308120728
n,-0.8899470567703247, -0.09373396635055542, -0.0018750778399407864
n,-0.8899470567703247, -0.09373396635055542, -0.0018750778399407864
n,-0.8899470567703247, -0.09373396635055542, -0.0018750778399407864
n,-0.7168369889259338, -0.08992576599121094, -0.5280656814575195
n,-0.7168369889259338, -0.08992576599121094, -0.5280656814575195
n,-0.7168369889259338, -0.08992576599121094, -0.5280656814575195
n,-0.2903907597064972, 0.8464447259902954, 3.1709323593531735e-06
n,-0.2903907597064972, 0.8464447259902954, 3.1709323593531735e-06
n,-0.2903907597064972, 0.8464447259902954, 3.1709323593531735e-06
n,0.2903711199760437, -0.8464514017105103, -9.043198588187806e-06
n,0.2903711199760437, -0.8464514017105103, -9.043198588187806e-06
n,0.2903711199760437, -0.8464514017105103, -9.043198588187806e-06
n,-0.2467392534017563, -0.05159981921315193, 0.8586341738700867
n,-0.2467392534017563, -0.05159981921315193, 0.8586341738700867
n,-0.2467392534017563, -0.05159981921315193, 0.8586341738700867
n,-0.2902557849884033, 0.8464909791946411, 8.175770744855981e-07
n,-0.2902557849884033, 0.8464909791946411, 8.175770744855981e-07
n,-0.2902557849884033, 0.8464909791946411, 8.175770744855981e-07
n,0.5309968590736389, -0.10699032247066498, -0.7123136520385742
n,0.5309968590736389, -0.10699032247066498, -0.7123136520385742
n,0.5309968590736389, -0.10699032247066498, -0.7123136520385742
n,0.5883437991142273, 0.275468111038208, -0.6154382824897766
n,0.5883437991142273, 0.275468111038208, -0.6154382824897766
n,0.5883437991142273, 0.275468111038208, -0.6154382824897766
n,0.7039803266525269, 0.14646902680397034, 0.5326855182647705
n,0.7039803266525269, 0.14646902680397034, 0.5326855182647705
n,0.7039803266525269, 0.14646902680397034, 0.5326855182647705
n,-0.20715072751045227, -0.08318782597780228, 0.8665816187858582
n,-0.20715072751045227, -0.08318782597780228, 0.8665816187858582
n,-0.20715072751045227, -0.08318782597780228, 0.8665816187858582
n,-0.03999622166156769, 0.6481831073760986, -0.6156738996505737
n,-0.03999622166156769, 0.6481831073760986, -0.6156738996505737
n,-0.03999622166156769, 0.6481831073760986, -0.6156738996505737
n,0.2903808057308197, -0.8464481830596924, 2.760745701380074e-06
n,0.2903808057308197, -0.8464481830596924, 2.760745701380074e-06
n,0.2903808057308197, -0.8464481830596924, 2.760745701380074e-06
n,-0.2903980016708374, 0.8464422225952148, 3.101712354691699e-05
n,-0.2903980016708374, 0.8464422225952148, 3.101712354691699e-05
n,-0.2903980016708374, 0.8464422225952148, 3.101712354691699e-05
n,0.2567003667354584, 0.22371822595596313, -0.8275569081306458
n,0.2567003667354584, 0.22371822595596313, -0.8275569081306458
n,0.2567003667354584, 0.22371822595596313, -0.8275569081306458
n,0.16506874561309814, 0.7869472503662109, 0.3927617371082306
n,0.16506874561309814, 0.7869472503662109, 0.3927617371082306
n,0.16506874561309814, 0.7869472503662109, 0.3927617371082306
n,0.13970471918582916, -0.24727100133895874, -0.8486077785491943
n,0.13970471918582916, -0.24727100133895874, -0.8486077785491943
n,0.13970471918582916, -0.24727100133895874, -0.8486077785491943
n,0.4189881682395935, 0.7786769270896912, -0.13750137388706207
n,0.4189881682395935, 0.7786769270896912, -0.13750137388706207
n,0.4189881682395935, 0.7786769270896912, -0.13750137388706207
n,-0.621817946434021, -0.5494474172592163, -0.33503055572509766
n,-0.621817946434021, -0.5494474172592163, -0.33503055572509766
n,-0.621817946434021, -0.5494474172592163, -0.33503055572509766
n,-0.8192569613456726, -0.1800762116909027, 0.3117465674877167
n,-0.8192569613456726, -0.1800762116909027, 0.3117465674877167
n,-0.8192569613456726, -0.1800762116909027, 0.3117465674877167
n,-0.7114344835281372, -0.016045212745666504, 0.5425854325294495
n,-0.7114344835281372, -0.016045212745666504, 0.5425854325294495
n,-0.7114344835281372, -0.016045212745666504, 0.5425854325294495
n,-0.6760631203651428, -0.008360415697097778, 0.5862287282943726
n,-0.6760631203651428, -0.008360415697097778, 0.5862287282943726
n,-0.6760631203651428, -0.008360415697097778, 0.5862287282943726
n,-0.6404576301574707, -0.09770868718624115, -0.6173025965690613
n,-0.6404576301574707, -0.09770868718624115, -0.6173025965690613
n,-0.6404576301574707, -0.09770868718624115, -0.6173025965690613
n,-0.22660326957702637, 0.12780822813510895, -0.8562192916870117
n,-0.22660326957702637, 0.12780822813510895, -0.8562192916870117
n,-0.22660326957702637, 0.12780822813510895, -0.8562192916870117
n,0.33483433723449707, -0.1252823770046234, -0.820357084274292
n,0.33483433723449707, -0.1252823770046234, -0.820357084274292
n,0.33483433723449707, -0.1252823770046234, -0.820357084274292
n,0.7139212489128113, 0.393954336643219, 0.3686623275279999
n,0.7139212489128113, 0.393954336643219, 0.3686623275279999
n,0.7139212489128113, 0.393954336643219, 0.3686623275279999
n,-0.2469896674156189, -0.8532834053039551, 0.10816170275211334
n,-0.2469896674156189, -0.8532834053039551, 0.10816170275211334
n,-0.2469896674156189, -0.8532834053039551, 0.10816170275211334
n,0.24033679068088531, -0.2853800654411316, -0.8133829832077026
n,0.24033679068088531, -0.2853800654411316, -0.8133829832077026
n,0.24033679068088531, -0.2853800654411316, -0.8133829832077026
n,-0.7448871731758118, 0.2092512547969818, 0.4496137201786041
n,-0.7448871731758118, 0.2092512547969818, 0.4496137201786041
n,-0.7448871731758118, 0.2092512547969818, 0.4496137201786041
n,0.6597827672958374, -0.35084182024002075, 0.492333322763443
n,0.6597827672958374, -0.35084182024002075, 0.492333322763443
n,0.6597827672958374, -0.35084182024002075, 0.492333322763443
n,-0.5274025201797485, -0.22899076342582703, 0.6857150793075562
n,-0.5274025201797485, -0.22899076342582703, 0.6857150793075562
n,-0.5274025201797485, -0.22899076342582703, 0.6857150793075562
n,0.31726670265197754, 0.24205513298511505, -0.8009660243988037
n,0.31726670265197754, 0.24205513298511505, -0.8009660243988037
n,0.31726670265197754, 0.24205513298511505, -0.8009660243988037
n,-0.5557258129119873, -0.6352325677871704, -0.2973949611186981
n,-0.5557258129119873, -0.6352325677871704, -0.2973949611186981
n,-0.5557258129119873, -0.6352325677871704, -0.2973949611186981
n,-0.6616374850273132, -0.4836503863334656, -0.35932374000549316
n,-0.6616374850273132, -0.4836503863334656, -0.35932374000549316
n,-0.6616374850273132, -0.4836503863334656, -0.35932374000549316
n,0.30384761095046997, -0.6914064288139343, 0.4800303876399994
n,0.30384761095046997, -0.6914064288139343, 0.4800303876399994
n,0.30384761095046997, -0.6914064288139343, 0.4800303876399994
n,-0.8146319389343262, 0.3474823534488678, 0.12816517055034637
n,-0.8146319389343262, 0.3474823534488678, 0.12816517055034637
n,-0.8146319389343262, 0.3474823534488678, 0.12816517055034637
n,0.7633224725723267, -0.4534177780151367, -0.1120113804936409
n,0.7633224725723267, -0.4534177780151367, -0.1120113804936409
n,0.7633224725723267, -0.4534177780151367, -0.1120113804936409
n,0.5862884521484375, 0.31336721777915955, -0.5990510582923889
n,0.5862884521484375, 0.31336721777915955, -0.5990510582923889
n,0.5862884521484375, 0.31336721777915955, -0.5990510582923889
n,-0.29037386178970337, 0.8464505076408386, -3.509096859488636e-05
n,-0.29037386178970337, 0.8464505076408386, -3.509096859488636e-05
n,-0.29037386178970337, 0.8464505076408386, -3.509096859488636e-05
n,-0.2904338836669922, 0.8464298844337463, -6.548323653987609e-06
n,-0.2904338836669922, 0.8464298844337463, -6.548323653987609e-06
n,-0.2904338836669922, 0.8464298844337463, -6.548323653987609e-06
n,-0.2071598470211029, -0.08318234235048294, 0.8665800094604492
n,-0.2071598470211029, -0.08318234235048294, 0.8665800094604492
n,-0.2071598470211029, -0.08318234235048294, 0.8665800094604492
n,-0.2902873754501343, 0.846480131149292, 3.6291679862188175e-05
n,-0.2902873754501343, 0.846480131149292, 3.6291679862188175e-05
n,-0.2902873754501343, 0.846480131149292, 3.6291679862188175e-05
n,-0.6760680079460144, -0.008328884840011597, 0.5862235426902771
n,-0.6760680079460144, -0.008328884840011597, 0.5862235426902771
n,-0.6760680079460144, -0.008328884840011597, 0.5862235426902771
n,0.1327599585056305, -0.8273640275001526, 0.3140684962272644
n,0.1327599585056305, -0.8273640275001526, 0.3140684962272644
n,0.1327599585056305, -0.8273640275001526, 0.3140684962272644
n,-0.226605623960495, 0.12781524658203125, -0.8562175035476685
n,-0.226605623960495, 0.12781524658203125, -0.8562175035476685
n,-0.226605623960495, 0.12781524658203125, -0.8562175035476685
n,0.33483725786209106, -0.12529191374778748, -0.8203544020652771
n,0.33483725786209106, -0.12529191374778748, -0.8203544020652771
n,0.33483725786209106, -0.12529191374778748, -0.8203544020652771
n,0.7139204144477844, 0.39395609498023987, 0.3686620593070984
n,0.7139204144477844, 0.39395609498023987, 0.3686620593070984
n,0.7139204144477844, 0.39395609498023987, 0.3686620593070984
n,0.019365839660167694, -0.05757398158311844, 0.89280766248703
n,0.019365839660167694, -0.05757398158311844, 0.89280766248703
n,0.019365839660167694, -0.05757398158311844, 0.89280766248703
n,-0.5754585266113281, 0.6155522465705872, -0.30122828483581543
n,-0.5754585266113281, 0.6155522465705872, -0.30122828483581543
n,-0.5754585266113281, 0.6155522465705872, -0.30122828483581543
n,-0.0031066536903381348, 0.4983541667461395, -0.743255615234375
n,-0.0031066536903381348, 0.4983541667461395, -0.743255615234375
n,-0.0031066536903381348, 0.4983541667461395, -0.743255615234375
n,0.37098824977874756, 0.2648533582687378, 0.7700752019882202
n,0.37098824977874756, 0.2648533582687378, 0.7700752019882202
n,0.37098824977874756, 0.2648533582687378, 0.7700752019882202
n,0.455810546875, -0.732887327671051, 0.23644967377185822
n,0.455810546875, -0.732887327671051, 0.23644967377185822
n,0.455810546875, -0.732887327671051, 0.23644967377185822
n,0.3373849093914032, -0.5945945382118225, -0.5774288177490234
n,0.3373849093914032, -0.5945945382118225, -0.5774288177490234
n,0.3373849093914032, -0.5945945382118225, -0.5774288177490234
n,0.15026292204856873, 0.7277654409408569, -0.49857187271118164
n,0.15026292204856873, 0.7277654409408569, -0.49857187271118164
n,0.15026292204856873, 0.7277654409408569, -0.49857187271118164
n,-0.4196728467941284, -0.7680347561836243, -0.186528280377388
n,-0.4196728467941284, -0.7680347561836243, -0.186528280377388
n,-0.4196728467941284, -0.7680347561836243, -0.186528280377388
n,0.550800621509552, -0.4340306222438812, 0.5559059381484985
n,0.550800621509552, -0.4340306222438812, 0.5559059381484985
n,0.550800621509552, -0.4340306222438812, 0.5559059381484985
n,-0.01223781704902649, 0.8736523985862732, -0.19333183765411377
n,-0.01223781704902649, 0.8736523985862732, -0.19333183765411377
n,-0.01223781704902649, 0.8736523985862732, -0.19333183765411377
n,-0.8141666650772095, -0.008438557386398315, 0.37129083275794983
n,-0.8141666650772095, -0.008438557386398315, 0.37129083275794983
n,-0.8141666650772095, -0.008438557386398315, 0.37129083275794983
n,-0.8465884923934937, -0.2899704873561859, -0.0007337785791605711
n,-0.8465884923934937, -0.2899704873561859, -0.0007337785791605711
n,-0.8465884923934937, -0.2899704873561859, -0.0007337785791605711
n,-0.8202903866767883, -0.10430517792701721, -0.34211036562919617
n,-0.8202903866767883, -0.10430517792701721, -0.34211036562919617
n,-0.8202903866767883, -0.10430517792701721, -0.34211036562919617
n,-0.33333927392959595, -0.1613941192626953, 0.8146362900733948
n,-0.33333927392959595, -0.1613941192626953, 0.8146362900733948
n,-0.33333927392959595, -0.1613941192626953, 0.8146362900733948
n,-0.5697159767150879, -0.6634862422943115, 0.1897502988576889
n,-0.5697159767150879, -0.6634862422943115, 0.1897502988576889
n,-0.5697159767150879, -0.6634862422943115, 0.1897502988576889
n,-0.10600246489048004, -0.4000222980976105, -0.7934362292289734
n,-0.10600246489048004, -0.4000222980976105, -0.7934362292289734
n,-0.10600246489048004, -0.4000222980976105, -0.7934362292289734
n,-0.02040702849626541, 0.060608506202697754, 0.8925836682319641
n,-0.02040702849626541, 0.060608506202697754, 0.8925836682319641
n,-0.02040702849626541, 0.060608506202697754, 0.8925836682319641
n,-0.060311201959848404, -0.020699065178632736, 0.8925970196723938
n,-0.060311201959848404, -0.020699065178632736, 0.8925970196723938
n,-0.060311201959848404, -0.020699065178632736, 0.8925970196723938
n,0.02064463496208191, -0.06020284816622734, -0.8926056027412415
n,0.02064463496208191, -0.06020284816622734, -0.8926056027412415
n,0.02064463496208191, -0.06020284816622734, -0.8926056027412415
n,0.05716593563556671, 0.019620055332779884, 0.8928283452987671
n,0.05716593563556671, 0.019620055332779884, 0.8928283452987671
n,0.05716593563556671, 0.019620055332779884, 0.8928283452987671
n,-0.060078129172325134, -0.02062389627099037, -0.8926145434379578
n,-0.060078129172325134, -0.02062389627099037, -0.8926145434379578
n,-0.060078129172325134, -0.02062389627099037, -0.8926145434379578
n,0.8459775447845459, 0.2904110550880432, 0.027908464893698692
n,0.8459775447845459, 0.2904110550880432, 0.027908464893698692
n,0.8459775447845459, 0.2904110550880432, 0.027908464893698692
n,-0.02089221403002739, 0.05975557491183281, -0.8926299214363098
n,-0.02089221403002739, 0.05975557491183281, -0.8926299214363098
n,-0.02089221403002739, 0.05975557491183281, -0.8926299214363098
n,0.05695861950516701, 0.019553694874048233, -0.8928430676460266
n,0.05695861950516701, 0.019553694874048233, -0.8928430676460266
n,0.05695861950516701, 0.019553694874048233, -0.8928430676460266
n,-0.8459563255310059, -0.2904137969017029, 0.028518615290522575
n,-0.8459563255310059, -0.2904137969017029, 0.028518615290522575
n,-0.8459563255310059, -0.2904137969017029, 0.028518615290522575
n,0.2906534671783447, -0.8463491797447205, -0.0029892302118241787
n,0.2906534671783447, -0.8463491797447205, -0.0029892302118241787
n,0.2906534671783447, -0.8463491797447205, -0.0029892302118241787
n,-0.2902737855911255, 0.8464818596839905, -0.0022962093353271484
n,-0.2902737855911255, 0.8464818596839905, -0.0022962093353271484
n,-0.2902737855911255, 0.8464818596839905, -0.0022962093353271484
n,0.7579410076141357, 0.45323771238327026, -0.14455610513687134
n,0.7579410076141357, 0.45323771238327026, -0.14455610513687134
n,0.7579410076141357, 0.45323771238327026, -0.14455610513687134
n,0.008143513463437557, -0.004730283748358488, 0.8948221802711487
n,0.008143513463437557, -0.004730283748358488, 0.8948221802711487
n,0.008143513463437557, -0.004730283748358488, 0.8948221802711487
n,0.06146245077252388, 0.13683174550533295, -0.8822101950645447
n,0.06146245077252388, 0.13683174550533295, -0.8822101950645447
n,0.06146245077252388, 0.13683174550533295, -0.8822101950645447
n,0.011488314718008041, -0.03414629027247429, -0.894146203994751
n,0.011488314718008041, -0.03414629027247429, -0.894146203994751
n,0.011488314718008041, -0.03414629027247429, -0.894146203994751
n,-0.024500509724020958, 0.0863259881734848, -0.8903611302375793
n,-0.024500509724020958, 0.0863259881734848, -0.8903611302375793
n,-0.024500509724020958, 0.0863259881734848, -0.8903611302375793
n,0.34032806754112244, -0.6651769876480103, -0.4924549460411072
n,0.34032806754112244, -0.6651769876480103, -0.4924549460411072
n,0.34032806754112244, -0.6651769876480103, -0.4924549460411072
n,-0.018463969230651855, -0.8864604234695435, -0.12100610882043839
n,-0.018463969230651855, -0.8864604234695435, -0.12100610882043839
n,-0.018463969230651855, -0.8864604234695435, -0.12100610882043839
n,-0.5587692260742188, 0.6884270310401917, -0.12099922448396683
n,-0.5587692260742188, 0.6884270310401917, -0.12099922448396683
n,-0.5587692260742188, 0.6884270310401917, -0.12099922448396683
n,-0.8233355283737183, 0.23086395859718323, 0.2638479769229889
n,-0.8233355283737183, 0.23086395859718323, 0.2638479769229889
n,-0.8233355283737183, 0.23086395859718323, 0.2638479769229889
n,0.8765483498573303, 0.107514888048172, -0.14456471800804138
n,0.8765483498573303, 0.107514888048172, -0.14456471800804138
n,0.8765483498573303, 0.107514888048172, -0.14456471800804138
n,-0.5081955194473267, -0.6876885294914246, 0.26385068893432617
n,-0.5081955194473267, -0.6876885294914246, 0.26385068893432617
n,-0.5081955194473267, -0.6876885294914246, 0.26385068893432617
n,-0.6890400052070618, -0.5591955780982971, -0.11541111022233963
n,-0.6890400052070618, -0.5591955780982971, -0.11541111022233963
n,-0.6890400052070618, -0.5591955780982971, -0.11541111022233963
n,0.688579261302948, -0.5088123679161072, 0.26031526923179626
n,0.688579261302948, -0.5088123679161072, 0.26031526923179626
n,0.688579261302948, -0.5088123679161072, 0.26031526923179626
n,-0.10746055841445923, 0.8758458495140076, -0.14880084991455078
n,-0.10746055841445923, 0.8758458495140076, -0.14880084991455078
n,-0.10746055841445923, 0.8758458495140076, -0.14880084991455078
n,0.4528944492340088, -0.757328450679779, -0.1487802416086197
n,0.4528944492340088, -0.757328450679779, -0.1487802416086197
n,0.4528944492340088, -0.757328450679779, -0.1487802416086197
n,-0.8872054219245911, 0.018393725156784058, -0.11542840301990509
n,-0.8872054219245911, 0.018393725156784058, -0.11542840301990509
n,-0.8872054219245911, 0.018393725156784058, -0.11542840301990509
n,0.23121613264083862, 0.8243607878684998, 0.26031485199928284
n,0.23121613264083862, 0.8243607878684998, 0.26031485199928284
n,0.23121613264083862, 0.8243607878684998, 0.26031485199928284
n,0.21562880277633667, -0.6160408854484558, 0.6122037172317505
n,0.21562880277633667, -0.6160408854484558, 0.6122037172317505
n,0.21562880277633667, -0.6160408854484558, 0.6122037172317505
n,0.6170029044151306, 0.19868579506874084, 0.6169495582580566
n,0.6170029044151306, 0.19868579506874084, 0.6169495582580566
n,0.6170029044151306, 0.19868579506874084, 0.6169495582580566
n,-0.6229889392852783, -0.21372973918914795, 0.6058051586151123
n,-0.6229889392852783, -0.21372973918914795, 0.6058051586151123
n,-0.6229889392852783, -0.21372973918914795, 0.6058051586151123
n,-0.029632769525051117, -0.08557058870792389, -0.8902779817581177
n,-0.029632769525051117, -0.08557058870792389, -0.8902779817581177
n,-0.029632769525051117, -0.08557058870792389, -0.8902779817581177
n,-0.622649610042572, -0.21311867237091064, -0.6063689589500427
n,-0.622649610042572, -0.21311867237091064, -0.6063689589500427
n,-0.622649610042572, -0.21311867237091064, -0.6063689589500427
n,-0.2054075002670288, 0.6046609282493591, -0.626887857913971
n,-0.2054075002670288, 0.6046609282493591, -0.626887857913971
n,-0.2054075002670288, 0.6046609282493591, -0.626887857913971
n,0.19037438929080963, -0.5359351634979248, -0.6908882260322571
n,0.19037438929080963, -0.5359351634979248, -0.6908882260322571
n,0.19037438929080963, -0.5359351634979248, -0.6908882260322571
n,-0.1825893372297287, 0.5189467072486877, -0.7057979702949524
n,-0.1825893372297287, 0.5189467072486877, -0.7057979702949524
n,-0.1825893372297287, 0.5189467072486877, -0.7057979702949524
n,0.15873543918132782, -0.4603380262851715, -0.7507911920547485
n,0.15873543918132782, -0.4603380262851715, -0.7507911920547485
n,0.15873543918132782, -0.4603380262851715, -0.7507911920547485
n,-0.8020703792572021, -0.32058316469192505, -0.23389102518558502
n,-0.8020703792572021, -0.32058316469192505, -0.23389102518558502
n,-0.8020703792572021, -0.32058316469192505, -0.23389102518558502
n,0.3002702295780182, -0.814135730266571, -0.21866917610168457
n,0.3002702295780182, -0.814135730266571, -0.21866917610168457
n,0.3002702295780182, -0.814135730266571, -0.21866917610168457
n,0.23765616118907928, 0.6068953275680542, 0.6131826639175415
n,0.23765616118907928, 0.6068953275680542, 0.6131826639175415
n,0.23765616118907928, 0.6068953275680542, 0.6131826639175415
n,0.32058465480804443, -0.8020745515823364, -0.2338746190071106
n,0.32058465480804443, -0.8020745515823364, -0.2338746190071106
n,0.32058465480804443, -0.8020745515823364, -0.2338746190071106
n,0.8141361474990845, 0.3002704083919525, -0.21866750717163086
n,0.8141361474990845, 0.3002704083919525, -0.21866750717163086
n,0.8141361474990845, 0.3002704083919525, -0.21866750717163086
n,-0.6068998575210571, 0.23765796422958374, 0.6131775379180908
n,-0.6068998575210571, 0.23765796422958374, 0.6131775379180908
n,-0.6068998575210571, 0.23765796422958374, 0.6131775379180908
n,0.8020710945129395, 0.32058173418045044, -0.23389068245887756
n,0.8020710945129395, 0.32058173418045044, -0.23389068245887756
n,0.8020710945129395, 0.32058173418045044, -0.23389068245887756
n,-0.3002702295780182, 0.814135730266571, -0.21866917610168457
n,-0.3002702295780182, 0.814135730266571, -0.21866917610168457
n,-0.3002702295780182, 0.814135730266571, -0.21866917610168457
n,-0.2376500815153122, -0.6069005131721497, 0.6131799817085266
n,-0.2376500815153122, -0.6069005131721497, 0.6131799817085266
n,-0.2376500815153122, -0.6069005131721497, 0.6131799817085266
n,-0.32058173418045044, 0.8020710945129395, -0.23389068245887756
n,-0.32058173418045044, 0.8020710945129395, -0.23389068245887756
n,-0.32058173418045044, 0.8020710945129395, -0.23389068245887756
n,-0.814135730266571, -0.3002702295780182, -0.21866917610168457
n,-0.814135730266571, -0.3002702295780182, -0.21866917610168457
n,-0.814135730266571, -0.3002702295780182, -0.21866917610168457
n,0.6069005131721497, -0.2376500815153122, 0.6131799817085266
n,0.6069005131721497, -0.2376500815153122, 0.6131799817085266
n,0.6069005131721497, -0.2376500815153122, 0.6131799817085266
n,0.30565527081489563, -0.6667634844779968, 0.5126370191574097
n,0.30565527081489563, -0.6667634844779968, 0.5126370191574097
n,0.30565527081489563, -0.6667634844779968, 0.5126370191574097
n,-0.25641804933547974, 0.8032495975494385, -0.2997252941131592
n,-0.25641804933547974, 0.8032495975494385, -0.2997252941131592
n,-0.25641804933547974, 0.8032495975494385, -0.2997252941131592
n,0.44207870960235596, -0.3854522407054901, -0.6758611798286438
n,0.44207870960235596, -0.3854522407054901, -0.6758611798286438
n,0.44207870960235596, -0.3854522407054901, -0.6758611798286438
n,0.1269107162952423, 0.7063952088356018, 0.5345044136047363
n,0.1269107162952423, 0.7063952088356018, 0.5345044136047363
n,0.1269107162952423, 0.7063952088356018, 0.5345044136047363
n,-0.8132185339927673, -0.002194702625274658, -0.373451828956604
n,-0.8132185339927673, -0.002194702625274658, -0.373451828956604
n,-0.8132185339927673, -0.002194702625274658, -0.373451828956604
n,0.2306402176618576, -0.725831151008606, -0.46986138820648193
n,0.2306402176618576, -0.725831151008606, -0.46986138820648193
n,0.2306402176618576, -0.725831151008606, -0.46986138820648193
n,0.02224230207502842, 0.0241045281291008, -0.8942704200744629
n,0.02224230207502842, 0.0241045281291008, -0.8942704200744629
n,0.02224230207502842, 0.0241045281291008, -0.8942704200744629
n,0.42341193556785583, 0.5566561818122864, 0.5582576394081116
n,0.42341193556785583, 0.5566561818122864, 0.5582576394081116
n,0.42341193556785583, 0.5566561818122864, 0.5582576394081116
n,-0.5774632692337036, 0.6370114684104919, 0.2480887472629547
n,-0.5774632692337036, 0.6370114684104919, 0.2480887472629547
n,-0.5774632692337036, 0.6370114684104919, 0.2480887472629547
n,-0.13507631421089172, -0.25268304347991943, 0.8477624654769897
n,-0.13507631421089172, -0.25268304347991943, 0.8477624654769897
n,-0.13507631421089172, -0.25268304347991943, 0.8477624654769897
n,-0.8660716414451599, -0.1140986979007721, 0.19415657222270966
n,-0.8660716414451599, -0.1140986979007721, 0.19415657222270966
n,-0.8660716414451599, -0.1140986979007721, 0.19415657222270966
n,-0.41869309544563293, -0.6745043396949768, 0.4129592478275299
n,-0.41869309544563293, -0.6745043396949768, 0.4129592478275299
n,-0.41869309544563293, -0.6745043396949768, 0.4129592478275299
n,0.5301113128662109, -0.38502198457717896, 0.6095370650291443
n,0.5301113128662109, -0.38502198457717896, 0.6095370650291443
n,0.5301113128662109, -0.38502198457717896, 0.6095370650291443
n,0.10169219970703125, 0.1830119639635086, -0.8700348734855652
n,0.10169219970703125, 0.1830119639635086, -0.8700348734855652
n,0.10169219970703125, 0.1830119639635086, -0.8700348734855652
n,-0.7782536745071411, 0.42966413497924805, 0.10249616950750351
n,-0.7782536745071411, 0.42966413497924805, 0.10249616950750351
n,-0.7782536745071411, 0.42966413497924805, 0.10249616950750351
n,-0.39505085349082947, -0.7627795934677124, 0.2507938742637634
n,-0.39505085349082947, -0.7627795934677124, 0.2507938742637634
n,-0.39505085349082947, -0.7627795934677124, 0.2507938742637634
n,0.05565094202756882, -0.011655658483505249, -0.8930635452270508
n,0.05565094202756882, -0.011655658483505249, -0.8930635452270508
n,0.05565094202756882, -0.011655658483505249, -0.8930635452270508
n,0.06626357138156891, -0.0029024742543697357, -0.8924102187156677
n,0.06626357138156891, -0.0029024742543697357, -0.8924102187156677
n,0.06626357138156891, -0.0029024742543697357, -0.8924102187156677
n,-0.3721155524253845, -0.1265491098165512, 0.8039345741271973
n,-0.3721155524253845, -0.1265491098165512, 0.8039345741271973
n,-0.3721155524253845, -0.1265491098165512, 0.8039345741271973
n,-0.23963183164596558, 0.04815411567687988, -0.8608444333076477
n,-0.23963183164596558, 0.04815411567687988, -0.8608444333076477
n,-0.23963183164596558, 0.04815411567687988, -0.8608444333076477
n,0.5462092161178589, 0.6657033562660217, 0.24349504709243774
n,0.5462092161178589, 0.6657033562660217, 0.24349504709243774
n,0.5462092161178589, 0.6657033562660217, 0.24349504709243774
n,0.5208958387374878, 0.6724027991294861, 0.278096079826355
n,0.5208958387374878, 0.6724027991294861, 0.278096079826355
n,0.5208958387374878, 0.6724027991294861, 0.278096079826355
n,-0.006999730132520199, 0.023721843957901, -0.8945298790931702
n,-0.006999730132520199, 0.023721843957901, -0.8945298790931702
n,-0.006999730132520199, 0.023721843957901, -0.8945298790931702
n,-0.029845308512449265, -0.0947340875864029, -0.8893425464630127
n,-0.029845308512449265, -0.0947340875864029, -0.8893425464630127
n,-0.029845308512449265, -0.0947340875864029, -0.8893425464630127
n,-0.3916417360305786, 0.7928003668785095, -0.13740353286266327
n,-0.3916417360305786, 0.7928003668785095, -0.13740353286266327
n,-0.3916417360305786, 0.7928003668785095, -0.13740353286266327
n,0.49454790353775024, -0.5878673791885376, 0.4589442312717438
n,0.49454790353775024, -0.5878673791885376, 0.4589442312717438
n,0.49454790353775024, -0.5878673791885376, 0.4589442312717438
n,-0.4038650691509247, -0.7969010472297668, -0.05135389417409897
n,-0.4038650691509247, -0.7969010472297668, -0.05135389417409897
n,-0.4038650691509247, -0.7969010472297668, -0.05135389417409897
n,-0.15554067492485046, -0.8805996179580688, -0.03386684134602547
n,-0.15554067492485046, -0.8805996179580688, -0.03386684134602547
n,-0.15554067492485046, -0.8805996179580688, -0.03386684134602547
n,0.13023723661899567, -0.18132933974266052, 0.8665756583213806
n,0.13023723661899567, -0.18132933974266052, 0.8665756583213806
n,0.13023723661899567, -0.18132933974266052, 0.8665756583213806
n,0.05290868878364563, -0.04699235409498215, -0.8920693397521973
n,0.05290868878364563, -0.04699235409498215, -0.8920693397521973
n,0.05290868878364563, -0.04699235409498215, -0.8920693397521973
n,-0.02159729413688183, -0.023411057889461517, -0.8943047523498535
n,-0.02159729413688183, -0.023411057889461517, -0.8943047523498535
n,-0.02159729413688183, -0.023411057889461517, -0.8943047523498535
n,0.009316008538007736, -0.03216450288891792, -0.8942449688911438
n,0.009316008538007736, -0.03216450288891792, -0.8942449688911438
n,0.009316008538007736, -0.03216450288891792, -0.8942449688911438
n,0.8082456588745117, 0.13925093412399292, -0.3579714894294739
n,0.8082456588745117, 0.13925093412399292, -0.3579714894294739
n,0.8082456588745117, 0.13925093412399292, -0.3579714894294739
n,0.7636814713478088, 0.08100798726081848, 0.4593732953071594
n,0.7636814713478088, 0.08100798726081848, 0.4593732953071594
n,0.7636814713478088, 0.08100798726081848, 0.4593732953071594
n,-0.41346922516822815, -0.7935570478439331, -0.010287626646459103
n,-0.41346922516822815, -0.7935570478439331, -0.010287626646459103
n,-0.41346922516822815, -0.7935570478439331, -0.010287626646459103
n,-0.3405599892139435, 0.7405639290809631, 0.36929580569267273
n,-0.3405599892139435, 0.7405639290809631, 0.36929580569267273
n,-0.3405599892139435, 0.7405639290809631, 0.36929580569267273
n,0.21790291368961334, 0.6980674266815186, 0.5157670378684998
n,0.21790291368961334, 0.6980674266815186, 0.5157670378684998
n,0.21790291368961334, 0.6980674266815186, 0.5157670378684998
n,-0.8527997136116028, -0.25120434165000916, 0.10210011899471283
n,-0.8527997136116028, -0.25120434165000916, 0.10210011899471283
n,-0.8527997136116028, -0.25120434165000916, 0.10210011899471283
n,-0.779018223285675, 0.37823474407196045, 0.22553159296512604
n,-0.779018223285675, 0.37823474407196045, 0.22553159296512604
n,-0.779018223285675, 0.37823474407196045, 0.22553159296512604
n,-0.4661715626716614, -0.44269829988479614, 0.6224931478500366
n,-0.4661715626716614, -0.44269829988479614, 0.6224931478500366
n,-0.4661715626716614, -0.44269829988479614, 0.6224931478500366
n,0.5315930843353271, -0.6123809218406677, 0.37840959429740906
n,0.5315930843353271, -0.6123809218406677, 0.37840959429740906
n,0.5315930843353271, -0.6123809218406677, 0.37840959429740906
n,8.308887481689453e-05, 0.8317607045173645, 0.33010542392730713
n,8.308887481689453e-05, 0.8317607045173645, 0.33010542392730713
n,8.308887481689453e-05, 0.8317607045173645, 0.33010542392730713
n,-0.5315307974815369, 0.6124401688575745, 0.37840139865875244
n,-0.5315307974815369, 0.6124401688575745, 0.37840139865875244
n,-0.5315307974815369, 0.6124401688575745, 0.37840139865875244
n,-0.6170649528503418, -0.5224668383598328, 0.383477121591568
n,-0.6170649528503418, -0.5224668383598328, 0.383477121591568
n,-0.6170649528503418, -0.5224668383598328, 0.383477121591568
n,0.515923023223877, 0.7289000749588013, 0.05764935538172722
n,0.515923023223877, 0.7289000749588013, 0.05764935538172722
n,0.515923023223877, 0.7289000749588013, 0.05764935538172722
n,0.8037579655647278, -0.39340370893478394, -0.0014920372050255537
n,0.8037579655647278, -0.39340370893478394, -0.0014920372050255537
n,0.8037579655647278, -0.39340370893478394, -0.0014920372050255537
n,-0.7708135843276978, -0.045543015003204346, -0.4522915780544281
n,-0.7708135843276978, -0.045543015003204346, -0.4522915780544281
n,-0.7708135843276978, -0.045543015003204346, -0.4522915780544281
n,0.804516077041626, -0.39137235283851624, -0.01941685937345028
n,0.804516077041626, -0.39137235283851624, -0.01941685937345028
n,0.804516077041626, -0.39137235283851624, -0.01941685937345028
n,-0.08691030740737915, -0.04124896973371506, 0.8896856904029846
n,-0.08691030740737915, -0.04124896973371506, 0.8896856904029846
n,-0.08691030740737915, -0.04124896973371506, 0.8896856904029846
n,-0.11739024519920349, 0.8841739892959595, -0.0724654346704483
n,-0.11739024519920349, 0.8841739892959595, -0.0724654346704483
n,-0.11739024519920349, 0.8841739892959595, -0.0724654346704483
n,0.7995667457580566, -0.39181315898895264, -0.08928018063306808
n,0.7995667457580566, -0.39181315898895264, -0.08928018063306808
n,0.7995667457580566, -0.39181315898895264, -0.08928018063306808
n,0.4404633641242981, 0.3819481134414673, 0.6788984537124634
n,0.4404633641242981, 0.3819481134414673, 0.6788984537124634
n,0.4404633641242981, 0.3819481134414673, 0.6788984537124634
n,-0.7078320980072021, 0.5474703311920166, 0.006735240574926138
n,-0.7078320980072021, 0.5474703311920166, 0.006735240574926138
n,-0.7078320980072021, 0.5474703311920166, 0.006735240574926138
n,-0.4712742567062378, 0.23883973062038422, 0.7222545742988586
n,-0.4712742567062378, 0.23883973062038422, 0.7222545742988586
n,-0.4712742567062378, 0.23883973062038422, 0.7222545742988586
n,-0.43795979022979736, -0.38062623143196106, -0.6812564730644226
n,-0.43795979022979736, -0.38062623143196106, -0.6812564730644226
n,-0.43795979022979736, -0.38062623143196106, -0.6812564730644226
n,0.7989468574523926, -0.38717401027679443, -0.11214127391576767
n,0.7989468574523926, -0.38717401027679443, -0.11214127391576767
n,0.7989468574523926, -0.38717401027679443, -0.11214127391576767
n,-0.4617815315723419, -0.3665198087692261, -0.6732134819030762
n,-0.4617815315723419, -0.3665198087692261, -0.6732134819030762
n,-0.4617815315723419, -0.3665198087692261, -0.6732134819030762
n,-0.7037899494171143, 0.5522749423980713, 0.02162216417491436
n,-0.7037899494171143, 0.5522749423980713, 0.02162216417491436
n,-0.7037899494171143, 0.5522749423980713, 0.02162216417491436
n,0.39227503538131714, 0.8042988181114197, -0.004375436343252659
n,0.39227503538131714, 0.8042988181114197, -0.004375436343252659
n,0.39227503538131714, 0.8042988181114197, -0.004375436343252659
n,0.13092976808547974, -0.8630218505859375, 0.19709418714046478
n,0.13092976808547974, -0.8630218505859375, 0.19709418714046478
n,0.13092976808547974, -0.8630218505859375, 0.19709418714046478
n,0.8145363330841064, 0.025630921125411987, -0.36968764662742615
n,0.8145363330841064, 0.025630921125411987, -0.36968764662742615
n,0.8145363330841064, 0.025630921125411987, -0.36968764662742615
n,0.5207557678222656, -0.005714207887649536, -0.727719783782959
n,0.5207557678222656, -0.005714207887649536, -0.727719783782959
n,0.5207557678222656, -0.005714207887649536, -0.727719783782959
n,0.3932374119758606, 0.8038406372070312, 0.0001667383621679619
n,0.3932374119758606, 0.8038406372070312, 0.0001667383621679619
n,0.3932374119758606, 0.8038406372070312, 0.0001667383621679619
n,0.21096552908420563, -0.7828532457351685, 0.3787212669849396
n,0.21096552908420563, -0.7828532457351685, 0.3787212669849396
n,0.21096552908420563, -0.7828532457351685, 0.3787212669849396
n,-0.4313361346721649, 0.7827231287956238, 0.045706503093242645
n,-0.4313361346721649, 0.7827231287956238, 0.045706503093242645
n,-0.4313361346721649, 0.7827231287956238, 0.045706503093242645
n,-0.6348251700401306, -0.21949049830436707, 0.5912836790084839
n,-0.6348251700401306, -0.21949049830436707, 0.5912836790084839
n,-0.6348251700401306, -0.21949049830436707, 0.5912836790084839
n,-0.691554844379425, -0.5364547967910767, -0.18645013868808746
n,-0.691554844379425, -0.5364547967910767, -0.18645013868808746
n,-0.691554844379425, -0.5364547967910767, -0.18645013868808746
n,-0.8036060333251953, 0.39371415972709656, 0.0014197910204529762
n,-0.8036060333251953, 0.39371415972709656, 0.0014197910204529762
n,-0.8036060333251953, 0.39371415972709656, 0.0014197910204529762
n,0.6554235816001892, 0.17674265801906586, -0.5830758213996887
n,0.6554235816001892, 0.17674265801906586, -0.5830758213996887
n,0.6554235816001892, 0.17674265801906586, -0.5830758213996887
n,-0.8045732975006104, 0.39116621017456055, -0.02112453430891037
n,-0.8045732975006104, 0.39116621017456055, -0.02112453430891037
n,-0.8045732975006104, 0.39116621017456055, -0.02112453430891037
n,-0.22610217332839966, 0.18384398519992828, 0.8460937738418579
n,-0.22610217332839966, 0.18384398519992828, 0.8460937738418579
n,-0.22610217332839966, 0.18384398519992828, 0.8460937738418579
n,0.5084953308105469, 0.6809088587760925, 0.2803410589694977
n,0.5084953308105469, 0.6809088587760925, 0.2803410589694977
n,0.5084953308105469, 0.6809088587760925, 0.2803410589694977
n,-0.8054945468902588, 0.38983839750289917, -0.00012975052231922746
n,-0.8054945468902588, 0.38983839750289917, -0.00012975052231922746
n,-0.8054945468902588, 0.38983839750289917, -0.00012975052231922746
n,-0.11584752798080444, -0.5400421619415283, 0.7040804624557495
n,-0.11584752798080444, -0.5400421619415283, 0.7040804624557495
n,-0.11584752798080444, -0.5400421619415283, 0.7040804624557495
n,-0.6402069926261902, -0.233050137758255, 0.5801878571510315
n,-0.6402069926261902, -0.233050137758255, 0.5801878571510315
n,-0.6402069926261902, -0.233050137758255, 0.5801878571510315
n,0.4080556631088257, 0.3764581084251404, -0.7018299102783203
n,0.4080556631088257, 0.3764581084251404, -0.7018299102783203
n,0.4080556631088257, 0.3764581084251404, -0.7018299102783203
n,-0.18977831304073334, 0.646821916103363, -0.5885584354400635
n,-0.18977831304073334, 0.646821916103363, -0.5885584354400635
n,-0.18977831304073334, 0.646821916103363, -0.5885584354400635
n,0.6483290791511536, -0.5973188877105713, -0.15386684238910675
n,0.6483290791511536, -0.5973188877105713, -0.15386684238910675
n,0.6483290791511536, -0.5973188877105713, -0.15386684238910675
n,0.17802658677101135, -0.875847339630127, 0.044647328555583954
n,0.17802658677101135, -0.875847339630127, 0.044647328555583954
n,0.17802658677101135, -0.875847339630127, 0.044647328555583954
n,-0.742962658405304, 0.2734330892562866, -0.41717642545700073
n,-0.742962658405304, 0.2734330892562866, -0.41717642545700073
n,-0.742962658405304, 0.2734330892562866, -0.41717642545700073
n,-0.7467380166053772, -0.19312652945518494, 0.4537399411201477
n,-0.7467380166053772, -0.19312652945518494, 0.4537399411201477
n,-0.7467380166053772, -0.19312652945518494, 0.4537399411201477
n,0.3844625651836395, -0.4084978699684143, 0.6972183585166931
n,0.3844625651836395, -0.4084978699684143, 0.6972183585166931
n,0.3844625651836395, -0.4084978699684143, 0.6972183585166931
n,-0.7190845012664795, 0.1460246741771698, -0.512239933013916
n,-0.7190845012664795, 0.1460246741771698, -0.512239933013916
n,-0.7190845012664795, 0.1460246741771698, -0.512239933013916
n,-0.36776354908943176, 0.40827614068984985, -0.7062973976135254
n,-0.36776354908943176, 0.40827614068984985, -0.7062973976135254
n,-0.36776354908943176, 0.40827614068984985, -0.7062973976135254
n,0.0, 0.0, -0.894871711730957
n,0.0, 0.0, -0.894871711730957
n,0.0, 0.0, -0.894871711730957
n,0.8581924438476562, -0.25012820959091187, 0.04167616367340088
n,0.8581924438476562, -0.25012820959091187, 0.04167616367340088
n,0.8581924438476562, -0.25012820959091187, 0.04167616367340088
n,0.3929980993270874, 0.8039560914039612, -0.0015980968018993735
n,0.3929980993270874, 0.8039560914039612, -0.0015980968018993735
n,0.3929980993270874, 0.8039560914039612, -0.0015980968018993735
n,0.3941206932067871, 0.8032582402229309, -0.015508830547332764
n,0.3941206932067871, 0.8032582402229309, -0.015508830547332764
n,0.3941206932067871, 0.8032582402229309, -0.015508830547332764
n,0.3953491449356079, 0.8028042316436768, 0.00016347809287253767
n,0.3953491449356079, 0.8028042316436768, 0.00016347809287253767
n,0.3953491449356079, 0.8028042316436768, 0.00016347809287253767
n,0.8782596588134766, 0.1653510481119156, 0.04598284512758255
n,0.8782596588134766, 0.1653510481119156, 0.04598284512758255
n,0.8782596588134766, 0.1653510481119156, 0.04598284512758255
n,0.2835601270198822, -0.8265683054924011, -0.19280540943145752
n,0.2835601270198822, -0.8265683054924011, -0.19280540943145752
n,0.2835601270198822, -0.8265683054924011, -0.19280540943145752
n,-0.28166019916534424, 0.827538013458252, 0.19142596423625946
n,-0.28166019916534424, 0.827538013458252, 0.19142596423625946
n,-0.28166019916534424, 0.827538013458252, 0.19142596423625946
n,0.8284547924995422, 0.27984941005706787, -0.19011159241199493
n,0.8284547924995422, 0.27984941005706787, -0.19011159241199493
n,0.8284547924995422, 0.27984941005706787, -0.19011159241199493
n,0.06257032603025436, -0.18239066004753113, 0.8738500475883484
n,0.06257032603025436, -0.18239066004753113, 0.8738500475883484
n,0.06257032603025436, -0.18239066004753113, 0.8738500475883484
n,-0.28356030583381653, 0.8265687823295593, -0.192803293466568
n,-0.28356030583381653, 0.8265687823295593, -0.192803293466568
n,-0.28356030583381653, 0.8265687823295593, -0.192803293466568
n,-0.18228451907634735, -0.06253393739461899, -0.8738749027252197
n,-0.18228451907634735, -0.06253393739461899, -0.8738749027252197
n,-0.18228451907634735, -0.06253393739461899, -0.8738749027252197
n,0.28166037797927856, -0.8275384306907654, 0.19142384827136993
n,0.28166037797927856, -0.8275384306907654, 0.19142384827136993
n,0.28166037797927856, -0.8275384306907654, 0.19142384827136993
n,-0.8266413807868958, -0.2834174633026123, -0.1927020400762558
n,-0.8266413807868958, -0.2834174633026123, -0.1927020400762558
n,-0.8266413807868958, -0.2834174633026123, -0.1927020400762558
n,-0.06257032603025436, 0.18239066004753113, 0.8738500475883484
n,-0.06257032603025436, 0.18239066004753113, 0.8738500475883484
n,-0.06257032603025436, 0.18239066004753113, 0.8738500475883484
n,0.036066293716430664, -0.8941388130187988, 0.003222293686121702
n,0.036066293716430664, -0.8941388130187988, 0.003222293686121702
n,0.036066293716430664, -0.8941388130187988, 0.003222293686121702
n,0.38666653633117676, 0.7865663170814514, -0.18054898083209991
n,0.38666653633117676, 0.7865663170814514, -0.18054898083209991
n,0.38666653633117676, 0.7865663170814514, -0.18054898083209991
n,0.453736275434494, -0.7490667104721069, -0.18389636278152466
n,0.453736275434494, -0.7490667104721069, -0.18389636278152466
n,0.453736275434494, -0.7490667104721069, -0.18389636278152466
n,-0.8742536306381226, 0.08403995633125305, -0.17150332033634186
n,-0.8742536306381226, 0.08403995633125305, -0.17150332033634186
n,-0.8742536306381226, 0.08403995633125305, -0.17150332033634186
n,-0.2041773498058319, 0.8278914093971252, 0.27148279547691345
n,-0.2041773498058319, 0.8278914093971252, 0.27148279547691345
n,-0.2041773498058319, 0.8278914093971252, 0.27148279547691345
n,0.31339743733406067, -0.8369291424751282, -0.04612167179584503
n,0.31339743733406067, -0.8369291424751282, -0.04612167179584503
n,0.31339743733406067, -0.8369291424751282, -0.04612167179584503
n,0.05605975538492203, -0.1750236451625824, 0.8757964968681335
n,0.05605975538492203, -0.1750236451625824, 0.8757964968681335
n,0.05605975538492203, -0.1750236451625824, 0.8757964968681335
n,0.856074333190918, -0.21666449308395386, 0.14487460255622864
n,0.856074333190918, -0.21666449308395386, 0.14487460255622864
n,0.856074333190918, -0.21666449308395386, 0.14487460255622864
n,-0.729640007019043, -0.5180495381355286, 0.006753520108759403
n,-0.729640007019043, -0.5180495381355286, 0.006753520108759403
n,-0.729640007019043, -0.5180495381355286, 0.006753520108759403
n,-0.8150814175605774, -0.0978550910949707, 0.35617703199386597
n,-0.8150814175605774, -0.0978550910949707, 0.35617703199386597
n,-0.8150814175605774, -0.0978550910949707, 0.35617703199386597
n,-0.8433400988578796, 0.04519668221473694, 0.2958550751209259
n,-0.8433400988578796, 0.04519668221473694, 0.2958550751209259
n,-0.8433400988578796, 0.04519668221473694, 0.2958550751209259
n,-0.644751787185669, 0.47820425033569336, 0.3954886496067047
n,-0.644751787185669, 0.47820425033569336, 0.3954886496067047
n,-0.644751787185669, 0.47820425033569336, 0.3954886496067047
n,-0.3146478533744812, 0.8343737125396729, 0.07491813600063324
n,-0.3146478533744812, 0.8343737125396729, 0.07491813600063324
n,-0.3146478533744812, 0.8343737125396729, 0.07491813600063324
n,0.726582407951355, 0.5076540112495422, -0.12312932312488556
n,0.726582407951355, 0.5076540112495422, -0.12312932312488556
n,0.726582407951355, 0.5076540112495422, -0.12312932312488556
n,0.7107406854629517, 0.14986439049243927, 0.5226698517799377
n,0.7107406854629517, 0.14986439049243927, 0.5226698517799377
n,0.7107406854629517, 0.14986439049243927, 0.5226698517799377
n,0.29492589831352234, -0.8240807056427002, -0.1862931102514267
n,0.29492589831352234, -0.8240807056427002, -0.1862931102514267
n,0.29492589831352234, -0.8240807056427002, -0.1862931102514267
n,-0.13830876350402832, -0.7095547318458557, 0.5274450182914734
n,-0.13830876350402832, -0.7095547318458557, 0.5274450182914734
n,-0.13830876350402832, -0.7095547318458557, 0.5274450182914734
n,-0.22472231090068817, 0.8601597547531128, 0.10208159685134888
n,-0.22472231090068817, 0.8601597547531128, 0.10208159685134888
n,-0.22472231090068817, 0.8601597547531128, 0.10208159685134888
n,0.3797326385974884, 0.7657185792922974, 0.2650917172431946
n,0.3797326385974884, 0.7657185792922974, 0.2650917172431946
n,0.3797326385974884, 0.7657185792922974, 0.2650917172431946
n,0.6125532388687134, -0.6474946737289429, -0.07952761650085449
n,0.6125532388687134, -0.6474946737289429, -0.07952761650085449
n,0.6125532388687134, -0.6474946737289429, -0.07952761650085449
n,0.8713397979736328, 0.2031714767217636, -0.01684185490012169
n,0.8713397979736328, 0.2031714767217636, -0.01684185490012169
n,0.8713397979736328, 0.2031714767217636, -0.01684185490012169
n,-0.044315844774246216, 0.6694663763046265, -0.5921540260314941
n,-0.044315844774246216, 0.6694663763046265, -0.5921540260314941
n,-0.044315844774246216, 0.6694663763046265, -0.5921540260314941
n,0.797231912612915, -0.3534926772117615, 0.20064789056777954
n,0.797231912612915, -0.3534926772117615, 0.20064789056777954
n,0.797231912612915, -0.3534926772117615, 0.20064789056777954
n,0.8539870977401733, 0.24540968239307404, -0.10618643462657928
n,0.8539870977401733, 0.24540968239307404, -0.10618643462657928
n,0.8539870977401733, 0.24540968239307404, -0.10618643462657928
n,0.07880708575248718, 0.7381705045700073, 0.49968913197517395
n,0.07880708575248718, 0.7381705045700073, 0.49968913197517395
n,0.07880708575248718, 0.7381705045700073, 0.49968913197517395
n,-0.6600173711776733, 0.3987618684768677, 0.4540500342845917
n,-0.6600173711776733, 0.3987618684768677, 0.4540500342845917
n,-0.6600173711776733, 0.3987618684768677, 0.4540500342845917
n,0.33512067794799805, -0.8270341753959656, -0.06711243093013763
n,0.33512067794799805, -0.8270341753959656, -0.06711243093013763
n,0.33512067794799805, -0.8270341753959656, -0.06711243093013763
n,-0.7192240953445435, -0.49874258041381836, 0.18646174669265747
n,-0.7192240953445435, -0.49874258041381836, 0.18646174669265747
n,-0.7192240953445435, -0.49874258041381836, 0.18646174669265747
n,0.2476910948753357, -0.8593528866767883, 0.030938109382987022
n,0.2476910948753357, -0.8593528866767883, 0.030938109382987022
n,0.2476910948753357, -0.8593528866767883, 0.030938109382987022
n,0.5780459046363831, -0.2620345950126648, -0.6308695077896118
n,0.5780459046363831, -0.2620345950126648, -0.6308695077896118
n,0.5780459046363831, -0.2620345950126648, -0.6308695077896118
n,-0.17686447501182556, 0.6097739934921265, -0.6306267380714417
n,-0.17686447501182556, 0.6097739934921265, -0.6306267380714417
n,-0.17686447501182556, 0.6097739934921265, -0.6306267380714417
n,-0.09657637774944305, 0.3679720163345337, 0.8099783658981323
n,-0.09657637774944305, 0.3679720163345337, 0.8099783658981323
n,-0.09657637774944305, 0.3679720163345337, 0.8099783658981323
n,-0.08059382438659668, 0.22297517955303192, -0.862891674041748
n,-0.08059382438659668, 0.22297517955303192, -0.862891674041748
n,-0.08059382438659668, 0.22297517955303192, -0.862891674041748
n,0.038295384496450424, 0.06256519258022308, 0.8918601274490356
n,0.038295384496450424, 0.06256519258022308, 0.8918601274490356
n,0.038295384496450424, 0.06256519258022308, 0.8918601274490356
n,0.2794031500816345, -0.8461205363273621, 0.08251854032278061
n,0.2794031500816345, -0.8461205363273621, 0.08251854032278061
n,0.2794031500816345, -0.8461205363273621, 0.08251854032278061
n,-0.3846096694469452, 0.7856606841087341, 0.1887010931968689
n,-0.3846096694469452, 0.7856606841087341, 0.1887010931968689
n,-0.3846096694469452, 0.7856606841087341, 0.1887010931968689
n,-0.18810327351093292, -0.12673652172088623, -0.8656502366065979
n,-0.18810327351093292, -0.12673652172088623, -0.8656502366065979
n,-0.18810327351093292, -0.12673652172088623, -0.8656502366065979
n,-0.07741774618625641, -0.00892363116145134, 0.8914720416069031
n,-0.07741774618625641, -0.00892363116145134, 0.8914720416069031
n,-0.07741774618625641, -0.00892363116145134, 0.8914720416069031
n,-0.3606742322444916, 0.7923288941383362, 0.20718219876289368
n,-0.3606742322444916, 0.7923288941383362, 0.20718219876289368
n,-0.3606742322444916, 0.7923288941383362, 0.20718219876289368
n,-0.04126705974340439, -0.08039417862892151, -0.8902971744537354
n,-0.04126705974340439, -0.08039417862892151, -0.8902971744537354
n,-0.04126705974340439, -0.08039417862892151, -0.8902971744537354
n,0.2808399200439453, -0.8289987444877625, -0.18624038994312286
n,0.2808399200439453, -0.8289987444877625, -0.18624038994312286
n,0.2808399200439453, -0.8289987444877625, -0.18624038994312286
n,0.6020812392234802, -0.05583950877189636, -0.6596783399581909
n,0.6020812392234802, -0.05583950877189636, -0.6596783399581909
n,0.6020812392234802, -0.05583950877189636, -0.6596783399581909
n,0.552078127861023, -0.20580977201461792, 0.6735336184501648
n,0.552078127861023, -0.20580977201461792, 0.6735336184501648
n,0.552078127861023, -0.20580977201461792, 0.6735336184501648
n,0.29028403759002686, -0.8464813232421875, -5.333038643584587e-05
n,0.29028403759002686, -0.8464813232421875, -5.333038643584587e-05
n,0.29028403759002686, -0.8464813232421875, -5.333038643584587e-05
n,-0.2904021739959717, 0.846440851688385, -3.8882397348061204e-05
n,-0.2904021739959717, 0.846440851688385, -3.8882397348061204e-05
n,-0.2904021739959717, 0.846440851688385, -3.8882397348061204e-05
n,0.29040831327438354, -0.8464386463165283, 8.540406270185485e-06
n,0.29040831327438354, -0.8464386463165283, 8.540406270185485e-06
n,0.29040831327438354, -0.8464386463165283, 8.540406270185485e-06
n,0.1620846539735794, 0.20128807425498962, -0.8567421436309814
n,0.1620846539735794, 0.20128807425498962, -0.8567421436309814
n,0.1620846539735794, 0.20128807425498962, -0.8567421436309814
n,0.2903897762298584, -0.8464450836181641, -0.000151389031088911
n,0.2903897762298584, -0.8464450836181641, -0.000151389031088911
n,0.2903897762298584, -0.8464450836181641, -0.000151389031088911
n,0.4190831780433655, -0.3258599638938904, -0.7204025983810425
n,0.4190831780433655, -0.3258599638938904, -0.7204025983810425
n,0.4190831780433655, -0.3258599638938904, -0.7204025983810425
n,0.8617295026779175, -0.22399571537971497, -0.0896860733628273
n,0.8617295026779175, -0.22399571537971497, -0.0896860733628273
n,0.8617295026779175, -0.22399571537971497, -0.0896860733628273
n,-0.211821049451828, -0.6886106133460999, 0.5307943224906921
n,-0.211821049451828, -0.6886106133460999, 0.5307943224906921
n,-0.211821049451828, -0.6886106133460999, 0.5307943224906921
n,-0.19440729916095734, 0.553970217704773, -0.6753652095794678
n,-0.19440729916095734, 0.553970217704773, -0.6753652095794678
n,-0.19440729916095734, 0.553970217704773, -0.6753652095794678
n,0.07285644859075546, -0.1521574705839157, 0.8788262009620667
n,0.07285644859075546, -0.1521574705839157, 0.8788262009620667
n,0.07285644859075546, -0.1521574705839157, 0.8788262009620667
n,0.2903671860694885, -0.8464527726173401, -1.810889989428688e-05
n,0.2903671860694885, -0.8464527726173401, -1.810889989428688e-05
n,0.2903671860694885, -0.8464527726173401, -1.810889989428688e-05
n,-0.4747575521469116, -0.7034064531326294, -0.2839367389678955
n,-0.4747575521469116, -0.7034064531326294, -0.2839367389678955
n,-0.4747575521469116, -0.7034064531326294, -0.2839367389678955
n,0.6776149868965149, 0.5835782885551453, 0.03270852938294411
n,0.6776149868965149, 0.5835782885551453, 0.03270852938294411
n,0.6776149868965149, 0.5835782885551453, 0.03270852938294411
n,0.3209449052810669, 0.7722697257995605, 0.3184169828891754
n,0.3209449052810669, 0.7722697257995605, 0.3184169828891754
n,0.3209449052810669, 0.7722697257995605, 0.3184169828891754
n,-0.46967869997024536, 0.5213167071342468, -0.5553613305091858
n,-0.46967869997024536, 0.5213167071342468, -0.5553613305091858
n,-0.46967869997024536, 0.5213167071342468, -0.5553613305091858
n,0.171706885099411, -0.08291027694940567, -0.8743214011192322
n,0.171706885099411, -0.08291027694940567, -0.8743214011192322
n,0.171706885099411, -0.08291027694940567, -0.8743214011192322
n,-0.2901829481124878, 0.8465158939361572, 0.00018609304970595986
n,-0.2901829481124878, 0.8465158939361572, 0.00018609304970595986
n,-0.2901829481124878, 0.8465158939361572, 0.00018609304970595986
n,0.1532553881406784, -0.4322403073310852, 0.7684246897697449
n,0.1532553881406784, -0.4322403073310852, 0.7684246897697449
n,0.1532553881406784, -0.4322403073310852, 0.7684246897697449
n,0.471544474363327, -0.32446354627609253, 0.6878696084022522
n,0.471544474363327, -0.32446354627609253, 0.6878696084022522
n,0.471544474363327, -0.32446354627609253, 0.6878696084022522
n,0.19469457864761353, 0.8138521313667297, -0.31707119941711426
n,0.19469457864761353, 0.8138521313667297, -0.31707119941711426
n,0.19469457864761353, 0.8138521313667297, -0.31707119941711426
n,-0.306609183549881, 0.625343918800354, 0.561899721622467
n,-0.306609183549881, 0.625343918800354, 0.561899721622467
n,-0.306609183549881, 0.625343918800354, 0.561899721622467
n,-0.8417288064956665, -0.1334267407655716, 0.2729201316833496
n,-0.8417288064956665, -0.1334267407655716, 0.2729201316833496
n,-0.8417288064956665, -0.1334267407655716, 0.2729201316833496
n,-0.6475717425346375, -0.3830898106098175, 0.48444655537605286
n,-0.6475717425346375, -0.3830898106098175, 0.48444655537605286
n,-0.6475717425346375, -0.3830898106098175, 0.48444655537605286
n,-0.18223939836025238, 0.48102906346321106, -0.7322535514831543
n,-0.18223939836025238, 0.48102906346321106, -0.7322535514831543
n,-0.18223939836025238, 0.48102906346321106, -0.7322535514831543
n,-0.2970738410949707, -0.5997442603111267, 0.5940113067626953
n,-0.2970738410949707, -0.5997442603111267, 0.5940113067626953
n,-0.2970738410949707, -0.5997442603111267, 0.5940113067626953
n,-0.10315229743719101, 0.3569695055484772, 0.8140808939933777
n,-0.10315229743719101, 0.3569695055484772, 0.8140808939933777
n,-0.10315229743719101, 0.3569695055484772, 0.8140808939933777
n,0.44783100485801697, -0.4965691566467285, -0.5946947932243347
n,0.44783100485801697, -0.4965691566467285, -0.5946947932243347
n,0.44783100485801697, -0.4965691566467285, -0.5946947932243347
n,-0.2904629707336426, 0.8464199304580688, -4.9133705033455044e-05
n,-0.2904629707336426, 0.8464199304580688, -4.9133705033455044e-05
n,-0.2904629707336426, 0.8464199304580688, -4.9133705033455044e-05
n,0.5520696640014648, -0.20582325756549835, 0.6735363602638245
n,0.5520696640014648, -0.20582325756549835, 0.6735363602638245
n,0.5520696640014648, -0.20582325756549835, 0.6735363602638245
n,-0.29035261273384094, 0.8464577794075012, 4.392265327624045e-05
n,-0.29035261273384094, 0.8464577794075012, 4.392265327624045e-05
n,-0.29035261273384094, 0.8464577794075012, 4.392265327624045e-05
n,0.419053316116333, -0.32592612504959106, -0.7203901410102844
n,0.419053316116333, -0.32592612504959106, -0.7203901410102844
n,0.419053316116333, -0.32592612504959106, -0.7203901410102844
n,0.677618682384491, 0.5835733413696289, 0.032720040529966354
n,0.677618682384491, 0.5835733413696289, 0.032720040529966354
n,0.677618682384491, 0.5835733413696289, 0.032720040529966354
n,-0.06541606783866882, -0.7742601037025452, -0.44388899207115173
n,-0.06541606783866882, -0.7742601037025452, -0.44388899207115173
n,-0.06541606783866882, -0.7742601037025452, -0.44388899207115173
n,-0.3876289427280426, 0.7936843037605286, 0.14354263246059418
n,-0.3876289427280426, 0.7936843037605286, 0.14354263246059418
n,-0.3876289427280426, 0.7936843037605286, 0.14354263246059418
n,-0.6116501092910767, -0.23320291936397552, 0.6101605892181396
n,-0.6116501092910767, -0.23320291936397552, 0.6101605892181396
n,-0.6116501092910767, -0.23320291936397552, 0.6101605892181396
n,0.8362866640090942, 0.2541324496269226, 0.19192898273468018
n,0.8362866640090942, 0.2541324496269226, 0.19192898273468018
n,0.8362866640090942, 0.2541324496269226, 0.19192898273468018
n,-0.8531226515769958, 0.17628595232963562, 0.20469586551189423
n,-0.8531226515769958, 0.17628595232963562, 0.20469586551189423
n,-0.8531226515769958, 0.17628595232963562, 0.20469586551189423
n,0.4170432984828949, 0.547285795211792, -0.5721438527107239
n,0.4170432984828949, 0.547285795211792, -0.5721438527107239
n,0.4170432984828949, 0.547285795211792, -0.5721438527107239
n,-0.845911979675293, -0.2919388711452484, -0.0004531880549620837
n,-0.845911979675293, -0.2919388711452484, -0.0004531880549620837
n,-0.845911979675293, -0.2919388711452484, -0.0004531880549620837
n,-0.8469318747520447, -0.28881916403770447, 0.009233463555574417
n,-0.8469318747520447, -0.28881916403770447, 0.009233463555574417
n,-0.8469318747520447, -0.28881916403770447, 0.009233463555574417
n,-0.8083990216255188, 0.3804517686367035, -0.05042797327041626
n,-0.8083990216255188, 0.3804517686367035, -0.05042797327041626
n,-0.8083990216255188, 0.3804517686367035, -0.05042797327041626
n,-0.822367250919342, 0.35210296511650085, -0.02304580807685852
n,-0.822367250919342, 0.35210296511650085, -0.02304580807685852
n,-0.822367250919342, 0.35210296511650085, -0.02304580807685852
n,0.15416601300239563, -0.2027396559715271, 0.8578606247901917
n,0.15416601300239563, -0.2027396559715271, 0.8578606247901917
n,0.15416601300239563, -0.2027396559715271, 0.8578606247901917
n,-0.6597077250480652, -0.5926540493965149, -0.1197594478726387
n,-0.6597077250480652, -0.5926540493965149, -0.1197594478726387
n,-0.6597077250480652, -0.5926540493965149, -0.1197594478726387
n,-0.8683940172195435, -0.18528980016708374, 0.11115293949842453
n,-0.8683940172195435, -0.18528980016708374, 0.11115293949842453
n,-0.8683940172195435, -0.18528980016708374, 0.11115293949842453
n,-0.5677053928375244, -0.6540850400924683, -0.22511963546276093
n,-0.5677053928375244, -0.6540850400924683, -0.22511963546276093
n,-0.5677053928375244, -0.6540850400924683, -0.22511963546276093
n,0.06260671466588974, 0.022272802889347076, 0.8924010396003723
n,0.06260671466588974, 0.022272802889347076, 0.8924010396003723
n,0.06260671466588974, 0.022272802889347076, 0.8924010396003723
n,-0.021781720221042633, 0.06342460960149765, 0.8923555016517639
n,-0.021781720221042633, 0.06342460960149765, 0.8923555016517639
n,-0.021781720221042633, 0.06342460960149765, 0.8923555016517639
n,0.06278588622808456, 0.020778849720954895, -0.8924245238304138
n,0.06278588622808456, 0.020778849720954895, -0.8924245238304138
n,0.06278588622808456, 0.020778849720954895, -0.8924245238304138
n,-0.019613616168498993, 0.05713426321744919, -0.8928305506706238
n,-0.019613616168498993, 0.05713426321744919, -0.8928305506706238
n,-0.019613616168498993, 0.05713426321744919, -0.8928305506706238
n,-0.005602075718343258, -0.0013988976133987308, 0.8948530554771423
n,-0.005602075718343258, -0.0013988976133987308, 0.8948530554771423
n,-0.005602075718343258, -0.0013988976133987308, 0.8948530554771423
n,-0.0629412904381752, -0.05984407290816307, -0.8906471729278564
n,-0.0629412904381752, -0.05984407290816307, -0.8906471729278564
n,-0.0629412904381752, -0.05984407290816307, -0.8906471729278564
n,-0.07433761656284332, 0.1461159884929657, 0.8797269463539124
n,-0.07433761656284332, 0.1461159884929657, 0.8797269463539124
n,-0.07433761656284332, 0.1461159884929657, 0.8797269463539124
n,-0.6992207765579224, 0.49587732553482056, 0.25688785314559937
n,-0.6992207765579224, 0.49587732553482056, 0.25688785314559937
n,-0.6992207765579224, 0.49587732553482056, 0.25688785314559937
n,-0.2475438117980957, -0.820686399936676, 0.25688761472702026
n,-0.2475438117980957, -0.820686399936676, 0.25688761472702026
n,-0.2475438117980957, -0.820686399936676, 0.25688761472702026
n,-0.2125949114561081, 0.6009702682495117, 0.6280394792556763
n,-0.2125949114561081, 0.6009702682495117, 0.6280394792556763
n,-0.2125949114561081, 0.6009702682495117, 0.6280394792556763
n,-0.16896981000900269, 0.6560445427894592, 0.5846795439720154
n,-0.16896981000900269, 0.6560445427894592, 0.5846795439720154
n,-0.16896981000900269, 0.6560445427894592, 0.5846795439720154
n,0.6246001124382019, 0.22857220470905304, 0.5986859202384949
n,0.6246001124382019, 0.22857220470905304, 0.5986859202384949
n,0.6246001124382019, 0.22857220470905304, 0.5986859202384949
n,0.49851512908935547, 0.1718335747718811, -0.7230154871940613
n,0.49851512908935547, 0.1718335747718811, -0.7230154871940613
n,0.49851512908935547, 0.1718335747718811, -0.7230154871940613
n,-0.4661410450935364, -0.14810627698898315, -0.749381422996521
n,-0.4661410450935364, -0.14810627698898315, -0.749381422996521
n,-0.4661410450935364, -0.14810627698898315, -0.749381422996521
n,0.5211564898490906, 0.17802348732948303, -0.7053360939025879
n,0.5211564898490906, 0.17802348732948303, -0.7053360939025879
n,0.5211564898490906, 0.17802348732948303, -0.7053360939025879
n,0.432890385389328, -0.6914411783218384, 0.36784568428993225
n,0.432890385389328, -0.6914411783218384, 0.36784568428993225
n,0.432890385389328, -0.6914411783218384, 0.36784568428993225
n,0.03160148859024048, 0.5201349258422852, 0.7275001406669617
n,0.03160148859024048, 0.5201349258422852, 0.7275001406669617
n,0.03160148859024048, 0.5201349258422852, 0.7275001406669617
n,-0.7977321743965149, -0.31115221977233887, 0.26000621914863586
n,-0.7977321743965149, -0.31115221977233887, 0.26000621914863586
n,-0.7977321743965149, -0.31115221977233887, 0.26000621914863586
n,0.1300312578678131, -0.18255144357681274, 0.8663498759269714
n,0.1300312578678131, -0.18255144357681274, 0.8663498759269714
n,0.1300312578678131, -0.18255144357681274, 0.8663498759269714
n,0.8648760318756104, 0.21397905051708221, -0.08365342020988464
n,0.8648760318756104, 0.21397905051708221, -0.08365342020988464
n,0.8648760318756104, 0.21397905051708221, -0.08365342020988464
n,-0.8325072526931763, -0.1537407636642456, -0.28998425602912903
n,-0.8325072526931763, -0.1537407636642456, -0.28998425602912903
n,-0.8325072526931763, -0.1537407636642456, -0.28998425602912903
n,-0.11745297908782959, 0.8870585560798645, -0.011285636574029922
n,-0.11745297908782959, 0.8870585560798645, -0.011285636574029922
n,-0.11745297908782959, 0.8870585560798645, -0.011285636574029922
n,0.8642346858978271, -0.21728190779685974, 0.08174600452184677
n,0.8642346858978271, -0.21728190779685974, 0.08174600452184677
n,0.8642346858978271, -0.21728190779685974, 0.08174600452184677
n,0.032938722521066666, -0.1052495539188385, -0.8880500793457031
n,0.032938722521066666, -0.1052495539188385, -0.8880500793457031
n,0.032938722521066666, -0.1052495539188385, -0.8880500793457031
n,-0.1574472039937973, -0.03649904578924179, 0.8801554441452026
n,-0.1574472039937973, -0.03649904578924179, 0.8801554441452026
n,-0.1574472039937973, -0.03649904578924179, 0.8801554441452026
n,0.05235905572772026, 0.12288379669189453, -0.884846568107605
n,0.05235905572772026, 0.12288379669189453, -0.884846568107605
n,0.05235905572772026, 0.12288379669189453, -0.884846568107605
n,-0.6176493167877197, 0.35532039403915405, 0.5413429737091064
n,-0.6176493167877197, 0.35532039403915405, 0.5413429737091064
n,-0.6176493167877197, 0.35532039403915405, 0.5413429737091064
n,0.4122605323791504, -0.17505207657814026, 0.7747215032577515
n,0.4122605323791504, -0.17505207657814026, 0.7747215032577515
n,0.4122605323791504, -0.17505207657814026, 0.7747215032577515
n,-0.3911217451095581, -0.6724154353141785, 0.4423534870147705
n,-0.3911217451095581, -0.6724154353141785, 0.4423534870147705
n,-0.3911217451095581, -0.6724154353141785, 0.4423534870147705
n,0.12106457352638245, 0.11812163889408112, -0.8787412047386169
n,0.12106457352638245, 0.11812163889408112, -0.8787412047386169
n,0.12106457352638245, 0.11812163889408112, -0.8787412047386169
n,-0.10482132434844971, 0.8841137886047363, 0.09028179943561554
n,-0.10482132434844971, 0.8841137886047363, 0.09028179943561554
n,-0.10482132434844971, 0.8841137886047363, 0.09028179943561554
n,0.04969364404678345, 0.43420150876045227, 0.7808937430381775
n,0.04969364404678345, 0.43420150876045227, 0.7808937430381775
n,0.04969364404678345, 0.43420150876045227, 0.7808937430381775
n,-0.5249232053756714, -0.535466194152832, 0.48839232325553894
n,-0.5249232053756714, -0.535466194152832, 0.48839232325553894
n,-0.5249232053756714, -0.535466194152832, 0.48839232325553894
n,0.060812294483184814, -0.06039421632885933, -0.8907580375671387
n,0.060812294483184814, -0.06039421632885933, -0.8907580375671387
n,0.060812294483184814, -0.06039421632885933, -0.8907580375671387
n,0.016800127923488617, 0.08646802604198456, -0.8905259370803833
n,0.016800127923488617, 0.08646802604198456, -0.8905259370803833
n,0.016800127923488617, 0.08646802604198456, -0.8905259370803833
n,0.4593430757522583, 0.6028111577033997, 0.4758341908454895
n,0.4593430757522583, 0.6028111577033997, 0.4758341908454895
n,0.4593430757522583, 0.6028111577033997, 0.4758341908454895
n,-0.7573327422142029, 0.3938080072402954, 0.26862195134162903
n,-0.7573327422142029, 0.3938080072402954, 0.26862195134162903
n,-0.7573327422142029, 0.3938080072402954, 0.26862195134162903
n,0.4920428395271301, -0.625739336013794, -0.4088270664215088
n,0.4920428395271301, -0.625739336013794, -0.4088270664215088
n,0.4920428395271301, -0.625739336013794, -0.4088270664215088
n,0.33145466446876526, -0.8191692233085632, 0.14104968309402466
n,0.33145466446876526, -0.8191692233085632, 0.14104968309402466
n,0.33145466446876526, -0.8191692233085632, 0.14104968309402466
n,0.8016276359558105, -0.2879096269607544, 0.2744024991989136
n,0.8016276359558105, -0.2879096269607544, 0.2744024991989136
n,0.8016276359558105, -0.2879096269607544, 0.2744024991989136
n,-0.032961491495370865, 0.11241932213306427, 0.887170135974884
n,-0.032961491495370865, 0.11241932213306427, 0.887170135974884
n,-0.032961491495370865, 0.11241932213306427, 0.887170135974884
n,0.269906222820282, 0.05250447988510132, 0.8515805006027222
n,0.269906222820282, 0.05250447988510132, 0.8515805006027222
n,0.269906222820282, 0.05250447988510132, 0.8515805006027222
n,0.7386114001274109, 0.465718537569046, 0.19584427773952484
n,0.7386114001274109, 0.465718537569046, 0.19584427773952484
n,0.7386114001274109, 0.465718537569046, 0.19584427773952484
n,0.5880916118621826, -0.4427897334098816, 0.5088034868240356
n,0.5880916118621826, -0.4427897334098816, 0.5088034868240356
n,0.5880916118621826, -0.4427897334098816, 0.5088034868240356
n,0.04301222413778305, -0.03228151425719261, -0.893254280090332
n,0.04301222413778305, -0.03228151425719261, -0.893254280090332
n,0.04301222413778305, -0.03228151425719261, -0.893254280090332
n,0.022586017847061157, 0.8596183061599731, 0.2476724088191986
n,0.022586017847061157, 0.8596183061599731, 0.2476724088191986
n,0.022586017847061157, 0.8596183061599731, 0.2476724088191986
n,-0.02117282897233963, -0.04638148844242096, -0.8934180736541748
n,-0.02117282897233963, -0.04638148844242096, -0.8934180736541748
n,-0.02117282897233963, -0.04638148844242096, -0.8934180736541748
n,0.6303544640541077, -0.18045678734779358, 0.6090025305747986
n,0.6303544640541077, -0.18045678734779358, 0.6090025305747986
n,0.6303544640541077, -0.18045678734779358, 0.6090025305747986
n,-0.8144886493682861, -0.2105385959148407, 0.30508559942245483
n,-0.8144886493682861, -0.2105385959148407, 0.30508559942245483
n,-0.8144886493682861, -0.2105385959148407, 0.30508559942245483
n,0.0877145379781723, 0.2678832411766052, 0.8493174314498901
n,0.0877145379781723, 0.2678832411766052, 0.8493174314498901
n,0.0877145379781723, 0.2678832411766052, 0.8493174314498901
n,-0.19647708535194397, 0.11581707000732422, -0.8653199076652527
n,-0.19647708535194397, 0.11581707000732422, -0.8653199076652527
n,-0.19647708535194397, 0.11581707000732422, -0.8653199076652527
n,0.3009885549545288, -0.7220838069915771, 0.43450698256492615
n,0.3009885549545288, -0.7220838069915771, 0.43450698256492615
n,0.3009885549545288, -0.7220838069915771, 0.43450698256492615
n,0.3330497741699219, -0.7892941832542419, 0.2586268484592438
n,0.3330497741699219, -0.7892941832542419, 0.2586268484592438
n,0.3330497741699219, -0.7892941832542419, 0.2586268484592438
n,-0.412500262260437, 0.4424707889556885, -0.6594380140304565
n,-0.412500262260437, 0.4424707889556885, -0.6594380140304565
n,-0.412500262260437, 0.4424707889556885, -0.6594380140304565
n,0.07054327428340912, 0.4284273684024811, -0.7824761867523193
n,0.07054327428340912, 0.4284273684024811, -0.7824761867523193
n,0.07054327428340912, 0.4284273684024811, -0.7824761867523193
n,0.7683913111686707, 0.24208131432533264, -0.3895726203918457
n,0.7683913111686707, 0.24208131432533264, -0.3895726203918457
n,0.7683913111686707, 0.24208131432533264, -0.3895726203918457
n,0.24522317945957184, 0.6442195773124695, -0.5706506967544556
n,0.24522317945957184, 0.6442195773124695, -0.5706506967544556
n,0.24522317945957184, 0.6442195773124695, -0.5706506967544556
n,0.6130287051200867, 0.6519124507904053, 0.0012068406213074923
n,0.6130287051200867, 0.6519124507904053, 0.0012068406213074923
n,0.6130287051200867, 0.6519124507904053, 0.0012068406213074923
n,-0.6130287051200867, -0.6519124507904053, -0.0012068406213074923
n,-0.6130287051200867, -0.6519124507904053, -0.0012068406213074923
n,-0.6130287051200867, -0.6519124507904053, -0.0012068406213074923
n,-0.8104097247123718, -0.3794495761394501, 0.007032081019133329
n,-0.8104097247123718, -0.3794495761394501, 0.007032081019133329
n,-0.8104097247123718, -0.3794495761394501, 0.007032081019133329
n,0.8104097247123718, 0.3794495761394501, -0.007032081019133329
n,0.8104097247123718, 0.3794495761394501, -0.007032081019133329
n,0.8104097247123718, 0.3794495761394501, -0.007032081019133329
n,0.8908941745758057, -0.08427974581718445, 0.00012975579011254013
n,0.8908941745758057, -0.08427974581718445, 0.00012975579011254013
n,0.8908941745758057, -0.08427974581718445, 0.00012975579011254013
n,-0.8908941745758057, 0.08427974581718445, -0.00012975579011254013
n,-0.8908941745758057, 0.08427974581718445, -0.00012975579011254013
n,-0.8908941745758057, 0.08427974581718445, -0.00012975579011254013
n,-0.6536246538162231, 0.611203670501709, -0.0005895980866625905
n,-0.6536246538162231, 0.611203670501709, -0.0005895980866625905
n,-0.6536246538162231, 0.611203670501709, -0.0005895980866625905
n,0.6536246538162231, -0.611203670501709, 0.0005895980866625905
n,0.6536246538162231, -0.611203670501709, 0.0005895980866625905
n,0.6536246538162231, -0.611203670501709, 0.0005895980866625905
n,-0.5315752625465393, 0.612371563911438, -0.378449946641922
n,-0.5315752625465393, 0.612371563911438, -0.378449946641922
n,-0.5315752625465393, 0.612371563911438, -0.378449946641922
n,-6.765127182006836e-06, -0.8317461013793945, -0.330142080783844
n,-6.765127182006836e-06, -0.8317461013793945, -0.330142080783844
n,-6.765127182006836e-06, -0.8317461013793945, -0.330142080783844
n,0.5316014289855957, -0.6124048829078674, -0.3783591091632843
n,0.5316014289855957, -0.6124048829078674, -0.3783591091632843
n,0.5316014289855957, -0.6124048829078674, -0.3783591091632843
n,0.6170624494552612, 0.5224623084068298, -0.3834873139858246
n,0.6170624494552612, 0.5224623084068298, -0.3834873139858246
n,0.6170624494552612, 0.5224623084068298, -0.3834873139858246
n,0.29109281301498413, 0.8435190916061401, 0.06734989583492279
n,0.29109281301498413, 0.8435190916061401, 0.06734989583492279
n,0.29109281301498413, 0.8435190916061401, 0.06734989583492279
n,-0.5035845637321472, -0.7289450764656067, -0.12584558129310608
n,-0.5035845637321472, -0.7289450764656067, -0.12584558129310608
n,-0.5035845637321472, -0.7289450764656067, -0.12584558129310608
n,0.40982896089553833, 0.7863463163375854, 0.12039603292942047
n,0.40982896089553833, 0.7863463163375854, 0.12039603292942047
n,0.40982896089553833, 0.7863463163375854, 0.12039603292942047
n,0.416609525680542, 0.09339507669210434, -0.7864535450935364
n,0.416609525680542, 0.09339507669210434, -0.7864535450935364
n,0.416609525680542, 0.09339507669210434, -0.7864535450935364
n,-0.5067687034606934, -0.030659332871437073, 0.7369131445884705
n,-0.5067687034606934, -0.030659332871437073, 0.7369131445884705
n,-0.5067687034606934, -0.030659332871437073, 0.7369131445884705
n,0.8185100555419922, -0.16188618540763855, 0.32346484065055847
n,0.8185100555419922, -0.16188618540763855, 0.32346484065055847
n,0.8185100555419922, -0.16188618540763855, 0.32346484065055847
n,-0.7320442199707031, -0.49829256534576416, -0.12888482213020325
n,-0.7320442199707031, -0.49829256534576416, -0.12888482213020325
n,-0.7320442199707031, -0.49829256534576416, -0.12888482213020325
n,-0.8586275577545166, 0.2472916543483734, 0.049000322818756104
n,-0.8586275577545166, 0.2472916543483734, 0.049000322818756104
n,-0.8586275577545166, 0.2472916543483734, 0.049000322818756104
n,0.7139841318130493, -0.35369235277175903, -0.40733733773231506
n,0.7139841318130493, -0.35369235277175903, -0.40733733773231506
n,0.7139841318130493, -0.35369235277175903, -0.40733733773231506
n,-0.8245377540588379, -0.10601264238357544, 0.3312012553215027
n,-0.8245377540588379, -0.10601264238357544, 0.3312012553215027
n,-0.8245377540588379, -0.10601264238357544, 0.3312012553215027
n,0.3302655816078186, 0.2728525996208191, 0.7856663465499878
n,0.3302655816078186, 0.2728525996208191, 0.7856663465499878
n,0.3302655816078186, 0.2728525996208191, 0.7856663465499878
n,-0.27269357442855835, -0.7029837369918823, -0.48192062973976135
n,-0.27269357442855835, -0.7029837369918823, -0.48192062973976135
n,-0.27269357442855835, -0.7029837369918823, -0.48192062973976135
n,0.3907393217086792, 0.8050563931465149, 0.001602159347385168
n,0.3907393217086792, 0.8050563931465149, 0.001602159347385168
n,0.3907393217086792, 0.8050563931465149, 0.001602159347385168
n,-0.310637503862381, 0.8009164333343506, -0.25066450238227844
n,-0.310637503862381, 0.8009164333343506, -0.25066450238227844
n,-0.310637503862381, 0.8009164333343506, -0.25066450238227844
n,0.3908423185348511, 0.8050065040588379, 0.0015188934048637748
n,0.3908423185348511, 0.8050065040588379, 0.0015188934048637748
n,0.3908423185348511, 0.8050065040588379, 0.0015188934048637748
n,-0.7934425473213196, -0.16024939715862274, 0.3815292716026306
n,-0.7934425473213196, -0.16024939715862274, 0.3815292716026306
n,-0.7934425473213196, -0.16024939715862274, 0.3815292716026306
n,0.3930193781852722, 0.8039472699165344, 3.300530806882307e-05
n,0.3930193781852722, 0.8039472699165344, 3.300530806882307e-05
n,0.3930193781852722, 0.8039472699165344, 3.300530806882307e-05
n,0.6754075288772583, -0.5782721042633057, -0.10110080242156982
n,0.6754075288772583, -0.5782721042633057, -0.10110080242156982
n,0.6754075288772583, -0.5782721042633057, -0.10110080242156982
n,-0.5180168151855469, -0.7280354499816895, 0.049176961183547974
n,-0.5180168151855469, -0.7280354499816895, 0.049176961183547974
n,-0.5180168151855469, -0.7280354499816895, 0.049176961183547974
n,0.2304994910955429, 0.7278651595115662, -0.46677371859550476
n,0.2304994910955429, 0.7278651595115662, -0.46677371859550476
n,0.2304994910955429, 0.7278651595115662, -0.46677371859550476
n,0.14858433604240417, 0.8763768076896667, -0.10335306823253632
n,0.14858433604240417, 0.8763768076896667, -0.10335306823253632
n,0.14858433604240417, 0.8763768076896667, -0.10335306823253632
n,0.8340232968330383, 0.291573703289032, 0.14207519590854645
n,0.8340232968330383, 0.291573703289032, 0.14207519590854645
n,0.8340232968330383, 0.291573703289032, 0.14207519590854645
n,0.568752646446228, -0.6894285678863525, 0.0447668731212616
n,0.568752646446228, -0.6894285678863525, 0.0447668731212616
n,0.568752646446228, -0.6894285678863525, 0.0447668731212616
n,0.41123002767562866, -0.7203466892242432, 0.33583617210388184
n,0.41123002767562866, -0.7203466892242432, 0.33583617210388184
n,0.41123002767562866, -0.7203466892242432, 0.33583617210388184
n,-0.6588869094848633, -0.3177664279937744, -0.5154494643211365
n,-0.6588869094848633, -0.3177664279937744, -0.5154494643211365
n,-0.6588869094848633, -0.3177664279937744, -0.5154494643211365
n,0.0911293551325798, 0.292407751083374, 0.8408260941505432
n,0.0911293551325798, 0.292407751083374, 0.8408260941505432
n,0.0911293551325798, 0.292407751083374, 0.8408260941505432
n,-0.3918221592903137, -0.80452561378479, -0.003068282501772046
n,-0.3918221592903137, -0.80452561378479, -0.003068282501772046
n,-0.3918221592903137, -0.80452561378479, -0.003068282501772046
n,-0.3929605782032013, -0.8039759397506714, 0.00031198919168673456
n,-0.3929605782032013, -0.8039759397506714, 0.00031198919168673456
n,-0.3929605782032013, -0.8039759397506714, 0.00031198919168673456
n,0.6882162094116211, 0.2258143126964569, 0.5255110263824463
n,0.6882162094116211, 0.2258143126964569, 0.5255110263824463
n,0.6882162094116211, 0.2258143126964569, 0.5255110263824463
n,-0.39327192306518555, -0.803823709487915, -6.802665302529931e-05
n,-0.39327192306518555, -0.803823709487915, -6.802665302529931e-05
n,-0.39327192306518555, -0.803823709487915, -6.802665302529931e-05
n,-0.8446645736694336, 0.2695575952529907, -0.1211438775062561
n,-0.8446645736694336, 0.2695575952529907, -0.1211438775062561
n,-0.8446645736694336, 0.2695575952529907, -0.1211438775062561
n,-0.8406147360801697, -0.24552218616008759, -0.18406836688518524
n,-0.8406147360801697, -0.24552218616008759, -0.18406836688518524
n,-0.8406147360801697, -0.24552218616008759, -0.18406836688518524
n,-0.32279273867607117, 0.8141063451766968, -0.18393242359161377
n,-0.32279273867607117, 0.8141063451766968, -0.18393242359161377
n,-0.32279273867607117, 0.8141063451766968, -0.18393242359161377
n,0.8406157493591309, 0.2455187290906906, -0.1840682476758957
n,0.8406157493591309, 0.2455187290906906, -0.1840682476758957
n,0.8406157493591309, 0.2455187290906906, -0.1840682476758957
n,0.1521710306406021, -0.8783863186836243, -0.07795390486717224
n,0.1521710306406021, -0.8783863186836243, -0.07795390486717224
n,0.1521710306406021, -0.8783863186836243, -0.07795390486717224
n,0.8555859327316284, 0.25547680258750916, -0.05915825441479683
n,0.8555859327316284, 0.25547680258750916, -0.05915825441479683
n,0.8555859327316284, 0.25547680258750916, -0.05915825441479683
n,-0.8726457953453064, -0.17099079489707947, -0.10023432224988937
n,-0.8726457953453064, -0.17099079489707947, -0.10023432224988937
n,-0.8726457953453064, -0.17099079489707947, -0.10023432224988937
n,-0.20047055184841156, 0.8697925806045532, -0.06378055363893509
n,-0.20047055184841156, 0.8697925806045532, -0.06378055363893509
n,-0.20047055184841156, 0.8697925806045532, -0.06378055363893509
n,-0.2904224395751953, 0.8464338779449463, 6.0868642322020605e-05
n,-0.2904224395751953, 0.8464338779449463, 6.0868642322020605e-05
n,-0.2904224395751953, 0.8464338779449463, 6.0868642322020605e-05
n,0.8111962080001831, 0.37746015191078186, -0.016736909747123718
n,0.8111962080001831, 0.37746015191078186, -0.016736909747123718
n,0.8111962080001831, 0.37746015191078186, -0.016736909747123718
n,-0.8237057328224182, 0.3496650457382202, -0.006219935603439808
n,-0.8237057328224182, 0.3496650457382202, -0.006219935603439808
n,-0.8237057328224182, 0.3496650457382202, -0.006219935603439808
n,-0.8162232637405396, 0.3668164312839508, -0.004553153645247221
n,-0.8162232637405396, 0.3668164312839508, -0.004553153645247221
n,-0.8162232637405396, 0.3668164312839508, -0.004553153645247221
n,0.6151743531227112, 0.6498193740844727, 0.009520106017589569
n,0.6151743531227112, 0.6498193740844727, 0.009520106017589569
n,0.6151743531227112, 0.6498193740844727, 0.009520106017589569
n,-0.5579400658607483, -0.31135451793670654, -0.626543402671814
n,-0.5579400658607483, -0.31135451793670654, -0.626543402671814
n,-0.5579400658607483, -0.31135451793670654, -0.626543402671814
n,0.6565880179405212, 0.5950766801834106, -0.12478525936603546
n,0.6565880179405212, 0.5950766801834106, -0.12478525936603546
n,0.6565880179405212, 0.5950766801834106, -0.12478525936603546
n,0.45126354694366455, -0.20232824981212616, 0.7458015084266663
n,0.45126354694366455, -0.20232824981212616, 0.7458015084266663
n,0.45126354694366455, -0.20232824981212616, 0.7458015084266663
n,-0.7507174015045166, 0.4868113398551941, 0.015280141495168209
n,-0.7507174015045166, 0.4868113398551941, 0.015280141495168209
n,-0.7507174015045166, 0.4868113398551941, 0.015280141495168209
n,0.46824681758880615, -0.7553362846374512, -0.10491567850112915
n,0.46824681758880615, -0.7553362846374512, -0.10491567850112915
n,0.46824681758880615, -0.7553362846374512, -0.10491567850112915
n,0.2199753373861313, -0.7866585850715637, -0.365478515625
n,0.2199753373861313, -0.7866585850715637, -0.365478515625
n,0.2199753373861313, -0.7866585850715637, -0.365478515625
n,-0.6068874597549438, 0.19933940470218658, -0.6266950964927673
n,-0.6068874597549438, 0.19933940470218658, -0.6266950964927673
n,-0.6068874597549438, 0.19933940470218658, -0.6266950964927673
n,-0.3272798955440521, 0.8291760683059692, -0.0784248486161232
n,-0.3272798955440521, 0.8291760683059692, -0.0784248486161232
n,-0.3272798955440521, 0.8291760683059692, -0.0784248486161232
n,0.17186623811721802, 0.8203384876251221, 0.31353187561035156
n,0.17186623811721802, 0.8203384876251221, 0.31353187561035156
n,0.17186623811721802, 0.8203384876251221, 0.31353187561035156
n,0.2921780049800873, 0.38835689425468445, 0.7514029145240784
n,0.2921780049800873, 0.38835689425468445, 0.7514029145240784
n,0.2921780049800873, 0.38835689425468445, 0.7514029145240784
n,-0.5560064315795898, -0.688915491104126, 0.13056699931621552
n,-0.5560064315795898, -0.688915491104126, 0.13056699931621552
n,-0.5560064315795898, -0.688915491104126, 0.13056699931621552
n,0.006652440410107374, -0.0030892209615558386, 0.8948416113853455
n,0.006652440410107374, -0.0030892209615558386, 0.8948416113853455
n,0.006652440410107374, -0.0030892209615558386, 0.8948416113853455
n,-0.47223347425460815, -0.3195778429508209, 0.6896817088127136
n,-0.47223347425460815, -0.3195778429508209, 0.6896817088127136
n,-0.47223347425460815, -0.3195778429508209, 0.6896817088127136
n,-0.5187864899635315, -0.7027491331100464, -0.1944211721420288
n,-0.5187864899635315, -0.7027491331100464, -0.1944211721420288
n,-0.5187864899635315, -0.7027491331100464, -0.1944211721420288
n,-0.15760192275047302, -0.854733407497406, -0.21304412186145782
n,-0.15760192275047302, -0.854733407497406, -0.21304412186145782
n,-0.15760192275047302, -0.854733407497406, -0.21304412186145782
n,-0.17787033319473267, -0.845749020576477, -0.23209108412265778
n,-0.17787033319473267, -0.845749020576477, -0.23209108412265778
n,-0.17787033319473267, -0.845749020576477, -0.23209108412265778
n,0.4280238747596741, -0.4892617464065552, 0.6149908900260925
n,0.4280238747596741, -0.4892617464065552, 0.6149908900260925
n,0.4280238747596741, -0.4892617464065552, 0.6149908900260925
n,-0.7729712724685669, 0.3124718964099884, -0.32507240772247314
n,-0.7729712724685669, 0.3124718964099884, -0.32507240772247314
n,-0.7729712724685669, 0.3124718964099884, -0.32507240772247314
n,0.2869940996170044, -0.491226464509964, 0.6907434463500977
n,0.2869940996170044, -0.491226464509964, 0.6907434463500977
n,0.2869940996170044, -0.491226464509964, 0.6907434463500977
n,0.6744294166564941, -0.3418220579624176, 0.47864198684692383
n,0.6744294166564941, -0.3418220579624176, 0.47864198684692383
n,0.6744294166564941, -0.3418220579624176, 0.47864198684692383
n,0.77167147397995, 0.21870161592960358, -0.3968476951122284
n,0.77167147397995, 0.21870161592960358, -0.3968476951122284
n,0.77167147397995, 0.21870161592960358, -0.3968476951122284
n,0.04039561748504639, 0.7013499736785889, -0.5543210506439209
n,0.04039561748504639, 0.7013499736785889, -0.5543210506439209
n,0.04039561748504639, 0.7013499736785889, -0.5543210506439209
n,-0.6442369222640991, 0.4557044506072998, -0.4220042824745178
n,-0.6442369222640991, 0.4557044506072998, -0.4220042824745178
n,-0.6442369222640991, 0.4557044506072998, -0.4220042824745178
n,0.623475193977356, 0.640677273273468, 0.04008469730615616
n,0.623475193977356, 0.640677273273468, 0.04008469730615616
n,0.623475193977356, 0.640677273273468, 0.04008469730615616
n,-0.7215320467948914, -0.5118361711502075, -0.13494737446308136
n,-0.7215320467948914, -0.5118361711502075, -0.13494737446308136
n,-0.7215320467948914, -0.5118361711502075, -0.13494737446308136
n,0.2062109112739563, 0.49283814430236816, 0.7179017663002014
n,0.2062109112739563, 0.49283814430236816, 0.7179017663002014
n,0.2062109112739563, 0.49283814430236816, 0.7179017663002014
n,-0.535748302936554, 0.15464168787002563, 0.699896514415741
n,-0.535748302936554, 0.15464168787002563, 0.699896514415741
n,-0.535748302936554, 0.15464168787002563, 0.699896514415741
n,0.7987744808197021, -0.29998552799224854, -0.269747257232666
n,0.7987744808197021, -0.29998552799224854, -0.269747257232666
n,0.7987744808197021, -0.29998552799224854, -0.269747257232666
n,0.2094736546278, 0.5179452300071716, -0.6990342736244202
n,0.2094736546278, 0.5179452300071716, -0.6990342736244202
n,0.2094736546278, 0.5179452300071716, -0.6990342736244202
n,-0.7819736003875732, 0.047759413719177246, -0.43247172236442566
n,-0.7819736003875732, 0.047759413719177246, -0.43247172236442566
n,-0.7819736003875732, 0.047759413719177246, -0.43247172236442566
n,-0.5424671769142151, -0.4421972632408142, -0.5576614737510681
n,-0.5424671769142151, -0.4421972632408142, -0.5576614737510681
n,-0.5424671769142151, -0.4421972632408142, -0.5576614737510681
n,-0.2860444486141205, 0.8217567801475525, 0.20902106165885925
n,-0.2860444486141205, 0.8217567801475525, 0.20902106165885925
n,-0.2860444486141205, 0.8217567801475525, 0.20902106165885925
n,-0.08939939737319946, -0.5020937919616699, 0.7353264093399048
n,-0.08939939737319946, -0.5020937919616699, 0.7353264093399048
n,-0.08939939737319946, -0.5020937919616699, 0.7353264093399048
n,0.11203865706920624, -0.49933019280433655, -0.7341063618659973
n,0.11203865706920624, -0.49933019280433655, -0.7341063618659973
n,0.11203865706920624, -0.49933019280433655, -0.7341063618659973
n,0.03512716665863991, 0.030921559780836105, 0.8936471939086914
n,0.03512716665863991, 0.030921559780836105, 0.8936471939086914
n,0.03512716665863991, 0.030921559780836105, 0.8936471939086914
n,-0.32932350039482117, 0.8319815397262573, -0.012173622846603394
n,-0.32932350039482117, 0.8319815397262573, -0.012173622846603394
n,-0.32932350039482117, 0.8319815397262573, -0.012173622846603394
n,0.23982501029968262, -0.8619859218597412, -0.016117611899971962
n,0.23982501029968262, -0.8619859218597412, -0.016117611899971962
n,0.23982501029968262, -0.8619859218597412, -0.016117611899971962
n,-0.1891343593597412, 0.8745837807655334, -0.011263441294431686
n,-0.1891343593597412, 0.8745837807655334, -0.011263441294431686
n,-0.1891343593597412, 0.8745837807655334, -0.011263441294431686
n,0.04412566125392914, 0.261704683303833, -0.8546104431152344
n,0.04412566125392914, 0.261704683303833, -0.8546104431152344
n,0.04412566125392914, 0.261704683303833, -0.8546104431152344
n,0.41350579261779785, -0.7933634519577026, -0.019565129652619362
n,0.41350579261779785, -0.7933634519577026, -0.019565129652619362
n,0.41350579261779785, -0.7933634519577026, -0.019565129652619362
n,0.1223287433385849, -0.15140733122825623, 0.8734453916549683
n,0.1223287433385849, -0.15140733122825623, 0.8734453916549683
n,0.1223287433385849, -0.15140733122825623, 0.8734453916549683
n,0.06536582112312317, 0.8902895450592041, 0.06250832974910736
n,0.06536582112312317, 0.8902895450592041, 0.06250832974910736
n,0.06536582112312317, 0.8902895450592041, 0.06250832974910736
n,0.8715322613716125, -0.1978013813495636, -0.04584422707557678
n,0.8715322613716125, -0.1978013813495636, -0.04584422707557678
n,0.8715322613716125, -0.1978013813495636, -0.04584422707557678
n,0.5862786769866943, 0.3133915960788727, -0.5990479588508606
n,0.5862786769866943, 0.3133915960788727, -0.5990479588508606
n,0.5862786769866943, 0.3133915960788727, -0.5990479588508606
n,0.029715433716773987, -0.4738335907459259, 0.758547306060791
n,0.029715433716773987, -0.4738335907459259, 0.758547306060791
n,0.029715433716773987, -0.4738335907459259, 0.758547306060791
n,-0.29034626483917236, 0.8464599847793579, 1.735056866891682e-05
n,-0.29034626483917236, 0.8464599847793579, 1.735056866891682e-05
n,-0.29034626483917236, 0.8464599847793579, 1.735056866891682e-05
n,-0.6616172194480896, -0.4836782217025757, -0.35932356119155884
n,-0.6616172194480896, -0.4836782217025757, -0.35932356119155884
n,-0.6616172194480896, -0.4836782217025757, -0.35932356119155884
n,0.506086528301239, 0.31214776635169983, 0.6687567830085754
n,0.506086528301239, 0.31214776635169983, 0.6687567830085754
n,0.506086528301239, 0.31214776635169983, 0.6687567830085754
n,-0.7250229120254517, 0.5208076238632202, 0.06242264062166214
n,-0.7250229120254517, 0.5208076238632202, 0.06242264062166214
n,-0.7250229120254517, 0.5208076238632202, 0.06242264062166214
n,-0.29037749767303467, 0.8464492559432983, -3.336590089020319e-05
n,-0.29037749767303467, 0.8464492559432983, -3.336590089020319e-05
n,-0.29037749767303467, 0.8464492559432983, -3.336590089020319e-05
n,-0.29047590494155884, 0.8464154601097107, 1.344296833849512e-05
n,-0.29047590494155884, 0.8464154601097107, 1.344296833849512e-05
n,-0.29047590494155884, 0.8464154601097107, 1.344296833849512e-05
n,-0.8764336109161377, -0.15357501804828644, -0.09525834769010544
n,-0.8764336109161377, -0.15357501804828644, -0.09525834769010544
n,-0.8764336109161377, -0.15357501804828644, -0.09525834769010544
n,0.623924732208252, -0.11113619804382324, 0.6317927241325378
n,0.623924732208252, -0.11113619804382324, 0.6317927241325378
n,0.623924732208252, -0.11113619804382324, 0.6317927241325378
n,-0.29125699400901794, 0.8461469411849976, -0.00034163592499680817
n,-0.29125699400901794, 0.8461469411849976, -0.00034163592499680817
n,-0.29125699400901794, 0.8461469411849976, -0.00034163592499680817
n,0.30279475450515747, -0.8247966170310974, -0.16976825892925262
n,0.30279475450515747, -0.8247966170310974, -0.16976825892925262
n,0.30279475450515747, -0.8247966170310974, -0.16976825892925262
n,-0.889945924282074, -0.09374511241912842, -0.001875083427876234
n,-0.889945924282074, -0.09374511241912842, -0.001875083427876234
n,-0.889945924282074, -0.09374511241912842, -0.001875083427876234
n,-0.7168369889259338, -0.08992576599121094, -0.5280656814575195
n,-0.7168369889259338, -0.08992576599121094, -0.5280656814575195
n,-0.7168369889259338, -0.08992576599121094, -0.5280656814575195
n,-0.2903684973716736, 0.8464523553848267, 3.139213004033081e-05
n,-0.2903684973716736, 0.8464523553848267, 3.139213004033081e-05
n,-0.2903684973716736, 0.8464523553848267, 3.139213004033081e-05
n,0.29031383991241455, -0.8464710116386414, -6.768640741938725e-05
n,0.29031383991241455, -0.8464710116386414, -6.768640741938725e-05
n,0.29031383991241455, -0.8464710116386414, -6.768640741938725e-05
n,-0.2467385083436966, -0.05160200595855713, 0.8586342334747314
n,-0.2467385083436966, -0.05160200595855713, 0.8586342334747314
n,-0.2467385083436966, -0.05160200595855713, 0.8586342334747314
n,-0.2902557849884033, 0.8464909791946411, 8.175770744855981e-07
n,-0.2902557849884033, 0.8464909791946411, 8.175770744855981e-07
n,-0.2902557849884033, 0.8464909791946411, 8.175770744855981e-07
n,0.5309891700744629, -0.10699549317359924, -0.7123186588287354
n,0.5309891700744629, -0.10699549317359924, -0.7123186588287354
n,0.5309891700744629, -0.10699549317359924, -0.7123186588287354
n,0.5883437395095825, 0.27546802163124084, -0.6154384613037109
n,0.5883437395095825, 0.27546802163124084, -0.6154384613037109
n,0.5883437395095825, 0.27546802163124084, -0.6154384613037109
n,0.7039803266525269, 0.14646902680397034, 0.5326855182647705
n,0.7039803266525269, 0.14646902680397034, 0.5326855182647705
n,0.7039803266525269, 0.14646902680397034, 0.5326855182647705
n,-0.2071513533592224, -0.08318749815225601, 0.8665814995765686
n,-0.2071513533592224, -0.08318749815225601, 0.8665814995765686
n,-0.2071513533592224, -0.08318749815225601, 0.8665814995765686
n,-0.0400061160326004, 0.6481897234916687, -0.6156663298606873
n,-0.0400061160326004, 0.6481897234916687, -0.6156663298606873
n,-0.0400061160326004, 0.6481897234916687, -0.6156663298606873
n,0.2903892397880554, -0.8464452028274536, -2.787938319670502e-05
n,0.2903892397880554, -0.8464452028274536, -2.787938319670502e-05
n,0.2903892397880554, -0.8464452028274536, -2.787938319670502e-05
n,-0.2903980016708374, 0.8464422225952148, 3.101712354691699e-05
n,-0.2903980016708374, 0.8464422225952148, 3.101712354691699e-05
n,-0.2903980016708374, 0.8464422225952148, 3.101712354691699e-05
n,0.2567022740840912, 0.2237214297056198, -0.8275554180145264
n,0.2567022740840912, 0.2237214297056198, -0.8275554180145264
n,0.2567022740840912, 0.2237214297056198, -0.8275554180145264
n,0.16505789756774902, 0.7869492769241333, 0.3927624225616455
n,0.16505789756774902, 0.7869492769241333, 0.3927624225616455
n,0.16505789756774902, 0.7869492769241333, 0.3927624225616455
n,0.1397119015455246, -0.2472851276397705, -0.8486023545265198
n,0.1397119015455246, -0.2472851276397705, -0.8486023545265198
n,0.1397119015455246, -0.2472851276397705, -0.8486023545265198
n,0.41899657249450684, 0.778670608997345, -0.1375114470720291
n,0.41899657249450684, 0.778670608997345, -0.1375114470720291
n,0.41899657249450684, 0.778670608997345, -0.1375114470720291
n,-0.6218256950378418, -0.5494358539581299, -0.33503496646881104
n,-0.6218256950378418, -0.5494358539581299, -0.33503496646881104
n,-0.6218256950378418, -0.5494358539581299, -0.33503496646881104
n,-0.8192569613456726, -0.1800762116909027, 0.3117465674877167
n,-0.8192569613456726, -0.1800762116909027, 0.3117465674877167
n,-0.8192569613456726, -0.1800762116909027, 0.3117465674877167
n,-0.711437463760376, -0.016074776649475098, 0.542580783367157
n,-0.711437463760376, -0.016074776649475098, 0.542580783367157
n,-0.711437463760376, -0.016074776649475098, 0.542580783367157
n,-0.676052987575531, -0.008354336023330688, 0.5862405896186829
n,-0.676052987575531, -0.008354336023330688, 0.5862405896186829
n,-0.676052987575531, -0.008354336023330688, 0.5862405896186829
n,-0.6404576301574707, -0.09770868718624115, -0.6173025965690613
n,-0.6404576301574707, -0.09770868718624115, -0.6173025965690613
n,-0.6404576301574707, -0.09770868718624115, -0.6173025965690613
n,-0.22659911215305328, 0.12781281769275665, -0.8562196493148804
n,-0.22659911215305328, 0.12781281769275665, -0.8562196493148804
n,-0.22659911215305328, 0.12781281769275665, -0.8562196493148804
n,0.33482617139816284, -0.12528637051582336, -0.8203597664833069
n,0.33482617139816284, -0.12528637051582336, -0.8203597664833069
n,0.33482617139816284, -0.12528637051582336, -0.8203597664833069
n,0.7139205932617188, 0.39395439624786377, 0.36866334080696106
n,0.7139205932617188, 0.39395439624786377, 0.36866334080696106
n,0.7139205932617188, 0.39395439624786377, 0.36866334080696106
n,-0.2470158040523529, -0.853273868560791, 0.108177550137043
n,-0.2470158040523529, -0.853273868560791, 0.108177550137043
n,-0.2470158040523529, -0.853273868560791, 0.108177550137043
n,0.24032920598983765, -0.2853749394416809, -0.8133869767189026
n,0.24032920598983765, -0.2853749394416809, -0.8133869767189026
n,0.24032920598983765, -0.2853749394416809, -0.8133869767189026
n,-0.7448871731758118, 0.2092512547969818, 0.4496137201786041
n,-0.7448871731758118, 0.2092512547969818, 0.4496137201786041
n,-0.7448871731758118, 0.2092512547969818, 0.4496137201786041
n,0.6597766280174255, -0.3508480191230774, 0.4923372268676758
n,0.6597766280174255, -0.3508480191230774, 0.4923372268676758
n,0.6597766280174255, -0.3508480191230774, 0.4923372268676758
n,-0.5274015069007874, -0.22898992896080017, 0.6857160925865173
n,-0.5274015069007874, -0.22898992896080017, 0.6857160925865173
n,-0.5274015069007874, -0.22898992896080017, 0.6857160925865173
n,0.31726670265197754, 0.24205513298511505, -0.8009660243988037
n,0.31726670265197754, 0.24205513298511505, -0.8009660243988037
n,0.31726670265197754, 0.24205513298511505, -0.8009660243988037
n,-0.5557175874710083, -0.6352419853210449, -0.29739031195640564
n,-0.5557175874710083, -0.6352419853210449, -0.29739031195640564
n,-0.5557175874710083, -0.6352419853210449, -0.29739031195640564
n,-0.6616418957710266, -0.4836466312408447, -0.359320729970932
n,-0.6616418957710266, -0.4836466312408447, -0.359320729970932
n,-0.6616418957710266, -0.4836466312408447, -0.359320729970932
n,0.30384761095046997, -0.6914064288139343, 0.4800303876399994
n,0.30384761095046997, -0.6914064288139343, 0.4800303876399994
n,0.30384761095046997, -0.6914064288139343, 0.4800303876399994
n,-0.8146179914474487, 0.3475169539451599, 0.12816041707992554
n,-0.8146179914474487, 0.3475169539451599, 0.12816041707992554
n,-0.8146179914474487, 0.3475169539451599, 0.12816041707992554
n,0.7633135318756104, -0.45343348383903503, -0.11200873553752899
n,0.7633135318756104, -0.45343348383903503, -0.11200873553752899
n,0.7633135318756104, -0.45343348383903503, -0.11200873553752899
n,0.5862888693809509, 0.3133663833141327, -0.5990511775016785
n,0.5862888693809509, 0.3133663833141327, -0.5990511775016785
n,0.5862888693809509, 0.3133663833141327, -0.5990511775016785
n,-0.29037386178970337, 0.8464505076408386, -3.509096859488636e-05
n,-0.29037386178970337, 0.8464505076408386, -3.509096859488636e-05
n,-0.29037386178970337, 0.8464505076408386, -3.509096859488636e-05
n,-0.2903859317302704, 0.8464463949203491, -2.9349475880735554e-05
n,-0.2903859317302704, 0.8464463949203491, -2.9349475880735554e-05
n,-0.2903859317302704, 0.8464463949203491, -2.9349475880735554e-05
n,-0.2071598470211029, -0.08318234235048294, 0.8665800094604492
n,-0.2071598470211029, -0.08318234235048294, 0.8665800094604492
n,-0.2071598470211029, -0.08318234235048294, 0.8665800094604492
n,-0.28942328691482544, 0.8467759490013123, 0.0003729448944795877
n,-0.28942328691482544, 0.8467759490013123, 0.0003729448944795877
n,-0.28942328691482544, 0.8467759490013123, 0.0003729448944795877
n,-0.6760680079460144, -0.008328884840011597, 0.5862235426902771
n,-0.6760680079460144, -0.008328884840011597, 0.5862235426902771
n,-0.6760680079460144, -0.008328884840011597, 0.5862235426902771
n,0.1327599585056305, -0.8273640275001526, 0.3140684962272644
n,0.1327599585056305, -0.8273640275001526, 0.3140684962272644
n,0.1327599585056305, -0.8273640275001526, 0.3140684962272644
n,-0.2265993058681488, 0.12781250476837158, -0.8562196493148804
n,-0.2265993058681488, 0.12781250476837158, -0.8562196493148804
n,-0.2265993058681488, 0.12781250476837158, -0.8562196493148804
n,0.33484768867492676, -0.12529674172401428, -0.820349395275116
n,0.33484768867492676, -0.12529674172401428, -0.820349395275116
n,0.33484768867492676, -0.12529674172401428, -0.820349395275116
n,0.7139202356338501, 0.39395737648010254, 0.36866095662117004
n,0.7139202356338501, 0.39395737648010254, 0.36866095662117004
n,0.7139202356338501, 0.39395737648010254, 0.36866095662117004
n,0.019365666434168816, -0.057574354112148285, 0.89280766248703
n,0.019365666434168816, -0.057574354112148285, 0.89280766248703
n,0.019365666434168816, -0.057574354112148285, 0.89280766248703
n,-0.5754172801971436, 0.6155874729156494, -0.30123499035835266
n,-0.5754172801971436, 0.6155874729156494, -0.30123499035835266
n,-0.5754172801971436, 0.6155874729156494, -0.30123499035835266
n,-0.003075018525123596, 0.4983617961406708, -0.7432506680488586
n,-0.003075018525123596, 0.4983617961406708, -0.7432506680488586
n,-0.003075018525123596, 0.4983617961406708, -0.7432506680488586
n,0.3709871172904968, 0.2648625671863556, 0.7700725793838501
n,0.3709871172904968, 0.2648625671863556, 0.7700725793838501
n,0.3709871172904968, 0.2648625671863556, 0.7700725793838501
n,0.4558069109916687, -0.7329062819480896, 0.23639750480651855
n,0.4558069109916687, -0.7329062819480896, 0.23639750480651855
n,0.4558069109916687, -0.7329062819480896, 0.23639750480651855
n,0.33735835552215576, -0.5946031808853149, -0.5774354934692383
n,0.33735835552215576, -0.5946031808853149, -0.5774354934692383
n,0.33735835552215576, -0.5946031808853149, -0.5774354934692383
n,0.15026292204856873, 0.7277654409408569, -0.49857187271118164
n,0.15026292204856873, 0.7277654409408569, -0.49857187271118164
n,0.15026292204856873, 0.7277654409408569, -0.49857187271118164
n,-0.41966712474823, -0.7680456042289734, -0.18649636209011078
n,-0.41966712474823, -0.7680456042289734, -0.18649636209011078
n,-0.41966712474823, -0.7680456042289734, -0.18649636209011078
n,0.5507761240005493, -0.43404483795166016, 0.5559192299842834
n,0.5507761240005493, -0.43404483795166016, 0.5559192299842834
n,0.5507761240005493, -0.43404483795166016, 0.5559192299842834
n,-0.012237787246704102, 0.8736457824707031, -0.19336183369159698
n,-0.012237787246704102, 0.8736457824707031, -0.19336183369159698
n,-0.012237787246704102, 0.8736457824707031, -0.19336183369159698
n,-0.8141736388206482, -0.008419811725616455, 0.3712758421897888
n,-0.8141736388206482, -0.008419811725616455, 0.3712758421897888
n,-0.8141736388206482, -0.008419811725616455, 0.3712758421897888
n,-0.846587598323822, -0.2899731993675232, -0.0007331009255722165
n,-0.846587598323822, -0.2899731993675232, -0.0007331009255722165
n,-0.846587598323822, -0.2899731993675232, -0.0007331009255722165
n,-0.8202933669090271, -0.1042962372303009, -0.34210607409477234
n,-0.8202933669090271, -0.1042962372303009, -0.34210607409477234
n,-0.8202933669090271, -0.1042962372303009, -0.34210607409477234
n,-0.33333921432495117, -0.1613941341638565, 0.8146363496780396
n,-0.33333921432495117, -0.1613941341638565, 0.8146363496780396
n,-0.33333921432495117, -0.1613941341638565, 0.8146363496780396
n,-0.5697045922279358, -0.6634957790374756, 0.18975138664245605
n,-0.5697045922279358, -0.6634957790374756, 0.18975138664245605
n,-0.5697045922279358, -0.6634957790374756, 0.18975138664245605
n,-0.10601036250591278, -0.40002745389938354, -0.7934325933456421
n,-0.10601036250591278, -0.40002745389938354, -0.7934325933456421
n,-0.10601036250591278, -0.40002745389938354, -0.7934325933456421
n,-0.020405087620019913, 0.06060377135872841, 0.8925840258598328
n,-0.020405087620019913, 0.06060377135872841, 0.8925840258598328
n,-0.020405087620019913, 0.06060377135872841, 0.8925840258598328
n,-0.060310546308755875, -0.02069879323244095, 0.8925970792770386
n,-0.060310546308755875, -0.02069879323244095, 0.8925970792770386
n,-0.060310546308755875, -0.02069879323244095, 0.8925970792770386
n,0.020645026117563248, -0.060205165296792984, -0.8926054835319519
n,0.020645026117563248, -0.060205165296792984, -0.8926054835319519
n,0.020645026117563248, -0.060205165296792984, -0.8926054835319519
n,0.05716593563556671, 0.019620055332779884, 0.8928283452987671
n,0.05716593563556671, 0.019620055332779884, 0.8928283452987671
n,0.05716593563556671, 0.019620055332779884, 0.8928283452987671
n,-0.06007780879735947, -0.020623788237571716, -0.8926145434379578
n,-0.06007780879735947, -0.020623788237571716, -0.8926145434379578
n,-0.06007780879735947, -0.020623788237571716, -0.8926145434379578
n,0.8459775447845459, 0.2904110550880432, 0.027908464893698692
n,0.8459775447845459, 0.2904110550880432, 0.027908464893698692
n,0.8459775447845459, 0.2904110550880432, 0.027908464893698692
n,-0.020891159772872925, 0.0597534142434597, -0.8926300406455994
n,-0.020891159772872925, 0.0597534142434597, -0.8926300406455994
n,-0.020891159772872925, 0.0597534142434597, -0.8926300406455994
n,0.05695856362581253, 0.019553720951080322, -0.8928430676460266
n,0.05695856362581253, 0.019553720951080322, -0.8928430676460266
n,0.05695856362581253, 0.019553720951080322, -0.8928430676460266
n,-0.8459560871124268, -0.290414422750473, 0.028518611565232277
n,-0.8459560871124268, -0.290414422750473, 0.028518611565232277
n,-0.8459560871124268, -0.290414422750473, 0.028518611565232277
n,0.2906585931777954, -0.8463475704193115, -0.002989400876685977
n,0.2906585931777954, -0.8463475704193115, -0.002989400876685977
n,0.2906585931777954, -0.8463475704193115, -0.002989400876685977
n,-0.2902684807777405, 0.8464828133583069, -0.002563121262937784
n,-0.2902684807777405, 0.8464828133583069, -0.002563121262937784
n,-0.2902684807777405, 0.8464828133583069, -0.002563121262937784
n,0.7579430937767029, 0.4532339572906494, -0.14455705881118774
n,0.7579430937767029, 0.4532339572906494, -0.14455705881118774
n,0.7579430937767029, 0.4532339572906494, -0.14455705881118774
n,0.008143465034663677, -0.0047300406731665134, 0.8948221802711487
n,0.008143465034663677, -0.0047300406731665134, 0.8948221802711487
n,0.008143465034663677, -0.0047300406731665134, 0.8948221802711487
n,0.061462707817554474, 0.13682745397090912, -0.8822108507156372
n,0.061462707817554474, 0.13682745397090912, -0.8822108507156372
n,0.061462707817554474, 0.13682745397090912, -0.8822108507156372
n,0.011488143354654312, -0.03414526209235191, -0.8941462635993958
n,0.011488143354654312, -0.03414526209235191, -0.8941462635993958
n,0.011488143354654312, -0.03414526209235191, -0.8941462635993958
n,-0.02449977956712246, 0.08632232248783112, -0.890361487865448
n,-0.02449977956712246, 0.08632232248783112, -0.890361487865448
n,-0.02449977956712246, 0.08632232248783112, -0.890361487865448
n,0.3403494656085968, -0.6652036309242249, -0.49240410327911377
n,0.3403494656085968, -0.6652036309242249, -0.49240410327911377
n,0.3403494656085968, -0.6652036309242249, -0.49240410327911377
n,-0.018463969230651855, -0.8864604234695435, -0.12100610882043839
n,-0.018463969230651855, -0.8864604234695435, -0.12100610882043839
n,-0.018463969230651855, -0.8864604234695435, -0.12100610882043839
n,-0.5587692856788635, 0.688427209854126, -0.12099706381559372
n,-0.5587692856788635, 0.688427209854126, -0.12099706381559372
n,-0.5587692856788635, 0.688427209854126, -0.12099706381559372
n,-0.8233457803726196, 0.23082876205444336, 0.26384711265563965
n,-0.8233457803726196, 0.23082876205444336, 0.26384711265563965
n,-0.8233457803726196, 0.23082876205444336, 0.26384711265563965
n,0.8765458464622498, 0.10753092169761658, -0.14456820487976074
n,0.8765458464622498, 0.10753092169761658, -0.14456820487976074
n,0.8765458464622498, 0.10753092169761658, -0.14456820487976074
n,-0.5082162618637085, -0.6876735687255859, 0.26385006308555603
n,-0.5082162618637085, -0.6876735687255859, 0.26385006308555603
n,-0.5082162618637085, -0.6876735687255859, 0.26385006308555603
n,-0.6890490651130676, -0.5591834187507629, -0.11541528254747391
n,-0.6890490651130676, -0.5591834187507629, -0.11541528254747391
n,-0.6890490651130676, -0.5591834187507629, -0.11541528254747391
n,0.6885503530502319, -0.5088518261909485, 0.2603145241737366
n,0.6885503530502319, -0.5088518261909485, 0.2603145241737366
n,0.6885503530502319, -0.5088518261909485, 0.2603145241737366
n,-0.107367604970932, 0.8758609890937805, -0.14877918362617493
n,-0.107367604970932, 0.8758609890937805, -0.14877918362617493
n,-0.107367604970932, 0.8758609890937805, -0.14877918362617493
n,0.4528944492340088, -0.757328450679779, -0.1487802416086197
n,0.4528944492340088, -0.757328450679779, -0.1487802416086197
n,0.4528944492340088, -0.757328450679779, -0.1487802416086197
n,-0.8872057199478149, 0.01842436194419861, -0.11542101949453354
n,-0.8872057199478149, 0.01842436194419861, -0.11542101949453354
n,-0.8872057199478149, 0.01842436194419861, -0.11542101949453354
n,0.23117658495903015, 0.8243725299835205, 0.2603127360343933
n,0.23117658495903015, 0.8243725299835205, 0.2603127360343933
n,0.23117658495903015, 0.8243725299835205, 0.2603127360343933
n,0.21563006937503815, -0.6160391569137573, 0.6122048497200012
n,0.21563006937503815, -0.6160391569137573, 0.6122048497200012
n,0.21563006937503815, -0.6160391569137573, 0.6122048497200012
n,0.6170026659965515, 0.19868570566177368, 0.6169497966766357
n,0.6170026659965515, 0.19868570566177368, 0.6169497966766357
n,0.6170026659965515, 0.19868570566177368, 0.6169497966766357
n,-0.6229885816574097, -0.21373005211353302, 0.6058053970336914
n,-0.6229885816574097, -0.21373005211353302, 0.6058053970336914
n,-0.6229885816574097, -0.21373005211353302, 0.6058053970336914
n,-0.029632769525051117, -0.08557058870792389, -0.8902779817581177
n,-0.029632769525051117, -0.08557058870792389, -0.8902779817581177
n,-0.029632769525051117, -0.08557058870792389, -0.8902779817581177
n,-0.622649610042572, -0.21311867237091064, -0.6063689589500427
n,-0.622649610042572, -0.21311867237091064, -0.6063689589500427
n,-0.622649610042572, -0.21311867237091064, -0.6063689589500427
n,-0.2054089605808258, 0.6046595573425293, -0.626888632774353
n,-0.2054089605808258, 0.6046595573425293, -0.626888632774353
n,-0.2054089605808258, 0.6046595573425293, -0.626888632774353
n,0.19035866856575012, -0.5358938574790955, -0.6909245252609253
n,0.19035866856575012, -0.5358938574790955, -0.6909245252609253
n,0.19035866856575012, -0.5358938574790955, -0.6909245252609253
n,-0.182591050863266, 0.518947184085846, -0.7057972550392151
n,-0.182591050863266, 0.518947184085846, -0.7057972550392151
n,-0.182591050863266, 0.518947184085846, -0.7057972550392151
n,0.15873706340789795, -0.4603384733200073, -0.750790536403656
n,0.15873706340789795, -0.4603384733200073, -0.750790536403656
n,0.15873706340789795, -0.4603384733200073, -0.750790536403656
n,-0.8020716905593872, -0.32058194279670715, -0.23388826847076416
n,-0.8020716905593872, -0.32058194279670715, -0.23388826847076416
n,-0.8020716905593872, -0.32058194279670715, -0.23388826847076416
n,0.30022844672203064, -0.8141396045684814, -0.21871237456798553
n,0.30022844672203064, -0.8141396045684814, -0.21871237456798553
n,0.30022844672203064, -0.8141396045684814, -0.21871237456798553
n,0.23766225576400757, 0.6068902611732483, 0.6131854057312012
n,0.23766225576400757, 0.6068902611732483, 0.6131854057312012
n,0.23766225576400757, 0.6068902611732483, 0.6131854057312012
n,0.3205632269382477, -0.8020798563957214, -0.2338860034942627
n,0.3205632269382477, -0.8020798563957214, -0.2338860034942627
n,0.3205632269382477, -0.8020798563957214, -0.2338860034942627
n,0.814135730266571, 0.3002702295780182, -0.21866917610168457
n,0.814135730266571, 0.3002702295780182, -0.21866917610168457
n,0.814135730266571, 0.3002702295780182, -0.21866917610168457
n,-0.6068898439407349, 0.23766277730464935, 0.6131856441497803
n,-0.6068898439407349, 0.23766277730464935, 0.6131856441497803
n,-0.6068898439407349, 0.23766277730464935, 0.6131856441497803
n,0.8020697236061096, 0.32058465480804443, -0.23389139771461487
n,0.8020697236061096, 0.32058465480804443, -0.23389139771461487
n,0.8020697236061096, 0.32058465480804443, -0.23389139771461487
n,-0.3002702295780182, 0.814135730266571, -0.21866917610168457
n,-0.3002702295780182, 0.814135730266571, -0.21866917610168457
n,-0.3002702295780182, 0.814135730266571, -0.21866917610168457
n,-0.23766225576400757, -0.6068902611732483, 0.6131854057312012
n,-0.23766225576400757, -0.6068902611732483, 0.6131854057312012
n,-0.23766225576400757, -0.6068902611732483, 0.6131854057312012
n,-0.3206016719341278, 0.8020616769790649, -0.23389571905136108
n,-0.3206016719341278, 0.8020616769790649, -0.23389571905136108
n,-0.3206016719341278, 0.8020616769790649, -0.23389571905136108
n,-0.814135730266571, -0.3002702295780182, -0.21866917610168457
n,-0.814135730266571, -0.3002702295780182, -0.21866917610168457
n,-0.814135730266571, -0.3002702295780182, -0.21866917610168457
n,0.606905996799469, -0.23764349520206451, 0.6131770610809326
n,0.606905996799469, -0.23764349520206451, 0.6131770610809326
n,0.606905996799469, -0.23764349520206451, 0.6131770610809326
n,0.3056822419166565, -0.6667637825012207, 0.5126206874847412
n,0.3056822419166565, -0.6667637825012207, 0.5126206874847412
n,0.3056822419166565, -0.6667637825012207, 0.5126206874847412
n,-0.25639715790748596, 0.8032635450363159, -0.2997058629989624
n,-0.25639715790748596, 0.8032635450363159, -0.2997058629989624
n,-0.25639715790748596, 0.8032635450363159, -0.2997058629989624
n,0.44205766916275024, -0.3854605555534363, -0.6758702993392944
n,0.44205766916275024, -0.3854605555534363, -0.6758702993392944
n,0.44205766916275024, -0.3854605555534363, -0.6758702993392944
n,0.1269102692604065, 0.7064093351364136, 0.5344858169555664
n,0.1269102692604065, 0.7064093351364136, 0.5344858169555664
n,0.1269102692604065, 0.7064093351364136, 0.5344858169555664
n,-0.8132206201553345, -0.002194911241531372, -0.3734471797943115
n,-0.8132206201553345, -0.002194911241531372, -0.3734471797943115
n,-0.8132206201553345, -0.002194911241531372, -0.3734471797943115
n,0.23061791062355042, -0.7258262038230896, -0.46987995505332947
n,0.23061791062355042, -0.7258262038230896, -0.46987995505332947
n,0.23061791062355042, -0.7258262038230896, -0.46987995505332947
n,0.02224230207502842, 0.0241045281291008, -0.8942704200744629
n,0.02224230207502842, 0.0241045281291008, -0.8942704200744629
n,0.02224230207502842, 0.0241045281291008, -0.8942704200744629
n,0.42342138290405273, 0.5566576719284058, 0.5582489371299744
n,0.42342138290405273, 0.5566576719284058, 0.5582489371299744
n,0.42342138290405273, 0.5566576719284058, 0.5582489371299744
n,-0.5774596929550171, 0.6370077729225159, 0.24810661375522614
n,-0.5774596929550171, 0.6370077729225159, 0.24810661375522614
n,-0.5774596929550171, 0.6370077729225159, 0.24810661375522614
n,-0.1350770890712738, -0.2526768445968628, 0.8477640748023987
n,-0.1350770890712738, -0.2526768445968628, 0.8477640748023987
n,-0.1350770890712738, -0.2526768445968628, 0.8477640748023987
n,-0.8660728335380554, -0.11409884691238403, 0.1941514015197754
n,-0.8660728335380554, -0.11409884691238403, 0.1941514015197754
n,-0.8660728335380554, -0.11409884691238403, 0.1941514015197754
n,-0.418701708316803, -0.6744990348815918, 0.4129592478275299
n,-0.418701708316803, -0.6744990348815918, 0.4129592478275299
n,-0.418701708316803, -0.6744990348815918, 0.4129592478275299
n,0.530106782913208, -0.3850240707397461, 0.609539806842804
n,0.530106782913208, -0.3850240707397461, 0.609539806842804
n,0.530106782913208, -0.3850240707397461, 0.609539806842804
n,0.10169091820716858, 0.1830127090215683, -0.8700348138809204
n,0.10169091820716858, 0.1830127090215683, -0.8700348138809204
n,0.10169091820716858, 0.1830127090215683, -0.8700348138809204
n,-0.7782522439956665, 0.4296584725379944, 0.10253041982650757
n,-0.7782522439956665, 0.4296584725379944, 0.10253041982650757
n,-0.7782522439956665, 0.4296584725379944, 0.10253041982650757
n,-0.39505085349082947, -0.7627795934677124, 0.2507938742637634
n,-0.39505085349082947, -0.7627795934677124, 0.2507938742637634
n,-0.39505085349082947, -0.7627795934677124, 0.2507938742637634
n,0.05565094202756882, -0.011655658483505249, -0.8930635452270508
n,0.05565094202756882, -0.011655658483505249, -0.8930635452270508
n,0.05565094202756882, -0.011655658483505249, -0.8930635452270508
n,0.06626357138156891, -0.0029024742543697357, -0.8924102187156677
n,0.06626357138156891, -0.0029024742543697357, -0.8924102187156677
n,0.06626357138156891, -0.0029024742543697357, -0.8924102187156677
n,-0.3721155524253845, -0.1265491098165512, 0.8039345741271973
n,-0.3721155524253845, -0.1265491098165512, 0.8039345741271973
n,-0.3721155524253845, -0.1265491098165512, 0.8039345741271973
n,-0.2396302968263626, 0.04815106838941574, -0.8608450293540955
n,-0.2396302968263626, 0.04815106838941574, -0.8608450293540955
n,-0.2396302968263626, 0.04815106838941574, -0.8608450293540955
n,0.5462074279785156, 0.6657023429870605, 0.24350203573703766
n,0.5462074279785156, 0.6657023429870605, 0.24350203573703766
n,0.5462074279785156, 0.6657023429870605, 0.24350203573703766
n,0.5209028124809265, 0.6723994016647339, 0.2780911922454834
n,0.5209028124809265, 0.6723994016647339, 0.2780911922454834
n,0.5209028124809265, 0.6723994016647339, 0.2780911922454834
n,-0.0069995783269405365, 0.02372129075229168, -0.8945298790931702
n,-0.0069995783269405365, 0.02372129075229168, -0.8945298790931702
n,-0.0069995783269405365, 0.02372129075229168, -0.8945298790931702
n,-0.029845256358385086, -0.09473205357789993, -0.889342725276947
n,-0.029845256358385086, -0.09473205357789993, -0.889342725276947
n,-0.029845256358385086, -0.09473205357789993, -0.889342725276947
n,-0.3916337490081787, 0.7927984595298767, -0.13743796944618225
n,-0.3916337490081787, 0.7927984595298767, -0.13743796944618225
n,-0.3916337490081787, 0.7927984595298767, -0.13743796944618225
n,0.49456432461738586, -0.5878500938415527, 0.45894864201545715
n,0.49456432461738586, -0.5878500938415527, 0.45894864201545715
n,0.49456432461738586, -0.5878500938415527, 0.45894864201545715
n,-0.4038650691509247, -0.7969010472297668, -0.05135389417409897
n,-0.4038650691509247, -0.7969010472297668, -0.05135389417409897
n,-0.4038650691509247, -0.7969010472297668, -0.05135389417409897
n,-0.15551340579986572, -0.8806048035621643, -0.03385607525706291
n,-0.15551340579986572, -0.8806048035621643, -0.03385607525706291
n,-0.15551340579986572, -0.8806048035621643, -0.03385607525706291
n,0.13023872673511505, -0.18132035434246063, 0.8665772080421448
n,0.13023872673511505, -0.18132035434246063, 0.8665772080421448
n,0.13023872673511505, -0.18132035434246063, 0.8665772080421448
n,0.05290783941745758, -0.04699108004570007, -0.8920695185661316
n,0.05290783941745758, -0.04699108004570007, -0.8920695185661316
n,0.05290783941745758, -0.04699108004570007, -0.8920695185661316
n,-0.02159728854894638, -0.02341138944029808, -0.8943046927452087
n,-0.02159728854894638, -0.02341138944029808, -0.8943046927452087
n,-0.02159728854894638, -0.02341138944029808, -0.8943046927452087
n,0.009316008538007736, -0.03216450288891792, -0.8942449688911438
n,0.009316008538007736, -0.03216450288891792, -0.8942449688911438
n,0.009316008538007736, -0.03216450288891792, -0.8942449688911438
n,0.8082456588745117, 0.13925093412399292, -0.3579714894294739
n,0.8082456588745117, 0.13925093412399292, -0.3579714894294739
n,0.8082456588745117, 0.13925093412399292, -0.3579714894294739
n,0.7636805772781372, 0.08100356161594391, 0.4593755304813385
n,0.7636805772781372, 0.08100356161594391, 0.4593755304813385
n,0.7636805772781372, 0.08100356161594391, 0.4593755304813385
n,-0.41346922516822815, -0.7935570478439331, -0.010287626646459103
n,-0.41346922516822815, -0.7935570478439331, -0.010287626646459103
n,-0.41346922516822815, -0.7935570478439331, -0.010287626646459103
n,-0.3405735492706299, 0.7405585646629333, 0.36929410696029663
n,-0.3405735492706299, 0.7405585646629333, 0.36929410696029663
n,-0.3405735492706299, 0.7405585646629333, 0.36929410696029663
n,0.21789295971393585, 0.6980628371238708, 0.5157774686813354
n,0.21789295971393585, 0.6980628371238708, 0.5157774686813354
n,0.21789295971393585, 0.6980628371238708, 0.5157774686813354
n,-0.8527997136116028, -0.25120434165000916, 0.10210011899471283
n,-0.8527997136116028, -0.25120434165000916, 0.10210011899471283
n,-0.8527997136116028, -0.25120434165000916, 0.10210011899471283
n,-0.779018223285675, 0.37823474407196045, 0.22553159296512604
n,-0.779018223285675, 0.37823474407196045, 0.22553159296512604
n,-0.779018223285675, 0.37823474407196045, 0.22553159296512604
n,-0.4661715626716614, -0.44269829988479614, 0.6224931478500366
n,-0.4661715626716614, -0.44269829988479614, 0.6224931478500366
n,-0.4661715626716614, -0.44269829988479614, 0.6224931478500366
n,0.5315753221511841, -0.6123715043067932, 0.378449946641922
n,0.5315753221511841, -0.6123715043067932, 0.378449946641922
n,0.5315753221511841, -0.6123715043067932, 0.378449946641922
n,6.794929504394531e-06, 0.8317462205886841, 0.330142080783844
n,6.794929504394531e-06, 0.8317462205886841, 0.330142080783844
n,6.794929504394531e-06, 0.8317462205886841, 0.330142080783844
n,-0.5316014289855957, 0.6124049425125122, 0.3783590793609619
n,-0.5316014289855957, 0.6124049425125122, 0.3783590793609619
n,-0.5316014289855957, 0.6124049425125122, 0.3783590793609619
n,-0.6170624494552612, -0.5224623084068298, 0.383487343788147
n,-0.6170624494552612, -0.5224623084068298, 0.383487343788147
n,-0.6170624494552612, -0.5224623084068298, 0.383487343788147
n,0.5159445405006409, 0.7288860082626343, 0.05763578787446022
n,0.5159445405006409, 0.7288860082626343, 0.05763578787446022
n,0.5159445405006409, 0.7288860082626343, 0.05763578787446022
n,0.8037567734718323, -0.39340606331825256, -0.0014703331980854273
n,0.8037567734718323, -0.39340606331825256, -0.0014703331980854273
n,0.8037567734718323, -0.39340606331825256, -0.0014703331980854273
n,-0.7708056569099426, -0.04554915428161621, -0.4523044228553772
n,-0.7708056569099426, -0.04554915428161621, -0.4523044228553772
n,-0.7708056569099426, -0.04554915428161621, -0.4523044228553772
n,0.804516077041626, -0.39137235283851624, -0.01941685937345028
n,0.804516077041626, -0.39137235283851624, -0.01941685937345028
n,0.804516077041626, -0.39137235283851624, -0.01941685937345028
n,-0.08691027015447617, -0.04124899208545685, 0.8896856904029846
n,-0.08691027015447617, -0.04124899208545685, 0.8896856904029846
n,-0.08691027015447617, -0.04124899208545685, 0.8896856904029846
n,-0.11741822957992554, 0.8841694593429565, -0.07247617840766907
n,-0.11741822957992554, 0.8841694593429565, -0.07247617840766907
n,-0.11741822957992554, 0.8841694593429565, -0.07247617840766907
n,0.7995680570602417, -0.3918133080005646, -0.0892673209309578
n,0.7995680570602417, -0.3918133080005646, -0.0892673209309578
n,0.7995680570602417, -0.3918133080005646, -0.0892673209309578
n,0.4404633641242981, 0.3819481134414673, 0.6788984537124634
n,0.4404633641242981, 0.3819481134414673, 0.6788984537124634
n,0.4404633641242981, 0.3819481134414673, 0.6788984537124634
n,-0.707818329334259, 0.5474879741668701, 0.006761815398931503
n,-0.707818329334259, 0.5474879741668701, 0.006761815398931503
n,-0.707818329334259, 0.5474879741668701, 0.006761815398931503
n,-0.47126904129981995, 0.2388439029455185, 0.7222565412521362
n,-0.47126904129981995, 0.2388439029455185, 0.7222565412521362
n,-0.47126904129981995, 0.2388439029455185, 0.7222565412521362
n,-0.43795883655548096, -0.38062572479248047, -0.6812572479248047
n,-0.43795883655548096, -0.38062572479248047, -0.6812572479248047
n,-0.43795883655548096, -0.38062572479248047, -0.6812572479248047
n,0.7989460229873657, -0.3871733546257019, -0.11214999109506607
n,0.7989460229873657, -0.3871733546257019, -0.11214999109506607
n,0.7989460229873657, -0.3871733546257019, -0.11214999109506607
n,-0.4617880582809448, -0.3665149509906769, -0.6732117533683777
n,-0.4617880582809448, -0.3665149509906769, -0.6732117533683777
n,-0.4617880582809448, -0.3665149509906769, -0.6732117533683777
n,-0.7037698030471802, 0.5522994995117188, 0.021651601418852806
n,-0.7037698030471802, 0.5522994995117188, 0.021651601418852806
n,-0.7037698030471802, 0.5522994995117188, 0.021651601418852806
n,0.3922697901725769, 0.8043015003204346, -0.004354889504611492
n,0.3922697901725769, 0.8043015003204346, -0.004354889504611492
n,0.3922697901725769, 0.8043015003204346, -0.004354889504611492
n,0.13092976808547974, -0.8630218505859375, 0.19709418714046478
n,0.13092976808547974, -0.8630218505859375, 0.19709418714046478
n,0.13092976808547974, -0.8630218505859375, 0.19709418714046478
n,0.8145363330841064, 0.025630921125411987, -0.36968764662742615
n,0.8145363330841064, 0.025630921125411987, -0.36968764662742615
n,0.8145363330841064, 0.025630921125411987, -0.36968764662742615
n,0.5207557678222656, -0.005714207887649536, -0.727719783782959
n,0.5207557678222656, -0.005714207887649536, -0.727719783782959
n,0.5207557678222656, -0.005714207887649536, -0.727719783782959
n,0.3932374119758606, 0.8038406372070312, 0.0001667383621679619
n,0.3932374119758606, 0.8038406372070312, 0.0001667383621679619
n,0.3932374119758606, 0.8038406372070312, 0.0001667383621679619
n,0.21094727516174316, -0.7828706502914429, 0.3786955177783966
n,0.21094727516174316, -0.7828706502914429, 0.3786955177783966
n,0.21094727516174316, -0.7828706502914429, 0.3786955177783966
n,-0.4312759339809418, 0.7827563881874084, 0.045704685151576996
n,-0.4312759339809418, 0.7827563881874084, 0.045704685151576996
n,-0.4312759339809418, 0.7827563881874084, 0.045704685151576996
n,-0.6348257660865784, -0.21949706971645355, 0.5912805795669556
n,-0.6348257660865784, -0.21949706971645355, 0.5912805795669556
n,-0.6348257660865784, -0.21949706971645355, 0.5912805795669556
n,-0.6915497183799744, -0.5364609956741333, -0.18645094335079193
n,-0.6915497183799744, -0.5364609956741333, -0.18645094335079193
n,-0.6915497183799744, -0.5364609956741333, -0.18645094335079193
n,-0.8035953044891357, 0.3937358856201172, 0.0014371927827596664
n,-0.8035953044891357, 0.3937358856201172, 0.0014371927827596664
n,-0.8035953044891357, 0.3937358856201172, 0.0014371927827596664
n,0.655421257019043, 0.17673933506011963, -0.5830793976783752
n,0.655421257019043, 0.17673933506011963, -0.5830793976783752
n,0.655421257019043, 0.17673933506011963, -0.5830793976783752
n,-0.8045798540115356, 0.39112424850463867, -0.02164585515856743
n,-0.8045798540115356, 0.39112424850463867, -0.02164585515856743
n,-0.8045798540115356, 0.39112424850463867, -0.02164585515856743
n,-0.22609132528305054, 0.18383900821208954, 0.8460977077484131
n,-0.22609132528305054, 0.18383900821208954, 0.8460977077484131
n,-0.22609132528305054, 0.18383900821208954, 0.8460977077484131
n,0.5084490776062012, 0.6809347867965698, 0.2803618609905243
n,0.5084490776062012, 0.6809347867965698, 0.2803618609905243
n,0.5084490776062012, 0.6809347867965698, 0.2803618609905243
n,-0.8055288791656494, 0.38976746797561646, -0.00014848141290713102
n,-0.8055288791656494, 0.38976746797561646, -0.00014848141290713102
n,-0.8055288791656494, 0.38976746797561646, -0.00014848141290713102
n,-0.11580991744995117, -0.5400568246841431, 0.704075276851654
n,-0.11580991744995117, -0.5400568246841431, 0.704075276851654
n,-0.11580991744995117, -0.5400568246841431, 0.704075276851654
n,-0.6402069330215454, -0.2330496907234192, 0.5801880955696106
n,-0.6402069330215454, -0.2330496907234192, 0.5801880955696106
n,-0.6402069330215454, -0.2330496907234192, 0.5801880955696106
n,0.4080491065979004, 0.37646377086639404, -0.7018306255340576
n,0.4080491065979004, 0.37646377086639404, -0.7018306255340576
n,0.4080491065979004, 0.37646377086639404, -0.7018306255340576
n,-0.18986693024635315, 0.6468333005905151, -0.5885173678398132
n,-0.18986693024635315, 0.6468333005905151, -0.5885173678398132
n,-0.18986693024635315, 0.6468333005905151, -0.5885173678398132
n,0.6483026146888733, -0.5973480939865112, -0.15386487543582916
n,0.6483026146888733, -0.5973480939865112, -0.15386487543582916
n,0.6483026146888733, -0.5973480939865112, -0.15386487543582916
n,0.1780860871076584, -0.8758347630500793, 0.04465680196881294
n,0.1780860871076584, -0.8758347630500793, 0.04465680196881294
n,0.1780860871076584, -0.8758347630500793, 0.04465680196881294
n,-0.7429457306861877, 0.2734624743461609, -0.4171874225139618
n,-0.7429457306861877, 0.2734624743461609, -0.4171874225139618
n,-0.7429457306861877, 0.2734624743461609, -0.4171874225139618
n,-0.7467412352561951, -0.19312380254268646, 0.4537358283996582
n,-0.7467412352561951, -0.19312380254268646, 0.4537358283996582
n,-0.7467412352561951, -0.19312380254268646, 0.4537358283996582
n,0.38445860147476196, -0.4084978401660919, 0.697220504283905
n,0.38445860147476196, -0.4084978401660919, 0.697220504283905
n,0.38445860147476196, -0.4084978401660919, 0.697220504283905
n,-0.7190925478935242, 0.14601346850395203, -0.5122317671775818
n,-0.7190925478935242, 0.14601346850395203, -0.5122317671775818
n,-0.7190925478935242, 0.14601346850395203, -0.5122317671775818
n,-0.36775851249694824, 0.4082760512828827, -0.7063000202178955
n,-0.36775851249694824, 0.4082760512828827, -0.7063000202178955
n,-0.36775851249694824, 0.4082760512828827, -0.7063000202178955
n,0.0, 0.0, -0.894871711730957
n,0.0, 0.0, -0.894871711730957
n,0.0, 0.0, -0.894871711730957
n,0.858180046081543, -0.250164657831192, 0.04171393811702728
n,0.858180046081543, -0.250164657831192, 0.04171393811702728
n,0.858180046081543, -0.250164657831192, 0.04171393811702728
n,0.392985463142395, 0.803962230682373, -0.001633141189813614
n,0.392985463142395, 0.803962230682373, -0.001633141189813614
n,0.392985463142395, 0.803962230682373, -0.001633141189813614
n,0.39411258697509766, 0.8032602667808533, -0.015606574714183807
n,0.39411258697509766, 0.8032602667808533, -0.015606574714183807
n,0.39411258697509766, 0.8032602667808533, -0.015606574714183807
n,0.3953491449356079, 0.8028042316436768, 0.00016347809287253767
n,0.3953491449356079, 0.8028042316436768, 0.00016347809287253767
n,0.3953491449356079, 0.8028042316436768, 0.00016347809287253767
n,0.8782662153244019, 0.1653144806623459, 0.045989979058504105
n,0.8782662153244019, 0.1653144806623459, 0.045989979058504105
n,0.8782662153244019, 0.1653144806623459, 0.045989979058504105
n,0.2835601270198822, -0.8265683054924011, -0.19280540943145752
n,0.2835601270198822, -0.8265683054924011, -0.19280540943145752
n,0.2835601270198822, -0.8265683054924011, -0.19280540943145752
n,-0.2836901843547821, 0.8269473910331726, 0.19097988307476044
n,-0.2836901843547821, 0.8269473910331726, 0.19097988307476044
n,-0.2836901843547821, 0.8269473910331726, 0.19097988307476044
n,0.8284545540809631, 0.27984994649887085, -0.1901116967201233
n,0.8284545540809631, 0.27984994649887085, -0.1901116967201233
n,0.8284545540809631, 0.27984994649887085, -0.1901116967201233
n,0.0625336617231369, -0.1822846233844757, 0.8738749027252197
n,0.0625336617231369, -0.1822846233844757, 0.8738749027252197
n,0.0625336617231369, -0.1822846233844757, 0.8738749027252197
n,-0.2835601270198822, 0.8265683054924011, -0.19280540943145752
n,-0.2835601270198822, 0.8265683054924011, -0.19280540943145752
n,-0.2835601270198822, 0.8265683054924011, -0.19280540943145752
n,-0.18229758739471436, -0.06253848969936371, -0.8738718032836914
n,-0.18229758739471436, -0.06253848969936371, -0.8738718032836914
n,-0.18229758739471436, -0.06253848969936371, -0.8738718032836914
n,0.28165799379348755, -0.8275390863418579, 0.19142436981201172
n,0.28165799379348755, -0.8275390863418579, 0.19142436981201172
n,0.28165799379348755, -0.8275390863418579, 0.19142436981201172
n,-0.8266413807868958, -0.2834174633026123, -0.19270175695419312
n,-0.8266413807868958, -0.2834174633026123, -0.19270175695419312
n,-0.8266413807868958, -0.2834174633026123, -0.19270175695419312
n,-0.0625336617231369, 0.1822846233844757, 0.8738749027252197
n,-0.0625336617231369, 0.1822846233844757, 0.8738749027252197
n,-0.0625336617231369, 0.1822846233844757, 0.8738749027252197
n,0.03620803356170654, -0.8941330313682556, 0.0032333803828805685
n,0.03620803356170654, -0.8941330313682556, 0.0032333803828805685
n,0.03620803356170654, -0.8941330313682556, 0.0032333803828805685
n,0.3865947425365448, 0.7866019010543823, -0.18054749071598053
n,0.3865947425365448, 0.7866019010543823, -0.18054749071598053
n,0.3865947425365448, 0.7866019010543823, -0.18054749071598053
n,0.453783243894577, -0.7490342855453491, -0.18391254544258118
n,0.453783243894577, -0.7490342855453491, -0.18391254544258118
n,0.453783243894577, -0.7490342855453491, -0.18391254544258118
n,-0.874248743057251, 0.08407297730445862, -0.1715116798877716
n,-0.874248743057251, 0.08407297730445862, -0.1715116798877716
n,-0.874248743057251, 0.08407297730445862, -0.1715116798877716
n,-0.8045288920402527, -0.39182737469673157, 1.417501920286668e-07
n,-0.8045288920402527, -0.39182737469673157, 1.417501920286668e-07
n,-0.8045288920402527, -0.39182737469673157, 1.417501920286668e-07
n,-0.18715041875839233, 0.14730636775493622, 0.8625954389572144
n,-0.18715041875839233, 0.14730636775493622, 0.8625954389572144
n,-0.18715041875839233, 0.14730636775493622, 0.8625954389572144
n,0.5003240704536438, -0.6763879060745239, -0.304910808801651
n,0.5003240704536438, -0.6763879060745239, -0.304910808801651
n,0.5003240704536438, -0.6763879060745239, -0.304910808801651
n,-0.7315225601196289, 0.3991842567920685, 0.32607078552246094
n,-0.7315225601196289, 0.3991842567920685, 0.32607078552246094
n,-0.7315225601196289, 0.3991842567920685, 0.32607078552246094
n,-0.804529070854187, -0.3918271064758301, 4.277604602975771e-06
n,-0.804529070854187, -0.3918271064758301, 4.277604602975771e-06
n,-0.804529070854187, -0.3918271064758301, 4.277604602975771e-06
n,-0.012620866298675537, -0.8341529965400696, -0.3237667679786682
n,-0.012620866298675537, -0.8341529965400696, -0.3237667679786682
n,-0.012620866298675537, -0.8341529965400696, -0.3237667679786682
n,-0.4699208736419678, 0.5045165419578552, 0.5704671740531921
n,-0.4699208736419678, 0.5045165419578552, 0.5704671740531921
n,-0.4699208736419678, 0.5045165419578552, 0.5704671740531921
n,0.5261494517326355, 0.5806099772453308, -0.4322664439678192
n,0.5261494517326355, 0.5806099772453308, -0.4322664439678192
n,0.5261494517326355, 0.5806099772453308, -0.4322664439678192
n,-0.019874989986419678, -0.8908705115318298, -0.08215993642807007
n,-0.019874989986419678, -0.8908705115318298, -0.08215993642807007
n,-0.019874989986419678, -0.8908705115318298, -0.08215993642807007
n,-0.2295236885547638, -0.8622890710830688, -0.06761614978313446
n,-0.2295236885547638, -0.8622890710830688, -0.06761614978313446
n,-0.2295236885547638, -0.8622890710830688, -0.06761614978313446
n,-0.8045290112495422, -0.39182716608047485, -4.264832398348517e-08
n,-0.8045290112495422, -0.39182716608047485, -4.264832398348517e-08
n,-0.8045290112495422, -0.39182716608047485, -4.264832398348517e-08
n,0.016088612377643585, -0.2496946007013321, 0.8591793179512024
n,0.016088612377643585, -0.2496946007013321, 0.8591793179512024
n,0.016088612377643585, -0.2496946007013321, 0.8591793179512024
n,-0.40268781781196594, 0.5751765370368958, -0.554806113243103
n,-0.40268781781196594, 0.5751765370368958, -0.554806113243103
n,-0.40268781781196594, 0.5751765370368958, -0.554806113243103
n,0.2805187702178955, 0.31394681334495544, 0.7896467447280884
n,0.2805187702178955, 0.31394681334495544, 0.7896467447280884
n,0.2805187702178955, 0.31394681334495544, 0.7896467447280884
n,-0.6450446844100952, -0.13253377377986908, -0.605927050113678
n,-0.6450446844100952, -0.13253377377986908, -0.605927050113678
n,-0.6450446844100952, -0.13253377377986908, -0.605927050113678
n,0.8045289516448975, 0.39182722568511963, -2.2662293019948265e-07
n,0.8045289516448975, 0.39182722568511963, -2.2662293019948265e-07
n,0.8045289516448975, 0.39182722568511963, -2.2662293019948265e-07
n,0.20059195160865784, 0.17394106090068817, -0.8545774817466736
n,0.20059195160865784, 0.17394106090068817, -0.8545774817466736
n,0.20059195160865784, 0.17394106090068817, -0.8545774817466736
n,0.6966503262519836, -0.5490959286689758, -0.11818387359380722
n,0.6966503262519836, -0.5490959286689758, -0.11818387359380722
n,0.6966503262519836, -0.5490959286689758, -0.11818387359380722
n,0.014133453369140625, -0.6944564580917358, -0.5642037987709045
n,0.014133453369140625, -0.6944564580917358, -0.5642037987709045
n,0.014133453369140625, -0.6944564580917358, -0.5642037987709045
n,-0.30105313658714294, -0.6470580697059631, -0.5398873090744019
n,-0.30105313658714294, -0.6470580697059631, -0.5398873090744019
n,-0.30105313658714294, -0.6470580697059631, -0.5398873090744019
n,-0.31955739855766296, 0.8311288356781006, 0.08890145272016525
n,-0.31955739855766296, 0.8311288356781006, 0.08890145272016525
n,-0.31955739855766296, 0.8311288356781006, 0.08890145272016525
n,0.5003241300582886, -0.6763879656791687, -0.30491068959236145
n,0.5003241300582886, -0.6763879656791687, -0.30491068959236145
n,0.5003241300582886, -0.6763879656791687, -0.30491068959236145
n,-0.804529070854187, -0.3918271064758301, 4.2775941437867004e-06
n,-0.804529070854187, -0.3918271064758301, 4.2775941437867004e-06
n,-0.804529070854187, -0.3918271064758301, 4.2775941437867004e-06
n,0.28051838278770447, 0.3139467239379883, 0.7896469235420227
n,0.28051838278770447, 0.3139467239379883, 0.7896469235420227
n,0.28051838278770447, 0.3139467239379883, 0.7896469235420227
n,0.696649968624115, -0.5490964651107788, -0.11818376183509827
n,0.696649968624115, -0.5490964651107788, -0.11818376183509827
n,0.696649968624115, -0.5490964651107788, -0.11818376183509827
n,0.633914053440094, 0.5954286456108093, -0.210744246840477
n,0.633914053440094, 0.5954286456108093, -0.210744246840477
n,0.633914053440094, 0.5954286456108093, -0.210744246840477
n,0.05713644623756409, 0.02780754491686821, 0.8926127552986145
n,0.05713644623756409, 0.02780754491686821, 0.8926127552986145
n,0.05713644623756409, 0.02780754491686821, 0.8926127552986145
n,0.02799854800105095, -0.057432763278484344, 0.8925877809524536
n,0.02799854800105095, -0.057432763278484344, 0.8925877809524536
n,0.02799854800105095, -0.057432763278484344, 0.8925877809524536
n,0.05981280654668808, 0.029544034972786903, -0.8923816084861755
n,0.05981280654668808, 0.029544034972786903, -0.8923816084861755
n,0.05981280654668808, 0.029544034972786903, -0.8923816084861755
n,0.02787468023598194, -0.05717867985367775, -0.8926079273223877
n,0.02787468023598194, -0.05717867985367775, -0.8926079273223877
n,0.02787468023598194, -0.05717867985367775, -0.8926079273223877
n,-0.39178404211997986, 0.8041768670082092, 0.02450224570930004
n,-0.39178404211997986, 0.8041768670082092, 0.02450224570930004
n,-0.39178404211997986, 0.8041768670082092, 0.02450224570930004
n,0.39178287982940674, -0.8041508197784424, 0.025357283651828766
n,0.39178287982940674, -0.8041508197784424, 0.025357283651828766
n,0.39178287982940674, -0.8041508197784424, 0.025357283651828766
n,0.8044134378433228, 0.39197537302970886, -0.00835441704839468
n,0.8044134378433228, 0.39197537302970886, -0.00835441704839468
n,0.8044134378433228, 0.39197537302970886, -0.00835441704839468
n,-0.8045963644981384, -0.3915863335132599, -0.008954362012445927
n,-0.8045963644981384, -0.3915863335132599, -0.008954362012445927
n,-0.8045963644981384, -0.3915863335132599, -0.008954362012445927
n,-0.6402507424354553, 0.6145116090774536, -0.11510797590017319
n,-0.6402507424354553, 0.6145116090774536, -0.11510797590017319
n,-0.6402507424354553, 0.6145116090774536, -0.11510797590017319
n,0.8567084074020386, 0.21175813674926758, -0.14833953976631165
n,0.8567084074020386, 0.21175813674926758, -0.14833953976631165
n,0.8567084074020386, 0.21175813674926758, -0.14833953976631165
n,-0.6949312090873718, -0.5439313650131226, -0.1483396589756012
n,-0.6949312090873718, -0.5439313650131226, -0.1483396589756012
n,-0.6949312090873718, -0.5439313650131226, -0.1483396589756012
n,-0.08905652165412903, 0.8829578161239624, -0.11510779708623886
n,-0.08905652165412903, 0.8829578161239624, -0.11510779708623886
n,-0.08905652165412903, 0.8829578161239624, -0.11510779708623886
n,0.6402477025985718, -0.6145146489143372, -0.11510918289422989
n,0.6402477025985718, -0.6145146489143372, -0.11510918289422989
n,0.6402477025985718, -0.6145146489143372, -0.11510918289422989
n,0.4059907793998718, 0.7537233829498291, 0.26051488518714905
n,0.4059907793998718, 0.7537233829498291, 0.26051488518714905
n,0.4059907793998718, 0.7537233829498291, 0.26051488518714905
n,-0.8567078113555908, -0.2117605209350586, -0.1483401358127594
n,-0.8567078113555908, -0.2117605209350586, -0.1483401358127594
n,-0.8567078113555908, -0.2117605209350586, -0.1483401358127594
n,0.6949323415756226, 0.5439300537109375, -0.148340106010437
n,0.6949323415756226, 0.5439300537109375, -0.148340106010437
n,0.6949323415756226, 0.5439300537109375, -0.148340106010437
n,0.08905807137489319, -0.8829575777053833, -0.11510821431875229
n,0.08905807137489319, -0.8829575777053833, -0.11510821431875229
n,0.08905807137489319, -0.8829575777053833, -0.11510821431875229
n,-0.8437296152114868, 0.14507833123207092, 0.26051488518714905
n,-0.8437296152114868, 0.14507833123207092, 0.26051488518714905
n,-0.8437296152114868, 0.14507833123207092, 0.26051488518714905
n,0.5857594609260559, 0.28898122906684875, 0.6116952896118164
n,0.5857594609260559, 0.28898122906684875, 0.6116952896118164
n,0.5857594609260559, 0.28898122906684875, 0.6116952896118164
n,0.3118991553783417, -0.5501387119293213, 0.6331364512443542
n,0.3118991553783417, -0.5501387119293213, 0.6331364512443542
n,0.3118991553783417, -0.5501387119293213, 0.6331364512443542
n,0.05979335308074951, -0.23337417840957642, -0.8618332743644714
n,0.05979335308074951, -0.23337417840957642, -0.8618332743644714
n,0.05979335308074951, -0.23337417840957642, -0.8618332743644714
n,0.06591956317424774, -0.1854279339313507, -0.8729642033576965
n,0.06591956317424774, -0.1854279339313507, -0.8729642033576965
n,0.06591956317424774, -0.1854279339313507, -0.8729642033576965
n,0.8920687437057495, -0.05919775366783142, -0.038785673677921295
n,0.8920687437057495, -0.05919775366783142, -0.038785673677921295
n,0.8920687437057495, -0.05919775366783142, -0.038785673677921295
n,-0.025977984070777893, -0.12564846873283386, 0.8856258392333984
n,-0.025977984070777893, -0.12564846873283386, 0.8856258392333984
n,-0.025977984070777893, -0.12564846873283386, 0.8856258392333984
n,-0.3034207224845886, -0.4589947462081909, 0.7057300806045532
n,-0.3034207224845886, -0.4589947462081909, 0.7057300806045532
n,-0.3034207224845886, -0.4589947462081909, 0.7057300806045532
n,0.39782682061195374, 0.43397706747055054, -0.673938512802124
n,0.39782682061195374, 0.43397706747055054, -0.673938512802124
n,0.39782682061195374, 0.43397706747055054, -0.673938512802124
n,0.8603615760803223, -0.19306141138076782, 0.15264572203159332
n,0.8603615760803223, -0.19306141138076782, 0.15264572203159332
n,0.8603615760803223, -0.19306141138076782, 0.15264572203159332
n,0.6337428092956543, -0.6055569648742676, -0.18018406629562378
n,0.6337428092956543, -0.6055569648742676, -0.18018406629562378
n,0.6337428092956543, -0.6055569648742676, -0.18018406629562378
n,-0.399810791015625, 0.8001301288604736, 0.027176234871149063
n,-0.399810791015625, 0.8001301288604736, 0.027176234871149063
n,-0.399810791015625, 0.8001301288604736, 0.027176234871149063
n,0.5581854581832886, 0.039426907896995544, 0.6983336806297302
n,0.5581854581832886, 0.039426907896995544, 0.6983336806297302
n,0.5581854581832886, 0.039426907896995544, 0.6983336806297302
n,-0.4209003448486328, 0.3628811240196228, -0.7013955116271973
n,-0.4209003448486328, 0.3628811240196228, -0.7013955116271973
n,-0.4209003448486328, 0.3628811240196228, -0.7013955116271973
n,-0.060899943113327026, 0.7626455426216125, -0.4641749858856201
n,-0.060899943113327026, 0.7626455426216125, -0.4641749858856201
n,-0.060899943113327026, 0.7626455426216125, -0.4641749858856201
n,-0.6030291318893433, -0.6611205339431763, 0.008425218984484673
n,-0.6030291318893433, -0.6611205339431763, 0.008425218984484673
n,-0.6030291318893433, -0.6611205339431763, 0.008425218984484673
n,0.30932390689849854, -0.27675294876098633, 0.7927938103675842
n,0.30932390689849854, -0.27675294876098633, 0.7927938103675842
n,0.30932390689849854, -0.27675294876098633, 0.7927938103675842
n,-0.43061888217926025, -0.3923552632331848, -0.679279088973999
n,-0.43061888217926025, -0.3923552632331848, -0.679279088973999
n,-0.43061888217926025, -0.3923552632331848, -0.679279088973999
n,0.0, 0.0, -0.894871711730957
n,0.0, 0.0, -0.894871711730957
n,0.0, 0.0, -0.894871711730957
n,0.7844323515892029, 0.3843885362148285, -0.1941823661327362
n,0.7844323515892029, 0.3843885362148285, -0.1941823661327362
n,0.7844323515892029, 0.3843885362148285, -0.1941823661327362
n,-0.3826247453689575, 0.7856336236000061, -0.19280436635017395
n,-0.3826247453689575, 0.7856336236000061, -0.19280436635017395
n,-0.3826247453689575, 0.7856336236000061, -0.19280436635017395
n,0.38606318831443787, -0.783284068107605, 0.19549119472503662
n,0.38606318831443787, -0.783284068107605, 0.19549119472503662
n,0.38606318831443787, -0.783284068107605, 0.19549119472503662
n,-0.7844324707984924, -0.3843885362148285, -0.19418232142925262
n,-0.7844324707984924, -0.3843885362148285, -0.19418232142925262
n,-0.7844324707984924, -0.3843885362148285, -0.19418232142925262
n,0.38247430324554443, -0.7856819033622742, -0.19290654361248016
n,0.38247430324554443, -0.7856819033622742, -0.19290654361248016
n,0.38247430324554443, -0.7856819033622742, -0.19290654361248016
n,-0.3828797936439514, 0.7854604125022888, 0.19300362467765808
n,-0.3828797936439514, 0.7854604125022888, 0.19300362467765808
n,-0.3828797936439514, 0.7854604125022888, 0.19300362467765808
n,0.849062979221344, 0.2822880744934082, 0.014181023463606834
n,0.849062979221344, 0.2822880744934082, 0.014181023463606834
n,0.849062979221344, 0.2822880744934082, 0.014181023463606834
n,-0.2903705835342407, 0.8464515805244446, -1.3653364476340357e-05
n,-0.2903705835342407, 0.8464515805244446, -1.3653364476340357e-05
n,-0.2903705835342407, 0.8464515805244446, -1.3653364476340357e-05
n,0.16911235451698303, 0.1677073836326599, 0.86259526014328
n,0.16911235451698303, 0.1677073836326599, 0.86259526014328
n,0.16911235451698303, 0.1677073836326599, 0.86259526014328
n,-0.7325517535209656, -0.41375604271888733, -0.304908812046051
n,-0.7325517535209656, -0.41375604271888733, -0.304908812046051
n,-0.7325517535209656, -0.41375604271888733, -0.304908812046051
n,0.4857456684112549, 0.677143931388855, 0.32607150077819824
n,0.4857456684112549, 0.677143931388855, 0.32607150077819824
n,0.4857456684112549, 0.677143931388855, 0.32607150077819824
n,-0.2903795838356018, 0.846448540687561, 2.4828761979733827e-06
n,-0.2903795838356018, 0.846448540687561, 2.4828761979733827e-06
n,-0.2903795838356018, 0.846448540687561, 2.4828761979733827e-06
n,-0.8263314962387085, 0.11465245485305786, -0.32376906275749207
n,-0.8263314962387085, 0.11465245485305786, -0.32376906275749207
n,-0.8263314962387085, 0.11465245485305786, -0.32376906275749207
n,0.5582503080368042, 0.4046255946159363, 0.5704648494720459
n,0.5582503080368042, 0.4046255946159363, 0.5704648494720459
n,0.5582503080368042, 0.4046255946159363, 0.5704648494720459
n,0.5118255615234375, -0.5932788848876953, -0.4322616457939148
n,0.5118255615234375, -0.5932788848876953, -0.4322616457939148
n,0.5118255615234375, -0.5932788848876953, -0.4322616457939148
n,-0.8817351460456848, 0.1287948489189148, -0.08216176182031631
n,-0.8817351460456848, 0.1287948489189148, -0.08216176182031631
n,-0.8817351460456848, 0.1287948489189148, -0.08216176182031631
n,-0.8277072906494141, 0.3333509862422943, -0.06762588769197464
n,-0.8277072906494141, 0.3333509862422943, -0.06762588769197464
n,-0.8277072906494141, 0.3333509862422943, -0.06762588769197464
n,-0.29042091965675354, 0.8464342951774597, -0.00018481729784980416
n,-0.29042091965675354, 0.8464342951774597, -0.00018481729784980416
n,-0.29042091965675354, 0.8464342951774597, -0.00018481729784980416
n,-0.2497856318950653, 0.014601781964302063, 0.8591794371604919
n,-0.2497856318950653, 0.014601781964302063, 0.8591794371604919
n,-0.2497856318950653, 0.014601781964302063, 0.8591794371604919
n,0.6201485395431519, 0.32923856377601624, -0.554809033870697
n,0.6201485395431519, 0.32923856377601624, -0.554809033870697
n,0.6201485395431519, 0.32923856377601624, -0.554809033870697
n,0.27724531292915344, -0.31685036420822144, 0.7896431684494019
n,0.27724531292915344, -0.31685036420822144, 0.7896431684494019
n,0.27724531292915344, -0.31685036420822144, 0.7896431684494019
n,-0.05255801975727081, 0.6564123034477234, -0.6059338450431824
n,-0.05255801975727081, 0.6564123034477234, -0.6059338450431824
n,-0.05255801975727081, 0.6564123034477234, -0.6059338450431824
n,0.2903737425804138, -0.8464505672454834, 1.50009600474732e-05
n,0.2903737425804138, -0.8464505672454834, 1.50009600474732e-05
n,0.2903737425804138, -0.8464505672454834, 1.50009600474732e-05
n,0.14807075262069702, -0.22038042545318604, -0.8545776605606079
n,0.14807075262069702, -0.22038042545318604, -0.8545776605606079
n,0.14807075262069702, -0.22038042545318604, -0.8545776605606079
n,-0.6302610635757446, -0.6241804361343384, -0.11817428469657898
n,-0.6302610635757446, -0.6241804361343384, -0.11817428469657898
n,-0.6302610635757446, -0.6241804361343384, -0.11817428469657898
n,-0.690962016582489, 0.0709901750087738, -0.5642050504684448
n,-0.690962016582489, 0.0709901750087738, -0.5642050504684448
n,-0.690962016582489, 0.0709901750087738, -0.5642050504684448
n,-0.6053343415260315, 0.3780199885368347, -0.5398765206336975
n,-0.6053343415260315, 0.3780199885368347, -0.5398765206336975
n,-0.6053343415260315, 0.3780199885368347, -0.5398765206336975
n,0.8639935255050659, 0.2154213935136795, 0.08890547603368759
n,0.8639935255050659, 0.2154213935136795, 0.08890547603368759
n,0.8639935255050659, 0.2154213935136795, 0.08890547603368759
n,-0.7325654625892639, -0.4137305021286011, -0.3049103915691376
n,-0.7325654625892639, -0.4137305021286011, -0.3049103915691376
n,-0.7325654625892639, -0.4137305021286011, -0.3049103915691376
n,-0.290375292301178, 0.8464500308036804, -1.105240880860947e-05
n,-0.290375292301178, 0.8464500308036804, -1.105240880860947e-05
n,-0.290375292301178, 0.8464500308036804, -1.105240880860947e-05
n,0.27724552154541016, -0.31685003638267517, 0.7896432280540466
n,0.27724552154541016, -0.31685003638267517, 0.7896432280540466
n,0.27724552154541016, -0.31685003638267517, 0.7896432280540466
n,-0.6302577257156372, -0.6241785883903503, -0.11820247024297714
n,-0.6302577257156372, -0.6241785883903503, -0.11820247024297714
n,-0.6302577257156372, -0.6241785883903503, -0.11820247024297714
n,0.5133594870567322, -0.7020188570022583, -0.21077710390090942
n,0.5133594870567322, -0.7020188570022583, -0.21077710390090942
n,0.5133594870567322, -0.7020188570022583, -0.21077710390090942
n,0.020603077486157417, -0.06011112779378891, 0.8926127552986145
n,0.020603077486157417, -0.06011112779378891, 0.8926127552986145
n,0.020603077486157417, -0.06011112779378891, 0.8926127552986145
n,-0.06042807176709175, -0.020756058394908905, 0.8925877809524536
n,-0.06042807176709175, -0.020756058394908905, 0.8925877809524536
n,-0.06042807176709175, -0.020756058394908905, 0.8925877809524536
n,0.021997828036546707, -0.06297745555639267, -0.8923817873001099
n,0.021997828036546707, -0.06297745555639267, -0.8923817873001099
n,0.021997828036546707, -0.06297745555639267, -0.8923817873001099
n,-0.06016070395708084, -0.020664222538471222, -0.8926079869270325
n,-0.06016070395708084, -0.020664222538471222, -0.8926079869270325
n,-0.06016070395708084, -0.020664222538471222, -0.8926079869270325
n,0.8460873961448669, 0.2903808355331421, 0.024709420278668404
n,0.8460873961448669, 0.2903808355331421, 0.024709420278668404
n,0.8460873961448669, 0.2903808355331421, 0.024709420278668404
n,-0.8460733294487, -0.2903828024864197, 0.025165341794490814
n,-0.8460733294487, -0.2903828024864197, 0.025165341794490814
n,-0.8460733294487, -0.2903828024864197, 0.025165341794490814
n,0.2905442416667938, -0.8463523983955383, -0.008189408108592033
n,0.2905442416667938, -0.8463523983955383, -0.008189408108592033
n,0.2905442416667938, -0.8463523983955383, -0.008189408108592033
n,-0.29013267159461975, 0.8464853167533875, -0.009005295112729073
n,-0.29013267159461975, 0.8464853167533875, -0.009005295112729073
n,-0.29013267159461975, 0.8464853167533875, -0.009005295112729073
n,0.6882933974266052, 0.5601752996444702, -0.11511410772800446
n,0.6882933974266052, 0.5601752996444702, -0.11511410772800446
n,0.6882933974266052, 0.5601752996444702, -0.11511410772800446
n,0.10525190830230713, -0.8761931657791138, -0.14833404123783112
n,0.10525190830230713, -0.8761931657791138, -0.14833404123783112
n,0.10525190830230713, -0.8761931657791138, -0.14833404123783112
n,-0.4547644555568695, 0.7562939524650574, -0.148338183760643
n,-0.4547644555568695, 0.7562939524650574, -0.148338183760643
n,-0.4547644555568695, 0.7562939524650574, -0.148338183760643
n,0.8872181177139282, -0.019677549600601196, -0.11511828005313873
n,0.8872181177139282, -0.019677549600601196, -0.11511828005313873
n,0.8872181177139282, -0.019677549600601196, -0.11511828005313873
n,-0.6882463693618774, -0.5602370500564575, -0.1150948777794838
n,-0.6882463693618774, -0.5602370500564575, -0.1150948777794838
n,-0.6882463693618774, -0.5602370500564575, -0.1150948777794838
n,0.6983428001403809, -0.49522167444229126, 0.2605154514312744
n,0.6983428001403809, -0.49522167444229126, 0.2605154514312744
n,0.6983428001403809, -0.49522167444229126, 0.2605154514312744
n,-0.10531485080718994, 0.876183032989502, -0.14834940433502197
n,-0.10531485080718994, 0.876183032989502, -0.14834940433502197
n,-0.10531485080718994, 0.876183032989502, -0.14834940433502197
n,0.45476415753364563, -0.7562945485115051, -0.14833611249923706
n,0.45476415753364563, -0.7562945485115051, -0.14833611249923706
n,0.45476415753364563, -0.7562945485115051, -0.14833611249923706
n,-0.8872183561325073, 0.019706785678863525, -0.11511122435331345
n,-0.8872183561325073, 0.019706785678863525, -0.11511122435331345
n,-0.8872183561325073, 0.019706785678863525, -0.11511122435331345
n,0.24725347757339478, 0.8196298480033875, 0.2605150640010834
n,0.24725347757339478, 0.8196298480033875, 0.2605150640010834
n,0.24725347757339478, 0.8196298480033875, 0.2605150640010834
n,0.21509237587451935, -0.6167310476303101, 0.611697256565094
n,0.21509237587451935, -0.6167310476303101, 0.611697256565094
n,0.21509237587451935, -0.6167310476303101, 0.611697256565094
n,-0.5841824412345886, -0.24220027029514313, 0.6331392526626587
n,-0.5841824412345886, -0.24220027029514313, 0.6331392526626587
n,-0.5841824412345886, -0.24220027029514313, 0.6331392526626587
n,-0.23894008994102478, -0.030772395431995392, -0.8618329763412476
n,-0.23894008994102478, -0.030772395431995392, -0.8618329763412476
n,-0.23894008994102478, -0.030772395431995392, -0.8618329763412476
n,-0.19210299849510193, -0.042721789330244064, -0.8729643225669861
n,-0.19210299849510193, -0.042721789330244064, -0.8729643225669861
n,-0.19210299849510193, -0.042721789330244064, -0.8729643225669861
n,-0.16801565885543823, -0.8781007528305054, -0.03879775479435921
n,-0.16801565885543823, -0.8781007528305054, -0.03879775479435921
n,-0.16801565885543823, -0.8781007528305054, -0.03879775479435921
n,-0.12152010947465897, 0.041161324828863144, 0.8856262564659119
n,-0.12152010947465897, 0.041161324828863144, 0.8856262564659119
n,-0.12152010947465897, 0.041161324828863144, 0.8856262564659119
n,-0.41839370131492615, 0.3573361039161682, 0.7057287693023682
n,-0.41839370131492615, 0.3573361039161682, 0.7057287693023682
n,-0.41839370131492615, 0.3573361039161682, 0.7057287693023682
n,0.3820042610168457, -0.44796544313430786, -0.6739400029182434
n,0.3820042610168457, -0.44796544313430786, -0.6739400029182434
n,0.3820042610168457, -0.44796544313430786, -0.6739400029182434
n,-0.29693603515625, -0.8302547931671143, 0.15264827013015747
n,-0.29693603515625, -0.8302547931671143, 0.15264827013015747
n,-0.29693603515625, -0.8302547931671143, 0.15264827013015747
n,-0.6785869598388672, -0.5548415780067444, -0.18018336594104767
n,-0.6785869598388672, -0.5548415780067444, -0.18018336594104767
n,-0.6785869598388672, -0.5548415780067444, -0.18018336594104767
n,0.8430558443069458, 0.29885333776474, 0.027181200683116913
n,0.8430558443069458, 0.29885333776474, 0.027181200683116913
n,0.8430558443069458, 0.29885333776474, 0.027181200683116913
n,-0.029225215315818787, -0.5588083267211914, 0.6983369588851929
n,-0.029225215315818787, -0.5588083267211914, 0.6983369588851929
n,-0.029225215315818787, -0.5588083267211914, 0.6983369588851929
n,0.4116685390472412, 0.3733178973197937, -0.7013972997665405
n,0.4116685390472412, 0.3733178973197937, -0.7013972997665405
n,0.4116685390472412, 0.3733178973197937, -0.7013972997665405
n,0.7643684148788452, -0.03292760252952576, -0.4641681909561157
n,0.7643684148788452, -0.03292760252952576, -0.4641681909561157
n,0.7643684148788452, -0.03292760252952576, -0.4641681909561157
n,-0.582308292388916, 0.6794422268867493, 0.008421474136412144
n,-0.582308292388916, 0.6794422268867493, 0.008421474136412144
n,-0.582308292388916, 0.6794422268867493, 0.008421474136412144
n,-0.31255263090133667, -0.27310067415237427, 0.7927939891815186
n,-0.31255263090133667, -0.27310067415237427, 0.7927939891815186
n,-0.31255263090133667, -0.27310067415237427, 0.7927939891815186
n,-0.3366839289665222, 0.47541719675064087, -0.6792774200439453
n,-0.3366839289665222, 0.47541719675064087, -0.6792774200439453
n,-0.3366839289665222, 0.47541719675064087, -0.6792774200439453
n,0.0, 0.0, -0.894871711730957
n,0.0, 0.0, -0.894871711730957
n,0.0, 0.0, -0.894871711730957
n,0.28545713424682617, -0.8255922794342041, -0.19418282806873322
n,0.28545713424682617, -0.8255922794342041, -0.19418282806873322
n,0.28545713424682617, -0.8255922794342041, -0.19418282806873322
n,0.8265690803527832, 0.28355854749679565, -0.1928044855594635
n,0.8265690803527832, 0.28355854749679565, -0.1928044855594635
n,0.8265690803527832, 0.28355854749679565, -0.1928044855594635
n,-0.8246566653251648, -0.28726163506507874, 0.19549337029457092
n,-0.8246566653251648, -0.28726163506507874, 0.19549337029457092
n,-0.8246566653251648, -0.28726163506507874, 0.19549337029457092
n,-0.2854573130607605, 0.8255927562713623, -0.1941806972026825
n,-0.2854573130607605, 0.8255927562713623, -0.1941806972026825
n,-0.2854573130607605, 0.8255927562713623, -0.1941806972026825
n,-0.826427161693573, -0.28383544087409973, -0.1930055469274521
n,-0.826427161693573, -0.28383544087409973, -0.1930055469274521
n,-0.826427161693573, -0.28383544087409973, -0.1930055469274521
n,0.17626643180847168, -0.8772254586219788, 0.014184940606355667
n,0.17626643180847168, -0.8772254586219788, 0.014184940606355667
n,0.17626643180847168, -0.8772254586219788, 0.014184940606355667
n,-0.290434867143631, 0.8464295864105225, 7.123762770788744e-05
n,-0.290434867143631, 0.8464295864105225, 7.123762770788744e-05
n,-0.290434867143631, 0.8464295864105225, 7.123762770788744e-05
n,0.16911378502845764, 0.16770748794078827, 0.8625950217247009
n,0.16911378502845764, 0.16770748794078827, 0.8625950217247009
n,0.16911378502845764, 0.16770748794078827, 0.8625950217247009
n,-0.732550859451294, -0.41375768184661865, -0.30490875244140625
n,-0.732550859451294, -0.41375768184661865, -0.30490875244140625
n,-0.732550859451294, -0.41375768184661865, -0.30490875244140625
n,0.48573654890060425, 0.6771519184112549, 0.32606860995292664
n,0.48573654890060425, 0.6771519184112549, 0.32606860995292664
n,0.48573654890060425, 0.6771519184112549, 0.32606860995292664
n,-0.29038700461387634, 0.8464459776878357, 0.00012703002721536905
n,-0.29038700461387634, 0.8464459776878357, 0.00012703002721536905
n,-0.29038700461387634, 0.8464459776878357, 0.00012703002721536905
n,-0.8263348937034607, 0.11464497447013855, -0.3237631916999817
n,-0.8263348937034607, 0.11464497447013855, -0.3237631916999817
n,-0.8263348937034607, 0.11464497447013855, -0.3237631916999817
n,0.5582523941993713, 0.40462177991867065, 0.570465624332428
n,0.5582523941993713, 0.40462177991867065, 0.570465624332428
n,0.5582523941993713, 0.40462177991867065, 0.570465624332428
n,0.5118206143379211, -0.5932694673538208, -0.43228045105934143
n,0.5118206143379211, -0.5932694673538208, -0.43228045105934143
n,0.5118206143379211, -0.5932694673538208, -0.43228045105934143
n,-0.8817335963249207, 0.12879997491836548, -0.0821702629327774
n,-0.8817335963249207, 0.12879997491836548, -0.0821702629327774
n,-0.8817335963249207, 0.12879997491836548, -0.0821702629327774
n,-0.8277072906494141, 0.3333509862422943, -0.06762588769197464
n,-0.8277072906494141, 0.3333509862422943, -0.06762588769197464
n,-0.8277072906494141, 0.3333509862422943, -0.06762588769197464
n,-0.29039934277534485, 0.8464418053627014, -0.00016052258433774114
n,-0.29039934277534485, 0.8464418053627014, -0.00016052258433774114
n,-0.29039934277534485, 0.8464418053627014, -0.00016052258433774114
n,-0.24978426098823547, 0.01459745317697525, 0.8591798543930054
n,-0.24978426098823547, 0.01459745317697525, 0.8591798543930054
n,-0.24978426098823547, 0.01459745317697525, 0.8591798543930054
n,0.620148241519928, 0.3292379379272461, -0.5548098683357239
n,0.620148241519928, 0.3292379379272461, -0.5548098683357239
n,0.620148241519928, 0.3292379379272461, -0.5548098683357239
n,0.27723395824432373, -0.31684571504592896, 0.7896489500999451
n,0.27723395824432373, -0.31684571504592896, 0.7896489500999451
n,0.27723395824432373, -0.31684571504592896, 0.7896489500999451
n,-0.05255801975727081, 0.6564123034477234, -0.6059338450431824
n,-0.05255801975727081, 0.6564123034477234, -0.6059338450431824
n,-0.05255801975727081, 0.6564123034477234, -0.6059338450431824
n,0.2903948426246643, -0.8464432954788208, -3.761616244446486e-05
n,0.2903948426246643, -0.8464432954788208, -3.761616244446486e-05
n,0.2903948426246643, -0.8464432954788208, -3.761616244446486e-05
n,0.14808551967144012, -0.22036747634410858, -0.8545784950256348
n,0.14808551967144012, -0.22036747634410858, -0.8545784950256348
n,0.14808551967144012, -0.22036747634410858, -0.8545784950256348
n,-0.6302622556686401, -0.6241775155067444, -0.11818403005599976
n,-0.6302622556686401, -0.6241775155067444, -0.11818403005599976
n,-0.6302622556686401, -0.6241775155067444, -0.11818403005599976
n,-0.690962016582489, 0.0709901750087738, -0.5642050504684448
n,-0.690962016582489, 0.0709901750087738, -0.5642050504684448
n,-0.690962016582489, 0.0709901750087738, -0.5642050504684448
n,-0.6053343415260315, 0.3780199885368347, -0.5398765206336975
n,-0.6053343415260315, 0.3780199885368347, -0.5398765206336975
n,-0.6053343415260315, 0.3780199885368347, -0.5398765206336975
n,0.8639935255050659, 0.2154213935136795, 0.08890547603368759
n,0.8639935255050659, 0.2154213935136795, 0.08890547603368759
n,0.8639935255050659, 0.2154213935136795, 0.08890547603368759
n,-0.7325654625892639, -0.4137305021286011, -0.3049103915691376
n,-0.7325654625892639, -0.4137305021286011, -0.3049103915691376
n,-0.7325654625892639, -0.4137305021286011, -0.3049103915691376
n,-0.29036790132522583, 0.846452534198761, -0.00013559983926825225
n,-0.29036790132522583, 0.846452534198761, -0.00013559983926825225
n,-0.29036790132522583, 0.846452534198761, -0.00013559983926825225
n,0.27723416686058044, -0.3168454170227051, 0.7896490097045898
n,0.27723416686058044, -0.3168454170227051, 0.7896490097045898
n,0.27723416686058044, -0.3168454170227051, 0.7896490097045898
n,-0.6302633285522461, -0.6241747140884399, -0.11819332838058472
n,-0.6302633285522461, -0.6241747140884399, -0.11819332838058472
n,-0.6302633285522461, -0.6241747140884399, -0.11819332838058472
n,0.5132876634597778, -0.7021132111549377, -0.21063774824142456
n,0.5132876634597778, -0.7021132111549377, -0.21063774824142456
n,0.5132876634597778, -0.7021132111549377, -0.21063774824142456
n,0.020603947341442108, -0.06011366471648216, 0.8926125764846802
n,0.020603947341442108, -0.06011366471648216, 0.8926125764846802
n,0.020603947341442108, -0.06011366471648216, 0.8926125764846802
n,-0.06042775139212608, -0.02075595036149025, 0.8925878405570984
n,-0.06042775139212608, -0.02075595036149025, 0.8925878405570984
n,-0.06042775139212608, -0.02075595036149025, 0.8925878405570984
n,0.021998552605509758, -0.0629805251955986, -0.8923815488815308
n,0.021998552605509758, -0.0629805251955986, -0.8923815488815308
n,0.021998552605509758, -0.0629805251955986, -0.8923815488815308
n,-0.06016038730740547, -0.020664112642407417, -0.8926079869270325
n,-0.06016038730740547, -0.020664112642407417, -0.8926079869270325
n,-0.06016038730740547, -0.020664112642407417, -0.8926079869270325
n,0.8460884690284729, 0.2903805375099182, 0.024676576256752014
n,0.8460884690284729, 0.2903805375099182, 0.024676576256752014
n,0.8460884690284729, 0.2903805375099182, 0.024676576256752014
n,-0.8460741639137268, -0.29038310050964355, 0.02513251081109047
n,-0.8460741639137268, -0.29038310050964355, 0.02513251081109047
n,-0.8460741639137268, -0.29038310050964355, 0.02513251081109047
n,0.29054346680641174, -0.8463501334190369, -0.008456150069832802
n,0.29054346680641174, -0.8463501334190369, -0.008456150069832802
n,0.29054346680641174, -0.8463501334190369, -0.008456150069832802
n,-0.29013267159461975, 0.8464853167533875, -0.009005295112729073
n,-0.29013267159461975, 0.8464853167533875, -0.009005295112729073
n,-0.29013267159461975, 0.8464853167533875, -0.009005295112729073
n,0.6882933974266052, 0.5601752996444702, -0.11511410772800446
n,0.6882933974266052, 0.5601752996444702, -0.11511410772800446
n,0.6882933974266052, 0.5601752996444702, -0.11511410772800446
n,0.10525190830230713, -0.8761931657791138, -0.14833404123783112
n,0.10525190830230713, -0.8761931657791138, -0.14833404123783112
n,0.10525190830230713, -0.8761931657791138, -0.14833404123783112
n,-0.4548078775405884, 0.7562702298164368, -0.14832568168640137
n,-0.4548078775405884, 0.7562702298164368, -0.14832568168640137
n,-0.4548078775405884, 0.7562702298164368, -0.14832568168640137
n,0.8872181177139282, -0.019677549600601196, -0.11511828005313873
n,0.8872181177139282, -0.019677549600601196, -0.11511828005313873
n,0.8872181177139282, -0.019677549600601196, -0.11511828005313873
n,-0.6882553100585938, -0.5602253079414368, -0.1150989830493927
n,-0.6882553100585938, -0.5602253079414368, -0.1150989830493927
n,-0.6882553100585938, -0.5602253079414368, -0.1150989830493927
n,0.6983428001403809, -0.49522167444229126, 0.2605154514312744
n,0.6983428001403809, -0.49522167444229126, 0.2605154514312744
n,0.6983428001403809, -0.49522167444229126, 0.2605154514312744
n,-0.10526850819587708, 0.8761906623840332, -0.14833755791187286
n,-0.10526850819587708, 0.8761906623840332, -0.14833755791187286
n,-0.10526850819587708, 0.8761906623840332, -0.14833755791187286
n,0.45480746030807495, -0.7562705278396606, -0.1483258157968521
n,0.45480746030807495, -0.7562705278396606, -0.1483258157968521
n,0.45480746030807495, -0.7562705278396606, -0.1483258157968521
n,-0.8872180581092834, 0.019677013158798218, -0.11511842906475067
n,-0.8872180581092834, 0.019677013158798218, -0.11511842906475067
n,-0.8872180581092834, 0.019677013158798218, -0.11511842906475067
n,0.2472536563873291, 0.8196302652359009, 0.2605136036872864
n,0.2472536563873291, 0.8196302652359009, 0.2605136036872864
n,0.2472536563873291, 0.8196302652359009, 0.2605136036872864
n,0.21509237587451935, -0.6167310476303101, 0.611697256565094
n,0.21509237587451935, -0.6167310476303101, 0.611697256565094
n,0.21509237587451935, -0.6167310476303101, 0.611697256565094
n,-0.5841830372810364, -0.2421998679637909, 0.6331389546394348
n,-0.5841830372810364, -0.2421998679637909, 0.6331389546394348
n,-0.5841830372810364, -0.2421998679637909, 0.6331389546394348
n,-0.23894008994102478, -0.030772395431995392, -0.8618329763412476
n,-0.23894008994102478, -0.030772395431995392, -0.8618329763412476
n,-0.23894008994102478, -0.030772395431995392, -0.8618329763412476
n,-0.19210247695446014, -0.042722735553979874, -0.8729643821716309
n,-0.19210247695446014, -0.042722735553979874, -0.8729643821716309
n,-0.19210247695446014, -0.042722735553979874, -0.8729643821716309
n,-0.168075293302536, -0.8780882358551025, -0.03882136195898056
n,-0.168075293302536, -0.8780882358551025, -0.03882136195898056
n,-0.168075293302536, -0.8780882358551025, -0.03882136195898056
n,-0.12152010947465897, 0.041161324828863144, 0.8856262564659119
n,-0.12152010947465897, 0.041161324828863144, 0.8856262564659119
n,-0.12152010947465897, 0.041161324828863144, 0.8856262564659119
n,-0.4183693528175354, 0.3573759198188782, 0.705722987651825
n,-0.4183693528175354, 0.3573759198188782, 0.705722987651825
n,-0.4183693528175354, 0.3573759198188782, 0.705722987651825
n,0.3820042610168457, -0.44796544313430786, -0.6739400029182434
n,0.3820042610168457, -0.44796544313430786, -0.6739400029182434
n,0.3820042610168457, -0.44796544313430786, -0.6739400029182434
n,-0.29693859815597534, -0.8302571773529053, 0.15262994170188904
n,-0.29693859815597534, -0.8302571773529053, 0.15262994170188904
n,-0.29693859815597534, -0.8302571773529053, 0.15262994170188904
n,-0.6785857081413269, -0.5548421144485474, -0.1801864504814148
n,-0.6785857081413269, -0.5548421144485474, -0.1801864504814148
n,-0.6785857081413269, -0.5548421144485474, -0.1801864504814148
n,0.843054473400116, 0.29885733127593994, 0.027183519676327705
n,0.843054473400116, 0.29885733127593994, 0.027183519676327705
n,0.843054473400116, 0.29885733127593994, 0.027183519676327705
n,-0.029206782579421997, -0.5588175058364868, 0.6983303427696228
n,-0.029206782579421997, -0.5588175058364868, 0.6983303427696228
n,-0.029206782579421997, -0.5588175058364868, 0.6983303427696228
n,0.41168034076690674, 0.37330764532089233, -0.7013959288597107
n,0.41168034076690674, 0.37330764532089233, -0.7013959288597107
n,0.41168034076690674, 0.37330764532089233, -0.7013959288597107
n,0.7643657922744751, -0.032944172620773315, -0.46417149901390076
n,0.7643657922744751, -0.032944172620773315, -0.46417149901390076
n,0.7643657922744751, -0.032944172620773315, -0.46417149901390076
n,-0.5823383331298828, 0.6794162392616272, 0.008421625010669231
n,-0.5823383331298828, 0.6794162392616272, 0.008421625010669231
n,-0.5823383331298828, 0.6794162392616272, 0.008421625010669231
n,-0.31251975893974304, -0.273112952709198, 0.7928026914596558
n,-0.31251975893974304, -0.273112952709198, 0.7928026914596558
n,-0.31251975893974304, -0.273112952709198, 0.7928026914596558
n,-0.33667629957199097, 0.4754214882850647, -0.6792782545089722
n,-0.33667629957199097, 0.4754214882850647, -0.6792782545089722
n,-0.33667629957199097, 0.4754214882850647, -0.6792782545089722
n,0.0, 0.0, -0.894871711730957
n,0.0, 0.0, -0.894871711730957
n,0.0, 0.0, -0.894871711730957
n,0.28545713424682617, -0.8255922794342041, -0.19418282806873322
n,0.28545713424682617, -0.8255922794342041, -0.19418282806873322
n,0.28545713424682617, -0.8255922794342041, -0.19418282806873322
n,-0.28159135580062866, 0.8273448348045349, 0.1923600286245346
n,-0.28159135580062866, 0.8273448348045349, 0.1923600286245346
n,-0.28159135580062866, 0.8273448348045349, 0.1923600286245346
n,0.8265689611434937, 0.28355884552001953, -0.19280444085597992
n,0.8265689611434937, 0.28355884552001953, -0.19280444085597992
n,0.8265689611434937, 0.28355884552001953, -0.19280444085597992
n,-0.8246567249298096, -0.2872616648674011, 0.19549313187599182
n,-0.8246567249298096, -0.2872616648674011, 0.19549313187599182
n,-0.8246567249298096, -0.2872616648674011, 0.19549313187599182
n,-0.28545713424682617, 0.8255922794342041, -0.19418282806873322
n,-0.28545713424682617, 0.8255922794342041, -0.19418282806873322
n,-0.28545713424682617, 0.8255922794342041, -0.19418282806873322
n,-0.826427161693573, -0.28383544087409973, -0.1930052638053894
n,-0.826427161693573, -0.28383544087409973, -0.1930052638053894
n,-0.826427161693573, -0.28383544087409973, -0.1930052638053894
n,0.17615121603012085, -0.8772486448287964, 0.01417593564838171
n,0.17615121603012085, -0.8772486448287964, 0.01417593564838171
n,0.17615121603012085, -0.8772486448287964, 0.01417593564838171
u,0.397387832403183, 0.14785826206207275, 0
u,0.34539222717285156, 0.15877771377563477, 0
u,0.3972906470298767, 0.18556463718414307, 0
u,0.8356779217720032, 0.7749644815921783, 0
u,0.8186349272727966, 0.9937022258527577, 0
u,0.8415676355361938, 0.9937006826512516, 0
u,0.8356779217720032, 0.7749644815921783, 0
u,0.8415676355361938, 0.9937006826512516, 0
u,0.844995379447937, 0.7753276824951172, 0
u,0.3973952531814575, 0.22404348850250244, 0
u,0.34537917375564575, 0.2415304183959961, 0
u,0.3970642685890198, 0.24806618690490723, 0
u,0.3972906470298767, 0.18556463718414307, 0
u,0.345367431640625, 0.18552535772323608, 0
u,0.3453407883644104, 0.21263158321380615, 0
u,0.3424719572067261, 0.28996485471725464, 0
u,0.30813708901405334, 0.26667022705078125, 0
u,0.325972318649292, 0.3078664541244507, 0
u,0.30813708901405334, 0.26667022705078125, 0
u,0.29824256896972656, 0.30842071771621704, 0
u,0.325972318649292, 0.3078664541244507, 0
u,0.30813708901405334, 0.26667022705078125, 0
u,0.2684035003185272, 0.27385348081588745, 0
u,0.29824256896972656, 0.30842071771621704, 0
u,0.29824256896972656, 0.30842071771621704, 0
u,0.2684035003185272, 0.27385348081588745, 0
u,0.25470787286758423, 0.31145238876342773, 0
u,0.23762017488479614, 0.2861407995223999, 0
u,0.2331831157207489, 0.32719719409942627, 0
u,0.25470787286758423, 0.31145238876342773, 0
u,0.23121610283851624, 0.2643425464630127, 0
u,0.22535273432731628, 0.27361971139907837, 0
u,0.23762017488479614, 0.2861407995223999, 0
u,0.8206864595413208, 0.7751297354698181, 0
u,0.8186349272727966, 0.9937022258527577, 0
u,0.8356779217720032, 0.7749644815921783, 0
u,0.3722332715988159, 0.2895128130912781, 0
u,0.35652345418930054, 0.26432549953460693, 0
u,0.3424719572067261, 0.28996485471725464, 0
u,0.7440121173858643, 0.2942599058151245, 0
u,0.7106268405914307, 0.25904154777526855, 0
u,0.7089941501617432, 0.29510748386383057, 0
u,0.7438378930091858, 0.21640479564666748, 0
u,0.7106268405914307, 0.25904154777526855, 0
u,0.7440121173858643, 0.2942599058151245, 0
u,0.40260422229766846, 0.2882106304168701, 0
u,0.3722332715988159, 0.2895128130912781, 0
u,0.3844357132911682, 0.32606422901153564, 0
u,0.41878050565719604, 0.3271440267562866, 0
u,0.4252076745033264, 0.2896871566772461, 0
u,0.40260422229766846, 0.2882106304168701, 0
u,0.7275072336196899, 0.18396079540252686, 0
u,0.7068209052085876, 0.22122317552566528, 0
u,0.7438378930091858, 0.21640479564666748, 0
u,0.7887473106384277, 0.28083252906799316, 0
u,0.8019285202026367, 0.21686804294586182, 0
u,0.7759636044502258, 0.21337032318115234, 0
u,0.7047966718673706, 0.17125427722930908, 0
u,0.7000727653503418, 0.1859825849533081, 0
u,0.7107815742492676, 0.1851722002029419, 0
u,0.7280188798904419, 0.17127472162246704, 0
u,0.7107815742492676, 0.1851722002029419, 0
u,0.7275072336196899, 0.18396079540252686, 0
u,0.7280188798904419, 0.17127472162246704, 0
u,0.7275072336196899, 0.18396079540252686, 0
u,0.7477941513061523, 0.18604564666748047, 0
u,0.7887473106384277, 0.28083252906799316, 0
u,0.7759636044502258, 0.21337032318115234, 0
u,0.7609825134277344, 0.27512407302856445, 0
u,0.7658892869949341, 0.18337774276733398, 0
u,0.7570523023605347, 0.1713600754737854, 0
u,0.7477941513061523, 0.18604564666748047, 0
u,0.7903128862380981, 0.1851407289505005, 0
u,0.7846103310585022, 0.17140686511993408, 0
u,0.7658892869949341, 0.18337774276733398, 0
u,0.8019285202026367, 0.21686804294586182, 0
u,0.7903128862380981, 0.1851407289505005, 0
u,0.7759636044502258, 0.21337032318115234, 0
u,0.8028807640075684, 0.7749496251344681, 0
u,0.7971453666687012, 0.9936966942623258, 0
u,0.8186349272727966, 0.9937022258527577, 0
u,0.7866650819778442, 0.7752524316310883, 0
u,0.7861387133598328, 0.9936933442950249, 0
u,0.7971453666687012, 0.9936966942623258, 0
u,0.8028807640075684, 0.7749496251344681, 0
u,0.8186349272727966, 0.9937022258527577, 0
u,0.8206864595413208, 0.7751297354698181, 0
u,0.7958775758743286, 0.3313431739807129, 0
u,0.8037399053573608, 0.2976694107055664, 0
u,0.7887473106384277, 0.28083252906799316, 0
u,0.7609825134277344, 0.27512407302856445, 0
u,0.7740407586097717, 0.33138513565063477, 0
u,0.7887473106384277, 0.28083252906799316, 0
u,0.7440121173858643, 0.2942599058151245, 0
u,0.7089941501617432, 0.29510748386383057, 0
u,0.714535117149353, 0.33140015602111816, 0
u,0.7443803548812866, 0.3313560485839844, 0
u,0.7740407586097717, 0.33138513565063477, 0
u,0.7609825134277344, 0.27512407302856445, 0
u,0.18276235461235046, 0.3129075765609741, 0
u,0.15776905417442322, 0.31274497509002686, 0
u,0.1584550142288208, 0.3225599527359009, 0
u,0.1554918885231018, 0.28272587060928345, 0
u,0.18276235461235046, 0.3129075765609741, 0
u,0.1900239884853363, 0.28353172540664673, 0
u,0.1866740733385086, 0.266618013381958, 0
u,0.15368178486824036, 0.26265376806259155, 0
u,0.1554918885231018, 0.28272587060928345, 0
u,0.15776889026165009, 0.2352038025856018, 0
u,0.1866740733385086, 0.266618013381958, 0
u,0.18276453018188477, 0.2352411150932312, 0
u,0.8176151514053345, 0.6910116672515869, 0
u,0.8309893012046814, 0.6940146684646606, 0
u,0.8309891223907471, 0.6593551933765411, 0
u,0.9718294143676758, 0.11434018611907959, 0
u,0.9852036237716675, 0.09806108474731445, 0
u,0.9718294739723206, 0.09461414813995361, 0
u,0.5204710960388184, 0.21846377849578857, 0
u,0.5190759897232056, 0.2174365520477295, 0
u,0.4939787983894348, 0.27224570512771606, 0
u,0.8855295181274414, 0.023102998733520508, 0
u,0.8830291628837585, 0.03146284818649292, 0
u,0.8943144083023071, 0.032421648502349854, 0
u,0.5136972069740295, 0.26062673330307007, 0
u,0.5204710960388184, 0.21846377849578857, 0
u,0.4939787983894348, 0.27224570512771606, 0
u,0.9925329685211182, 0.8560110479593277, 0
u,0.979158878326416, 0.8655664920806885, 0
u,0.9883424043655396, 0.8749322593212128, 0
u,0.5190759897232056, 0.2174365520477295, 0
u,0.5204710960388184, 0.21846377849578857, 0
u,0.49099200963974, 0.17640936374664307, 0
u,0.3291909098625183, 0.08259463310241699, 0
u,0.31581681966781616, 0.07682192325592041, 0
u,0.32919085025787354, 0.0997573733329773, 0
u,0.9925329089164734, 0.7773228883743286, 0
u,0.979158878326416, 0.7879723608493805, 0
u,0.9925328493118286, 0.8097735196352005, 0
u,0.7415527105331421, 0.8088037073612213, 0
u,0.7634451389312744, 0.799066424369812, 0
u,0.758667528629303, 0.7941394448280334, 0
u,0.7690446972846985, 0.8081583082675934, 0
u,0.7596858739852905, 0.8102421462535858, 0
u,0.7632472515106201, 0.8157724440097809, 0
u,0.9925328493118286, 0.8097735196352005, 0
u,0.9791588187217712, 0.8372950255870819, 0
u,0.9925329089164734, 0.8397957682609558, 0
u,0.5329427719116211, 0.14186561107635498, 0
u,0.5238488912582397, 0.13874685764312744, 0
u,0.5151057243347168, 0.16944056749343872, 0
u,0.8176148533821106, 0.4568129777908325, 0
u,0.8309890031814575, 0.4238947629928589, 0
u,0.8176149129867554, 0.4080082178115845, 0
u,0.31581681966781616, 0.07682192325592041, 0
u,0.3291909098625183, 0.08259463310241699, 0
u,0.3291909098625183, 0.06811463832855225, 0
u,0.8176146745681763, 0.5696381330490112, 0
u,0.8309888243675232, 0.6056582927703857, 0
u,0.8309888243675232, 0.5364239811897278, 0
u,0.9077067375183105, 0.9654805883765221, 0
u,0.9210807085037231, 0.9447452761232853, 0
u,0.9077067375183105, 0.9333276674151421, 0
u,0.4767986536026001, 0.22999626398086548, 0
u,0.4729193150997162, 0.20948076248168945, 0
u,0.4660888910293579, 0.2143581509590149, 0
u,0.7476606965065002, 0.8738972246646881, 0
u,0.7417933940887451, 0.8155989497900009, 0
u,0.7415527105331421, 0.8088037073612213, 0
u,0.9077067375183105, 0.8142124116420746, 0
u,0.9210807085037231, 0.8056605011224747, 0
u,0.9077067375183105, 0.7945241034030914, 0
u,0.8176146745681763, 0.5696381330490112, 0
u,0.8309888243675232, 0.5364239811897278, 0
u,0.8176147937774658, 0.5040927529335022, 0
u,0.9185905456542969, 0.7915532290935516, 0
u,0.9210807085037231, 0.7733447849750519, 0
u,0.9150481224060059, 0.7570843249559402, 0
u,0.8176150918006897, 0.32659512758255005, 0
u,0.8309891223907471, 0.3520846366882324, 0
u,0.8309891223907471, 0.31102752685546875, 0
u,0.8176150918006897, 0.32659512758255005, 0
u,0.8309891223907471, 0.31102752685546875, 0
u,0.8217371702194214, 0.2978284955024719, 0
u,0.985846221446991, 0.9693159908056259, 0
u,0.979158878326416, 0.9935588906519115, 0
u,0.9925329685211182, 0.9935482898727059, 0
u,0.9925329685211182, 0.9181086868047714, 0
u,0.979158878326416, 0.9287630617618561, 0
u,0.9925330281257629, 0.9404635950922966, 0
u,0.8176147937774658, 0.5040927529335022, 0
u,0.830988883972168, 0.49112021923065186, 0
u,0.8176148533821106, 0.4568129777908325, 0
u,0.8176147937774658, 0.5040927529335022, 0
u,0.8309888243675232, 0.5364239811897278, 0
u,0.830988883972168, 0.49112021923065186, 0
u,0.9077067375183105, 0.850886806845665, 0
u,0.9210807085037231, 0.8353710621595383, 0
u,0.9077067375183105, 0.8142124116420746, 0
u,0.6965227127075195, 0.9474168345332146, 0
u,0.6734897494316101, 0.9240661412477493, 0
u,0.6957679986953735, 0.9504649341106415, 0
u,0.9718295335769653, 0.053525328636169434, 0
u,0.985203742980957, 0.03724628686904907, 0
u,0.9718295335769653, 0.033799171447753906, 0
u,0.8608501553535461, 0.021263599395751953, 0
u,0.852489709854126, 0.018765568733215332, 0
u,0.8515340685844421, 0.03005087375640869, 0
u,0.4118334650993347, 0.23124361038208008, 0
u,0.4252074658870697, 0.23701632022857666, 0
u,0.4118334650993347, 0.21408087015151978, 0
u,0.4252074658870697, 0.23701632022857666, 0
u,0.4118334650993347, 0.23124361038208008, 0
u,0.41183340549468994, 0.24572360515594482, 0
u,0.07205446064472198, 0.0668935775756836, 0
u,0.06401358544826508, 0.06407606601715088, 0
u,0.0755465030670166, 0.05761539936065674, 0
u,0.09981437772512436, 0.06410741806030273, 0
u,0.08175051212310791, 0.05625283718109131, 0
u,0.10403819382190704, 0.058030664920806885, 0
u,0.7750818729400635, 0.06248629093170166, 0
u,0.7666776180267334, 0.0462116003036499, 0
u,0.7574525475502014, 0.05362969636917114, 0
u,0.7666776180267334, 0.0462116003036499, 0
u,0.751659095287323, 0.03798210620880127, 0
u,0.7574525475502014, 0.05362969636917114, 0
u,0.7709589004516602, 0.06742548942565918, 0
u,0.7750818729400635, 0.06248629093170166, 0
u,0.7651214599609375, 0.06381654739379883, 0
u,0.7180466651916504, 0.05619627237319946, 0
u,0.706404447555542, 0.041132569313049316, 0
u,0.7204420566558838, 0.04579651355743408, 0
u,0.8525423407554626, 0.5076692402362823, 0
u,0.8474984169006348, 0.7203711271286011, 0
u,0.8805760741233826, 0.7040809988975525, 0
u,0.8585110902786255, 0.7572481036186218, 0
u,0.8741965293884277, 0.7558028697967529, 0
u,0.8796674609184265, 0.7296686172485352, 0
u,0.8805760741233826, 0.7040809988975525, 0
u,0.8767365217208862, 0.7182087898254395, 0
u,0.8796674609184265, 0.7296686172485352, 0
u,0.20886215567588806, 0.38218891620635986, 0
u,0.21584594249725342, 0.37820518016815186, 0
u,0.21962034702301025, 0.37027615308761597, 0
u,0.21962034702301025, 0.37027615308761597, 0
u,0.22135528922080994, 0.3848235011100769, 0
u,0.22698350250720978, 0.39208853244781494, 0
u,0.8474984169006348, 0.7203711271286011, 0
u,0.8564431071281433, 0.7253067493438721, 0
u,0.8639744520187378, 0.7110370695590973, 0
u,0.8796674609184265, 0.7296686172485352, 0
u,0.8564431071281433, 0.7253067493438721, 0
u,0.8585110902786255, 0.7572481036186218, 0
u,0.21250632405281067, 0.39127469062805176, 0
u,0.22698350250720978, 0.39208853244781494, 0
u,0.22135528922080994, 0.3848235011100769, 0
u,0.23733659088611603, 0.15577900409698486, 0
u,0.33196955919265747, 0.14435315132141113, 0
u,0.22570016980171204, 0.1442016363143921, 0
u,0.23733659088611603, 0.15577900409698486, 0
u,0.22570016980171204, 0.1442016363143921, 0
u,0.23760095238685608, 0.23909354209899902, 0
u,0.020221613347530365, 0.22824794054031372, 0
u,0.00825915765017271, 0.32466256618499756, 0
u,0.00812862254679203, 0.2155681848526001, 0
u,0.00825915765017271, 0.32466256618499756, 0
u,0.020345518365502357, 0.31209951639175415, 0
u,0.1044541597366333, 0.3120701313018799, 0
u,0.9492354393005371, 0.020571112632751465, 0
u,0.9425293207168579, 0.06925654411315918, 0
u,0.9541845917701721, 0.07801097631454468, 0
u,0.6727984547615051, 0.12533366680145264, 0
u,0.657404899597168, 0.12530380487442017, 0
u,0.671050488948822, 0.13593411445617676, 0
u,0.657404899597168, 0.12530380487442017, 0
u,0.6656343936920166, 0.07552409172058105, 0
u,0.6579238772392273, 0.11966860294342041, 0
u,0.89537513256073, 0.48902833461761475, 0
u,0.8980927467346191, 0.28454816341400146, 0
u,0.8913792371749878, 0.28343647718429565, 0
u,0.20434041321277618, 0.7511785626411438, 0
u,0.20162320137023926, 0.5466983318328857, 0
u,0.19762694835662842, 0.7522901743650436, 0
u,0.3456854522228241, 0.8927606493234634, 0
u,0.25479400157928467, 0.9842595588415861, 0
u,0.4593658149242401, 0.9844180066138506, 0
u,0.3456854522228241, 0.8927606493234634, 0
u,0.4593658149242401, 0.9844180066138506, 0
u,0.3690188229084015, 0.8930139169096947, 0
u,0.3467894196510315, 0.8723318874835968, 0
u,0.2552745044231415, 0.7804698050022125, 0
u,0.3456854522228241, 0.8927606493234634, 0
u,0.20374076068401337, 0.7962086796760559, 0
u,0.20383675396442413, 0.9636907875537872, 0
u,0.22602525353431702, 0.9760128185153008, 0
u,0.019038774073123932, 0.9748380817472935, 0
u,0.036435939371585846, 0.7962077707052231, 0
u,0.023080158978700638, 0.7756023406982422, 0
u,0.22602525353431702, 0.9760128185153008, 0
u,0.2165798544883728, 0.7752730399370193, 0
u,0.20374076068401337, 0.7962086796760559, 0
u,0.5848631858825684, 0.13998854160308838, 0
u,0.5855892300605774, 0.11334943771362305, 0
u,0.5669754147529602, 0.11870193481445312, 0
u,0.6002615690231323, 0.13265132904052734, 0
u,0.5859175324440002, 0.14464432001113892, 0
u,0.6176950931549072, 0.14884740114212036, 0
u,0.6204096078872681, 0.12997353076934814, 0
u,0.5855892300605774, 0.11334943771362305, 0
u,0.6002615690231323, 0.13265132904052734, 0
u,0.03770371526479721, 0.15599733591079712, 0
u,0.05654868856072426, 0.15245747566223145, 0
u,0.05977747589349747, 0.14382165670394897, 0
u,0.5677250027656555, 0.15114957094192505, 0
u,0.5840467214584351, 0.16449320316314697, 0
u,0.5859175324440002, 0.14464432001113892, 0
u,0.6059498190879822, 0.11281675100326538, 0
u,0.6204096078872681, 0.12997353076934814, 0
u,0.6345282793045044, 0.09946882724761963, 0
u,0.6022279262542725, 0.21124929189682007, 0
u,0.5626180171966553, 0.23924875259399414, 0
u,0.5762724280357361, 0.24349266290664673, 0
u,0.6670083999633789, 0.27279436588287354, 0
u,0.6496073603630066, 0.22721445560455322, 0
u,0.6380132436752319, 0.24465131759643555, 0
u,0.7321850061416626, 0.10575199127197266, 0
u,0.750426173210144, 0.0843425989151001, 0
u,0.7265658974647522, 0.0838402509689331, 0
u,0.07260997593402863, 0.12805652618408203, 0
u,0.05977747589349747, 0.14382165670394897, 0
u,0.0650058165192604, 0.1500943899154663, 0
u,0.7565683126449585, 0.12327921390533447, 0
u,0.7387670278549194, 0.1563739776611328, 0
u,0.7705488204956055, 0.13848662376403809, 0
u,0.07260997593402863, 0.12805652618408203, 0
u,0.08345751464366913, 0.16052532196044922, 0
u,0.10305826365947723, 0.13025367259979248, 0
u,0.6380132436752319, 0.24465131759643555, 0
u,0.6238328218460083, 0.2529033422470093, 0
u,0.6245648860931396, 0.27142906188964844, 0
u,0.07077466696500778, 0.10238683223724365, 0
u,0.029600396752357483, 0.11179548501968384, 0
u,0.07260997593402863, 0.12805652618408203, 0
u,0.7565683126449585, 0.12327921390533447, 0
u,0.7705488204956055, 0.13848662376403809, 0
u,0.7721014022827148, 0.10725021362304688, 0
u,0.6022279262542725, 0.21124929189682007, 0
u,0.5762724280357361, 0.24349266290664673, 0
u,0.6063471436500549, 0.239050030708313, 0
u,0.6063471436500549, 0.239050030708313, 0
u,0.6018490791320801, 0.2609574794769287, 0
u,0.6238328218460083, 0.2529033422470093, 0
u,0.605704665184021, 0.310271680355072, 0
u,0.6325974464416504, 0.2822076678276062, 0
u,0.5968252420425415, 0.28109896183013916, 0
u,0.1963047981262207, 0.1276400089263916, 0
u,0.1932169497013092, 0.1537013053894043, 0
u,0.2108941376209259, 0.16807126998901367, 0
u,0.17915946245193481, 0.1981039047241211, 0
u,0.16216105222702026, 0.18218636512756348, 0
u,0.13300037384033203, 0.17570501565933228, 0
u,0.6496073603630066, 0.22721445560455322, 0
u,0.6418681144714355, 0.20598173141479492, 0
u,0.6022279262542725, 0.21124929189682007, 0
u,0.5762724280357361, 0.24349266290664673, 0
u,0.5700783729553223, 0.28666043281555176, 0
u,0.5968252420425415, 0.28109896183013916, 0
u,0.6670083999633789, 0.27279436588287354, 0
u,0.6552128791809082, 0.3126717805862427, 0
u,0.6786131262779236, 0.2501932382583618, 0
u,0.640491247177124, 0.3068121671676636, 0
u,0.6670083999633789, 0.27279436588287354, 0
u,0.6325974464416504, 0.2822076678276062, 0
u,0.012041502632200718, 0.148065984249115, 0
u,0.027928350493311882, 0.18325698375701904, 0
u,0.03770371526479721, 0.15599733591079712, 0
u,0.08345751464366913, 0.16052532196044922, 0
u,0.07260997593402863, 0.12805652618408203, 0
u,0.05487307161092758, 0.17176884412765503, 0
u,0.05487307161092758, 0.17176884412765503, 0
u,0.05654868856072426, 0.15245747566223145, 0
u,0.03770371526479721, 0.15599733591079712, 0
u,0.027928350493311882, 0.18325698375701904, 0
u,0.0715518519282341, 0.19281458854675293, 0
u,0.05487307161092758, 0.17176884412765503, 0
u,0.6325974464416504, 0.2822076678276062, 0
u,0.6670083999633789, 0.27279436588287354, 0
u,0.6380132436752319, 0.24465131759643555, 0
u,0.7321850061416626, 0.10575199127197266, 0
u,0.7721014022827148, 0.10725021362304688, 0
u,0.750426173210144, 0.0843425989151001, 0
u,0.0715518519282341, 0.19281458854675293, 0
u,0.1033371314406395, 0.1718999147415161, 0
u,0.08345751464366913, 0.16052532196044922, 0
u,0.15361826121807098, 0.12093472480773926, 0
u,0.17647333443164825, 0.13467931747436523, 0
u,0.1963047981262207, 0.1276400089263916, 0
u,0.6786131262779236, 0.2501932382583618, 0
u,0.6496073603630066, 0.22721445560455322, 0
u,0.6670083999633789, 0.27279436588287354, 0
u,0.5700783729553223, 0.28666043281555176, 0
u,0.5940284729003906, 0.3201860189437866, 0
u,0.605704665184021, 0.310271680355072, 0
u,0.05654868856072426, 0.15245747566223145, 0
u,0.05487307161092758, 0.17176884412765503, 0
u,0.0650058165192604, 0.1500943899154663, 0
u,0.1313360184431076, 0.13748586177825928, 0
u,0.15354463458061218, 0.13928890228271484, 0
u,0.15361826121807098, 0.12093472480773926, 0
u,0.6552128791809082, 0.3126717805862427, 0
u,0.6670083999633789, 0.27279436588287354, 0
u,0.640491247177124, 0.3068121671676636, 0
u,0.029600396752357483, 0.11179548501968384, 0
u,0.012041502632200718, 0.148065984249115, 0
u,0.04179324954748154, 0.13204169273376465, 0
u,0.7308890223503113, 0.13545382022857666, 0
u,0.7079809904098511, 0.14010560512542725, 0
u,0.7387670278549194, 0.1563739776611328, 0
u,0.17915946245193481, 0.1981039047241211, 0
u,0.13300037384033203, 0.17570501565933228, 0
u,0.14878349006175995, 0.19681715965270996, 0
u,0.5595539212226868, 0.1754782795906067, 0
u,0.5840467214584351, 0.16449320316314697, 0
u,0.5677250027656555, 0.15114957094192505, 0
u,0.630035400390625, 0.1799381971359253, 0
u,0.6363573670387268, 0.1749095916748047, 0
u,0.6096062064170837, 0.16764897108078003, 0
u,0.8190323114395142, 0.033464789390563965, 0
u,0.810244619846344, 0.044180095195770264, 0
u,0.8223230838775635, 0.03599095344543457, 0
u,0.8180635571479797, 0.029358506202697754, 0
u,0.8110040426254272, 0.024552464485168457, 0
u,0.8190323114395142, 0.033464789390563965, 0
u,0.4467768669128418, 0.03305160999298096, 0
u,0.4584798812866211, 0.0426098108291626, 0
u,0.4507305920124054, 0.032837629318237305, 0
u,0.4507305920124054, 0.032837629318237305, 0
u,0.45797455310821533, 0.022955656051635742, 0
u,0.4467768669128418, 0.03305160999298096, 0
u,0.4913221299648285, 0.03417634963989258, 0
u,0.5023782253265381, 0.04251772165298462, 0
u,0.49471455812454224, 0.03202146291732788, 0
u,0.49471455812454224, 0.03202146291732788, 0
u,0.4834842085838318, 0.02364903688430786, 0
u,0.4913221299648285, 0.03417634963989258, 0
u,0.5273007154464722, 0.031353890895843506, 0
u,0.5363699197769165, 0.0229417085647583, 0
u,0.5294007062911987, 0.027638375759124756, 0
u,0.5262308120727539, 0.033454954624176025, 0
u,0.5363699197769165, 0.0229417085647583, 0
u,0.5273007154464722, 0.031353890895843506, 0
u,0.41497930884361267, 0.15139633417129517, 0
u,0.42324572801589966, 0.15398722887039185, 0
u,0.4234749376773834, 0.14865845441818237, 0
u,0.7909499406814575, 0.14163482189178467, 0
u,0.7991985082626343, 0.13898169994354248, 0
u,0.7907217741012573, 0.136408269405365, 0
u,0.9160307049751282, 0.2170093059539795, 0
u,0.9242960214614868, 0.2195773720741272, 0
u,0.924525260925293, 0.21424978971481323, 0
u,0.9243133068084717, 0.2646794319152832, 0
u,0.9160997271537781, 0.2637813091278076, 0
u,0.9156407117843628, 0.2691555619239807, 0
u,0.9669654965400696, 0.4665486812591553, 0
u,0.9619287848472595, 0.4896392822265625, 0
u,0.9720085859298706, 0.4896370768547058, 0
u,0.9719751477241516, 0.27618861198425293, 0
u,0.9619285464286804, 0.26273488998413086, 0
u,0.9634256958961487, 0.28438395261764526, 0
u,0.9619463682174683, 0.312427282333374, 0
u,0.9719773530960083, 0.31325191259384155, 0
u,0.9634256958961487, 0.28438395261764526, 0
u,0.9719744920730591, 0.2452816367149353, 0
u,0.9619549512863159, 0.23700547218322754, 0
u,0.9619285464286804, 0.26273488998413086, 0
u,0.9619423151016235, 0.3371826410293579, 0
u,0.9719785451889038, 0.3343150019645691, 0
u,0.9619463682174683, 0.312427282333374, 0
u,0.9719600081443787, 0.20374548435211182, 0
u,0.9619549512863159, 0.23700547218322754, 0
u,0.9719623327255249, 0.2292357087135315, 0
u,0.9669654965400696, 0.4665486812591553, 0
u,0.9720062017440796, 0.42382562160491943, 0
u,0.9619189500808716, 0.42845618724823, 0
u,0.9438425302505493, 0.9936947855167091, 0
u,0.938785970211029, 0.9706539772450924, 0
u,0.9337620139122009, 0.9937031269073486, 0
u,0.9437306523323059, 0.779510959982872, 0
u,0.9337310791015625, 0.756824404001236, 0
u,0.9336903095245361, 0.7817667424678802, 0
u,0.9336848258972168, 0.8252987861633301, 0
u,0.9437179565429688, 0.8170582950115204, 0
u,0.9352160692214966, 0.7914109081029892, 0
u,0.9336848258972168, 0.8252987861633301, 0
u,0.9437247514724731, 0.843861311674118, 0
u,0.9437179565429688, 0.8170582950115204, 0
u,0.9437868595123291, 0.7394136786460876, 0
u,0.9337310791015625, 0.756824404001236, 0
u,0.9437306523323059, 0.779510959982872, 0
u,0.2483523041009903, 0.1268700361251831, 0
u,0.24938809871673584, 0.12405896186828613, 0
u,0.23534002900123596, 0.11058151721954346, 0
u,0.9437868595123291, 0.7394136786460876, 0
u,0.933800458908081, 0.7232260704040527, 0
u,0.9337310791015625, 0.756824404001236, 0
u,0.25275492668151855, 0.09466695785522461, 0
u,0.24938809871673584, 0.12405896186828613, 0
u,0.2483523041009903, 0.1268700361251831, 0
u,0.9437834620475769, 0.7077995538711548, 0
u,0.933800458908081, 0.7232260704040527, 0
u,0.9437868595123291, 0.7394136786460876, 0
u,0.2483523041009903, 0.1268700361251831, 0
u,0.255795955657959, 0.09317189455032349, 0
u,0.25275492668151855, 0.09466695785522461, 0
u,0.938785970211029, 0.9706539772450924, 0
u,0.943801999092102, 0.9317753836512566, 0
u,0.9337159395217896, 0.9354109466075897, 0
u,0.9442631006240845, 0.46653079986572266, 0
u,0.9392372369766235, 0.48963940143585205, 0
u,0.9493179321289062, 0.4896319508552551, 0
u,0.9492952823638916, 0.2732410430908203, 0
u,0.9392669200897217, 0.25308459997177124, 0
u,0.9392489194869995, 0.27840566635131836, 0
u,0.9442631006240845, 0.46653079986572266, 0
u,0.9492876529693604, 0.43141239881515503, 0
u,0.939197301864624, 0.4273673892021179, 0
u,0.9003608226776123, 0.06047379970550537, 0
u,0.8906675577163696, 0.05269801616668701, 0
u,0.8976488709449768, 0.07415974140167236, 0
u,0.961516261100769, 0.9706649705767632, 0
u,0.9564846158027649, 0.9937031269073486, 0
u,0.9665648937225342, 0.9936981229111552, 0
u,0.9564478397369385, 0.8170643895864487, 0
u,0.9664807319641113, 0.8256521821022034, 0
u,0.9649922847747803, 0.7914949655532837, 0
u,0.9665442109107971, 0.7565622329711914, 0
u,0.9565145969390869, 0.7496898174285889, 0
u,0.9564875364303589, 0.7820514291524887, 0
u,0.9564467668533325, 0.8376831263303757, 0
u,0.9664807319641113, 0.8256521821022034, 0
u,0.9564478397369385, 0.8170643895864487, 0
u,0.9222893714904785, 0.6178515553474426, 0
u,0.93198162317276, 0.6100791692733765, 0
u,0.9288252592086792, 0.6092650294303894, 0
u,0.9187577366828918, 0.5341227948665619, 0
u,0.9288252592086792, 0.6092650294303894, 0
u,0.93198162317276, 0.6100791692733765, 0
u,0.9665029644966125, 0.7077974677085876, 0
u,0.9565343856811523, 0.7230290174484253, 0
u,0.966525673866272, 0.7334455847740173, 0
u,0.93198162317276, 0.6100791692733765, 0
u,0.9311937689781189, 0.5823745727539062, 0
u,0.9187577366828918, 0.5341227948665619, 0
u,0.961516261100769, 0.9706649705767632, 0
u,0.9665474891662598, 0.9360479637980461, 0
u,0.9564573764801025, 0.9311942085623741, 0
u,0.29045337438583374, 0.7588367909193039, 0
u,0.24728849530220032, 0.5580779016017914, 0
u,0.2472885102033615, 0.5572419762611389, 0
u,0.14105165004730225, 0.7535289376974106, 0
u,0.18462476134300232, 0.5524402856826782, 0
u,0.14105163514614105, 0.7526931017637253, 0
u,0.4378015398979187, 0.5582539141178131, 0
u,0.48178333044052124, 0.7588368058204651, 0
u,0.4386187493801117, 0.558077871799469, 0
u,0.8078712224960327, 0.12120139598846436, 0
u,0.8281422257423401, 0.10088759660720825, 0
u,0.8015411496162415, 0.10692501068115234, 0
u,0.8015411496162415, 0.10692501068115234, 0
u,0.8256632685661316, 0.09414863586425781, 0
u,0.798445463180542, 0.08980488777160645, 0
u,0.8009049892425537, 0.07479238510131836, 0
u,0.8287602663040161, 0.079295814037323, 0
u,0.8074834942817688, 0.060147106647491455, 0
u,0.798445463180542, 0.08980488777160645, 0
u,0.8252689242362976, 0.08549487590789795, 0
u,0.8009049892425537, 0.07479238510131836, 0
u,0.7316058278083801, 0.9477622248232365, 0
u,0.6965227127075195, 0.9474168345332146, 0
u,0.6957679986953735, 0.9504649341106415, 0
u,0.19726163148880005, 0.10251832008361816, 0
u,0.19872280955314636, 0.02211940288543701, 0
u,0.19128328561782837, 0.022119522094726562, 0
u,0.18428435921669006, 0.10251832008361816, 0
u,0.19128328561782837, 0.022119522094726562, 0
u,0.18374347686767578, 0.022119462490081787, 0
u,0.19058042764663696, 0.10251832008361816, 0
u,0.19128328561782837, 0.022119522094726562, 0
u,0.18428435921669006, 0.10251832008361816, 0
u,0.19726163148880005, 0.10251832008361816, 0
u,0.19128328561782837, 0.022119522094726562, 0
u,0.19058042764663696, 0.10251832008361816, 0
u,0.7438378930091858, 0.21640479564666748, 0
u,0.7759636044502258, 0.21337032318115234, 0
u,0.7477941513061523, 0.18604564666748047, 0
u,0.397387832403183, 0.14785826206207275, 0
u,0.3453494608402252, 0.1420224905014038, 0
u,0.34539222717285156, 0.15877771377563477, 0
u,0.7903128862380981, 0.1851407289505005, 0
u,0.8013371229171753, 0.17136329412460327, 0
u,0.7846103310585022, 0.17140686511993408, 0
u,0.34539222717285156, 0.15877771377563477, 0
u,0.345367431640625, 0.18552535772323608, 0
u,0.3972906470298767, 0.18556463718414307, 0
u,0.3973952531814575, 0.22404348850250244, 0
u,0.3453407883644104, 0.21263158321380615, 0
u,0.34537917375564575, 0.2415304183959961, 0
u,0.7759636044502258, 0.21337032318115234, 0
u,0.7903128862380981, 0.1851407289505005, 0
u,0.7658892869949341, 0.18337774276733398, 0
u,0.33423900604248047, 0.32937055826187134, 0
u,0.29824256896972656, 0.30842071771621704, 0
u,0.27766549587249756, 0.3289424180984497, 0
u,0.27766549587249756, 0.3289424180984497, 0
u,0.29824256896972656, 0.30842071771621704, 0
u,0.25470787286758423, 0.31145238876342773, 0
u,0.2684035003185272, 0.27385348081588745, 0
u,0.23762017488479614, 0.2861407995223999, 0
u,0.25470787286758423, 0.31145238876342773, 0
u,0.2684035003185272, 0.27385348081588745, 0
u,0.23121610283851624, 0.2643425464630127, 0
u,0.23762017488479614, 0.2861407995223999, 0
u,0.3973952531814575, 0.22404348850250244, 0
u,0.3972906470298767, 0.18556463718414307, 0
u,0.3453407883644104, 0.21263158321380615, 0
u,0.6182323694229126, 0.07393276691436768, 0
u,0.6378371119499207, 0.059812307357788086, 0
u,0.6161900758743286, 0.048694610595703125, 0
u,0.3424719572067261, 0.28996485471725464, 0
u,0.35652345418930054, 0.26432549953460693, 0
u,0.30813708901405334, 0.26667022705078125, 0
u,0.325972318649292, 0.3078664541244507, 0
u,0.33423900604248047, 0.32937055826187134, 0
u,0.3424719572067261, 0.28996485471725464, 0
u,0.3844357132911682, 0.32606422901153564, 0
u,0.3722332715988159, 0.2895128130912781, 0
u,0.3424719572067261, 0.28996485471725464, 0
u,0.33423900604248047, 0.32937055826187134, 0
u,0.3844357132911682, 0.32606422901153564, 0
u,0.3424719572067261, 0.28996485471725464, 0
u,0.3722332715988159, 0.2895128130912781, 0
u,0.40260422229766846, 0.2882106304168701, 0
u,0.40736424922943115, 0.2644273638725281, 0
u,0.7440121173858643, 0.2942599058151245, 0
u,0.7609825134277344, 0.27512407302856445, 0
u,0.7438378930091858, 0.21640479564666748, 0
u,0.3722332715988159, 0.2895128130912781, 0
u,0.40736424922943115, 0.2644273638725281, 0
u,0.35652345418930054, 0.26432549953460693, 0
u,0.8037399053573608, 0.2976694107055664, 0
u,0.8011717796325684, 0.26420676708221436, 0
u,0.7887473106384277, 0.28083252906799316, 0
u,0.7107815742492676, 0.1851722002029419, 0
u,0.7000727653503418, 0.1859825849533081, 0
u,0.7068209052085876, 0.22122317552566528, 0
u,0.7275072336196899, 0.18396079540252686, 0
u,0.7107815742492676, 0.1851722002029419, 0
u,0.7068209052085876, 0.22122317552566528, 0
u,0.7477941513061523, 0.18604564666748047, 0
u,0.7275072336196899, 0.18396079540252686, 0
u,0.7438378930091858, 0.21640479564666748, 0
u,0.7887473106384277, 0.28083252906799316, 0
u,0.8011717796325684, 0.26420676708221436, 0
u,0.8019285202026367, 0.21686804294586182, 0
u,0.7609825134277344, 0.27512407302856445, 0
u,0.7759636044502258, 0.21337032318115234, 0
u,0.7438378930091858, 0.21640479564666748, 0
u,0.7280188798904419, 0.17127472162246704, 0
u,0.7047966718673706, 0.17125427722930908, 0
u,0.7107815742492676, 0.1851722002029419, 0
u,0.7477941513061523, 0.18604564666748047, 0
u,0.7570523023605347, 0.1713600754737854, 0
u,0.7280188798904419, 0.17127472162246704, 0
u,0.3844357132911682, 0.32606422901153564, 0
u,0.41878050565719604, 0.3271440267562866, 0
u,0.40260422229766846, 0.2882106304168701, 0
u,0.2331831157207489, 0.32719719409942627, 0
u,0.27766549587249756, 0.3289424180984497, 0
u,0.25470787286758423, 0.31145238876342773, 0
u,0.33423900604248047, 0.32937055826187134, 0
u,0.325972318649292, 0.3078664541244507, 0
u,0.29824256896972656, 0.30842071771621704, 0
u,0.7759636044502258, 0.21337032318115234, 0
u,0.7658892869949341, 0.18337774276733398, 0
u,0.7477941513061523, 0.18604564666748047, 0
u,0.8028807640075684, 0.7749496251344681, 0
u,0.7866650819778442, 0.7752524316310883, 0
u,0.7971453666687012, 0.9936966942623258, 0
u,0.7658892869949341, 0.18337774276733398, 0
u,0.7846103310585022, 0.17140686511993408, 0
u,0.7570523023605347, 0.1713600754737854, 0
u,0.7440121173858643, 0.2942599058151245, 0
u,0.7443803548812866, 0.3313560485839844, 0
u,0.7609825134277344, 0.27512407302856445, 0
u,0.7089941501617432, 0.29510748386383057, 0
u,0.7000727653503418, 0.33143335580825806, 0
u,0.714535117149353, 0.33140015602111816, 0
u,0.7440121173858643, 0.2942599058151245, 0
u,0.714535117149353, 0.33140015602111816, 0
u,0.7443803548812866, 0.3313560485839844, 0
u,0.7887473106384277, 0.28083252906799316, 0
u,0.7740407586097717, 0.33138513565063477, 0
u,0.7958775758743286, 0.3313431739807129, 0
u,0.15776905417442322, 0.31274497509002686, 0
u,0.18276235461235046, 0.3129075765609741, 0
u,0.1554918885231018, 0.28272587060928345, 0
u,0.1554918885231018, 0.28272587060928345, 0
u,0.1900239884853363, 0.28353172540664673, 0
u,0.1866740733385086, 0.266618013381958, 0
u,0.15368178486824036, 0.26265376806259155, 0
u,0.1866740733385086, 0.266618013381958, 0
u,0.15776889026165009, 0.2352038025856018, 0
u,0.15776889026165009, 0.2352038025856018, 0
u,0.18276453018188477, 0.2352411150932312, 0
u,0.18333396315574646, 0.2265491485595703, 0
u,0.7438378930091858, 0.21640479564666748, 0
u,0.7068209052085876, 0.22122317552566528, 0
u,0.7106268405914307, 0.25904154777526855, 0
u,0.8176146745681763, 0.5696381330490112, 0
u,0.817614734172821, 0.6136974692344666, 0
u,0.8309888243675232, 0.6056582927703857, 0
u,0.32919085025787354, 0.0997573733329773, 0
u,0.31581681966781616, 0.07682192325592041, 0
u,0.3158167898654938, 0.10174226760864258, 0
u,0.8309893012046814, 0.6940146684646606, 0
u,0.817615270614624, 0.7207537293434143, 0
u,0.8309894800186157, 0.7202934622764587, 0
u,0.7083854675292969, 0.9118327349424362, 0
u,0.7193861603736877, 0.9056072309613228, 0
u,0.7142032384872437, 0.8900549113750458, 0
u,0.31581687927246094, 0.11995744705200195, 0
u,0.32919085025787354, 0.0997573733329773, 0
u,0.3158167898654938, 0.10174226760864258, 0
u,0.83098965883255, 0.14154160022735596, 0
u,0.8176155686378479, 0.18165075778961182, 0
u,0.8309895396232605, 0.18149054050445557, 0
u,0.7316058278083801, 0.9477622248232365, 0
u,0.7674590349197388, 0.9682325087487698, 0
u,0.7532256841659546, 0.952641949057579, 0
u,0.8960201740264893, 0.021727263927459717, 0
u,0.8980885148048401, 0.034047722816467285, 0
u,0.8983114957809448, 0.019820094108581543, 0
u,0.8960201740264893, 0.021727263927459717, 0
u,0.8983114957809448, 0.019820094108581543, 0
u,0.8855295181274414, 0.023102998733520508, 0
u,0.8176153898239136, 0.23172712326049805, 0
u,0.8309892416000366, 0.2627915143966675, 0
u,0.830989420413971, 0.23207759857177734, 0
u,0.9210807085037231, 0.6553662717342377, 0
u,0.9077067375183105, 0.7140926420688629, 0
u,0.9210807681083679, 0.7201699018478394, 0
u,0.8943144083023071, 0.032421648502349854, 0
u,0.8830291628837585, 0.03146284818649292, 0
u,0.8980885148048401, 0.034047722816467285, 0
u,0.8217371702194214, 0.2978284955024719, 0
u,0.817615270614624, 0.2627778649330139, 0
u,0.8176152110099792, 0.28224849700927734, 0
u,0.83098965883255, 0.7584688514471054, 0
u,0.817615270614624, 0.7207537293434143, 0
u,0.8176155090332031, 0.7585516571998596, 0
u,0.979158878326416, 0.8655664920806885, 0
u,0.9925329089164734, 0.8397957682609558, 0
u,0.9791588187217712, 0.8372950255870819, 0
u,0.71561598777771, 0.8511950075626373, 0
u,0.7082858085632324, 0.8665214478969574, 0
u,0.7172570824623108, 0.8641641587018967, 0
u,0.5065563917160034, 0.3017385005950928, 0
u,0.5204710960388184, 0.21846377849578857, 0
u,0.5136972069740295, 0.26062673330307007, 0
u,0.8309895396232605, 0.18149054050445557, 0
u,0.8176153898239136, 0.23172712326049805, 0
u,0.830989420413971, 0.23207759857177734, 0
u,0.7476606965065002, 0.8738972246646881, 0
u,0.7152459621429443, 0.8482413738965988, 0
u,0.71561598777771, 0.8511950075626373, 0
u,0.7554942965507507, 0.8090105652809143, 0
u,0.7632472515106201, 0.8157724440097809, 0
u,0.7596858739852905, 0.8102421462535858, 0
u,0.979158878326416, 0.7414503395557404, 0
u,0.9925329089164734, 0.7773228883743286, 0
u,0.9925329685211182, 0.7360546588897705, 0
u,0.5238488912582397, 0.13874685764312744, 0
u,0.5134725570678711, 0.14944911003112793, 0
u,0.5203402042388916, 0.14915305376052856, 0
u,0.31581687927246094, 0.11995744705200195, 0
u,0.3291909396648407, 0.1312500238418579, 0
u,0.3291909396648407, 0.11963313817977905, 0
u,0.8309891223907471, 0.3520846366882324, 0
u,0.8176149129867554, 0.4080082178115845, 0
u,0.8309890031814575, 0.4238947629928589, 0
u,0.4767986536026001, 0.22999626398086548, 0
u,0.4407895505428314, 0.216780424118042, 0
u,0.47185730934143066, 0.24103641510009766, 0
u,0.7415527105331421, 0.8088037073612213, 0
u,0.7417933940887451, 0.8155989497900009, 0
u,0.7634451389312744, 0.799066424369812, 0
u,0.8309891223907471, 0.6593551933765411, 0
u,0.8176149129867554, 0.6647368669509888, 0
u,0.8176151514053345, 0.6910116672515869, 0
u,0.9925328493118286, 0.8097735196352005, 0
u,0.979158878326416, 0.7879723608493805, 0
u,0.9791588187217712, 0.8372950255870819, 0
u,0.9077067375183105, 0.9654805883765221, 0
u,0.9210807681083679, 0.9933978170156479, 0
u,0.9210807085037231, 0.9447452761232853, 0
u,0.9077067375183105, 0.8142124116420746, 0
u,0.9210807085037231, 0.8353710621595383, 0
u,0.9210807085037231, 0.8056605011224747, 0
u,0.5214977264404297, 0.1723383069038391, 0
u,0.5329427719116211, 0.14186561107635498, 0
u,0.5151057243347168, 0.16944056749343872, 0
u,0.9077067375183105, 0.7945241034030914, 0
u,0.9210807085037231, 0.8056605011224747, 0
u,0.9185905456542969, 0.7915532290935516, 0
u,0.49099200963974, 0.17640936374664307, 0
u,0.5214977264404297, 0.1723383069038391, 0
u,0.5151057243347168, 0.16944056749343872, 0
u,0.985203742980957, 0.08206582069396973, 0
u,0.9718294739723206, 0.09461414813995361, 0
u,0.9852036237716675, 0.09806108474731445, 0
u,0.9210807085037231, 0.8353710621595383, 0
u,0.9077067375183105, 0.9333276674151421, 0
u,0.9210807085037231, 0.9447452761232853, 0
u,0.985203742980957, 0.08206582069396973, 0
u,0.9852038621902466, 0.07617270946502686, 0
u,0.9718295931816101, 0.08030390739440918, 0
u,0.9718294143676758, 0.11434018611907959, 0
u,0.9718294739723206, 0.12439340353012085, 0
u,0.9852035045623779, 0.11836695671081543, 0
u,0.9718294143676758, 0.11434018611907959, 0
u,0.9852035045623779, 0.11836695671081543, 0
u,0.9852036237716675, 0.09806108474731445, 0
u,0.5322113037109375, 0.31476038694381714, 0
u,0.5202173590660095, 0.3295166492462158, 0
u,0.5359110236167908, 0.3220122456550598, 0
u,0.8309888243675232, 0.6056582927703857, 0
u,0.8176148533821106, 0.6472797095775604, 0
u,0.8309890031814575, 0.6337398886680603, 0
u,0.9077067375183105, 0.7140926420688629, 0
u,0.9150481224060059, 0.7570843249559402, 0
u,0.9210807681083679, 0.7201699018478394, 0
u,0.8176150918006897, 0.32659512758255005, 0
u,0.8176150321960449, 0.3634387254714966, 0
u,0.8309891223907471, 0.3520846366882324, 0
u,0.8176148533821106, 0.6472797095775604, 0
u,0.8309891223907471, 0.6593551933765411, 0
u,0.8309890031814575, 0.6337398886680603, 0
u,0.9925329685211182, 0.9181086868047714, 0
u,0.9791587591171265, 0.9034948647022247, 0
u,0.979158878326416, 0.9287630617618561, 0
u,0.9925330281257629, 0.9404635950922966, 0
u,0.979158878326416, 0.9287630617618561, 0
u,0.985846221446991, 0.9693159908056259, 0
u,0.425207257270813, 0.19388091564178467, 0
u,0.4118334650993347, 0.21408087015151978, 0
u,0.42520761489868164, 0.2120959758758545, 0
u,0.9925328493118286, 0.8913491070270538, 0
u,0.9883424043655396, 0.8749322593212128, 0
u,0.9791587591171265, 0.9034948647022247, 0
u,0.8176148533821106, 0.4568129777908325, 0
u,0.830988883972168, 0.49112021923065186, 0
u,0.8309890031814575, 0.4238947629928589, 0
u,0.9925329685211182, 0.7360546588897705, 0
u,0.9791589379310608, 0.7270668745040894, 0
u,0.979158878326416, 0.7414503395557404, 0
u,0.4118334650993347, 0.21408087015151978, 0
u,0.4252074658870697, 0.23701632022857666, 0
u,0.42520761489868164, 0.2120959758758545, 0
u,0.8622288703918457, 0.03175365924835205, 0
u,0.8499088883399963, 0.03382551670074463, 0
u,0.8641365766525269, 0.034044504165649414, 0
u,0.8622288703918457, 0.03175365924835205, 0
u,0.8641365766525269, 0.034044504165649414, 0
u,0.8608501553535461, 0.021263599395751953, 0
u,0.425207257270813, 0.19388091564178467, 0
u,0.411833256483078, 0.18258821964263916, 0
u,0.4118332266807556, 0.19420528411865234, 0
u,0.8515340685844421, 0.03005087375640869, 0
u,0.852489709854126, 0.018765568733215332, 0
u,0.8499088883399963, 0.03382551670074463, 0
u,0.9852038621902466, 0.02125096321105957, 0
u,0.9718295335769653, 0.033799171447753906, 0
u,0.985203742980957, 0.03724628686904907, 0
u,0.5691466331481934, 0.05316293239593506, 0
u,0.5520234704017639, 0.060026586055755615, 0
u,0.5736070871353149, 0.06375300884246826, 0
u,0.9852038621902466, 0.02125096321105957, 0
u,0.9852038621902466, 0.015358030796051025, 0
u,0.9718295931816101, 0.019489169120788574, 0
u,0.9718295335769653, 0.053525328636169434, 0
u,0.9718295931816101, 0.06357860565185547, 0
u,0.9852036237716675, 0.0575520396232605, 0
u,0.9718295335769653, 0.053525328636169434, 0
u,0.9852036237716675, 0.0575520396232605, 0
u,0.985203742980957, 0.03724628686904907, 0
u,0.32040950655937195, 0.15591347217559814, 0
u,0.33198776841163635, 0.25027740001678467, 0
u,0.33196955919265747, 0.14435315132141113, 0
u,0.5691466331481934, 0.05316293239593506, 0
u,0.5736070871353149, 0.06375300884246826, 0
u,0.5910276770591736, 0.05900537967681885, 0
u,0.5756108164787292, 0.04060983657836914, 0
u,0.5713160037994385, 0.039153099060058594, 0
u,0.5691466331481934, 0.05316293239593506, 0
u,0.5696437358856201, 0.07855474948883057, 0
u,0.5746020078659058, 0.07797276973724365, 0
u,0.5736070871353149, 0.06375300884246826, 0
u,0.0755465030670166, 0.05761539936065674, 0
u,0.06401358544826508, 0.06407606601715088, 0
u,0.06283848732709885, 0.05812394618988037, 0
u,0.7666776180267334, 0.0462116003036499, 0
u,0.7767590880393982, 0.04610377550125122, 0
u,0.774471640586853, 0.037446677684783936, 0
u,0.7469990253448486, 0.061132967472076416, 0
u,0.750985860824585, 0.06436264514923096, 0
u,0.7566720247268677, 0.056148409843444824, 0
u,0.7180466651916504, 0.05619627237319946, 0
u,0.7204420566558838, 0.04579651355743408, 0
u,0.7306830883026123, 0.04151791334152222, 0
u,0.7204420566558838, 0.04579651355743408, 0
u,0.7270833849906921, 0.0375523567199707, 0
u,0.7306830883026123, 0.04151791334152222, 0
u,0.7038373947143555, 0.05575108528137207, 0
u,0.7180466651916504, 0.05619627237319946, 0
u,0.7039057612419128, 0.0644715428352356, 0
u,0.7180466651916504, 0.05619627237319946, 0
u,0.7304843068122864, 0.0626535415649414, 0
u,0.7260010838508606, 0.06787377595901489, 0
u,0.8805760741233826, 0.7040809988975525, 0
u,0.8790609836578369, 0.5075171887874603, 0
u,0.8525423407554626, 0.5076692402362823, 0
u,0.8639744520187378, 0.7110370695590973, 0
u,0.8767365217208862, 0.7182087898254395, 0
u,0.8805760741233826, 0.7040809988975525, 0
u,0.21962034702301025, 0.37027615308761597, 0
u,0.21584594249725342, 0.37820518016815186, 0
u,0.22135528922080994, 0.3848235011100769, 0
u,0.8474984169006348, 0.7203711271286011, 0
u,0.8585110902786255, 0.7572481036186218, 0
u,0.8564431071281433, 0.7253067493438721, 0
u,0.8805760741233826, 0.7040809988975525, 0
u,0.8474984169006348, 0.7203711271286011, 0
u,0.8639744520187378, 0.7110370695590973, 0
u,0.22570016980171204, 0.1442016363143921, 0
u,0.2259075939655304, 0.25091516971588135, 0
u,0.23760095238685608, 0.23909354209899902, 0
u,0.2259075939655304, 0.25091516971588135, 0
u,0.32045412063598633, 0.23879945278167725, 0
u,0.23760095238685608, 0.23909354209899902, 0
u,0.020221613347530365, 0.22824794054031372, 0
u,0.11640356481075287, 0.21562635898590088, 0
u,0.10431603342294693, 0.2282315492630005, 0
u,0.33196955919265747, 0.14435315132141113, 0
u,0.23733659088611603, 0.15577900409698486, 0
u,0.32040950655937195, 0.15591347217559814, 0
u,0.10431603342294693, 0.2282315492630005, 0
u,0.11649581789970398, 0.32470178604125977, 0
u,0.1044541597366333, 0.3120701313018799, 0
u,0.1044541597366333, 0.3120701313018799, 0
u,0.10325169563293457, 0.22925978899002075, 0
u,0.10431603342294693, 0.2282315492630005, 0
u,0.1044541597366333, 0.3120701313018799, 0
u,0.11649581789970398, 0.32470178604125977, 0
u,0.00825915765017271, 0.32466256618499756, 0
u,0.00825915765017271, 0.32466256618499756, 0
u,0.020221613347530365, 0.22824794054031372, 0
u,0.020345518365502357, 0.31209951639175415, 0
u,0.020221613347530365, 0.22824794054031372, 0
u,0.021398350596427917, 0.3110429644584656, 0
u,0.020345518365502357, 0.31209951639175415, 0
u,0.10434473305940628, 0.31084108352661133, 0
u,0.020345518365502357, 0.31209951639175415, 0
u,0.021398350596427917, 0.3110429644584656, 0
u,0.10431603342294693, 0.2282315492630005, 0
u,0.021132634952664375, 0.22918009757995605, 0
u,0.020221613347530365, 0.22824794054031372, 0
u,0.9224303960800171, 0.2841237783432007, 0
u,0.9087963104248047, 0.4871920943260193, 0
u,0.919866681098938, 0.48947829008102417, 0
u,0.9541845917701721, 0.07801097631454468, 0
u,0.9425293207168579, 0.06925654411315918, 0
u,0.9492331147193909, 0.12400341033935547, 0
u,0.6587885618209839, 0.1368352174758911, 0
u,0.671050488948822, 0.13593411445617676, 0
u,0.657404899597168, 0.12530380487442017, 0
u,0.6656343936920166, 0.07552409172058105, 0
u,0.657404899597168, 0.12530380487442017, 0
u,0.6727984547615051, 0.12533366680145264, 0
u,0.6656401753425598, 0.18130594491958618, 0
u,0.671050488948822, 0.13593411445617676, 0
u,0.6587885618209839, 0.1368352174758911, 0
u,0.6727984547615051, 0.12533366680145264, 0
u,0.671050488948822, 0.13593411445617676, 0
u,0.6656401753425598, 0.18130594491958618, 0
u,0.9087963104248047, 0.4871920943260193, 0
u,0.8980927467346191, 0.28454816341400146, 0
u,0.89537513256073, 0.48902833461761475, 0
u,0.20434041321277618, 0.7511785626411438, 0
u,0.21541228890419006, 0.5485348105430603, 0
u,0.20162320137023926, 0.5466983318328857, 0
u,0.9224303960800171, 0.2841237783432007, 0
u,0.919866681098938, 0.48947829008102417, 0
u,0.9265810251235962, 0.48836690187454224, 0
u,0.21541228890419006, 0.5485348105430603, 0
u,0.22867807745933533, 0.7516029179096222, 0
u,0.22611458599567413, 0.5462483465671539, 0
u,0.23282916843891144, 0.5473597347736359, 0
u,0.22611458599567413, 0.5462483465671539, 0
u,0.22867807745933533, 0.7516029179096222, 0
u,0.8909623026847839, 0.7881874740123749, 0
u,0.8776957988739014, 0.9912557899951935, 0
u,0.8911170363426208, 0.9930921122431755, 0
u,0.8666244745254517, 0.7886117696762085, 0
u,0.8599111437797546, 0.9924308424815536, 0
u,0.8666254281997681, 0.9935421627014875, 0
u,0.8776957988739014, 0.9912557899951935, 0
u,0.8666244745254517, 0.7886117696762085, 0
u,0.8666254281997681, 0.9935421627014875, 0
u,0.8502970933914185, 0.4872891306877136, 0
u,0.8613682985305786, 0.2846449613571167, 0
u,0.8502980470657349, 0.28235870599746704, 0
u,0.8613682985305786, 0.2846449613571167, 0
u,0.8746347427368164, 0.48771345615386963, 0
u,0.8747893571853638, 0.282808780670166, 0
u,0.8435834646224976, 0.283470094203949, 0
u,0.8502970933914185, 0.4872891306877136, 0
u,0.8502980470657349, 0.28235870599746704, 0
u,0.2552745044231415, 0.7804698050022125, 0
u,0.3677036464214325, 0.8723369687795639, 0
u,0.4589250385761261, 0.7802620828151703, 0
u,0.3456854522228241, 0.8927606493234634, 0
u,0.2552745044231415, 0.7804698050022125, 0
u,0.25479400157928467, 0.9842595588415861, 0
u,0.4589250385761261, 0.7802620828151703, 0
u,0.3690188229084015, 0.8930139169096947, 0
u,0.4593658149242401, 0.9844180066138506, 0
u,0.7053225040435791, 0.10219120979309082, 0
u,0.7308890223503113, 0.13545382022857666, 0
u,0.7321850061416626, 0.10575199127197266, 0
u,0.019038774073123932, 0.9748380817472935, 0
u,0.036564163863658905, 0.9633728638291359, 0
u,0.036435939371585846, 0.7962077707052231, 0
u,0.019038774073123932, 0.9748380817472935, 0
u,0.20383675396442413, 0.9636907875537872, 0
u,0.036564163863658905, 0.9633728638291359, 0
u,0.023080158978700638, 0.7756023406982422, 0
u,0.20374076068401337, 0.7962086796760559, 0
u,0.2165798544883728, 0.7752730399370193, 0
u,0.019038774073123932, 0.9748380817472935, 0
u,0.22602525353431702, 0.9760128185153008, 0
u,0.20383675396442413, 0.9636907875537872, 0
u,0.20374076068401337, 0.7962086796760559, 0
u,0.023080158978700638, 0.7756023406982422, 0
u,0.036435939371585846, 0.7962077707052231, 0
u,0.5155566930770874, 0.08864182233810425, 0
u,0.5370667576789856, 0.056874632835388184, 0
u,0.5157216191291809, 0.06100553274154663, 0
u,0.5157216191291809, 0.06100553274154663, 0
u,0.49455782771110535, 0.05686819553375244, 0
u,0.5155439376831055, 0.08872681856155396, 0
u,0.5325992107391357, 0.11896538734436035, 0
u,0.5155439376831055, 0.08872681856155396, 0
u,0.49741339683532715, 0.11922335624694824, 0
u,0.1475456804037094, 0.07197606563568115, 0
u,0.16905607283115387, 0.040208637714385986, 0
u,0.14771054685115814, 0.04433995485305786, 0
u,0.14771054685115814, 0.04433995485305786, 0
u,0.12654708325862885, 0.04020291566848755, 0
u,0.14753291010856628, 0.07206106185913086, 0
u,0.16458797454833984, 0.10229980945587158, 0
u,0.14753291010856628, 0.07206106185913086, 0
u,0.12940214574337006, 0.10255759954452515, 0
u,0.027846626937389374, 0.05149424076080322, 0
u,0.0493561252951622, 0.01972663402557373, 0
u,0.02801022119820118, 0.02385801076889038, 0
u,0.02801022119820118, 0.02385801076889038, 0
u,0.00684724235907197, 0.019720911979675293, 0
u,0.0278338473290205, 0.05157923698425293, 0
u,0.04488964378833771, 0.08181732892990112, 0
u,0.0278338473290205, 0.05157923698425293, 0
u,0.009703989140689373, 0.08207595348358154, 0
u,0.45935043692588806, 0.0886414647102356, 0
u,0.4808611273765564, 0.056873857975006104, 0
u,0.45969945192337036, 0.06100517511367798, 0
u,0.45969945192337036, 0.06100517511367798, 0
u,0.43835195899009705, 0.05686807632446289, 0
u,0.45933765172958374, 0.0887264609336853, 0
u,0.47639259696006775, 0.1189652681350708, 0
u,0.45933765172958374, 0.0887264609336853, 0
u,0.44120684266090393, 0.11922287940979004, 0
u,0.5848631858825684, 0.13998854160308838, 0
u,0.6002615690231323, 0.13265132904052734, 0
u,0.5855892300605774, 0.11334943771362305, 0
u,0.6363573670387268, 0.1749095916748047, 0
u,0.6176950931549072, 0.14884740114212036, 0
u,0.6096062064170837, 0.16764897108078003, 0
u,0.5573169589042664, 0.16640567779541016, 0
u,0.5595539212226868, 0.1754782795906067, 0
u,0.5677250027656555, 0.15114957094192505, 0
u,0.5840467214584351, 0.16449320316314697, 0
u,0.6176950931549072, 0.14884740114212036, 0
u,0.5859175324440002, 0.14464432001113892, 0
u,0.6204096078872681, 0.12997353076934814, 0
u,0.6316864490509033, 0.12125766277313232, 0
u,0.6345282793045044, 0.09946882724761963, 0
u,0.5669754147529602, 0.11870193481445312, 0
u,0.5855892300605774, 0.11334943771362305, 0
u,0.5642942190170288, 0.09860861301422119, 0
u,0.18508973717689514, 0.17757666110992432, 0
u,0.16216105222702026, 0.18218636512756348, 0
u,0.17915946245193481, 0.1981039047241211, 0
u,0.6380132436752319, 0.24465131759643555, 0
u,0.6063471436500549, 0.239050030708313, 0
u,0.6238328218460083, 0.2529033422470093, 0
u,0.10305826365947723, 0.13025367259979248, 0
u,0.08345751464366913, 0.16052532196044922, 0
u,0.1033371314406395, 0.1718999147415161, 0
u,0.07260997593402863, 0.12805652618408203, 0
u,0.04179324954748154, 0.13204169273376465, 0
u,0.05977747589349747, 0.14382165670394897, 0
u,0.07077466696500778, 0.10238683223724365, 0
u,0.07260997593402863, 0.12805652618408203, 0
u,0.10305826365947723, 0.13025367259979248, 0
u,0.07260997593402863, 0.12805652618408203, 0
u,0.029600396752357483, 0.11179548501968384, 0
u,0.04179324954748154, 0.13204169273376465, 0
u,0.6325974464416504, 0.2822076678276062, 0
u,0.6380132436752319, 0.24465131759643555, 0
u,0.6245648860931396, 0.27142906188964844, 0
u,0.7387670278549194, 0.1563739776611328, 0
u,0.7565683126449585, 0.12327921390533447, 0
u,0.7308890223503113, 0.13545382022857666, 0
u,0.5762724280357361, 0.24349266290664673, 0
u,0.5626180171966553, 0.23924875259399414, 0
u,0.5700783729553223, 0.28666043281555176, 0
u,0.605704665184021, 0.310271680355072, 0
u,0.640491247177124, 0.3068121671676636, 0
u,0.6325974464416504, 0.2822076678276062, 0
u,0.2108941376209259, 0.16807126998901367, 0
u,0.1932169497013092, 0.1537013053894043, 0
u,0.18508973717689514, 0.17757666110992432, 0
u,0.17915946245193481, 0.1981039047241211, 0
u,0.2108941376209259, 0.16807126998901367, 0
u,0.18508973717689514, 0.17757666110992432, 0
u,0.6245648860931396, 0.27142906188964844, 0
u,0.6018490791320801, 0.2609574794769287, 0
u,0.5968252420425415, 0.28109896183013916, 0
u,0.1313360184431076, 0.13748586177825928, 0
u,0.14541754126548767, 0.16316437721252441, 0
u,0.15354463458061218, 0.13928890228271484, 0
u,0.6022279262542725, 0.21124929189682007, 0
u,0.6380132436752319, 0.24465131759643555, 0
u,0.6496073603630066, 0.22721445560455322, 0
u,0.6380132436752319, 0.24465131759643555, 0
u,0.6022279262542725, 0.21124929189682007, 0
u,0.6063471436500549, 0.239050030708313, 0
u,0.13300037384033203, 0.17570501565933228, 0
u,0.16216105222702026, 0.18218636512756348, 0
u,0.14541754126548767, 0.16316437721252441, 0
u,0.7321850061416626, 0.10575199127197266, 0
u,0.7265658974647522, 0.0838402509689331, 0
u,0.7053225040435791, 0.10219120979309082, 0
u,0.05487307161092758, 0.17176884412765503, 0
u,0.07260997593402863, 0.12805652618408203, 0
u,0.0650058165192604, 0.1500943899154663, 0
u,0.04179324954748154, 0.13204169273376465, 0
u,0.012041502632200718, 0.148065984249115, 0
u,0.03770371526479721, 0.15599733591079712, 0
u,0.5940284729003906, 0.3201860189437866, 0
u,0.6552128791809082, 0.3126717805862427, 0
u,0.640491247177124, 0.3068121671676636, 0
u,0.9619423151016235, 0.3371826410293579, 0
u,0.9681476950645447, 0.36175453662872314, 0
u,0.9719785451889038, 0.3343150019645691, 0
u,0.05977747589349747, 0.14382165670394897, 0
u,0.04179324954748154, 0.13204169273376465, 0
u,0.03770371526479721, 0.15599733591079712, 0
u,0.7721014022827148, 0.10725021362304688, 0
u,0.7321850061416626, 0.10575199127197266, 0
u,0.7565683126449585, 0.12327921390533447, 0
u,0.15354463458061218, 0.13928890228271484, 0
u,0.17647333443164825, 0.13467931747436523, 0
u,0.15361826121807098, 0.12093472480773926, 0
u,0.1963047981262207, 0.1276400089263916, 0
u,0.17647333443164825, 0.13467931747436523, 0
u,0.1932169497013092, 0.1537013053894043, 0
u,0.6786131262779236, 0.2501932382583618, 0
u,0.6418681144714355, 0.20598173141479492, 0
u,0.6496073603630066, 0.22721445560455322, 0
u,0.03770371526479721, 0.15599733591079712, 0
u,0.027928350493311882, 0.18325698375701904, 0
u,0.05487307161092758, 0.17176884412765503, 0
u,0.5940284729003906, 0.3201860189437866, 0
u,0.640491247177124, 0.3068121671676636, 0
u,0.605704665184021, 0.310271680355072, 0
u,0.6063471436500549, 0.239050030708313, 0
u,0.5762724280357361, 0.24349266290664673, 0
u,0.6018490791320801, 0.2609574794769287, 0
u,0.05487307161092758, 0.17176884412765503, 0
u,0.0715518519282341, 0.19281458854675293, 0
u,0.08345751464366913, 0.16052532196044922, 0
u,0.5968252420425415, 0.28109896183013916, 0
u,0.5700783729553223, 0.28666043281555176, 0
u,0.605704665184021, 0.310271680355072, 0
u,0.6018490791320801, 0.2609574794769287, 0
u,0.5762724280357361, 0.24349266290664673, 0
u,0.5968252420425415, 0.28109896183013916, 0
u,0.5968252420425415, 0.28109896183013916, 0
u,0.6325974464416504, 0.2822076678276062, 0
u,0.6245648860931396, 0.27142906188964844, 0
u,0.41497930884361267, 0.15139633417129517, 0
u,0.42395657300949097, 0.1612151861190796, 0
u,0.42324572801589966, 0.15398722887039185, 0
u,0.7909499406814575, 0.14163482189178467, 0
u,0.7901419401168823, 0.14831697940826416, 0
u,0.7989451885223389, 0.15254724025726318, 0
u,0.9160307049751282, 0.2170093059539795, 0
u,0.9250068664550781, 0.22680413722991943, 0
u,0.9242960214614868, 0.2195773720741272, 0
u,0.9243133068084717, 0.2646794319152832, 0
u,0.9157038331031799, 0.256588339805603, 0
u,0.9160997271537781, 0.2637813091278076, 0
u,0.35351619124412537, 0.10236287117004395, 0
u,0.3486391007900238, 0.10124361515045166, 0
u,0.3469776213169098, 0.11622738838195801, 0
u,0.3608897626399994, 0.12091028690338135, 0
u,0.35351619124412537, 0.10236287117004395, 0
u,0.3469776213169098, 0.11622738838195801, 0
u,0.9719751477241516, 0.27618861198425293, 0
u,0.9719744920730591, 0.2452816367149353, 0
u,0.9619285464286804, 0.26273488998413086, 0
u,0.3469776213169098, 0.11622738838195801, 0
u,0.3640400767326355, 0.12484806776046753, 0
u,0.3608897626399994, 0.12091028690338135, 0
u,0.9619463682174683, 0.312427282333374, 0
u,0.9719785451889038, 0.3343150019645691, 0
u,0.9719773530960083, 0.31325191259384155, 0
u,0.9719744920730591, 0.2452816367149353, 0
u,0.9719623327255249, 0.2292357087135315, 0
u,0.9619549512863159, 0.23700547218322754, 0
u,0.3608897626399994, 0.12091028690338135, 0
u,0.3640400767326355, 0.12484806776046753, 0
u,0.3746512830257416, 0.11525344848632812, 0
u,0.9719600081443787, 0.20374548435211182, 0
u,0.9620382785797119, 0.15331310033798218, 0
u,0.9620002508163452, 0.20292150974273682, 0
u,0.9719600081443787, 0.20374548435211182, 0
u,0.9620002508163452, 0.20292150974273682, 0
u,0.9619549512863159, 0.23700547218322754, 0
u,0.9437834620475769, 0.7077995538711548, 0
u,0.9398700594902039, 0.6578094363212585, 0
u,0.933800458908081, 0.7232260704040527, 0
u,0.9681476950645447, 0.36175453662872314, 0
u,0.9619189500808716, 0.42845618724823, 0
u,0.9720062017440796, 0.42382562160491943, 0
u,0.3765588402748108, 0.008668065071105957, 0
u,0.3604191243648529, 0.04167759418487549, 0
u,0.364645779132843, 0.045994699001312256, 0
u,0.28739216923713684, 0.0866919755935669, 0
u,0.30113348364830017, 0.05065107345581055, 0
u,0.30080708861351013, 0.029223322868347168, 0
u,0.23534002900123596, 0.11058151721954346, 0
u,0.2292160838842392, 0.10621941089630127, 0
u,0.22728455066680908, 0.12116599082946777, 0
u,0.22728455066680908, 0.12116599082946777, 0
u,0.2483523041009903, 0.1268700361251831, 0
u,0.23534002900123596, 0.11058151721954346, 0
u,0.9336848258972168, 0.8252987861633301, 0
u,0.9336807727813721, 0.8655022978782654, 0
u,0.9437247514724731, 0.843861311674118, 0
u,0.9336807727813721, 0.8655022978782654, 0
u,0.9437645077705383, 0.8834666311740875, 0
u,0.9437247514724731, 0.843861311674118, 0
u,0.9437645077705383, 0.8834666311740875, 0
u,0.9337159395217896, 0.9354109466075897, 0
u,0.943801999092102, 0.9317753836512566, 0
u,0.25275492668151855, 0.09466695785522461, 0
u,0.255795955657959, 0.09317189455032349, 0
u,0.24318692088127136, 0.04966282844543457, 0
u,0.9492491483688354, 0.31324124336242676, 0
u,0.9392504692077637, 0.286821186542511, 0
u,0.9391976594924927, 0.32526248693466187, 0
u,0.2569454610347748, 0.01377880573272705, 0
u,0.24063228070735931, 0.039310574531555176, 0
u,0.24318692088127136, 0.04966282844543457, 0
u,0.9751240015029907, 0.5395438075065613, 0
u,0.9611613750457764, 0.575606495141983, 0
u,0.9636789560317993, 0.5899655222892761, 0
u,0.9392836689949036, 0.2166454792022705, 0
u,0.9492993354797363, 0.2452678680419922, 0
u,0.9492705464363098, 0.2226009964942932, 0
u,0.21358586847782135, 0.5283088088035583, 0
u,0.20416343212127686, 0.508951872587204, 0
u,0.19967371225357056, 0.5236260294914246, 0
u,0.9492952823638916, 0.2732410430908203, 0
u,0.9492993354797363, 0.2452678680419922, 0
u,0.9392669200897217, 0.25308459997177124, 0
u,0.19967371225357056, 0.5236260294914246, 0
u,0.21639874577522278, 0.5322967767715454, 0
u,0.21358586847782135, 0.5283088088035583, 0
u,0.9391976594924927, 0.32526248693466187, 0
u,0.9492270946502686, 0.33395105600357056, 0
u,0.9492491483688354, 0.31324124336242676, 0
u,0.949238121509552, 0.350685715675354, 0
u,0.9391976594924927, 0.32526248693466187, 0
u,0.9430447816848755, 0.3616291284561157, 0
u,0.21358586847782135, 0.5283088088035583, 0
u,0.21639874577522278, 0.5322967767715454, 0
u,0.2266968935728073, 0.5161325037479401, 0
u,0.9392640590667725, 0.17082101106643677, 0
u,0.9492705464363098, 0.2226009964942932, 0
u,0.9432085752487183, 0.15374600887298584, 0
u,0.21539323031902313, 0.4457181692123413, 0
u,0.21280613541603088, 0.4601196050643921, 0
u,0.2266968935728073, 0.5161325037479401, 0
u,0.9492876529693604, 0.43141239881515503, 0
u,0.9391807317733765, 0.3794114589691162, 0
u,0.939197301864624, 0.4273673892021179, 0
u,0.2266968935728073, 0.5161325037479401, 0
u,0.22828072309494019, 0.49624449014663696, 0
u,0.21539323031902313, 0.4457181692123413, 0
u,0.9565145969390869, 0.7496898174285889, 0
u,0.966525673866272, 0.7334455847740173, 0
u,0.9565343856811523, 0.7230290174484253, 0
u,0.8869251012802124, 0.1311706304550171, 0
u,0.8844079971313477, 0.1420367956161499, 0
u,0.9008034467697144, 0.1674898862838745, 0
u,0.9665279388427734, 0.7816859781742096, 0
u,0.9665442109107971, 0.7565622329711914, 0
u,0.9564875364303589, 0.7820514291524887, 0
u,0.9564467668533325, 0.8376831263303757, 0
u,0.9665006399154663, 0.8551729023456573, 0
u,0.9664807319641113, 0.8256521821022034, 0
u,0.9665029644966125, 0.7077974677085876, 0
u,0.9565410017967224, 0.6746557950973511, 0
u,0.9565343856811523, 0.7230290174484253, 0
u,0.9564418792724609, 0.8654994517564774, 0
u,0.9665208458900452, 0.8834715932607651, 0
u,0.9665006399154663, 0.8551729023456573, 0
u,0.9665208458900452, 0.8834715932607651, 0
u,0.9564573764801025, 0.9311942085623741, 0
u,0.9665474891662598, 0.9360479637980461, 0
u,0.805020809173584, 0.5833654999732971, 0
u,0.629131555557251, 0.7592547237873077, 0
u,0.805020809173584, 0.7592547237873077, 0
u,0.39209604263305664, 0.017956793308258057, 0
u,0.39402538537979126, 0.03290712833404541, 0
u,0.400107204914093, 0.030396461486816406, 0
u,0.39209604263305664, 0.017956793308258057, 0
u,0.400107204914093, 0.030396461486816406, 0
u,0.4058017134666443, 0.013161420822143555, 0
u,0.4058017134666443, 0.013161420822143555, 0
u,0.40861254930496216, 0.009078264236450195, 0
u,0.39209604263305664, 0.017956793308258057, 0
u,0.4198748469352722, 0.0185888409614563, 0
u,0.40861254930496216, 0.009078264236450195, 0
u,0.4058017134666443, 0.013161420822143555, 0
u,0.408025324344635, 0.08911877870559692, 0
u,0.4054803252220154, 0.09980309009552002, 0
u,0.4217856526374817, 0.12537968158721924, 0
u,0.42479920387268066, 0.5581658482551575, 0
u,0.29045337438583374, 0.7588367909193039, 0
u,0.38122624158859253, 0.758836567401886, 0
u,0.4378015398979187, 0.3443073034286499, 0
u,0.5717389583587646, 0.5446482002735138, 0
u,0.614903450012207, 0.3443073630332947, 0
u,0.18462476134300232, 0.5524402856826782, 0
u,0.04986995458602905, 0.7527811378240585, 0
u,0.14105163514614105, 0.7526931017637253, 0
u,0.2472885102033615, 0.5572419762611389, 0
u,0.24728849530220032, 0.5580779016017914, 0
u,0.42479920387268066, 0.5581658482551575, 0
u,0.6161293983459473, 0.5581658184528351, 0
u,0.48178333044052124, 0.7588368058204651, 0
u,0.5725563764572144, 0.7588366270065308, 0
u,0.14105165004730225, 0.7535289376974106, 0
u,0.14105163514614105, 0.7526931017637253, 0
u,0.04986995458602905, 0.7527811378240585, 0
u,0.48066264390945435, 0.7933622598648071, 0
u,0.6146000623703003, 0.9937030179426074, 0
u,0.6577645540237427, 0.7933622747659683, 0
u,0.381649911403656, 0.5439034104347229, 0
u,0.24686488509178162, 0.34356260299682617, 0
u,0.29045313596725464, 0.5442147850990295, 0
u,0.4378015398979187, 0.5582539141178131, 0
u,0.4386187493801117, 0.558077871799469, 0
u,0.6161293983459473, 0.5581658184528351, 0
u,0.6274972558021545, 0.3443073034286499, 0
u,0.7614342570304871, 0.5446482002735138, 0
u,0.8045987486839294, 0.3443073630332947, 0
u,0.19872280955314636, 0.02211940288543701, 0
u,0.20270270109176636, 0.10251832008361816, 0
u,0.20270416140556335, 0.022119462490081787, 0
u,0.798445463180542, 0.08980488777160645, 0
u,0.8256632685661316, 0.09414863586425781, 0
u,0.8252689242362976, 0.08549487590789795, 0
u,0.8015411496162415, 0.10692501068115234, 0
u,0.8281422257423401, 0.10088759660720825, 0
u,0.8256632685661316, 0.09414863586425781, 0
u,0.8009049892425537, 0.07479238510131836, 0
u,0.8252689242362976, 0.08549487590789795, 0
u,0.8287602663040161, 0.079295814037323, 0
u,0.397387832403183, 0.14785826206207275, 0
u,0.34539222717285156, 0.15877771377563477, 0
u,0.3972906470298767, 0.18556463718414307, 0
u,0.8356779217720032, 0.7749644815921783, 0
u,0.8186349272727966, 0.9937022258527577, 0
u,0.8415676355361938, 0.9937006826512516, 0
u,0.8356779217720032, 0.7749644815921783, 0
u,0.8415676355361938, 0.9937006826512516, 0
u,0.844995379447937, 0.7753276824951172, 0
u,0.3973952531814575, 0.22404348850250244, 0
u,0.34537917375564575, 0.2415304183959961, 0
u,0.3970642685890198, 0.24806618690490723, 0
u,0.3972906470298767, 0.18556463718414307, 0
u,0.345367431640625, 0.18552535772323608, 0
u,0.3453407883644104, 0.21263158321380615, 0
u,0.3424719572067261, 0.28996485471725464, 0
u,0.30813708901405334, 0.26667022705078125, 0
u,0.325972318649292, 0.3078664541244507, 0
u,0.30813708901405334, 0.26667022705078125, 0
u,0.29824256896972656, 0.30842071771621704, 0
u,0.325972318649292, 0.3078664541244507, 0
u,0.30813708901405334, 0.26667022705078125, 0
u,0.2684035003185272, 0.27385348081588745, 0
u,0.29824256896972656, 0.30842071771621704, 0
u,0.29824256896972656, 0.30842071771621704, 0
u,0.2684035003185272, 0.27385348081588745, 0
u,0.25470787286758423, 0.31145238876342773, 0
u,0.23762017488479614, 0.2861407995223999, 0
u,0.2331831157207489, 0.32719719409942627, 0
u,0.25470787286758423, 0.31145238876342773, 0
u,0.23121610283851624, 0.2643425464630127, 0
u,0.22535273432731628, 0.27361971139907837, 0
u,0.23762017488479614, 0.2861407995223999, 0
u,0.8206864595413208, 0.7751297354698181, 0
u,0.8186349272727966, 0.9937022258527577, 0
u,0.8356779217720032, 0.7749644815921783, 0
u,0.3722332715988159, 0.2895128130912781, 0
u,0.35652345418930054, 0.26432549953460693, 0
u,0.3424719572067261, 0.28996485471725464, 0
u,0.7440121173858643, 0.2942599058151245, 0
u,0.7106268405914307, 0.25904154777526855, 0
u,0.7089941501617432, 0.29510748386383057, 0
u,0.7438378930091858, 0.21640479564666748, 0
u,0.7106268405914307, 0.25904154777526855, 0
u,0.7440121173858643, 0.2942599058151245, 0
u,0.40260422229766846, 0.2882106304168701, 0
u,0.3722332715988159, 0.2895128130912781, 0
u,0.3844357132911682, 0.32606422901153564, 0
u,0.41878050565719604, 0.3271440267562866, 0
u,0.4252076745033264, 0.2896871566772461, 0
u,0.40260422229766846, 0.2882106304168701, 0
u,0.7275072336196899, 0.18396079540252686, 0
u,0.7068209052085876, 0.22122317552566528, 0
u,0.7438378930091858, 0.21640479564666748, 0
u,0.7887473106384277, 0.28083252906799316, 0
u,0.8019285202026367, 0.21686804294586182, 0
u,0.7759636044502258, 0.21337032318115234, 0
u,0.7047966718673706, 0.17125427722930908, 0
u,0.7000727653503418, 0.1859825849533081, 0
u,0.7107815742492676, 0.1851722002029419, 0
u,0.7280188798904419, 0.17127472162246704, 0
u,0.7107815742492676, 0.1851722002029419, 0
u,0.7275072336196899, 0.18396079540252686, 0
u,0.7280188798904419, 0.17127472162246704, 0
u,0.7275072336196899, 0.18396079540252686, 0
u,0.7477941513061523, 0.18604564666748047, 0
u,0.7887473106384277, 0.28083252906799316, 0
u,0.7759636044502258, 0.21337032318115234, 0
u,0.7609825134277344, 0.27512407302856445, 0
u,0.7658892869949341, 0.18337774276733398, 0
u,0.7570523023605347, 0.1713600754737854, 0
u,0.7477941513061523, 0.18604564666748047, 0
u,0.7903128862380981, 0.1851407289505005, 0
u,0.7846103310585022, 0.17140686511993408, 0
u,0.7658892869949341, 0.18337774276733398, 0
u,0.8019285202026367, 0.21686804294586182, 0
u,0.7903128862380981, 0.1851407289505005, 0
u,0.7759636044502258, 0.21337032318115234, 0
u,0.8028807640075684, 0.7749496251344681, 0
u,0.7971453666687012, 0.9936966942623258, 0
u,0.8186349272727966, 0.9937022258527577, 0
u,0.7866650819778442, 0.7752524316310883, 0
u,0.7861387133598328, 0.9936933442950249, 0
u,0.7971453666687012, 0.9936966942623258, 0
u,0.8028807640075684, 0.7749496251344681, 0
u,0.8186349272727966, 0.9937022258527577, 0
u,0.8206864595413208, 0.7751297354698181, 0
u,0.7958775758743286, 0.3313431739807129, 0
u,0.8037399053573608, 0.2976694107055664, 0
u,0.7887473106384277, 0.28083252906799316, 0
u,0.7609825134277344, 0.27512407302856445, 0
u,0.7740407586097717, 0.33138513565063477, 0
u,0.7887473106384277, 0.28083252906799316, 0
u,0.7440121173858643, 0.2942599058151245, 0
u,0.7089941501617432, 0.29510748386383057, 0
u,0.714535117149353, 0.33140015602111816, 0
u,0.7443803548812866, 0.3313560485839844, 0
u,0.7740407586097717, 0.33138513565063477, 0
u,0.7609825134277344, 0.27512407302856445, 0
u,0.18276235461235046, 0.3129075765609741, 0
u,0.15776905417442322, 0.31274497509002686, 0
u,0.1584550142288208, 0.3225599527359009, 0
u,0.1554918885231018, 0.28272587060928345, 0
u,0.18276235461235046, 0.3129075765609741, 0
u,0.1900239884853363, 0.28353172540664673, 0
u,0.1866740733385086, 0.266618013381958, 0
u,0.15368178486824036, 0.26265376806259155, 0
u,0.1554918885231018, 0.28272587060928345, 0
u,0.15776889026165009, 0.2352038025856018, 0
u,0.1866740733385086, 0.266618013381958, 0
u,0.18276453018188477, 0.2352411150932312, 0
u,0.8176151514053345, 0.6910116672515869, 0
u,0.8309893012046814, 0.6940146684646606, 0
u,0.8309891223907471, 0.6593551933765411, 0
u,0.9718294143676758, 0.11434018611907959, 0
u,0.9852036237716675, 0.09806108474731445, 0
u,0.9718294739723206, 0.09461414813995361, 0
u,0.5204710960388184, 0.21846377849578857, 0
u,0.5190759897232056, 0.2174365520477295, 0
u,0.4939787983894348, 0.27224570512771606, 0
u,0.8855295181274414, 0.023102998733520508, 0
u,0.8830291628837585, 0.03146284818649292, 0
u,0.8943144083023071, 0.032421648502349854, 0
u,0.5136972069740295, 0.26062673330307007, 0
u,0.5204710960388184, 0.21846377849578857, 0
u,0.4939787983894348, 0.27224570512771606, 0
u,0.9925329685211182, 0.8560110479593277, 0
u,0.979158878326416, 0.8655664920806885, 0
u,0.9883424043655396, 0.8749322593212128, 0
u,0.5190759897232056, 0.2174365520477295, 0
u,0.5204710960388184, 0.21846377849578857, 0
u,0.49099200963974, 0.17640936374664307, 0
u,0.3291909098625183, 0.08259463310241699, 0
u,0.31581681966781616, 0.07682192325592041, 0
u,0.32919085025787354, 0.0997573733329773, 0
u,0.9925329089164734, 0.7773228883743286, 0
u,0.979158878326416, 0.7879723608493805, 0
u,0.9925328493118286, 0.8097735196352005, 0
u,0.7415527105331421, 0.8088037073612213, 0
u,0.7634451389312744, 0.799066424369812, 0
u,0.758667528629303, 0.7941394448280334, 0
u,0.7690446972846985, 0.8081583082675934, 0
u,0.7596858739852905, 0.8102421462535858, 0
u,0.7632472515106201, 0.8157724440097809, 0
u,0.9925328493118286, 0.8097735196352005, 0
u,0.9791588187217712, 0.8372950255870819, 0
u,0.9925329089164734, 0.8397957682609558, 0
u,0.5329427719116211, 0.14186561107635498, 0
u,0.5238488912582397, 0.13874685764312744, 0
u,0.5151057243347168, 0.16944056749343872, 0
u,0.8176148533821106, 0.4568129777908325, 0
u,0.8309890031814575, 0.4238947629928589, 0
u,0.8176149129867554, 0.4080082178115845, 0
u,0.31581681966781616, 0.07682192325592041, 0
u,0.3291909098625183, 0.08259463310241699, 0
u,0.3291909098625183, 0.06811463832855225, 0
u,0.8176146745681763, 0.5696381330490112, 0
u,0.8309888243675232, 0.6056582927703857, 0
u,0.8309888243675232, 0.5364239811897278, 0
u,0.9077067375183105, 0.9654805883765221, 0
u,0.9210807085037231, 0.9447452761232853, 0
u,0.9077067375183105, 0.9333276674151421, 0
u,0.4767986536026001, 0.22999626398086548, 0
u,0.4729193150997162, 0.20948076248168945, 0
u,0.4660888910293579, 0.2143581509590149, 0
u,0.7476606965065002, 0.8738972246646881, 0
u,0.7417933940887451, 0.8155989497900009, 0
u,0.7415527105331421, 0.8088037073612213, 0
u,0.9077067375183105, 0.8142124116420746, 0
u,0.9210807085037231, 0.8056605011224747, 0
u,0.9077067375183105, 0.7945241034030914, 0
u,0.8176146745681763, 0.5696381330490112, 0
u,0.8309888243675232, 0.5364239811897278, 0
u,0.8176147937774658, 0.5040927529335022, 0
u,0.9185905456542969, 0.7915532290935516, 0
u,0.9210807085037231, 0.7733447849750519, 0
u,0.9150481224060059, 0.7570843249559402, 0
u,0.8176150918006897, 0.32659512758255005, 0
u,0.8309891223907471, 0.3520846366882324, 0
u,0.8309891223907471, 0.31102752685546875, 0
u,0.8176150918006897, 0.32659512758255005, 0
u,0.8309891223907471, 0.31102752685546875, 0
u,0.8217371702194214, 0.2978284955024719, 0
u,0.985846221446991, 0.9693159908056259, 0
u,0.979158878326416, 0.9935588906519115, 0
u,0.9925329685211182, 0.9935482898727059, 0
u,0.9925329685211182, 0.9181086868047714, 0
u,0.979158878326416, 0.9287630617618561, 0
u,0.9925330281257629, 0.9404635950922966, 0
u,0.8176147937774658, 0.5040927529335022, 0
u,0.830988883972168, 0.49112021923065186, 0
u,0.8176148533821106, 0.4568129777908325, 0
u,0.8176147937774658, 0.5040927529335022, 0
u,0.8309888243675232, 0.5364239811897278, 0
u,0.830988883972168, 0.49112021923065186, 0
u,0.9077067375183105, 0.850886806845665, 0
u,0.9210807085037231, 0.8353710621595383, 0
u,0.9077067375183105, 0.8142124116420746, 0
u,0.6965227127075195, 0.9474168345332146, 0
u,0.6734897494316101, 0.9240661412477493, 0
u,0.6957679986953735, 0.9504649341106415, 0
u,0.9718295335769653, 0.053525328636169434, 0
u,0.985203742980957, 0.03724628686904907, 0
u,0.9718295335769653, 0.033799171447753906, 0
u,0.8608501553535461, 0.021263599395751953, 0
u,0.852489709854126, 0.018765568733215332, 0
u,0.8515340685844421, 0.03005087375640869, 0
u,0.4118334650993347, 0.23124361038208008, 0
u,0.4252074658870697, 0.23701632022857666, 0
u,0.4118334650993347, 0.21408087015151978, 0
u,0.4252074658870697, 0.23701632022857666, 0
u,0.4118334650993347, 0.23124361038208008, 0
u,0.41183340549468994, 0.24572360515594482, 0
u,0.07205446064472198, 0.0668935775756836, 0
u,0.06401358544826508, 0.06407606601715088, 0
u,0.0755465030670166, 0.05761539936065674, 0
u,0.09981437772512436, 0.06410741806030273, 0
u,0.08175051212310791, 0.05625283718109131, 0
u,0.10403819382190704, 0.058030664920806885, 0
u,0.7750818729400635, 0.06248629093170166, 0
u,0.7666776180267334, 0.0462116003036499, 0
u,0.7574525475502014, 0.05362969636917114, 0
u,0.7666776180267334, 0.0462116003036499, 0
u,0.751659095287323, 0.03798210620880127, 0
u,0.7574525475502014, 0.05362969636917114, 0
u,0.7709589004516602, 0.06742548942565918, 0
u,0.7750818729400635, 0.06248629093170166, 0
u,0.7651214599609375, 0.06381654739379883, 0
u,0.7180466651916504, 0.05619627237319946, 0
u,0.706404447555542, 0.041132569313049316, 0
u,0.7204420566558838, 0.04579651355743408, 0
u,0.8525423407554626, 0.5076692402362823, 0
u,0.8474984169006348, 0.7203711271286011, 0
u,0.8805760741233826, 0.7040809988975525, 0
u,0.8585110902786255, 0.7572481036186218, 0
u,0.8741965293884277, 0.7558028697967529, 0
u,0.8796674609184265, 0.7296686172485352, 0
u,0.8805760741233826, 0.7040809988975525, 0
u,0.8767365217208862, 0.7182087898254395, 0
u,0.8796674609184265, 0.7296686172485352, 0
u,0.20886215567588806, 0.38218891620635986, 0
u,0.21584594249725342, 0.37820518016815186, 0
u,0.21962034702301025, 0.37027615308761597, 0
u,0.21962034702301025, 0.37027615308761597, 0
u,0.22135528922080994, 0.3848235011100769, 0
u,0.22698350250720978, 0.39208853244781494, 0
u,0.8474984169006348, 0.7203711271286011, 0
u,0.8564431071281433, 0.7253067493438721, 0
u,0.8639744520187378, 0.7110370695590973, 0
u,0.8796674609184265, 0.7296686172485352, 0
u,0.8564431071281433, 0.7253067493438721, 0
u,0.8585110902786255, 0.7572481036186218, 0
u,0.21250632405281067, 0.39127469062805176, 0
u,0.22698350250720978, 0.39208853244781494, 0
u,0.22135528922080994, 0.3848235011100769, 0
u,0.23733659088611603, 0.15577900409698486, 0
u,0.33196955919265747, 0.14435315132141113, 0
u,0.22570016980171204, 0.1442016363143921, 0
u,0.23733659088611603, 0.15577900409698486, 0
u,0.22570016980171204, 0.1442016363143921, 0
u,0.23760095238685608, 0.23909354209899902, 0
u,0.020221613347530365, 0.22824794054031372, 0
u,0.00825915765017271, 0.32466256618499756, 0
u,0.00812862254679203, 0.2155681848526001, 0
u,0.00825915765017271, 0.32466256618499756, 0
u,0.020345518365502357, 0.31209951639175415, 0
u,0.1044541597366333, 0.3120701313018799, 0
u,0.9492354393005371, 0.020571112632751465, 0
u,0.9425293207168579, 0.06925654411315918, 0
u,0.9541845917701721, 0.07801097631454468, 0
u,0.6727984547615051, 0.12533366680145264, 0
u,0.657404899597168, 0.12530380487442017, 0
u,0.671050488948822, 0.13593411445617676, 0
u,0.657404899597168, 0.12530380487442017, 0
u,0.6656343936920166, 0.07552409172058105, 0
u,0.6579238772392273, 0.11966860294342041, 0
u,0.89537513256073, 0.48902833461761475, 0
u,0.8980927467346191, 0.28454816341400146, 0
u,0.8913792371749878, 0.28343647718429565, 0
u,0.20434041321277618, 0.7511785626411438, 0
u,0.20162320137023926, 0.5466983318328857, 0
u,0.19762694835662842, 0.7522901743650436, 0
u,0.3456854522228241, 0.8927606493234634, 0
u,0.25479400157928467, 0.9842595588415861, 0
u,0.4593658149242401, 0.9844180066138506, 0
u,0.3456854522228241, 0.8927606493234634, 0
u,0.4593658149242401, 0.9844180066138506, 0
u,0.3690188229084015, 0.8930139169096947, 0
u,0.3467894196510315, 0.8723318874835968, 0
u,0.2552745044231415, 0.7804698050022125, 0
u,0.3456854522228241, 0.8927606493234634, 0
u,0.20374076068401337, 0.7962086796760559, 0
u,0.20383675396442413, 0.9636907875537872, 0
u,0.22602525353431702, 0.9760128185153008, 0
u,0.019038774073123932, 0.9748380817472935, 0
u,0.036435939371585846, 0.7962077707052231, 0
u,0.023080158978700638, 0.7756023406982422, 0
u,0.22602525353431702, 0.9760128185153008, 0
u,0.2165798544883728, 0.7752730399370193, 0
u,0.20374076068401337, 0.7962086796760559, 0
u,0.5848631858825684, 0.13998854160308838, 0
u,0.5855892300605774, 0.11334943771362305, 0
u,0.5669754147529602, 0.11870193481445312, 0
u,0.6002615690231323, 0.13265132904052734, 0
u,0.5859175324440002, 0.14464432001113892, 0
u,0.6176950931549072, 0.14884740114212036, 0
u,0.6204096078872681, 0.12997353076934814, 0
u,0.5855892300605774, 0.11334943771362305, 0
u,0.6002615690231323, 0.13265132904052734, 0
u,0.03770371526479721, 0.15599733591079712, 0
u,0.05654868856072426, 0.15245747566223145, 0
u,0.05977747589349747, 0.14382165670394897, 0
u,0.5677250027656555, 0.15114957094192505, 0
u,0.5840467214584351, 0.16449320316314697, 0
u,0.5859175324440002, 0.14464432001113892, 0
u,0.6059498190879822, 0.11281675100326538, 0
u,0.6204096078872681, 0.12997353076934814, 0
u,0.6345282793045044, 0.09946882724761963, 0
u,0.6022279262542725, 0.21124929189682007, 0
u,0.5626180171966553, 0.23924875259399414, 0
u,0.5762724280357361, 0.24349266290664673, 0
u,0.6670083999633789, 0.27279436588287354, 0
u,0.6496073603630066, 0.22721445560455322, 0
u,0.6380132436752319, 0.24465131759643555, 0
u,0.7321850061416626, 0.10575199127197266, 0
u,0.750426173210144, 0.0843425989151001, 0
u,0.7265658974647522, 0.0838402509689331, 0
u,0.07260997593402863, 0.12805652618408203, 0
u,0.05977747589349747, 0.14382165670394897, 0
u,0.0650058165192604, 0.1500943899154663, 0
u,0.7565683126449585, 0.12327921390533447, 0
u,0.7387670278549194, 0.1563739776611328, 0
u,0.7705488204956055, 0.13848662376403809, 0
u,0.07260997593402863, 0.12805652618408203, 0
u,0.08345751464366913, 0.16052532196044922, 0
u,0.10305826365947723, 0.13025367259979248, 0
u,0.6380132436752319, 0.24465131759643555, 0
u,0.6238328218460083, 0.2529033422470093, 0
u,0.6245648860931396, 0.27142906188964844, 0
u,0.07077466696500778, 0.10238683223724365, 0
u,0.029600396752357483, 0.11179548501968384, 0
u,0.07260997593402863, 0.12805652618408203, 0
u,0.7565683126449585, 0.12327921390533447, 0
u,0.7705488204956055, 0.13848662376403809, 0
u,0.7721014022827148, 0.10725021362304688, 0
u,0.6022279262542725, 0.21124929189682007, 0
u,0.5762724280357361, 0.24349266290664673, 0
u,0.6063471436500549, 0.239050030708313, 0
u,0.6063471436500549, 0.239050030708313, 0
u,0.6018490791320801, 0.2609574794769287, 0
u,0.6238328218460083, 0.2529033422470093, 0
u,0.605704665184021, 0.310271680355072, 0
u,0.6325974464416504, 0.2822076678276062, 0
u,0.5968252420425415, 0.28109896183013916, 0
u,0.1963047981262207, 0.1276400089263916, 0
u,0.1932169497013092, 0.1537013053894043, 0
u,0.2108941376209259, 0.16807126998901367, 0
u,0.17915946245193481, 0.1981039047241211, 0
u,0.16216105222702026, 0.18218636512756348, 0
u,0.13300037384033203, 0.17570501565933228, 0
u,0.6496073603630066, 0.22721445560455322, 0
u,0.6418681144714355, 0.20598173141479492, 0
u,0.6022279262542725, 0.21124929189682007, 0
u,0.5762724280357361, 0.24349266290664673, 0
u,0.5700783729553223, 0.28666043281555176, 0
u,0.5968252420425415, 0.28109896183013916, 0
u,0.6670083999633789, 0.27279436588287354, 0
u,0.6552128791809082, 0.3126717805862427, 0
u,0.6786131262779236, 0.2501932382583618, 0
u,0.640491247177124, 0.3068121671676636, 0
u,0.6670083999633789, 0.27279436588287354, 0
u,0.6325974464416504, 0.2822076678276062, 0
u,0.012041502632200718, 0.148065984249115, 0
u,0.027928350493311882, 0.18325698375701904, 0
u,0.03770371526479721, 0.15599733591079712, 0
u,0.08345751464366913, 0.16052532196044922, 0
u,0.07260997593402863, 0.12805652618408203, 0
u,0.05487307161092758, 0.17176884412765503, 0
u,0.05487307161092758, 0.17176884412765503, 0
u,0.05654868856072426, 0.15245747566223145, 0
u,0.03770371526479721, 0.15599733591079712, 0
u,0.027928350493311882, 0.18325698375701904, 0
u,0.0715518519282341, 0.19281458854675293, 0
u,0.05487307161092758, 0.17176884412765503, 0
u,0.6325974464416504, 0.2822076678276062, 0
u,0.6670083999633789, 0.27279436588287354, 0
u,0.6380132436752319, 0.24465131759643555, 0
u,0.7321850061416626, 0.10575199127197266, 0
u,0.7721014022827148, 0.10725021362304688, 0
u,0.750426173210144, 0.0843425989151001, 0
u,0.0715518519282341, 0.19281458854675293, 0
u,0.1033371314406395, 0.1718999147415161, 0
u,0.08345751464366913, 0.16052532196044922, 0
u,0.15361826121807098, 0.12093472480773926, 0
u,0.17647333443164825, 0.13467931747436523, 0
u,0.1963047981262207, 0.1276400089263916, 0
u,0.6786131262779236, 0.2501932382583618, 0
u,0.6496073603630066, 0.22721445560455322, 0
u,0.6670083999633789, 0.27279436588287354, 0
u,0.5700783729553223, 0.28666043281555176, 0
u,0.5940284729003906, 0.3201860189437866, 0
u,0.605704665184021, 0.310271680355072, 0
u,0.05654868856072426, 0.15245747566223145, 0
u,0.05487307161092758, 0.17176884412765503, 0
u,0.0650058165192604, 0.1500943899154663, 0
u,0.1313360184431076, 0.13748586177825928, 0
u,0.15354463458061218, 0.13928890228271484, 0
u,0.15361826121807098, 0.12093472480773926, 0
u,0.6552128791809082, 0.3126717805862427, 0
u,0.6670083999633789, 0.27279436588287354, 0
u,0.640491247177124, 0.3068121671676636, 0
u,0.029600396752357483, 0.11179548501968384, 0
u,0.012041502632200718, 0.148065984249115, 0
u,0.04179324954748154, 0.13204169273376465, 0
u,0.7308890223503113, 0.13545382022857666, 0
u,0.7079809904098511, 0.14010560512542725, 0
u,0.7387670278549194, 0.1563739776611328, 0
u,0.17915946245193481, 0.1981039047241211, 0
u,0.13300037384033203, 0.17570501565933228, 0
u,0.14878349006175995, 0.19681715965270996, 0
u,0.5595539212226868, 0.1754782795906067, 0
u,0.5840467214584351, 0.16449320316314697, 0
u,0.5677250027656555, 0.15114957094192505, 0
u,0.630035400390625, 0.1799381971359253, 0
u,0.6363573670387268, 0.1749095916748047, 0
u,0.6096062064170837, 0.16764897108078003, 0
u,0.8190323114395142, 0.033464789390563965, 0
u,0.810244619846344, 0.044180095195770264, 0
u,0.8223230838775635, 0.03599095344543457, 0
u,0.8180635571479797, 0.029358506202697754, 0
u,0.8110040426254272, 0.024552464485168457, 0
u,0.8190323114395142, 0.033464789390563965, 0
u,0.4467768669128418, 0.03305160999298096, 0
u,0.4584798812866211, 0.0426098108291626, 0
u,0.4507305920124054, 0.032837629318237305, 0
u,0.4507305920124054, 0.032837629318237305, 0
u,0.45797455310821533, 0.022955656051635742, 0
u,0.4467768669128418, 0.03305160999298096, 0
u,0.4913221299648285, 0.03417634963989258, 0
u,0.5023782253265381, 0.04251772165298462, 0
u,0.49471455812454224, 0.03202146291732788, 0
u,0.49471455812454224, 0.03202146291732788, 0
u,0.4834842085838318, 0.02364903688430786, 0
u,0.4913221299648285, 0.03417634963989258, 0
u,0.5273007154464722, 0.031353890895843506, 0
u,0.5363699197769165, 0.0229417085647583, 0
u,0.5294007062911987, 0.027638375759124756, 0
u,0.5262308120727539, 0.033454954624176025, 0
u,0.5363699197769165, 0.0229417085647583, 0
u,0.5273007154464722, 0.031353890895843506, 0
u,0.41497930884361267, 0.15139633417129517, 0
u,0.42324572801589966, 0.15398722887039185, 0
u,0.4234749376773834, 0.14865845441818237, 0
u,0.7909499406814575, 0.14163482189178467, 0
u,0.7991985082626343, 0.13898169994354248, 0
u,0.7907217741012573, 0.136408269405365, 0
u,0.9160307049751282, 0.2170093059539795, 0
u,0.9242960214614868, 0.2195773720741272, 0
u,0.924525260925293, 0.21424978971481323, 0
u,0.9243133068084717, 0.2646794319152832, 0
u,0.9160997271537781, 0.2637813091278076, 0
u,0.9156407117843628, 0.2691555619239807, 0
u,0.9669654965400696, 0.4665486812591553, 0
u,0.9619287848472595, 0.4896392822265625, 0
u,0.9720085859298706, 0.4896370768547058, 0
u,0.9719751477241516, 0.27618861198425293, 0
u,0.9619285464286804, 0.26273488998413086, 0
u,0.9634256958961487, 0.28438395261764526, 0
u,0.9619463682174683, 0.312427282333374, 0
u,0.9719773530960083, 0.31325191259384155, 0
u,0.9634256958961487, 0.28438395261764526, 0
u,0.9719744920730591, 0.2452816367149353, 0
u,0.9619549512863159, 0.23700547218322754, 0
u,0.9619285464286804, 0.26273488998413086, 0
u,0.9619423151016235, 0.3371826410293579, 0
u,0.9719785451889038, 0.3343150019645691, 0
u,0.9619463682174683, 0.312427282333374, 0
u,0.9719600081443787, 0.20374548435211182, 0
u,0.9619549512863159, 0.23700547218322754, 0
u,0.9719623327255249, 0.2292357087135315, 0
u,0.9669654965400696, 0.4665486812591553, 0
u,0.9720062017440796, 0.42382562160491943, 0
u,0.9619189500808716, 0.42845618724823, 0
u,0.9438425302505493, 0.9936947855167091, 0
u,0.938785970211029, 0.9706539772450924, 0
u,0.9337620139122009, 0.9937031269073486, 0
u,0.9437306523323059, 0.779510959982872, 0
u,0.9337310791015625, 0.756824404001236, 0
u,0.9336903095245361, 0.7817667424678802, 0
u,0.9336848258972168, 0.8252987861633301, 0
u,0.9437179565429688, 0.8170582950115204, 0
u,0.9352160692214966, 0.7914109081029892, 0
u,0.9336848258972168, 0.8252987861633301, 0
u,0.9437247514724731, 0.843861311674118, 0
u,0.9437179565429688, 0.8170582950115204, 0
u,0.9437868595123291, 0.7394136786460876, 0
u,0.9337310791015625, 0.756824404001236, 0
u,0.9437306523323059, 0.779510959982872, 0
u,0.2483523041009903, 0.1268700361251831, 0
u,0.24938809871673584, 0.12405896186828613, 0
u,0.23534002900123596, 0.11058151721954346, 0
u,0.9437868595123291, 0.7394136786460876, 0
u,0.933800458908081, 0.7232260704040527, 0
u,0.9337310791015625, 0.756824404001236, 0
u,0.25275492668151855, 0.09466695785522461, 0
u,0.24938809871673584, 0.12405896186828613, 0
u,0.2483523041009903, 0.1268700361251831, 0
u,0.9437834620475769, 0.7077995538711548, 0
u,0.933800458908081, 0.7232260704040527, 0
u,0.9437868595123291, 0.7394136786460876, 0
u,0.2483523041009903, 0.1268700361251831, 0
u,0.255795955657959, 0.09317189455032349, 0
u,0.25275492668151855, 0.09466695785522461, 0
u,0.938785970211029, 0.9706539772450924, 0
u,0.943801999092102, 0.9317753836512566, 0
u,0.9337159395217896, 0.9354109466075897, 0
u,0.9442631006240845, 0.46653079986572266, 0
u,0.9392372369766235, 0.48963940143585205, 0
u,0.9493179321289062, 0.4896319508552551, 0
u,0.9492952823638916, 0.2732410430908203, 0
u,0.9392669200897217, 0.25308459997177124, 0
u,0.9392489194869995, 0.27840566635131836, 0
u,0.9442631006240845, 0.46653079986572266, 0
u,0.9492876529693604, 0.43141239881515503, 0
u,0.939197301864624, 0.4273673892021179, 0
u,0.9003608226776123, 0.06047379970550537, 0
u,0.8906675577163696, 0.05269801616668701, 0
u,0.8976488709449768, 0.07415974140167236, 0
u,0.961516261100769, 0.9706649705767632, 0
u,0.9564846158027649, 0.9937031269073486, 0
u,0.9665648937225342, 0.9936981229111552, 0
u,0.9564478397369385, 0.8170643895864487, 0
u,0.9664807319641113, 0.8256521821022034, 0
u,0.9649922847747803, 0.7914949655532837, 0
u,0.9665442109107971, 0.7565622329711914, 0
u,0.9565145969390869, 0.7496898174285889, 0
u,0.9564875364303589, 0.7820514291524887, 0
u,0.9564467668533325, 0.8376831263303757, 0
u,0.9664807319641113, 0.8256521821022034, 0
u,0.9564478397369385, 0.8170643895864487, 0
u,0.9222893714904785, 0.6178515553474426, 0
u,0.93198162317276, 0.6100791692733765, 0
u,0.9288252592086792, 0.6092650294303894, 0
u,0.9187577366828918, 0.5341227948665619, 0
u,0.9288252592086792, 0.6092650294303894, 0
u,0.93198162317276, 0.6100791692733765, 0
u,0.9665029644966125, 0.7077974677085876, 0
u,0.9565343856811523, 0.7230290174484253, 0
u,0.966525673866272, 0.7334455847740173, 0
u,0.93198162317276, 0.6100791692733765, 0
u,0.9311937689781189, 0.5823745727539062, 0
u,0.9187577366828918, 0.5341227948665619, 0
u,0.961516261100769, 0.9706649705767632, 0
u,0.9665474891662598, 0.9360479637980461, 0
u,0.9564573764801025, 0.9311942085623741, 0
u,0.29045337438583374, 0.7588367909193039, 0
u,0.24728849530220032, 0.5580779016017914, 0
u,0.2472885102033615, 0.5572419762611389, 0
u,0.14105165004730225, 0.7535289376974106, 0
u,0.18462476134300232, 0.5524402856826782, 0
u,0.14105163514614105, 0.7526931017637253, 0
u,0.4378015398979187, 0.5582539141178131, 0
u,0.48178333044052124, 0.7588368058204651, 0
u,0.4386187493801117, 0.558077871799469, 0
u,0.8078712224960327, 0.12120139598846436, 0
u,0.8281422257423401, 0.10088759660720825, 0
u,0.8015411496162415, 0.10692501068115234, 0
u,0.8015411496162415, 0.10692501068115234, 0
u,0.8256632685661316, 0.09414863586425781, 0
u,0.798445463180542, 0.08980488777160645, 0
u,0.8009049892425537, 0.07479238510131836, 0
u,0.8287602663040161, 0.079295814037323, 0
u,0.8074834942817688, 0.060147106647491455, 0
u,0.798445463180542, 0.08980488777160645, 0
u,0.8252689242362976, 0.08549487590789795, 0
u,0.8009049892425537, 0.07479238510131836, 0
u,0.7316058278083801, 0.9477622248232365, 0
u,0.6965227127075195, 0.9474168345332146, 0
u,0.6957679986953735, 0.9504649341106415, 0
u,0.19726163148880005, 0.10251832008361816, 0
u,0.19872280955314636, 0.02211940288543701, 0
u,0.19128328561782837, 0.022119522094726562, 0
u,0.18428435921669006, 0.10251832008361816, 0
u,0.19128328561782837, 0.022119522094726562, 0
u,0.18374347686767578, 0.022119462490081787, 0
u,0.19058042764663696, 0.10251832008361816, 0
u,0.19128328561782837, 0.022119522094726562, 0
u,0.18428435921669006, 0.10251832008361816, 0
u,0.19726163148880005, 0.10251832008361816, 0
u,0.19128328561782837, 0.022119522094726562, 0
u,0.19058042764663696, 0.10251832008361816, 0
u,0.7438378930091858, 0.21640479564666748, 0
u,0.7759636044502258, 0.21337032318115234, 0
u,0.7477941513061523, 0.18604564666748047, 0
u,0.397387832403183, 0.14785826206207275, 0
u,0.3453494608402252, 0.1420224905014038, 0
u,0.34539222717285156, 0.15877771377563477, 0
u,0.7903128862380981, 0.1851407289505005, 0
u,0.8013371229171753, 0.17136329412460327, 0
u,0.7846103310585022, 0.17140686511993408, 0
u,0.34539222717285156, 0.15877771377563477, 0
u,0.345367431640625, 0.18552535772323608, 0
u,0.3972906470298767, 0.18556463718414307, 0
u,0.3973952531814575, 0.22404348850250244, 0
u,0.3453407883644104, 0.21263158321380615, 0
u,0.34537917375564575, 0.2415304183959961, 0
u,0.7759636044502258, 0.21337032318115234, 0
u,0.7903128862380981, 0.1851407289505005, 0
u,0.7658892869949341, 0.18337774276733398, 0
u,0.33423900604248047, 0.32937055826187134, 0
u,0.29824256896972656, 0.30842071771621704, 0
u,0.27766549587249756, 0.3289424180984497, 0
u,0.27766549587249756, 0.3289424180984497, 0
u,0.29824256896972656, 0.30842071771621704, 0
u,0.25470787286758423, 0.31145238876342773, 0
u,0.2684035003185272, 0.27385348081588745, 0
u,0.23762017488479614, 0.2861407995223999, 0
u,0.25470787286758423, 0.31145238876342773, 0
u,0.2684035003185272, 0.27385348081588745, 0
u,0.23121610283851624, 0.2643425464630127, 0
u,0.23762017488479614, 0.2861407995223999, 0
u,0.3973952531814575, 0.22404348850250244, 0
u,0.3972906470298767, 0.18556463718414307, 0
u,0.3453407883644104, 0.21263158321380615, 0
u,0.6182323694229126, 0.07393276691436768, 0
u,0.6378371119499207, 0.059812307357788086, 0
u,0.6161900758743286, 0.048694610595703125, 0
u,0.3424719572067261, 0.28996485471725464, 0
u,0.35652345418930054, 0.26432549953460693, 0
u,0.30813708901405334, 0.26667022705078125, 0
u,0.325972318649292, 0.3078664541244507, 0
u,0.33423900604248047, 0.32937055826187134, 0
u,0.3424719572067261, 0.28996485471725464, 0
u,0.3844357132911682, 0.32606422901153564, 0
u,0.3722332715988159, 0.2895128130912781, 0
u,0.3424719572067261, 0.28996485471725464, 0
u,0.33423900604248047, 0.32937055826187134, 0
u,0.3844357132911682, 0.32606422901153564, 0
u,0.3424719572067261, 0.28996485471725464, 0
u,0.3722332715988159, 0.2895128130912781, 0
u,0.40260422229766846, 0.2882106304168701, 0
u,0.40736424922943115, 0.2644273638725281, 0
u,0.7440121173858643, 0.2942599058151245, 0
u,0.7609825134277344, 0.27512407302856445, 0
u,0.7438378930091858, 0.21640479564666748, 0
u,0.3722332715988159, 0.2895128130912781, 0
u,0.40736424922943115, 0.2644273638725281, 0
u,0.35652345418930054, 0.26432549953460693, 0
u,0.8037399053573608, 0.2976694107055664, 0
u,0.8011717796325684, 0.26420676708221436, 0
u,0.7887473106384277, 0.28083252906799316, 0
u,0.7107815742492676, 0.1851722002029419, 0
u,0.7000727653503418, 0.1859825849533081, 0
u,0.7068209052085876, 0.22122317552566528, 0
u,0.7275072336196899, 0.18396079540252686, 0
u,0.7107815742492676, 0.1851722002029419, 0
u,0.7068209052085876, 0.22122317552566528, 0
u,0.7477941513061523, 0.18604564666748047, 0
u,0.7275072336196899, 0.18396079540252686, 0
u,0.7438378930091858, 0.21640479564666748, 0
u,0.7887473106384277, 0.28083252906799316, 0
u,0.8011717796325684, 0.26420676708221436, 0
u,0.8019285202026367, 0.21686804294586182, 0
u,0.7609825134277344, 0.27512407302856445, 0
u,0.7759636044502258, 0.21337032318115234, 0
u,0.7438378930091858, 0.21640479564666748, 0
u,0.7280188798904419, 0.17127472162246704, 0
u,0.7047966718673706, 0.17125427722930908, 0
u,0.7107815742492676, 0.1851722002029419, 0
u,0.7477941513061523, 0.18604564666748047, 0
u,0.7570523023605347, 0.1713600754737854, 0
u,0.7280188798904419, 0.17127472162246704, 0
u,0.3844357132911682, 0.32606422901153564, 0
u,0.41878050565719604, 0.3271440267562866, 0
u,0.40260422229766846, 0.2882106304168701, 0
u,0.2331831157207489, 0.32719719409942627, 0
u,0.27766549587249756, 0.3289424180984497, 0
u,0.25470787286758423, 0.31145238876342773, 0
u,0.33423900604248047, 0.32937055826187134, 0
u,0.325972318649292, 0.3078664541244507, 0
u,0.29824256896972656, 0.30842071771621704, 0
u,0.7759636044502258, 0.21337032318115234, 0
u,0.7658892869949341, 0.18337774276733398, 0
u,0.7477941513061523, 0.18604564666748047, 0
u,0.8028807640075684, 0.7749496251344681, 0
u,0.7866650819778442, 0.7752524316310883, 0
u,0.7971453666687012, 0.9936966942623258, 0
u,0.7658892869949341, 0.18337774276733398, 0
u,0.7846103310585022, 0.17140686511993408, 0
u,0.7570523023605347, 0.1713600754737854, 0
u,0.7440121173858643, 0.2942599058151245, 0
u,0.7443803548812866, 0.3313560485839844, 0
u,0.7609825134277344, 0.27512407302856445, 0
u,0.7089941501617432, 0.29510748386383057, 0
u,0.7000727653503418, 0.33143335580825806, 0
u,0.714535117149353, 0.33140015602111816, 0
u,0.7440121173858643, 0.2942599058151245, 0
u,0.714535117149353, 0.33140015602111816, 0
u,0.7443803548812866, 0.3313560485839844, 0
u,0.7887473106384277, 0.28083252906799316, 0
u,0.7740407586097717, 0.33138513565063477, 0
u,0.7958775758743286, 0.3313431739807129, 0
u,0.15776905417442322, 0.31274497509002686, 0
u,0.18276235461235046, 0.3129075765609741, 0
u,0.1554918885231018, 0.28272587060928345, 0
u,0.1554918885231018, 0.28272587060928345, 0
u,0.1900239884853363, 0.28353172540664673, 0
u,0.1866740733385086, 0.266618013381958, 0
u,0.15368178486824036, 0.26265376806259155, 0
u,0.1866740733385086, 0.266618013381958, 0
u,0.15776889026165009, 0.2352038025856018, 0
u,0.15776889026165009, 0.2352038025856018, 0
u,0.18276453018188477, 0.2352411150932312, 0
u,0.18333396315574646, 0.2265491485595703, 0
u,0.7438378930091858, 0.21640479564666748, 0
u,0.7068209052085876, 0.22122317552566528, 0
u,0.7106268405914307, 0.25904154777526855, 0
u,0.8176146745681763, 0.5696381330490112, 0
u,0.817614734172821, 0.6136974692344666, 0
u,0.8309888243675232, 0.6056582927703857, 0
u,0.32919085025787354, 0.0997573733329773, 0
u,0.31581681966781616, 0.07682192325592041, 0
u,0.3158167898654938, 0.10174226760864258, 0
u,0.8309893012046814, 0.6940146684646606, 0
u,0.817615270614624, 0.7207537293434143, 0
u,0.8309894800186157, 0.7202934622764587, 0
u,0.7083854675292969, 0.9118327349424362, 0
u,0.7193861603736877, 0.9056072309613228, 0
u,0.7142032384872437, 0.8900549113750458, 0
u,0.31581687927246094, 0.11995744705200195, 0
u,0.32919085025787354, 0.0997573733329773, 0
u,0.3158167898654938, 0.10174226760864258, 0
u,0.83098965883255, 0.14154160022735596, 0
u,0.8176155686378479, 0.18165075778961182, 0
u,0.8309895396232605, 0.18149054050445557, 0
u,0.7316058278083801, 0.9477622248232365, 0
u,0.7674590349197388, 0.9682325087487698, 0
u,0.7532256841659546, 0.952641949057579, 0
u,0.8960201740264893, 0.021727263927459717, 0
u,0.8980885148048401, 0.034047722816467285, 0
u,0.8983114957809448, 0.019820094108581543, 0
u,0.8960201740264893, 0.021727263927459717, 0
u,0.8983114957809448, 0.019820094108581543, 0
u,0.8855295181274414, 0.023102998733520508, 0
u,0.8176153898239136, 0.23172712326049805, 0
u,0.8309892416000366, 0.2627915143966675, 0
u,0.830989420413971, 0.23207759857177734, 0
u,0.9210807085037231, 0.6553662717342377, 0
u,0.9077067375183105, 0.7140926420688629, 0
u,0.9210807681083679, 0.7201699018478394, 0
u,0.8943144083023071, 0.032421648502349854, 0
u,0.8830291628837585, 0.03146284818649292, 0
u,0.8980885148048401, 0.034047722816467285, 0
u,0.8217371702194214, 0.2978284955024719, 0
u,0.817615270614624, 0.2627778649330139, 0
u,0.8176152110099792, 0.28224849700927734, 0
u,0.83098965883255, 0.7584688514471054, 0
u,0.817615270614624, 0.7207537293434143, 0
u,0.8176155090332031, 0.7585516571998596, 0
u,0.979158878326416, 0.8655664920806885, 0
u,0.9925329089164734, 0.8397957682609558, 0
u,0.9791588187217712, 0.8372950255870819, 0
u,0.71561598777771, 0.8511950075626373, 0
u,0.7082858085632324, 0.8665214478969574, 0
u,0.7172570824623108, 0.8641641587018967, 0
u,0.5065563917160034, 0.3017385005950928, 0
u,0.5204710960388184, 0.21846377849578857, 0
u,0.5136972069740295, 0.26062673330307007, 0
u,0.8309895396232605, 0.18149054050445557, 0
u,0.8176153898239136, 0.23172712326049805, 0
u,0.830989420413971, 0.23207759857177734, 0
u,0.7476606965065002, 0.8738972246646881, 0
u,0.7152459621429443, 0.8482413738965988, 0
u,0.71561598777771, 0.8511950075626373, 0
u,0.7554942965507507, 0.8090105652809143, 0
u,0.7632472515106201, 0.8157724440097809, 0
u,0.7596858739852905, 0.8102421462535858, 0
u,0.979158878326416, 0.7414503395557404, 0
u,0.9925329089164734, 0.7773228883743286, 0
u,0.9925329685211182, 0.7360546588897705, 0
u,0.5238488912582397, 0.13874685764312744, 0
u,0.5134725570678711, 0.14944911003112793, 0
u,0.5203402042388916, 0.14915305376052856, 0
u,0.31581687927246094, 0.11995744705200195, 0
u,0.3291909396648407, 0.1312500238418579, 0
u,0.3291909396648407, 0.11963313817977905, 0
u,0.8309891223907471, 0.3520846366882324, 0
u,0.8176149129867554, 0.4080082178115845, 0
u,0.8309890031814575, 0.4238947629928589, 0
u,0.4767986536026001, 0.22999626398086548, 0
u,0.4407895505428314, 0.216780424118042, 0
u,0.47185730934143066, 0.24103641510009766, 0
u,0.7415527105331421, 0.8088037073612213, 0
u,0.7417933940887451, 0.8155989497900009, 0
u,0.7634451389312744, 0.799066424369812, 0
u,0.8309891223907471, 0.6593551933765411, 0
u,0.8176149129867554, 0.6647368669509888, 0
u,0.8176151514053345, 0.6910116672515869, 0
u,0.9925328493118286, 0.8097735196352005, 0
u,0.979158878326416, 0.7879723608493805, 0
u,0.9791588187217712, 0.8372950255870819, 0
u,0.9077067375183105, 0.9654805883765221, 0
u,0.9210807681083679, 0.9933978170156479, 0
u,0.9210807085037231, 0.9447452761232853, 0
u,0.9077067375183105, 0.8142124116420746, 0
u,0.9210807085037231, 0.8353710621595383, 0
u,0.9210807085037231, 0.8056605011224747, 0
u,0.5214977264404297, 0.1723383069038391, 0
u,0.5329427719116211, 0.14186561107635498, 0
u,0.5151057243347168, 0.16944056749343872, 0
u,0.9077067375183105, 0.7945241034030914, 0
u,0.9210807085037231, 0.8056605011224747, 0
u,0.9185905456542969, 0.7915532290935516, 0
u,0.49099200963974, 0.17640936374664307, 0
u,0.5214977264404297, 0.1723383069038391, 0
u,0.5151057243347168, 0.16944056749343872, 0
u,0.985203742980957, 0.08206582069396973, 0
u,0.9718294739723206, 0.09461414813995361, 0
u,0.9852036237716675, 0.09806108474731445, 0
u,0.9210807085037231, 0.8353710621595383, 0
u,0.9077067375183105, 0.9333276674151421, 0
u,0.9210807085037231, 0.9447452761232853, 0
u,0.985203742980957, 0.08206582069396973, 0
u,0.9852038621902466, 0.07617270946502686, 0
u,0.9718295931816101, 0.08030390739440918, 0
u,0.9718294143676758, 0.11434018611907959, 0
u,0.9718294739723206, 0.12439340353012085, 0
u,0.9852035045623779, 0.11836695671081543, 0
u,0.9718294143676758, 0.11434018611907959, 0
u,0.9852035045623779, 0.11836695671081543, 0
u,0.9852036237716675, 0.09806108474731445, 0
u,0.5322113037109375, 0.31476038694381714, 0
u,0.5202173590660095, 0.3295166492462158, 0
u,0.5359110236167908, 0.3220122456550598, 0
u,0.8309888243675232, 0.6056582927703857, 0
u,0.8176148533821106, 0.6472797095775604, 0
u,0.8309890031814575, 0.6337398886680603, 0
u,0.9077067375183105, 0.7140926420688629, 0
u,0.9150481224060059, 0.7570843249559402, 0
u,0.9210807681083679, 0.7201699018478394, 0
u,0.8176150918006897, 0.32659512758255005, 0
u,0.8176150321960449, 0.3634387254714966, 0
u,0.8309891223907471, 0.3520846366882324, 0
u,0.8176148533821106, 0.6472797095775604, 0
u,0.8309891223907471, 0.6593551933765411, 0
u,0.8309890031814575, 0.6337398886680603, 0
u,0.9925329685211182, 0.9181086868047714, 0
u,0.9791587591171265, 0.9034948647022247, 0
u,0.979158878326416, 0.9287630617618561, 0
u,0.9925330281257629, 0.9404635950922966, 0
u,0.979158878326416, 0.9287630617618561, 0
u,0.985846221446991, 0.9693159908056259, 0
u,0.425207257270813, 0.19388091564178467, 0
u,0.4118334650993347, 0.21408087015151978, 0
u,0.42520761489868164, 0.2120959758758545, 0
u,0.9925328493118286, 0.8913491070270538, 0
u,0.9883424043655396, 0.8749322593212128, 0
u,0.9791587591171265, 0.9034948647022247, 0
u,0.8176148533821106, 0.4568129777908325, 0
u,0.830988883972168, 0.49112021923065186, 0
u,0.8309890031814575, 0.4238947629928589, 0
u,0.9925329685211182, 0.7360546588897705, 0
u,0.9791589379310608, 0.7270668745040894, 0
u,0.979158878326416, 0.7414503395557404, 0
u,0.4118334650993347, 0.21408087015151978, 0
u,0.4252074658870697, 0.23701632022857666, 0
u,0.42520761489868164, 0.2120959758758545, 0
u,0.8622288703918457, 0.03175365924835205, 0
u,0.8499088883399963, 0.03382551670074463, 0
u,0.8641365766525269, 0.034044504165649414, 0
u,0.8622288703918457, 0.03175365924835205, 0
u,0.8641365766525269, 0.034044504165649414, 0
u,0.8608501553535461, 0.021263599395751953, 0
u,0.425207257270813, 0.19388091564178467, 0
u,0.411833256483078, 0.18258821964263916, 0
u,0.4118332266807556, 0.19420528411865234, 0
u,0.8515340685844421, 0.03005087375640869, 0
u,0.852489709854126, 0.018765568733215332, 0
u,0.8499088883399963, 0.03382551670074463, 0
u,0.9852038621902466, 0.02125096321105957, 0
u,0.9718295335769653, 0.033799171447753906, 0
u,0.985203742980957, 0.03724628686904907, 0
u,0.5691466331481934, 0.05316293239593506, 0
u,0.5520234704017639, 0.060026586055755615, 0
u,0.5736070871353149, 0.06375300884246826, 0
u,0.9852038621902466, 0.02125096321105957, 0
u,0.9852038621902466, 0.015358030796051025, 0
u,0.9718295931816101, 0.019489169120788574, 0
u,0.9718295335769653, 0.053525328636169434, 0
u,0.9718295931816101, 0.06357860565185547, 0
u,0.9852036237716675, 0.0575520396232605, 0
u,0.9718295335769653, 0.053525328636169434, 0
u,0.9852036237716675, 0.0575520396232605, 0
u,0.985203742980957, 0.03724628686904907, 0
u,0.32040950655937195, 0.15591347217559814, 0
u,0.33198776841163635, 0.25027740001678467, 0
u,0.33196955919265747, 0.14435315132141113, 0
u,0.5691466331481934, 0.05316293239593506, 0
u,0.5736070871353149, 0.06375300884246826, 0
u,0.5910276770591736, 0.05900537967681885, 0
u,0.5756108164787292, 0.04060983657836914, 0
u,0.5713160037994385, 0.039153099060058594, 0
u,0.5691466331481934, 0.05316293239593506, 0
u,0.5696437358856201, 0.07855474948883057, 0
u,0.5746020078659058, 0.07797276973724365, 0
u,0.5736070871353149, 0.06375300884246826, 0
u,0.0755465030670166, 0.05761539936065674, 0
u,0.06401358544826508, 0.06407606601715088, 0
u,0.06283848732709885, 0.05812394618988037, 0
u,0.7666776180267334, 0.0462116003036499, 0
u,0.7767590880393982, 0.04610377550125122, 0
u,0.774471640586853, 0.037446677684783936, 0
u,0.7469990253448486, 0.061132967472076416, 0
u,0.750985860824585, 0.06436264514923096, 0
u,0.7566720247268677, 0.056148409843444824, 0
u,0.7180466651916504, 0.05619627237319946, 0
u,0.7204420566558838, 0.04579651355743408, 0
u,0.7306830883026123, 0.04151791334152222, 0
u,0.7204420566558838, 0.04579651355743408, 0
u,0.7270833849906921, 0.0375523567199707, 0
u,0.7306830883026123, 0.04151791334152222, 0
u,0.7038373947143555, 0.05575108528137207, 0
u,0.7180466651916504, 0.05619627237319946, 0
u,0.7039057612419128, 0.0644715428352356, 0
u,0.7180466651916504, 0.05619627237319946, 0
u,0.7304843068122864, 0.0626535415649414, 0
u,0.7260010838508606, 0.06787377595901489, 0
u,0.8805760741233826, 0.7040809988975525, 0
u,0.8790609836578369, 0.5075171887874603, 0
u,0.8525423407554626, 0.5076692402362823, 0
u,0.8639744520187378, 0.7110370695590973, 0
u,0.8767365217208862, 0.7182087898254395, 0
u,0.8805760741233826, 0.7040809988975525, 0
u,0.21962034702301025, 0.37027615308761597, 0
u,0.21584594249725342, 0.37820518016815186, 0
u,0.22135528922080994, 0.3848235011100769, 0
u,0.8474984169006348, 0.7203711271286011, 0
u,0.8585110902786255, 0.7572481036186218, 0
u,0.8564431071281433, 0.7253067493438721, 0
u,0.8805760741233826, 0.7040809988975525, 0
u,0.8474984169006348, 0.7203711271286011, 0
u,0.8639744520187378, 0.7110370695590973, 0
u,0.22570016980171204, 0.1442016363143921, 0
u,0.2259075939655304, 0.25091516971588135, 0
u,0.23760095238685608, 0.23909354209899902, 0
u,0.2259075939655304, 0.25091516971588135, 0
u,0.32045412063598633, 0.23879945278167725, 0
u,0.23760095238685608, 0.23909354209899902, 0
u,0.020221613347530365, 0.22824794054031372, 0
u,0.11640356481075287, 0.21562635898590088, 0
u,0.10431603342294693, 0.2282315492630005, 0
u,0.33196955919265747, 0.14435315132141113, 0
u,0.23733659088611603, 0.15577900409698486, 0
u,0.32040950655937195, 0.15591347217559814, 0
u,0.10431603342294693, 0.2282315492630005, 0
u,0.11649581789970398, 0.32470178604125977, 0
u,0.1044541597366333, 0.3120701313018799, 0
u,0.1044541597366333, 0.3120701313018799, 0
u,0.10325169563293457, 0.22925978899002075, 0
u,0.10431603342294693, 0.2282315492630005, 0
u,0.1044541597366333, 0.3120701313018799, 0
u,0.11649581789970398, 0.32470178604125977, 0
u,0.00825915765017271, 0.32466256618499756, 0
u,0.00825915765017271, 0.32466256618499756, 0
u,0.020221613347530365, 0.22824794054031372, 0
u,0.020345518365502357, 0.31209951639175415, 0
u,0.020221613347530365, 0.22824794054031372, 0
u,0.021398350596427917, 0.3110429644584656, 0
u,0.020345518365502357, 0.31209951639175415, 0
u,0.10434473305940628, 0.31084108352661133, 0
u,0.020345518365502357, 0.31209951639175415, 0
u,0.021398350596427917, 0.3110429644584656, 0
u,0.10431603342294693, 0.2282315492630005, 0
u,0.021132634952664375, 0.22918009757995605, 0
u,0.020221613347530365, 0.22824794054031372, 0
u,0.9224303960800171, 0.2841237783432007, 0
u,0.9087963104248047, 0.4871920943260193, 0
u,0.919866681098938, 0.48947829008102417, 0
u,0.9541845917701721, 0.07801097631454468, 0
u,0.9425293207168579, 0.06925654411315918, 0
u,0.9492331147193909, 0.12400341033935547, 0
u,0.6587885618209839, 0.1368352174758911, 0
u,0.671050488948822, 0.13593411445617676, 0
u,0.657404899597168, 0.12530380487442017, 0
u,0.6656343936920166, 0.07552409172058105, 0
u,0.657404899597168, 0.12530380487442017, 0
u,0.6727984547615051, 0.12533366680145264, 0
u,0.6656401753425598, 0.18130594491958618, 0
u,0.671050488948822, 0.13593411445617676, 0
u,0.6587885618209839, 0.1368352174758911, 0
u,0.6727984547615051, 0.12533366680145264, 0
u,0.671050488948822, 0.13593411445617676, 0
u,0.6656401753425598, 0.18130594491958618, 0
u,0.9087963104248047, 0.4871920943260193, 0
u,0.8980927467346191, 0.28454816341400146, 0
u,0.89537513256073, 0.48902833461761475, 0
u,0.20434041321277618, 0.7511785626411438, 0
u,0.21541228890419006, 0.5485348105430603, 0
u,0.20162320137023926, 0.5466983318328857, 0
u,0.9224303960800171, 0.2841237783432007, 0
u,0.919866681098938, 0.48947829008102417, 0
u,0.9265810251235962, 0.48836690187454224, 0
u,0.21541228890419006, 0.5485348105430603, 0
u,0.22867807745933533, 0.7516029179096222, 0
u,0.22611458599567413, 0.5462483465671539, 0
u,0.23282916843891144, 0.5473597347736359, 0
u,0.22611458599567413, 0.5462483465671539, 0
u,0.22867807745933533, 0.7516029179096222, 0
u,0.8909623026847839, 0.7881874740123749, 0
u,0.8776957988739014, 0.9912557899951935, 0
u,0.8911170363426208, 0.9930921122431755, 0
u,0.8666244745254517, 0.7886117696762085, 0
u,0.8599111437797546, 0.9924308424815536, 0
u,0.8666254281997681, 0.9935421627014875, 0
u,0.8776957988739014, 0.9912557899951935, 0
u,0.8666244745254517, 0.7886117696762085, 0
u,0.8666254281997681, 0.9935421627014875, 0
u,0.8502970933914185, 0.4872891306877136, 0
u,0.8613682985305786, 0.2846449613571167, 0
u,0.8502980470657349, 0.28235870599746704, 0
u,0.8613682985305786, 0.2846449613571167, 0
u,0.8746347427368164, 0.48771345615386963, 0
u,0.8747893571853638, 0.282808780670166, 0
u,0.8435834646224976, 0.283470094203949, 0
u,0.8502970933914185, 0.4872891306877136, 0
u,0.8502980470657349, 0.28235870599746704, 0
u,0.2552745044231415, 0.7804698050022125, 0
u,0.3677036464214325, 0.8723369687795639, 0
u,0.4589250385761261, 0.7802620828151703, 0
u,0.3456854522228241, 0.8927606493234634, 0
u,0.2552745044231415, 0.7804698050022125, 0
u,0.25479400157928467, 0.9842595588415861, 0
u,0.4589250385761261, 0.7802620828151703, 0
u,0.3690188229084015, 0.8930139169096947, 0
u,0.4593658149242401, 0.9844180066138506, 0
u,0.7053225040435791, 0.10219120979309082, 0
u,0.7308890223503113, 0.13545382022857666, 0
u,0.7321850061416626, 0.10575199127197266, 0
u,0.019038774073123932, 0.9748380817472935, 0
u,0.036564163863658905, 0.9633728638291359, 0
u,0.036435939371585846, 0.7962077707052231, 0
u,0.019038774073123932, 0.9748380817472935, 0
u,0.20383675396442413, 0.9636907875537872, 0
u,0.036564163863658905, 0.9633728638291359, 0
u,0.023080158978700638, 0.7756023406982422, 0
u,0.20374076068401337, 0.7962086796760559, 0
u,0.2165798544883728, 0.7752730399370193, 0
u,0.019038774073123932, 0.9748380817472935, 0
u,0.22602525353431702, 0.9760128185153008, 0
u,0.20383675396442413, 0.9636907875537872, 0
u,0.20374076068401337, 0.7962086796760559, 0
u,0.023080158978700638, 0.7756023406982422, 0
u,0.036435939371585846, 0.7962077707052231, 0
u,0.5155566930770874, 0.08864182233810425, 0
u,0.5370667576789856, 0.056874632835388184, 0
u,0.5157216191291809, 0.06100553274154663, 0
u,0.5157216191291809, 0.06100553274154663, 0
u,0.49455782771110535, 0.05686819553375244, 0
u,0.5155439376831055, 0.08872681856155396, 0
u,0.5325992107391357, 0.11896538734436035, 0
u,0.5155439376831055, 0.08872681856155396, 0
u,0.49741339683532715, 0.11922335624694824, 0
u,0.1475456804037094, 0.07197606563568115, 0
u,0.16905607283115387, 0.040208637714385986, 0
u,0.14771054685115814, 0.04433995485305786, 0
u,0.14771054685115814, 0.04433995485305786, 0
u,0.12654708325862885, 0.04020291566848755, 0
u,0.14753291010856628, 0.07206106185913086, 0
u,0.16458797454833984, 0.10229980945587158, 0
u,0.14753291010856628, 0.07206106185913086, 0
u,0.12940214574337006, 0.10255759954452515, 0
u,0.027846626937389374, 0.05149424076080322, 0
u,0.0493561252951622, 0.01972663402557373, 0
u,0.02801022119820118, 0.02385801076889038, 0
u,0.02801022119820118, 0.02385801076889038, 0
u,0.00684724235907197, 0.019720911979675293, 0
u,0.0278338473290205, 0.05157923698425293, 0
u,0.04488964378833771, 0.08181732892990112, 0
u,0.0278338473290205, 0.05157923698425293, 0
u,0.009703989140689373, 0.08207595348358154, 0
u,0.45935043692588806, 0.0886414647102356, 0
u,0.4808611273765564, 0.056873857975006104, 0
u,0.45969945192337036, 0.06100517511367798, 0
u,0.45969945192337036, 0.06100517511367798, 0
u,0.43835195899009705, 0.05686807632446289, 0
u,0.45933765172958374, 0.0887264609336853, 0
u,0.47639259696006775, 0.1189652681350708, 0
u,0.45933765172958374, 0.0887264609336853, 0
u,0.44120684266090393, 0.11922287940979004, 0
u,0.5848631858825684, 0.13998854160308838, 0
u,0.6002615690231323, 0.13265132904052734, 0
u,0.5855892300605774, 0.11334943771362305, 0
u,0.6363573670387268, 0.1749095916748047, 0
u,0.6176950931549072, 0.14884740114212036, 0
u,0.6096062064170837, 0.16764897108078003, 0
u,0.5573169589042664, 0.16640567779541016, 0
u,0.5595539212226868, 0.1754782795906067, 0
u,0.5677250027656555, 0.15114957094192505, 0
u,0.5840467214584351, 0.16449320316314697, 0
u,0.6176950931549072, 0.14884740114212036, 0
u,0.5859175324440002, 0.14464432001113892, 0
u,0.6204096078872681, 0.12997353076934814, 0
u,0.6316864490509033, 0.12125766277313232, 0
u,0.6345282793045044, 0.09946882724761963, 0
u,0.5669754147529602, 0.11870193481445312, 0
u,0.5855892300605774, 0.11334943771362305, 0
u,0.5642942190170288, 0.09860861301422119, 0
u,0.18508973717689514, 0.17757666110992432, 0
u,0.16216105222702026, 0.18218636512756348, 0
u,0.17915946245193481, 0.1981039047241211, 0
u,0.6380132436752319, 0.24465131759643555, 0
u,0.6063471436500549, 0.239050030708313, 0
u,0.6238328218460083, 0.2529033422470093, 0
u,0.10305826365947723, 0.13025367259979248, 0
u,0.08345751464366913, 0.16052532196044922, 0
u,0.1033371314406395, 0.1718999147415161, 0
u,0.07260997593402863, 0.12805652618408203, 0
u,0.04179324954748154, 0.13204169273376465, 0
u,0.05977747589349747, 0.14382165670394897, 0
u,0.07077466696500778, 0.10238683223724365, 0
u,0.07260997593402863, 0.12805652618408203, 0
u,0.10305826365947723, 0.13025367259979248, 0
u,0.07260997593402863, 0.12805652618408203, 0
u,0.029600396752357483, 0.11179548501968384, 0
u,0.04179324954748154, 0.13204169273376465, 0
u,0.6325974464416504, 0.2822076678276062, 0
u,0.6380132436752319, 0.24465131759643555, 0
u,0.6245648860931396, 0.27142906188964844, 0
u,0.7387670278549194, 0.1563739776611328, 0
u,0.7565683126449585, 0.12327921390533447, 0
u,0.7308890223503113, 0.13545382022857666, 0
u,0.5762724280357361, 0.24349266290664673, 0
u,0.5626180171966553, 0.23924875259399414, 0
u,0.5700783729553223, 0.28666043281555176, 0
u,0.605704665184021, 0.310271680355072, 0
u,0.640491247177124, 0.3068121671676636, 0
u,0.6325974464416504, 0.2822076678276062, 0
u,0.2108941376209259, 0.16807126998901367, 0
u,0.1932169497013092, 0.1537013053894043, 0
u,0.18508973717689514, 0.17757666110992432, 0
u,0.17915946245193481, 0.1981039047241211, 0
u,0.2108941376209259, 0.16807126998901367, 0
u,0.18508973717689514, 0.17757666110992432, 0
u,0.6245648860931396, 0.27142906188964844, 0
u,0.6018490791320801, 0.2609574794769287, 0
u,0.5968252420425415, 0.28109896183013916, 0
u,0.1313360184431076, 0.13748586177825928, 0
u,0.14541754126548767, 0.16316437721252441, 0
u,0.15354463458061218, 0.13928890228271484, 0
u,0.6022279262542725, 0.21124929189682007, 0
u,0.6380132436752319, 0.24465131759643555, 0
u,0.6496073603630066, 0.22721445560455322, 0
u,0.6380132436752319, 0.24465131759643555, 0
u,0.6022279262542725, 0.21124929189682007, 0
u,0.6063471436500549, 0.239050030708313, 0
u,0.13300037384033203, 0.17570501565933228, 0
u,0.16216105222702026, 0.18218636512756348, 0
u,0.14541754126548767, 0.16316437721252441, 0
u,0.7321850061416626, 0.10575199127197266, 0
u,0.7265658974647522, 0.0838402509689331, 0
u,0.7053225040435791, 0.10219120979309082, 0
u,0.05487307161092758, 0.17176884412765503, 0
u,0.07260997593402863, 0.12805652618408203, 0
u,0.0650058165192604, 0.1500943899154663, 0
u,0.04179324954748154, 0.13204169273376465, 0
u,0.012041502632200718, 0.148065984249115, 0
u,0.03770371526479721, 0.15599733591079712, 0
u,0.5940284729003906, 0.3201860189437866, 0
u,0.6552128791809082, 0.3126717805862427, 0
u,0.640491247177124, 0.3068121671676636, 0
u,0.9619423151016235, 0.3371826410293579, 0
u,0.9681476950645447, 0.36175453662872314, 0
u,0.9719785451889038, 0.3343150019645691, 0
u,0.05977747589349747, 0.14382165670394897, 0
u,0.04179324954748154, 0.13204169273376465, 0
u,0.03770371526479721, 0.15599733591079712, 0
u,0.7721014022827148, 0.10725021362304688, 0
u,0.7321850061416626, 0.10575199127197266, 0
u,0.7565683126449585, 0.12327921390533447, 0
u,0.15354463458061218, 0.13928890228271484, 0
u,0.17647333443164825, 0.13467931747436523, 0
u,0.15361826121807098, 0.12093472480773926, 0
u,0.1963047981262207, 0.1276400089263916, 0
u,0.17647333443164825, 0.13467931747436523, 0
u,0.1932169497013092, 0.1537013053894043, 0
u,0.6786131262779236, 0.2501932382583618, 0
u,0.6418681144714355, 0.20598173141479492, 0
u,0.6496073603630066, 0.22721445560455322, 0
u,0.03770371526479721, 0.15599733591079712, 0
u,0.027928350493311882, 0.18325698375701904, 0
u,0.05487307161092758, 0.17176884412765503, 0
u,0.5940284729003906, 0.3201860189437866, 0
u,0.640491247177124, 0.3068121671676636, 0
u,0.605704665184021, 0.310271680355072, 0
u,0.6063471436500549, 0.239050030708313, 0
u,0.5762724280357361, 0.24349266290664673, 0
u,0.6018490791320801, 0.2609574794769287, 0
u,0.05487307161092758, 0.17176884412765503, 0
u,0.0715518519282341, 0.19281458854675293, 0
u,0.08345751464366913, 0.16052532196044922, 0
u,0.5968252420425415, 0.28109896183013916, 0
u,0.5700783729553223, 0.28666043281555176, 0
u,0.605704665184021, 0.310271680355072, 0
u,0.6018490791320801, 0.2609574794769287, 0
u,0.5762724280357361, 0.24349266290664673, 0
u,0.5968252420425415, 0.28109896183013916, 0
u,0.5968252420425415, 0.28109896183013916, 0
u,0.6325974464416504, 0.2822076678276062, 0
u,0.6245648860931396, 0.27142906188964844, 0
u,0.41497930884361267, 0.15139633417129517, 0
u,0.42395657300949097, 0.1612151861190796, 0
u,0.42324572801589966, 0.15398722887039185, 0
u,0.7909499406814575, 0.14163482189178467, 0
u,0.7901419401168823, 0.14831697940826416, 0
u,0.7989451885223389, 0.15254724025726318, 0
u,0.9160307049751282, 0.2170093059539795, 0
u,0.9250068664550781, 0.22680413722991943, 0
u,0.9242960214614868, 0.2195773720741272, 0
u,0.9243133068084717, 0.2646794319152832, 0
u,0.9157038331031799, 0.256588339805603, 0
u,0.9160997271537781, 0.2637813091278076, 0
u,0.35351619124412537, 0.10236287117004395, 0
u,0.3486391007900238, 0.10124361515045166, 0
u,0.3469776213169098, 0.11622738838195801, 0
u,0.3608897626399994, 0.12091028690338135, 0
u,0.35351619124412537, 0.10236287117004395, 0
u,0.3469776213169098, 0.11622738838195801, 0
u,0.9719751477241516, 0.27618861198425293, 0
u,0.9719744920730591, 0.2452816367149353, 0
u,0.9619285464286804, 0.26273488998413086, 0
u,0.3469776213169098, 0.11622738838195801, 0
u,0.3640400767326355, 0.12484806776046753, 0
u,0.3608897626399994, 0.12091028690338135, 0
u,0.9619463682174683, 0.312427282333374, 0
u,0.9719785451889038, 0.3343150019645691, 0
u,0.9719773530960083, 0.31325191259384155, 0
u,0.9719744920730591, 0.2452816367149353, 0
u,0.9719623327255249, 0.2292357087135315, 0
u,0.9619549512863159, 0.23700547218322754, 0
u,0.3608897626399994, 0.12091028690338135, 0
u,0.3640400767326355, 0.12484806776046753, 0
u,0.3746512830257416, 0.11525344848632812, 0
u,0.9719600081443787, 0.20374548435211182, 0
u,0.9620382785797119, 0.15331310033798218, 0
u,0.9620002508163452, 0.20292150974273682, 0
u,0.9719600081443787, 0.20374548435211182, 0
u,0.9620002508163452, 0.20292150974273682, 0
u,0.9619549512863159, 0.23700547218322754, 0
u,0.9437834620475769, 0.7077995538711548, 0
u,0.9398700594902039, 0.6578094363212585, 0
u,0.933800458908081, 0.7232260704040527, 0
u,0.9681476950645447, 0.36175453662872314, 0
u,0.9619189500808716, 0.42845618724823, 0
u,0.9720062017440796, 0.42382562160491943, 0
u,0.3765588402748108, 0.008668065071105957, 0
u,0.3604191243648529, 0.04167759418487549, 0
u,0.364645779132843, 0.045994699001312256, 0
u,0.28739216923713684, 0.0866919755935669, 0
u,0.30113348364830017, 0.05065107345581055, 0
u,0.30080708861351013, 0.029223322868347168, 0
u,0.23534002900123596, 0.11058151721954346, 0
u,0.2292160838842392, 0.10621941089630127, 0
u,0.22728455066680908, 0.12116599082946777, 0
u,0.22728455066680908, 0.12116599082946777, 0
u,0.2483523041009903, 0.1268700361251831, 0
u,0.23534002900123596, 0.11058151721954346, 0
u,0.9336848258972168, 0.8252987861633301, 0
u,0.9336807727813721, 0.8655022978782654, 0
u,0.9437247514724731, 0.843861311674118, 0
u,0.9336807727813721, 0.8655022978782654, 0
u,0.9437645077705383, 0.8834666311740875, 0
u,0.9437247514724731, 0.843861311674118, 0
u,0.9437645077705383, 0.8834666311740875, 0
u,0.9337159395217896, 0.9354109466075897, 0
u,0.943801999092102, 0.9317753836512566, 0
u,0.25275492668151855, 0.09466695785522461, 0
u,0.255795955657959, 0.09317189455032349, 0
u,0.24318692088127136, 0.04966282844543457, 0
u,0.9492491483688354, 0.31324124336242676, 0
u,0.9392504692077637, 0.286821186542511, 0
u,0.9391976594924927, 0.32526248693466187, 0
u,0.2569454610347748, 0.01377880573272705, 0
u,0.24063228070735931, 0.039310574531555176, 0
u,0.24318692088127136, 0.04966282844543457, 0
u,0.9751240015029907, 0.5395438075065613, 0
u,0.9611613750457764, 0.575606495141983, 0
u,0.9636789560317993, 0.5899655222892761, 0
u,0.9392836689949036, 0.2166454792022705, 0
u,0.9492993354797363, 0.2452678680419922, 0
u,0.9492705464363098, 0.2226009964942932, 0
u,0.21358586847782135, 0.5283088088035583, 0
u,0.20416343212127686, 0.508951872587204, 0
u,0.19967371225357056, 0.5236260294914246, 0
u,0.9492952823638916, 0.2732410430908203, 0
u,0.9492993354797363, 0.2452678680419922, 0
u,0.9392669200897217, 0.25308459997177124, 0
u,0.19967371225357056, 0.5236260294914246, 0
u,0.21639874577522278, 0.5322967767715454, 0
u,0.21358586847782135, 0.5283088088035583, 0
u,0.9391976594924927, 0.32526248693466187, 0
u,0.9492270946502686, 0.33395105600357056, 0
u,0.9492491483688354, 0.31324124336242676, 0
u,0.949238121509552, 0.350685715675354, 0
u,0.9391976594924927, 0.32526248693466187, 0
u,0.9430447816848755, 0.3616291284561157, 0
u,0.21358586847782135, 0.5283088088035583, 0
u,0.21639874577522278, 0.5322967767715454, 0
u,0.2266968935728073, 0.5161325037479401, 0
u,0.9392640590667725, 0.17082101106643677, 0
u,0.9492705464363098, 0.2226009964942932, 0
u,0.9432085752487183, 0.15374600887298584, 0
u,0.21539323031902313, 0.4457181692123413, 0
u,0.21280613541603088, 0.4601196050643921, 0
u,0.2266968935728073, 0.5161325037479401, 0
u,0.9492876529693604, 0.43141239881515503, 0
u,0.9391807317733765, 0.3794114589691162, 0
u,0.939197301864624, 0.4273673892021179, 0
u,0.2266968935728073, 0.5161325037479401, 0
u,0.22828072309494019, 0.49624449014663696, 0
u,0.21539323031902313, 0.4457181692123413, 0
u,0.9565145969390869, 0.7496898174285889, 0
u,0.966525673866272, 0.7334455847740173, 0
u,0.9565343856811523, 0.7230290174484253, 0
u,0.8869251012802124, 0.1311706304550171, 0
u,0.8844079971313477, 0.1420367956161499, 0
u,0.9008034467697144, 0.1674898862838745, 0
u,0.9665279388427734, 0.7816859781742096, 0
u,0.9665442109107971, 0.7565622329711914, 0
u,0.9564875364303589, 0.7820514291524887, 0
u,0.9564467668533325, 0.8376831263303757, 0
u,0.9665006399154663, 0.8551729023456573, 0
u,0.9664807319641113, 0.8256521821022034, 0
u,0.9665029644966125, 0.7077974677085876, 0
u,0.9565410017967224, 0.6746557950973511, 0
u,0.9565343856811523, 0.7230290174484253, 0
u,0.9564418792724609, 0.8654994517564774, 0
u,0.9665208458900452, 0.8834715932607651, 0
u,0.9665006399154663, 0.8551729023456573, 0
u,0.9665208458900452, 0.8834715932607651, 0
u,0.9564573764801025, 0.9311942085623741, 0
u,0.9665474891662598, 0.9360479637980461, 0
u,0.805020809173584, 0.5833654999732971, 0
u,0.629131555557251, 0.7592547237873077, 0
u,0.805020809173584, 0.7592547237873077, 0
u,0.39209604263305664, 0.017956793308258057, 0
u,0.39402538537979126, 0.03290712833404541, 0
u,0.400107204914093, 0.030396461486816406, 0
u,0.39209604263305664, 0.017956793308258057, 0
u,0.400107204914093, 0.030396461486816406, 0
u,0.4058017134666443, 0.013161420822143555, 0
u,0.4058017134666443, 0.013161420822143555, 0
u,0.40861254930496216, 0.009078264236450195, 0
u,0.39209604263305664, 0.017956793308258057, 0
u,0.4198748469352722, 0.0185888409614563, 0
u,0.40861254930496216, 0.009078264236450195, 0
u,0.4058017134666443, 0.013161420822143555, 0
u,0.408025324344635, 0.08911877870559692, 0
u,0.4054803252220154, 0.09980309009552002, 0
u,0.4217856526374817, 0.12537968158721924, 0
u,0.42479920387268066, 0.5581658482551575, 0
u,0.29045337438583374, 0.7588367909193039, 0
u,0.38122624158859253, 0.758836567401886, 0
u,0.4378015398979187, 0.3443073034286499, 0
u,0.5717389583587646, 0.5446482002735138, 0
u,0.614903450012207, 0.3443073630332947, 0
u,0.18462476134300232, 0.5524402856826782, 0
u,0.04986995458602905, 0.7527811378240585, 0
u,0.14105163514614105, 0.7526931017637253, 0
u,0.2472885102033615, 0.5572419762611389, 0
u,0.24728849530220032, 0.5580779016017914, 0
u,0.42479920387268066, 0.5581658482551575, 0
u,0.6161293983459473, 0.5581658184528351, 0
u,0.48178333044052124, 0.7588368058204651, 0
u,0.5725563764572144, 0.7588366270065308, 0
u,0.14105165004730225, 0.7535289376974106, 0
u,0.14105163514614105, 0.7526931017637253, 0
u,0.04986995458602905, 0.7527811378240585, 0
u,0.48066264390945435, 0.7933622598648071, 0
u,0.6146000623703003, 0.9937030179426074, 0
u,0.6577645540237427, 0.7933622747659683, 0
u,0.29045313596725464, 0.5442147850990295, 0
u,0.42478397488594055, 0.3435560464859009, 0
u,0.24686488509178162, 0.34356260299682617, 0
u,0.4378015398979187, 0.5582539141178131, 0
u,0.4386187493801117, 0.558077871799469, 0
u,0.6161293983459473, 0.5581658184528351, 0
u,0.19872280955314636, 0.02211940288543701, 0
u,0.20270270109176636, 0.10251832008361816, 0
u,0.20270416140556335, 0.022119462490081787, 0
u,0.798445463180542, 0.08980488777160645, 0
u,0.8256632685661316, 0.09414863586425781, 0
u,0.8252689242362976, 0.08549487590789795, 0
u,0.8015411496162415, 0.10692501068115234, 0
u,0.8281422257423401, 0.10088759660720825, 0
u,0.8256632685661316, 0.09414863586425781, 0
u,0.8009049892425537, 0.07479238510131836, 0
u,0.8252689242362976, 0.08549487590789795, 0
u,0.8287602663040161, 0.079295814037323, 0
u,0.397387832403183, 0.14785826206207275, 0
u,0.34539222717285156, 0.15877771377563477, 0
u,0.3972906470298767, 0.18556463718414307, 0
u,0.8356779217720032, 0.7749644815921783, 0
u,0.8186349272727966, 0.9937022258527577, 0
u,0.8415676355361938, 0.9937006826512516, 0
u,0.8356779217720032, 0.7749644815921783, 0
u,0.8415676355361938, 0.9937006826512516, 0
u,0.844995379447937, 0.7753276824951172, 0
u,0.3973952531814575, 0.22404348850250244, 0
u,0.34537917375564575, 0.2415304183959961, 0
u,0.3970642685890198, 0.24806618690490723, 0
u,0.3972906470298767, 0.18556463718414307, 0
u,0.345367431640625, 0.18552535772323608, 0
u,0.3453407883644104, 0.21263158321380615, 0
u,0.3424719572067261, 0.28996485471725464, 0
u,0.30813708901405334, 0.26667022705078125, 0
u,0.325972318649292, 0.3078664541244507, 0
u,0.30813708901405334, 0.26667022705078125, 0
u,0.29824256896972656, 0.30842071771621704, 0
u,0.325972318649292, 0.3078664541244507, 0
u,0.30813708901405334, 0.26667022705078125, 0
u,0.2684035003185272, 0.27385348081588745, 0
u,0.29824256896972656, 0.30842071771621704, 0
u,0.29824256896972656, 0.30842071771621704, 0
u,0.2684035003185272, 0.27385348081588745, 0
u,0.25470787286758423, 0.31145238876342773, 0
u,0.23762017488479614, 0.2861407995223999, 0
u,0.2331831157207489, 0.32719719409942627, 0
u,0.25470787286758423, 0.31145238876342773, 0
u,0.23121610283851624, 0.2643425464630127, 0
u,0.22535273432731628, 0.27361971139907837, 0
u,0.23762017488479614, 0.2861407995223999, 0
u,0.8206864595413208, 0.7751297354698181, 0
u,0.8186349272727966, 0.9937022258527577, 0
u,0.8356779217720032, 0.7749644815921783, 0
u,0.3722332715988159, 0.2895128130912781, 0
u,0.35652345418930054, 0.26432549953460693, 0
u,0.3424719572067261, 0.28996485471725464, 0
u,0.7440121173858643, 0.2942599058151245, 0
u,0.7106268405914307, 0.25904154777526855, 0
u,0.7089941501617432, 0.29510748386383057, 0
u,0.7438378930091858, 0.21640479564666748, 0
u,0.7106268405914307, 0.25904154777526855, 0
u,0.7440121173858643, 0.2942599058151245, 0
u,0.40260422229766846, 0.2882106304168701, 0
u,0.3722332715988159, 0.2895128130912781, 0
u,0.3844357132911682, 0.32606422901153564, 0
u,0.41878050565719604, 0.3271440267562866, 0
u,0.4252076745033264, 0.2896871566772461, 0
u,0.40260422229766846, 0.2882106304168701, 0
u,0.7275072336196899, 0.18396079540252686, 0
u,0.7068209052085876, 0.22122317552566528, 0
u,0.7438378930091858, 0.21640479564666748, 0
u,0.7887473106384277, 0.28083252906799316, 0
u,0.8019285202026367, 0.21686804294586182, 0
u,0.7759636044502258, 0.21337032318115234, 0
u,0.7047966718673706, 0.17125427722930908, 0
u,0.7000727653503418, 0.1859825849533081, 0
u,0.7107815742492676, 0.1851722002029419, 0
u,0.7280188798904419, 0.17127472162246704, 0
u,0.7107815742492676, 0.1851722002029419, 0
u,0.7275072336196899, 0.18396079540252686, 0
u,0.7280188798904419, 0.17127472162246704, 0
u,0.7275072336196899, 0.18396079540252686, 0
u,0.7477941513061523, 0.18604564666748047, 0
u,0.7887473106384277, 0.28083252906799316, 0
u,0.7759636044502258, 0.21337032318115234, 0
u,0.7609825134277344, 0.27512407302856445, 0
u,0.7658892869949341, 0.18337774276733398, 0
u,0.7570523023605347, 0.1713600754737854, 0
u,0.7477941513061523, 0.18604564666748047, 0
u,0.7903128862380981, 0.1851407289505005, 0
u,0.7846103310585022, 0.17140686511993408, 0
u,0.7658892869949341, 0.18337774276733398, 0
u,0.8019285202026367, 0.21686804294586182, 0
u,0.7903128862380981, 0.1851407289505005, 0
u,0.7759636044502258, 0.21337032318115234, 0
u,0.8028807640075684, 0.7749496251344681, 0
u,0.7971453666687012, 0.9936966942623258, 0
u,0.8186349272727966, 0.9937022258527577, 0
u,0.7866650819778442, 0.7752524316310883, 0
u,0.7861387133598328, 0.9936933442950249, 0
u,0.7971453666687012, 0.9936966942623258, 0
u,0.8028807640075684, 0.7749496251344681, 0
u,0.8186349272727966, 0.9937022258527577, 0
u,0.8206864595413208, 0.7751297354698181, 0
u,0.7958775758743286, 0.3313431739807129, 0
u,0.8037399053573608, 0.2976694107055664, 0
u,0.7887473106384277, 0.28083252906799316, 0
u,0.7609825134277344, 0.27512407302856445, 0
u,0.7740407586097717, 0.33138513565063477, 0
u,0.7887473106384277, 0.28083252906799316, 0
u,0.7440121173858643, 0.2942599058151245, 0
u,0.7089941501617432, 0.29510748386383057, 0
u,0.714535117149353, 0.33140015602111816, 0
u,0.7443803548812866, 0.3313560485839844, 0
u,0.7740407586097717, 0.33138513565063477, 0
u,0.7609825134277344, 0.27512407302856445, 0
u,0.18276235461235046, 0.3129075765609741, 0
u,0.15776905417442322, 0.31274497509002686, 0
u,0.1584550142288208, 0.3225599527359009, 0
u,0.1554918885231018, 0.28272587060928345, 0
u,0.18276235461235046, 0.3129075765609741, 0
u,0.1900239884853363, 0.28353172540664673, 0
u,0.1866740733385086, 0.266618013381958, 0
u,0.15368178486824036, 0.26265376806259155, 0
u,0.1554918885231018, 0.28272587060928345, 0
u,0.15776889026165009, 0.2352038025856018, 0
u,0.1866740733385086, 0.266618013381958, 0
u,0.18276453018188477, 0.2352411150932312, 0
u,0.8176151514053345, 0.6910116672515869, 0
u,0.8309893012046814, 0.6940146684646606, 0
u,0.8309891223907471, 0.6593551933765411, 0
u,0.9718294143676758, 0.11434018611907959, 0
u,0.9852036237716675, 0.09806108474731445, 0
u,0.9718294739723206, 0.09461414813995361, 0
u,0.5204710960388184, 0.21846377849578857, 0
u,0.5190759897232056, 0.2174365520477295, 0
u,0.4939787983894348, 0.27224570512771606, 0
u,0.8855295181274414, 0.023102998733520508, 0
u,0.8830291628837585, 0.03146284818649292, 0
u,0.8943144083023071, 0.032421648502349854, 0
u,0.5136972069740295, 0.26062673330307007, 0
u,0.5204710960388184, 0.21846377849578857, 0
u,0.4939787983894348, 0.27224570512771606, 0
u,0.9925329685211182, 0.8560110479593277, 0
u,0.979158878326416, 0.8655664920806885, 0
u,0.9883424043655396, 0.8749322593212128, 0
u,0.5190759897232056, 0.2174365520477295, 0
u,0.5204710960388184, 0.21846377849578857, 0
u,0.49099200963974, 0.17640936374664307, 0
u,0.3291909098625183, 0.08259463310241699, 0
u,0.31581681966781616, 0.07682192325592041, 0
u,0.32919085025787354, 0.0997573733329773, 0
u,0.9925329089164734, 0.7773228883743286, 0
u,0.979158878326416, 0.7879723608493805, 0
u,0.9925328493118286, 0.8097735196352005, 0
u,0.7415527105331421, 0.8088037073612213, 0
u,0.7634451389312744, 0.799066424369812, 0
u,0.758667528629303, 0.7941394448280334, 0
u,0.7690446972846985, 0.8081583082675934, 0
u,0.7596858739852905, 0.8102421462535858, 0
u,0.7632472515106201, 0.8157724440097809, 0
u,0.9925328493118286, 0.8097735196352005, 0
u,0.9791588187217712, 0.8372950255870819, 0
u,0.9925329089164734, 0.8397957682609558, 0
u,0.5329427719116211, 0.14186561107635498, 0
u,0.5238488912582397, 0.13874685764312744, 0
u,0.5151057243347168, 0.16944056749343872, 0
u,0.8176148533821106, 0.4568129777908325, 0
u,0.8309890031814575, 0.4238947629928589, 0
u,0.8176149129867554, 0.4080082178115845, 0
u,0.31581681966781616, 0.07682192325592041, 0
u,0.3291909098625183, 0.08259463310241699, 0
u,0.3291909098625183, 0.06811463832855225, 0
u,0.8176146745681763, 0.5696381330490112, 0
u,0.8309888243675232, 0.6056582927703857, 0
u,0.8309888243675232, 0.5364239811897278, 0
u,0.9077067375183105, 0.9654805883765221, 0
u,0.9210807085037231, 0.9447452761232853, 0
u,0.9077067375183105, 0.9333276674151421, 0
u,0.4767986536026001, 0.22999626398086548, 0
u,0.4729193150997162, 0.20948076248168945, 0
u,0.4660888910293579, 0.2143581509590149, 0
u,0.7476606965065002, 0.8738972246646881, 0
u,0.7417933940887451, 0.8155989497900009, 0
u,0.7415527105331421, 0.8088037073612213, 0
u,0.9077067375183105, 0.8142124116420746, 0
u,0.9210807085037231, 0.8056605011224747, 0
u,0.9077067375183105, 0.7945241034030914, 0
u,0.8176146745681763, 0.5696381330490112, 0
u,0.8309888243675232, 0.5364239811897278, 0
u,0.8176147937774658, 0.5040927529335022, 0
u,0.9185905456542969, 0.7915532290935516, 0
u,0.9210807085037231, 0.7733447849750519, 0
u,0.9150481224060059, 0.7570843249559402, 0
u,0.8176150918006897, 0.32659512758255005, 0
u,0.8309891223907471, 0.3520846366882324, 0
u,0.8309891223907471, 0.31102752685546875, 0
u,0.8176150918006897, 0.32659512758255005, 0
u,0.8309891223907471, 0.31102752685546875, 0
u,0.8217371702194214, 0.2978284955024719, 0
u,0.985846221446991, 0.9693159908056259, 0
u,0.979158878326416, 0.9935588906519115, 0
u,0.9925329685211182, 0.9935482898727059, 0
u,0.9925329685211182, 0.9181086868047714, 0
u,0.979158878326416, 0.9287630617618561, 0
u,0.9925330281257629, 0.9404635950922966, 0
u,0.8176147937774658, 0.5040927529335022, 0
u,0.830988883972168, 0.49112021923065186, 0
u,0.8176148533821106, 0.4568129777908325, 0
u,0.8176147937774658, 0.5040927529335022, 0
u,0.8309888243675232, 0.5364239811897278, 0
u,0.830988883972168, 0.49112021923065186, 0
u,0.9077067375183105, 0.850886806845665, 0
u,0.9210807085037231, 0.8353710621595383, 0
u,0.9077067375183105, 0.8142124116420746, 0
u,0.6965227127075195, 0.9474168345332146, 0
u,0.6734897494316101, 0.9240661412477493, 0
u,0.6957679986953735, 0.9504649341106415, 0
u,0.9718295335769653, 0.053525328636169434, 0
u,0.985203742980957, 0.03724628686904907, 0
u,0.9718295335769653, 0.033799171447753906, 0
u,0.8608501553535461, 0.021263599395751953, 0
u,0.852489709854126, 0.018765568733215332, 0
u,0.8515340685844421, 0.03005087375640869, 0
u,0.4118334650993347, 0.23124361038208008, 0
u,0.4252074658870697, 0.23701632022857666, 0
u,0.4118334650993347, 0.21408087015151978, 0
u,0.4252074658870697, 0.23701632022857666, 0
u,0.4118334650993347, 0.23124361038208008, 0
u,0.41183340549468994, 0.24572360515594482, 0
u,0.07205446064472198, 0.0668935775756836, 0
u,0.06401358544826508, 0.06407606601715088, 0
u,0.0755465030670166, 0.05761539936065674, 0
u,0.09981437772512436, 0.06410741806030273, 0
u,0.08175051212310791, 0.05625283718109131, 0
u,0.10403819382190704, 0.058030664920806885, 0
u,0.7750818729400635, 0.06248629093170166, 0
u,0.7666776180267334, 0.0462116003036499, 0
u,0.7574525475502014, 0.05362969636917114, 0
u,0.7666776180267334, 0.0462116003036499, 0
u,0.751659095287323, 0.03798210620880127, 0
u,0.7574525475502014, 0.05362969636917114, 0
u,0.7709589004516602, 0.06742548942565918, 0
u,0.7750818729400635, 0.06248629093170166, 0
u,0.7651214599609375, 0.06381654739379883, 0
u,0.7180466651916504, 0.05619627237319946, 0
u,0.706404447555542, 0.041132569313049316, 0
u,0.7204420566558838, 0.04579651355743408, 0
u,0.8525423407554626, 0.5076692402362823, 0
u,0.8474984169006348, 0.7203711271286011, 0
u,0.8805760741233826, 0.7040809988975525, 0
u,0.8585110902786255, 0.7572481036186218, 0
u,0.8741965293884277, 0.7558028697967529, 0
u,0.8796674609184265, 0.7296686172485352, 0
u,0.8805760741233826, 0.7040809988975525, 0
u,0.8767365217208862, 0.7182087898254395, 0
u,0.8796674609184265, 0.7296686172485352, 0
u,0.20886215567588806, 0.38218891620635986, 0
u,0.21584594249725342, 0.37820518016815186, 0
u,0.21962034702301025, 0.37027615308761597, 0
u,0.21962034702301025, 0.37027615308761597, 0
u,0.22135528922080994, 0.3848235011100769, 0
u,0.22698350250720978, 0.39208853244781494, 0
u,0.8474984169006348, 0.7203711271286011, 0
u,0.8564431071281433, 0.7253067493438721, 0
u,0.8639744520187378, 0.7110370695590973, 0
u,0.8796674609184265, 0.7296686172485352, 0
u,0.8564431071281433, 0.7253067493438721, 0
u,0.8585110902786255, 0.7572481036186218, 0
u,0.21250632405281067, 0.39127469062805176, 0
u,0.22698350250720978, 0.39208853244781494, 0
u,0.22135528922080994, 0.3848235011100769, 0
u,0.23733659088611603, 0.15577900409698486, 0
u,0.33196955919265747, 0.14435315132141113, 0
u,0.22570016980171204, 0.1442016363143921, 0
u,0.23733659088611603, 0.15577900409698486, 0
u,0.22570016980171204, 0.1442016363143921, 0
u,0.23760095238685608, 0.23909354209899902, 0
u,0.020221613347530365, 0.22824794054031372, 0
u,0.00825915765017271, 0.32466256618499756, 0
u,0.00812862254679203, 0.2155681848526001, 0
u,0.00825915765017271, 0.32466256618499756, 0
u,0.020345518365502357, 0.31209951639175415, 0
u,0.1044541597366333, 0.3120701313018799, 0
u,0.9492354393005371, 0.020571112632751465, 0
u,0.9425293207168579, 0.06925654411315918, 0
u,0.9541845917701721, 0.07801097631454468, 0
u,0.6727984547615051, 0.12533366680145264, 0
u,0.657404899597168, 0.12530380487442017, 0
u,0.671050488948822, 0.13593411445617676, 0
u,0.657404899597168, 0.12530380487442017, 0
u,0.6656343936920166, 0.07552409172058105, 0
u,0.6579238772392273, 0.11966860294342041, 0
u,0.89537513256073, 0.48902833461761475, 0
u,0.8980927467346191, 0.28454816341400146, 0
u,0.8913792371749878, 0.28343647718429565, 0
u,0.20434041321277618, 0.7511785626411438, 0
u,0.20162320137023926, 0.5466983318328857, 0
u,0.19762694835662842, 0.7522901743650436, 0
u,0.3456854522228241, 0.8927606493234634, 0
u,0.25479400157928467, 0.9842595588415861, 0
u,0.4593658149242401, 0.9844180066138506, 0
u,0.3456854522228241, 0.8927606493234634, 0
u,0.4593658149242401, 0.9844180066138506, 0
u,0.3690188229084015, 0.8930139169096947, 0
u,0.3467894196510315, 0.8723318874835968, 0
u,0.2552745044231415, 0.7804698050022125, 0
u,0.3456854522228241, 0.8927606493234634, 0
u,0.20374076068401337, 0.7962086796760559, 0
u,0.20383675396442413, 0.9636907875537872, 0
u,0.22602525353431702, 0.9760128185153008, 0
u,0.019038774073123932, 0.9748380817472935, 0
u,0.036435939371585846, 0.7962077707052231, 0
u,0.023080158978700638, 0.7756023406982422, 0
u,0.22602525353431702, 0.9760128185153008, 0
u,0.2165798544883728, 0.7752730399370193, 0
u,0.20374076068401337, 0.7962086796760559, 0
u,0.5848631858825684, 0.13998854160308838, 0
u,0.5855892300605774, 0.11334943771362305, 0
u,0.5669754147529602, 0.11870193481445312, 0
u,0.6002615690231323, 0.13265132904052734, 0
u,0.5859175324440002, 0.14464432001113892, 0
u,0.6176950931549072, 0.14884740114212036, 0
u,0.6204096078872681, 0.12997353076934814, 0
u,0.5855892300605774, 0.11334943771362305, 0
u,0.6002615690231323, 0.13265132904052734, 0
u,0.03770371526479721, 0.15599733591079712, 0
u,0.05654868856072426, 0.15245747566223145, 0
u,0.05977747589349747, 0.14382165670394897, 0
u,0.5677250027656555, 0.15114957094192505, 0
u,0.5840467214584351, 0.16449320316314697, 0
u,0.5859175324440002, 0.14464432001113892, 0
u,0.6059498190879822, 0.11281675100326538, 0
u,0.6204096078872681, 0.12997353076934814, 0
u,0.6345282793045044, 0.09946882724761963, 0
u,0.6022279262542725, 0.21124929189682007, 0
u,0.5626180171966553, 0.23924875259399414, 0
u,0.5762724280357361, 0.24349266290664673, 0
u,0.6670083999633789, 0.27279436588287354, 0
u,0.6496073603630066, 0.22721445560455322, 0
u,0.6380132436752319, 0.24465131759643555, 0
u,0.7321850061416626, 0.10575199127197266, 0
u,0.750426173210144, 0.0843425989151001, 0
u,0.7265658974647522, 0.0838402509689331, 0
u,0.07260997593402863, 0.12805652618408203, 0
u,0.05977747589349747, 0.14382165670394897, 0
u,0.0650058165192604, 0.1500943899154663, 0
u,0.7565683126449585, 0.12327921390533447, 0
u,0.7387670278549194, 0.1563739776611328, 0
u,0.7705488204956055, 0.13848662376403809, 0
u,0.07260997593402863, 0.12805652618408203, 0
u,0.08345751464366913, 0.16052532196044922, 0
u,0.10305826365947723, 0.13025367259979248, 0
u,0.6380132436752319, 0.24465131759643555, 0
u,0.6238328218460083, 0.2529033422470093, 0
u,0.6245648860931396, 0.27142906188964844, 0
u,0.07077466696500778, 0.10238683223724365, 0
u,0.029600396752357483, 0.11179548501968384, 0
u,0.07260997593402863, 0.12805652618408203, 0
u,0.7565683126449585, 0.12327921390533447, 0
u,0.7705488204956055, 0.13848662376403809, 0
u,0.7721014022827148, 0.10725021362304688, 0
u,0.6022279262542725, 0.21124929189682007, 0
u,0.5762724280357361, 0.24349266290664673, 0
u,0.6063471436500549, 0.239050030708313, 0
u,0.6063471436500549, 0.239050030708313, 0
u,0.6018490791320801, 0.2609574794769287, 0
u,0.6238328218460083, 0.2529033422470093, 0
u,0.605704665184021, 0.310271680355072, 0
u,0.6325974464416504, 0.2822076678276062, 0
u,0.5968252420425415, 0.28109896183013916, 0
u,0.1963047981262207, 0.1276400089263916, 0
u,0.1932169497013092, 0.1537013053894043, 0
u,0.2108941376209259, 0.16807126998901367, 0
u,0.17915946245193481, 0.1981039047241211, 0
u,0.16216105222702026, 0.18218636512756348, 0
u,0.13300037384033203, 0.17570501565933228, 0
u,0.6496073603630066, 0.22721445560455322, 0
u,0.6418681144714355, 0.20598173141479492, 0
u,0.6022279262542725, 0.21124929189682007, 0
u,0.5762724280357361, 0.24349266290664673, 0
u,0.5700783729553223, 0.28666043281555176, 0
u,0.5968252420425415, 0.28109896183013916, 0
u,0.6670083999633789, 0.27279436588287354, 0
u,0.6552128791809082, 0.3126717805862427, 0
u,0.6786131262779236, 0.2501932382583618, 0
u,0.640491247177124, 0.3068121671676636, 0
u,0.6670083999633789, 0.27279436588287354, 0
u,0.6325974464416504, 0.2822076678276062, 0
u,0.012041502632200718, 0.148065984249115, 0
u,0.027928350493311882, 0.18325698375701904, 0
u,0.03770371526479721, 0.15599733591079712, 0
u,0.08345751464366913, 0.16052532196044922, 0
u,0.07260997593402863, 0.12805652618408203, 0
u,0.05487307161092758, 0.17176884412765503, 0
u,0.05487307161092758, 0.17176884412765503, 0
u,0.05654868856072426, 0.15245747566223145, 0
u,0.03770371526479721, 0.15599733591079712, 0
u,0.027928350493311882, 0.18325698375701904, 0
u,0.0715518519282341, 0.19281458854675293, 0
u,0.05487307161092758, 0.17176884412765503, 0
u,0.6325974464416504, 0.2822076678276062, 0
u,0.6670083999633789, 0.27279436588287354, 0
u,0.6380132436752319, 0.24465131759643555, 0
u,0.7321850061416626, 0.10575199127197266, 0
u,0.7721014022827148, 0.10725021362304688, 0
u,0.750426173210144, 0.0843425989151001, 0
u,0.0715518519282341, 0.19281458854675293, 0
u,0.1033371314406395, 0.1718999147415161, 0
u,0.08345751464366913, 0.16052532196044922, 0
u,0.15361826121807098, 0.12093472480773926, 0
u,0.17647333443164825, 0.13467931747436523, 0
u,0.1963047981262207, 0.1276400089263916, 0
u,0.6786131262779236, 0.2501932382583618, 0
u,0.6496073603630066, 0.22721445560455322, 0
u,0.6670083999633789, 0.27279436588287354, 0
u,0.5700783729553223, 0.28666043281555176, 0
u,0.5940284729003906, 0.3201860189437866, 0
u,0.605704665184021, 0.310271680355072, 0
u,0.05654868856072426, 0.15245747566223145, 0
u,0.05487307161092758, 0.17176884412765503, 0
u,0.0650058165192604, 0.1500943899154663, 0
u,0.1313360184431076, 0.13748586177825928, 0
u,0.15354463458061218, 0.13928890228271484, 0
u,0.15361826121807098, 0.12093472480773926, 0
u,0.6552128791809082, 0.3126717805862427, 0
u,0.6670083999633789, 0.27279436588287354, 0
u,0.640491247177124, 0.3068121671676636, 0
u,0.029600396752357483, 0.11179548501968384, 0
u,0.012041502632200718, 0.148065984249115, 0
u,0.04179324954748154, 0.13204169273376465, 0
u,0.7308890223503113, 0.13545382022857666, 0
u,0.7079809904098511, 0.14010560512542725, 0
u,0.7387670278549194, 0.1563739776611328, 0
u,0.17915946245193481, 0.1981039047241211, 0
u,0.13300037384033203, 0.17570501565933228, 0
u,0.14878349006175995, 0.19681715965270996, 0
u,0.5595539212226868, 0.1754782795906067, 0
u,0.5840467214584351, 0.16449320316314697, 0
u,0.5677250027656555, 0.15114957094192505, 0
u,0.630035400390625, 0.1799381971359253, 0
u,0.6363573670387268, 0.1749095916748047, 0
u,0.6096062064170837, 0.16764897108078003, 0
u,0.8190323114395142, 0.033464789390563965, 0
u,0.810244619846344, 0.044180095195770264, 0
u,0.8223230838775635, 0.03599095344543457, 0
u,0.8180635571479797, 0.029358506202697754, 0
u,0.8110040426254272, 0.024552464485168457, 0
u,0.8190323114395142, 0.033464789390563965, 0
u,0.4467768669128418, 0.03305160999298096, 0
u,0.4584798812866211, 0.0426098108291626, 0
u,0.4507305920124054, 0.032837629318237305, 0
u,0.4507305920124054, 0.032837629318237305, 0
u,0.45797455310821533, 0.022955656051635742, 0
u,0.4467768669128418, 0.03305160999298096, 0
u,0.4913221299648285, 0.03417634963989258, 0
u,0.5023782253265381, 0.04251772165298462, 0
u,0.49471455812454224, 0.03202146291732788, 0
u,0.49471455812454224, 0.03202146291732788, 0
u,0.4834842085838318, 0.02364903688430786, 0
u,0.4913221299648285, 0.03417634963989258, 0
u,0.5273007154464722, 0.031353890895843506, 0
u,0.5363699197769165, 0.0229417085647583, 0
u,0.5294007062911987, 0.027638375759124756, 0
u,0.5262308120727539, 0.033454954624176025, 0
u,0.5363699197769165, 0.0229417085647583, 0
u,0.5273007154464722, 0.031353890895843506, 0
u,0.41497930884361267, 0.15139633417129517, 0
u,0.42324572801589966, 0.15398722887039185, 0
u,0.4234749376773834, 0.14865845441818237, 0
u,0.7909499406814575, 0.14163482189178467, 0
u,0.7991985082626343, 0.13898169994354248, 0
u,0.7907217741012573, 0.136408269405365, 0
u,0.9160307049751282, 0.2170093059539795, 0
u,0.9242960214614868, 0.2195773720741272, 0
u,0.924525260925293, 0.21424978971481323, 0
u,0.9243133068084717, 0.2646794319152832, 0
u,0.9160997271537781, 0.2637813091278076, 0
u,0.9156407117843628, 0.2691555619239807, 0
u,0.9669654965400696, 0.4665486812591553, 0
u,0.9619287848472595, 0.4896392822265625, 0
u,0.9720085859298706, 0.4896370768547058, 0
u,0.9719751477241516, 0.27618861198425293, 0
u,0.9619285464286804, 0.26273488998413086, 0
u,0.9634256958961487, 0.28438395261764526, 0
u,0.9619463682174683, 0.312427282333374, 0
u,0.9719773530960083, 0.31325191259384155, 0
u,0.9634256958961487, 0.28438395261764526, 0
u,0.9719744920730591, 0.2452816367149353, 0
u,0.9619549512863159, 0.23700547218322754, 0
u,0.9619285464286804, 0.26273488998413086, 0
u,0.9619423151016235, 0.3371826410293579, 0
u,0.9719785451889038, 0.3343150019645691, 0
u,0.9619463682174683, 0.312427282333374, 0
u,0.9719600081443787, 0.20374548435211182, 0
u,0.9619549512863159, 0.23700547218322754, 0
u,0.9719623327255249, 0.2292357087135315, 0
u,0.9669654965400696, 0.4665486812591553, 0
u,0.9720062017440796, 0.42382562160491943, 0
u,0.9619189500808716, 0.42845618724823, 0
u,0.9438425302505493, 0.9936947855167091, 0
u,0.938785970211029, 0.9706539772450924, 0
u,0.9337620139122009, 0.9937031269073486, 0
u,0.9437306523323059, 0.779510959982872, 0
u,0.9337310791015625, 0.756824404001236, 0
u,0.9336903095245361, 0.7817667424678802, 0
u,0.9336848258972168, 0.8252987861633301, 0
u,0.9437179565429688, 0.8170582950115204, 0
u,0.9352160692214966, 0.7914109081029892, 0
u,0.9336848258972168, 0.8252987861633301, 0
u,0.9437247514724731, 0.843861311674118, 0
u,0.9437179565429688, 0.8170582950115204, 0
u,0.9437868595123291, 0.7394136786460876, 0
u,0.9337310791015625, 0.756824404001236, 0
u,0.9437306523323059, 0.779510959982872, 0
u,0.2483523041009903, 0.1268700361251831, 0
u,0.24938809871673584, 0.12405896186828613, 0
u,0.23534002900123596, 0.11058151721954346, 0
u,0.9437868595123291, 0.7394136786460876, 0
u,0.933800458908081, 0.7232260704040527, 0
u,0.9337310791015625, 0.756824404001236, 0
u,0.25275492668151855, 0.09466695785522461, 0
u,0.24938809871673584, 0.12405896186828613, 0
u,0.2483523041009903, 0.1268700361251831, 0
u,0.9437834620475769, 0.7077995538711548, 0
u,0.933800458908081, 0.7232260704040527, 0
u,0.9437868595123291, 0.7394136786460876, 0
u,0.2483523041009903, 0.1268700361251831, 0
u,0.255795955657959, 0.09317189455032349, 0
u,0.25275492668151855, 0.09466695785522461, 0
u,0.938785970211029, 0.9706539772450924, 0
u,0.943801999092102, 0.9317753836512566, 0
u,0.9337159395217896, 0.9354109466075897, 0
u,0.9442631006240845, 0.46653079986572266, 0
u,0.9392372369766235, 0.48963940143585205, 0
u,0.9493179321289062, 0.4896319508552551, 0
u,0.9492952823638916, 0.2732410430908203, 0
u,0.9392669200897217, 0.25308459997177124, 0
u,0.9392489194869995, 0.27840566635131836, 0
u,0.9442631006240845, 0.46653079986572266, 0
u,0.9492876529693604, 0.43141239881515503, 0
u,0.939197301864624, 0.4273673892021179, 0
u,0.9003608226776123, 0.06047379970550537, 0
u,0.8906675577163696, 0.05269801616668701, 0
u,0.8976488709449768, 0.07415974140167236, 0
u,0.961516261100769, 0.9706649705767632, 0
u,0.9564846158027649, 0.9937031269073486, 0
u,0.9665648937225342, 0.9936981229111552, 0
u,0.9564478397369385, 0.8170643895864487, 0
u,0.9664807319641113, 0.8256521821022034, 0
u,0.9649922847747803, 0.7914949655532837, 0
u,0.9665442109107971, 0.7565622329711914, 0
u,0.9565145969390869, 0.7496898174285889, 0
u,0.9564875364303589, 0.7820514291524887, 0
u,0.9564467668533325, 0.8376831263303757, 0
u,0.9664807319641113, 0.8256521821022034, 0
u,0.9564478397369385, 0.8170643895864487, 0
u,0.9222893714904785, 0.6178515553474426, 0
u,0.93198162317276, 0.6100791692733765, 0
u,0.9288252592086792, 0.6092650294303894, 0
u,0.9187577366828918, 0.5341227948665619, 0
u,0.9288252592086792, 0.6092650294303894, 0
u,0.93198162317276, 0.6100791692733765, 0
u,0.9665029644966125, 0.7077974677085876, 0
u,0.9565343856811523, 0.7230290174484253, 0
u,0.966525673866272, 0.7334455847740173, 0
u,0.93198162317276, 0.6100791692733765, 0
u,0.9311937689781189, 0.5823745727539062, 0
u,0.9187577366828918, 0.5341227948665619, 0
u,0.961516261100769, 0.9706649705767632, 0
u,0.9665474891662598, 0.9360479637980461, 0
u,0.9564573764801025, 0.9311942085623741, 0
u,0.29045337438583374, 0.7588367909193039, 0
u,0.24728849530220032, 0.5580779016017914, 0
u,0.2472885102033615, 0.5572419762611389, 0
u,0.14105165004730225, 0.7535289376974106, 0
u,0.18462476134300232, 0.5524402856826782, 0
u,0.14105163514614105, 0.7526931017637253, 0
u,0.4378015398979187, 0.5582539141178131, 0
u,0.48178333044052124, 0.7588368058204651, 0
u,0.4386187493801117, 0.558077871799469, 0
u,0.8078712224960327, 0.12120139598846436, 0
u,0.8281422257423401, 0.10088759660720825, 0
u,0.8015411496162415, 0.10692501068115234, 0
u,0.8015411496162415, 0.10692501068115234, 0
u,0.8256632685661316, 0.09414863586425781, 0
u,0.798445463180542, 0.08980488777160645, 0
u,0.8009049892425537, 0.07479238510131836, 0
u,0.8287602663040161, 0.079295814037323, 0
u,0.8074834942817688, 0.060147106647491455, 0
u,0.798445463180542, 0.08980488777160645, 0
u,0.8252689242362976, 0.08549487590789795, 0
u,0.8009049892425537, 0.07479238510131836, 0
u,0.7316058278083801, 0.9477622248232365, 0
u,0.6965227127075195, 0.9474168345332146, 0
u,0.6957679986953735, 0.9504649341106415, 0
u,0.19726163148880005, 0.10251832008361816, 0
u,0.19872280955314636, 0.02211940288543701, 0
u,0.19128328561782837, 0.022119522094726562, 0
u,0.18428435921669006, 0.10251832008361816, 0
u,0.19128328561782837, 0.022119522094726562, 0
u,0.18374347686767578, 0.022119462490081787, 0
u,0.19058042764663696, 0.10251832008361816, 0
u,0.19128328561782837, 0.022119522094726562, 0
u,0.18428435921669006, 0.10251832008361816, 0
u,0.19726163148880005, 0.10251832008361816, 0
u,0.19128328561782837, 0.022119522094726562, 0
u,0.19058042764663696, 0.10251832008361816, 0
u,0.7438378930091858, 0.21640479564666748, 0
u,0.7759636044502258, 0.21337032318115234, 0
u,0.7477941513061523, 0.18604564666748047, 0
u,0.397387832403183, 0.14785826206207275, 0
u,0.3453494608402252, 0.1420224905014038, 0
u,0.34539222717285156, 0.15877771377563477, 0
u,0.7903128862380981, 0.1851407289505005, 0
u,0.8013371229171753, 0.17136329412460327, 0
u,0.7846103310585022, 0.17140686511993408, 0
u,0.34539222717285156, 0.15877771377563477, 0
u,0.345367431640625, 0.18552535772323608, 0
u,0.3972906470298767, 0.18556463718414307, 0
u,0.3973952531814575, 0.22404348850250244, 0
u,0.3453407883644104, 0.21263158321380615, 0
u,0.34537917375564575, 0.2415304183959961, 0
u,0.7759636044502258, 0.21337032318115234, 0
u,0.7903128862380981, 0.1851407289505005, 0
u,0.7658892869949341, 0.18337774276733398, 0
u,0.33423900604248047, 0.32937055826187134, 0
u,0.29824256896972656, 0.30842071771621704, 0
u,0.27766549587249756, 0.3289424180984497, 0
u,0.27766549587249756, 0.3289424180984497, 0
u,0.29824256896972656, 0.30842071771621704, 0
u,0.25470787286758423, 0.31145238876342773, 0
u,0.2684035003185272, 0.27385348081588745, 0
u,0.23762017488479614, 0.2861407995223999, 0
u,0.25470787286758423, 0.31145238876342773, 0
u,0.2684035003185272, 0.27385348081588745, 0
u,0.23121610283851624, 0.2643425464630127, 0
u,0.23762017488479614, 0.2861407995223999, 0
u,0.3973952531814575, 0.22404348850250244, 0
u,0.3972906470298767, 0.18556463718414307, 0
u,0.3453407883644104, 0.21263158321380615, 0
u,0.6182323694229126, 0.07393276691436768, 0
u,0.6378371119499207, 0.059812307357788086, 0
u,0.6161900758743286, 0.048694610595703125, 0
u,0.3424719572067261, 0.28996485471725464, 0
u,0.35652345418930054, 0.26432549953460693, 0
u,0.30813708901405334, 0.26667022705078125, 0
u,0.325972318649292, 0.3078664541244507, 0
u,0.33423900604248047, 0.32937055826187134, 0
u,0.3424719572067261, 0.28996485471725464, 0
u,0.3844357132911682, 0.32606422901153564, 0
u,0.3722332715988159, 0.2895128130912781, 0
u,0.3424719572067261, 0.28996485471725464, 0
u,0.33423900604248047, 0.32937055826187134, 0
u,0.3844357132911682, 0.32606422901153564, 0
u,0.3424719572067261, 0.28996485471725464, 0
u,0.3722332715988159, 0.2895128130912781, 0
u,0.40260422229766846, 0.2882106304168701, 0
u,0.40736424922943115, 0.2644273638725281, 0
u,0.7440121173858643, 0.2942599058151245, 0
u,0.7609825134277344, 0.27512407302856445, 0
u,0.7438378930091858, 0.21640479564666748, 0
u,0.3722332715988159, 0.2895128130912781, 0
u,0.40736424922943115, 0.2644273638725281, 0
u,0.35652345418930054, 0.26432549953460693, 0
u,0.8037399053573608, 0.2976694107055664, 0
u,0.8011717796325684, 0.26420676708221436, 0
u,0.7887473106384277, 0.28083252906799316, 0
u,0.7107815742492676, 0.1851722002029419, 0
u,0.7000727653503418, 0.1859825849533081, 0
u,0.7068209052085876, 0.22122317552566528, 0
u,0.7275072336196899, 0.18396079540252686, 0
u,0.7107815742492676, 0.1851722002029419, 0
u,0.7068209052085876, 0.22122317552566528, 0
u,0.7477941513061523, 0.18604564666748047, 0
u,0.7275072336196899, 0.18396079540252686, 0
u,0.7438378930091858, 0.21640479564666748, 0
u,0.7887473106384277, 0.28083252906799316, 0
u,0.8011717796325684, 0.26420676708221436, 0
u,0.8019285202026367, 0.21686804294586182, 0
u,0.7609825134277344, 0.27512407302856445, 0
u,0.7759636044502258, 0.21337032318115234, 0
u,0.7438378930091858, 0.21640479564666748, 0
u,0.7280188798904419, 0.17127472162246704, 0
u,0.7047966718673706, 0.17125427722930908, 0
u,0.7107815742492676, 0.1851722002029419, 0
u,0.7477941513061523, 0.18604564666748047, 0
u,0.7570523023605347, 0.1713600754737854, 0
u,0.7280188798904419, 0.17127472162246704, 0
u,0.3844357132911682, 0.32606422901153564, 0
u,0.41878050565719604, 0.3271440267562866, 0
u,0.40260422229766846, 0.2882106304168701, 0
u,0.2331831157207489, 0.32719719409942627, 0
u,0.27766549587249756, 0.3289424180984497, 0
u,0.25470787286758423, 0.31145238876342773, 0
u,0.33423900604248047, 0.32937055826187134, 0
u,0.325972318649292, 0.3078664541244507, 0
u,0.29824256896972656, 0.30842071771621704, 0
u,0.7759636044502258, 0.21337032318115234, 0
u,0.7658892869949341, 0.18337774276733398, 0
u,0.7477941513061523, 0.18604564666748047, 0
u,0.8028807640075684, 0.7749496251344681, 0
u,0.7866650819778442, 0.7752524316310883, 0
u,0.7971453666687012, 0.9936966942623258, 0
u,0.7658892869949341, 0.18337774276733398, 0
u,0.7846103310585022, 0.17140686511993408, 0
u,0.7570523023605347, 0.1713600754737854, 0
u,0.7440121173858643, 0.2942599058151245, 0
u,0.7443803548812866, 0.3313560485839844, 0
u,0.7609825134277344, 0.27512407302856445, 0
u,0.7089941501617432, 0.29510748386383057, 0
u,0.7000727653503418, 0.33143335580825806, 0
u,0.714535117149353, 0.33140015602111816, 0
u,0.7440121173858643, 0.2942599058151245, 0
u,0.714535117149353, 0.33140015602111816, 0
u,0.7443803548812866, 0.3313560485839844, 0
u,0.7887473106384277, 0.28083252906799316, 0
u,0.7740407586097717, 0.33138513565063477, 0
u,0.7958775758743286, 0.3313431739807129, 0
u,0.15776905417442322, 0.31274497509002686, 0
u,0.18276235461235046, 0.3129075765609741, 0
u,0.1554918885231018, 0.28272587060928345, 0
u,0.1554918885231018, 0.28272587060928345, 0
u,0.1900239884853363, 0.28353172540664673, 0
u,0.1866740733385086, 0.266618013381958, 0
u,0.15368178486824036, 0.26265376806259155, 0
u,0.1866740733385086, 0.266618013381958, 0
u,0.15776889026165009, 0.2352038025856018, 0
u,0.15776889026165009, 0.2352038025856018, 0
u,0.18276453018188477, 0.2352411150932312, 0
u,0.18333396315574646, 0.2265491485595703, 0
u,0.7438378930091858, 0.21640479564666748, 0
u,0.7068209052085876, 0.22122317552566528, 0
u,0.7106268405914307, 0.25904154777526855, 0
u,0.8176146745681763, 0.5696381330490112, 0
u,0.817614734172821, 0.6136974692344666, 0
u,0.8309888243675232, 0.6056582927703857, 0
u,0.32919085025787354, 0.0997573733329773, 0
u,0.31581681966781616, 0.07682192325592041, 0
u,0.3158167898654938, 0.10174226760864258, 0
u,0.8309893012046814, 0.6940146684646606, 0
u,0.817615270614624, 0.7207537293434143, 0
u,0.8309894800186157, 0.7202934622764587, 0
u,0.7083854675292969, 0.9118327349424362, 0
u,0.7193861603736877, 0.9056072309613228, 0
u,0.7142032384872437, 0.8900549113750458, 0
u,0.31581687927246094, 0.11995744705200195, 0
u,0.32919085025787354, 0.0997573733329773, 0
u,0.3158167898654938, 0.10174226760864258, 0
u,0.83098965883255, 0.14154160022735596, 0
u,0.8176155686378479, 0.18165075778961182, 0
u,0.8309895396232605, 0.18149054050445557, 0
u,0.7316058278083801, 0.9477622248232365, 0
u,0.7674590349197388, 0.9682325087487698, 0
u,0.7532256841659546, 0.952641949057579, 0
u,0.8960201740264893, 0.021727263927459717, 0
u,0.8980885148048401, 0.034047722816467285, 0
u,0.8983114957809448, 0.019820094108581543, 0
u,0.8960201740264893, 0.021727263927459717, 0
u,0.8983114957809448, 0.019820094108581543, 0
u,0.8855295181274414, 0.023102998733520508, 0
u,0.8176153898239136, 0.23172712326049805, 0
u,0.8309892416000366, 0.2627915143966675, 0
u,0.830989420413971, 0.23207759857177734, 0
u,0.9210807085037231, 0.6553662717342377, 0
u,0.9077067375183105, 0.7140926420688629, 0
u,0.9210807681083679, 0.7201699018478394, 0
u,0.8943144083023071, 0.032421648502349854, 0
u,0.8830291628837585, 0.03146284818649292, 0
u,0.8980885148048401, 0.034047722816467285, 0
u,0.8217371702194214, 0.2978284955024719, 0
u,0.817615270614624, 0.2627778649330139, 0
u,0.8176152110099792, 0.28224849700927734, 0
u,0.83098965883255, 0.7584688514471054, 0
u,0.817615270614624, 0.7207537293434143, 0
u,0.8176155090332031, 0.7585516571998596, 0
u,0.979158878326416, 0.8655664920806885, 0
u,0.9925329089164734, 0.8397957682609558, 0
u,0.9791588187217712, 0.8372950255870819, 0
u,0.71561598777771, 0.8511950075626373, 0
u,0.7082858085632324, 0.8665214478969574, 0
u,0.7172570824623108, 0.8641641587018967, 0
u,0.5065563917160034, 0.3017385005950928, 0
u,0.5204710960388184, 0.21846377849578857, 0
u,0.5136972069740295, 0.26062673330307007, 0
u,0.8309895396232605, 0.18149054050445557, 0
u,0.8176153898239136, 0.23172712326049805, 0
u,0.830989420413971, 0.23207759857177734, 0
u,0.7476606965065002, 0.8738972246646881, 0
u,0.7152459621429443, 0.8482413738965988, 0
u,0.71561598777771, 0.8511950075626373, 0
u,0.7554942965507507, 0.8090105652809143, 0
u,0.7632472515106201, 0.8157724440097809, 0
u,0.7596858739852905, 0.8102421462535858, 0
u,0.979158878326416, 0.7414503395557404, 0
u,0.9925329089164734, 0.7773228883743286, 0
u,0.9925329685211182, 0.7360546588897705, 0
u,0.5238488912582397, 0.13874685764312744, 0
u,0.5134725570678711, 0.14944911003112793, 0
u,0.5203402042388916, 0.14915305376052856, 0
u,0.31581687927246094, 0.11995744705200195, 0
u,0.3291909396648407, 0.1312500238418579, 0
u,0.3291909396648407, 0.11963313817977905, 0
u,0.8309891223907471, 0.3520846366882324, 0
u,0.8176149129867554, 0.4080082178115845, 0
u,0.8309890031814575, 0.4238947629928589, 0
u,0.4767986536026001, 0.22999626398086548, 0
u,0.4407895505428314, 0.216780424118042, 0
u,0.47185730934143066, 0.24103641510009766, 0
u,0.7415527105331421, 0.8088037073612213, 0
u,0.7417933940887451, 0.8155989497900009, 0
u,0.7634451389312744, 0.799066424369812, 0
u,0.8309891223907471, 0.6593551933765411, 0
u,0.8176149129867554, 0.6647368669509888, 0
u,0.8176151514053345, 0.6910116672515869, 0
u,0.9925328493118286, 0.8097735196352005, 0
u,0.979158878326416, 0.7879723608493805, 0
u,0.9791588187217712, 0.8372950255870819, 0
u,0.9077067375183105, 0.9654805883765221, 0
u,0.9210807681083679, 0.9933978170156479, 0
u,0.9210807085037231, 0.9447452761232853, 0
u,0.9077067375183105, 0.8142124116420746, 0
u,0.9210807085037231, 0.8353710621595383, 0
u,0.9210807085037231, 0.8056605011224747, 0
u,0.5214977264404297, 0.1723383069038391, 0
u,0.5329427719116211, 0.14186561107635498, 0
u,0.5151057243347168, 0.16944056749343872, 0
u,0.9077067375183105, 0.7945241034030914, 0
u,0.9210807085037231, 0.8056605011224747, 0
u,0.9185905456542969, 0.7915532290935516, 0
u,0.49099200963974, 0.17640936374664307, 0
u,0.5214977264404297, 0.1723383069038391, 0
u,0.5151057243347168, 0.16944056749343872, 0
u,0.985203742980957, 0.08206582069396973, 0
u,0.9718294739723206, 0.09461414813995361, 0
u,0.9852036237716675, 0.09806108474731445, 0
u,0.9210807085037231, 0.8353710621595383, 0
u,0.9077067375183105, 0.9333276674151421, 0
u,0.9210807085037231, 0.9447452761232853, 0
u,0.985203742980957, 0.08206582069396973, 0
u,0.9852038621902466, 0.07617270946502686, 0
u,0.9718295931816101, 0.08030390739440918, 0
u,0.9718294143676758, 0.11434018611907959, 0
u,0.9718294739723206, 0.12439340353012085, 0
u,0.9852035045623779, 0.11836695671081543, 0
u,0.9718294143676758, 0.11434018611907959, 0
u,0.9852035045623779, 0.11836695671081543, 0
u,0.9852036237716675, 0.09806108474731445, 0
u,0.5322113037109375, 0.31476038694381714, 0
u,0.5202173590660095, 0.3295166492462158, 0
u,0.5359110236167908, 0.3220122456550598, 0
u,0.8309888243675232, 0.6056582927703857, 0
u,0.8176148533821106, 0.6472797095775604, 0
u,0.8309890031814575, 0.6337398886680603, 0
u,0.9077067375183105, 0.7140926420688629, 0
u,0.9150481224060059, 0.7570843249559402, 0
u,0.9210807681083679, 0.7201699018478394, 0
u,0.8176150918006897, 0.32659512758255005, 0
u,0.8176150321960449, 0.3634387254714966, 0
u,0.8309891223907471, 0.3520846366882324, 0
u,0.8176148533821106, 0.6472797095775604, 0
u,0.8309891223907471, 0.6593551933765411, 0
u,0.8309890031814575, 0.6337398886680603, 0
u,0.9925329685211182, 0.9181086868047714, 0
u,0.9791587591171265, 0.9034948647022247, 0
u,0.979158878326416, 0.9287630617618561, 0
u,0.9925330281257629, 0.9404635950922966, 0
u,0.979158878326416, 0.9287630617618561, 0
u,0.985846221446991, 0.9693159908056259, 0
u,0.425207257270813, 0.19388091564178467, 0
u,0.4118334650993347, 0.21408087015151978, 0
u,0.42520761489868164, 0.2120959758758545, 0
u,0.9925328493118286, 0.8913491070270538, 0
u,0.9883424043655396, 0.8749322593212128, 0
u,0.9791587591171265, 0.9034948647022247, 0
u,0.8176148533821106, 0.4568129777908325, 0
u,0.830988883972168, 0.49112021923065186, 0
u,0.8309890031814575, 0.4238947629928589, 0
u,0.9925329685211182, 0.7360546588897705, 0
u,0.9791589379310608, 0.7270668745040894, 0
u,0.979158878326416, 0.7414503395557404, 0
u,0.4118334650993347, 0.21408087015151978, 0
u,0.4252074658870697, 0.23701632022857666, 0
u,0.42520761489868164, 0.2120959758758545, 0
u,0.8622288703918457, 0.03175365924835205, 0
u,0.8499088883399963, 0.03382551670074463, 0
u,0.8641365766525269, 0.034044504165649414, 0
u,0.8622288703918457, 0.03175365924835205, 0
u,0.8641365766525269, 0.034044504165649414, 0
u,0.8608501553535461, 0.021263599395751953, 0
u,0.425207257270813, 0.19388091564178467, 0
u,0.411833256483078, 0.18258821964263916, 0
u,0.4118332266807556, 0.19420528411865234, 0
u,0.8515340685844421, 0.03005087375640869, 0
u,0.852489709854126, 0.018765568733215332, 0
u,0.8499088883399963, 0.03382551670074463, 0
u,0.9852038621902466, 0.02125096321105957, 0
u,0.9718295335769653, 0.033799171447753906, 0
u,0.985203742980957, 0.03724628686904907, 0
u,0.5691466331481934, 0.05316293239593506, 0
u,0.5520234704017639, 0.060026586055755615, 0
u,0.5736070871353149, 0.06375300884246826, 0
u,0.9852038621902466, 0.02125096321105957, 0
u,0.9852038621902466, 0.015358030796051025, 0
u,0.9718295931816101, 0.019489169120788574, 0
u,0.9718295335769653, 0.053525328636169434, 0
u,0.9718295931816101, 0.06357860565185547, 0
u,0.9852036237716675, 0.0575520396232605, 0
u,0.9718295335769653, 0.053525328636169434, 0
u,0.9852036237716675, 0.0575520396232605, 0
u,0.985203742980957, 0.03724628686904907, 0
u,0.32040950655937195, 0.15591347217559814, 0
u,0.33198776841163635, 0.25027740001678467, 0
u,0.33196955919265747, 0.14435315132141113, 0
u,0.5691466331481934, 0.05316293239593506, 0
u,0.5736070871353149, 0.06375300884246826, 0
u,0.5910276770591736, 0.05900537967681885, 0
u,0.5756108164787292, 0.04060983657836914, 0
u,0.5713160037994385, 0.039153099060058594, 0
u,0.5691466331481934, 0.05316293239593506, 0
u,0.5696437358856201, 0.07855474948883057, 0
u,0.5746020078659058, 0.07797276973724365, 0
u,0.5736070871353149, 0.06375300884246826, 0
u,0.0755465030670166, 0.05761539936065674, 0
u,0.06401358544826508, 0.06407606601715088, 0
u,0.06283848732709885, 0.05812394618988037, 0
u,0.7666776180267334, 0.0462116003036499, 0
u,0.7767590880393982, 0.04610377550125122, 0
u,0.774471640586853, 0.037446677684783936, 0
u,0.7469990253448486, 0.061132967472076416, 0
u,0.750985860824585, 0.06436264514923096, 0
u,0.7566720247268677, 0.056148409843444824, 0
u,0.7180466651916504, 0.05619627237319946, 0
u,0.7204420566558838, 0.04579651355743408, 0
u,0.7306830883026123, 0.04151791334152222, 0
u,0.7204420566558838, 0.04579651355743408, 0
u,0.7270833849906921, 0.0375523567199707, 0
u,0.7306830883026123, 0.04151791334152222, 0
u,0.7038373947143555, 0.05575108528137207, 0
u,0.7180466651916504, 0.05619627237319946, 0
u,0.7039057612419128, 0.0644715428352356, 0
u,0.7180466651916504, 0.05619627237319946, 0
u,0.7304843068122864, 0.0626535415649414, 0
u,0.7260010838508606, 0.06787377595901489, 0
u,0.8805760741233826, 0.7040809988975525, 0
u,0.8790609836578369, 0.5075171887874603, 0
u,0.8525423407554626, 0.5076692402362823, 0
u,0.8639744520187378, 0.7110370695590973, 0
u,0.8767365217208862, 0.7182087898254395, 0
u,0.8805760741233826, 0.7040809988975525, 0
u,0.21962034702301025, 0.37027615308761597, 0
u,0.21584594249725342, 0.37820518016815186, 0
u,0.22135528922080994, 0.3848235011100769, 0
u,0.8474984169006348, 0.7203711271286011, 0
u,0.8585110902786255, 0.7572481036186218, 0
u,0.8564431071281433, 0.7253067493438721, 0
u,0.8805760741233826, 0.7040809988975525, 0
u,0.8474984169006348, 0.7203711271286011, 0
u,0.8639744520187378, 0.7110370695590973, 0
u,0.22570016980171204, 0.1442016363143921, 0
u,0.2259075939655304, 0.25091516971588135, 0
u,0.23760095238685608, 0.23909354209899902, 0
u,0.2259075939655304, 0.25091516971588135, 0
u,0.32045412063598633, 0.23879945278167725, 0
u,0.23760095238685608, 0.23909354209899902, 0
u,0.020221613347530365, 0.22824794054031372, 0
u,0.11640356481075287, 0.21562635898590088, 0
u,0.10431603342294693, 0.2282315492630005, 0
u,0.33196955919265747, 0.14435315132141113, 0
u,0.23733659088611603, 0.15577900409698486, 0
u,0.32040950655937195, 0.15591347217559814, 0
u,0.10431603342294693, 0.2282315492630005, 0
u,0.11649581789970398, 0.32470178604125977, 0
u,0.1044541597366333, 0.3120701313018799, 0
u,0.1044541597366333, 0.3120701313018799, 0
u,0.10325169563293457, 0.22925978899002075, 0
u,0.10431603342294693, 0.2282315492630005, 0
u,0.1044541597366333, 0.3120701313018799, 0
u,0.11649581789970398, 0.32470178604125977, 0
u,0.00825915765017271, 0.32466256618499756, 0
u,0.00825915765017271, 0.32466256618499756, 0
u,0.020221613347530365, 0.22824794054031372, 0
u,0.020345518365502357, 0.31209951639175415, 0
u,0.020221613347530365, 0.22824794054031372, 0
u,0.021398350596427917, 0.3110429644584656, 0
u,0.020345518365502357, 0.31209951639175415, 0
u,0.10434473305940628, 0.31084108352661133, 0
u,0.020345518365502357, 0.31209951639175415, 0
u,0.021398350596427917, 0.3110429644584656, 0
u,0.10431603342294693, 0.2282315492630005, 0
u,0.021132634952664375, 0.22918009757995605, 0
u,0.020221613347530365, 0.22824794054031372, 0
u,0.9224303960800171, 0.2841237783432007, 0
u,0.9087963104248047, 0.4871920943260193, 0
u,0.919866681098938, 0.48947829008102417, 0
u,0.9541845917701721, 0.07801097631454468, 0
u,0.9425293207168579, 0.06925654411315918, 0
u,0.9492331147193909, 0.12400341033935547, 0
u,0.6587885618209839, 0.1368352174758911, 0
u,0.671050488948822, 0.13593411445617676, 0
u,0.657404899597168, 0.12530380487442017, 0
u,0.6656343936920166, 0.07552409172058105, 0
u,0.657404899597168, 0.12530380487442017, 0
u,0.6727984547615051, 0.12533366680145264, 0
u,0.6656401753425598, 0.18130594491958618, 0
u,0.671050488948822, 0.13593411445617676, 0
u,0.6587885618209839, 0.1368352174758911, 0
u,0.6727984547615051, 0.12533366680145264, 0
u,0.671050488948822, 0.13593411445617676, 0
u,0.6656401753425598, 0.18130594491958618, 0
u,0.9087963104248047, 0.4871920943260193, 0
u,0.8980927467346191, 0.28454816341400146, 0
u,0.89537513256073, 0.48902833461761475, 0
u,0.20434041321277618, 0.7511785626411438, 0
u,0.21541228890419006, 0.5485348105430603, 0
u,0.20162320137023926, 0.5466983318328857, 0
u,0.9224303960800171, 0.2841237783432007, 0
u,0.919866681098938, 0.48947829008102417, 0
u,0.9265810251235962, 0.48836690187454224, 0
u,0.21541228890419006, 0.5485348105430603, 0
u,0.22867807745933533, 0.7516029179096222, 0
u,0.22611458599567413, 0.5462483465671539, 0
u,0.23282916843891144, 0.5473597347736359, 0
u,0.22611458599567413, 0.5462483465671539, 0
u,0.22867807745933533, 0.7516029179096222, 0
u,0.8909623026847839, 0.7881874740123749, 0
u,0.8776957988739014, 0.9912557899951935, 0
u,0.8911170363426208, 0.9930921122431755, 0
u,0.8666244745254517, 0.7886117696762085, 0
u,0.8599111437797546, 0.9924308424815536, 0
u,0.8666254281997681, 0.9935421627014875, 0
u,0.8776957988739014, 0.9912557899951935, 0
u,0.8666244745254517, 0.7886117696762085, 0
u,0.8666254281997681, 0.9935421627014875, 0
u,0.8502970933914185, 0.4872891306877136, 0
u,0.8613682985305786, 0.2846449613571167, 0
u,0.8502980470657349, 0.28235870599746704, 0
u,0.8613682985305786, 0.2846449613571167, 0
u,0.8746347427368164, 0.48771345615386963, 0
u,0.8747893571853638, 0.282808780670166, 0
u,0.8435834646224976, 0.283470094203949, 0
u,0.8502970933914185, 0.4872891306877136, 0
u,0.8502980470657349, 0.28235870599746704, 0
u,0.2552745044231415, 0.7804698050022125, 0
u,0.3677036464214325, 0.8723369687795639, 0
u,0.4589250385761261, 0.7802620828151703, 0
u,0.3456854522228241, 0.8927606493234634, 0
u,0.2552745044231415, 0.7804698050022125, 0
u,0.25479400157928467, 0.9842595588415861, 0
u,0.4589250385761261, 0.7802620828151703, 0
u,0.3690188229084015, 0.8930139169096947, 0
u,0.4593658149242401, 0.9844180066138506, 0
u,0.7053225040435791, 0.10219120979309082, 0
u,0.7308890223503113, 0.13545382022857666, 0
u,0.7321850061416626, 0.10575199127197266, 0
u,0.019038774073123932, 0.9748380817472935, 0
u,0.036564163863658905, 0.9633728638291359, 0
u,0.036435939371585846, 0.7962077707052231, 0
u,0.019038774073123932, 0.9748380817472935, 0
u,0.20383675396442413, 0.9636907875537872, 0
u,0.036564163863658905, 0.9633728638291359, 0
u,0.023080158978700638, 0.7756023406982422, 0
u,0.20374076068401337, 0.7962086796760559, 0
u,0.2165798544883728, 0.7752730399370193, 0
u,0.019038774073123932, 0.9748380817472935, 0
u,0.22602525353431702, 0.9760128185153008, 0
u,0.20383675396442413, 0.9636907875537872, 0
u,0.20374076068401337, 0.7962086796760559, 0
u,0.023080158978700638, 0.7756023406982422, 0
u,0.036435939371585846, 0.7962077707052231, 0
u,0.5155566930770874, 0.08864182233810425, 0
u,0.5370667576789856, 0.056874632835388184, 0
u,0.5157216191291809, 0.06100553274154663, 0
u,0.5157216191291809, 0.06100553274154663, 0
u,0.49455782771110535, 0.05686819553375244, 0
u,0.5155439376831055, 0.08872681856155396, 0
u,0.5325992107391357, 0.11896538734436035, 0
u,0.5155439376831055, 0.08872681856155396, 0
u,0.49741339683532715, 0.11922335624694824, 0
u,0.1475456804037094, 0.07197606563568115, 0
u,0.16905607283115387, 0.040208637714385986, 0
u,0.14771054685115814, 0.04433995485305786, 0
u,0.14771054685115814, 0.04433995485305786, 0
u,0.12654708325862885, 0.04020291566848755, 0
u,0.14753291010856628, 0.07206106185913086, 0
u,0.16458797454833984, 0.10229980945587158, 0
u,0.14753291010856628, 0.07206106185913086, 0
u,0.12940214574337006, 0.10255759954452515, 0
u,0.027846626937389374, 0.05149424076080322, 0
u,0.0493561252951622, 0.01972663402557373, 0
u,0.02801022119820118, 0.02385801076889038, 0
u,0.02801022119820118, 0.02385801076889038, 0
u,0.00684724235907197, 0.019720911979675293, 0
u,0.0278338473290205, 0.05157923698425293, 0
u,0.04488964378833771, 0.08181732892990112, 0
u,0.0278338473290205, 0.05157923698425293, 0
u,0.009703989140689373, 0.08207595348358154, 0
u,0.45935043692588806, 0.0886414647102356, 0
u,0.4808611273765564, 0.056873857975006104, 0
u,0.45969945192337036, 0.06100517511367798, 0
u,0.45969945192337036, 0.06100517511367798, 0
u,0.43835195899009705, 0.05686807632446289, 0
u,0.45933765172958374, 0.0887264609336853, 0
u,0.47639259696006775, 0.1189652681350708, 0
u,0.45933765172958374, 0.0887264609336853, 0
u,0.44120684266090393, 0.11922287940979004, 0
u,0.5848631858825684, 0.13998854160308838, 0
u,0.6002615690231323, 0.13265132904052734, 0
u,0.5855892300605774, 0.11334943771362305, 0
u,0.6363573670387268, 0.1749095916748047, 0
u,0.6176950931549072, 0.14884740114212036, 0
u,0.6096062064170837, 0.16764897108078003, 0
u,0.5573169589042664, 0.16640567779541016, 0
u,0.5595539212226868, 0.1754782795906067, 0
u,0.5677250027656555, 0.15114957094192505, 0
u,0.5840467214584351, 0.16449320316314697, 0
u,0.6176950931549072, 0.14884740114212036, 0
u,0.5859175324440002, 0.14464432001113892, 0
u,0.6204096078872681, 0.12997353076934814, 0
u,0.6316864490509033, 0.12125766277313232, 0
u,0.6345282793045044, 0.09946882724761963, 0
u,0.5669754147529602, 0.11870193481445312, 0
u,0.5855892300605774, 0.11334943771362305, 0
u,0.5642942190170288, 0.09860861301422119, 0
u,0.18508973717689514, 0.17757666110992432, 0
u,0.16216105222702026, 0.18218636512756348, 0
u,0.17915946245193481, 0.1981039047241211, 0
u,0.6380132436752319, 0.24465131759643555, 0
u,0.6063471436500549, 0.239050030708313, 0
u,0.6238328218460083, 0.2529033422470093, 0
u,0.10305826365947723, 0.13025367259979248, 0
u,0.08345751464366913, 0.16052532196044922, 0
u,0.1033371314406395, 0.1718999147415161, 0
u,0.07260997593402863, 0.12805652618408203, 0
u,0.04179324954748154, 0.13204169273376465, 0
u,0.05977747589349747, 0.14382165670394897, 0
u,0.07077466696500778, 0.10238683223724365, 0
u,0.07260997593402863, 0.12805652618408203, 0
u,0.10305826365947723, 0.13025367259979248, 0
u,0.07260997593402863, 0.12805652618408203, 0
u,0.029600396752357483, 0.11179548501968384, 0
u,0.04179324954748154, 0.13204169273376465, 0
u,0.6325974464416504, 0.2822076678276062, 0
u,0.6380132436752319, 0.24465131759643555, 0
u,0.6245648860931396, 0.27142906188964844, 0
u,0.7387670278549194, 0.1563739776611328, 0
u,0.7565683126449585, 0.12327921390533447, 0
u,0.7308890223503113, 0.13545382022857666, 0
u,0.5762724280357361, 0.24349266290664673, 0
u,0.5626180171966553, 0.23924875259399414, 0
u,0.5700783729553223, 0.28666043281555176, 0
u,0.605704665184021, 0.310271680355072, 0
u,0.640491247177124, 0.3068121671676636, 0
u,0.6325974464416504, 0.2822076678276062, 0
u,0.2108941376209259, 0.16807126998901367, 0
u,0.1932169497013092, 0.1537013053894043, 0
u,0.18508973717689514, 0.17757666110992432, 0
u,0.17915946245193481, 0.1981039047241211, 0
u,0.2108941376209259, 0.16807126998901367, 0
u,0.18508973717689514, 0.17757666110992432, 0
u,0.6245648860931396, 0.27142906188964844, 0
u,0.6018490791320801, 0.2609574794769287, 0
u,0.5968252420425415, 0.28109896183013916, 0
u,0.1313360184431076, 0.13748586177825928, 0
u,0.14541754126548767, 0.16316437721252441, 0
u,0.15354463458061218, 0.13928890228271484, 0
u,0.6022279262542725, 0.21124929189682007, 0
u,0.6380132436752319, 0.24465131759643555, 0
u,0.6496073603630066, 0.22721445560455322, 0
u,0.6380132436752319, 0.24465131759643555, 0
u,0.6022279262542725, 0.21124929189682007, 0
u,0.6063471436500549, 0.239050030708313, 0
u,0.13300037384033203, 0.17570501565933228, 0
u,0.16216105222702026, 0.18218636512756348, 0
u,0.14541754126548767, 0.16316437721252441, 0
u,0.7321850061416626, 0.10575199127197266, 0
u,0.7265658974647522, 0.0838402509689331, 0
u,0.7053225040435791, 0.10219120979309082, 0
u,0.05487307161092758, 0.17176884412765503, 0
u,0.07260997593402863, 0.12805652618408203, 0
u,0.0650058165192604, 0.1500943899154663, 0
u,0.04179324954748154, 0.13204169273376465, 0
u,0.012041502632200718, 0.148065984249115, 0
u,0.03770371526479721, 0.15599733591079712, 0
u,0.5940284729003906, 0.3201860189437866, 0
u,0.6552128791809082, 0.3126717805862427, 0
u,0.640491247177124, 0.3068121671676636, 0
u,0.9619423151016235, 0.3371826410293579, 0
u,0.9681476950645447, 0.36175453662872314, 0
u,0.9719785451889038, 0.3343150019645691, 0
u,0.05977747589349747, 0.14382165670394897, 0
u,0.04179324954748154, 0.13204169273376465, 0
u,0.03770371526479721, 0.15599733591079712, 0
u,0.7721014022827148, 0.10725021362304688, 0
u,0.7321850061416626, 0.10575199127197266, 0
u,0.7565683126449585, 0.12327921390533447, 0
u,0.15354463458061218, 0.13928890228271484, 0
u,0.17647333443164825, 0.13467931747436523, 0
u,0.15361826121807098, 0.12093472480773926, 0
u,0.1963047981262207, 0.1276400089263916, 0
u,0.17647333443164825, 0.13467931747436523, 0
u,0.1932169497013092, 0.1537013053894043, 0
u,0.6786131262779236, 0.2501932382583618, 0
u,0.6418681144714355, 0.20598173141479492, 0
u,0.6496073603630066, 0.22721445560455322, 0
u,0.03770371526479721, 0.15599733591079712, 0
u,0.027928350493311882, 0.18325698375701904, 0
u,0.05487307161092758, 0.17176884412765503, 0
u,0.5940284729003906, 0.3201860189437866, 0
u,0.640491247177124, 0.3068121671676636, 0
u,0.605704665184021, 0.310271680355072, 0
u,0.6063471436500549, 0.239050030708313, 0
u,0.5762724280357361, 0.24349266290664673, 0
u,0.6018490791320801, 0.2609574794769287, 0
u,0.05487307161092758, 0.17176884412765503, 0
u,0.0715518519282341, 0.19281458854675293, 0
u,0.08345751464366913, 0.16052532196044922, 0
u,0.5968252420425415, 0.28109896183013916, 0
u,0.5700783729553223, 0.28666043281555176, 0
u,0.605704665184021, 0.310271680355072, 0
u,0.6018490791320801, 0.2609574794769287, 0
u,0.5762724280357361, 0.24349266290664673, 0
u,0.5968252420425415, 0.28109896183013916, 0
u,0.5968252420425415, 0.28109896183013916, 0
u,0.6325974464416504, 0.2822076678276062, 0
u,0.6245648860931396, 0.27142906188964844, 0
u,0.41497930884361267, 0.15139633417129517, 0
u,0.42395657300949097, 0.1612151861190796, 0
u,0.42324572801589966, 0.15398722887039185, 0
u,0.7909499406814575, 0.14163482189178467, 0
u,0.7901419401168823, 0.14831697940826416, 0
u,0.7989451885223389, 0.15254724025726318, 0
u,0.9160307049751282, 0.2170093059539795, 0
u,0.9250068664550781, 0.22680413722991943, 0
u,0.9242960214614868, 0.2195773720741272, 0
u,0.9243133068084717, 0.2646794319152832, 0
u,0.9157038331031799, 0.256588339805603, 0
u,0.9160997271537781, 0.2637813091278076, 0
u,0.35351619124412537, 0.10236287117004395, 0
u,0.3486391007900238, 0.10124361515045166, 0
u,0.3469776213169098, 0.11622738838195801, 0
u,0.3608897626399994, 0.12091028690338135, 0
u,0.35351619124412537, 0.10236287117004395, 0
u,0.3469776213169098, 0.11622738838195801, 0
u,0.9719751477241516, 0.27618861198425293, 0
u,0.9719744920730591, 0.2452816367149353, 0
u,0.9619285464286804, 0.26273488998413086, 0
u,0.3469776213169098, 0.11622738838195801, 0
u,0.3640400767326355, 0.12484806776046753, 0
u,0.3608897626399994, 0.12091028690338135, 0
u,0.9619463682174683, 0.312427282333374, 0
u,0.9719785451889038, 0.3343150019645691, 0
u,0.9719773530960083, 0.31325191259384155, 0
u,0.9719744920730591, 0.2452816367149353, 0
u,0.9719623327255249, 0.2292357087135315, 0
u,0.9619549512863159, 0.23700547218322754, 0
u,0.3608897626399994, 0.12091028690338135, 0
u,0.3640400767326355, 0.12484806776046753, 0
u,0.3746512830257416, 0.11525344848632812, 0
u,0.9719600081443787, 0.20374548435211182, 0
u,0.9620382785797119, 0.15331310033798218, 0
u,0.9620002508163452, 0.20292150974273682, 0
u,0.9719600081443787, 0.20374548435211182, 0
u,0.9620002508163452, 0.20292150974273682, 0
u,0.9619549512863159, 0.23700547218322754, 0
u,0.9437834620475769, 0.7077995538711548, 0
u,0.9398700594902039, 0.6578094363212585, 0
u,0.933800458908081, 0.7232260704040527, 0
u,0.9681476950645447, 0.36175453662872314, 0
u,0.9619189500808716, 0.42845618724823, 0
u,0.9720062017440796, 0.42382562160491943, 0
u,0.3765588402748108, 0.008668065071105957, 0
u,0.3604191243648529, 0.04167759418487549, 0
u,0.364645779132843, 0.045994699001312256, 0
u,0.28739216923713684, 0.0866919755935669, 0
u,0.30113348364830017, 0.05065107345581055, 0
u,0.30080708861351013, 0.029223322868347168, 0
u,0.23534002900123596, 0.11058151721954346, 0
u,0.2292160838842392, 0.10621941089630127, 0
u,0.22728455066680908, 0.12116599082946777, 0
u,0.22728455066680908, 0.12116599082946777, 0
u,0.2483523041009903, 0.1268700361251831, 0
u,0.23534002900123596, 0.11058151721954346, 0
u,0.9336848258972168, 0.8252987861633301, 0
u,0.9336807727813721, 0.8655022978782654, 0
u,0.9437247514724731, 0.843861311674118, 0
u,0.9336807727813721, 0.8655022978782654, 0
u,0.9437645077705383, 0.8834666311740875, 0
u,0.9437247514724731, 0.843861311674118, 0
u,0.9437645077705383, 0.8834666311740875, 0
u,0.9337159395217896, 0.9354109466075897, 0
u,0.943801999092102, 0.9317753836512566, 0
u,0.25275492668151855, 0.09466695785522461, 0
u,0.255795955657959, 0.09317189455032349, 0
u,0.24318692088127136, 0.04966282844543457, 0
u,0.9492491483688354, 0.31324124336242676, 0
u,0.9392504692077637, 0.286821186542511, 0
u,0.9391976594924927, 0.32526248693466187, 0
u,0.2569454610347748, 0.01377880573272705, 0
u,0.24063228070735931, 0.039310574531555176, 0
u,0.24318692088127136, 0.04966282844543457, 0
u,0.9751240015029907, 0.5395438075065613, 0
u,0.9611613750457764, 0.575606495141983, 0
u,0.9636789560317993, 0.5899655222892761, 0
u,0.9392836689949036, 0.2166454792022705, 0
u,0.9492993354797363, 0.2452678680419922, 0
u,0.9492705464363098, 0.2226009964942932, 0
u,0.21358586847782135, 0.5283088088035583, 0
u,0.20416343212127686, 0.508951872587204, 0
u,0.19967371225357056, 0.5236260294914246, 0
u,0.9492952823638916, 0.2732410430908203, 0
u,0.9492993354797363, 0.2452678680419922, 0
u,0.9392669200897217, 0.25308459997177124, 0
u,0.19967371225357056, 0.5236260294914246, 0
u,0.21639874577522278, 0.5322967767715454, 0
u,0.21358586847782135, 0.5283088088035583, 0
u,0.9391976594924927, 0.32526248693466187, 0
u,0.9492270946502686, 0.33395105600357056, 0
u,0.9492491483688354, 0.31324124336242676, 0
u,0.949238121509552, 0.350685715675354, 0
u,0.9391976594924927, 0.32526248693466187, 0
u,0.9430447816848755, 0.3616291284561157, 0
u,0.21358586847782135, 0.5283088088035583, 0
u,0.21639874577522278, 0.5322967767715454, 0
u,0.2266968935728073, 0.5161325037479401, 0
u,0.9392640590667725, 0.17082101106643677, 0
u,0.9492705464363098, 0.2226009964942932, 0
u,0.9432085752487183, 0.15374600887298584, 0
u,0.21539323031902313, 0.4457181692123413, 0
u,0.21280613541603088, 0.4601196050643921, 0
u,0.2266968935728073, 0.5161325037479401, 0
u,0.9492876529693604, 0.43141239881515503, 0
u,0.9391807317733765, 0.3794114589691162, 0
u,0.939197301864624, 0.4273673892021179, 0
u,0.2266968935728073, 0.5161325037479401, 0
u,0.22828072309494019, 0.49624449014663696, 0
u,0.21539323031902313, 0.4457181692123413, 0
u,0.9565145969390869, 0.7496898174285889, 0
u,0.966525673866272, 0.7334455847740173, 0
u,0.9565343856811523, 0.7230290174484253, 0
u,0.8869251012802124, 0.1311706304550171, 0
u,0.8844079971313477, 0.1420367956161499, 0
u,0.9008034467697144, 0.1674898862838745, 0
u,0.9665279388427734, 0.7816859781742096, 0
u,0.9665442109107971, 0.7565622329711914, 0
u,0.9564875364303589, 0.7820514291524887, 0
u,0.9564467668533325, 0.8376831263303757, 0
u,0.9665006399154663, 0.8551729023456573, 0
u,0.9664807319641113, 0.8256521821022034, 0
u,0.9665029644966125, 0.7077974677085876, 0
u,0.9565410017967224, 0.6746557950973511, 0
u,0.9565343856811523, 0.7230290174484253, 0
u,0.9564418792724609, 0.8654994517564774, 0
u,0.9665208458900452, 0.8834715932607651, 0
u,0.9665006399154663, 0.8551729023456573, 0
u,0.9665208458900452, 0.8834715932607651, 0
u,0.9564573764801025, 0.9311942085623741, 0
u,0.9665474891662598, 0.9360479637980461, 0
u,0.805020809173584, 0.5833654999732971, 0
u,0.629131555557251, 0.7592547237873077, 0
u,0.805020809173584, 0.7592547237873077, 0
u,0.39209604263305664, 0.017956793308258057, 0
u,0.39402538537979126, 0.03290712833404541, 0
u,0.400107204914093, 0.030396461486816406, 0
u,0.39209604263305664, 0.017956793308258057, 0
u,0.400107204914093, 0.030396461486816406, 0
u,0.4058017134666443, 0.013161420822143555, 0
u,0.4058017134666443, 0.013161420822143555, 0
u,0.40861254930496216, 0.009078264236450195, 0
u,0.39209604263305664, 0.017956793308258057, 0
u,0.4198748469352722, 0.0185888409614563, 0
u,0.40861254930496216, 0.009078264236450195, 0
u,0.4058017134666443, 0.013161420822143555, 0
u,0.408025324344635, 0.08911877870559692, 0
u,0.4054803252220154, 0.09980309009552002, 0
u,0.4217856526374817, 0.12537968158721924, 0
u,0.42479920387268066, 0.5581658482551575, 0
u,0.29045337438583374, 0.7588367909193039, 0
u,0.38122624158859253, 0.758836567401886, 0
u,0.614903450012207, 0.3443073630332947, 0
u,0.48096585273742676, 0.5446480214595795, 0
u,0.5717389583587646, 0.5446482002735138, 0
u,0.18462476134300232, 0.5524402856826782, 0
u,0.04986995458602905, 0.7527811378240585, 0
u,0.14105163514614105, 0.7526931017637253, 0
u,0.2472885102033615, 0.5572419762611389, 0
u,0.24728849530220032, 0.5580779016017914, 0
u,0.42479920387268066, 0.5581658482551575, 0
u,0.6161293983459473, 0.5581658184528351, 0
u,0.48178333044052124, 0.7588368058204651, 0
u,0.5725563764572144, 0.7588366270065308, 0
u,0.14105165004730225, 0.7535289376974106, 0
u,0.14105163514614105, 0.7526931017637253, 0
u,0.04986995458602905, 0.7527811378240585, 0
u,0.48066264390945435, 0.7933622598648071, 0
u,0.6146000623703003, 0.9937030179426074, 0
u,0.6577645540237427, 0.7933622747659683, 0
u,0.29045313596725464, 0.5442147850990295, 0
u,0.42478397488594055, 0.3435560464859009, 0
u,0.24686488509178162, 0.34356260299682617, 0
u,0.4378015398979187, 0.5582539141178131, 0
u,0.4386187493801117, 0.558077871799469, 0
u,0.6161293983459473, 0.5581658184528351, 0
u,0.19872280955314636, 0.02211940288543701, 0
u,0.20270270109176636, 0.10251832008361816, 0
u,0.20270416140556335, 0.022119462490081787, 0
u,0.798445463180542, 0.08980488777160645, 0
u,0.8256632685661316, 0.09414863586425781, 0
u,0.8252689242362976, 0.08549487590789795, 0
u,0.8015411496162415, 0.10692501068115234, 0
u,0.8281422257423401, 0.10088759660720825, 0
u,0.8256632685661316, 0.09414863586425781, 0
u,0.8009049892425537, 0.07479238510131836, 0
u,0.8252689242362976, 0.08549487590789795, 0
u,0.8287602663040161, 0.079295814037323, 0
u,0.7316058278083801, 0.9477622248232365, 0
u,0.737596869468689, 0.9355016425251961, 0
u,0.6965227127075195, 0.9474168345332146, 0
u,0.8309893012046814, 0.6940146684646606, 0
u,0.8176151514053345, 0.6910116672515869, 0
u,0.817615270614624, 0.7207537293434143, 0
u,0.31581687927246094, 0.11995744705200195, 0
u,0.3291909396648407, 0.11963313817977905, 0
u,0.32919085025787354, 0.0997573733329773, 0
u,0.83098965883255, 0.14154160022735596, 0
u,0.8176156878471375, 0.14148163795471191, 0
u,0.8176155686378479, 0.18165075778961182, 0
u,0.8960201740264893, 0.021727263927459717, 0
u,0.8943144083023071, 0.032421648502349854, 0
u,0.8980885148048401, 0.034047722816467285, 0
u,0.8176153898239136, 0.23172712326049805, 0
u,0.817615270614624, 0.2627778649330139, 0
u,0.8309892416000366, 0.2627915143966675, 0
u,0.9210807085037231, 0.6553662717342377, 0
u,0.9077067375183105, 0.6553736925125122, 0
u,0.9077067375183105, 0.7140926420688629, 0
u,0.8217371702194214, 0.2978284955024719, 0
u,0.8309892416000366, 0.2627915143966675, 0
u,0.817615270614624, 0.2627778649330139, 0
u,0.83098965883255, 0.7584688514471054, 0
u,0.8309894800186157, 0.7202934622764587, 0
u,0.817615270614624, 0.7207537293434143, 0
u,0.979158878326416, 0.8655664920806885, 0
u,0.9925329685211182, 0.8560110479593277, 0
u,0.9925329089164734, 0.8397957682609558, 0
u,0.71561598777771, 0.8511950075626373, 0
u,0.7152459621429443, 0.8482413738965988, 0
u,0.7082858085632324, 0.8665214478969574, 0
u,0.8309895396232605, 0.18149054050445557, 0
u,0.8176155686378479, 0.18165075778961182, 0
u,0.8176153898239136, 0.23172712326049805, 0
u,0.979158878326416, 0.7414503395557404, 0
u,0.979158878326416, 0.7879723608493805, 0
u,0.9925329089164734, 0.7773228883743286, 0
u,0.31581687927246094, 0.11995744705200195, 0
u,0.31581684947013855, 0.1312497854232788, 0
u,0.3291909396648407, 0.1312500238418579, 0
u,0.8309891223907471, 0.3520846366882324, 0
u,0.8176150321960449, 0.3634387254714966, 0
u,0.8176149129867554, 0.4080082178115845, 0
u,0.4767986536026001, 0.22999626398086548, 0
u,0.4479854702949524, 0.20177364349365234, 0
u,0.4407895505428314, 0.216780424118042, 0
u,0.9077067375183105, 0.9654805883765221, 0
u,0.9077067375183105, 0.9934010487049818, 0
u,0.9210807681083679, 0.9933978170156479, 0
u,0.985203742980957, 0.08206582069396973, 0
u,0.9718295931816101, 0.08030390739440918, 0
u,0.9718294739723206, 0.09461414813995361, 0
u,0.9210807085037231, 0.8353710621595383, 0
u,0.9077067375183105, 0.850886806845665, 0
u,0.9077067375183105, 0.9333276674151421, 0
u,0.8309888243675232, 0.6056582927703857, 0
u,0.817614734172821, 0.6136974692344666, 0
u,0.8176148533821106, 0.6472797095775604, 0
u,0.9925329685211182, 0.9181086868047714, 0
u,0.9925328493118286, 0.8913491070270538, 0
u,0.9791587591171265, 0.9034948647022247, 0
u,0.425207257270813, 0.19388091564178467, 0
u,0.4118332266807556, 0.19420528411865234, 0
u,0.4118334650993347, 0.21408087015151978, 0
u,0.8622288703918457, 0.03175365924835205, 0
u,0.8515340685844421, 0.03005087375640869, 0
u,0.8499088883399963, 0.03382551670074463, 0
u,0.425207257270813, 0.19388091564178467, 0
u,0.42520734667778015, 0.1825883388519287, 0
u,0.411833256483078, 0.18258821964263916, 0
u,0.9852038621902466, 0.02125096321105957, 0
u,0.9718295931816101, 0.019489169120788574, 0
u,0.9718295335769653, 0.033799171447753906, 0
u,0.5691466331481934, 0.05316293239593506, 0
u,0.5531542301177979, 0.05493342876434326, 0
u,0.5520234704017639, 0.060026586055755615, 0
u,0.32040950655937195, 0.15591347217559814, 0
u,0.32045412063598633, 0.23879945278167725, 0
u,0.33198776841163635, 0.25027740001678467, 0
u,0.2259075939655304, 0.25091516971588135, 0
u,0.33198776841163635, 0.25027740001678467, 0
u,0.32045412063598633, 0.23879945278167725, 0
u,0.020221613347530365, 0.22824794054031372, 0
u,0.00812862254679203, 0.2155681848526001, 0
u,0.11640356481075287, 0.21562635898590088, 0
u,0.10431603342294693, 0.2282315492630005, 0
u,0.11640356481075287, 0.21562635898590088, 0
u,0.11649581789970398, 0.32470178604125977, 0
u,0.1044541597366333, 0.3120701313018799, 0
u,0.10434473305940628, 0.31084108352661133, 0
u,0.10325169563293457, 0.22925978899002075, 0
u,0.020221613347530365, 0.22824794054031372, 0
u,0.021132634952664375, 0.22918009757995605, 0
u,0.021398350596427917, 0.3110429644584656, 0
u,0.10434473305940628, 0.31084108352661133, 0
u,0.1044541597366333, 0.3120701313018799, 0
u,0.020345518365502357, 0.31209951639175415, 0
u,0.10431603342294693, 0.2282315492630005, 0
u,0.10325169563293457, 0.22925978899002075, 0
u,0.021132634952664375, 0.22918009757995605, 0
u,0.9224303960800171, 0.2841237783432007, 0
u,0.908839225769043, 0.2822592258453369, 0
u,0.9087963104248047, 0.4871920943260193, 0
u,0.9087963104248047, 0.4871920943260193, 0
u,0.908839225769043, 0.2822592258453369, 0
u,0.8980927467346191, 0.28454816341400146, 0
u,0.20434041321277618, 0.7511785626411438, 0
u,0.2150866985321045, 0.7534675896167755, 0
u,0.21541228890419006, 0.5485348105430603, 0
u,0.21541228890419006, 0.5485348105430603, 0
u,0.2150866985321045, 0.7534675896167755, 0
u,0.22867807745933533, 0.7516029179096222, 0
u,0.8909623026847839, 0.7881874740123749, 0
u,0.8776531219482422, 0.7863228470087051, 0
u,0.8776957988739014, 0.9912557899951935, 0
u,0.8666244745254517, 0.7886117696762085, 0
u,0.8599112629890442, 0.7875001728534698, 0
u,0.8599111437797546, 0.9924308424815536, 0
u,0.8776957988739014, 0.9912557899951935, 0
u,0.8776531219482422, 0.7863228470087051, 0
u,0.8666244745254517, 0.7886117696762085, 0
u,0.8502970933914185, 0.4872891306877136, 0
u,0.8613256812095642, 0.4895780086517334, 0
u,0.8613682985305786, 0.2846449613571167, 0
u,0.8613682985305786, 0.2846449613571167, 0
u,0.8613256812095642, 0.4895780086517334, 0
u,0.8746347427368164, 0.48771345615386963, 0
u,0.8435834646224976, 0.283470094203949, 0
u,0.8435836434364319, 0.48840081691741943, 0
u,0.8502970933914185, 0.4872891306877136, 0
u,0.2552745044231415, 0.7804698050022125, 0
u,0.3467894196510315, 0.8723318874835968, 0
u,0.3677036464214325, 0.8723369687795639, 0
u,0.4589250385761261, 0.7802620828151703, 0
u,0.3677036464214325, 0.8723369687795639, 0
u,0.3690188229084015, 0.8930139169096947, 0
u,0.7053225040435791, 0.10219120979309082, 0
u,0.7079809904098511, 0.14010560512542725, 0
u,0.7308890223503113, 0.13545382022857666, 0
u,0.1313360184431076, 0.13748586177825928, 0
u,0.13300037384033203, 0.17570501565933228, 0
u,0.14541754126548767, 0.16316437721252441, 0
u,0.9619423151016235, 0.3371826410293579, 0
u,0.9619388580322266, 0.3507026433944702, 0
u,0.9681476950645447, 0.36175453662872314, 0
u,0.9719600081443787, 0.20374548435211182, 0
u,0.9719921350479126, 0.1539108157157898, 0
u,0.9620382785797119, 0.15331310033798218, 0
u,0.9437834620475769, 0.7077995538711548, 0
u,0.9438093304634094, 0.6748851835727692, 0
u,0.9398700594902039, 0.6578094363212585, 0
u,0.9437645077705383, 0.8834666311740875, 0
u,0.9336807727813721, 0.8655022978782654, 0
u,0.9337159395217896, 0.9354109466075897, 0
u,0.9492491483688354, 0.31324124336242676, 0
u,0.9492658376693726, 0.284898579120636, 0
u,0.9392504692077637, 0.286821186542511, 0
u,0.9392836689949036, 0.2166454792022705, 0
u,0.9392669200897217, 0.25308459997177124, 0
u,0.9492993354797363, 0.2452678680419922, 0
u,0.949238121509552, 0.350685715675354, 0
u,0.9492270946502686, 0.33395105600357056, 0
u,0.9391976594924927, 0.32526248693466187, 0
u,0.9392640590667725, 0.17082101106643677, 0
u,0.9392836689949036, 0.2166454792022705, 0
u,0.9492705464363098, 0.2226009964942932, 0
u,0.9492876529693604, 0.43141239881515503, 0
u,0.9430447816848755, 0.3616291284561157, 0
u,0.9391807317733765, 0.3794114589691162, 0
u,0.9565145969390869, 0.7496898174285889, 0
u,0.9665442109107971, 0.7565622329711914, 0
u,0.966525673866272, 0.7334455847740173, 0
u,0.9564467668533325, 0.8376831263303757, 0
u,0.9564418792724609, 0.8654994517564774, 0
u,0.9665006399154663, 0.8551729023456573, 0
u,0.9665029644966125, 0.7077974677085876, 0
u,0.960490345954895, 0.6580643057823181, 0
u,0.9565410017967224, 0.6746557950973511, 0
u,0.9665208458900452, 0.8834715932607651, 0
u,0.9564418792724609, 0.8654994517564774, 0
u,0.9564573764801025, 0.9311942085623741, 0
u,0.805020809173584, 0.5833654999732971, 0
u,0.629131555557251, 0.58336541056633, 0
u,0.629131555557251, 0.7592547237873077, 0
u,0.42479920387268066, 0.5581658482551575, 0
u,0.24728849530220032, 0.5580779016017914, 0
u,0.29045337438583374, 0.7588367909193039, 0
u,0.18462476134300232, 0.5524402856826782, 0
u,0.006705433130264282, 0.5524401664733887, 0
u,0.04986995458602905, 0.7527811378240585, 0
u,0.006296858191490173, 0.33858150243759155, 0
u,0.0494612455368042, 0.5389224588871002, 0
u,0.14023439586162567, 0.5389223098754883, 0
u,0.6161293983459473, 0.5581658184528351, 0
u,0.4386187493801117, 0.558077871799469, 0
u,0.48178333044052124, 0.7588368058204651, 0
u,0.381649911403656, 0.5439034104347229, 0
u,0.42478397488594055, 0.3435560464859009, 0
u,0.24686488509178162, 0.34356260299682617, 0
u,0.6274972558021545, 0.3443073034286499, 0
u,0.6706612706184387, 0.5446479618549347, 0
u,0.7614342570304871, 0.5446482002735138, 0
u,0.19872280955314636, 0.02211940288543701, 0
u,0.19726163148880005, 0.10251832008361816, 0
u,0.20270270109176636, 0.10251832008361816, 0
u,0.7316058278083801, 0.9477622248232365, 0
u,0.737596869468689, 0.9355016425251961, 0
u,0.6965227127075195, 0.9474168345332146, 0
u,0.8309893012046814, 0.6940146684646606, 0
u,0.8176151514053345, 0.6910116672515869, 0
u,0.817615270614624, 0.7207537293434143, 0
u,0.31581687927246094, 0.11995744705200195, 0
u,0.3291909396648407, 0.11963313817977905, 0
u,0.32919085025787354, 0.0997573733329773, 0
u,0.83098965883255, 0.14154160022735596, 0
u,0.8176156878471375, 0.14148163795471191, 0
u,0.8176155686378479, 0.18165075778961182, 0
u,0.8960201740264893, 0.021727263927459717, 0
u,0.8943144083023071, 0.032421648502349854, 0
u,0.8980885148048401, 0.034047722816467285, 0
u,0.8176153898239136, 0.23172712326049805, 0
u,0.817615270614624, 0.2627778649330139, 0
u,0.8309892416000366, 0.2627915143966675, 0
u,0.9210807085037231, 0.6553662717342377, 0
u,0.9077067375183105, 0.6553736925125122, 0
u,0.9077067375183105, 0.7140926420688629, 0
u,0.8217371702194214, 0.2978284955024719, 0
u,0.8309892416000366, 0.2627915143966675, 0
u,0.817615270614624, 0.2627778649330139, 0
u,0.83098965883255, 0.7584688514471054, 0
u,0.8309894800186157, 0.7202934622764587, 0
u,0.817615270614624, 0.7207537293434143, 0
u,0.979158878326416, 0.8655664920806885, 0
u,0.9925329685211182, 0.8560110479593277, 0
u,0.9925329089164734, 0.8397957682609558, 0
u,0.71561598777771, 0.8511950075626373, 0
u,0.7152459621429443, 0.8482413738965988, 0
u,0.7082858085632324, 0.8665214478969574, 0
u,0.8309895396232605, 0.18149054050445557, 0
u,0.8176155686378479, 0.18165075778961182, 0
u,0.8176153898239136, 0.23172712326049805, 0
u,0.979158878326416, 0.7414503395557404, 0
u,0.979158878326416, 0.7879723608493805, 0
u,0.9925329089164734, 0.7773228883743286, 0
u,0.31581687927246094, 0.11995744705200195, 0
u,0.31581684947013855, 0.1312497854232788, 0
u,0.3291909396648407, 0.1312500238418579, 0
u,0.8309891223907471, 0.3520846366882324, 0
u,0.8176150321960449, 0.3634387254714966, 0
u,0.8176149129867554, 0.4080082178115845, 0
u,0.4767986536026001, 0.22999626398086548, 0
u,0.4479854702949524, 0.20177364349365234, 0
u,0.4407895505428314, 0.216780424118042, 0
u,0.9077067375183105, 0.9654805883765221, 0
u,0.9077067375183105, 0.9934010487049818, 0
u,0.9210807681083679, 0.9933978170156479, 0
u,0.985203742980957, 0.08206582069396973, 0
u,0.9718295931816101, 0.08030390739440918, 0
u,0.9718294739723206, 0.09461414813995361, 0
u,0.9210807085037231, 0.8353710621595383, 0
u,0.9077067375183105, 0.850886806845665, 0
u,0.9077067375183105, 0.9333276674151421, 0
u,0.8309888243675232, 0.6056582927703857, 0
u,0.817614734172821, 0.6136974692344666, 0
u,0.8176148533821106, 0.6472797095775604, 0
u,0.9925329685211182, 0.9181086868047714, 0
u,0.9925328493118286, 0.8913491070270538, 0
u,0.9791587591171265, 0.9034948647022247, 0
u,0.425207257270813, 0.19388091564178467, 0
u,0.4118332266807556, 0.19420528411865234, 0
u,0.4118334650993347, 0.21408087015151978, 0
u,0.8622288703918457, 0.03175365924835205, 0
u,0.8515340685844421, 0.03005087375640869, 0
u,0.8499088883399963, 0.03382551670074463, 0
u,0.425207257270813, 0.19388091564178467, 0
u,0.42520734667778015, 0.1825883388519287, 0
u,0.411833256483078, 0.18258821964263916, 0
u,0.9852038621902466, 0.02125096321105957, 0
u,0.9718295931816101, 0.019489169120788574, 0
u,0.9718295335769653, 0.033799171447753906, 0
u,0.5691466331481934, 0.05316293239593506, 0
u,0.5531542301177979, 0.05493342876434326, 0
u,0.5520234704017639, 0.060026586055755615, 0
u,0.32040950655937195, 0.15591347217559814, 0
u,0.32045412063598633, 0.23879945278167725, 0
u,0.33198776841163635, 0.25027740001678467, 0
u,0.2259075939655304, 0.25091516971588135, 0
u,0.33198776841163635, 0.25027740001678467, 0
u,0.32045412063598633, 0.23879945278167725, 0
u,0.020221613347530365, 0.22824794054031372, 0
u,0.00812862254679203, 0.2155681848526001, 0
u,0.11640356481075287, 0.21562635898590088, 0
u,0.10431603342294693, 0.2282315492630005, 0
u,0.11640356481075287, 0.21562635898590088, 0
u,0.11649581789970398, 0.32470178604125977, 0
u,0.1044541597366333, 0.3120701313018799, 0
u,0.10434473305940628, 0.31084108352661133, 0
u,0.10325169563293457, 0.22925978899002075, 0
u,0.020221613347530365, 0.22824794054031372, 0
u,0.021132634952664375, 0.22918009757995605, 0
u,0.021398350596427917, 0.3110429644584656, 0
u,0.10434473305940628, 0.31084108352661133, 0
u,0.1044541597366333, 0.3120701313018799, 0
u,0.020345518365502357, 0.31209951639175415, 0
u,0.10431603342294693, 0.2282315492630005, 0
u,0.10325169563293457, 0.22925978899002075, 0
u,0.021132634952664375, 0.22918009757995605, 0
u,0.9224303960800171, 0.2841237783432007, 0
u,0.908839225769043, 0.2822592258453369, 0
u,0.9087963104248047, 0.4871920943260193, 0
u,0.9087963104248047, 0.4871920943260193, 0
u,0.908839225769043, 0.2822592258453369, 0
u,0.8980927467346191, 0.28454816341400146, 0
u,0.20434041321277618, 0.7511785626411438, 0
u,0.2150866985321045, 0.7534675896167755, 0
u,0.21541228890419006, 0.5485348105430603, 0
u,0.21541228890419006, 0.5485348105430603, 0
u,0.2150866985321045, 0.7534675896167755, 0
u,0.22867807745933533, 0.7516029179096222, 0
u,0.8909623026847839, 0.7881874740123749, 0
u,0.8776531219482422, 0.7863228470087051, 0
u,0.8776957988739014, 0.9912557899951935, 0
u,0.8666244745254517, 0.7886117696762085, 0
u,0.8599112629890442, 0.7875001728534698, 0
u,0.8599111437797546, 0.9924308424815536, 0
u,0.8776957988739014, 0.9912557899951935, 0
u,0.8776531219482422, 0.7863228470087051, 0
u,0.8666244745254517, 0.7886117696762085, 0
u,0.8502970933914185, 0.4872891306877136, 0
u,0.8613256812095642, 0.4895780086517334, 0
u,0.8613682985305786, 0.2846449613571167, 0
u,0.8613682985305786, 0.2846449613571167, 0
u,0.8613256812095642, 0.4895780086517334, 0
u,0.8746347427368164, 0.48771345615386963, 0
u,0.8435834646224976, 0.283470094203949, 0
u,0.8435836434364319, 0.48840081691741943, 0
u,0.8502970933914185, 0.4872891306877136, 0
u,0.2552745044231415, 0.7804698050022125, 0
u,0.3467894196510315, 0.8723318874835968, 0
u,0.3677036464214325, 0.8723369687795639, 0
u,0.4589250385761261, 0.7802620828151703, 0
u,0.3677036464214325, 0.8723369687795639, 0
u,0.3690188229084015, 0.8930139169096947, 0
u,0.7053225040435791, 0.10219120979309082, 0
u,0.7079809904098511, 0.14010560512542725, 0
u,0.7308890223503113, 0.13545382022857666, 0
u,0.1313360184431076, 0.13748586177825928, 0
u,0.13300037384033203, 0.17570501565933228, 0
u,0.14541754126548767, 0.16316437721252441, 0
u,0.9619423151016235, 0.3371826410293579, 0
u,0.9619388580322266, 0.3507026433944702, 0
u,0.9681476950645447, 0.36175453662872314, 0
u,0.9719600081443787, 0.20374548435211182, 0
u,0.9719921350479126, 0.1539108157157898, 0
u,0.9620382785797119, 0.15331310033798218, 0
u,0.9437834620475769, 0.7077995538711548, 0
u,0.9438093304634094, 0.6748851835727692, 0
u,0.9398700594902039, 0.6578094363212585, 0
u,0.9437645077705383, 0.8834666311740875, 0
u,0.9336807727813721, 0.8655022978782654, 0
u,0.9337159395217896, 0.9354109466075897, 0
u,0.9492491483688354, 0.31324124336242676, 0
u,0.9492658376693726, 0.284898579120636, 0
u,0.9392504692077637, 0.286821186542511, 0
u,0.9392836689949036, 0.2166454792022705, 0
u,0.9392669200897217, 0.25308459997177124, 0
u,0.9492993354797363, 0.2452678680419922, 0
u,0.949238121509552, 0.350685715675354, 0
u,0.9492270946502686, 0.33395105600357056, 0
u,0.9391976594924927, 0.32526248693466187, 0
u,0.9392640590667725, 0.17082101106643677, 0
u,0.9392836689949036, 0.2166454792022705, 0
u,0.9492705464363098, 0.2226009964942932, 0
u,0.9492876529693604, 0.43141239881515503, 0
u,0.9430447816848755, 0.3616291284561157, 0
u,0.9391807317733765, 0.3794114589691162, 0
u,0.9565145969390869, 0.7496898174285889, 0
u,0.9665442109107971, 0.7565622329711914, 0
u,0.966525673866272, 0.7334455847740173, 0
u,0.9564467668533325, 0.8376831263303757, 0
u,0.9564418792724609, 0.8654994517564774, 0
u,0.9665006399154663, 0.8551729023456573, 0
u,0.9665029644966125, 0.7077974677085876, 0
u,0.960490345954895, 0.6580643057823181, 0
u,0.9565410017967224, 0.6746557950973511, 0
u,0.9665208458900452, 0.8834715932607651, 0
u,0.9564418792724609, 0.8654994517564774, 0
u,0.9564573764801025, 0.9311942085623741, 0
u,0.805020809173584, 0.5833654999732971, 0
u,0.629131555557251, 0.58336541056633, 0
u,0.629131555557251, 0.7592547237873077, 0
u,0.42479920387268066, 0.5581658482551575, 0
u,0.24728849530220032, 0.5580779016017914, 0
u,0.29045337438583374, 0.7588367909193039, 0
u,0.18462476134300232, 0.5524402856826782, 0
u,0.006705433130264282, 0.5524401664733887, 0
u,0.04986995458602905, 0.7527811378240585, 0
u,0.006296858191490173, 0.33858150243759155, 0
u,0.0494612455368042, 0.5389224588871002, 0
u,0.14023439586162567, 0.5389223098754883, 0
u,0.6161293983459473, 0.5581658184528351, 0
u,0.4386187493801117, 0.558077871799469, 0
u,0.48178333044052124, 0.7588368058204651, 0
u,0.29045313596725464, 0.5442147850990295, 0
u,0.381649911403656, 0.5439034104347229, 0
u,0.42478397488594055, 0.3435560464859009, 0
u,0.19872280955314636, 0.02211940288543701, 0
u,0.19726163148880005, 0.10251832008361816, 0
u,0.20270270109176636, 0.10251832008361816, 0
u,0.7316058278083801, 0.9477622248232365, 0
u,0.737596869468689, 0.9355016425251961, 0
u,0.6965227127075195, 0.9474168345332146, 0
u,0.8309893012046814, 0.6940146684646606, 0
u,0.8176151514053345, 0.6910116672515869, 0
u,0.817615270614624, 0.7207537293434143, 0
u,0.31581687927246094, 0.11995744705200195, 0
u,0.3291909396648407, 0.11963313817977905, 0
u,0.32919085025787354, 0.0997573733329773, 0
u,0.83098965883255, 0.14154160022735596, 0
u,0.8176156878471375, 0.14148163795471191, 0
u,0.8176155686378479, 0.18165075778961182, 0
u,0.8960201740264893, 0.021727263927459717, 0
u,0.8943144083023071, 0.032421648502349854, 0
u,0.8980885148048401, 0.034047722816467285, 0
u,0.8176153898239136, 0.23172712326049805, 0
u,0.817615270614624, 0.2627778649330139, 0
u,0.8309892416000366, 0.2627915143966675, 0
u,0.9210807085037231, 0.6553662717342377, 0
u,0.9077067375183105, 0.6553736925125122, 0
u,0.9077067375183105, 0.7140926420688629, 0
u,0.8217371702194214, 0.2978284955024719, 0
u,0.8309892416000366, 0.2627915143966675, 0
u,0.817615270614624, 0.2627778649330139, 0
u,0.83098965883255, 0.7584688514471054, 0
u,0.8309894800186157, 0.7202934622764587, 0
u,0.817615270614624, 0.7207537293434143, 0
u,0.979158878326416, 0.8655664920806885, 0
u,0.9925329685211182, 0.8560110479593277, 0
u,0.9925329089164734, 0.8397957682609558, 0
u,0.71561598777771, 0.8511950075626373, 0
u,0.7152459621429443, 0.8482413738965988, 0
u,0.7082858085632324, 0.8665214478969574, 0
u,0.8309895396232605, 0.18149054050445557, 0
u,0.8176155686378479, 0.18165075778961182, 0
u,0.8176153898239136, 0.23172712326049805, 0
u,0.979158878326416, 0.7414503395557404, 0
u,0.979158878326416, 0.7879723608493805, 0
u,0.9925329089164734, 0.7773228883743286, 0
u,0.31581687927246094, 0.11995744705200195, 0
u,0.31581684947013855, 0.1312497854232788, 0
u,0.3291909396648407, 0.1312500238418579, 0
u,0.8309891223907471, 0.3520846366882324, 0
u,0.8176150321960449, 0.3634387254714966, 0
u,0.8176149129867554, 0.4080082178115845, 0
u,0.4767986536026001, 0.22999626398086548, 0
u,0.4479854702949524, 0.20177364349365234, 0
u,0.4407895505428314, 0.216780424118042, 0
u,0.9077067375183105, 0.9654805883765221, 0
u,0.9077067375183105, 0.9934010487049818, 0
u,0.9210807681083679, 0.9933978170156479, 0
u,0.985203742980957, 0.08206582069396973, 0
u,0.9718295931816101, 0.08030390739440918, 0
u,0.9718294739723206, 0.09461414813995361, 0
u,0.9210807085037231, 0.8353710621595383, 0
u,0.9077067375183105, 0.850886806845665, 0
u,0.9077067375183105, 0.9333276674151421, 0
u,0.8309888243675232, 0.6056582927703857, 0
u,0.817614734172821, 0.6136974692344666, 0
u,0.8176148533821106, 0.6472797095775604, 0
u,0.9925329685211182, 0.9181086868047714, 0
u,0.9925328493118286, 0.8913491070270538, 0
u,0.9791587591171265, 0.9034948647022247, 0
u,0.425207257270813, 0.19388091564178467, 0
u,0.4118332266807556, 0.19420528411865234, 0
u,0.4118334650993347, 0.21408087015151978, 0
u,0.8622288703918457, 0.03175365924835205, 0
u,0.8515340685844421, 0.03005087375640869, 0
u,0.8499088883399963, 0.03382551670074463, 0
u,0.425207257270813, 0.19388091564178467, 0
u,0.42520734667778015, 0.1825883388519287, 0
u,0.411833256483078, 0.18258821964263916, 0
u,0.9852038621902466, 0.02125096321105957, 0
u,0.9718295931816101, 0.019489169120788574, 0
u,0.9718295335769653, 0.033799171447753906, 0
u,0.5691466331481934, 0.05316293239593506, 0
u,0.5531542301177979, 0.05493342876434326, 0
u,0.5520234704017639, 0.060026586055755615, 0
u,0.32040950655937195, 0.15591347217559814, 0
u,0.32045412063598633, 0.23879945278167725, 0
u,0.33198776841163635, 0.25027740001678467, 0
u,0.2259075939655304, 0.25091516971588135, 0
u,0.33198776841163635, 0.25027740001678467, 0
u,0.32045412063598633, 0.23879945278167725, 0
u,0.020221613347530365, 0.22824794054031372, 0
u,0.00812862254679203, 0.2155681848526001, 0
u,0.11640356481075287, 0.21562635898590088, 0
u,0.10431603342294693, 0.2282315492630005, 0
u,0.11640356481075287, 0.21562635898590088, 0
u,0.11649581789970398, 0.32470178604125977, 0
u,0.1044541597366333, 0.3120701313018799, 0
u,0.10434473305940628, 0.31084108352661133, 0
u,0.10325169563293457, 0.22925978899002075, 0
u,0.020221613347530365, 0.22824794054031372, 0
u,0.021132634952664375, 0.22918009757995605, 0
u,0.021398350596427917, 0.3110429644584656, 0
u,0.10434473305940628, 0.31084108352661133, 0
u,0.1044541597366333, 0.3120701313018799, 0
u,0.020345518365502357, 0.31209951639175415, 0
u,0.10431603342294693, 0.2282315492630005, 0
u,0.10325169563293457, 0.22925978899002075, 0
u,0.021132634952664375, 0.22918009757995605, 0
u,0.9224303960800171, 0.2841237783432007, 0
u,0.908839225769043, 0.2822592258453369, 0
u,0.9087963104248047, 0.4871920943260193, 0
u,0.9087963104248047, 0.4871920943260193, 0
u,0.908839225769043, 0.2822592258453369, 0
u,0.8980927467346191, 0.28454816341400146, 0
u,0.20434041321277618, 0.7511785626411438, 0
u,0.2150866985321045, 0.7534675896167755, 0
u,0.21541228890419006, 0.5485348105430603, 0
u,0.21541228890419006, 0.5485348105430603, 0
u,0.2150866985321045, 0.7534675896167755, 0
u,0.22867807745933533, 0.7516029179096222, 0
u,0.8909623026847839, 0.7881874740123749, 0
u,0.8776531219482422, 0.7863228470087051, 0
u,0.8776957988739014, 0.9912557899951935, 0
u,0.8666244745254517, 0.7886117696762085, 0
u,0.8599112629890442, 0.7875001728534698, 0
u,0.8599111437797546, 0.9924308424815536, 0
u,0.8776957988739014, 0.9912557899951935, 0
u,0.8776531219482422, 0.7863228470087051, 0
u,0.8666244745254517, 0.7886117696762085, 0
u,0.8502970933914185, 0.4872891306877136, 0
u,0.8613256812095642, 0.4895780086517334, 0
u,0.8613682985305786, 0.2846449613571167, 0
u,0.8613682985305786, 0.2846449613571167, 0
u,0.8613256812095642, 0.4895780086517334, 0
u,0.8746347427368164, 0.48771345615386963, 0
u,0.8435834646224976, 0.283470094203949, 0
u,0.8435836434364319, 0.48840081691741943, 0
u,0.8502970933914185, 0.4872891306877136, 0
u,0.2552745044231415, 0.7804698050022125, 0
u,0.3467894196510315, 0.8723318874835968, 0
u,0.3677036464214325, 0.8723369687795639, 0
u,0.4589250385761261, 0.7802620828151703, 0
u,0.3677036464214325, 0.8723369687795639, 0
u,0.3690188229084015, 0.8930139169096947, 0
u,0.7053225040435791, 0.10219120979309082, 0
u,0.7079809904098511, 0.14010560512542725, 0
u,0.7308890223503113, 0.13545382022857666, 0
u,0.1313360184431076, 0.13748586177825928, 0
u,0.13300037384033203, 0.17570501565933228, 0
u,0.14541754126548767, 0.16316437721252441, 0
u,0.9619423151016235, 0.3371826410293579, 0
u,0.9619388580322266, 0.3507026433944702, 0
u,0.9681476950645447, 0.36175453662872314, 0
u,0.9719600081443787, 0.20374548435211182, 0
u,0.9719921350479126, 0.1539108157157898, 0
u,0.9620382785797119, 0.15331310033798218, 0
u,0.9437834620475769, 0.7077995538711548, 0
u,0.9438093304634094, 0.6748851835727692, 0
u,0.9398700594902039, 0.6578094363212585, 0
u,0.9437645077705383, 0.8834666311740875, 0
u,0.9336807727813721, 0.8655022978782654, 0
u,0.9337159395217896, 0.9354109466075897, 0
u,0.9492491483688354, 0.31324124336242676, 0
u,0.9492658376693726, 0.284898579120636, 0
u,0.9392504692077637, 0.286821186542511, 0
u,0.9392836689949036, 0.2166454792022705, 0
u,0.9392669200897217, 0.25308459997177124, 0
u,0.9492993354797363, 0.2452678680419922, 0
u,0.949238121509552, 0.350685715675354, 0
u,0.9492270946502686, 0.33395105600357056, 0
u,0.9391976594924927, 0.32526248693466187, 0
u,0.9392640590667725, 0.17082101106643677, 0
u,0.9392836689949036, 0.2166454792022705, 0
u,0.9492705464363098, 0.2226009964942932, 0
u,0.9492876529693604, 0.43141239881515503, 0
u,0.9430447816848755, 0.3616291284561157, 0
u,0.9391807317733765, 0.3794114589691162, 0
u,0.9565145969390869, 0.7496898174285889, 0
u,0.9665442109107971, 0.7565622329711914, 0
u,0.966525673866272, 0.7334455847740173, 0
u,0.9564467668533325, 0.8376831263303757, 0
u,0.9564418792724609, 0.8654994517564774, 0
u,0.9665006399154663, 0.8551729023456573, 0
u,0.9665029644966125, 0.7077974677085876, 0
u,0.960490345954895, 0.6580643057823181, 0
u,0.9565410017967224, 0.6746557950973511, 0
u,0.9665208458900452, 0.8834715932607651, 0
u,0.9564418792724609, 0.8654994517564774, 0
u,0.9564573764801025, 0.9311942085623741, 0
u,0.805020809173584, 0.5833654999732971, 0
u,0.629131555557251, 0.58336541056633, 0
u,0.629131555557251, 0.7592547237873077, 0
u,0.42479920387268066, 0.5581658482551575, 0
u,0.24728849530220032, 0.5580779016017914, 0
u,0.29045337438583374, 0.7588367909193039, 0
u,0.614903450012207, 0.3443073630332947, 0
u,0.4378015398979187, 0.3443073034286499, 0
u,0.48096585273742676, 0.5446480214595795, 0
u,0.18462476134300232, 0.5524402856826782, 0
u,0.006705433130264282, 0.5524401664733887, 0
u,0.04986995458602905, 0.7527811378240585, 0
u,0.006296858191490173, 0.33858150243759155, 0
u,0.0494612455368042, 0.5389224588871002, 0
u,0.14023439586162567, 0.5389223098754883, 0
u,0.6161293983459473, 0.5581658184528351, 0
u,0.4386187493801117, 0.558077871799469, 0
u,0.48178333044052124, 0.7588368058204651, 0
u,0.29045313596725464, 0.5442147850990295, 0
u,0.381649911403656, 0.5439034104347229, 0
u,0.42478397488594055, 0.3435560464859009, 0
u,0.19872280955314636, 0.02211940288543701, 0
u,0.19726163148880005, 0.10251832008361816, 0
u,0.20270270109176636, 0.10251832008361816, 0
