v,24.989784240722656, 15.244597434997559, -0.002713903784751892
v,21.559429168701172, 15.909873008728027, -0.002713903784751892
v,24.989784240722656, 15.909873008728027, -0.002713903784751892
v,21.559429168701172, 15.909873008728027, -0.002713903784751892
v,21.559429168701172, 15.24460220336914, 0.1674371063709259
v,21.559429168701172, 15.909873008728027, 0.1674371063709259
v,21.559429168701172, 15.244597434997559, -0.002713903784751892
v,24.989784240722656, 15.244597434997559, 0.1674371063709259
v,21.559429168701172, 15.24460220336914, 0.1674371063709259
v,21.559429168701172, 15.909873008728027, 0.1674371063709259
v,24.989784240722656, 15.244597434997559, 0.1674371063709259
v,24.989784240722656, 15.909873008728027, 0.1674371063709259
v,24.989784240722656, 15.909873008728027, -0.002713903784751892
v,21.559429168701172, 15.909873008728027, 0.1674371063709259
v,24.989784240722656, 15.909873008728027, 0.1674371063709259
v,24.989784240722656, 15.244597434997559, -0.002713903784751892
v,24.989784240722656, 15.909873008728027, 0.1674371063709259
v,24.989784240722656, 15.244597434997559, 0.1674371063709259
v,24.989784240722656, 15.909873008728027, 0.4737088680267334
v,21.559429168701172, 16.57514762878418, 0.4737088680267334
v,24.989784240722656, 16.575149536132812, 0.4737088680267334
v,21.559429168701172, 16.57514762878418, 0.4737088680267334
v,21.559429168701172, 15.909873008728027, 0.6438599228858948
v,21.559429168701172, 16.57514762878418, 0.6438599228858948
v,21.559429168701172, 15.909873008728027, 0.4737088680267334
v,24.989784240722656, 15.909873008728027, 0.6438599228858948
v,21.559429168701172, 15.909873008728027, 0.6438599228858948
v,21.559429168701172, 16.57514762878418, 0.6438599228858948
v,24.989784240722656, 15.909873008728027, 0.6438599228858948
v,24.989784240722656, 16.575149536132812, 0.6438599228858948
v,24.989784240722656, 16.575149536132812, 0.4737088680267334
v,21.559429168701172, 16.57514762878418, 0.6438599228858948
v,24.989784240722656, 16.575149536132812, 0.6438599228858948
v,24.989784240722656, 15.909873008728027, 0.4737088680267334
v,24.989784240722656, 16.575149536132812, 0.6438599228858948
v,24.989784240722656, 15.909873008728027, 0.6438599228858948
v,24.989784240722656, 16.575149536132812, 0.9501316547393799
v,21.559429168701172, 17.24042320251465, 0.9501316547393799
v,24.989784240722656, 17.24042510986328, 0.9501316547393799
v,21.559429168701172, 17.24042320251465, 0.9501316547393799
v,21.559429168701172, 16.57514762878418, 1.1202826499938965
v,21.559429168701172, 17.24042320251465, 1.1202826499938965
v,21.559429168701172, 16.57514762878418, 0.9501316547393799
v,24.989784240722656, 16.575149536132812, 1.1202826499938965
v,21.559429168701172, 16.57514762878418, 1.1202826499938965
v,21.559429168701172, 17.24042320251465, 1.1202826499938965
v,24.989784240722656, 16.575149536132812, 1.1202826499938965
v,24.989784240722656, 17.24042510986328, 1.1202826499938965
v,24.989784240722656, 17.24042510986328, 0.9501316547393799
v,21.559429168701172, 17.24042320251465, 1.1202826499938965
v,24.989784240722656, 17.24042510986328, 1.1202826499938965
v,24.989784240722656, 16.575149536132812, 0.9501316547393799
v,24.989784240722656, 17.24042510986328, 1.1202826499938965
v,24.989784240722656, 16.575149536132812, 1.1202826499938965
v,24.989784240722656, 17.24042510986328, 1.4265544414520264
v,21.559429168701172, 17.905698776245117, 1.4265544414520264
v,24.989784240722656, 17.90570068359375, 1.4265544414520264
v,21.559429168701172, 17.905698776245117, 1.4265544414520264
v,21.559429168701172, 17.24042320251465, 1.596705436706543
v,21.559429168701172, 17.905698776245117, 1.596705436706543
v,21.559429168701172, 17.24042320251465, 1.4265544414520264
v,24.989784240722656, 17.24042510986328, 1.596705436706543
v,21.559429168701172, 17.24042320251465, 1.596705436706543
v,21.559429168701172, 17.905698776245117, 1.596705436706543
v,24.989784240722656, 17.24042510986328, 1.596705436706543
v,24.989784240722656, 17.90570068359375, 1.596705436706543
v,24.989784240722656, 17.90570068359375, 1.4265544414520264
v,21.559429168701172, 17.905698776245117, 1.596705436706543
v,24.989784240722656, 17.90570068359375, 1.596705436706543
v,24.989784240722656, 17.24042510986328, 1.4265544414520264
v,24.989784240722656, 17.90570068359375, 1.596705436706543
v,24.989784240722656, 17.24042510986328, 1.596705436706543
v,24.989784240722656, 17.90570068359375, 1.9029772281646729
v,21.559429168701172, 18.570974349975586, 1.9029772281646729
v,24.989784240722656, 18.57097625732422, 1.9029772281646729
v,21.559429168701172, 18.570974349975586, 1.9029772281646729
v,21.559429168701172, 17.905698776245117, 2.0731282234191895
v,21.559429168701172, 18.570974349975586, 2.0731282234191895
v,21.559429168701172, 17.905698776245117, 1.9029772281646729
v,24.989784240722656, 17.90570068359375, 2.0731282234191895
v,21.559429168701172, 17.905698776245117, 2.0731282234191895
v,21.559429168701172, 18.570974349975586, 2.0731282234191895
v,24.989784240722656, 17.90570068359375, 2.0731282234191895
v,24.989784240722656, 18.57097625732422, 2.0731282234191895
v,24.989784240722656, 18.57097625732422, 1.9029772281646729
v,21.559429168701172, 18.570974349975586, 2.0731282234191895
v,24.989784240722656, 18.57097625732422, 2.0731282234191895
v,24.989784240722656, 17.90570068359375, 1.9029772281646729
v,24.989784240722656, 18.57097625732422, 2.0731282234191895
v,24.989784240722656, 17.90570068359375, 2.0731282234191895
v,24.989784240722656, 18.57097625732422, 2.3794000148773193
v,21.559429168701172, 19.236249923706055, 2.3794000148773193
v,24.989784240722656, 19.236249923706055, 2.3794000148773193
v,21.559429168701172, 19.236249923706055, 2.3794000148773193
v,21.559429168701172, 18.570974349975586, 2.549551010131836
v,21.559429168701172, 19.236249923706055, 2.549551010131836
v,21.559429168701172, 18.570974349975586, 2.3794000148773193
v,24.989784240722656, 18.57097625732422, 2.549551010131836
v,21.559429168701172, 18.570974349975586, 2.549551010131836
v,21.559429168701172, 19.236249923706055, 2.549551010131836
v,24.989784240722656, 18.57097625732422, 2.549551010131836
v,24.989784240722656, 19.236249923706055, 2.549551010131836
v,24.989784240722656, 19.236249923706055, 2.3794000148773193
v,21.559429168701172, 19.236249923706055, 2.549551010131836
v,24.989784240722656, 19.236249923706055, 2.549551010131836
v,24.989784240722656, 18.57097625732422, 2.3794000148773193
v,24.989784240722656, 19.236249923706055, 2.549551010131836
v,24.989784240722656, 18.57097625732422, 2.549551010131836
v,24.989784240722656, 19.236249923706055, 2.855822801589966
v,21.559429168701172, 19.901525497436523, 2.855822801589966
v,24.989784240722656, 19.901525497436523, 2.855822801589966
v,21.559429168701172, 19.901525497436523, 2.855822801589966
v,21.559429168701172, 19.236249923706055, 3.0259737968444824
v,21.559429168701172, 19.901525497436523, 3.0259737968444824
v,21.559429168701172, 19.236249923706055, 2.855822801589966
v,24.989784240722656, 19.236249923706055, 3.0259737968444824
v,21.559429168701172, 19.236249923706055, 3.0259737968444824
v,21.559429168701172, 19.901525497436523, 3.0259737968444824
v,24.989784240722656, 19.236249923706055, 3.0259737968444824
v,24.989784240722656, 19.901525497436523, 3.0259737968444824
v,24.989784240722656, 19.901525497436523, 2.855822801589966
v,21.559429168701172, 19.901525497436523, 3.0259737968444824
v,24.989784240722656, 19.901525497436523, 3.0259737968444824
v,24.989784240722656, 19.236249923706055, 2.855822801589966
v,24.989784240722656, 19.901525497436523, 3.0259737968444824
v,24.989784240722656, 19.236249923706055, 3.0259737968444824
v,24.989784240722656, 19.901525497436523, 3.3322455883026123
v,21.559429168701172, 20.566801071166992, 3.3322455883026123
v,24.989784240722656, 20.566801071166992, 3.3322455883026123
v,21.559429168701172, 20.566801071166992, 3.3322455883026123
v,21.559429168701172, 19.901525497436523, 3.502396583557129
v,21.559429168701172, 20.566801071166992, 3.502396583557129
v,21.559429168701172, 19.901525497436523, 3.3322455883026123
v,24.989784240722656, 19.901525497436523, 3.502396583557129
v,21.559429168701172, 19.901525497436523, 3.502396583557129
v,21.559429168701172, 20.566801071166992, 3.502396583557129
v,24.989784240722656, 19.901525497436523, 3.502396583557129
v,24.989784240722656, 20.566801071166992, 3.502396583557129
v,24.989784240722656, 20.566801071166992, 3.3322455883026123
v,21.559429168701172, 20.566801071166992, 3.502396583557129
v,24.989784240722656, 20.566801071166992, 3.502396583557129
v,24.989784240722656, 19.901525497436523, 3.3322455883026123
v,24.989784240722656, 20.566801071166992, 3.502396583557129
v,24.989784240722656, 19.901525497436523, 3.502396583557129
v,24.989784240722656, 20.566801071166992, 3.808668375015259
v,21.559429168701172, 21.23207664489746, 3.808668375015259
v,24.989784240722656, 21.23207664489746, 3.808668375015259
v,21.559429168701172, 21.23207664489746, 3.808668375015259
v,21.559429168701172, 20.566801071166992, 3.9788193702697754
v,21.559429168701172, 21.23207664489746, 3.9788193702697754
v,21.559429168701172, 20.566801071166992, 3.808668375015259
v,24.989784240722656, 20.566801071166992, 3.9788193702697754
v,21.559429168701172, 20.566801071166992, 3.9788193702697754
v,21.559429168701172, 21.23207664489746, 3.9788193702697754
v,24.989784240722656, 20.566801071166992, 3.9788193702697754
v,24.989784240722656, 21.23207664489746, 3.9788193702697754
v,24.989784240722656, 21.23207664489746, 3.808668375015259
v,21.559429168701172, 21.23207664489746, 3.9788193702697754
v,24.989784240722656, 21.23207664489746, 3.9788193702697754
v,24.989784240722656, 20.566801071166992, 3.808668375015259
v,24.989784240722656, 21.23207664489746, 3.9788193702697754
v,24.989784240722656, 20.566801071166992, 3.9788193702697754
v,24.989784240722656, 21.23207664489746, 4.285090923309326
v,21.559429168701172, 21.89735221862793, 4.285090923309326
v,24.989784240722656, 21.89735221862793, 4.285090923309326
v,21.559429168701172, 21.89735221862793, 4.285090923309326
v,21.559429168701172, 21.23207664489746, 4.455242156982422
v,21.559429168701172, 21.89735221862793, 4.455242156982422
v,21.559429168701172, 21.23207664489746, 4.285090923309326
v,24.989784240722656, 21.23207664489746, 4.455242156982422
v,21.559429168701172, 21.23207664489746, 4.455242156982422
v,21.559429168701172, 21.89735221862793, 4.455242156982422
v,24.989784240722656, 21.23207664489746, 4.455242156982422
v,24.989784240722656, 21.89735221862793, 4.455242156982422
v,24.989784240722656, 21.89735221862793, 4.285090923309326
v,21.559429168701172, 21.89735221862793, 4.455242156982422
v,24.989784240722656, 21.89735221862793, 4.455242156982422
v,24.989784240722656, 21.23207664489746, 4.285090923309326
v,24.989784240722656, 21.89735221862793, 4.455242156982422
v,24.989784240722656, 21.23207664489746, 4.455242156982422
v,24.989784240722656, 21.89735221862793, 4.761513710021973
v,21.559429168701172, 22.5626277923584, 4.761513710021973
v,24.989784240722656, 22.5626277923584, 4.761513710021973
v,21.559429168701172, 22.5626277923584, 4.761513710021973
v,21.559429168701172, 21.89735221862793, 4.931664943695068
v,21.559429168701172, 22.5626277923584, 4.931664943695068
v,21.559429168701172, 21.89735221862793, 4.761513710021973
v,24.989784240722656, 21.89735221862793, 4.931664943695068
v,21.559429168701172, 21.89735221862793, 4.931664943695068
v,21.559429168701172, 22.5626277923584, 4.931664943695068
v,24.989784240722656, 21.89735221862793, 4.931664943695068
v,24.989784240722656, 22.5626277923584, 4.931664943695068
v,24.989784240722656, 22.5626277923584, 4.761513710021973
v,21.559429168701172, 22.5626277923584, 4.931664943695068
v,24.989784240722656, 22.5626277923584, 4.931664943695068
v,24.989784240722656, 21.89735221862793, 4.761513710021973
v,24.989784240722656, 22.5626277923584, 4.931664943695068
v,24.989784240722656, 21.89735221862793, 4.931664943695068
v,24.989784240722656, 22.5626277923584, 5.237936496734619
v,21.559429168701172, 23.227903366088867, 5.237936496734619
v,24.989784240722656, 23.227903366088867, 5.237936496734619
v,21.559429168701172, 23.227903366088867, 5.237936496734619
v,21.559429168701172, 22.5626277923584, 5.408087253570557
v,21.559429168701172, 23.227903366088867, 5.408087253570557
v,21.559429168701172, 22.5626277923584, 5.237936496734619
v,24.989784240722656, 22.5626277923584, 5.408087253570557
v,21.559429168701172, 22.5626277923584, 5.408087253570557
v,21.559429168701172, 23.227903366088867, 5.408087253570557
v,24.989784240722656, 22.5626277923584, 5.408087253570557
v,24.989784240722656, 23.227903366088867, 5.408087253570557
v,24.989784240722656, 23.227903366088867, 5.237936496734619
v,21.559429168701172, 23.227903366088867, 5.408087253570557
v,24.989784240722656, 23.227903366088867, 5.408087253570557
v,24.989784240722656, 22.5626277923584, 5.237936496734619
v,24.989784240722656, 23.227903366088867, 5.408087253570557
v,24.989784240722656, 22.5626277923584, 5.408087253570557
v,24.989784240722656, 23.227903366088867, 5.714359283447266
v,21.559429168701172, 23.893178939819336, 5.714359283447266
v,24.989782333374023, 23.893178939819336, 5.714359283447266
v,21.559429168701172, 23.893178939819336, 5.714359283447266
v,21.55942726135254, 23.227901458740234, 5.8845109939575195
v,21.559429168701172, 23.893178939819336, 5.884510517120361
v,21.559429168701172, 23.227903366088867, 5.714359283447266
v,24.989784240722656, 23.227903366088867, 5.884510517120361
v,21.55942726135254, 23.227901458740234, 5.8845109939575195
v,21.559429168701172, 23.893178939819336, 5.884510517120361
v,24.989784240722656, 23.227903366088867, 5.884510517120361
v,24.989782333374023, 23.893178939819336, 5.884510517120361
v,24.989782333374023, 23.893178939819336, 5.714359283447266
v,21.559429168701172, 23.893178939819336, 5.884510517120361
v,24.989782333374023, 23.893178939819336, 5.884510517120361
v,24.989784240722656, 23.227903366088867, 5.714359283447266
v,24.989782333374023, 23.893178939819336, 5.884510517120361
v,24.989784240722656, 23.227903366088867, 5.884510517120361
v,-41.4288444519043, -0.7995137572288513, -0.002713903784751892
v,-37.99849319458008, -1.4647890329360962, -0.002713903784751892
v,-41.4288444519043, -1.4647892713546753, -0.002713903784751892
v,-37.99849319458008, -1.4647890329360962, -0.002713903784751892
v,-37.99849319458008, -0.7995134592056274, 0.1674371063709259
v,-37.99849319458008, -1.4647890329360962, 0.1674371063709259
v,-37.99849319458008, -0.7995134592056274, -0.002713903784751892
v,-41.42879867553711, -0.7995118498802185, 0.1674371063709259
v,-37.99849319458008, -0.7995134592056274, 0.1674371063709259
v,-37.99849319458008, -1.4647890329360962, 0.1674371063709259
v,-41.42879867553711, -0.7995118498802185, 0.1674371063709259
v,-41.4288444519043, -1.4647892713546753, 0.1674371063709259
v,-41.4288444519043, -1.4647892713546753, -0.002713903784751892
v,-37.99849319458008, -1.4647890329360962, 0.1674371063709259
v,-41.4288444519043, -1.4647892713546753, 0.1674371063709259
v,-41.4288444519043, -0.7995137572288513, -0.002713903784751892
v,-41.4288444519043, -1.4647892713546753, 0.1674371063709259
v,-41.42879867553711, -0.7995118498802185, 0.1674371063709259
v,-41.4288444519043, -1.4647892713546753, 0.4737088680267334
v,-37.99849319458008, -2.1300644874572754, 0.4737088680267334
v,-41.42885208129883, -2.1300649642944336, 0.4737088680267334
v,-37.99849319458008, -2.1300644874572754, 0.4737088680267334
v,-37.99849319458008, -1.4647890329360962, 0.6438599228858948
v,-37.99849319458008, -2.1300644874572754, 0.6438599228858948
v,-37.99849319458008, -1.4647890329360962, 0.4737088680267334
v,-41.4288444519043, -1.4647892713546753, 0.6438599228858948
v,-37.99849319458008, -1.4647890329360962, 0.6438599228858948
v,-37.99849319458008, -2.1300644874572754, 0.6438599228858948
v,-41.4288444519043, -1.4647892713546753, 0.6438599228858948
v,-41.42885208129883, -2.1300649642944336, 0.6438599228858948
v,-41.42885208129883, -2.1300649642944336, 0.4737088680267334
v,-37.99849319458008, -2.1300644874572754, 0.6438599228858948
v,-41.42885208129883, -2.1300649642944336, 0.6438599228858948
v,-41.4288444519043, -1.4647892713546753, 0.4737088680267334
v,-41.42885208129883, -2.1300649642944336, 0.6438599228858948
v,-41.4288444519043, -1.4647892713546753, 0.6438599228858948
v,-41.42885208129883, -2.1300649642944336, 0.9501316547393799
v,-37.99849319458008, -2.795340061187744, 0.9501316547393799
v,-41.42885208129883, -2.7953405380249023, 0.9501316547393799
v,-37.99849319458008, -2.795340061187744, 0.9501316547393799
v,-37.99849319458008, -2.1300644874572754, 1.1202826499938965
v,-37.99849319458008, -2.795340061187744, 1.1202826499938965
v,-37.99849319458008, -2.1300644874572754, 0.9501316547393799
v,-41.42885208129883, -2.1300649642944336, 1.1202826499938965
v,-37.99849319458008, -2.1300644874572754, 1.1202826499938965
v,-37.99849319458008, -2.795340061187744, 1.1202826499938965
v,-41.42885208129883, -2.1300649642944336, 1.1202826499938965
v,-41.42885208129883, -2.7953405380249023, 1.1202826499938965
v,-41.42885208129883, -2.7953405380249023, 0.9501316547393799
v,-37.99849319458008, -2.795340061187744, 1.1202826499938965
v,-41.42885208129883, -2.7953405380249023, 1.1202826499938965
v,-41.42885208129883, -2.1300649642944336, 0.9501316547393799
v,-41.42885208129883, -2.7953405380249023, 1.1202826499938965
v,-41.42885208129883, -2.1300649642944336, 1.1202826499938965
v,-41.42885208129883, -2.7953405380249023, 1.4265544414520264
v,-37.99849319458008, -3.460615634918213, 1.4265544414520264
v,-41.42885208129883, -3.460616111755371, 1.4265544414520264
v,-37.99849319458008, -3.460615634918213, 1.4265544414520264
v,-37.99849319458008, -2.795340061187744, 1.596705436706543
v,-37.99849319458008, -3.460615634918213, 1.596705436706543
v,-37.99849319458008, -2.795340061187744, 1.4265544414520264
v,-41.42885208129883, -2.7953405380249023, 1.596705436706543
v,-37.99849319458008, -2.795340061187744, 1.596705436706543
v,-37.99849319458008, -3.460615634918213, 1.596705436706543
v,-41.42885208129883, -2.7953405380249023, 1.596705436706543
v,-41.42885208129883, -3.460616111755371, 1.596705436706543
v,-41.42885208129883, -3.460616111755371, 1.4265544414520264
v,-37.99849319458008, -3.460615634918213, 1.596705436706543
v,-41.42885208129883, -3.460616111755371, 1.596705436706543
v,-41.42885208129883, -2.7953405380249023, 1.4265544414520264
v,-41.42885208129883, -3.460616111755371, 1.596705436706543
v,-41.42885208129883, -2.7953405380249023, 1.596705436706543
v,-41.42885208129883, -3.460616111755371, 1.9029772281646729
v,-37.99849319458008, -4.125891208648682, 1.9029772281646729
v,-41.42885208129883, -4.125889778137207, 1.9029772281646729
v,-37.99849319458008, -4.125891208648682, 1.9029772281646729
v,-37.99849319458008, -3.460615634918213, 2.0731282234191895
v,-37.99849319458008, -4.125891208648682, 2.0731282234191895
v,-37.99849319458008, -3.460615634918213, 1.9029772281646729
v,-41.42885208129883, -3.460616111755371, 2.0731282234191895
v,-37.99849319458008, -3.460615634918213, 2.0731282234191895
v,-41.42885208129883, -4.125889778137207, 2.0731282234191895
v,-37.99849319458008, -3.460615634918213, 2.0731282234191895
v,-41.42885208129883, -3.460616111755371, 2.0731282234191895
v,-41.42885208129883, -4.125889778137207, 1.9029772281646729
v,-37.99849319458008, -4.125891208648682, 2.0731282234191895
v,-41.42885208129883, -4.125889778137207, 2.0731282234191895
v,-41.42885208129883, -3.460616111755371, 1.9029772281646729
v,-41.42885208129883, -4.125889778137207, 2.0731282234191895
v,-41.42885208129883, -3.460616111755371, 2.0731282234191895
v,-41.42885208129883, -4.125889778137207, 2.3794000148773193
v,-37.99849319458008, -4.79116678237915, 2.3794000148773193
v,-41.42885208129883, -4.791167259216309, 2.3794000148773193
v,-37.99849319458008, -4.79116678237915, 2.3794000148773193
v,-37.99849319458008, -4.125891208648682, 2.549551010131836
v,-37.99849319458008, -4.79116678237915, 2.549551010131836
v,-37.99849319458008, -4.125891208648682, 2.3794000148773193
v,-41.42885208129883, -4.125889778137207, 2.549551010131836
v,-37.99849319458008, -4.125891208648682, 2.549551010131836
v,-37.99849319458008, -4.79116678237915, 2.549551010131836
v,-41.42885208129883, -4.125889778137207, 2.549551010131836
v,-41.42885208129883, -4.791167259216309, 2.549551010131836
v,-41.42885208129883, -4.791167259216309, 2.3794000148773193
v,-37.99849319458008, -4.79116678237915, 2.549551010131836
v,-41.42885208129883, -4.791167259216309, 2.549551010131836
v,-41.42885208129883, -4.125889778137207, 2.3794000148773193
v,-41.42885208129883, -4.791167259216309, 2.549551010131836
v,-41.42885208129883, -4.125889778137207, 2.549551010131836
v,-41.42885208129883, -4.791167259216309, 2.855822801589966
v,-37.99849319458008, -5.456440448760986, 2.855822801589966
v,-41.42885208129883, -5.4564409255981445, 2.855822801589966
v,-37.99849319458008, -5.456440448760986, 2.855822801589966
v,-37.99849319458008, -4.79116678237915, 3.0259737968444824
v,-37.99849319458008, -5.456440448760986, 3.0259737968444824
v,-37.99849319458008, -4.79116678237915, 2.855822801589966
v,-41.42885208129883, -4.791167259216309, 3.0259737968444824
v,-37.99849319458008, -4.79116678237915, 3.0259737968444824
v,-37.99849319458008, -5.456440448760986, 3.0259737968444824
v,-41.42885208129883, -4.791167259216309, 3.0259737968444824
v,-41.42885208129883, -5.4564409255981445, 3.0259737968444824
v,-41.42885208129883, -5.4564409255981445, 2.855822801589966
v,-37.99849319458008, -5.456440448760986, 3.0259737968444824
v,-41.42885208129883, -5.4564409255981445, 3.0259737968444824
v,-41.42885208129883, -4.791167259216309, 2.855822801589966
v,-41.42885208129883, -5.4564409255981445, 3.0259737968444824
v,-41.42885208129883, -4.791167259216309, 3.0259737968444824
v,-41.42885208129883, -5.4564409255981445, 3.3322455883026123
v,-37.99849319458008, -6.121717929840088, 3.3322455883026123
v,-41.42885208129883, -6.121718406677246, 3.3322455883026123
v,-37.99849319458008, -6.121717929840088, 3.3322455883026123
v,-37.99849319458008, -5.456440448760986, 3.502396583557129
v,-37.99849319458008, -6.121717929840088, 3.502396583557129
v,-37.99849319458008, -5.456440448760986, 3.3322455883026123
v,-41.42885208129883, -5.4564409255981445, 3.502396583557129
v,-37.99849319458008, -5.456440448760986, 3.502396583557129
v,-37.99849319458008, -6.121717929840088, 3.502396583557129
v,-41.42885208129883, -5.4564409255981445, 3.502396583557129
v,-41.42885208129883, -6.121718406677246, 3.502396583557129
v,-41.42885208129883, -6.121718406677246, 3.3322455883026123
v,-37.99849319458008, -6.121717929840088, 3.502396583557129
v,-41.42885208129883, -6.121718406677246, 3.502396583557129
v,-41.42885208129883, -5.4564409255981445, 3.3322455883026123
v,-41.42885208129883, -6.121718406677246, 3.502396583557129
v,-41.42885208129883, -5.4564409255981445, 3.502396583557129
v,-41.42885208129883, -6.121718406677246, 3.808668375015259
v,-37.99848937988281, -6.786991596221924, 3.808668375015259
v,-41.42884826660156, -6.786992073059082, 3.808668375015259
v,-37.99848937988281, -6.786991596221924, 3.808668375015259
v,-37.99849319458008, -6.121717929840088, 3.9788193702697754
v,-37.99848937988281, -6.786991596221924, 3.9788193702697754
v,-37.99849319458008, -6.121717929840088, 3.808668375015259
v,-41.42885208129883, -6.121718406677246, 3.9788193702697754
v,-37.99849319458008, -6.121717929840088, 3.9788193702697754
v,-37.99848937988281, -6.786991596221924, 3.9788193702697754
v,-41.42885208129883, -6.121718406677246, 3.9788193702697754
v,-41.42884826660156, -6.786992073059082, 3.9788193702697754
v,-41.42884826660156, -6.786992073059082, 3.808668375015259
v,-37.99848937988281, -6.786991596221924, 3.9788193702697754
v,-41.42884826660156, -6.786992073059082, 3.9788193702697754
v,-41.42885208129883, -6.121718406677246, 3.808668375015259
v,-41.42884826660156, -6.786992073059082, 3.9788193702697754
v,-41.42885208129883, -6.121718406677246, 3.9788193702697754
v,-41.42884826660156, -6.786992073059082, 4.285090923309326
v,-37.99848937988281, -7.452269077301025, 4.285090923309326
v,-41.42884826660156, -7.452269554138184, 4.285090923309326
v,-37.99848937988281, -7.452269077301025, 4.285090923309326
v,-37.99848937988281, -6.786991596221924, 4.455242156982422
v,-37.99848937988281, -7.452269077301025, 4.455242156982422
v,-37.99848937988281, -6.786991596221924, 4.285090923309326
v,-41.42884826660156, -6.786992073059082, 4.455242156982422
v,-37.99848937988281, -6.786991596221924, 4.455242156982422
v,-37.99848937988281, -7.452269077301025, 4.455242156982422
v,-41.42884826660156, -6.786992073059082, 4.455242156982422
v,-41.42884826660156, -7.452269554138184, 4.455242156982422
v,-41.42884826660156, -7.452269554138184, 4.285090923309326
v,-37.99848937988281, -7.452269077301025, 4.455242156982422
v,-41.42884826660156, -7.452269554138184, 4.455242156982422
v,-41.42884826660156, -6.786992073059082, 4.285090923309326
v,-41.42884826660156, -7.452269554138184, 4.455242156982422
v,-41.42884826660156, -6.786992073059082, 4.455242156982422
v,-41.42884826660156, -7.452269554138184, 4.761513710021973
v,-37.99848937988281, -8.11754322052002, 4.761513710021973
v,-41.42884826660156, -8.11754322052002, 4.761513710021973
v,-37.99848937988281, -8.11754322052002, 4.761513710021973
v,-37.99848937988281, -7.452269077301025, 4.931664943695068
v,-37.99848937988281, -8.11754322052002, 4.931664943695068
v,-37.99848937988281, -7.452269077301025, 4.761513710021973
v,-41.42884826660156, -7.452269554138184, 4.931664943695068
v,-37.99848937988281, -7.452269077301025, 4.931664943695068
v,-37.99848937988281, -8.11754322052002, 4.931664943695068
v,-41.42884826660156, -7.452269554138184, 4.931664943695068
v,-41.42884826660156, -8.11754322052002, 4.931664943695068
v,-41.42884826660156, -8.11754322052002, 4.761513710021973
v,-37.99848937988281, -8.11754322052002, 4.931664943695068
v,-41.42884826660156, -8.11754322052002, 4.931664943695068
v,-41.42884826660156, -7.452269554138184, 4.761513710021973
v,-41.42884826660156, -8.11754322052002, 4.931664943695068
v,-41.42884826660156, -7.452269554138184, 4.931664943695068
v,-41.42884826660156, -8.11754322052002, 5.237936496734619
v,-37.99848937988281, -8.782820701599121, 5.237936496734619
v,-41.42884826660156, -8.782820701599121, 5.237936496734619
v,-37.99848937988281, -8.782820701599121, 5.237936496734619
v,-37.99848937988281, -8.11754322052002, 5.408087253570557
v,-37.99848937988281, -8.782820701599121, 5.408087253570557
v,-37.99848937988281, -8.11754322052002, 5.237936496734619
v,-41.42884826660156, -8.11754322052002, 5.408087253570557
v,-37.99848937988281, -8.11754322052002, 5.408087253570557
v,-37.99848937988281, -8.782820701599121, 5.408087253570557
v,-41.42884826660156, -8.11754322052002, 5.408087253570557
v,-41.42884826660156, -8.782820701599121, 5.408087253570557
v,-41.42884826660156, -8.782820701599121, 5.237936496734619
v,-37.99848937988281, -8.782820701599121, 5.408087253570557
v,-41.42884826660156, -8.782820701599121, 5.408087253570557
v,-41.42884826660156, -8.11754322052002, 5.237936496734619
v,-41.42884826660156, -8.782820701599121, 5.408087253570557
v,-41.42884826660156, -8.11754322052002, 5.408087253570557
v,-41.42884826660156, -8.782820701599121, 5.714359283447266
v,-37.99848937988281, -9.448094367980957, 5.714359283447266
v,-41.42884826660156, -9.448094367980957, 5.714359283447266
v,-37.99848937988281, -9.448094367980957, 5.714359283447266
v,-37.99848937988281, -8.782820701599121, 5.884510517120361
v,-37.99848937988281, -9.448094367980957, 5.884510517120361
v,-37.99848937988281, -8.782820701599121, 5.714359283447266
v,-41.42884826660156, -8.782820701599121, 5.8845109939575195
v,-37.99848937988281, -8.782820701599121, 5.884510517120361
v,-37.99848937988281, -9.448094367980957, 5.884510517120361
v,-41.42884826660156, -8.782820701599121, 5.8845109939575195
v,-41.42884826660156, -9.448094367980957, 5.884510517120361
v,-41.42884826660156, -9.448094367980957, 5.714359283447266
v,-37.99848937988281, -9.448094367980957, 5.884510517120361
v,-41.42884826660156, -9.448094367980957, 5.884510517120361
v,-41.42884826660156, -8.782820701599121, 5.714359283447266
v,-41.42884826660156, -9.448094367980957, 5.884510517120361
v,-41.42884826660156, -8.782820701599121, 5.8845109939575195
v,21.559432983398438, -0.7995120882987976, -0.002713903784751892
v,24.989788055419922, -1.4647873640060425, -0.002713903784751892
v,21.559432983398438, -1.4647876024246216, -0.002713903784751892
v,24.989788055419922, -1.4647873640060425, -0.002713903784751892
v,24.98979949951172, -0.7995098233222961, 0.1674371063709259
v,24.989788055419922, -1.4647873640060425, 0.1674371063709259
v,24.989788055419922, -0.799511730670929, -0.002713903784751892
v,21.55940055847168, -0.799508273601532, 0.1674371063709259
v,24.98979949951172, -0.7995098233222961, 0.1674371063709259
v,24.989788055419922, -1.4647873640060425, 0.1674371063709259
v,21.55940055847168, -0.799508273601532, 0.1674371063709259
v,21.559432983398438, -1.4647876024246216, 0.1674371063709259
v,21.559432983398438, -1.4647876024246216, -0.002713903784751892
v,24.989788055419922, -1.4647873640060425, 0.1674371063709259
v,21.559432983398438, -1.4647876024246216, 0.1674371063709259
v,21.559432983398438, -0.7995120882987976, -0.002713903784751892
v,21.559432983398438, -1.4647876024246216, 0.1674371063709259
v,21.55940055847168, -0.799508273601532, 0.1674371063709259
v,21.559432983398438, -1.4647876024246216, 0.4737088680267334
v,24.989788055419922, -2.1300628185272217, 0.4737088680267334
v,21.559432983398438, -2.13006329536438, 0.4737088680267334
v,24.989788055419922, -2.1300628185272217, 0.4737088680267334
v,24.989788055419922, -1.4647873640060425, 0.6438599228858948
v,24.989788055419922, -2.1300628185272217, 0.6438599228858948
v,24.989788055419922, -1.4647873640060425, 0.4737088680267334
v,21.559432983398438, -1.4647876024246216, 0.6438599228858948
v,24.989788055419922, -1.4647873640060425, 0.6438599228858948
v,24.989788055419922, -2.1300628185272217, 0.6438599228858948
v,21.559432983398438, -1.4647876024246216, 0.6438599228858948
v,21.559432983398438, -2.13006329536438, 0.6438599228858948
v,21.559432983398438, -2.13006329536438, 0.4737088680267334
v,24.989788055419922, -2.1300628185272217, 0.6438599228858948
v,21.559432983398438, -2.13006329536438, 0.6438599228858948
v,21.559432983398438, -1.4647876024246216, 0.4737088680267334
v,21.559432983398438, -2.13006329536438, 0.6438599228858948
v,21.559432983398438, -1.4647876024246216, 0.6438599228858948
v,21.559432983398438, -2.13006329536438, 0.9501316547393799
v,24.989788055419922, -2.7953383922576904, 0.9501316547393799
v,21.559432983398438, -2.7953388690948486, 0.9501316547393799
v,24.989788055419922, -2.7953383922576904, 0.9501316547393799
v,24.989788055419922, -2.1300628185272217, 1.1202826499938965
v,24.989788055419922, -2.7953383922576904, 1.1202826499938965
v,24.989788055419922, -2.1300628185272217, 0.9501316547393799
v,21.559432983398438, -2.13006329536438, 1.1202826499938965
v,24.989788055419922, -2.1300628185272217, 1.1202826499938965
v,24.989788055419922, -2.7953383922576904, 1.1202826499938965
v,21.559432983398438, -2.13006329536438, 1.1202826499938965
v,21.559432983398438, -2.7953388690948486, 1.1202826499938965
v,21.559432983398438, -2.7953388690948486, 0.9501316547393799
v,24.989788055419922, -2.7953383922576904, 1.1202826499938965
v,21.559432983398438, -2.7953388690948486, 1.1202826499938965
v,21.559432983398438, -2.13006329536438, 0.9501316547393799
v,21.559432983398438, -2.7953388690948486, 1.1202826499938965
v,21.559432983398438, -2.13006329536438, 1.1202826499938965
v,21.559432983398438, -2.7953388690948486, 1.4265544414520264
v,24.989788055419922, -3.460613965988159, 1.4265544414520264
v,21.559432983398438, -3.4606144428253174, 1.4265544414520264
v,24.989788055419922, -3.460613965988159, 1.4265544414520264
v,24.989788055419922, -2.7953383922576904, 1.596705436706543
v,24.989788055419922, -3.460613965988159, 1.596705436706543
v,24.989788055419922, -2.7953383922576904, 1.4265544414520264
v,21.559432983398438, -2.7953388690948486, 1.596705436706543
v,24.989788055419922, -2.7953383922576904, 1.596705436706543
v,24.989788055419922, -3.460613965988159, 1.596705436706543
v,21.559432983398438, -2.7953388690948486, 1.596705436706543
v,21.559432983398438, -3.4606144428253174, 1.596705436706543
v,21.559432983398438, -3.4606144428253174, 1.4265544414520264
v,24.989788055419922, -3.460613965988159, 1.596705436706543
v,21.559432983398438, -3.4606144428253174, 1.596705436706543
v,21.559432983398438, -2.7953388690948486, 1.4265544414520264
v,21.559432983398438, -3.4606144428253174, 1.596705436706543
v,21.559432983398438, -2.7953388690948486, 1.596705436706543
v,21.559432983398438, -3.4606144428253174, 1.9029772281646729
v,24.989788055419922, -4.125889778137207, 1.9029772281646729
v,21.559432983398438, -4.125889778137207, 1.9029772281646729
v,24.989788055419922, -4.125889778137207, 1.9029772281646729
v,24.989788055419922, -3.460613965988159, 2.0731282234191895
v,24.989788055419922, -4.125889778137207, 2.0731282234191895
v,24.989788055419922, -3.460613965988159, 1.9029772281646729
v,21.559432983398438, -3.4606144428253174, 2.0731282234191895
v,24.989788055419922, -3.460613965988159, 2.0731282234191895
v,24.989788055419922, -4.125889778137207, 2.0731282234191895
v,21.559432983398438, -3.4606144428253174, 2.0731282234191895
v,21.559432983398438, -4.125889778137207, 2.0731282234191895
v,21.559432983398438, -4.125889778137207, 1.9029772281646729
v,24.989788055419922, -4.125889778137207, 2.0731282234191895
v,21.559432983398438, -4.125889778137207, 2.0731282234191895
v,21.559432983398438, -3.4606144428253174, 1.9029772281646729
v,21.559432983398438, -4.125889778137207, 2.0731282234191895
v,21.559432983398438, -3.4606144428253174, 2.0731282234191895
v,21.559432983398438, -4.125889778137207, 2.3794000148773193
v,24.989788055419922, -4.791165351867676, 2.3794000148773193
v,21.559432983398438, -4.791165351867676, 2.3794000148773193
v,24.989788055419922, -4.791165351867676, 2.3794000148773193
v,24.989788055419922, -4.125889778137207, 2.549551010131836
v,24.989788055419922, -4.791165351867676, 2.549551010131836
v,24.989788055419922, -4.125889778137207, 2.3794000148773193
v,21.559432983398438, -4.125889778137207, 2.549551010131836
v,24.989788055419922, -4.125889778137207, 2.549551010131836
v,24.989788055419922, -4.791165351867676, 2.549551010131836
v,21.559432983398438, -4.125889778137207, 2.549551010131836
v,21.559432983398438, -4.791165351867676, 2.549551010131836
v,21.559432983398438, -4.791165351867676, 2.3794000148773193
v,24.989788055419922, -4.791165351867676, 2.549551010131836
v,21.559432983398438, -4.791165351867676, 2.549551010131836
v,21.559432983398438, -4.125889778137207, 2.3794000148773193
v,21.559432983398438, -4.791165351867676, 2.549551010131836
v,21.559432983398438, -4.125889778137207, 2.549551010131836
v,21.559432983398438, -4.791165351867676, 2.855822801589966
v,24.989788055419922, -5.4564409255981445, 2.855822801589966
v,21.559432983398438, -5.4564409255981445, 2.855822801589966
v,24.989788055419922, -5.4564409255981445, 2.855822801589966
v,24.989788055419922, -4.791165351867676, 3.0259737968444824
v,24.989788055419922, -5.4564409255981445, 3.0259737968444824
v,24.989788055419922, -4.791165351867676, 2.855822801589966
v,21.559432983398438, -4.791165351867676, 3.0259737968444824
v,24.989788055419922, -4.791165351867676, 3.0259737968444824
v,24.989788055419922, -5.4564409255981445, 3.0259737968444824
v,21.559432983398438, -4.791165351867676, 3.0259737968444824
v,21.559432983398438, -5.4564409255981445, 3.0259737968444824
v,21.559432983398438, -5.4564409255981445, 2.855822801589966
v,24.989788055419922, -5.4564409255981445, 3.0259737968444824
v,21.559432983398438, -5.4564409255981445, 3.0259737968444824
v,21.559432983398438, -4.791165351867676, 2.855822801589966
v,21.559432983398438, -5.4564409255981445, 3.0259737968444824
v,21.559432983398438, -4.791165351867676, 3.0259737968444824
v,21.559432983398438, -5.4564409255981445, 3.3322455883026123
v,24.989788055419922, -6.121716499328613, 3.3322455883026123
v,21.559432983398438, -6.121716499328613, 3.3322455883026123
v,24.989788055419922, -6.121716499328613, 3.3322455883026123
v,24.989788055419922, -5.4564409255981445, 3.502396583557129
v,24.989788055419922, -6.121716499328613, 3.502396583557129
v,24.989788055419922, -5.4564409255981445, 3.3322455883026123
v,21.559432983398438, -5.4564409255981445, 3.502396583557129
v,24.989788055419922, -5.4564409255981445, 3.502396583557129
v,24.989788055419922, -6.121716499328613, 3.502396583557129
v,21.559432983398438, -5.4564409255981445, 3.502396583557129
v,21.559432983398438, -6.121716499328613, 3.502396583557129
v,21.559432983398438, -6.121716499328613, 3.3322455883026123
v,24.989788055419922, -6.121716499328613, 3.502396583557129
v,21.559432983398438, -6.121716499328613, 3.502396583557129
v,21.559432983398438, -5.4564409255981445, 3.3322455883026123
v,21.559432983398438, -6.121716499328613, 3.502396583557129
v,21.559432983398438, -5.4564409255981445, 3.502396583557129
v,21.559432983398438, -6.121716499328613, 3.808668375015259
v,24.989788055419922, -6.786992073059082, 3.808668375015259
v,21.559432983398438, -6.786992073059082, 3.808668375015259
v,24.989788055419922, -6.786992073059082, 3.808668375015259
v,24.989788055419922, -6.121716499328613, 3.9788193702697754
v,24.989788055419922, -6.786992073059082, 3.9788193702697754
v,24.989788055419922, -6.121716499328613, 3.808668375015259
v,21.559432983398438, -6.121716499328613, 3.9788193702697754
v,24.989788055419922, -6.121716499328613, 3.9788193702697754
v,24.989788055419922, -6.786992073059082, 3.9788193702697754
v,21.559432983398438, -6.121716499328613, 3.9788193702697754
v,21.559432983398438, -6.786992073059082, 3.9788193702697754
v,21.559432983398438, -6.786992073059082, 3.808668375015259
v,24.989788055419922, -6.786992073059082, 3.9788193702697754
v,21.559432983398438, -6.786992073059082, 3.9788193702697754
v,21.559432983398438, -6.121716499328613, 3.808668375015259
v,21.559432983398438, -6.786992073059082, 3.9788193702697754
v,21.559432983398438, -6.121716499328613, 3.9788193702697754
v,21.559432983398438, -6.786992073059082, 4.285090923309326
v,24.989788055419922, -7.452267646789551, 4.285090923309326
v,21.559432983398438, -7.452267646789551, 4.285090923309326
v,24.989788055419922, -7.452267646789551, 4.285090923309326
v,24.989788055419922, -6.786992073059082, 4.455242156982422
v,24.989788055419922, -7.452267646789551, 4.455242156982422
v,24.989788055419922, -6.786992073059082, 4.285090923309326
v,21.559432983398438, -6.786992073059082, 4.455242156982422
v,24.989788055419922, -6.786992073059082, 4.455242156982422
v,24.989788055419922, -7.452267646789551, 4.455242156982422
v,21.559432983398438, -6.786992073059082, 4.455242156982422
v,21.559432983398438, -7.452267646789551, 4.455242156982422
v,21.559432983398438, -7.452267646789551, 4.285090923309326
v,24.989788055419922, -7.452267646789551, 4.455242156982422
v,21.559432983398438, -7.452267646789551, 4.455242156982422
v,21.559432983398438, -6.786992073059082, 4.285090923309326
v,21.559432983398438, -7.452267646789551, 4.455242156982422
v,21.559432983398438, -6.786992073059082, 4.455242156982422
v,21.559432983398438, -7.452267646789551, 4.761513710021973
v,24.989788055419922, -8.11754322052002, 4.761513710021973
v,21.559432983398438, -8.11754322052002, 4.761513710021973
v,24.989788055419922, -8.11754322052002, 4.761513710021973
v,24.989788055419922, -7.452267646789551, 4.931664943695068
v,24.989788055419922, -8.11754322052002, 4.931664943695068
v,24.989788055419922, -7.452267646789551, 4.761513710021973
v,21.559432983398438, -7.452267646789551, 4.931664943695068
v,24.989788055419922, -7.452267646789551, 4.931664943695068
v,24.989788055419922, -8.11754322052002, 4.931664943695068
v,21.559432983398438, -7.452267646789551, 4.931664943695068
v,21.559432983398438, -8.11754322052002, 4.931664943695068
v,21.559432983398438, -8.11754322052002, 4.761513710021973
v,24.989788055419922, -8.11754322052002, 4.931664943695068
v,21.559432983398438, -8.11754322052002, 4.931664943695068
v,21.559432983398438, -7.452267646789551, 4.761513710021973
v,21.559432983398438, -8.11754322052002, 4.931664943695068
v,21.559432983398438, -7.452267646789551, 4.931664943695068
v,21.559432983398438, -8.11754322052002, 5.237936496734619
v,24.989788055419922, -8.782818794250488, 5.237936496734619
v,21.559432983398438, -8.782818794250488, 5.237936496734619
v,24.989788055419922, -8.782818794250488, 5.237936496734619
v,24.989788055419922, -8.11754322052002, 5.408087253570557
v,24.989788055419922, -8.782818794250488, 5.408087253570557
v,24.989788055419922, -8.11754322052002, 5.237936496734619
v,21.559432983398438, -8.11754322052002, 5.408087253570557
v,24.989788055419922, -8.11754322052002, 5.408087253570557
v,24.989788055419922, -8.782818794250488, 5.408087253570557
v,21.559432983398438, -8.11754322052002, 5.408087253570557
v,21.559432983398438, -8.782818794250488, 5.408087253570557
v,21.559432983398438, -8.782818794250488, 5.237936496734619
v,24.989788055419922, -8.782818794250488, 5.408087253570557
v,21.559432983398438, -8.782818794250488, 5.408087253570557
v,21.559432983398438, -8.11754322052002, 5.237936496734619
v,21.559432983398438, -8.782818794250488, 5.408087253570557
v,21.559432983398438, -8.11754322052002, 5.408087253570557
v,21.559432983398438, -8.782818794250488, 5.714359283447266
v,24.989788055419922, -9.448094367980957, 5.714359283447266
v,21.559432983398438, -9.448094367980957, 5.714359283447266
v,24.989788055419922, -9.448094367980957, 5.714359283447266
v,24.989788055419922, -8.782818794250488, 5.884510517120361
v,24.989788055419922, -9.448094367980957, 5.884510517120361
v,24.989788055419922, -8.782818794250488, 5.714359283447266
v,21.55940055847168, -8.782818794250488, 5.8845109939575195
v,24.989788055419922, -8.782818794250488, 5.884510517120361
v,24.989788055419922, -9.448094367980957, 5.884510517120361
v,21.55940055847168, -8.782818794250488, 5.8845109939575195
v,21.559432983398438, -9.448094367980957, 5.884510517120361
v,21.559432983398438, -9.448094367980957, 5.714359283447266
v,24.989788055419922, -9.448094367980957, 5.884510517120361
v,21.559432983398438, -9.448094367980957, 5.884510517120361
v,21.559432983398438, -8.782818794250488, 5.714359283447266
v,21.559432983398438, -9.448094367980957, 5.884510517120361
v,21.55940055847168, -8.782818794250488, 5.8845109939575195
v,-37.989715576171875, 15.937154769897461, -0.002713903784751892
v,-41.42006301879883, 16.60243034362793, -0.002713903784751892
v,-37.989715576171875, 16.60243034362793, -0.002713903784751892
v,-41.42006301879883, 16.60243034362793, -0.002713903784751892
v,-41.42011642456055, 15.937202453613281, 0.1674371063709259
v,-41.42006301879883, 16.60243034362793, 0.1674371063709259
v,-41.42006301879883, 15.937153816223145, -0.002713903784751892
v,-37.98970031738281, 15.937156677246094, 0.1674371063709259
v,-41.42011642456055, 15.937202453613281, 0.1674371063709259
v,-41.42006301879883, 16.60243034362793, 0.1674371063709259
v,-37.98970031738281, 15.937156677246094, 0.1674371063709259
v,-37.989715576171875, 16.60243034362793, 0.1674371063709259
v,-37.989715576171875, 16.60243034362793, -0.002713903784751892
v,-41.42006301879883, 16.60243034362793, 0.1674371063709259
v,-37.989715576171875, 16.60243034362793, 0.1674371063709259
v,-37.989715576171875, 15.937154769897461, -0.002713903784751892
v,-37.989715576171875, 16.60243034362793, 0.1674371063709259
v,-37.98970031738281, 15.937156677246094, 0.1674371063709259
v,-37.989715576171875, 16.60243034362793, 0.4737088680267334
v,-41.42006301879883, 17.2677059173584, 0.4737088680267334
v,-37.989715576171875, 17.2677059173584, 0.4737088680267334
v,-41.42006301879883, 17.2677059173584, 0.4737088680267334
v,-41.42006301879883, 16.60243034362793, 0.6438599228858948
v,-41.42006301879883, 17.2677059173584, 0.6438599228858948
v,-41.42006301879883, 16.60243034362793, 0.4737088680267334
v,-37.989715576171875, 16.60243034362793, 0.6438599228858948
v,-41.42006301879883, 16.60243034362793, 0.6438599228858948
v,-41.42006301879883, 17.2677059173584, 0.6438599228858948
v,-37.989715576171875, 16.60243034362793, 0.6438599228858948
v,-37.989715576171875, 17.2677059173584, 0.6438599228858948
v,-37.989715576171875, 17.2677059173584, 0.4737088680267334
v,-41.42006301879883, 17.2677059173584, 0.6438599228858948
v,-37.989715576171875, 17.2677059173584, 0.6438599228858948
v,-37.989715576171875, 16.60243034362793, 0.4737088680267334
v,-37.989715576171875, 17.2677059173584, 0.6438599228858948
v,-37.989715576171875, 16.60243034362793, 0.6438599228858948
v,-37.989715576171875, 17.2677059173584, 0.9501316547393799
v,-41.42006301879883, 17.932981491088867, 0.9501316547393799
v,-37.989715576171875, 17.932981491088867, 0.9501316547393799
v,-41.42006301879883, 17.932981491088867, 0.9501316547393799
v,-41.42006301879883, 17.2677059173584, 1.1202826499938965
v,-41.42006301879883, 17.932981491088867, 1.1202826499938965
v,-41.42006301879883, 17.2677059173584, 0.9501316547393799
v,-37.989715576171875, 17.2677059173584, 1.1202826499938965
v,-41.42006301879883, 17.2677059173584, 1.1202826499938965
v,-41.42006301879883, 17.932981491088867, 1.1202826499938965
v,-37.989715576171875, 17.2677059173584, 1.1202826499938965
v,-37.989715576171875, 17.932981491088867, 1.1202826499938965
v,-37.989715576171875, 17.932981491088867, 0.9501316547393799
v,-41.42006301879883, 17.932981491088867, 1.1202826499938965
v,-37.989715576171875, 17.932981491088867, 1.1202826499938965
v,-37.989715576171875, 17.2677059173584, 0.9501316547393799
v,-37.989715576171875, 17.932981491088867, 1.1202826499938965
v,-37.989715576171875, 17.2677059173584, 1.1202826499938965
v,-37.989715576171875, 17.932981491088867, 1.4265544414520264
v,-41.42006301879883, 18.598257064819336, 1.4265544414520264
v,-37.989715576171875, 18.598257064819336, 1.4265544414520264
v,-41.42006301879883, 18.598257064819336, 1.4265544414520264
v,-41.42006301879883, 17.932981491088867, 1.596705436706543
v,-41.42006301879883, 18.598257064819336, 1.596705436706543
v,-41.42006301879883, 17.932981491088867, 1.4265544414520264
v,-37.989715576171875, 17.932981491088867, 1.596705436706543
v,-41.42006301879883, 17.932981491088867, 1.596705436706543
v,-41.42006301879883, 18.598257064819336, 1.596705436706543
v,-37.989715576171875, 17.932981491088867, 1.596705436706543
v,-37.989715576171875, 18.598257064819336, 1.596705436706543
v,-37.989715576171875, 18.598257064819336, 1.4265544414520264
v,-41.42006301879883, 18.598257064819336, 1.596705436706543
v,-37.989715576171875, 18.598257064819336, 1.596705436706543
v,-37.989715576171875, 17.932981491088867, 1.4265544414520264
v,-37.989715576171875, 18.598257064819336, 1.596705436706543
v,-37.989715576171875, 17.932981491088867, 1.596705436706543
v,-37.989715576171875, 18.598257064819336, 1.9029772281646729
v,-41.42006301879883, 19.263532638549805, 1.9029772281646729
v,-37.989715576171875, 19.263532638549805, 1.9029772281646729
v,-41.42006301879883, 19.263532638549805, 1.9029772281646729
v,-41.42006301879883, 18.598257064819336, 2.0731282234191895
v,-41.42006301879883, 19.263532638549805, 2.0731282234191895
v,-41.42006301879883, 18.598257064819336, 1.9029772281646729
v,-37.989715576171875, 18.598257064819336, 2.0731282234191895
v,-41.42006301879883, 18.598257064819336, 2.0731282234191895
v,-41.42006301879883, 19.263532638549805, 2.0731282234191895
v,-37.989715576171875, 18.598257064819336, 2.0731282234191895
v,-37.989715576171875, 19.263532638549805, 2.0731282234191895
v,-37.989715576171875, 19.263532638549805, 1.9029772281646729
v,-41.42006301879883, 19.263532638549805, 2.0731282234191895
v,-37.989715576171875, 19.263532638549805, 2.0731282234191895
v,-37.989715576171875, 18.598257064819336, 1.9029772281646729
v,-37.989715576171875, 19.263532638549805, 2.0731282234191895
v,-37.989715576171875, 18.598257064819336, 2.0731282234191895
v,-37.989715576171875, 19.263532638549805, 2.3794000148773193
v,-41.42006301879883, 19.92880630493164, 2.3794000148773193
v,-37.989715576171875, 19.92880630493164, 2.3794000148773193
v,-41.42006301879883, 19.92880630493164, 2.3794000148773193
v,-41.42006301879883, 19.263532638549805, 2.549551010131836
v,-41.42006301879883, 19.92880630493164, 2.549551010131836
v,-41.42006301879883, 19.263532638549805, 2.3794000148773193
v,-37.989715576171875, 19.263532638549805, 2.549551010131836
v,-41.42006301879883, 19.263532638549805, 2.549551010131836
v,-41.42006301879883, 19.92880630493164, 2.549551010131836
v,-37.989715576171875, 19.263532638549805, 2.549551010131836
v,-37.989715576171875, 19.92880630493164, 2.549551010131836
v,-37.989715576171875, 19.92880630493164, 2.3794000148773193
v,-41.42006301879883, 19.92880630493164, 2.549551010131836
v,-37.989715576171875, 19.92880630493164, 2.549551010131836
v,-37.989715576171875, 19.263532638549805, 2.3794000148773193
v,-37.989715576171875, 19.92880630493164, 2.549551010131836
v,-37.989715576171875, 19.263532638549805, 2.549551010131836
v,-37.989715576171875, 19.92880630493164, 2.855822801589966
v,-41.42006301879883, 20.59408187866211, 2.855822801589966
v,-37.989715576171875, 20.59408187866211, 2.855822801589966
v,-41.42006301879883, 20.59408187866211, 2.855822801589966
v,-41.42006301879883, 19.92880630493164, 3.0259737968444824
v,-41.42006301879883, 20.59408187866211, 3.0259737968444824
v,-41.42006301879883, 19.92880630493164, 2.855822801589966
v,-37.989715576171875, 19.92880630493164, 3.0259737968444824
v,-41.42006301879883, 19.92880630493164, 3.0259737968444824
v,-41.42006301879883, 20.59408187866211, 3.0259737968444824
v,-37.989715576171875, 19.92880630493164, 3.0259737968444824
v,-37.989715576171875, 20.59408187866211, 3.0259737968444824
v,-37.989715576171875, 20.59408187866211, 2.855822801589966
v,-41.42006301879883, 20.59408187866211, 3.0259737968444824
v,-37.989715576171875, 20.59408187866211, 3.0259737968444824
v,-37.989715576171875, 19.92880630493164, 2.855822801589966
v,-37.989715576171875, 20.59408187866211, 3.0259737968444824
v,-37.989715576171875, 19.92880630493164, 3.0259737968444824
v,-37.989715576171875, 20.59408187866211, 3.3322455883026123
v,-41.42006301879883, 21.259357452392578, 3.3322455883026123
v,-37.989715576171875, 21.259357452392578, 3.3322455883026123
v,-41.42006301879883, 21.259357452392578, 3.3322455883026123
v,-41.42006301879883, 20.59408187866211, 3.502396583557129
v,-41.42006301879883, 21.259357452392578, 3.502396583557129
v,-41.42006301879883, 20.59408187866211, 3.3322455883026123
v,-37.989715576171875, 20.59408187866211, 3.502396583557129
v,-41.42006301879883, 20.59408187866211, 3.502396583557129
v,-41.42006301879883, 21.259357452392578, 3.502396583557129
v,-37.989715576171875, 20.59408187866211, 3.502396583557129
v,-37.989715576171875, 21.259357452392578, 3.502396583557129
v,-37.989715576171875, 21.259357452392578, 3.3322455883026123
v,-41.42006301879883, 21.259357452392578, 3.502396583557129
v,-37.989715576171875, 21.259357452392578, 3.502396583557129
v,-37.989715576171875, 20.59408187866211, 3.3322455883026123
v,-37.989715576171875, 21.259357452392578, 3.502396583557129
v,-37.989715576171875, 20.59408187866211, 3.502396583557129
v,-37.989715576171875, 21.259357452392578, 3.808668375015259
v,-41.42006301879883, 21.924633026123047, 3.808668375015259
v,-37.989715576171875, 21.924633026123047, 3.808668375015259
v,-41.42006301879883, 21.924633026123047, 3.808668375015259
v,-41.42006301879883, 21.259357452392578, 3.9788193702697754
v,-41.42006301879883, 21.924633026123047, 3.9788193702697754
v,-41.42006301879883, 21.259357452392578, 3.808668375015259
v,-37.989715576171875, 21.259357452392578, 3.9788193702697754
v,-41.42006301879883, 21.259357452392578, 3.9788193702697754
v,-41.42006301879883, 21.924633026123047, 3.9788193702697754
v,-37.989715576171875, 21.259357452392578, 3.9788193702697754
v,-37.989715576171875, 21.924633026123047, 3.9788193702697754
v,-37.989715576171875, 21.924633026123047, 3.808668375015259
v,-41.42006301879883, 21.924633026123047, 3.9788193702697754
v,-37.989715576171875, 21.924633026123047, 3.9788193702697754
v,-37.989715576171875, 21.259357452392578, 3.808668375015259
v,-37.989715576171875, 21.924633026123047, 3.9788193702697754
v,-37.989715576171875, 21.259357452392578, 3.9788193702697754
v,-37.989715576171875, 21.924633026123047, 4.285090923309326
v,-41.42006301879883, 22.589908599853516, 4.285090923309326
v,-37.989715576171875, 22.589908599853516, 4.285090923309326
v,-41.42006301879883, 22.589908599853516, 4.285090923309326
v,-41.42006301879883, 21.924633026123047, 4.455242156982422
v,-41.42006301879883, 22.589908599853516, 4.455242156982422
v,-41.42006301879883, 21.924633026123047, 4.285090923309326
v,-37.989715576171875, 21.924633026123047, 4.455242156982422
v,-41.42006301879883, 21.924633026123047, 4.455242156982422
v,-41.42006301879883, 22.589908599853516, 4.455242156982422
v,-37.989715576171875, 21.924633026123047, 4.455242156982422
v,-37.989715576171875, 22.589908599853516, 4.455242156982422
v,-37.989715576171875, 22.589908599853516, 4.285090923309326
v,-41.42006301879883, 22.589908599853516, 4.455242156982422
v,-37.989715576171875, 22.589908599853516, 4.455242156982422
v,-37.989715576171875, 21.924633026123047, 4.285090923309326
v,-37.989715576171875, 22.589908599853516, 4.455242156982422
v,-37.989715576171875, 21.924633026123047, 4.455242156982422
v,-37.989715576171875, 22.589908599853516, 4.761513710021973
v,-41.42006301879883, 23.255184173583984, 4.761513710021973
v,-37.989715576171875, 23.255184173583984, 4.761513710021973
v,-41.42006301879883, 23.255184173583984, 4.761513710021973
v,-41.42006301879883, 22.589908599853516, 4.931664943695068
v,-41.42006301879883, 23.255184173583984, 4.931664943695068
v,-41.42006301879883, 22.589908599853516, 4.761513710021973
v,-37.989715576171875, 22.589908599853516, 4.931664943695068
v,-41.42006301879883, 22.589908599853516, 4.931664943695068
v,-41.42006301879883, 23.255184173583984, 4.931664943695068
v,-37.989715576171875, 22.589908599853516, 4.931664943695068
v,-37.989715576171875, 23.255184173583984, 4.931664943695068
v,-37.989715576171875, 23.255184173583984, 4.761513710021973
v,-41.42006301879883, 23.255184173583984, 4.931664943695068
v,-37.989715576171875, 23.255184173583984, 4.931664943695068
v,-37.989715576171875, 22.589908599853516, 4.761513710021973
v,-37.989715576171875, 23.255184173583984, 4.931664943695068
v,-37.989715576171875, 22.589908599853516, 4.931664943695068
v,-37.989715576171875, 23.255184173583984, 5.237936496734619
v,-41.42006301879883, 23.920459747314453, 5.237936496734619
v,-37.989715576171875, 23.920459747314453, 5.237936496734619
v,-41.42006301879883, 23.920459747314453, 5.237936496734619
v,-41.42006301879883, 23.255184173583984, 5.408087253570557
v,-41.42006301879883, 23.920459747314453, 5.408087253570557
v,-41.42006301879883, 23.255184173583984, 5.237936496734619
v,-37.989715576171875, 23.255184173583984, 5.408087253570557
v,-41.42006301879883, 23.255184173583984, 5.408087253570557
v,-41.42006301879883, 23.920459747314453, 5.408087253570557
v,-37.989715576171875, 23.255184173583984, 5.408087253570557
v,-37.989715576171875, 23.920459747314453, 5.408087253570557
v,-37.989715576171875, 23.920459747314453, 5.237936496734619
v,-41.42006301879883, 23.920459747314453, 5.408087253570557
v,-37.989715576171875, 23.920459747314453, 5.408087253570557
v,-37.989715576171875, 23.255184173583984, 5.237936496734619
v,-37.989715576171875, 23.920459747314453, 5.408087253570557
v,-37.989715576171875, 23.255184173583984, 5.408087253570557
v,-37.989715576171875, 23.920459747314453, 5.714359283447266
v,-41.42006301879883, 24.585735321044922, 5.714359283447266
v,-37.989715576171875, 24.585735321044922, 5.714359283447266
v,-41.42006301879883, 24.585735321044922, 5.714359283447266
v,-41.42007064819336, 23.920503616333008, 5.8845109939575195
v,-41.42006301879883, 24.585735321044922, 5.884510517120361
v,-41.42006301879883, 23.920459747314453, 5.714359283447266
v,-37.989715576171875, 23.920459747314453, 5.884510517120361
v,-41.42007064819336, 23.920503616333008, 5.8845109939575195
v,-41.42006301879883, 24.585735321044922, 5.884510517120361
v,-37.989715576171875, 23.920459747314453, 5.884510517120361
v,-37.989715576171875, 24.585735321044922, 5.884510517120361
v,-37.989715576171875, 24.585735321044922, 5.714359283447266
v,-41.42006301879883, 24.585735321044922, 5.884510517120361
v,-37.989715576171875, 24.585735321044922, 5.884510517120361
v,-37.989715576171875, 23.920459747314453, 5.714359283447266
v,-37.989715576171875, 24.585735321044922, 5.884510517120361
v,-37.989715576171875, 23.920459747314453, 5.884510517120361
v,-25.798873901367188, -30.800912857055664, -0.002713903784751892
v,-29.229225158691406, -30.13563346862793, -0.002713903784751892
v,-25.798873901367188, -30.13563346862793, -0.002713903784751892
v,-29.229225158691406, -30.13563346862793, -0.002713903784751892
v,-29.229225158691406, -30.800912857055664, 0.1674371063709259
v,-29.229225158691406, -30.13563346862793, 0.1674371063709259
v,-29.229225158691406, -30.800912857055664, -0.002713903784751892
v,-25.798873901367188, -30.800912857055664, 0.1674371063709259
v,-29.229225158691406, -30.800912857055664, 0.1674371063709259
v,-29.229225158691406, -30.13563346862793, 0.1674371063709259
v,-25.798873901367188, -30.800912857055664, 0.1674371063709259
v,-25.798873901367188, -30.13563346862793, 0.1674371063709259
v,-25.798873901367188, -30.13563346862793, -0.002713903784751892
v,-29.229225158691406, -30.13563346862793, 0.1674371063709259
v,-25.798873901367188, -30.13563346862793, 0.1674371063709259
v,-25.798873901367188, -30.800912857055664, -0.002713903784751892
v,-25.798873901367188, -30.13563346862793, 0.1674371063709259
v,-25.798873901367188, -30.800912857055664, 0.1674371063709259
v,-25.798873901367188, -30.13563346862793, 0.4737088680267334
v,-29.229225158691406, -29.470361709594727, 0.4737088680267334
v,-25.798873901367188, -29.470361709594727, 0.4737088680267334
v,-29.229225158691406, -29.470361709594727, 0.4737088680267334
v,-29.229225158691406, -30.13563346862793, 0.6438599228858948
v,-29.229225158691406, -29.470361709594727, 0.6438599228858948
v,-29.229225158691406, -30.13563346862793, 0.4737088680267334
v,-25.798873901367188, -30.13563346862793, 0.6438599228858948
v,-29.229225158691406, -30.13563346862793, 0.6438599228858948
v,-29.229225158691406, -29.470361709594727, 0.6438599228858948
v,-25.798873901367188, -30.13563346862793, 0.6438599228858948
v,-25.798873901367188, -29.470361709594727, 0.6438599228858948
v,-25.798873901367188, -29.470361709594727, 0.4737088680267334
v,-29.229225158691406, -29.470361709594727, 0.6438599228858948
v,-25.798873901367188, -29.470361709594727, 0.6438599228858948
v,-25.798873901367188, -30.13563346862793, 0.4737088680267334
v,-25.798873901367188, -29.470361709594727, 0.6438599228858948
v,-25.798873901367188, -30.13563346862793, 0.6438599228858948
v,-25.798873901367188, -29.470361709594727, 0.9501316547393799
v,-29.229225158691406, -28.805086135864258, 0.9501316547393799
v,-25.798873901367188, -28.805086135864258, 0.9501316547393799
v,-29.229225158691406, -28.805086135864258, 0.9501316547393799
v,-29.229225158691406, -29.470361709594727, 1.1202826499938965
v,-29.229225158691406, -28.805086135864258, 1.1202826499938965
v,-29.229225158691406, -29.470361709594727, 0.9501316547393799
v,-25.798873901367188, -29.470361709594727, 1.1202826499938965
v,-29.229225158691406, -29.470361709594727, 1.1202826499938965
v,-29.229225158691406, -28.805086135864258, 1.1202826499938965
v,-25.798873901367188, -29.470361709594727, 1.1202826499938965
v,-25.798873901367188, -28.805086135864258, 1.1202826499938965
v,-25.798873901367188, -28.805086135864258, 0.9501316547393799
v,-29.229225158691406, -28.805086135864258, 1.1202826499938965
v,-25.798873901367188, -28.805086135864258, 1.1202826499938965
v,-25.798873901367188, -29.470361709594727, 0.9501316547393799
v,-25.798873901367188, -28.805086135864258, 1.1202826499938965
v,-25.798873901367188, -29.470361709594727, 1.1202826499938965
v,-25.798873901367188, -28.805086135864258, 1.4265544414520264
v,-29.229225158691406, -28.13981056213379, 1.4265544414520264
v,-25.798873901367188, -28.13981056213379, 1.4265544414520264
v,-29.229225158691406, -28.13981056213379, 1.4265544414520264
v,-29.229225158691406, -28.805086135864258, 1.596705436706543
v,-29.229225158691406, -28.13981056213379, 1.596705436706543
v,-29.229225158691406, -28.805086135864258, 1.4265544414520264
v,-25.798873901367188, -28.805086135864258, 1.596705436706543
v,-29.229225158691406, -28.805086135864258, 1.596705436706543
v,-29.229225158691406, -28.13981056213379, 1.596705436706543
v,-25.798873901367188, -28.805086135864258, 1.596705436706543
v,-25.798873901367188, -28.13981056213379, 1.596705436706543
v,-25.798873901367188, -28.13981056213379, 1.4265544414520264
v,-29.229225158691406, -28.13981056213379, 1.596705436706543
v,-25.798873901367188, -28.13981056213379, 1.596705436706543
v,-25.798873901367188, -28.805086135864258, 1.4265544414520264
v,-25.798873901367188, -28.13981056213379, 1.596705436706543
v,-25.798873901367188, -28.805086135864258, 1.596705436706543
v,-25.798873901367188, -28.13981056213379, 1.9029772281646729
v,-29.229225158691406, -27.47453498840332, 1.9029772281646729
v,-25.798873901367188, -27.47453498840332, 1.9029772281646729
v,-29.229225158691406, -27.47453498840332, 1.9029772281646729
v,-29.229225158691406, -28.13981056213379, 2.0731282234191895
v,-29.229225158691406, -27.47453498840332, 2.0731282234191895
v,-29.229225158691406, -28.13981056213379, 1.9029772281646729
v,-25.798873901367188, -28.13981056213379, 2.0731282234191895
v,-29.229225158691406, -28.13981056213379, 2.0731282234191895
v,-29.229225158691406, -27.47453498840332, 2.0731282234191895
v,-25.798873901367188, -28.13981056213379, 2.0731282234191895
v,-25.798873901367188, -27.47453498840332, 2.0731282234191895
v,-25.798873901367188, -27.47453498840332, 1.9029772281646729
v,-29.229225158691406, -27.47453498840332, 2.0731282234191895
v,-25.798873901367188, -27.47453498840332, 2.0731282234191895
v,-25.798873901367188, -28.13981056213379, 1.9029772281646729
v,-25.798873901367188, -27.47453498840332, 2.0731282234191895
v,-25.798873901367188, -28.13981056213379, 2.0731282234191895
v,-25.798873901367188, -27.47453498840332, 2.3794000148773193
v,-29.229225158691406, -26.80925941467285, 2.3794000148773193
v,-25.798873901367188, -26.80925941467285, 2.3794000148773193
v,-29.229225158691406, -26.80925941467285, 2.3794000148773193
v,-29.229225158691406, -27.47453498840332, 2.549551010131836
v,-29.229225158691406, -26.80925941467285, 2.549551010131836
v,-29.229225158691406, -27.47453498840332, 2.3794000148773193
v,-25.798873901367188, -27.47453498840332, 2.549551010131836
v,-29.229225158691406, -27.47453498840332, 2.549551010131836
v,-29.229225158691406, -26.80925941467285, 2.549551010131836
v,-25.798873901367188, -27.47453498840332, 2.549551010131836
v,-25.798873901367188, -26.80925941467285, 2.549551010131836
v,-25.798873901367188, -26.80925941467285, 2.3794000148773193
v,-29.229225158691406, -26.80925941467285, 2.549551010131836
v,-25.798873901367188, -26.80925941467285, 2.549551010131836
v,-25.798873901367188, -27.47453498840332, 2.3794000148773193
v,-25.798873901367188, -26.80925941467285, 2.549551010131836
v,-25.798873901367188, -27.47453498840332, 2.549551010131836
v,-25.798873901367188, -26.80925941467285, 2.855822801589966
v,-29.229225158691406, -26.143983840942383, 2.855822801589966
v,-25.798873901367188, -26.143983840942383, 2.855822801589966
v,-29.229225158691406, -26.143983840942383, 2.855822801589966
v,-29.229225158691406, -26.80925941467285, 3.0259737968444824
v,-29.229225158691406, -26.143983840942383, 3.0259737968444824
v,-29.229225158691406, -26.80925941467285, 2.855822801589966
v,-25.798873901367188, -26.80925941467285, 3.0259737968444824
v,-29.229225158691406, -26.80925941467285, 3.0259737968444824
v,-29.229225158691406, -26.143983840942383, 3.0259737968444824
v,-25.798873901367188, -26.80925941467285, 3.0259737968444824
v,-25.798873901367188, -26.143983840942383, 3.0259737968444824
v,-25.798873901367188, -26.143983840942383, 2.855822801589966
v,-29.229225158691406, -26.143983840942383, 3.0259737968444824
v,-25.798873901367188, -26.143983840942383, 3.0259737968444824
v,-25.798873901367188, -26.80925941467285, 2.855822801589966
v,-25.798873901367188, -26.143983840942383, 3.0259737968444824
v,-25.798873901367188, -26.80925941467285, 3.0259737968444824
v,-25.798873901367188, -26.143983840942383, 3.3322455883026123
v,-29.229225158691406, -25.478708267211914, 3.3322455883026123
v,-25.798873901367188, -25.478708267211914, 3.3322455883026123
v,-29.229225158691406, -25.478708267211914, 3.3322455883026123
v,-29.229225158691406, -26.143983840942383, 3.502396583557129
v,-29.229225158691406, -25.478708267211914, 3.502396583557129
v,-29.229225158691406, -26.143983840942383, 3.3322455883026123
v,-25.798873901367188, -26.143983840942383, 3.502396583557129
v,-29.229225158691406, -26.143983840942383, 3.502396583557129
v,-29.229225158691406, -25.478708267211914, 3.502396583557129
v,-25.798873901367188, -26.143983840942383, 3.502396583557129
v,-25.798873901367188, -25.478708267211914, 3.502396583557129
v,-25.798873901367188, -25.478708267211914, 3.3322455883026123
v,-29.229225158691406, -25.478708267211914, 3.502396583557129
v,-25.798873901367188, -25.478708267211914, 3.502396583557129
v,-25.798873901367188, -26.143983840942383, 3.3322455883026123
v,-25.798873901367188, -25.478708267211914, 3.502396583557129
v,-25.798873901367188, -26.143983840942383, 3.502396583557129
v,-25.798873901367188, -25.478708267211914, 3.808668375015259
v,-29.229225158691406, -24.813432693481445, 3.808668375015259
v,-25.798873901367188, -24.813432693481445, 3.808668375015259
v,-29.229225158691406, -24.813432693481445, 3.808668375015259
v,-29.229225158691406, -25.478708267211914, 3.9788193702697754
v,-29.229225158691406, -24.813432693481445, 3.9788193702697754
v,-29.229225158691406, -25.478708267211914, 3.808668375015259
v,-25.798873901367188, -25.478708267211914, 3.9788193702697754
v,-29.229225158691406, -25.478708267211914, 3.9788193702697754
v,-29.229225158691406, -24.813432693481445, 3.9788193702697754
v,-25.798873901367188, -25.478708267211914, 3.9788193702697754
v,-25.798873901367188, -24.813432693481445, 3.9788193702697754
v,-25.798873901367188, -24.813432693481445, 3.808668375015259
v,-29.229225158691406, -24.813432693481445, 3.9788193702697754
v,-25.798873901367188, -24.813432693481445, 3.9788193702697754
v,-25.798873901367188, -25.478708267211914, 3.808668375015259
v,-25.798873901367188, -24.813432693481445, 3.9788193702697754
v,-25.798873901367188, -25.478708267211914, 3.9788193702697754
v,-25.798873901367188, -24.813432693481445, 4.285090923309326
v,-29.229225158691406, -24.148157119750977, 4.285090923309326
v,-25.798873901367188, -24.148157119750977, 4.285090923309326
v,-29.229225158691406, -24.148157119750977, 4.285090923309326
v,-29.229225158691406, -24.813432693481445, 4.455242156982422
v,-29.229225158691406, -24.148157119750977, 4.455242156982422
v,-29.229225158691406, -24.813432693481445, 4.285090923309326
v,-25.798873901367188, -24.813432693481445, 4.455242156982422
v,-29.229225158691406, -24.813432693481445, 4.455242156982422
v,-29.229225158691406, -24.148157119750977, 4.455242156982422
v,-25.798873901367188, -24.813432693481445, 4.455242156982422
v,-25.798873901367188, -24.148157119750977, 4.455242156982422
v,-25.798873901367188, -24.148157119750977, 4.285090923309326
v,-29.229225158691406, -24.148157119750977, 4.455242156982422
v,-25.798873901367188, -24.148157119750977, 4.455242156982422
v,-25.798873901367188, -24.813432693481445, 4.285090923309326
v,-25.798873901367188, -24.148157119750977, 4.455242156982422
v,-25.798873901367188, -24.813432693481445, 4.455242156982422
v,-25.798873901367188, -24.148157119750977, 4.761513710021973
v,-29.229225158691406, -23.482881546020508, 4.761513710021973
v,-25.798873901367188, -23.482881546020508, 4.761513710021973
v,-29.229225158691406, -23.482881546020508, 4.761513710021973
v,-29.229225158691406, -24.148157119750977, 4.931664943695068
v,-29.229225158691406, -23.482881546020508, 4.931664943695068
v,-29.229225158691406, -24.148157119750977, 4.761513710021973
v,-25.798873901367188, -24.148157119750977, 4.931664943695068
v,-29.229225158691406, -24.148157119750977, 4.931664943695068
v,-29.229225158691406, -23.482881546020508, 4.931664943695068
v,-25.798873901367188, -24.148157119750977, 4.931664943695068
v,-25.798873901367188, -23.482881546020508, 4.931664943695068
v,-25.798873901367188, -23.482881546020508, 4.761513710021973
v,-29.229225158691406, -23.482881546020508, 4.931664943695068
v,-25.798873901367188, -23.482881546020508, 4.931664943695068
v,-25.798873901367188, -24.148157119750977, 4.761513710021973
v,-25.798873901367188, -23.482881546020508, 4.931664943695068
v,-25.798873901367188, -24.148157119750977, 4.931664943695068
v,-25.798873901367188, -23.482881546020508, 5.237936496734619
v,-29.229225158691406, -22.81760597229004, 5.237936496734619
v,-25.798873901367188, -22.81760597229004, 5.237936496734619
v,-29.229225158691406, -22.81760597229004, 5.237936496734619
v,-29.229225158691406, -23.482881546020508, 5.408087253570557
v,-29.229225158691406, -22.81760597229004, 5.408087253570557
v,-29.229225158691406, -23.482881546020508, 5.237936496734619
v,-25.798873901367188, -23.482881546020508, 5.408087253570557
v,-29.229225158691406, -23.482881546020508, 5.408087253570557
v,-29.229225158691406, -22.81760597229004, 5.408087253570557
v,-25.798873901367188, -23.482881546020508, 5.408087253570557
v,-25.798873901367188, -22.81760597229004, 5.408087253570557
v,-25.798873901367188, -22.81760597229004, 5.237936496734619
v,-29.229225158691406, -22.81760597229004, 5.408087253570557
v,-25.798873901367188, -22.81760597229004, 5.408087253570557
v,-25.798873901367188, -23.482881546020508, 5.237936496734619
v,-25.798873901367188, -22.81760597229004, 5.408087253570557
v,-25.798873901367188, -23.482881546020508, 5.408087253570557
v,-25.798873901367188, -22.81760597229004, 5.714359283447266
v,-29.229225158691406, -22.15233039855957, 5.714359283447266
v,-25.798873901367188, -22.15233039855957, 5.714359283447266
v,-29.229225158691406, -22.15233039855957, 5.714359283447266
v,-29.229225158691406, -22.81760597229004, 5.884510517120361
v,-29.229225158691406, -22.15233039855957, 5.884510517120361
v,-29.229225158691406, -22.81760597229004, 5.714359283447266
v,-25.798873901367188, -22.81760597229004, 5.884510517120361
v,-29.229225158691406, -22.81760597229004, 5.884510517120361
v,-29.229225158691406, -22.15233039855957, 5.884510517120361
v,-25.798873901367188, -22.81760597229004, 5.884510517120361
v,-25.798873901367188, -22.15233039855957, 5.884510517120361
v,-25.798873901367188, -22.15233039855957, 5.714359283447266
v,-29.229225158691406, -22.15233039855957, 5.884510517120361
v,-25.798873901367188, -22.15233039855957, 5.884510517120361
v,-25.798873901367188, -22.81760597229004, 5.714359283447266
v,-25.798873901367188, -22.15233039855957, 5.884510517120361
v,-25.798873901367188, -22.81760597229004, 5.884510517120361
v,8.901869773864746, -30.8009090423584, -0.002713903784751892
v,5.471515655517578, -30.135629653930664, -0.002713903784751892
v,8.901869773864746, -30.135629653930664, -0.002713903784751892
v,5.471515655517578, -30.135629653930664, -0.002713903784751892
v,5.471518039703369, -30.8009090423584, 0.1674371063709259
v,5.471515655517578, -30.135629653930664, 0.1674371063709259
v,5.471516132354736, -30.8009090423584, -0.002713903784751892
v,8.901857376098633, -30.800901412963867, 0.16743700206279755
v,5.471518039703369, -30.8009090423584, 0.1674371063709259
v,5.471515655517578, -30.135629653930664, 0.1674371063709259
v,8.901857376098633, -30.800901412963867, 0.16743700206279755
v,8.901869773864746, -30.135629653930664, 0.1674371063709259
v,8.901869773864746, -30.135629653930664, -0.002713903784751892
v,5.471515655517578, -30.135629653930664, 0.1674371063709259
v,8.901869773864746, -30.135629653930664, 0.1674371063709259
v,8.901869773864746, -30.8009090423584, -0.002713903784751892
v,8.901869773864746, -30.135629653930664, 0.1674371063709259
v,8.901857376098633, -30.800901412963867, 0.16743700206279755
v,8.901869773864746, -30.135629653930664, 0.4737088680267334
v,5.471515655517578, -29.47035789489746, 0.4737088680267334
v,8.901869773864746, -29.47035789489746, 0.4737088680267334
v,5.471515655517578, -29.47035789489746, 0.4737088680267334
v,5.471515655517578, -30.135629653930664, 0.6438599228858948
v,5.471515655517578, -29.47035789489746, 0.6438599228858948
v,5.471515655517578, -30.135629653930664, 0.4737088680267334
v,8.901869773864746, -30.135629653930664, 0.6438599228858948
v,5.471515655517578, -30.135629653930664, 0.6438599228858948
v,5.471515655517578, -29.47035789489746, 0.6438599228858948
v,8.901869773864746, -30.135629653930664, 0.6438599228858948
v,8.901869773864746, -29.47035789489746, 0.6438599228858948
v,8.901869773864746, -29.47035789489746, 0.4737088680267334
v,5.471515655517578, -29.47035789489746, 0.6438599228858948
v,8.901869773864746, -29.47035789489746, 0.6438599228858948
v,8.901869773864746, -30.135629653930664, 0.4737088680267334
v,8.901869773864746, -29.47035789489746, 0.6438599228858948
v,8.901869773864746, -30.135629653930664, 0.6438599228858948
v,8.901869773864746, -29.47035789489746, 0.9501316547393799
v,5.471515655517578, -28.805082321166992, 0.9501316547393799
v,8.901869773864746, -28.805082321166992, 0.9501316547393799
v,5.471515655517578, -28.805082321166992, 0.9501316547393799
v,5.471515655517578, -29.47035789489746, 1.1202826499938965
v,5.471515655517578, -28.805082321166992, 1.1202826499938965
v,5.471515655517578, -29.47035789489746, 0.9501316547393799
v,8.901869773864746, -29.47035789489746, 1.1202826499938965
v,5.471515655517578, -29.47035789489746, 1.1202826499938965
v,5.471515655517578, -28.805082321166992, 1.1202826499938965
v,8.901869773864746, -29.47035789489746, 1.1202826499938965
v,8.901869773864746, -28.805082321166992, 1.1202826499938965
v,8.901869773864746, -28.805082321166992, 0.9501316547393799
v,5.471515655517578, -28.805082321166992, 1.1202826499938965
v,8.901869773864746, -28.805082321166992, 1.1202826499938965
v,8.901869773864746, -29.47035789489746, 0.9501316547393799
v,8.901869773864746, -28.805082321166992, 1.1202826499938965
v,8.901869773864746, -29.47035789489746, 1.1202826499938965
v,8.901869773864746, -28.805082321166992, 1.4265544414520264
v,5.471515655517578, -28.139806747436523, 1.4265544414520264
v,8.901869773864746, -28.139806747436523, 1.4265544414520264
v,5.471515655517578, -28.139806747436523, 1.4265544414520264
v,5.471515655517578, -28.805082321166992, 1.596705436706543
v,5.471515655517578, -28.139806747436523, 1.596705436706543
v,5.471515655517578, -28.805082321166992, 1.4265544414520264
v,8.901869773864746, -28.805082321166992, 1.596705436706543
v,5.471515655517578, -28.805082321166992, 1.596705436706543
v,5.471515655517578, -28.139806747436523, 1.596705436706543
v,8.901869773864746, -28.805082321166992, 1.596705436706543
v,8.901869773864746, -28.139806747436523, 1.596705436706543
v,8.901869773864746, -28.139806747436523, 1.4265544414520264
v,5.471515655517578, -28.139806747436523, 1.596705436706543
v,8.901869773864746, -28.139806747436523, 1.596705436706543
v,8.901869773864746, -28.805082321166992, 1.4265544414520264
v,8.901869773864746, -28.139806747436523, 1.596705436706543
v,8.901869773864746, -28.805082321166992, 1.596705436706543
v,8.901869773864746, -28.139806747436523, 1.9029772281646729
v,5.471515655517578, -27.474531173706055, 1.9029772281646729
v,8.901869773864746, -27.474531173706055, 1.9029772281646729
v,5.471515655517578, -27.474531173706055, 1.9029772281646729
v,5.471515655517578, -28.139806747436523, 2.0731282234191895
v,5.471515655517578, -27.474531173706055, 2.0731282234191895
v,5.471515655517578, -28.139806747436523, 1.9029772281646729
v,8.901869773864746, -28.139806747436523, 2.0731282234191895
v,5.471515655517578, -28.139806747436523, 2.0731282234191895
v,5.471515655517578, -27.474531173706055, 2.0731282234191895
v,8.901869773864746, -28.139806747436523, 2.0731282234191895
v,8.901869773864746, -27.474531173706055, 2.0731282234191895
v,8.901869773864746, -27.474531173706055, 1.9029772281646729
v,5.471515655517578, -27.474531173706055, 2.0731282234191895
v,8.901869773864746, -27.474531173706055, 2.0731282234191895
v,8.901869773864746, -28.139806747436523, 1.9029772281646729
v,8.901869773864746, -27.474531173706055, 2.0731282234191895
v,8.901869773864746, -28.139806747436523, 2.0731282234191895
v,8.901869773864746, -27.474531173706055, 2.3794000148773193
v,5.471515655517578, -26.809255599975586, 2.3794000148773193
v,8.901869773864746, -26.809255599975586, 2.3794000148773193
v,5.471515655517578, -26.809255599975586, 2.3794000148773193
v,5.471515655517578, -27.474531173706055, 2.549551010131836
v,5.471515655517578, -26.809255599975586, 2.549551010131836
v,5.471515655517578, -27.474531173706055, 2.3794000148773193
v,8.901869773864746, -27.474531173706055, 2.549551010131836
v,5.471515655517578, -27.474531173706055, 2.549551010131836
v,5.471515655517578, -26.809255599975586, 2.549551010131836
v,8.901869773864746, -27.474531173706055, 2.549551010131836
v,8.901869773864746, -26.809255599975586, 2.549551010131836
v,8.901869773864746, -26.809255599975586, 2.3794000148773193
v,5.471515655517578, -26.809255599975586, 2.549551010131836
v,8.901869773864746, -26.809255599975586, 2.549551010131836
v,8.901869773864746, -27.474531173706055, 2.3794000148773193
v,8.901869773864746, -26.809255599975586, 2.549551010131836
v,8.901869773864746, -27.474531173706055, 2.549551010131836
v,8.901869773864746, -26.809255599975586, 2.855822801589966
v,5.471515655517578, -26.143980026245117, 2.855822801589966
v,8.901869773864746, -26.143980026245117, 2.855822801589966
v,5.471515655517578, -26.143980026245117, 2.855822801589966
v,5.471515655517578, -26.809255599975586, 3.0259737968444824
v,5.471515655517578, -26.143980026245117, 3.0259737968444824
v,5.471515655517578, -26.809255599975586, 2.855822801589966
v,8.901869773864746, -26.809255599975586, 3.0259737968444824
v,5.471515655517578, -26.809255599975586, 3.0259737968444824
v,5.471515655517578, -26.143980026245117, 3.0259737968444824
v,8.901869773864746, -26.809255599975586, 3.0259737968444824
v,8.901869773864746, -26.143980026245117, 3.0259737968444824
v,8.901869773864746, -26.143980026245117, 2.855822801589966
v,5.471515655517578, -26.143980026245117, 3.0259737968444824
v,8.901869773864746, -26.143980026245117, 3.0259737968444824
v,8.901869773864746, -26.809255599975586, 2.855822801589966
v,8.901869773864746, -26.143980026245117, 3.0259737968444824
v,8.901869773864746, -26.809255599975586, 3.0259737968444824
v,8.901869773864746, -26.143980026245117, 3.3322455883026123
v,5.471515655517578, -25.47870445251465, 3.3322455883026123
v,8.901869773864746, -25.47870445251465, 3.3322455883026123
v,5.471515655517578, -25.47870445251465, 3.3322455883026123
v,5.471515655517578, -26.143980026245117, 3.502396583557129
v,5.471515655517578, -25.47870445251465, 3.502396583557129
v,5.471515655517578, -26.143980026245117, 3.3322455883026123
v,8.901869773864746, -26.143980026245117, 3.502396583557129
v,5.471515655517578, -26.143980026245117, 3.502396583557129
v,5.471515655517578, -25.47870445251465, 3.502396583557129
v,8.901869773864746, -26.143980026245117, 3.502396583557129
v,8.901869773864746, -25.47870445251465, 3.502396583557129
v,8.901869773864746, -25.47870445251465, 3.3322455883026123
v,5.471515655517578, -25.47870445251465, 3.502396583557129
v,8.901869773864746, -25.47870445251465, 3.502396583557129
v,8.901869773864746, -26.143980026245117, 3.3322455883026123
v,8.901869773864746, -25.47870445251465, 3.502396583557129
v,8.901869773864746, -26.143980026245117, 3.502396583557129
v,8.901869773864746, -25.47870445251465, 3.808668375015259
v,5.47151517868042, -24.81342887878418, 3.808668375015259
v,8.901869773864746, -24.81342887878418, 3.808668375015259
v,5.47151517868042, -24.81342887878418, 3.808668375015259
v,5.471515655517578, -25.47870445251465, 3.9788193702697754
v,5.47151517868042, -24.81342887878418, 3.9788193702697754
v,5.471515655517578, -25.47870445251465, 3.808668375015259
v,8.901869773864746, -25.47870445251465, 3.9788193702697754
v,5.471515655517578, -25.47870445251465, 3.9788193702697754
v,5.47151517868042, -24.81342887878418, 3.9788193702697754
v,8.901869773864746, -25.47870445251465, 3.9788193702697754
v,8.901869773864746, -24.81342887878418, 3.9788193702697754
v,8.901869773864746, -24.81342887878418, 3.808668375015259
v,5.47151517868042, -24.81342887878418, 3.9788193702697754
v,8.901869773864746, -24.81342887878418, 3.9788193702697754
v,8.901869773864746, -25.47870445251465, 3.808668375015259
v,8.901869773864746, -24.81342887878418, 3.9788193702697754
v,8.901869773864746, -25.47870445251465, 3.9788193702697754
v,8.901869773864746, -24.81342887878418, 4.285090923309326
v,5.47151517868042, -24.14815330505371, 4.285090923309326
v,8.901869773864746, -24.14815330505371, 4.285090923309326
v,5.47151517868042, -24.14815330505371, 4.285090923309326
v,5.47151517868042, -24.81342887878418, 4.455242156982422
v,5.47151517868042, -24.14815330505371, 4.455242156982422
v,5.47151517868042, -24.81342887878418, 4.285090923309326
v,8.901869773864746, -24.81342887878418, 4.455242156982422
v,5.47151517868042, -24.81342887878418, 4.455242156982422
v,5.47151517868042, -24.14815330505371, 4.455242156982422
v,8.901869773864746, -24.81342887878418, 4.455242156982422
v,8.901869773864746, -24.14815330505371, 4.455242156982422
v,8.901869773864746, -24.14815330505371, 4.285090923309326
v,5.47151517868042, -24.14815330505371, 4.455242156982422
v,8.901869773864746, -24.14815330505371, 4.455242156982422
v,8.901869773864746, -24.81342887878418, 4.285090923309326
v,8.901869773864746, -24.14815330505371, 4.455242156982422
v,8.901869773864746, -24.81342887878418, 4.455242156982422
v,8.901869773864746, -24.14815330505371, 4.761513710021973
v,5.47151517868042, -23.482877731323242, 4.761513710021973
v,8.901869773864746, -23.482877731323242, 4.761513710021973
v,5.47151517868042, -23.482877731323242, 4.761513710021973
v,5.47151517868042, -24.14815330505371, 4.931664943695068
v,5.47151517868042, -23.482877731323242, 4.931664943695068
v,5.47151517868042, -24.14815330505371, 4.761513710021973
v,8.901869773864746, -24.14815330505371, 4.931664943695068
v,5.47151517868042, -24.14815330505371, 4.931664943695068
v,5.47151517868042, -23.482877731323242, 4.931664943695068
v,8.901869773864746, -24.14815330505371, 4.931664943695068
v,8.901869773864746, -23.482877731323242, 4.931664943695068
v,8.901869773864746, -23.482877731323242, 4.761513710021973
v,5.47151517868042, -23.482877731323242, 4.931664943695068
v,8.901869773864746, -23.482877731323242, 4.931664943695068
v,8.901869773864746, -24.14815330505371, 4.761513710021973
v,8.901869773864746, -23.482877731323242, 4.931664943695068
v,8.901869773864746, -24.14815330505371, 4.931664943695068
v,8.901869773864746, -23.482877731323242, 5.237936496734619
v,5.47151517868042, -22.817602157592773, 5.237936496734619
v,8.901869773864746, -22.817602157592773, 5.237936496734619
v,5.47151517868042, -22.817602157592773, 5.237936496734619
v,5.47151517868042, -23.482877731323242, 5.408087253570557
v,5.47151517868042, -22.817602157592773, 5.408087253570557
v,5.47151517868042, -23.482877731323242, 5.237936496734619
v,8.901869773864746, -23.482877731323242, 5.408087253570557
v,5.47151517868042, -23.482877731323242, 5.408087253570557
v,5.47151517868042, -22.817602157592773, 5.408087253570557
v,8.901869773864746, -23.482877731323242, 5.408087253570557
v,8.901869773864746, -22.817602157592773, 5.408087253570557
v,8.901869773864746, -22.817602157592773, 5.237936496734619
v,5.47151517868042, -22.817602157592773, 5.408087253570557
v,8.901869773864746, -22.817602157592773, 5.408087253570557
v,8.901869773864746, -23.482877731323242, 5.237936496734619
v,8.901869773864746, -22.817602157592773, 5.408087253570557
v,8.901869773864746, -23.482877731323242, 5.408087253570557
v,8.901869773864746, -22.817602157592773, 5.714359283447266
v,5.47151517868042, -22.152326583862305, 5.714359283447266
v,8.90186882019043, -22.152326583862305, 5.714359283447266
v,5.47151517868042, -22.152326583862305, 5.714359283447266
v,5.471517086029053, -22.817598342895508, 5.8845109939575195
v,5.47151517868042, -22.152326583862305, 5.884510517120361
v,5.47151517868042, -22.817602157592773, 5.714359283447266
v,8.901869773864746, -22.817598342895508, 5.8845109939575195
v,5.471517086029053, -22.817598342895508, 5.8845109939575195
v,5.47151517868042, -22.152326583862305, 5.884510517120361
v,8.901869773864746, -22.817598342895508, 5.8845109939575195
v,8.90186882019043, -22.152326583862305, 5.884510517120361
v,8.90186882019043, -22.152326583862305, 5.714359283447266
v,5.47151517868042, -22.152326583862305, 5.884510517120361
v,8.90186882019043, -22.152326583862305, 5.884510517120361
v,8.901869773864746, -22.817602157592773, 5.714359283447266
v,8.90186882019043, -22.152326583862305, 5.884510517120361
v,8.901869773864746, -22.817598342895508, 5.8845109939575195
v,24.989784240722656, 15.244597434997559, -0.002713903784751892
v,21.559429168701172, 15.244597434997559, -0.002713903784751892
v,21.559429168701172, 15.909873008728027, -0.002713903784751892
v,21.559429168701172, 15.909873008728027, -0.002713903784751892
v,21.559429168701172, 15.244597434997559, -0.002713903784751892
v,21.559429168701172, 15.24460220336914, 0.1674371063709259
v,21.559429168701172, 15.244597434997559, -0.002713903784751892
v,24.989784240722656, 15.244597434997559, -0.002713903784751892
v,24.989784240722656, 15.244597434997559, 0.1674371063709259
v,21.559429168701172, 15.909873008728027, 0.1674371063709259
v,21.559429168701172, 15.24460220336914, 0.1674371063709259
v,24.989784240722656, 15.244597434997559, 0.1674371063709259
v,24.989784240722656, 15.909873008728027, -0.002713903784751892
v,21.559429168701172, 15.909873008728027, -0.002713903784751892
v,21.559429168701172, 15.909873008728027, 0.1674371063709259
v,24.989784240722656, 15.244597434997559, -0.002713903784751892
v,24.989784240722656, 15.909873008728027, -0.002713903784751892
v,24.989784240722656, 15.909873008728027, 0.1674371063709259
v,24.989784240722656, 15.909873008728027, 0.4737088680267334
v,21.559429168701172, 15.909873008728027, 0.4737088680267334
v,21.559429168701172, 16.57514762878418, 0.4737088680267334
v,21.559429168701172, 16.57514762878418, 0.4737088680267334
v,21.559429168701172, 15.909873008728027, 0.4737088680267334
v,21.559429168701172, 15.909873008728027, 0.6438599228858948
v,21.559429168701172, 15.909873008728027, 0.4737088680267334
v,24.989784240722656, 15.909873008728027, 0.4737088680267334
v,24.989784240722656, 15.909873008728027, 0.6438599228858948
v,21.559429168701172, 16.57514762878418, 0.6438599228858948
v,21.559429168701172, 15.909873008728027, 0.6438599228858948
v,24.989784240722656, 15.909873008728027, 0.6438599228858948
v,24.989784240722656, 16.575149536132812, 0.4737088680267334
v,21.559429168701172, 16.57514762878418, 0.4737088680267334
v,21.559429168701172, 16.57514762878418, 0.6438599228858948
v,24.989784240722656, 15.909873008728027, 0.4737088680267334
v,24.989784240722656, 16.575149536132812, 0.4737088680267334
v,24.989784240722656, 16.575149536132812, 0.6438599228858948
v,24.989784240722656, 16.575149536132812, 0.9501316547393799
v,21.559429168701172, 16.57514762878418, 0.9501316547393799
v,21.559429168701172, 17.24042320251465, 0.9501316547393799
v,21.559429168701172, 17.24042320251465, 0.9501316547393799
v,21.559429168701172, 16.57514762878418, 0.9501316547393799
v,21.559429168701172, 16.57514762878418, 1.1202826499938965
v,21.559429168701172, 16.57514762878418, 0.9501316547393799
v,24.989784240722656, 16.575149536132812, 0.9501316547393799
v,24.989784240722656, 16.575149536132812, 1.1202826499938965
v,21.559429168701172, 17.24042320251465, 1.1202826499938965
v,21.559429168701172, 16.57514762878418, 1.1202826499938965
v,24.989784240722656, 16.575149536132812, 1.1202826499938965
v,24.989784240722656, 17.24042510986328, 0.9501316547393799
v,21.559429168701172, 17.24042320251465, 0.9501316547393799
v,21.559429168701172, 17.24042320251465, 1.1202826499938965
v,24.989784240722656, 16.575149536132812, 0.9501316547393799
v,24.989784240722656, 17.24042510986328, 0.9501316547393799
v,24.989784240722656, 17.24042510986328, 1.1202826499938965
v,24.989784240722656, 17.24042510986328, 1.4265544414520264
v,21.559429168701172, 17.24042320251465, 1.4265544414520264
v,21.559429168701172, 17.905698776245117, 1.4265544414520264
v,21.559429168701172, 17.905698776245117, 1.4265544414520264
v,21.559429168701172, 17.24042320251465, 1.4265544414520264
v,21.559429168701172, 17.24042320251465, 1.596705436706543
v,21.559429168701172, 17.24042320251465, 1.4265544414520264
v,24.989784240722656, 17.24042510986328, 1.4265544414520264
v,24.989784240722656, 17.24042510986328, 1.596705436706543
v,21.559429168701172, 17.905698776245117, 1.596705436706543
v,21.559429168701172, 17.24042320251465, 1.596705436706543
v,24.989784240722656, 17.24042510986328, 1.596705436706543
v,24.989784240722656, 17.90570068359375, 1.4265544414520264
v,21.559429168701172, 17.905698776245117, 1.4265544414520264
v,21.559429168701172, 17.905698776245117, 1.596705436706543
v,24.989784240722656, 17.24042510986328, 1.4265544414520264
v,24.989784240722656, 17.90570068359375, 1.4265544414520264
v,24.989784240722656, 17.90570068359375, 1.596705436706543
v,24.989784240722656, 17.90570068359375, 1.9029772281646729
v,21.559429168701172, 17.905698776245117, 1.9029772281646729
v,21.559429168701172, 18.570974349975586, 1.9029772281646729
v,21.559429168701172, 18.570974349975586, 1.9029772281646729
v,21.559429168701172, 17.905698776245117, 1.9029772281646729
v,21.559429168701172, 17.905698776245117, 2.0731282234191895
v,21.559429168701172, 17.905698776245117, 1.9029772281646729
v,24.989784240722656, 17.90570068359375, 1.9029772281646729
v,24.989784240722656, 17.90570068359375, 2.0731282234191895
v,21.559429168701172, 18.570974349975586, 2.0731282234191895
v,21.559429168701172, 17.905698776245117, 2.0731282234191895
v,24.989784240722656, 17.90570068359375, 2.0731282234191895
v,24.989784240722656, 18.57097625732422, 1.9029772281646729
v,21.559429168701172, 18.570974349975586, 1.9029772281646729
v,21.559429168701172, 18.570974349975586, 2.0731282234191895
v,24.989784240722656, 17.90570068359375, 1.9029772281646729
v,24.989784240722656, 18.57097625732422, 1.9029772281646729
v,24.989784240722656, 18.57097625732422, 2.0731282234191895
v,24.989784240722656, 18.57097625732422, 2.3794000148773193
v,21.559429168701172, 18.570974349975586, 2.3794000148773193
v,21.559429168701172, 19.236249923706055, 2.3794000148773193
v,21.559429168701172, 19.236249923706055, 2.3794000148773193
v,21.559429168701172, 18.570974349975586, 2.3794000148773193
v,21.559429168701172, 18.570974349975586, 2.549551010131836
v,21.559429168701172, 18.570974349975586, 2.3794000148773193
v,24.989784240722656, 18.57097625732422, 2.3794000148773193
v,24.989784240722656, 18.57097625732422, 2.549551010131836
v,21.559429168701172, 19.236249923706055, 2.549551010131836
v,21.559429168701172, 18.570974349975586, 2.549551010131836
v,24.989784240722656, 18.57097625732422, 2.549551010131836
v,24.989784240722656, 19.236249923706055, 2.3794000148773193
v,21.559429168701172, 19.236249923706055, 2.3794000148773193
v,21.559429168701172, 19.236249923706055, 2.549551010131836
v,24.989784240722656, 18.57097625732422, 2.3794000148773193
v,24.989784240722656, 19.236249923706055, 2.3794000148773193
v,24.989784240722656, 19.236249923706055, 2.549551010131836
v,24.989784240722656, 19.236249923706055, 2.855822801589966
v,21.559429168701172, 19.236249923706055, 2.855822801589966
v,21.559429168701172, 19.901525497436523, 2.855822801589966
v,21.559429168701172, 19.901525497436523, 2.855822801589966
v,21.559429168701172, 19.236249923706055, 2.855822801589966
v,21.559429168701172, 19.236249923706055, 3.0259737968444824
v,21.559429168701172, 19.236249923706055, 2.855822801589966
v,24.989784240722656, 19.236249923706055, 2.855822801589966
v,24.989784240722656, 19.236249923706055, 3.0259737968444824
v,21.559429168701172, 19.901525497436523, 3.0259737968444824
v,21.559429168701172, 19.236249923706055, 3.0259737968444824
v,24.989784240722656, 19.236249923706055, 3.0259737968444824
v,24.989784240722656, 19.901525497436523, 2.855822801589966
v,21.559429168701172, 19.901525497436523, 2.855822801589966
v,21.559429168701172, 19.901525497436523, 3.0259737968444824
v,24.989784240722656, 19.236249923706055, 2.855822801589966
v,24.989784240722656, 19.901525497436523, 2.855822801589966
v,24.989784240722656, 19.901525497436523, 3.0259737968444824
v,24.989784240722656, 19.901525497436523, 3.3322455883026123
v,21.559429168701172, 19.901525497436523, 3.3322455883026123
v,21.559429168701172, 20.566801071166992, 3.3322455883026123
v,21.559429168701172, 20.566801071166992, 3.3322455883026123
v,21.559429168701172, 19.901525497436523, 3.3322455883026123
v,21.559429168701172, 19.901525497436523, 3.502396583557129
v,21.559429168701172, 19.901525497436523, 3.3322455883026123
v,24.989784240722656, 19.901525497436523, 3.3322455883026123
v,24.989784240722656, 19.901525497436523, 3.502396583557129
v,21.559429168701172, 20.566801071166992, 3.502396583557129
v,21.559429168701172, 19.901525497436523, 3.502396583557129
v,24.989784240722656, 19.901525497436523, 3.502396583557129
v,24.989784240722656, 20.566801071166992, 3.3322455883026123
v,21.559429168701172, 20.566801071166992, 3.3322455883026123
v,21.559429168701172, 20.566801071166992, 3.502396583557129
v,24.989784240722656, 19.901525497436523, 3.3322455883026123
v,24.989784240722656, 20.566801071166992, 3.3322455883026123
v,24.989784240722656, 20.566801071166992, 3.502396583557129
v,24.989784240722656, 20.566801071166992, 3.808668375015259
v,21.559429168701172, 20.566801071166992, 3.808668375015259
v,21.559429168701172, 21.23207664489746, 3.808668375015259
v,21.559429168701172, 21.23207664489746, 3.808668375015259
v,21.559429168701172, 20.566801071166992, 3.808668375015259
v,21.559429168701172, 20.566801071166992, 3.9788193702697754
v,21.559429168701172, 20.566801071166992, 3.808668375015259
v,24.989784240722656, 20.566801071166992, 3.808668375015259
v,24.989784240722656, 20.566801071166992, 3.9788193702697754
v,21.559429168701172, 21.23207664489746, 3.9788193702697754
v,21.559429168701172, 20.566801071166992, 3.9788193702697754
v,24.989784240722656, 20.566801071166992, 3.9788193702697754
v,24.989784240722656, 21.23207664489746, 3.808668375015259
v,21.559429168701172, 21.23207664489746, 3.808668375015259
v,21.559429168701172, 21.23207664489746, 3.9788193702697754
v,24.989784240722656, 20.566801071166992, 3.808668375015259
v,24.989784240722656, 21.23207664489746, 3.808668375015259
v,24.989784240722656, 21.23207664489746, 3.9788193702697754
v,24.989784240722656, 21.23207664489746, 4.285090923309326
v,21.559429168701172, 21.23207664489746, 4.285090923309326
v,21.559429168701172, 21.89735221862793, 4.285090923309326
v,21.559429168701172, 21.89735221862793, 4.285090923309326
v,21.559429168701172, 21.23207664489746, 4.285090923309326
v,21.559429168701172, 21.23207664489746, 4.455242156982422
v,21.559429168701172, 21.23207664489746, 4.285090923309326
v,24.989784240722656, 21.23207664489746, 4.285090923309326
v,24.989784240722656, 21.23207664489746, 4.455242156982422
v,21.559429168701172, 21.89735221862793, 4.455242156982422
v,21.559429168701172, 21.23207664489746, 4.455242156982422
v,24.989784240722656, 21.23207664489746, 4.455242156982422
v,24.989784240722656, 21.89735221862793, 4.285090923309326
v,21.559429168701172, 21.89735221862793, 4.285090923309326
v,21.559429168701172, 21.89735221862793, 4.455242156982422
v,24.989784240722656, 21.23207664489746, 4.285090923309326
v,24.989784240722656, 21.89735221862793, 4.285090923309326
v,24.989784240722656, 21.89735221862793, 4.455242156982422
v,24.989784240722656, 21.89735221862793, 4.761513710021973
v,21.559429168701172, 21.89735221862793, 4.761513710021973
v,21.559429168701172, 22.5626277923584, 4.761513710021973
v,21.559429168701172, 22.5626277923584, 4.761513710021973
v,21.559429168701172, 21.89735221862793, 4.761513710021973
v,21.559429168701172, 21.89735221862793, 4.931664943695068
v,21.559429168701172, 21.89735221862793, 4.761513710021973
v,24.989784240722656, 21.89735221862793, 4.761513710021973
v,24.989784240722656, 21.89735221862793, 4.931664943695068
v,21.559429168701172, 22.5626277923584, 4.931664943695068
v,21.559429168701172, 21.89735221862793, 4.931664943695068
v,24.989784240722656, 21.89735221862793, 4.931664943695068
v,24.989784240722656, 22.5626277923584, 4.761513710021973
v,21.559429168701172, 22.5626277923584, 4.761513710021973
v,21.559429168701172, 22.5626277923584, 4.931664943695068
v,24.989784240722656, 21.89735221862793, 4.761513710021973
v,24.989784240722656, 22.5626277923584, 4.761513710021973
v,24.989784240722656, 22.5626277923584, 4.931664943695068
v,24.989784240722656, 22.5626277923584, 5.237936496734619
v,21.559429168701172, 22.5626277923584, 5.237936496734619
v,21.559429168701172, 23.227903366088867, 5.237936496734619
v,21.559429168701172, 23.227903366088867, 5.237936496734619
v,21.559429168701172, 22.5626277923584, 5.237936496734619
v,21.559429168701172, 22.5626277923584, 5.408087253570557
v,21.559429168701172, 22.5626277923584, 5.237936496734619
v,24.989784240722656, 22.5626277923584, 5.237936496734619
v,24.989784240722656, 22.5626277923584, 5.408087253570557
v,21.559429168701172, 23.227903366088867, 5.408087253570557
v,21.559429168701172, 22.5626277923584, 5.408087253570557
v,24.989784240722656, 22.5626277923584, 5.408087253570557
v,24.989784240722656, 23.227903366088867, 5.237936496734619
v,21.559429168701172, 23.227903366088867, 5.237936496734619
v,21.559429168701172, 23.227903366088867, 5.408087253570557
v,24.989784240722656, 22.5626277923584, 5.237936496734619
v,24.989784240722656, 23.227903366088867, 5.237936496734619
v,24.989784240722656, 23.227903366088867, 5.408087253570557
v,24.989784240722656, 23.227903366088867, 5.714359283447266
v,21.559429168701172, 23.227903366088867, 5.714359283447266
v,21.559429168701172, 23.893178939819336, 5.714359283447266
v,21.559429168701172, 23.893178939819336, 5.714359283447266
v,21.559429168701172, 23.227903366088867, 5.714359283447266
v,21.55942726135254, 23.227901458740234, 5.8845109939575195
v,21.559429168701172, 23.227903366088867, 5.714359283447266
v,24.989784240722656, 23.227903366088867, 5.714359283447266
v,24.989784240722656, 23.227903366088867, 5.884510517120361
v,21.559429168701172, 23.893178939819336, 5.884510517120361
v,21.55942726135254, 23.227901458740234, 5.8845109939575195
v,24.989784240722656, 23.227903366088867, 5.884510517120361
v,24.989782333374023, 23.893178939819336, 5.714359283447266
v,21.559429168701172, 23.893178939819336, 5.714359283447266
v,21.559429168701172, 23.893178939819336, 5.884510517120361
v,24.989784240722656, 23.227903366088867, 5.714359283447266
v,24.989782333374023, 23.893178939819336, 5.714359283447266
v,24.989782333374023, 23.893178939819336, 5.884510517120361
v,-41.4288444519043, -0.7995137572288513, -0.002713903784751892
v,-37.99849319458008, -0.7995134592056274, -0.002713903784751892
v,-37.99849319458008, -1.4647890329360962, -0.002713903784751892
v,-37.99849319458008, -1.4647890329360962, -0.002713903784751892
v,-37.99849319458008, -0.7995134592056274, -0.002713903784751892
v,-37.99849319458008, -0.7995134592056274, 0.1674371063709259
v,-37.99849319458008, -0.7995134592056274, -0.002713903784751892
v,-41.4288444519043, -0.7995137572288513, -0.002713903784751892
v,-41.42879867553711, -0.7995118498802185, 0.1674371063709259
v,-37.99849319458008, -1.4647890329360962, 0.1674371063709259
v,-37.99849319458008, -0.7995134592056274, 0.1674371063709259
v,-41.42879867553711, -0.7995118498802185, 0.1674371063709259
v,-41.4288444519043, -1.4647892713546753, -0.002713903784751892
v,-37.99849319458008, -1.4647890329360962, -0.002713903784751892
v,-37.99849319458008, -1.4647890329360962, 0.1674371063709259
v,-41.4288444519043, -0.7995137572288513, -0.002713903784751892
v,-41.4288444519043, -1.4647892713546753, -0.002713903784751892
v,-41.4288444519043, -1.4647892713546753, 0.1674371063709259
v,-41.4288444519043, -1.4647892713546753, 0.4737088680267334
v,-37.99849319458008, -1.4647890329360962, 0.4737088680267334
v,-37.99849319458008, -2.1300644874572754, 0.4737088680267334
v,-37.99849319458008, -2.1300644874572754, 0.4737088680267334
v,-37.99849319458008, -1.4647890329360962, 0.4737088680267334
v,-37.99849319458008, -1.4647890329360962, 0.6438599228858948
v,-37.99849319458008, -1.4647890329360962, 0.4737088680267334
v,-41.4288444519043, -1.4647892713546753, 0.4737088680267334
v,-41.4288444519043, -1.4647892713546753, 0.6438599228858948
v,-37.99849319458008, -2.1300644874572754, 0.6438599228858948
v,-37.99849319458008, -1.4647890329360962, 0.6438599228858948
v,-41.4288444519043, -1.4647892713546753, 0.6438599228858948
v,-41.42885208129883, -2.1300649642944336, 0.4737088680267334
v,-37.99849319458008, -2.1300644874572754, 0.4737088680267334
v,-37.99849319458008, -2.1300644874572754, 0.6438599228858948
v,-41.4288444519043, -1.4647892713546753, 0.4737088680267334
v,-41.42885208129883, -2.1300649642944336, 0.4737088680267334
v,-41.42885208129883, -2.1300649642944336, 0.6438599228858948
v,-41.42885208129883, -2.1300649642944336, 0.9501316547393799
v,-37.99849319458008, -2.1300644874572754, 0.9501316547393799
v,-37.99849319458008, -2.795340061187744, 0.9501316547393799
v,-37.99849319458008, -2.795340061187744, 0.9501316547393799
v,-37.99849319458008, -2.1300644874572754, 0.9501316547393799
v,-37.99849319458008, -2.1300644874572754, 1.1202826499938965
v,-37.99849319458008, -2.1300644874572754, 0.9501316547393799
v,-41.42885208129883, -2.1300649642944336, 0.9501316547393799
v,-41.42885208129883, -2.1300649642944336, 1.1202826499938965
v,-37.99849319458008, -2.795340061187744, 1.1202826499938965
v,-37.99849319458008, -2.1300644874572754, 1.1202826499938965
v,-41.42885208129883, -2.1300649642944336, 1.1202826499938965
v,-41.42885208129883, -2.7953405380249023, 0.9501316547393799
v,-37.99849319458008, -2.795340061187744, 0.9501316547393799
v,-37.99849319458008, -2.795340061187744, 1.1202826499938965
v,-41.42885208129883, -2.1300649642944336, 0.9501316547393799
v,-41.42885208129883, -2.7953405380249023, 0.9501316547393799
v,-41.42885208129883, -2.7953405380249023, 1.1202826499938965
v,-41.42885208129883, -2.7953405380249023, 1.4265544414520264
v,-37.99849319458008, -2.795340061187744, 1.4265544414520264
v,-37.99849319458008, -3.460615634918213, 1.4265544414520264
v,-37.99849319458008, -3.460615634918213, 1.4265544414520264
v,-37.99849319458008, -2.795340061187744, 1.4265544414520264
v,-37.99849319458008, -2.795340061187744, 1.596705436706543
v,-37.99849319458008, -2.795340061187744, 1.4265544414520264
v,-41.42885208129883, -2.7953405380249023, 1.4265544414520264
v,-41.42885208129883, -2.7953405380249023, 1.596705436706543
v,-37.99849319458008, -3.460615634918213, 1.596705436706543
v,-37.99849319458008, -2.795340061187744, 1.596705436706543
v,-41.42885208129883, -2.7953405380249023, 1.596705436706543
v,-41.42885208129883, -3.460616111755371, 1.4265544414520264
v,-37.99849319458008, -3.460615634918213, 1.4265544414520264
v,-37.99849319458008, -3.460615634918213, 1.596705436706543
v,-41.42885208129883, -2.7953405380249023, 1.4265544414520264
v,-41.42885208129883, -3.460616111755371, 1.4265544414520264
v,-41.42885208129883, -3.460616111755371, 1.596705436706543
v,-41.42885208129883, -3.460616111755371, 1.9029772281646729
v,-37.99849319458008, -3.460615634918213, 1.9029772281646729
v,-37.99849319458008, -4.125891208648682, 1.9029772281646729
v,-37.99849319458008, -4.125891208648682, 1.9029772281646729
v,-37.99849319458008, -3.460615634918213, 1.9029772281646729
v,-37.99849319458008, -3.460615634918213, 2.0731282234191895
v,-37.99849319458008, -3.460615634918213, 1.9029772281646729
v,-41.42885208129883, -3.460616111755371, 1.9029772281646729
v,-41.42885208129883, -3.460616111755371, 2.0731282234191895
v,-41.42885208129883, -4.125889778137207, 2.0731282234191895
v,-37.99849319458008, -4.125891208648682, 2.0731282234191895
v,-37.99849319458008, -3.460615634918213, 2.0731282234191895
v,-41.42885208129883, -4.125889778137207, 1.9029772281646729
v,-37.99849319458008, -4.125891208648682, 1.9029772281646729
v,-37.99849319458008, -4.125891208648682, 2.0731282234191895
v,-41.42885208129883, -3.460616111755371, 1.9029772281646729
v,-41.42885208129883, -4.125889778137207, 1.9029772281646729
v,-41.42885208129883, -4.125889778137207, 2.0731282234191895
v,-41.42885208129883, -4.125889778137207, 2.3794000148773193
v,-37.99849319458008, -4.125891208648682, 2.3794000148773193
v,-37.99849319458008, -4.79116678237915, 2.3794000148773193
v,-37.99849319458008, -4.79116678237915, 2.3794000148773193
v,-37.99849319458008, -4.125891208648682, 2.3794000148773193
v,-37.99849319458008, -4.125891208648682, 2.549551010131836
v,-37.99849319458008, -4.125891208648682, 2.3794000148773193
v,-41.42885208129883, -4.125889778137207, 2.3794000148773193
v,-41.42885208129883, -4.125889778137207, 2.549551010131836
v,-37.99849319458008, -4.79116678237915, 2.549551010131836
v,-37.99849319458008, -4.125891208648682, 2.549551010131836
v,-41.42885208129883, -4.125889778137207, 2.549551010131836
v,-41.42885208129883, -4.791167259216309, 2.3794000148773193
v,-37.99849319458008, -4.79116678237915, 2.3794000148773193
v,-37.99849319458008, -4.79116678237915, 2.549551010131836
v,-41.42885208129883, -4.125889778137207, 2.3794000148773193
v,-41.42885208129883, -4.791167259216309, 2.3794000148773193
v,-41.42885208129883, -4.791167259216309, 2.549551010131836
v,-41.42885208129883, -4.791167259216309, 2.855822801589966
v,-37.99849319458008, -4.79116678237915, 2.855822801589966
v,-37.99849319458008, -5.456440448760986, 2.855822801589966
v,-37.99849319458008, -5.456440448760986, 2.855822801589966
v,-37.99849319458008, -4.79116678237915, 2.855822801589966
v,-37.99849319458008, -4.79116678237915, 3.0259737968444824
v,-37.99849319458008, -4.79116678237915, 2.855822801589966
v,-41.42885208129883, -4.791167259216309, 2.855822801589966
v,-41.42885208129883, -4.791167259216309, 3.0259737968444824
v,-37.99849319458008, -5.456440448760986, 3.0259737968444824
v,-37.99849319458008, -4.79116678237915, 3.0259737968444824
v,-41.42885208129883, -4.791167259216309, 3.0259737968444824
v,-41.42885208129883, -5.4564409255981445, 2.855822801589966
v,-37.99849319458008, -5.456440448760986, 2.855822801589966
v,-37.99849319458008, -5.456440448760986, 3.0259737968444824
v,-41.42885208129883, -4.791167259216309, 2.855822801589966
v,-41.42885208129883, -5.4564409255981445, 2.855822801589966
v,-41.42885208129883, -5.4564409255981445, 3.0259737968444824
v,-41.42885208129883, -5.4564409255981445, 3.3322455883026123
v,-37.99849319458008, -5.456440448760986, 3.3322455883026123
v,-37.99849319458008, -6.121717929840088, 3.3322455883026123
v,-37.99849319458008, -6.121717929840088, 3.3322455883026123
v,-37.99849319458008, -5.456440448760986, 3.3322455883026123
v,-37.99849319458008, -5.456440448760986, 3.502396583557129
v,-37.99849319458008, -5.456440448760986, 3.3322455883026123
v,-41.42885208129883, -5.4564409255981445, 3.3322455883026123
v,-41.42885208129883, -5.4564409255981445, 3.502396583557129
v,-37.99849319458008, -6.121717929840088, 3.502396583557129
v,-37.99849319458008, -5.456440448760986, 3.502396583557129
v,-41.42885208129883, -5.4564409255981445, 3.502396583557129
v,-41.42885208129883, -6.121718406677246, 3.3322455883026123
v,-37.99849319458008, -6.121717929840088, 3.3322455883026123
v,-37.99849319458008, -6.121717929840088, 3.502396583557129
v,-41.42885208129883, -5.4564409255981445, 3.3322455883026123
v,-41.42885208129883, -6.121718406677246, 3.3322455883026123
v,-41.42885208129883, -6.121718406677246, 3.502396583557129
v,-41.42885208129883, -6.121718406677246, 3.808668375015259
v,-37.99849319458008, -6.121717929840088, 3.808668375015259
v,-37.99848937988281, -6.786991596221924, 3.808668375015259
v,-37.99848937988281, -6.786991596221924, 3.808668375015259
v,-37.99849319458008, -6.121717929840088, 3.808668375015259
v,-37.99849319458008, -6.121717929840088, 3.9788193702697754
v,-37.99849319458008, -6.121717929840088, 3.808668375015259
v,-41.42885208129883, -6.121718406677246, 3.808668375015259
v,-41.42885208129883, -6.121718406677246, 3.9788193702697754
v,-37.99848937988281, -6.786991596221924, 3.9788193702697754
v,-37.99849319458008, -6.121717929840088, 3.9788193702697754
v,-41.42885208129883, -6.121718406677246, 3.9788193702697754
v,-41.42884826660156, -6.786992073059082, 3.808668375015259
v,-37.99848937988281, -6.786991596221924, 3.808668375015259
v,-37.99848937988281, -6.786991596221924, 3.9788193702697754
v,-41.42885208129883, -6.121718406677246, 3.808668375015259
v,-41.42884826660156, -6.786992073059082, 3.808668375015259
v,-41.42884826660156, -6.786992073059082, 3.9788193702697754
v,-41.42884826660156, -6.786992073059082, 4.285090923309326
v,-37.99848937988281, -6.786991596221924, 4.285090923309326
v,-37.99848937988281, -7.452269077301025, 4.285090923309326
v,-37.99848937988281, -7.452269077301025, 4.285090923309326
v,-37.99848937988281, -6.786991596221924, 4.285090923309326
v,-37.99848937988281, -6.786991596221924, 4.455242156982422
v,-37.99848937988281, -6.786991596221924, 4.285090923309326
v,-41.42884826660156, -6.786992073059082, 4.285090923309326
v,-41.42884826660156, -6.786992073059082, 4.455242156982422
v,-37.99848937988281, -7.452269077301025, 4.455242156982422
v,-37.99848937988281, -6.786991596221924, 4.455242156982422
v,-41.42884826660156, -6.786992073059082, 4.455242156982422
v,-41.42884826660156, -7.452269554138184, 4.285090923309326
v,-37.99848937988281, -7.452269077301025, 4.285090923309326
v,-37.99848937988281, -7.452269077301025, 4.455242156982422
v,-41.42884826660156, -6.786992073059082, 4.285090923309326
v,-41.42884826660156, -7.452269554138184, 4.285090923309326
v,-41.42884826660156, -7.452269554138184, 4.455242156982422
v,-41.42884826660156, -7.452269554138184, 4.761513710021973
v,-37.99848937988281, -7.452269077301025, 4.761513710021973
v,-37.99848937988281, -8.11754322052002, 4.761513710021973
v,-37.99848937988281, -8.11754322052002, 4.761513710021973
v,-37.99848937988281, -7.452269077301025, 4.761513710021973
v,-37.99848937988281, -7.452269077301025, 4.931664943695068
v,-37.99848937988281, -7.452269077301025, 4.761513710021973
v,-41.42884826660156, -7.452269554138184, 4.761513710021973
v,-41.42884826660156, -7.452269554138184, 4.931664943695068
v,-37.99848937988281, -8.11754322052002, 4.931664943695068
v,-37.99848937988281, -7.452269077301025, 4.931664943695068
v,-41.42884826660156, -7.452269554138184, 4.931664943695068
v,-41.42884826660156, -8.11754322052002, 4.761513710021973
v,-37.99848937988281, -8.11754322052002, 4.761513710021973
v,-37.99848937988281, -8.11754322052002, 4.931664943695068
v,-41.42884826660156, -7.452269554138184, 4.761513710021973
v,-41.42884826660156, -8.11754322052002, 4.761513710021973
v,-41.42884826660156, -8.11754322052002, 4.931664943695068
v,-41.42884826660156, -8.11754322052002, 5.237936496734619
v,-37.99848937988281, -8.11754322052002, 5.237936496734619
v,-37.99848937988281, -8.782820701599121, 5.237936496734619
v,-37.99848937988281, -8.782820701599121, 5.237936496734619
v,-37.99848937988281, -8.11754322052002, 5.237936496734619
v,-37.99848937988281, -8.11754322052002, 5.408087253570557
v,-37.99848937988281, -8.11754322052002, 5.237936496734619
v,-41.42884826660156, -8.11754322052002, 5.237936496734619
v,-41.42884826660156, -8.11754322052002, 5.408087253570557
v,-37.99848937988281, -8.782820701599121, 5.408087253570557
v,-37.99848937988281, -8.11754322052002, 5.408087253570557
v,-41.42884826660156, -8.11754322052002, 5.408087253570557
v,-41.42884826660156, -8.782820701599121, 5.237936496734619
v,-37.99848937988281, -8.782820701599121, 5.237936496734619
v,-37.99848937988281, -8.782820701599121, 5.408087253570557
v,-41.42884826660156, -8.11754322052002, 5.237936496734619
v,-41.42884826660156, -8.782820701599121, 5.237936496734619
v,-41.42884826660156, -8.782820701599121, 5.408087253570557
v,-41.42884826660156, -8.782820701599121, 5.714359283447266
v,-37.99848937988281, -8.782820701599121, 5.714359283447266
v,-37.99848937988281, -9.448094367980957, 5.714359283447266
v,-37.99848937988281, -9.448094367980957, 5.714359283447266
v,-37.99848937988281, -8.782820701599121, 5.714359283447266
v,-37.99848937988281, -8.782820701599121, 5.884510517120361
v,-37.99848937988281, -8.782820701599121, 5.714359283447266
v,-41.42884826660156, -8.782820701599121, 5.714359283447266
v,-41.42884826660156, -8.782820701599121, 5.8845109939575195
v,-37.99848937988281, -9.448094367980957, 5.884510517120361
v,-37.99848937988281, -8.782820701599121, 5.884510517120361
v,-41.42884826660156, -8.782820701599121, 5.8845109939575195
v,-41.42884826660156, -9.448094367980957, 5.714359283447266
v,-37.99848937988281, -9.448094367980957, 5.714359283447266
v,-37.99848937988281, -9.448094367980957, 5.884510517120361
v,-41.42884826660156, -8.782820701599121, 5.714359283447266
v,-41.42884826660156, -9.448094367980957, 5.714359283447266
v,-41.42884826660156, -9.448094367980957, 5.884510517120361
v,21.559432983398438, -0.7995120882987976, -0.002713903784751892
v,24.989788055419922, -0.799511730670929, -0.002713903784751892
v,24.989788055419922, -1.4647873640060425, -0.002713903784751892
v,24.989788055419922, -1.4647873640060425, -0.002713903784751892
v,24.989788055419922, -0.799511730670929, -0.002713903784751892
v,24.98979949951172, -0.7995098233222961, 0.1674371063709259
v,24.989788055419922, -0.799511730670929, -0.002713903784751892
v,21.559432983398438, -0.7995120882987976, -0.002713903784751892
v,21.55940055847168, -0.799508273601532, 0.1674371063709259
v,24.989788055419922, -1.4647873640060425, 0.1674371063709259
v,24.98979949951172, -0.7995098233222961, 0.1674371063709259
v,21.55940055847168, -0.799508273601532, 0.1674371063709259
v,21.559432983398438, -1.4647876024246216, -0.002713903784751892
v,24.989788055419922, -1.4647873640060425, -0.002713903784751892
v,24.989788055419922, -1.4647873640060425, 0.1674371063709259
v,21.559432983398438, -0.7995120882987976, -0.002713903784751892
v,21.559432983398438, -1.4647876024246216, -0.002713903784751892
v,21.559432983398438, -1.4647876024246216, 0.1674371063709259
v,21.559432983398438, -1.4647876024246216, 0.4737088680267334
v,24.989788055419922, -1.4647873640060425, 0.4737088680267334
v,24.989788055419922, -2.1300628185272217, 0.4737088680267334
v,24.989788055419922, -2.1300628185272217, 0.4737088680267334
v,24.989788055419922, -1.4647873640060425, 0.4737088680267334
v,24.989788055419922, -1.4647873640060425, 0.6438599228858948
v,24.989788055419922, -1.4647873640060425, 0.4737088680267334
v,21.559432983398438, -1.4647876024246216, 0.4737088680267334
v,21.559432983398438, -1.4647876024246216, 0.6438599228858948
v,24.989788055419922, -2.1300628185272217, 0.6438599228858948
v,24.989788055419922, -1.4647873640060425, 0.6438599228858948
v,21.559432983398438, -1.4647876024246216, 0.6438599228858948
v,21.559432983398438, -2.13006329536438, 0.4737088680267334
v,24.989788055419922, -2.1300628185272217, 0.4737088680267334
v,24.989788055419922, -2.1300628185272217, 0.6438599228858948
v,21.559432983398438, -1.4647876024246216, 0.4737088680267334
v,21.559432983398438, -2.13006329536438, 0.4737088680267334
v,21.559432983398438, -2.13006329536438, 0.6438599228858948
v,21.559432983398438, -2.13006329536438, 0.9501316547393799
v,24.989788055419922, -2.1300628185272217, 0.9501316547393799
v,24.989788055419922, -2.7953383922576904, 0.9501316547393799
v,24.989788055419922, -2.7953383922576904, 0.9501316547393799
v,24.989788055419922, -2.1300628185272217, 0.9501316547393799
v,24.989788055419922, -2.1300628185272217, 1.1202826499938965
v,24.989788055419922, -2.1300628185272217, 0.9501316547393799
v,21.559432983398438, -2.13006329536438, 0.9501316547393799
v,21.559432983398438, -2.13006329536438, 1.1202826499938965
v,24.989788055419922, -2.7953383922576904, 1.1202826499938965
v,24.989788055419922, -2.1300628185272217, 1.1202826499938965
v,21.559432983398438, -2.13006329536438, 1.1202826499938965
v,21.559432983398438, -2.7953388690948486, 0.9501316547393799
v,24.989788055419922, -2.7953383922576904, 0.9501316547393799
v,24.989788055419922, -2.7953383922576904, 1.1202826499938965
v,21.559432983398438, -2.13006329536438, 0.9501316547393799
v,21.559432983398438, -2.7953388690948486, 0.9501316547393799
v,21.559432983398438, -2.7953388690948486, 1.1202826499938965
v,21.559432983398438, -2.7953388690948486, 1.4265544414520264
v,24.989788055419922, -2.7953383922576904, 1.4265544414520264
v,24.989788055419922, -3.460613965988159, 1.4265544414520264
v,24.989788055419922, -3.460613965988159, 1.4265544414520264
v,24.989788055419922, -2.7953383922576904, 1.4265544414520264
v,24.989788055419922, -2.7953383922576904, 1.596705436706543
v,24.989788055419922, -2.7953383922576904, 1.4265544414520264
v,21.559432983398438, -2.7953388690948486, 1.4265544414520264
v,21.559432983398438, -2.7953388690948486, 1.596705436706543
v,24.989788055419922, -3.460613965988159, 1.596705436706543
v,24.989788055419922, -2.7953383922576904, 1.596705436706543
v,21.559432983398438, -2.7953388690948486, 1.596705436706543
v,21.559432983398438, -3.4606144428253174, 1.4265544414520264
v,24.989788055419922, -3.460613965988159, 1.4265544414520264
v,24.989788055419922, -3.460613965988159, 1.596705436706543
v,21.559432983398438, -2.7953388690948486, 1.4265544414520264
v,21.559432983398438, -3.4606144428253174, 1.4265544414520264
v,21.559432983398438, -3.4606144428253174, 1.596705436706543
v,21.559432983398438, -3.4606144428253174, 1.9029772281646729
v,24.989788055419922, -3.460613965988159, 1.9029772281646729
v,24.989788055419922, -4.125889778137207, 1.9029772281646729
v,24.989788055419922, -4.125889778137207, 1.9029772281646729
v,24.989788055419922, -3.460613965988159, 1.9029772281646729
v,24.989788055419922, -3.460613965988159, 2.0731282234191895
v,24.989788055419922, -3.460613965988159, 1.9029772281646729
v,21.559432983398438, -3.4606144428253174, 1.9029772281646729
v,21.559432983398438, -3.4606144428253174, 2.0731282234191895
v,24.989788055419922, -4.125889778137207, 2.0731282234191895
v,24.989788055419922, -3.460613965988159, 2.0731282234191895
v,21.559432983398438, -3.4606144428253174, 2.0731282234191895
v,21.559432983398438, -4.125889778137207, 1.9029772281646729
v,24.989788055419922, -4.125889778137207, 1.9029772281646729
v,24.989788055419922, -4.125889778137207, 2.0731282234191895
v,21.559432983398438, -3.4606144428253174, 1.9029772281646729
v,21.559432983398438, -4.125889778137207, 1.9029772281646729
v,21.559432983398438, -4.125889778137207, 2.0731282234191895
v,21.559432983398438, -4.125889778137207, 2.3794000148773193
v,24.989788055419922, -4.125889778137207, 2.3794000148773193
v,24.989788055419922, -4.791165351867676, 2.3794000148773193
v,24.989788055419922, -4.791165351867676, 2.3794000148773193
v,24.989788055419922, -4.125889778137207, 2.3794000148773193
v,24.989788055419922, -4.125889778137207, 2.549551010131836
v,24.989788055419922, -4.125889778137207, 2.3794000148773193
v,21.559432983398438, -4.125889778137207, 2.3794000148773193
v,21.559432983398438, -4.125889778137207, 2.549551010131836
v,24.989788055419922, -4.791165351867676, 2.549551010131836
v,24.989788055419922, -4.125889778137207, 2.549551010131836
v,21.559432983398438, -4.125889778137207, 2.549551010131836
v,21.559432983398438, -4.791165351867676, 2.3794000148773193
v,24.989788055419922, -4.791165351867676, 2.3794000148773193
v,24.989788055419922, -4.791165351867676, 2.549551010131836
v,21.559432983398438, -4.125889778137207, 2.3794000148773193
v,21.559432983398438, -4.791165351867676, 2.3794000148773193
v,21.559432983398438, -4.791165351867676, 2.549551010131836
v,21.559432983398438, -4.791165351867676, 2.855822801589966
v,24.989788055419922, -4.791165351867676, 2.855822801589966
v,24.989788055419922, -5.4564409255981445, 2.855822801589966
v,24.989788055419922, -5.4564409255981445, 2.855822801589966
v,24.989788055419922, -4.791165351867676, 2.855822801589966
v,24.989788055419922, -4.791165351867676, 3.0259737968444824
v,24.989788055419922, -4.791165351867676, 2.855822801589966
v,21.559432983398438, -4.791165351867676, 2.855822801589966
v,21.559432983398438, -4.791165351867676, 3.0259737968444824
v,24.989788055419922, -5.4564409255981445, 3.0259737968444824
v,24.989788055419922, -4.791165351867676, 3.0259737968444824
v,21.559432983398438, -4.791165351867676, 3.0259737968444824
v,21.559432983398438, -5.4564409255981445, 2.855822801589966
v,24.989788055419922, -5.4564409255981445, 2.855822801589966
v,24.989788055419922, -5.4564409255981445, 3.0259737968444824
v,21.559432983398438, -4.791165351867676, 2.855822801589966
v,21.559432983398438, -5.4564409255981445, 2.855822801589966
v,21.559432983398438, -5.4564409255981445, 3.0259737968444824
v,21.559432983398438, -5.4564409255981445, 3.3322455883026123
v,24.989788055419922, -5.4564409255981445, 3.3322455883026123
v,24.989788055419922, -6.121716499328613, 3.3322455883026123
v,24.989788055419922, -6.121716499328613, 3.3322455883026123
v,24.989788055419922, -5.4564409255981445, 3.3322455883026123
v,24.989788055419922, -5.4564409255981445, 3.502396583557129
v,24.989788055419922, -5.4564409255981445, 3.3322455883026123
v,21.559432983398438, -5.4564409255981445, 3.3322455883026123
v,21.559432983398438, -5.4564409255981445, 3.502396583557129
v,24.989788055419922, -6.121716499328613, 3.502396583557129
v,24.989788055419922, -5.4564409255981445, 3.502396583557129
v,21.559432983398438, -5.4564409255981445, 3.502396583557129
v,21.559432983398438, -6.121716499328613, 3.3322455883026123
v,24.989788055419922, -6.121716499328613, 3.3322455883026123
v,24.989788055419922, -6.121716499328613, 3.502396583557129
v,21.559432983398438, -5.4564409255981445, 3.3322455883026123
v,21.559432983398438, -6.121716499328613, 3.3322455883026123
v,21.559432983398438, -6.121716499328613, 3.502396583557129
v,21.559432983398438, -6.121716499328613, 3.808668375015259
v,24.989788055419922, -6.121716499328613, 3.808668375015259
v,24.989788055419922, -6.786992073059082, 3.808668375015259
v,24.989788055419922, -6.786992073059082, 3.808668375015259
v,24.989788055419922, -6.121716499328613, 3.808668375015259
v,24.989788055419922, -6.121716499328613, 3.9788193702697754
v,24.989788055419922, -6.121716499328613, 3.808668375015259
v,21.559432983398438, -6.121716499328613, 3.808668375015259
v,21.559432983398438, -6.121716499328613, 3.9788193702697754
v,24.989788055419922, -6.786992073059082, 3.9788193702697754
v,24.989788055419922, -6.121716499328613, 3.9788193702697754
v,21.559432983398438, -6.121716499328613, 3.9788193702697754
v,21.559432983398438, -6.786992073059082, 3.808668375015259
v,24.989788055419922, -6.786992073059082, 3.808668375015259
v,24.989788055419922, -6.786992073059082, 3.9788193702697754
v,21.559432983398438, -6.121716499328613, 3.808668375015259
v,21.559432983398438, -6.786992073059082, 3.808668375015259
v,21.559432983398438, -6.786992073059082, 3.9788193702697754
v,21.559432983398438, -6.786992073059082, 4.285090923309326
v,24.989788055419922, -6.786992073059082, 4.285090923309326
v,24.989788055419922, -7.452267646789551, 4.285090923309326
v,24.989788055419922, -7.452267646789551, 4.285090923309326
v,24.989788055419922, -6.786992073059082, 4.285090923309326
v,24.989788055419922, -6.786992073059082, 4.455242156982422
v,24.989788055419922, -6.786992073059082, 4.285090923309326
v,21.559432983398438, -6.786992073059082, 4.285090923309326
v,21.559432983398438, -6.786992073059082, 4.455242156982422
v,24.989788055419922, -7.452267646789551, 4.455242156982422
v,24.989788055419922, -6.786992073059082, 4.455242156982422
v,21.559432983398438, -6.786992073059082, 4.455242156982422
v,21.559432983398438, -7.452267646789551, 4.285090923309326
v,24.989788055419922, -7.452267646789551, 4.285090923309326
v,24.989788055419922, -7.452267646789551, 4.455242156982422
v,21.559432983398438, -6.786992073059082, 4.285090923309326
v,21.559432983398438, -7.452267646789551, 4.285090923309326
v,21.559432983398438, -7.452267646789551, 4.455242156982422
v,21.559432983398438, -7.452267646789551, 4.761513710021973
v,24.989788055419922, -7.452267646789551, 4.761513710021973
v,24.989788055419922, -8.11754322052002, 4.761513710021973
v,24.989788055419922, -8.11754322052002, 4.761513710021973
v,24.989788055419922, -7.452267646789551, 4.761513710021973
v,24.989788055419922, -7.452267646789551, 4.931664943695068
v,24.989788055419922, -7.452267646789551, 4.761513710021973
v,21.559432983398438, -7.452267646789551, 4.761513710021973
v,21.559432983398438, -7.452267646789551, 4.931664943695068
v,24.989788055419922, -8.11754322052002, 4.931664943695068
v,24.989788055419922, -7.452267646789551, 4.931664943695068
v,21.559432983398438, -7.452267646789551, 4.931664943695068
v,21.559432983398438, -8.11754322052002, 4.761513710021973
v,24.989788055419922, -8.11754322052002, 4.761513710021973
v,24.989788055419922, -8.11754322052002, 4.931664943695068
v,21.559432983398438, -7.452267646789551, 4.761513710021973
v,21.559432983398438, -8.11754322052002, 4.761513710021973
v,21.559432983398438, -8.11754322052002, 4.931664943695068
v,21.559432983398438, -8.11754322052002, 5.237936496734619
v,24.989788055419922, -8.11754322052002, 5.237936496734619
v,24.989788055419922, -8.782818794250488, 5.237936496734619
v,24.989788055419922, -8.782818794250488, 5.237936496734619
v,24.989788055419922, -8.11754322052002, 5.237936496734619
v,24.989788055419922, -8.11754322052002, 5.408087253570557
v,24.989788055419922, -8.11754322052002, 5.237936496734619
v,21.559432983398438, -8.11754322052002, 5.237936496734619
v,21.559432983398438, -8.11754322052002, 5.408087253570557
v,24.989788055419922, -8.782818794250488, 5.408087253570557
v,24.989788055419922, -8.11754322052002, 5.408087253570557
v,21.559432983398438, -8.11754322052002, 5.408087253570557
v,21.559432983398438, -8.782818794250488, 5.237936496734619
v,24.989788055419922, -8.782818794250488, 5.237936496734619
v,24.989788055419922, -8.782818794250488, 5.408087253570557
v,21.559432983398438, -8.11754322052002, 5.237936496734619
v,21.559432983398438, -8.782818794250488, 5.237936496734619
v,21.559432983398438, -8.782818794250488, 5.408087253570557
v,21.559432983398438, -8.782818794250488, 5.714359283447266
v,24.989788055419922, -8.782818794250488, 5.714359283447266
v,24.989788055419922, -9.448094367980957, 5.714359283447266
v,24.989788055419922, -9.448094367980957, 5.714359283447266
v,24.989788055419922, -8.782818794250488, 5.714359283447266
v,24.989788055419922, -8.782818794250488, 5.884510517120361
v,24.989788055419922, -8.782818794250488, 5.714359283447266
v,21.559432983398438, -8.782818794250488, 5.714359283447266
v,21.55940055847168, -8.782818794250488, 5.8845109939575195
v,24.989788055419922, -9.448094367980957, 5.884510517120361
v,24.989788055419922, -8.782818794250488, 5.884510517120361
v,21.55940055847168, -8.782818794250488, 5.8845109939575195
v,21.559432983398438, -9.448094367980957, 5.714359283447266
v,24.989788055419922, -9.448094367980957, 5.714359283447266
v,24.989788055419922, -9.448094367980957, 5.884510517120361
v,21.559432983398438, -8.782818794250488, 5.714359283447266
v,21.559432983398438, -9.448094367980957, 5.714359283447266
v,21.559432983398438, -9.448094367980957, 5.884510517120361
v,-37.989715576171875, 15.937154769897461, -0.002713903784751892
v,-41.42006301879883, 15.937153816223145, -0.002713903784751892
v,-41.42006301879883, 16.60243034362793, -0.002713903784751892
v,-41.42006301879883, 16.60243034362793, -0.002713903784751892
v,-41.42006301879883, 15.937153816223145, -0.002713903784751892
v,-41.42011642456055, 15.937202453613281, 0.1674371063709259
v,-41.42006301879883, 15.937153816223145, -0.002713903784751892
v,-37.989715576171875, 15.937154769897461, -0.002713903784751892
v,-37.98970031738281, 15.937156677246094, 0.1674371063709259
v,-41.42006301879883, 16.60243034362793, 0.1674371063709259
v,-41.42011642456055, 15.937202453613281, 0.1674371063709259
v,-37.98970031738281, 15.937156677246094, 0.1674371063709259
v,-37.989715576171875, 16.60243034362793, -0.002713903784751892
v,-41.42006301879883, 16.60243034362793, -0.002713903784751892
v,-41.42006301879883, 16.60243034362793, 0.1674371063709259
v,-37.989715576171875, 15.937154769897461, -0.002713903784751892
v,-37.989715576171875, 16.60243034362793, -0.002713903784751892
v,-37.989715576171875, 16.60243034362793, 0.1674371063709259
v,-37.989715576171875, 16.60243034362793, 0.4737088680267334
v,-41.42006301879883, 16.60243034362793, 0.4737088680267334
v,-41.42006301879883, 17.2677059173584, 0.4737088680267334
v,-41.42006301879883, 17.2677059173584, 0.4737088680267334
v,-41.42006301879883, 16.60243034362793, 0.4737088680267334
v,-41.42006301879883, 16.60243034362793, 0.6438599228858948
v,-41.42006301879883, 16.60243034362793, 0.4737088680267334
v,-37.989715576171875, 16.60243034362793, 0.4737088680267334
v,-37.989715576171875, 16.60243034362793, 0.6438599228858948
v,-41.42006301879883, 17.2677059173584, 0.6438599228858948
v,-41.42006301879883, 16.60243034362793, 0.6438599228858948
v,-37.989715576171875, 16.60243034362793, 0.6438599228858948
v,-37.989715576171875, 17.2677059173584, 0.4737088680267334
v,-41.42006301879883, 17.2677059173584, 0.4737088680267334
v,-41.42006301879883, 17.2677059173584, 0.6438599228858948
v,-37.989715576171875, 16.60243034362793, 0.4737088680267334
v,-37.989715576171875, 17.2677059173584, 0.4737088680267334
v,-37.989715576171875, 17.2677059173584, 0.6438599228858948
v,-37.989715576171875, 17.2677059173584, 0.9501316547393799
v,-41.42006301879883, 17.2677059173584, 0.9501316547393799
v,-41.42006301879883, 17.932981491088867, 0.9501316547393799
v,-41.42006301879883, 17.932981491088867, 0.9501316547393799
v,-41.42006301879883, 17.2677059173584, 0.9501316547393799
v,-41.42006301879883, 17.2677059173584, 1.1202826499938965
v,-41.42006301879883, 17.2677059173584, 0.9501316547393799
v,-37.989715576171875, 17.2677059173584, 0.9501316547393799
v,-37.989715576171875, 17.2677059173584, 1.1202826499938965
v,-41.42006301879883, 17.932981491088867, 1.1202826499938965
v,-41.42006301879883, 17.2677059173584, 1.1202826499938965
v,-37.989715576171875, 17.2677059173584, 1.1202826499938965
v,-37.989715576171875, 17.932981491088867, 0.9501316547393799
v,-41.42006301879883, 17.932981491088867, 0.9501316547393799
v,-41.42006301879883, 17.932981491088867, 1.1202826499938965
v,-37.989715576171875, 17.2677059173584, 0.9501316547393799
v,-37.989715576171875, 17.932981491088867, 0.9501316547393799
v,-37.989715576171875, 17.932981491088867, 1.1202826499938965
v,-37.989715576171875, 17.932981491088867, 1.4265544414520264
v,-41.42006301879883, 17.932981491088867, 1.4265544414520264
v,-41.42006301879883, 18.598257064819336, 1.4265544414520264
v,-41.42006301879883, 18.598257064819336, 1.4265544414520264
v,-41.42006301879883, 17.932981491088867, 1.4265544414520264
v,-41.42006301879883, 17.932981491088867, 1.596705436706543
v,-41.42006301879883, 17.932981491088867, 1.4265544414520264
v,-37.989715576171875, 17.932981491088867, 1.4265544414520264
v,-37.989715576171875, 17.932981491088867, 1.596705436706543
v,-41.42006301879883, 18.598257064819336, 1.596705436706543
v,-41.42006301879883, 17.932981491088867, 1.596705436706543
v,-37.989715576171875, 17.932981491088867, 1.596705436706543
v,-37.989715576171875, 18.598257064819336, 1.4265544414520264
v,-41.42006301879883, 18.598257064819336, 1.4265544414520264
v,-41.42006301879883, 18.598257064819336, 1.596705436706543
v,-37.989715576171875, 17.932981491088867, 1.4265544414520264
v,-37.989715576171875, 18.598257064819336, 1.4265544414520264
v,-37.989715576171875, 18.598257064819336, 1.596705436706543
v,-37.989715576171875, 18.598257064819336, 1.9029772281646729
v,-41.42006301879883, 18.598257064819336, 1.9029772281646729
v,-41.42006301879883, 19.263532638549805, 1.9029772281646729
v,-41.42006301879883, 19.263532638549805, 1.9029772281646729
v,-41.42006301879883, 18.598257064819336, 1.9029772281646729
v,-41.42006301879883, 18.598257064819336, 2.0731282234191895
v,-41.42006301879883, 18.598257064819336, 1.9029772281646729
v,-37.989715576171875, 18.598257064819336, 1.9029772281646729
v,-37.989715576171875, 18.598257064819336, 2.0731282234191895
v,-41.42006301879883, 19.263532638549805, 2.0731282234191895
v,-41.42006301879883, 18.598257064819336, 2.0731282234191895
v,-37.989715576171875, 18.598257064819336, 2.0731282234191895
v,-37.989715576171875, 19.263532638549805, 1.9029772281646729
v,-41.42006301879883, 19.263532638549805, 1.9029772281646729
v,-41.42006301879883, 19.263532638549805, 2.0731282234191895
v,-37.989715576171875, 18.598257064819336, 1.9029772281646729
v,-37.989715576171875, 19.263532638549805, 1.9029772281646729
v,-37.989715576171875, 19.263532638549805, 2.0731282234191895
v,-37.989715576171875, 19.263532638549805, 2.3794000148773193
v,-41.42006301879883, 19.263532638549805, 2.3794000148773193
v,-41.42006301879883, 19.92880630493164, 2.3794000148773193
v,-41.42006301879883, 19.92880630493164, 2.3794000148773193
v,-41.42006301879883, 19.263532638549805, 2.3794000148773193
v,-41.42006301879883, 19.263532638549805, 2.549551010131836
v,-41.42006301879883, 19.263532638549805, 2.3794000148773193
v,-37.989715576171875, 19.263532638549805, 2.3794000148773193
v,-37.989715576171875, 19.263532638549805, 2.549551010131836
v,-41.42006301879883, 19.92880630493164, 2.549551010131836
v,-41.42006301879883, 19.263532638549805, 2.549551010131836
v,-37.989715576171875, 19.263532638549805, 2.549551010131836
v,-37.989715576171875, 19.92880630493164, 2.3794000148773193
v,-41.42006301879883, 19.92880630493164, 2.3794000148773193
v,-41.42006301879883, 19.92880630493164, 2.549551010131836
v,-37.989715576171875, 19.263532638549805, 2.3794000148773193
v,-37.989715576171875, 19.92880630493164, 2.3794000148773193
v,-37.989715576171875, 19.92880630493164, 2.549551010131836
v,-37.989715576171875, 19.92880630493164, 2.855822801589966
v,-41.42006301879883, 19.92880630493164, 2.855822801589966
v,-41.42006301879883, 20.59408187866211, 2.855822801589966
v,-41.42006301879883, 20.59408187866211, 2.855822801589966
v,-41.42006301879883, 19.92880630493164, 2.855822801589966
v,-41.42006301879883, 19.92880630493164, 3.0259737968444824
v,-41.42006301879883, 19.92880630493164, 2.855822801589966
v,-37.989715576171875, 19.92880630493164, 2.855822801589966
v,-37.989715576171875, 19.92880630493164, 3.0259737968444824
v,-41.42006301879883, 20.59408187866211, 3.0259737968444824
v,-41.42006301879883, 19.92880630493164, 3.0259737968444824
v,-37.989715576171875, 19.92880630493164, 3.0259737968444824
v,-37.989715576171875, 20.59408187866211, 2.855822801589966
v,-41.42006301879883, 20.59408187866211, 2.855822801589966
v,-41.42006301879883, 20.59408187866211, 3.0259737968444824
v,-37.989715576171875, 19.92880630493164, 2.855822801589966
v,-37.989715576171875, 20.59408187866211, 2.855822801589966
v,-37.989715576171875, 20.59408187866211, 3.0259737968444824
v,-37.989715576171875, 20.59408187866211, 3.3322455883026123
v,-41.42006301879883, 20.59408187866211, 3.3322455883026123
v,-41.42006301879883, 21.259357452392578, 3.3322455883026123
v,-41.42006301879883, 21.259357452392578, 3.3322455883026123
v,-41.42006301879883, 20.59408187866211, 3.3322455883026123
v,-41.42006301879883, 20.59408187866211, 3.502396583557129
v,-41.42006301879883, 20.59408187866211, 3.3322455883026123
v,-37.989715576171875, 20.59408187866211, 3.3322455883026123
v,-37.989715576171875, 20.59408187866211, 3.502396583557129
v,-41.42006301879883, 21.259357452392578, 3.502396583557129
v,-41.42006301879883, 20.59408187866211, 3.502396583557129
v,-37.989715576171875, 20.59408187866211, 3.502396583557129
v,-37.989715576171875, 21.259357452392578, 3.3322455883026123
v,-41.42006301879883, 21.259357452392578, 3.3322455883026123
v,-41.42006301879883, 21.259357452392578, 3.502396583557129
v,-37.989715576171875, 20.59408187866211, 3.3322455883026123
v,-37.989715576171875, 21.259357452392578, 3.3322455883026123
v,-37.989715576171875, 21.259357452392578, 3.502396583557129
v,-37.989715576171875, 21.259357452392578, 3.808668375015259
v,-41.42006301879883, 21.259357452392578, 3.808668375015259
v,-41.42006301879883, 21.924633026123047, 3.808668375015259
v,-41.42006301879883, 21.924633026123047, 3.808668375015259
v,-41.42006301879883, 21.259357452392578, 3.808668375015259
v,-41.42006301879883, 21.259357452392578, 3.9788193702697754
v,-41.42006301879883, 21.259357452392578, 3.808668375015259
v,-37.989715576171875, 21.259357452392578, 3.808668375015259
v,-37.989715576171875, 21.259357452392578, 3.9788193702697754
v,-41.42006301879883, 21.924633026123047, 3.9788193702697754
v,-41.42006301879883, 21.259357452392578, 3.9788193702697754
v,-37.989715576171875, 21.259357452392578, 3.9788193702697754
v,-37.989715576171875, 21.924633026123047, 3.808668375015259
v,-41.42006301879883, 21.924633026123047, 3.808668375015259
v,-41.42006301879883, 21.924633026123047, 3.9788193702697754
v,-37.989715576171875, 21.259357452392578, 3.808668375015259
v,-37.989715576171875, 21.924633026123047, 3.808668375015259
v,-37.989715576171875, 21.924633026123047, 3.9788193702697754
v,-37.989715576171875, 21.924633026123047, 4.285090923309326
v,-41.42006301879883, 21.924633026123047, 4.285090923309326
v,-41.42006301879883, 22.589908599853516, 4.285090923309326
v,-41.42006301879883, 22.589908599853516, 4.285090923309326
v,-41.42006301879883, 21.924633026123047, 4.285090923309326
v,-41.42006301879883, 21.924633026123047, 4.455242156982422
v,-41.42006301879883, 21.924633026123047, 4.285090923309326
v,-37.989715576171875, 21.924633026123047, 4.285090923309326
v,-37.989715576171875, 21.924633026123047, 4.455242156982422
v,-41.42006301879883, 22.589908599853516, 4.455242156982422
v,-41.42006301879883, 21.924633026123047, 4.455242156982422
v,-37.989715576171875, 21.924633026123047, 4.455242156982422
v,-37.989715576171875, 22.589908599853516, 4.285090923309326
v,-41.42006301879883, 22.589908599853516, 4.285090923309326
v,-41.42006301879883, 22.589908599853516, 4.455242156982422
v,-37.989715576171875, 21.924633026123047, 4.285090923309326
v,-37.989715576171875, 22.589908599853516, 4.285090923309326
v,-37.989715576171875, 22.589908599853516, 4.455242156982422
v,-37.989715576171875, 22.589908599853516, 4.761513710021973
v,-41.42006301879883, 22.589908599853516, 4.761513710021973
v,-41.42006301879883, 23.255184173583984, 4.761513710021973
v,-41.42006301879883, 23.255184173583984, 4.761513710021973
v,-41.42006301879883, 22.589908599853516, 4.761513710021973
v,-41.42006301879883, 22.589908599853516, 4.931664943695068
v,-41.42006301879883, 22.589908599853516, 4.761513710021973
v,-37.989715576171875, 22.589908599853516, 4.761513710021973
v,-37.989715576171875, 22.589908599853516, 4.931664943695068
v,-41.42006301879883, 23.255184173583984, 4.931664943695068
v,-41.42006301879883, 22.589908599853516, 4.931664943695068
v,-37.989715576171875, 22.589908599853516, 4.931664943695068
v,-37.989715576171875, 23.255184173583984, 4.761513710021973
v,-41.42006301879883, 23.255184173583984, 4.761513710021973
v,-41.42006301879883, 23.255184173583984, 4.931664943695068
v,-37.989715576171875, 22.589908599853516, 4.761513710021973
v,-37.989715576171875, 23.255184173583984, 4.761513710021973
v,-37.989715576171875, 23.255184173583984, 4.931664943695068
v,-37.989715576171875, 23.255184173583984, 5.237936496734619
v,-41.42006301879883, 23.255184173583984, 5.237936496734619
v,-41.42006301879883, 23.920459747314453, 5.237936496734619
v,-41.42006301879883, 23.920459747314453, 5.237936496734619
v,-41.42006301879883, 23.255184173583984, 5.237936496734619
v,-41.42006301879883, 23.255184173583984, 5.408087253570557
v,-41.42006301879883, 23.255184173583984, 5.237936496734619
v,-37.989715576171875, 23.255184173583984, 5.237936496734619
v,-37.989715576171875, 23.255184173583984, 5.408087253570557
v,-41.42006301879883, 23.920459747314453, 5.408087253570557
v,-41.42006301879883, 23.255184173583984, 5.408087253570557
v,-37.989715576171875, 23.255184173583984, 5.408087253570557
v,-37.989715576171875, 23.920459747314453, 5.237936496734619
v,-41.42006301879883, 23.920459747314453, 5.237936496734619
v,-41.42006301879883, 23.920459747314453, 5.408087253570557
v,-37.989715576171875, 23.255184173583984, 5.237936496734619
v,-37.989715576171875, 23.920459747314453, 5.237936496734619
v,-37.989715576171875, 23.920459747314453, 5.408087253570557
v,-37.989715576171875, 23.920459747314453, 5.714359283447266
v,-41.42006301879883, 23.920459747314453, 5.714359283447266
v,-41.42006301879883, 24.585735321044922, 5.714359283447266
v,-41.42006301879883, 24.585735321044922, 5.714359283447266
v,-41.42006301879883, 23.920459747314453, 5.714359283447266
v,-41.42007064819336, 23.920503616333008, 5.8845109939575195
v,-41.42006301879883, 23.920459747314453, 5.714359283447266
v,-37.989715576171875, 23.920459747314453, 5.714359283447266
v,-37.989715576171875, 23.920459747314453, 5.884510517120361
v,-41.42006301879883, 24.585735321044922, 5.884510517120361
v,-41.42007064819336, 23.920503616333008, 5.8845109939575195
v,-37.989715576171875, 23.920459747314453, 5.884510517120361
v,-37.989715576171875, 24.585735321044922, 5.714359283447266
v,-41.42006301879883, 24.585735321044922, 5.714359283447266
v,-41.42006301879883, 24.585735321044922, 5.884510517120361
v,-37.989715576171875, 23.920459747314453, 5.714359283447266
v,-37.989715576171875, 24.585735321044922, 5.714359283447266
v,-37.989715576171875, 24.585735321044922, 5.884510517120361
v,-25.798873901367188, -30.800912857055664, -0.002713903784751892
v,-29.229225158691406, -30.800912857055664, -0.002713903784751892
v,-29.229225158691406, -30.13563346862793, -0.002713903784751892
v,-29.229225158691406, -30.13563346862793, -0.002713903784751892
v,-29.229225158691406, -30.800912857055664, -0.002713903784751892
v,-29.229225158691406, -30.800912857055664, 0.1674371063709259
v,-29.229225158691406, -30.800912857055664, -0.002713903784751892
v,-25.798873901367188, -30.800912857055664, -0.002713903784751892
v,-25.798873901367188, -30.800912857055664, 0.1674371063709259
v,-29.229225158691406, -30.13563346862793, 0.1674371063709259
v,-29.229225158691406, -30.800912857055664, 0.1674371063709259
v,-25.798873901367188, -30.800912857055664, 0.1674371063709259
v,-25.798873901367188, -30.13563346862793, -0.002713903784751892
v,-29.229225158691406, -30.13563346862793, -0.002713903784751892
v,-29.229225158691406, -30.13563346862793, 0.1674371063709259
v,-25.798873901367188, -30.800912857055664, -0.002713903784751892
v,-25.798873901367188, -30.13563346862793, -0.002713903784751892
v,-25.798873901367188, -30.13563346862793, 0.1674371063709259
v,-25.798873901367188, -30.13563346862793, 0.4737088680267334
v,-29.229225158691406, -30.13563346862793, 0.4737088680267334
v,-29.229225158691406, -29.470361709594727, 0.4737088680267334
v,-29.229225158691406, -29.470361709594727, 0.4737088680267334
v,-29.229225158691406, -30.13563346862793, 0.4737088680267334
v,-29.229225158691406, -30.13563346862793, 0.6438599228858948
v,-29.229225158691406, -30.13563346862793, 0.4737088680267334
v,-25.798873901367188, -30.13563346862793, 0.4737088680267334
v,-25.798873901367188, -30.13563346862793, 0.6438599228858948
v,-29.229225158691406, -29.470361709594727, 0.6438599228858948
v,-29.229225158691406, -30.13563346862793, 0.6438599228858948
v,-25.798873901367188, -30.13563346862793, 0.6438599228858948
v,-25.798873901367188, -29.470361709594727, 0.4737088680267334
v,-29.229225158691406, -29.470361709594727, 0.4737088680267334
v,-29.229225158691406, -29.470361709594727, 0.6438599228858948
v,-25.798873901367188, -30.13563346862793, 0.4737088680267334
v,-25.798873901367188, -29.470361709594727, 0.4737088680267334
v,-25.798873901367188, -29.470361709594727, 0.6438599228858948
v,-25.798873901367188, -29.470361709594727, 0.9501316547393799
v,-29.229225158691406, -29.470361709594727, 0.9501316547393799
v,-29.229225158691406, -28.805086135864258, 0.9501316547393799
v,-29.229225158691406, -28.805086135864258, 0.9501316547393799
v,-29.229225158691406, -29.470361709594727, 0.9501316547393799
v,-29.229225158691406, -29.470361709594727, 1.1202826499938965
v,-29.229225158691406, -29.470361709594727, 0.9501316547393799
v,-25.798873901367188, -29.470361709594727, 0.9501316547393799
v,-25.798873901367188, -29.470361709594727, 1.1202826499938965
v,-29.229225158691406, -28.805086135864258, 1.1202826499938965
v,-29.229225158691406, -29.470361709594727, 1.1202826499938965
v,-25.798873901367188, -29.470361709594727, 1.1202826499938965
v,-25.798873901367188, -28.805086135864258, 0.9501316547393799
v,-29.229225158691406, -28.805086135864258, 0.9501316547393799
v,-29.229225158691406, -28.805086135864258, 1.1202826499938965
v,-25.798873901367188, -29.470361709594727, 0.9501316547393799
v,-25.798873901367188, -28.805086135864258, 0.9501316547393799
v,-25.798873901367188, -28.805086135864258, 1.1202826499938965
v,-25.798873901367188, -28.805086135864258, 1.4265544414520264
v,-29.229225158691406, -28.805086135864258, 1.4265544414520264
v,-29.229225158691406, -28.13981056213379, 1.4265544414520264
v,-29.229225158691406, -28.13981056213379, 1.4265544414520264
v,-29.229225158691406, -28.805086135864258, 1.4265544414520264
v,-29.229225158691406, -28.805086135864258, 1.596705436706543
v,-29.229225158691406, -28.805086135864258, 1.4265544414520264
v,-25.798873901367188, -28.805086135864258, 1.4265544414520264
v,-25.798873901367188, -28.805086135864258, 1.596705436706543
v,-29.229225158691406, -28.13981056213379, 1.596705436706543
v,-29.229225158691406, -28.805086135864258, 1.596705436706543
v,-25.798873901367188, -28.805086135864258, 1.596705436706543
v,-25.798873901367188, -28.13981056213379, 1.4265544414520264
v,-29.229225158691406, -28.13981056213379, 1.4265544414520264
v,-29.229225158691406, -28.13981056213379, 1.596705436706543
v,-25.798873901367188, -28.805086135864258, 1.4265544414520264
v,-25.798873901367188, -28.13981056213379, 1.4265544414520264
v,-25.798873901367188, -28.13981056213379, 1.596705436706543
v,-25.798873901367188, -28.13981056213379, 1.9029772281646729
v,-29.229225158691406, -28.13981056213379, 1.9029772281646729
v,-29.229225158691406, -27.47453498840332, 1.9029772281646729
v,-29.229225158691406, -27.47453498840332, 1.9029772281646729
v,-29.229225158691406, -28.13981056213379, 1.9029772281646729
v,-29.229225158691406, -28.13981056213379, 2.0731282234191895
v,-29.229225158691406, -28.13981056213379, 1.9029772281646729
v,-25.798873901367188, -28.13981056213379, 1.9029772281646729
v,-25.798873901367188, -28.13981056213379, 2.0731282234191895
v,-29.229225158691406, -27.47453498840332, 2.0731282234191895
v,-29.229225158691406, -28.13981056213379, 2.0731282234191895
v,-25.798873901367188, -28.13981056213379, 2.0731282234191895
v,-25.798873901367188, -27.47453498840332, 1.9029772281646729
v,-29.229225158691406, -27.47453498840332, 1.9029772281646729
v,-29.229225158691406, -27.47453498840332, 2.0731282234191895
v,-25.798873901367188, -28.13981056213379, 1.9029772281646729
v,-25.798873901367188, -27.47453498840332, 1.9029772281646729
v,-25.798873901367188, -27.47453498840332, 2.0731282234191895
v,-25.798873901367188, -27.47453498840332, 2.3794000148773193
v,-29.229225158691406, -27.47453498840332, 2.3794000148773193
v,-29.229225158691406, -26.80925941467285, 2.3794000148773193
v,-29.229225158691406, -26.80925941467285, 2.3794000148773193
v,-29.229225158691406, -27.47453498840332, 2.3794000148773193
v,-29.229225158691406, -27.47453498840332, 2.549551010131836
v,-29.229225158691406, -27.47453498840332, 2.3794000148773193
v,-25.798873901367188, -27.47453498840332, 2.3794000148773193
v,-25.798873901367188, -27.47453498840332, 2.549551010131836
v,-29.229225158691406, -26.80925941467285, 2.549551010131836
v,-29.229225158691406, -27.47453498840332, 2.549551010131836
v,-25.798873901367188, -27.47453498840332, 2.549551010131836
v,-25.798873901367188, -26.80925941467285, 2.3794000148773193
v,-29.229225158691406, -26.80925941467285, 2.3794000148773193
v,-29.229225158691406, -26.80925941467285, 2.549551010131836
v,-25.798873901367188, -27.47453498840332, 2.3794000148773193
v,-25.798873901367188, -26.80925941467285, 2.3794000148773193
v,-25.798873901367188, -26.80925941467285, 2.549551010131836
v,-25.798873901367188, -26.80925941467285, 2.855822801589966
v,-29.229225158691406, -26.80925941467285, 2.855822801589966
v,-29.229225158691406, -26.143983840942383, 2.855822801589966
v,-29.229225158691406, -26.143983840942383, 2.855822801589966
v,-29.229225158691406, -26.80925941467285, 2.855822801589966
v,-29.229225158691406, -26.80925941467285, 3.0259737968444824
v,-29.229225158691406, -26.80925941467285, 2.855822801589966
v,-25.798873901367188, -26.80925941467285, 2.855822801589966
v,-25.798873901367188, -26.80925941467285, 3.0259737968444824
v,-29.229225158691406, -26.143983840942383, 3.0259737968444824
v,-29.229225158691406, -26.80925941467285, 3.0259737968444824
v,-25.798873901367188, -26.80925941467285, 3.0259737968444824
v,-25.798873901367188, -26.143983840942383, 2.855822801589966
v,-29.229225158691406, -26.143983840942383, 2.855822801589966
v,-29.229225158691406, -26.143983840942383, 3.0259737968444824
v,-25.798873901367188, -26.80925941467285, 2.855822801589966
v,-25.798873901367188, -26.143983840942383, 2.855822801589966
v,-25.798873901367188, -26.143983840942383, 3.0259737968444824
v,-25.798873901367188, -26.143983840942383, 3.3322455883026123
v,-29.229225158691406, -26.143983840942383, 3.3322455883026123
v,-29.229225158691406, -25.478708267211914, 3.3322455883026123
v,-29.229225158691406, -25.478708267211914, 3.3322455883026123
v,-29.229225158691406, -26.143983840942383, 3.3322455883026123
v,-29.229225158691406, -26.143983840942383, 3.502396583557129
v,-29.229225158691406, -26.143983840942383, 3.3322455883026123
v,-25.798873901367188, -26.143983840942383, 3.3322455883026123
v,-25.798873901367188, -26.143983840942383, 3.502396583557129
v,-29.229225158691406, -25.478708267211914, 3.502396583557129
v,-29.229225158691406, -26.143983840942383, 3.502396583557129
v,-25.798873901367188, -26.143983840942383, 3.502396583557129
v,-25.798873901367188, -25.478708267211914, 3.3322455883026123
v,-29.229225158691406, -25.478708267211914, 3.3322455883026123
v,-29.229225158691406, -25.478708267211914, 3.502396583557129
v,-25.798873901367188, -26.143983840942383, 3.3322455883026123
v,-25.798873901367188, -25.478708267211914, 3.3322455883026123
v,-25.798873901367188, -25.478708267211914, 3.502396583557129
v,-25.798873901367188, -25.478708267211914, 3.808668375015259
v,-29.229225158691406, -25.478708267211914, 3.808668375015259
v,-29.229225158691406, -24.813432693481445, 3.808668375015259
v,-29.229225158691406, -24.813432693481445, 3.808668375015259
v,-29.229225158691406, -25.478708267211914, 3.808668375015259
v,-29.229225158691406, -25.478708267211914, 3.9788193702697754
v,-29.229225158691406, -25.478708267211914, 3.808668375015259
v,-25.798873901367188, -25.478708267211914, 3.808668375015259
v,-25.798873901367188, -25.478708267211914, 3.9788193702697754
v,-29.229225158691406, -24.813432693481445, 3.9788193702697754
v,-29.229225158691406, -25.478708267211914, 3.9788193702697754
v,-25.798873901367188, -25.478708267211914, 3.9788193702697754
v,-25.798873901367188, -24.813432693481445, 3.808668375015259
v,-29.229225158691406, -24.813432693481445, 3.808668375015259
v,-29.229225158691406, -24.813432693481445, 3.9788193702697754
v,-25.798873901367188, -25.478708267211914, 3.808668375015259
v,-25.798873901367188, -24.813432693481445, 3.808668375015259
v,-25.798873901367188, -24.813432693481445, 3.9788193702697754
v,-25.798873901367188, -24.813432693481445, 4.285090923309326
v,-29.229225158691406, -24.813432693481445, 4.285090923309326
v,-29.229225158691406, -24.148157119750977, 4.285090923309326
v,-29.229225158691406, -24.148157119750977, 4.285090923309326
v,-29.229225158691406, -24.813432693481445, 4.285090923309326
v,-29.229225158691406, -24.813432693481445, 4.455242156982422
v,-29.229225158691406, -24.813432693481445, 4.285090923309326
v,-25.798873901367188, -24.813432693481445, 4.285090923309326
v,-25.798873901367188, -24.813432693481445, 4.455242156982422
v,-29.229225158691406, -24.148157119750977, 4.455242156982422
v,-29.229225158691406, -24.813432693481445, 4.455242156982422
v,-25.798873901367188, -24.813432693481445, 4.455242156982422
v,-25.798873901367188, -24.148157119750977, 4.285090923309326
v,-29.229225158691406, -24.148157119750977, 4.285090923309326
v,-29.229225158691406, -24.148157119750977, 4.455242156982422
v,-25.798873901367188, -24.813432693481445, 4.285090923309326
v,-25.798873901367188, -24.148157119750977, 4.285090923309326
v,-25.798873901367188, -24.148157119750977, 4.455242156982422
v,-25.798873901367188, -24.148157119750977, 4.761513710021973
v,-29.229225158691406, -24.148157119750977, 4.761513710021973
v,-29.229225158691406, -23.482881546020508, 4.761513710021973
v,-29.229225158691406, -23.482881546020508, 4.761513710021973
v,-29.229225158691406, -24.148157119750977, 4.761513710021973
v,-29.229225158691406, -24.148157119750977, 4.931664943695068
v,-29.229225158691406, -24.148157119750977, 4.761513710021973
v,-25.798873901367188, -24.148157119750977, 4.761513710021973
v,-25.798873901367188, -24.148157119750977, 4.931664943695068
v,-29.229225158691406, -23.482881546020508, 4.931664943695068
v,-29.229225158691406, -24.148157119750977, 4.931664943695068
v,-25.798873901367188, -24.148157119750977, 4.931664943695068
v,-25.798873901367188, -23.482881546020508, 4.761513710021973
v,-29.229225158691406, -23.482881546020508, 4.761513710021973
v,-29.229225158691406, -23.482881546020508, 4.931664943695068
v,-25.798873901367188, -24.148157119750977, 4.761513710021973
v,-25.798873901367188, -23.482881546020508, 4.761513710021973
v,-25.798873901367188, -23.482881546020508, 4.931664943695068
v,-25.798873901367188, -23.482881546020508, 5.237936496734619
v,-29.229225158691406, -23.482881546020508, 5.237936496734619
v,-29.229225158691406, -22.81760597229004, 5.237936496734619
v,-29.229225158691406, -22.81760597229004, 5.237936496734619
v,-29.229225158691406, -23.482881546020508, 5.237936496734619
v,-29.229225158691406, -23.482881546020508, 5.408087253570557
v,-29.229225158691406, -23.482881546020508, 5.237936496734619
v,-25.798873901367188, -23.482881546020508, 5.237936496734619
v,-25.798873901367188, -23.482881546020508, 5.408087253570557
v,-29.229225158691406, -22.81760597229004, 5.408087253570557
v,-29.229225158691406, -23.482881546020508, 5.408087253570557
v,-25.798873901367188, -23.482881546020508, 5.408087253570557
v,-25.798873901367188, -22.81760597229004, 5.237936496734619
v,-29.229225158691406, -22.81760597229004, 5.237936496734619
v,-29.229225158691406, -22.81760597229004, 5.408087253570557
v,-25.798873901367188, -23.482881546020508, 5.237936496734619
v,-25.798873901367188, -22.81760597229004, 5.237936496734619
v,-25.798873901367188, -22.81760597229004, 5.408087253570557
v,-25.798873901367188, -22.81760597229004, 5.714359283447266
v,-29.229225158691406, -22.81760597229004, 5.714359283447266
v,-29.229225158691406, -22.15233039855957, 5.714359283447266
v,-29.229225158691406, -22.15233039855957, 5.714359283447266
v,-29.229225158691406, -22.81760597229004, 5.714359283447266
v,-29.229225158691406, -22.81760597229004, 5.884510517120361
v,-29.229225158691406, -22.81760597229004, 5.714359283447266
v,-25.798873901367188, -22.81760597229004, 5.714359283447266
v,-25.798873901367188, -22.81760597229004, 5.884510517120361
v,-29.229225158691406, -22.15233039855957, 5.884510517120361
v,-29.229225158691406, -22.81760597229004, 5.884510517120361
v,-25.798873901367188, -22.81760597229004, 5.884510517120361
v,-25.798873901367188, -22.15233039855957, 5.714359283447266
v,-29.229225158691406, -22.15233039855957, 5.714359283447266
v,-29.229225158691406, -22.15233039855957, 5.884510517120361
v,-25.798873901367188, -22.81760597229004, 5.714359283447266
v,-25.798873901367188, -22.15233039855957, 5.714359283447266
v,-25.798873901367188, -22.15233039855957, 5.884510517120361
v,8.901869773864746, -30.8009090423584, -0.002713903784751892
v,5.471516132354736, -30.8009090423584, -0.002713903784751892
v,5.471515655517578, -30.135629653930664, -0.002713903784751892
v,5.471515655517578, -30.135629653930664, -0.002713903784751892
v,5.471516132354736, -30.8009090423584, -0.002713903784751892
v,5.471518039703369, -30.8009090423584, 0.1674371063709259
v,5.471516132354736, -30.8009090423584, -0.002713903784751892
v,8.901869773864746, -30.8009090423584, -0.002713903784751892
v,8.901857376098633, -30.800901412963867, 0.16743700206279755
v,5.471515655517578, -30.135629653930664, 0.1674371063709259
v,5.471518039703369, -30.8009090423584, 0.1674371063709259
v,8.901857376098633, -30.800901412963867, 0.16743700206279755
v,8.901869773864746, -30.135629653930664, -0.002713903784751892
v,5.471515655517578, -30.135629653930664, -0.002713903784751892
v,5.471515655517578, -30.135629653930664, 0.1674371063709259
v,8.901869773864746, -30.8009090423584, -0.002713903784751892
v,8.901869773864746, -30.135629653930664, -0.002713903784751892
v,8.901869773864746, -30.135629653930664, 0.1674371063709259
v,8.901869773864746, -30.135629653930664, 0.4737088680267334
v,5.471515655517578, -30.135629653930664, 0.4737088680267334
v,5.471515655517578, -29.47035789489746, 0.4737088680267334
v,5.471515655517578, -29.47035789489746, 0.4737088680267334
v,5.471515655517578, -30.135629653930664, 0.4737088680267334
v,5.471515655517578, -30.135629653930664, 0.6438599228858948
v,5.471515655517578, -30.135629653930664, 0.4737088680267334
v,8.901869773864746, -30.135629653930664, 0.4737088680267334
v,8.901869773864746, -30.135629653930664, 0.6438599228858948
v,5.471515655517578, -29.47035789489746, 0.6438599228858948
v,5.471515655517578, -30.135629653930664, 0.6438599228858948
v,8.901869773864746, -30.135629653930664, 0.6438599228858948
v,8.901869773864746, -29.47035789489746, 0.4737088680267334
v,5.471515655517578, -29.47035789489746, 0.4737088680267334
v,5.471515655517578, -29.47035789489746, 0.6438599228858948
v,8.901869773864746, -30.135629653930664, 0.4737088680267334
v,8.901869773864746, -29.47035789489746, 0.4737088680267334
v,8.901869773864746, -29.47035789489746, 0.6438599228858948
v,8.901869773864746, -29.47035789489746, 0.9501316547393799
v,5.471515655517578, -29.47035789489746, 0.9501316547393799
v,5.471515655517578, -28.805082321166992, 0.9501316547393799
v,5.471515655517578, -28.805082321166992, 0.9501316547393799
v,5.471515655517578, -29.47035789489746, 0.9501316547393799
v,5.471515655517578, -29.47035789489746, 1.1202826499938965
v,5.471515655517578, -29.47035789489746, 0.9501316547393799
v,8.901869773864746, -29.47035789489746, 0.9501316547393799
v,8.901869773864746, -29.47035789489746, 1.1202826499938965
v,5.471515655517578, -28.805082321166992, 1.1202826499938965
v,5.471515655517578, -29.47035789489746, 1.1202826499938965
v,8.901869773864746, -29.47035789489746, 1.1202826499938965
v,8.901869773864746, -28.805082321166992, 0.9501316547393799
v,5.471515655517578, -28.805082321166992, 0.9501316547393799
v,5.471515655517578, -28.805082321166992, 1.1202826499938965
v,8.901869773864746, -29.47035789489746, 0.9501316547393799
v,8.901869773864746, -28.805082321166992, 0.9501316547393799
v,8.901869773864746, -28.805082321166992, 1.1202826499938965
v,8.901869773864746, -28.805082321166992, 1.4265544414520264
v,5.471515655517578, -28.805082321166992, 1.4265544414520264
v,5.471515655517578, -28.139806747436523, 1.4265544414520264
v,5.471515655517578, -28.139806747436523, 1.4265544414520264
v,5.471515655517578, -28.805082321166992, 1.4265544414520264
v,5.471515655517578, -28.805082321166992, 1.596705436706543
v,5.471515655517578, -28.805082321166992, 1.4265544414520264
v,8.901869773864746, -28.805082321166992, 1.4265544414520264
v,8.901869773864746, -28.805082321166992, 1.596705436706543
v,5.471515655517578, -28.139806747436523, 1.596705436706543
v,5.471515655517578, -28.805082321166992, 1.596705436706543
v,8.901869773864746, -28.805082321166992, 1.596705436706543
v,8.901869773864746, -28.139806747436523, 1.4265544414520264
v,5.471515655517578, -28.139806747436523, 1.4265544414520264
v,5.471515655517578, -28.139806747436523, 1.596705436706543
v,8.901869773864746, -28.805082321166992, 1.4265544414520264
v,8.901869773864746, -28.139806747436523, 1.4265544414520264
v,8.901869773864746, -28.139806747436523, 1.596705436706543
v,8.901869773864746, -28.139806747436523, 1.9029772281646729
v,5.471515655517578, -28.139806747436523, 1.9029772281646729
v,5.471515655517578, -27.474531173706055, 1.9029772281646729
v,5.471515655517578, -27.474531173706055, 1.9029772281646729
v,5.471515655517578, -28.139806747436523, 1.9029772281646729
v,5.471515655517578, -28.139806747436523, 2.0731282234191895
v,5.471515655517578, -28.139806747436523, 1.9029772281646729
v,8.901869773864746, -28.139806747436523, 1.9029772281646729
v,8.901869773864746, -28.139806747436523, 2.0731282234191895
v,5.471515655517578, -27.474531173706055, 2.0731282234191895
v,5.471515655517578, -28.139806747436523, 2.0731282234191895
v,8.901869773864746, -28.139806747436523, 2.0731282234191895
v,8.901869773864746, -27.474531173706055, 1.9029772281646729
v,5.471515655517578, -27.474531173706055, 1.9029772281646729
v,5.471515655517578, -27.474531173706055, 2.0731282234191895
v,8.901869773864746, -28.139806747436523, 1.9029772281646729
v,8.901869773864746, -27.474531173706055, 1.9029772281646729
v,8.901869773864746, -27.474531173706055, 2.0731282234191895
v,8.901869773864746, -27.474531173706055, 2.3794000148773193
v,5.471515655517578, -27.474531173706055, 2.3794000148773193
v,5.471515655517578, -26.809255599975586, 2.3794000148773193
v,5.471515655517578, -26.809255599975586, 2.3794000148773193
v,5.471515655517578, -27.474531173706055, 2.3794000148773193
v,5.471515655517578, -27.474531173706055, 2.549551010131836
v,5.471515655517578, -27.474531173706055, 2.3794000148773193
v,8.901869773864746, -27.474531173706055, 2.3794000148773193
v,8.901869773864746, -27.474531173706055, 2.549551010131836
v,5.471515655517578, -26.809255599975586, 2.549551010131836
v,5.471515655517578, -27.474531173706055, 2.549551010131836
v,8.901869773864746, -27.474531173706055, 2.549551010131836
v,8.901869773864746, -26.809255599975586, 2.3794000148773193
v,5.471515655517578, -26.809255599975586, 2.3794000148773193
v,5.471515655517578, -26.809255599975586, 2.549551010131836
v,8.901869773864746, -27.474531173706055, 2.3794000148773193
v,8.901869773864746, -26.809255599975586, 2.3794000148773193
v,8.901869773864746, -26.809255599975586, 2.549551010131836
v,8.901869773864746, -26.809255599975586, 2.855822801589966
v,5.471515655517578, -26.809255599975586, 2.855822801589966
v,5.471515655517578, -26.143980026245117, 2.855822801589966
v,5.471515655517578, -26.143980026245117, 2.855822801589966
v,5.471515655517578, -26.809255599975586, 2.855822801589966
v,5.471515655517578, -26.809255599975586, 3.0259737968444824
v,5.471515655517578, -26.809255599975586, 2.855822801589966
v,8.901869773864746, -26.809255599975586, 2.855822801589966
v,8.901869773864746, -26.809255599975586, 3.0259737968444824
v,5.471515655517578, -26.143980026245117, 3.0259737968444824
v,5.471515655517578, -26.809255599975586, 3.0259737968444824
v,8.901869773864746, -26.809255599975586, 3.0259737968444824
v,8.901869773864746, -26.143980026245117, 2.855822801589966
v,5.471515655517578, -26.143980026245117, 2.855822801589966
v,5.471515655517578, -26.143980026245117, 3.0259737968444824
v,8.901869773864746, -26.809255599975586, 2.855822801589966
v,8.901869773864746, -26.143980026245117, 2.855822801589966
v,8.901869773864746, -26.143980026245117, 3.0259737968444824
v,8.901869773864746, -26.143980026245117, 3.3322455883026123
v,5.471515655517578, -26.143980026245117, 3.3322455883026123
v,5.471515655517578, -25.47870445251465, 3.3322455883026123
v,5.471515655517578, -25.47870445251465, 3.3322455883026123
v,5.471515655517578, -26.143980026245117, 3.3322455883026123
v,5.471515655517578, -26.143980026245117, 3.502396583557129
v,5.471515655517578, -26.143980026245117, 3.3322455883026123
v,8.901869773864746, -26.143980026245117, 3.3322455883026123
v,8.901869773864746, -26.143980026245117, 3.502396583557129
v,5.471515655517578, -25.47870445251465, 3.502396583557129
v,5.471515655517578, -26.143980026245117, 3.502396583557129
v,8.901869773864746, -26.143980026245117, 3.502396583557129
v,8.901869773864746, -25.47870445251465, 3.3322455883026123
v,5.471515655517578, -25.47870445251465, 3.3322455883026123
v,5.471515655517578, -25.47870445251465, 3.502396583557129
v,8.901869773864746, -26.143980026245117, 3.3322455883026123
v,8.901869773864746, -25.47870445251465, 3.3322455883026123
v,8.901869773864746, -25.47870445251465, 3.502396583557129
v,8.901869773864746, -25.47870445251465, 3.808668375015259
v,5.471515655517578, -25.47870445251465, 3.808668375015259
v,5.47151517868042, -24.81342887878418, 3.808668375015259
v,5.47151517868042, -24.81342887878418, 3.808668375015259
v,5.471515655517578, -25.47870445251465, 3.808668375015259
v,5.471515655517578, -25.47870445251465, 3.9788193702697754
v,5.471515655517578, -25.47870445251465, 3.808668375015259
v,8.901869773864746, -25.47870445251465, 3.808668375015259
v,8.901869773864746, -25.47870445251465, 3.9788193702697754
v,5.47151517868042, -24.81342887878418, 3.9788193702697754
v,5.471515655517578, -25.47870445251465, 3.9788193702697754
v,8.901869773864746, -25.47870445251465, 3.9788193702697754
v,8.901869773864746, -24.81342887878418, 3.808668375015259
v,5.47151517868042, -24.81342887878418, 3.808668375015259
v,5.47151517868042, -24.81342887878418, 3.9788193702697754
v,8.901869773864746, -25.47870445251465, 3.808668375015259
v,8.901869773864746, -24.81342887878418, 3.808668375015259
v,8.901869773864746, -24.81342887878418, 3.9788193702697754
v,8.901869773864746, -24.81342887878418, 4.285090923309326
v,5.47151517868042, -24.81342887878418, 4.285090923309326
v,5.47151517868042, -24.14815330505371, 4.285090923309326
v,5.47151517868042, -24.14815330505371, 4.285090923309326
v,5.47151517868042, -24.81342887878418, 4.285090923309326
v,5.47151517868042, -24.81342887878418, 4.455242156982422
v,5.47151517868042, -24.81342887878418, 4.285090923309326
v,8.901869773864746, -24.81342887878418, 4.285090923309326
v,8.901869773864746, -24.81342887878418, 4.455242156982422
v,5.47151517868042, -24.14815330505371, 4.455242156982422
v,5.47151517868042, -24.81342887878418, 4.455242156982422
v,8.901869773864746, -24.81342887878418, 4.455242156982422
v,8.901869773864746, -24.14815330505371, 4.285090923309326
v,5.47151517868042, -24.14815330505371, 4.285090923309326
v,5.47151517868042, -24.14815330505371, 4.455242156982422
v,8.901869773864746, -24.81342887878418, 4.285090923309326
v,8.901869773864746, -24.14815330505371, 4.285090923309326
v,8.901869773864746, -24.14815330505371, 4.455242156982422
v,8.901869773864746, -24.14815330505371, 4.761513710021973
v,5.47151517868042, -24.14815330505371, 4.761513710021973
v,5.47151517868042, -23.482877731323242, 4.761513710021973
v,5.47151517868042, -23.482877731323242, 4.761513710021973
v,5.47151517868042, -24.14815330505371, 4.761513710021973
v,5.47151517868042, -24.14815330505371, 4.931664943695068
v,5.47151517868042, -24.14815330505371, 4.761513710021973
v,8.901869773864746, -24.14815330505371, 4.761513710021973
v,8.901869773864746, -24.14815330505371, 4.931664943695068
v,5.47151517868042, -23.482877731323242, 4.931664943695068
v,5.47151517868042, -24.14815330505371, 4.931664943695068
v,8.901869773864746, -24.14815330505371, 4.931664943695068
v,8.901869773864746, -23.482877731323242, 4.761513710021973
v,5.47151517868042, -23.482877731323242, 4.761513710021973
v,5.47151517868042, -23.482877731323242, 4.931664943695068
v,8.901869773864746, -24.14815330505371, 4.761513710021973
v,8.901869773864746, -23.482877731323242, 4.761513710021973
v,8.901869773864746, -23.482877731323242, 4.931664943695068
v,8.901869773864746, -23.482877731323242, 5.237936496734619
v,5.47151517868042, -23.482877731323242, 5.237936496734619
v,5.47151517868042, -22.817602157592773, 5.237936496734619
v,5.47151517868042, -22.817602157592773, 5.237936496734619
v,5.47151517868042, -23.482877731323242, 5.237936496734619
v,5.47151517868042, -23.482877731323242, 5.408087253570557
v,5.47151517868042, -23.482877731323242, 5.237936496734619
v,8.901869773864746, -23.482877731323242, 5.237936496734619
v,8.901869773864746, -23.482877731323242, 5.408087253570557
v,5.47151517868042, -22.817602157592773, 5.408087253570557
v,5.47151517868042, -23.482877731323242, 5.408087253570557
v,8.901869773864746, -23.482877731323242, 5.408087253570557
v,8.901869773864746, -22.817602157592773, 5.237936496734619
v,5.47151517868042, -22.817602157592773, 5.237936496734619
v,5.47151517868042, -22.817602157592773, 5.408087253570557
v,8.901869773864746, -23.482877731323242, 5.237936496734619
v,8.901869773864746, -22.817602157592773, 5.237936496734619
v,8.901869773864746, -22.817602157592773, 5.408087253570557
v,8.901869773864746, -22.817602157592773, 5.714359283447266
v,5.47151517868042, -22.817602157592773, 5.714359283447266
v,5.47151517868042, -22.152326583862305, 5.714359283447266
v,5.47151517868042, -22.152326583862305, 5.714359283447266
v,5.47151517868042, -22.817602157592773, 5.714359283447266
v,5.471517086029053, -22.817598342895508, 5.8845109939575195
v,5.47151517868042, -22.817602157592773, 5.714359283447266
v,8.901869773864746, -22.817602157592773, 5.714359283447266
v,8.901869773864746, -22.817598342895508, 5.8845109939575195
v,5.47151517868042, -22.152326583862305, 5.884510517120361
v,5.471517086029053, -22.817598342895508, 5.8845109939575195
v,8.901869773864746, -22.817598342895508, 5.8845109939575195
v,8.90186882019043, -22.152326583862305, 5.714359283447266
v,5.47151517868042, -22.152326583862305, 5.714359283447266
v,5.47151517868042, -22.152326583862305, 5.884510517120361
v,8.901869773864746, -22.817602157592773, 5.714359283447266
v,8.90186882019043, -22.152326583862305, 5.714359283447266
v,8.90186882019043, -22.152326583862305, 5.884510517120361
n,0.0, 0.0, -0.1038099005818367
n,0.0, 0.0, -0.1038099005818367
n,0.0, 0.0, -0.1038099005818367
n,-0.1038099005818367, 1.7011372221986676e-07, 0.0
n,-0.1038099005818367, 1.7011372221986676e-07, 0.0
n,-0.1038099005818367, 1.7011372221986676e-07, 0.0
n,-1.542275498422896e-07, -0.12400767207145691, 3.327890681248391e-06
n,-1.542275498422896e-07, -0.12400767207145691, 3.327890681248391e-06
n,-1.542275498422896e-07, -0.12400767207145691, 3.327890681248391e-06
n,0.0, 0.0, 0.1038099005818367
n,0.0, 0.0, 0.1038099005818367
n,0.0, 0.0, 0.1038099005818367
n,-1.0841095132718692e-08, 0.12400767207145691, 0.0
n,-1.0841095132718692e-08, 0.12400767207145691, 0.0
n,-1.0841095132718692e-08, 0.12400767207145691, 0.0
n,0.1038099005818367, 9.075350249077019e-09, 0.0
n,0.1038099005818367, 9.075350249077019e-09, 0.0
n,0.1038099005818367, 9.075350249077019e-09, 0.0
n,0.0, 0.0, -0.1038099005818367
n,0.0, 0.0, -0.1038099005818367
n,0.0, 0.0, -0.1038099005818367
n,-0.1038099005818367, -9.075350249077019e-09, 0.0
n,-0.1038099005818367, -9.075350249077019e-09, 0.0
n,-0.1038099005818367, -9.075350249077019e-09, 0.0
n,1.0841095132718692e-08, -0.12400767207145691, 0.0
n,1.0841095132718692e-08, -0.12400767207145691, 0.0
n,1.0841095132718692e-08, -0.12400767207145691, 0.0
n,0.0, 0.0, 0.1038099005818367
n,0.0, 0.0, 0.1038099005818367
n,0.0, 0.0, 0.1038099005818367
n,-1.0841095132718692e-08, 0.12400767207145691, 0.0
n,-1.0841095132718692e-08, 0.12400767207145691, 0.0
n,-1.0841095132718692e-08, 0.12400767207145691, 0.0
n,0.1038099005818367, 9.075350249077019e-09, 0.0
n,0.1038099005818367, 9.075350249077019e-09, 0.0
n,0.1038099005818367, 9.075350249077019e-09, 0.0
n,0.0, 0.0, -0.1038099005818367
n,0.0, 0.0, -0.1038099005818367
n,0.0, 0.0, -0.1038099005818367
n,-0.1038099005818367, -9.075350249077019e-09, 0.0
n,-0.1038099005818367, -9.075350249077019e-09, 0.0
n,-0.1038099005818367, -9.075350249077019e-09, 0.0
n,1.0841095132718692e-08, -0.12400767207145691, 0.0
n,1.0841095132718692e-08, -0.12400767207145691, 0.0
n,1.0841095132718692e-08, -0.12400767207145691, 0.0
n,0.0, 0.0, 0.1038099005818367
n,0.0, 0.0, 0.1038099005818367
n,0.0, 0.0, 0.1038099005818367
n,-1.0841095132718692e-08, 0.12400767207145691, 0.0
n,-1.0841095132718692e-08, 0.12400767207145691, 0.0
n,-1.0841095132718692e-08, 0.12400767207145691, 0.0
n,0.1038099005818367, 9.075350249077019e-09, 0.0
n,0.1038099005818367, 9.075350249077019e-09, 0.0
n,0.1038099005818367, 9.075350249077019e-09, 0.0
n,0.0, 0.0, -0.1038099005818367
n,0.0, 0.0, -0.1038099005818367
n,0.0, 0.0, -0.1038099005818367
n,-0.1038099005818367, -9.075350249077019e-09, 0.0
n,-0.1038099005818367, -9.075350249077019e-09, 0.0
n,-0.1038099005818367, -9.075350249077019e-09, 0.0
n,1.0841095132718692e-08, -0.12400767207145691, 0.0
n,1.0841095132718692e-08, -0.12400767207145691, 0.0
n,1.0841095132718692e-08, -0.12400767207145691, 0.0
n,0.0, 0.0, 0.1038099005818367
n,0.0, 0.0, 0.1038099005818367
n,0.0, 0.0, 0.1038099005818367
n,-1.0841095132718692e-08, 0.12400767207145691, 0.0
n,-1.0841095132718692e-08, 0.12400767207145691, 0.0
n,-1.0841095132718692e-08, 0.12400767207145691, 0.0
n,0.1038099005818367, 9.075350249077019e-09, 0.0
n,0.1038099005818367, 9.075350249077019e-09, 0.0
n,0.1038099005818367, 9.075350249077019e-09, 0.0
n,0.0, 0.0, -0.1038099005818367
n,0.0, 0.0, -0.1038099005818367
n,0.0, 0.0, -0.1038099005818367
n,-0.1038099005818367, -9.075350249077019e-09, 0.0
n,-0.1038099005818367, -9.075350249077019e-09, 0.0
n,-0.1038099005818367, -9.075350249077019e-09, 0.0
n,1.0841095132718692e-08, -0.12400767207145691, 0.0
n,1.0841095132718692e-08, -0.12400767207145691, 0.0
n,1.0841095132718692e-08, -0.12400767207145691, 0.0
n,0.0, 0.0, 0.1038099005818367
n,0.0, 0.0, 0.1038099005818367
n,0.0, 0.0, 0.1038099005818367
n,-1.0841095132718692e-08, 0.12400767207145691, 0.0
n,-1.0841095132718692e-08, 0.12400767207145691, 0.0
n,-1.0841095132718692e-08, 0.12400767207145691, 0.0
n,0.1038099005818367, 9.075350249077019e-09, 0.0
n,0.1038099005818367, 9.075350249077019e-09, 0.0
n,0.1038099005818367, 9.075350249077019e-09, 0.0
n,0.0, 0.0, -0.1038099005818367
n,0.0, 0.0, -0.1038099005818367
n,0.0, 0.0, -0.1038099005818367
n,-0.1038099005818367, -9.075350249077019e-09, 0.0
n,-0.1038099005818367, -9.075350249077019e-09, 0.0
n,-0.1038099005818367, -9.075350249077019e-09, 0.0
n,1.0841095132718692e-08, -0.12400767207145691, 0.0
n,1.0841095132718692e-08, -0.12400767207145691, 0.0
n,1.0841095132718692e-08, -0.12400767207145691, 0.0
n,0.0, 0.0, 0.1038099005818367
n,0.0, 0.0, 0.1038099005818367
n,0.0, 0.0, 0.1038099005818367
n,-1.0841095132718692e-08, 0.12400767207145691, 0.0
n,-1.0841095132718692e-08, 0.12400767207145691, 0.0
n,-1.0841095132718692e-08, 0.12400767207145691, 0.0
n,0.1038099005818367, 9.075350249077019e-09, 0.0
n,0.1038099005818367, 9.075350249077019e-09, 0.0
n,0.1038099005818367, 9.075350249077019e-09, 0.0
n,0.0, 0.0, -0.1038099005818367
n,0.0, 0.0, -0.1038099005818367
n,0.0, 0.0, -0.1038099005818367
n,-0.1038099005818367, -9.075350249077019e-09, 0.0
n,-0.1038099005818367, -9.075350249077019e-09, 0.0
n,-0.1038099005818367, -9.075350249077019e-09, 0.0
n,1.0841095132718692e-08, -0.12400767207145691, 0.0
n,1.0841095132718692e-08, -0.12400767207145691, 0.0
n,1.0841095132718692e-08, -0.12400767207145691, 0.0
n,0.0, 0.0, 0.1038099005818367
n,0.0, 0.0, 0.1038099005818367
n,0.0, 0.0, 0.1038099005818367
n,-1.0841095132718692e-08, 0.12400767207145691, 0.0
n,-1.0841095132718692e-08, 0.12400767207145691, 0.0
n,-1.0841095132718692e-08, 0.12400767207145691, 0.0
n,0.1038099005818367, 9.075350249077019e-09, 0.0
n,0.1038099005818367, 9.075350249077019e-09, 0.0
n,0.1038099005818367, 9.075350249077019e-09, 0.0
n,0.0, 0.0, -0.1038099005818367
n,0.0, 0.0, -0.1038099005818367
n,0.0, 0.0, -0.1038099005818367
n,-0.1038099005818367, -9.075350249077019e-09, 0.0
n,-0.1038099005818367, -9.075350249077019e-09, 0.0
n,-0.1038099005818367, -9.075350249077019e-09, 0.0
n,1.0841095132718692e-08, -0.12400767207145691, 0.0
n,1.0841095132718692e-08, -0.12400767207145691, 0.0
n,1.0841095132718692e-08, -0.12400767207145691, 0.0
n,0.0, 0.0, 0.1038099005818367
n,0.0, 0.0, 0.1038099005818367
n,0.0, 0.0, 0.1038099005818367
n,-1.0841095132718692e-08, 0.12400767207145691, 0.0
n,-1.0841095132718692e-08, 0.12400767207145691, 0.0
n,-1.0841095132718692e-08, 0.12400767207145691, 0.0
n,0.1038099005818367, 9.075350249077019e-09, 0.0
n,0.1038099005818367, 9.075350249077019e-09, 0.0
n,0.1038099005818367, 9.075350249077019e-09, 0.0
n,0.0, 0.0, -0.1038099005818367
n,0.0, 0.0, -0.1038099005818367
n,0.0, 0.0, -0.1038099005818367
n,-0.1038099005818367, -9.075350249077019e-09, 0.0
n,-0.1038099005818367, -9.075350249077019e-09, 0.0
n,-0.1038099005818367, -9.075350249077019e-09, 0.0
n,1.0841095132718692e-08, -0.12400767207145691, 0.0
n,1.0841095132718692e-08, -0.12400767207145691, 0.0
n,1.0841095132718692e-08, -0.12400767207145691, 0.0
n,0.0, 0.0, 0.1038099005818367
n,0.0, 0.0, 0.1038099005818367
n,0.0, 0.0, 0.1038099005818367
n,-1.0841095132718692e-08, 0.12400767207145691, 0.0
n,-1.0841095132718692e-08, 0.12400767207145691, 0.0
n,-1.0841095132718692e-08, 0.12400767207145691, 0.0
n,0.1038099005818367, 9.075350249077019e-09, 0.0
n,0.1038099005818367, 9.075350249077019e-09, 0.0
n,0.1038099005818367, 9.075350249077019e-09, 0.0
n,0.0, 0.0, -0.1038099005818367
n,0.0, 0.0, -0.1038099005818367
n,0.0, 0.0, -0.1038099005818367
n,-0.1038099005818367, -9.075350249077019e-09, 0.0
n,-0.1038099005818367, -9.075350249077019e-09, 0.0
n,-0.1038099005818367, -9.075350249077019e-09, 0.0
n,1.0841095132718692e-08, -0.12400767207145691, 0.0
n,1.0841095132718692e-08, -0.12400767207145691, 0.0
n,1.0841095132718692e-08, -0.12400767207145691, 0.0
n,0.0, 0.0, 0.1038099005818367
n,0.0, 0.0, 0.1038099005818367
n,0.0, 0.0, 0.1038099005818367
n,-1.0841095132718692e-08, 0.12400767207145691, 0.0
n,-1.0841095132718692e-08, 0.12400767207145691, 0.0
n,-1.0841095132718692e-08, 0.12400767207145691, 0.0
n,0.1038099005818367, 9.075350249077019e-09, 0.0
n,0.1038099005818367, 9.075350249077019e-09, 0.0
n,0.1038099005818367, 9.075350249077019e-09, 0.0
n,0.0, 0.0, -0.1038099005818367
n,0.0, 0.0, -0.1038099005818367
n,0.0, 0.0, -0.1038099005818367
n,-0.1038099005818367, -9.075350249077019e-09, 0.0
n,-0.1038099005818367, -9.075350249077019e-09, 0.0
n,-0.1038099005818367, -9.075350249077019e-09, 0.0
n,1.0841095132718692e-08, -0.12400767207145691, 0.0
n,1.0841095132718692e-08, -0.12400767207145691, 0.0
n,1.0841095132718692e-08, -0.12400767207145691, 0.0
n,0.0, 0.0, 0.1038099005818367
n,0.0, 0.0, 0.1038099005818367
n,0.0, 0.0, 0.1038099005818367
n,-1.0841095132718692e-08, 0.12400767207145691, 0.0
n,-1.0841095132718692e-08, 0.12400767207145691, 0.0
n,-1.0841095132718692e-08, 0.12400767207145691, 0.0
n,0.1038099005818367, 9.075350249077019e-09, 0.0
n,0.1038099005818367, 9.075350249077019e-09, 0.0
n,0.1038099005818367, 9.075350249077019e-09, 0.0
n,0.0, 0.0, -0.1038099005818367
n,0.0, 0.0, -0.1038099005818367
n,0.0, 0.0, -0.1038099005818367
n,-0.1038099005818367, -9.075350249077019e-09, 0.0
n,-0.1038099005818367, -9.075350249077019e-09, 0.0
n,-0.1038099005818367, -9.075350249077019e-09, 0.0
n,1.0841095132718692e-08, -0.12400767207145691, 0.0
n,1.0841095132718692e-08, -0.12400767207145691, 0.0
n,1.0841095132718692e-08, -0.12400767207145691, 0.0
n,0.0, 0.0, 0.1038099005818367
n,0.0, 0.0, 0.1038099005818367
n,0.0, 0.0, 0.1038099005818367
n,-1.0841095132718692e-08, 0.12400767207145691, 0.0
n,-1.0841095132718692e-08, 0.12400767207145691, 0.0
n,-1.0841095132718692e-08, 0.12400767207145691, 0.0
n,0.1038099005818367, 9.075350249077019e-09, 0.0
n,0.1038099005818367, 9.075350249077019e-09, 0.0
n,0.1038099005818367, 9.075350249077019e-09, 0.0
n,0.0, 0.0, -0.1038099005818367
n,0.0, 0.0, -0.1038099005818367
n,0.0, 0.0, -0.1038099005818367
n,-0.1038099005818367, 1.701119742847368e-07, 0.0
n,-0.1038099005818367, 1.701119742847368e-07, 0.0
n,-0.1038099005818367, 1.701119742847368e-07, 0.0
n,8.034345455598668e-08, -0.12400767207145691, -1.4012123301654356e-06
n,8.034345455598668e-08, -0.12400767207145691, -1.4012123301654356e-06
n,8.034345455598668e-08, -0.12400767207145691, -1.4012123301654356e-06
n,0.0, 0.0, 0.1038099005818367
n,0.0, 0.0, 0.1038099005818367
n,0.0, 0.0, 0.1038099005818367
n,-1.0841095132718692e-08, 0.12400767207145691, 0.0
n,-1.0841095132718692e-08, 0.12400767207145691, 0.0
n,-1.0841095132718692e-08, 0.12400767207145691, 0.0
n,0.1038099005818367, 9.075350249077019e-09, 0.0
n,0.1038099005818367, 9.075350249077019e-09, 0.0
n,0.1038099005818367, 9.075350249077019e-09, 0.0
n,0.0, 0.0, -0.1038099005818367
n,0.0, 0.0, -0.1038099005818367
n,0.0, 0.0, -0.1038099005818367
n,0.1038099005818367, 9.075350249077019e-09, 0.0
n,0.1038099005818367, 9.075350249077019e-09, 0.0
n,0.1038099005818367, 9.075350249077019e-09, 0.0
n,5.8662518398477914e-08, 0.12400767207145691, 0.0
n,5.8662518398477914e-08, 0.12400767207145691, 0.0
n,5.8662518398477914e-08, 0.12400767207145691, 0.0
n,0.0, 0.0, 0.1038099005818367
n,0.0, 0.0, 0.1038099005818367
n,0.0, 0.0, 0.1038099005818367
n,1.0841095132718692e-08, -0.12400767207145691, 0.0
n,1.0841095132718692e-08, -0.12400767207145691, 0.0
n,1.0841095132718692e-08, -0.12400767207145691, 0.0
n,-0.1038098931312561, 7.158417247410398e-06, 2.8024267521686852e-05
n,-0.1038098931312561, 7.158417247410398e-06, 2.8024267521686852e-05
n,-0.1038098931312561, 7.158417247410398e-06, 2.8024267521686852e-05
n,0.0, 0.0, -0.1038099005818367
n,0.0, 0.0, -0.1038099005818367
n,0.0, 0.0, -0.1038099005818367
n,0.1038099005818367, 9.075350249077019e-09, 0.0
n,0.1038099005818367, 9.075350249077019e-09, 0.0
n,0.1038099005818367, 9.075350249077019e-09, 0.0
n,-1.0841095132718692e-08, 0.12400767207145691, 0.0
n,-1.0841095132718692e-08, 0.12400767207145691, 0.0
n,-1.0841095132718692e-08, 0.12400767207145691, 0.0
n,0.0, 0.0, 0.1038099005818367
n,0.0, 0.0, 0.1038099005818367
n,0.0, 0.0, 0.1038099005818367
n,1.0841095132718692e-08, -0.12400767207145691, 0.0
n,1.0841095132718692e-08, -0.12400767207145691, 0.0
n,1.0841095132718692e-08, -0.12400767207145691, 0.0
n,-0.1038099005818367, 7.076760653035308e-07, 0.0
n,-0.1038099005818367, 7.076760653035308e-07, 0.0
n,-0.1038099005818367, 7.076760653035308e-07, 0.0
n,0.0, 0.0, -0.1038099005818367
n,0.0, 0.0, -0.1038099005818367
n,0.0, 0.0, -0.1038099005818367
n,0.1038099005818367, 9.075350249077019e-09, 0.0
n,0.1038099005818367, 9.075350249077019e-09, 0.0
n,0.1038099005818367, 9.075350249077019e-09, 0.0
n,-1.0841095132718692e-08, 0.12400767207145691, 0.0
n,-1.0841095132718692e-08, 0.12400767207145691, 0.0
n,-1.0841095132718692e-08, 0.12400767207145691, 0.0
n,0.0, 0.0, 0.1038099005818367
n,0.0, 0.0, 0.1038099005818367
n,0.0, 0.0, 0.1038099005818367
n,1.0841095132718692e-08, -0.12400767207145691, 0.0
n,1.0841095132718692e-08, -0.12400767207145691, 0.0
n,1.0841095132718692e-08, -0.12400767207145691, 0.0
n,-0.1038099005818367, -9.075350249077019e-09, 0.0
n,-0.1038099005818367, -9.075350249077019e-09, 0.0
n,-0.1038099005818367, -9.075350249077019e-09, 0.0
n,0.0, 0.0, -0.1038099005818367
n,0.0, 0.0, -0.1038099005818367
n,0.0, 0.0, -0.1038099005818367
n,0.1038099005818367, 9.075350249077019e-09, 0.0
n,0.1038099005818367, 9.075350249077019e-09, 0.0
n,0.1038099005818367, 9.075350249077019e-09, 0.0
n,-1.0841095132718692e-08, 0.12400767207145691, 0.0
n,-1.0841095132718692e-08, 0.12400767207145691, 0.0
n,-1.0841095132718692e-08, 0.12400767207145691, 0.0
n,0.0, 0.0, 0.1038099005818367
n,0.0, 0.0, 0.1038099005818367
n,0.0, 0.0, 0.1038099005818367
n,1.0841095132718692e-08, -0.12400767207145691, 0.0
n,1.0841095132718692e-08, -0.12400767207145691, 0.0
n,1.0841095132718692e-08, -0.12400767207145691, 0.0
n,-0.1038099005818367, -9.075350249077019e-09, 0.0
n,-0.1038099005818367, -9.075350249077019e-09, 0.0
n,-0.1038099005818367, -9.075350249077019e-09, 0.0
n,0.0, 0.0, -0.1038099005818367
n,0.0, 0.0, -0.1038099005818367
n,0.0, 0.0, -0.1038099005818367
n,0.1038099005818367, 9.075350249077019e-09, 0.0
n,0.1038099005818367, 9.075350249077019e-09, 0.0
n,0.1038099005818367, 9.075350249077019e-09, 0.0
n,-1.0841095132718692e-08, 0.12400767207145691, 0.0
n,-1.0841095132718692e-08, 0.12400767207145691, 0.0
n,-1.0841095132718692e-08, 0.12400767207145691, 0.0
n,0.0, 0.0, 0.1038099005818367
n,0.0, 0.0, 0.1038099005818367
n,0.0, 0.0, 0.1038099005818367
n,-5.866149521693842e-08, -0.12400767207145691, 0.0
n,-5.866149521693842e-08, -0.12400767207145691, 0.0
n,-5.866149521693842e-08, -0.12400767207145691, 0.0
n,-0.1038099005818367, -9.075350249077019e-09, 0.0
n,-0.1038099005818367, -9.075350249077019e-09, 0.0
n,-0.1038099005818367, -9.075350249077019e-09, 0.0
n,0.0, 0.0, -0.1038099005818367
n,0.0, 0.0, -0.1038099005818367
n,0.0, 0.0, -0.1038099005818367
n,0.1038099005818367, 9.075350249077019e-09, 0.0
n,0.1038099005818367, 9.075350249077019e-09, 0.0
n,0.1038099005818367, 9.075350249077019e-09, 0.0
n,5.866149521693842e-08, 0.12400767207145691, 0.0
n,5.866149521693842e-08, 0.12400767207145691, 0.0
n,5.866149521693842e-08, 0.12400767207145691, 0.0
n,0.0, 0.0, 0.1038099005818367
n,0.0, 0.0, 0.1038099005818367
n,0.0, 0.0, 0.1038099005818367
n,1.0841095132718692e-08, -0.12400767207145691, 0.0
n,1.0841095132718692e-08, -0.12400767207145691, 0.0
n,1.0841095132718692e-08, -0.12400767207145691, 0.0
n,-0.1038099005818367, -9.075350249077019e-09, 0.0
n,-0.1038099005818367, -9.075350249077019e-09, 0.0
n,-0.1038099005818367, -9.075350249077019e-09, 0.0
n,0.0, 0.0, -0.1038099005818367
n,0.0, 0.0, -0.1038099005818367
n,0.0, 0.0, -0.1038099005818367
n,0.1038099005818367, 9.075350249077019e-09, 0.0
n,0.1038099005818367, 9.075350249077019e-09, 0.0
n,0.1038099005818367, 9.075350249077019e-09, 0.0
n,-1.0841095132718692e-08, 0.12400767207145691, 0.0
n,-1.0841095132718692e-08, 0.12400767207145691, 0.0
n,-1.0841095132718692e-08, 0.12400767207145691, 0.0
n,0.0, 0.0, 0.1038099005818367
n,0.0, 0.0, 0.1038099005818367
n,0.0, 0.0, 0.1038099005818367
n,1.0841095132718692e-08, -0.12400767207145691, 0.0
n,1.0841095132718692e-08, -0.12400767207145691, 0.0
n,1.0841095132718692e-08, -0.12400767207145691, 0.0
n,-0.1038099005818367, -9.075350249077019e-09, 0.0
n,-0.1038099005818367, -9.075350249077019e-09, 0.0
n,-0.1038099005818367, -9.075350249077019e-09, 0.0
n,0.0, 0.0, -0.1038099005818367
n,0.0, 0.0, -0.1038099005818367
n,0.0, 0.0, -0.1038099005818367
n,0.1038099005818367, 9.075350249077019e-09, 0.0
n,0.1038099005818367, 9.075350249077019e-09, 0.0
n,0.1038099005818367, 9.075350249077019e-09, 0.0
n,-1.0841095132718692e-08, 0.12400767207145691, 0.0
n,-1.0841095132718692e-08, 0.12400767207145691, 0.0
n,-1.0841095132718692e-08, 0.12400767207145691, 0.0
n,0.0, 0.0, 0.1038099005818367
n,0.0, 0.0, 0.1038099005818367
n,0.0, 0.0, 0.1038099005818367
n,1.0841095132718692e-08, -0.12400767207145691, 0.0
n,1.0841095132718692e-08, -0.12400767207145691, 0.0
n,1.0841095132718692e-08, -0.12400767207145691, 0.0
n,-0.1038099005818367, -9.075350249077019e-09, 0.0
n,-0.1038099005818367, -9.075350249077019e-09, 0.0
n,-0.1038099005818367, -9.075350249077019e-09, 0.0
n,0.0, 0.0, -0.1038099005818367
n,0.0, 0.0, -0.1038099005818367
n,0.0, 0.0, -0.1038099005818367
n,0.1038099005818367, 9.075350249077019e-09, 0.0
n,0.1038099005818367, 9.075350249077019e-09, 0.0
n,0.1038099005818367, 9.075350249077019e-09, 0.0
n,-1.0841095132718692e-08, 0.12400767207145691, 0.0
n,-1.0841095132718692e-08, 0.12400767207145691, 0.0
n,-1.0841095132718692e-08, 0.12400767207145691, 0.0
n,0.0, 0.0, 0.1038099005818367
n,0.0, 0.0, 0.1038099005818367
n,0.0, 0.0, 0.1038099005818367
n,1.0841095132718692e-08, -0.12400767207145691, 0.0
n,1.0841095132718692e-08, -0.12400767207145691, 0.0
n,1.0841095132718692e-08, -0.12400767207145691, 0.0
n,-0.1038099005818367, -9.075350249077019e-09, 0.0
n,-0.1038099005818367, -9.075350249077019e-09, 0.0
n,-0.1038099005818367, -9.075350249077019e-09, 0.0
n,0.0, 0.0, -0.1038099005818367
n,0.0, 0.0, -0.1038099005818367
n,0.0, 0.0, -0.1038099005818367
n,0.1038099005818367, 9.075350249077019e-09, 0.0
n,0.1038099005818367, 9.075350249077019e-09, 0.0
n,0.1038099005818367, 9.075350249077019e-09, 0.0
n,-1.0841095132718692e-08, 0.12400767207145691, 0.0
n,-1.0841095132718692e-08, 0.12400767207145691, 0.0
n,-1.0841095132718692e-08, 0.12400767207145691, 0.0
n,0.0, 0.0, 0.1038099005818367
n,0.0, 0.0, 0.1038099005818367
n,0.0, 0.0, 0.1038099005818367
n,1.0841095132718692e-08, -0.12400767207145691, 0.0
n,1.0841095132718692e-08, -0.12400767207145691, 0.0
n,1.0841095132718692e-08, -0.12400767207145691, 0.0
n,-0.1038099005818367, -9.075350249077019e-09, 0.0
n,-0.1038099005818367, -9.075350249077019e-09, 0.0
n,-0.1038099005818367, -9.075350249077019e-09, 0.0
n,0.0, 0.0, -0.1038099005818367
n,0.0, 0.0, -0.1038099005818367
n,0.0, 0.0, -0.1038099005818367
n,0.1038099005818367, 9.075350249077019e-09, 0.0
n,0.1038099005818367, 9.075350249077019e-09, 0.0
n,0.1038099005818367, 9.075350249077019e-09, 0.0
n,-1.0841095132718692e-08, 0.12400767207145691, 0.0
n,-1.0841095132718692e-08, 0.12400767207145691, 0.0
n,-1.0841095132718692e-08, 0.12400767207145691, 0.0
n,0.0, 0.0, 0.1038099005818367
n,0.0, 0.0, 0.1038099005818367
n,0.0, 0.0, 0.1038099005818367
n,1.0841095132718692e-08, -0.12400767207145691, 0.0
n,1.0841095132718692e-08, -0.12400767207145691, 0.0
n,1.0841095132718692e-08, -0.12400767207145691, 0.0
n,-0.1038099005818367, -9.075350249077019e-09, 0.0
n,-0.1038099005818367, -9.075350249077019e-09, 0.0
n,-0.1038099005818367, -9.075350249077019e-09, 0.0
n,0.0, 0.0, -0.1038099005818367
n,0.0, 0.0, -0.1038099005818367
n,0.0, 0.0, -0.1038099005818367
n,0.1038099005818367, 9.075350249077019e-09, 0.0
n,0.1038099005818367, 9.075350249077019e-09, 0.0
n,0.1038099005818367, 9.075350249077019e-09, 0.0
n,-1.0841095132718692e-08, 0.12400767207145691, 0.0
n,-1.0841095132718692e-08, 0.12400767207145691, 0.0
n,-1.0841095132718692e-08, 0.12400767207145691, 0.0
n,0.0, 0.0, 0.1038099005818367
n,0.0, 0.0, 0.1038099005818367
n,0.0, 0.0, 0.1038099005818367
n,1.0841095132718692e-08, -0.12400767207145691, 0.0
n,1.0841095132718692e-08, -0.12400767207145691, 0.0
n,1.0841095132718692e-08, -0.12400767207145691, 0.0
n,-0.1038099005818367, -9.075350249077019e-09, 0.0
n,-0.1038099005818367, -9.075350249077019e-09, 0.0
n,-0.1038099005818367, -9.075350249077019e-09, 0.0
n,0.0, 0.0, -0.1038099005818367
n,0.0, 0.0, -0.1038099005818367
n,0.0, 0.0, -0.1038099005818367
n,0.1038099005818367, 9.075350249077019e-09, 0.0
n,0.1038099005818367, 9.075350249077019e-09, 0.0
n,0.1038099005818367, 9.075350249077019e-09, 0.0
n,-1.0841095132718692e-08, 0.12400767207145691, 0.0
n,-1.0841095132718692e-08, 0.12400767207145691, 0.0
n,-1.0841095132718692e-08, 0.12400767207145691, 0.0
n,7.832572955566823e-15, -8.959418806853137e-08, 0.1038099005818367
n,7.832572955566823e-15, -8.959418806853137e-08, 0.1038099005818367
n,7.832572955566823e-15, -8.959418806853137e-08, 0.1038099005818367
n,1.0841095132718692e-08, -0.12400767207145691, 0.0
n,1.0841095132718692e-08, -0.12400767207145691, 0.0
n,1.0841095132718692e-08, -0.12400767207145691, 0.0
n,-0.1038099005818367, -7.258264531628811e-07, -2.8024257971992483e-06
n,-0.1038099005818367, -7.258264531628811e-07, -2.8024257971992483e-06
n,-0.1038099005818367, -7.258264531628811e-07, -2.8024257971992483e-06
n,0.0, 0.0, -0.1038099005818367
n,0.0, 0.0, -0.1038099005818367
n,0.0, 0.0, -0.1038099005818367
n,0.1038099005818367, -1.8275948150403565e-06, 0.0
n,0.1038099005818367, -1.8275948150403565e-06, 0.0
n,0.1038099005818367, -1.8275948150403565e-06, 0.0
n,5.866060703851872e-08, 0.12400767207145691, -1.4012222209203173e-06
n,5.866060703851872e-08, 0.12400767207145691, -1.4012222209203173e-06
n,5.866060703851872e-08, 0.12400767207145691, -1.4012222209203173e-06
n,0.0, 0.0, 0.1038099005818367
n,0.0, 0.0, 0.1038099005818367
n,0.0, 0.0, 0.1038099005818367
n,1.0841095132718692e-08, -0.12400767207145691, 0.0
n,1.0841095132718692e-08, -0.12400767207145691, 0.0
n,1.0841095132718692e-08, -0.12400767207145691, 0.0
n,-0.1038099005818367, -5.160695764061529e-06, -2.022996159212198e-05
n,-0.1038099005818367, -5.160695764061529e-06, -2.022996159212198e-05
n,-0.1038099005818367, -5.160695764061529e-06, -2.022996159212198e-05
n,0.0, 0.0, -0.1038099005818367
n,0.0, 0.0, -0.1038099005818367
n,0.0, 0.0, -0.1038099005818367
n,0.1038099005818367, 9.075350249077019e-09, 0.0
n,0.1038099005818367, 9.075350249077019e-09, 0.0
n,0.1038099005818367, 9.075350249077019e-09, 0.0
n,-1.0841095132718692e-08, 0.12400767207145691, 0.0
n,-1.0841095132718692e-08, 0.12400767207145691, 0.0
n,-1.0841095132718692e-08, 0.12400767207145691, 0.0
n,0.0, 0.0, 0.1038099005818367
n,0.0, 0.0, 0.1038099005818367
n,0.0, 0.0, 0.1038099005818367
n,1.0841095132718692e-08, -0.12400767207145691, 0.0
n,1.0841095132718692e-08, -0.12400767207145691, 0.0
n,1.0841095132718692e-08, -0.12400767207145691, 0.0
n,-0.1038099005818367, -9.075350249077019e-09, 0.0
n,-0.1038099005818367, -9.075350249077019e-09, 0.0
n,-0.1038099005818367, -9.075350249077019e-09, 0.0
n,0.0, 0.0, -0.1038099005818367
n,0.0, 0.0, -0.1038099005818367
n,0.0, 0.0, -0.1038099005818367
n,0.1038099005818367, -1.3323131042852765e-08, 0.0
n,0.1038099005818367, -1.3323131042852765e-08, 0.0
n,0.1038099005818367, -1.3323131042852765e-08, 0.0
n,-1.0841095132718692e-08, 0.12400767207145691, 0.0
n,-1.0841095132718692e-08, 0.12400767207145691, 0.0
n,-1.0841095132718692e-08, 0.12400767207145691, 0.0
n,0.0, 0.0, 0.1038099005818367
n,0.0, 0.0, 0.1038099005818367
n,0.0, 0.0, 0.1038099005818367
n,1.0841095132718692e-08, -0.12400767207145691, 0.0
n,1.0841095132718692e-08, -0.12400767207145691, 0.0
n,1.0841095132718692e-08, -0.12400767207145691, 0.0
n,-0.1038099005818367, 1.3323131042852765e-08, 0.0
n,-0.1038099005818367, 1.3323131042852765e-08, 0.0
n,-0.1038099005818367, 1.3323131042852765e-08, 0.0
n,0.0, 0.0, -0.1038099005818367
n,0.0, 0.0, -0.1038099005818367
n,0.0, 0.0, -0.1038099005818367
n,0.1038099005818367, 9.075350249077019e-09, 0.0
n,0.1038099005818367, 9.075350249077019e-09, 0.0
n,0.1038099005818367, 9.075350249077019e-09, 0.0
n,-1.0841095132718692e-08, 0.12400767207145691, 0.0
n,-1.0841095132718692e-08, 0.12400767207145691, 0.0
n,-1.0841095132718692e-08, 0.12400767207145691, 0.0
n,0.0, 0.0, 0.1038099005818367
n,0.0, 0.0, 0.1038099005818367
n,0.0, 0.0, 0.1038099005818367
n,1.0841095132718692e-08, -0.12400767207145691, 0.0
n,1.0841095132718692e-08, -0.12400767207145691, 0.0
n,1.0841095132718692e-08, -0.12400767207145691, 0.0
n,-0.1038099005818367, -9.075350249077019e-09, 0.0
n,-0.1038099005818367, -9.075350249077019e-09, 0.0
n,-0.1038099005818367, -9.075350249077019e-09, 0.0
n,0.0, 0.0, -0.1038099005818367
n,0.0, 0.0, -0.1038099005818367
n,0.0, 0.0, -0.1038099005818367
n,0.1038099005818367, 9.075350249077019e-09, 0.0
n,0.1038099005818367, 9.075350249077019e-09, 0.0
n,0.1038099005818367, 9.075350249077019e-09, 0.0
n,-1.0841095132718692e-08, 0.12400767207145691, 0.0
n,-1.0841095132718692e-08, 0.12400767207145691, 0.0
n,-1.0841095132718692e-08, 0.12400767207145691, 0.0
n,0.0, 0.0, 0.1038099005818367
n,0.0, 0.0, 0.1038099005818367
n,0.0, 0.0, 0.1038099005818367
n,1.0841095132718692e-08, -0.12400767207145691, 0.0
n,1.0841095132718692e-08, -0.12400767207145691, 0.0
n,1.0841095132718692e-08, -0.12400767207145691, 0.0
n,-0.1038099005818367, -9.075350249077019e-09, 0.0
n,-0.1038099005818367, -9.075350249077019e-09, 0.0
n,-0.1038099005818367, -9.075350249077019e-09, 0.0
n,0.0, 0.0, -0.1038099005818367
n,0.0, 0.0, -0.1038099005818367
n,0.0, 0.0, -0.1038099005818367
n,0.1038099005818367, -1.3323131042852765e-08, 0.0
n,0.1038099005818367, -1.3323131042852765e-08, 0.0
n,0.1038099005818367, -1.3323131042852765e-08, 0.0
n,-1.0841095132718692e-08, 0.12400767207145691, 0.0
n,-1.0841095132718692e-08, 0.12400767207145691, 0.0
n,-1.0841095132718692e-08, 0.12400767207145691, 0.0
n,0.0, 0.0, 0.1038099005818367
n,0.0, 0.0, 0.1038099005818367
n,0.0, 0.0, 0.1038099005818367
n,1.0841095132718692e-08, -0.12400767207145691, 0.0
n,1.0841095132718692e-08, -0.12400767207145691, 0.0
n,1.0841095132718692e-08, -0.12400767207145691, 0.0
n,-0.1038099005818367, 1.3323131042852765e-08, 0.0
n,-0.1038099005818367, 1.3323131042852765e-08, 0.0
n,-0.1038099005818367, 1.3323131042852765e-08, 0.0
n,0.0, 0.0, -0.1038099005818367
n,0.0, 0.0, -0.1038099005818367
n,0.0, 0.0, -0.1038099005818367
n,0.1038099005818367, 9.075350249077019e-09, 0.0
n,0.1038099005818367, 9.075350249077019e-09, 0.0
n,0.1038099005818367, 9.075350249077019e-09, 0.0
n,-1.0841095132718692e-08, 0.12400767207145691, 0.0
n,-1.0841095132718692e-08, 0.12400767207145691, 0.0
n,-1.0841095132718692e-08, 0.12400767207145691, 0.0
n,0.0, 0.0, 0.1038099005818367
n,0.0, 0.0, 0.1038099005818367
n,0.0, 0.0, 0.1038099005818367
n,1.0841095132718692e-08, -0.12400767207145691, 0.0
n,1.0841095132718692e-08, -0.12400767207145691, 0.0
n,1.0841095132718692e-08, -0.12400767207145691, 0.0
n,-0.1038099005818367, -9.075350249077019e-09, 0.0
n,-0.1038099005818367, -9.075350249077019e-09, 0.0
n,-0.1038099005818367, -9.075350249077019e-09, 0.0
n,0.0, 0.0, -0.1038099005818367
n,0.0, 0.0, -0.1038099005818367
n,0.0, 0.0, -0.1038099005818367
n,0.1038099005818367, -1.3323131042852765e-08, 0.0
n,0.1038099005818367, -1.3323131042852765e-08, 0.0
n,0.1038099005818367, -1.3323131042852765e-08, 0.0
n,-1.0841095132718692e-08, 0.12400767207145691, 0.0
n,-1.0841095132718692e-08, 0.12400767207145691, 0.0
n,-1.0841095132718692e-08, 0.12400767207145691, 0.0
n,0.0, 0.0, 0.1038099005818367
n,0.0, 0.0, 0.1038099005818367
n,0.0, 0.0, 0.1038099005818367
n,1.0841095132718692e-08, -0.12400767207145691, 0.0
n,1.0841095132718692e-08, -0.12400767207145691, 0.0
n,1.0841095132718692e-08, -0.12400767207145691, 0.0
n,-0.1038099005818367, 1.3323131042852765e-08, 0.0
n,-0.1038099005818367, 1.3323131042852765e-08, 0.0
n,-0.1038099005818367, 1.3323131042852765e-08, 0.0
n,0.0, 0.0, -0.1038099005818367
n,0.0, 0.0, -0.1038099005818367
n,0.0, 0.0, -0.1038099005818367
n,0.1038099005818367, 9.075350249077019e-09, 0.0
n,0.1038099005818367, 9.075350249077019e-09, 0.0
n,0.1038099005818367, 9.075350249077019e-09, 0.0
n,-1.0841095132718692e-08, 0.12400767207145691, 0.0
n,-1.0841095132718692e-08, 0.12400767207145691, 0.0
n,-1.0841095132718692e-08, 0.12400767207145691, 0.0
n,0.0, 0.0, 0.1038099005818367
n,0.0, 0.0, 0.1038099005818367
n,0.0, 0.0, 0.1038099005818367
n,1.0841095132718692e-08, -0.12400767207145691, 0.0
n,1.0841095132718692e-08, -0.12400767207145691, 0.0
n,1.0841095132718692e-08, -0.12400767207145691, 0.0
n,-0.1038099005818367, -9.075350249077019e-09, 0.0
n,-0.1038099005818367, -9.075350249077019e-09, 0.0
n,-0.1038099005818367, -9.075350249077019e-09, 0.0
n,0.0, 0.0, -0.1038099005818367
n,0.0, 0.0, -0.1038099005818367
n,0.0, 0.0, -0.1038099005818367
n,0.1038099005818367, 9.075350249077019e-09, 0.0
n,0.1038099005818367, 9.075350249077019e-09, 0.0
n,0.1038099005818367, 9.075350249077019e-09, 0.0
n,-1.0841095132718692e-08, 0.12400767207145691, 0.0
n,-1.0841095132718692e-08, 0.12400767207145691, 0.0
n,-1.0841095132718692e-08, 0.12400767207145691, 0.0
n,0.0, 0.0, 0.1038099005818367
n,0.0, 0.0, 0.1038099005818367
n,0.0, 0.0, 0.1038099005818367
n,1.0841095132718692e-08, -0.12400767207145691, 0.0
n,1.0841095132718692e-08, -0.12400767207145691, 0.0
n,1.0841095132718692e-08, -0.12400767207145691, 0.0
n,-0.1038099005818367, -9.075350249077019e-09, 0.0
n,-0.1038099005818367, -9.075350249077019e-09, 0.0
n,-0.1038099005818367, -9.075350249077019e-09, 0.0
n,0.0, 0.0, -0.1038099005818367
n,0.0, 0.0, -0.1038099005818367
n,0.0, 0.0, -0.1038099005818367
n,0.1038099005818367, -1.3323131042852765e-08, 0.0
n,0.1038099005818367, -1.3323131042852765e-08, 0.0
n,0.1038099005818367, -1.3323131042852765e-08, 0.0
n,-1.0841095132718692e-08, 0.12400767207145691, 0.0
n,-1.0841095132718692e-08, 0.12400767207145691, 0.0
n,-1.0841095132718692e-08, 0.12400767207145691, 0.0
n,0.0, 0.0, 0.1038099005818367
n,0.0, 0.0, 0.1038099005818367
n,0.0, 0.0, 0.1038099005818367
n,1.0841095132718692e-08, -0.12400767207145691, 0.0
n,1.0841095132718692e-08, -0.12400767207145691, 0.0
n,1.0841095132718692e-08, -0.12400767207145691, 0.0
n,-0.1038099005818367, 1.3323131042852765e-08, 0.0
n,-0.1038099005818367, 1.3323131042852765e-08, 0.0
n,-0.1038099005818367, 1.3323131042852765e-08, 0.0
n,0.0, 0.0, -0.1038099005818367
n,0.0, 0.0, -0.1038099005818367
n,0.0, 0.0, -0.1038099005818367
n,0.1038099005818367, 9.075350249077019e-09, 0.0
n,0.1038099005818367, 9.075350249077019e-09, 0.0
n,0.1038099005818367, 9.075350249077019e-09, 0.0
n,-1.0841095132718692e-08, 0.12400767207145691, 0.0
n,-1.0841095132718692e-08, 0.12400767207145691, 0.0
n,-1.0841095132718692e-08, 0.12400767207145691, 0.0
n,0.0, 0.0, 0.1038099005818367
n,0.0, 0.0, 0.1038099005818367
n,0.0, 0.0, 0.1038099005818367
n,1.0841095132718692e-08, -0.12400767207145691, 0.0
n,1.0841095132718692e-08, -0.12400767207145691, 0.0
n,1.0841095132718692e-08, -0.12400767207145691, 0.0
n,-0.1038099005818367, -9.075350249077019e-09, 0.0
n,-0.1038099005818367, -9.075350249077019e-09, 0.0
n,-0.1038099005818367, -9.075350249077019e-09, 0.0
n,0.0, 0.0, -0.1038099005818367
n,0.0, 0.0, -0.1038099005818367
n,0.0, 0.0, -0.1038099005818367
n,0.1038099005818367, -1.3323131042852765e-08, 0.0
n,0.1038099005818367, -1.3323131042852765e-08, 0.0
n,0.1038099005818367, -1.3323131042852765e-08, 0.0
n,-1.0841095132718692e-08, 0.12400767207145691, 0.0
n,-1.0841095132718692e-08, 0.12400767207145691, 0.0
n,-1.0841095132718692e-08, 0.12400767207145691, 0.0
n,7.832550085677247e-15, -8.959392516771914e-08, 0.1038099005818367
n,7.832550085677247e-15, -8.959392516771914e-08, 0.1038099005818367
n,7.832550085677247e-15, -8.959392516771914e-08, 0.1038099005818367
n,1.0841095132718692e-08, -0.12400767207145691, 0.0
n,1.0841095132718692e-08, -0.12400767207145691, 0.0
n,1.0841095132718692e-08, -0.12400767207145691, 0.0
n,-0.1038099005818367, -5.048716957389843e-06, -1.979212902369909e-05
n,-0.1038099005818367, -5.048716957389843e-06, -1.979212902369909e-05
n,-0.1038099005818367, -5.048716957389843e-06, -1.979212902369909e-05
n,0.0, 0.0, -0.1038099005818367
n,0.0, 0.0, -0.1038099005818367
n,0.0, 0.0, -0.1038099005818367
n,-0.1038099005818367, 7.875757546571549e-06, 0.0
n,-0.1038099005818367, 7.875757546571549e-06, 0.0
n,-0.1038099005818367, 7.875757546571549e-06, 0.0
n,-1.657191774029343e-06, -0.12400766462087631, 3.485478737275116e-05
n,-1.657191774029343e-06, -0.12400766462087631, 3.485478737275116e-05
n,-1.657191774029343e-06, -0.12400766462087631, 3.485478737275116e-05
n,0.0, 0.0, 0.1038099005818367
n,0.0, 0.0, 0.1038099005818367
n,0.0, 0.0, 0.1038099005818367
n,-1.0841095132718692e-08, 0.12400767207145691, 0.0
n,-1.0841095132718692e-08, 0.12400767207145691, 0.0
n,-1.0841095132718692e-08, 0.12400767207145691, 0.0
n,0.1038099005818367, 2.159335053875111e-06, -8.407326276937965e-06
n,0.1038099005818367, 2.159335053875111e-06, -8.407326276937965e-06
n,0.1038099005818367, 2.159335053875111e-06, -8.407326276937965e-06
n,0.0, 0.0, -0.1038099005818367
n,0.0, 0.0, -0.1038099005818367
n,0.0, 0.0, -0.1038099005818367
n,-0.1038099005818367, -9.075350249077019e-09, 0.0
n,-0.1038099005818367, -9.075350249077019e-09, 0.0
n,-0.1038099005818367, -9.075350249077019e-09, 0.0
n,1.0841095132718692e-08, -0.12400767207145691, 0.0
n,1.0841095132718692e-08, -0.12400767207145691, 0.0
n,1.0841095132718692e-08, -0.12400767207145691, 0.0
n,0.0, 0.0, 0.1038099005818367
n,0.0, 0.0, 0.1038099005818367
n,0.0, 0.0, 0.1038099005818367
n,-1.0841095132718692e-08, 0.12400767207145691, 0.0
n,-1.0841095132718692e-08, 0.12400767207145691, 0.0
n,-1.0841095132718692e-08, 0.12400767207145691, 0.0
n,0.1038099005818367, 9.075350249077019e-09, 0.0
n,0.1038099005818367, 9.075350249077019e-09, 0.0
n,0.1038099005818367, 9.075350249077019e-09, 0.0
n,0.0, 0.0, -0.1038099005818367
n,0.0, 0.0, -0.1038099005818367
n,0.0, 0.0, -0.1038099005818367
n,-0.1038099005818367, -9.075350249077019e-09, 0.0
n,-0.1038099005818367, -9.075350249077019e-09, 0.0
n,-0.1038099005818367, -9.075350249077019e-09, 0.0
n,1.0841095132718692e-08, -0.12400767207145691, 0.0
n,1.0841095132718692e-08, -0.12400767207145691, 0.0
n,1.0841095132718692e-08, -0.12400767207145691, 0.0
n,0.0, 0.0, 0.1038099005818367
n,0.0, 0.0, 0.1038099005818367
n,0.0, 0.0, 0.1038099005818367
n,-1.0841095132718692e-08, 0.12400767207145691, 0.0
n,-1.0841095132718692e-08, 0.12400767207145691, 0.0
n,-1.0841095132718692e-08, 0.12400767207145691, 0.0
n,0.1038099005818367, 9.075350249077019e-09, 0.0
n,0.1038099005818367, 9.075350249077019e-09, 0.0
n,0.1038099005818367, 9.075350249077019e-09, 0.0
n,0.0, 0.0, -0.1038099005818367
n,0.0, 0.0, -0.1038099005818367
n,0.0, 0.0, -0.1038099005818367
n,-0.1038099005818367, -9.075350249077019e-09, 0.0
n,-0.1038099005818367, -9.075350249077019e-09, 0.0
n,-0.1038099005818367, -9.075350249077019e-09, 0.0
n,1.0841095132718692e-08, -0.12400767207145691, 0.0
n,1.0841095132718692e-08, -0.12400767207145691, 0.0
n,1.0841095132718692e-08, -0.12400767207145691, 0.0
n,0.0, 0.0, 0.1038099005818367
n,0.0, 0.0, 0.1038099005818367
n,0.0, 0.0, 0.1038099005818367
n,-1.0841095132718692e-08, 0.12400767207145691, 0.0
n,-1.0841095132718692e-08, 0.12400767207145691, 0.0
n,-1.0841095132718692e-08, 0.12400767207145691, 0.0
n,0.1038099005818367, 9.075350249077019e-09, 0.0
n,0.1038099005818367, 9.075350249077019e-09, 0.0
n,0.1038099005818367, 9.075350249077019e-09, 0.0
n,0.0, 0.0, -0.1038099005818367
n,0.0, 0.0, -0.1038099005818367
n,0.0, 0.0, -0.1038099005818367
n,-0.1038099005818367, -9.075350249077019e-09, 0.0
n,-0.1038099005818367, -9.075350249077019e-09, 0.0
n,-0.1038099005818367, -9.075350249077019e-09, 0.0
n,1.0841095132718692e-08, -0.12400767207145691, 0.0
n,1.0841095132718692e-08, -0.12400767207145691, 0.0
n,1.0841095132718692e-08, -0.12400767207145691, 0.0
n,0.0, 0.0, 0.1038099005818367
n,0.0, 0.0, 0.1038099005818367
n,0.0, 0.0, 0.1038099005818367
n,-1.0841095132718692e-08, 0.12400767207145691, 0.0
n,-1.0841095132718692e-08, 0.12400767207145691, 0.0
n,-1.0841095132718692e-08, 0.12400767207145691, 0.0
n,0.1038099005818367, 9.075350249077019e-09, 0.0
n,0.1038099005818367, 9.075350249077019e-09, 0.0
n,0.1038099005818367, 9.075350249077019e-09, 0.0
n,0.0, 0.0, -0.1038099005818367
n,0.0, 0.0, -0.1038099005818367
n,0.0, 0.0, -0.1038099005818367
n,-0.1038099005818367, -9.075350249077019e-09, 0.0
n,-0.1038099005818367, -9.075350249077019e-09, 0.0
n,-0.1038099005818367, -9.075350249077019e-09, 0.0
n,1.0841095132718692e-08, -0.12400767207145691, 0.0
n,1.0841095132718692e-08, -0.12400767207145691, 0.0
n,1.0841095132718692e-08, -0.12400767207145691, 0.0
n,0.0, 0.0, 0.1038099005818367
n,0.0, 0.0, 0.1038099005818367
n,0.0, 0.0, 0.1038099005818367
n,-1.0841095132718692e-08, 0.12400767207145691, 0.0
n,-1.0841095132718692e-08, 0.12400767207145691, 0.0
n,-1.0841095132718692e-08, 0.12400767207145691, 0.0
n,0.1038099005818367, 9.075350249077019e-09, 0.0
n,0.1038099005818367, 9.075350249077019e-09, 0.0
n,0.1038099005818367, 9.075350249077019e-09, 0.0
n,0.0, 0.0, -0.1038099005818367
n,0.0, 0.0, -0.1038099005818367
n,0.0, 0.0, -0.1038099005818367
n,-0.1038099005818367, -9.075350249077019e-09, 0.0
n,-0.1038099005818367, -9.075350249077019e-09, 0.0
n,-0.1038099005818367, -9.075350249077019e-09, 0.0
n,1.0841095132718692e-08, -0.12400767207145691, 0.0
n,1.0841095132718692e-08, -0.12400767207145691, 0.0
n,1.0841095132718692e-08, -0.12400767207145691, 0.0
n,0.0, 0.0, 0.1038099005818367
n,0.0, 0.0, 0.1038099005818367
n,0.0, 0.0, 0.1038099005818367
n,-1.0841095132718692e-08, 0.12400767207145691, 0.0
n,-1.0841095132718692e-08, 0.12400767207145691, 0.0
n,-1.0841095132718692e-08, 0.12400767207145691, 0.0
n,0.1038099005818367, 9.075350249077019e-09, 0.0
n,0.1038099005818367, 9.075350249077019e-09, 0.0
n,0.1038099005818367, 9.075350249077019e-09, 0.0
n,0.0, 0.0, -0.1038099005818367
n,0.0, 0.0, -0.1038099005818367
n,0.0, 0.0, -0.1038099005818367
n,-0.1038099005818367, -9.075350249077019e-09, 0.0
n,-0.1038099005818367, -9.075350249077019e-09, 0.0
n,-0.1038099005818367, -9.075350249077019e-09, 0.0
n,1.0841095132718692e-08, -0.12400767207145691, 0.0
n,1.0841095132718692e-08, -0.12400767207145691, 0.0
n,1.0841095132718692e-08, -0.12400767207145691, 0.0
n,0.0, 0.0, 0.1038099005818367
n,0.0, 0.0, 0.1038099005818367
n,0.0, 0.0, 0.1038099005818367
n,-1.0841095132718692e-08, 0.12400767207145691, 0.0
n,-1.0841095132718692e-08, 0.12400767207145691, 0.0
n,-1.0841095132718692e-08, 0.12400767207145691, 0.0
n,0.1038099005818367, 9.075350249077019e-09, 0.0
n,0.1038099005818367, 9.075350249077019e-09, 0.0
n,0.1038099005818367, 9.075350249077019e-09, 0.0
n,0.0, 0.0, -0.1038099005818367
n,0.0, 0.0, -0.1038099005818367
n,0.0, 0.0, -0.1038099005818367
n,-0.1038099005818367, -9.075350249077019e-09, 0.0
n,-0.1038099005818367, -9.075350249077019e-09, 0.0
n,-0.1038099005818367, -9.075350249077019e-09, 0.0
n,1.0841095132718692e-08, -0.12400767207145691, 0.0
n,1.0841095132718692e-08, -0.12400767207145691, 0.0
n,1.0841095132718692e-08, -0.12400767207145691, 0.0
n,0.0, 0.0, 0.1038099005818367
n,0.0, 0.0, 0.1038099005818367
n,0.0, 0.0, 0.1038099005818367
n,-1.0841095132718692e-08, 0.12400767207145691, 0.0
n,-1.0841095132718692e-08, 0.12400767207145691, 0.0
n,-1.0841095132718692e-08, 0.12400767207145691, 0.0
n,0.1038099005818367, 9.075350249077019e-09, 0.0
n,0.1038099005818367, 9.075350249077019e-09, 0.0
n,0.1038099005818367, 9.075350249077019e-09, 0.0
n,0.0, 0.0, -0.1038099005818367
n,0.0, 0.0, -0.1038099005818367
n,0.0, 0.0, -0.1038099005818367
n,-0.1038099005818367, -9.075350249077019e-09, 0.0
n,-0.1038099005818367, -9.075350249077019e-09, 0.0
n,-0.1038099005818367, -9.075350249077019e-09, 0.0
n,1.0841095132718692e-08, -0.12400767207145691, 0.0
n,1.0841095132718692e-08, -0.12400767207145691, 0.0
n,1.0841095132718692e-08, -0.12400767207145691, 0.0
n,0.0, 0.0, 0.1038099005818367
n,0.0, 0.0, 0.1038099005818367
n,0.0, 0.0, 0.1038099005818367
n,-1.0841095132718692e-08, 0.12400767207145691, 0.0
n,-1.0841095132718692e-08, 0.12400767207145691, 0.0
n,-1.0841095132718692e-08, 0.12400767207145691, 0.0
n,0.1038099005818367, 9.075350249077019e-09, 0.0
n,0.1038099005818367, 9.075350249077019e-09, 0.0
n,0.1038099005818367, 9.075350249077019e-09, 0.0
n,0.0, 0.0, -0.1038099005818367
n,0.0, 0.0, -0.1038099005818367
n,0.0, 0.0, -0.1038099005818367
n,-0.1038099005818367, -9.075350249077019e-09, 0.0
n,-0.1038099005818367, -9.075350249077019e-09, 0.0
n,-0.1038099005818367, -9.075350249077019e-09, 0.0
n,1.0841095132718692e-08, -0.12400767207145691, 0.0
n,1.0841095132718692e-08, -0.12400767207145691, 0.0
n,1.0841095132718692e-08, -0.12400767207145691, 0.0
n,0.0, 0.0, 0.1038099005818367
n,0.0, 0.0, 0.1038099005818367
n,0.0, 0.0, 0.1038099005818367
n,-1.0841095132718692e-08, 0.12400767207145691, 0.0
n,-1.0841095132718692e-08, 0.12400767207145691, 0.0
n,-1.0841095132718692e-08, 0.12400767207145691, 0.0
n,0.1038099005818367, 9.075350249077019e-09, 0.0
n,0.1038099005818367, 9.075350249077019e-09, 0.0
n,0.1038099005818367, 9.075350249077019e-09, 0.0
n,0.0, 0.0, -0.1038099005818367
n,0.0, 0.0, -0.1038099005818367
n,0.0, 0.0, -0.1038099005818367
n,-0.1038099005818367, -9.075350249077019e-09, 0.0
n,-0.1038099005818367, -9.075350249077019e-09, 0.0
n,-0.1038099005818367, -9.075350249077019e-09, 0.0
n,1.0841095132718692e-08, -0.12400767207145691, 0.0
n,1.0841095132718692e-08, -0.12400767207145691, 0.0
n,1.0841095132718692e-08, -0.12400767207145691, 0.0
n,0.0, 0.0, 0.1038099005818367
n,0.0, 0.0, 0.1038099005818367
n,0.0, 0.0, 0.1038099005818367
n,-1.0841095132718692e-08, 0.12400767207145691, 0.0
n,-1.0841095132718692e-08, 0.12400767207145691, 0.0
n,-1.0841095132718692e-08, 0.12400767207145691, 0.0
n,0.1038099005818367, 9.075350249077019e-09, 0.0
n,0.1038099005818367, 9.075350249077019e-09, 0.0
n,0.1038099005818367, 9.075350249077019e-09, 0.0
n,0.0, 0.0, -0.1038099005818367
n,0.0, 0.0, -0.1038099005818367
n,0.0, 0.0, -0.1038099005818367
n,-0.1038099005818367, 7.077226769069966e-07, 0.0
n,-0.1038099005818367, 7.077226769069966e-07, 0.0
n,-0.1038099005818367, 7.077226769069966e-07, 0.0
n,-1.5529619759035995e-06, -0.12400767207145691, 3.15272445732262e-05
n,-1.5529619759035995e-06, -0.12400767207145691, 3.15272445732262e-05
n,-1.5529619759035995e-06, -0.12400767207145691, 3.15272445732262e-05
n,0.0, 0.0, 0.1038099005818367
n,0.0, 0.0, 0.1038099005818367
n,0.0, 0.0, 0.1038099005818367
n,-1.0841095132718692e-08, 0.12400767207145691, 0.0
n,-1.0841095132718692e-08, 0.12400767207145691, 0.0
n,-1.0841095132718692e-08, 0.12400767207145691, 0.0
n,0.1038099005818367, 9.075350249077019e-09, 0.0
n,0.1038099005818367, 9.075350249077019e-09, 0.0
n,0.1038099005818367, 9.075350249077019e-09, 0.0
n,0.0, 0.0, -0.1038099005818367
n,0.0, 0.0, -0.1038099005818367
n,0.0, 0.0, -0.1038099005818367
n,-0.1038099005818367, -9.075350249077019e-09, 0.0
n,-0.1038099005818367, -9.075350249077019e-09, 0.0
n,-0.1038099005818367, -9.075350249077019e-09, 0.0
n,1.0841095132718692e-08, -0.12400767207145691, 0.0
n,1.0841095132718692e-08, -0.12400767207145691, 0.0
n,1.0841095132718692e-08, -0.12400767207145691, 0.0
n,0.0, 0.0, 0.1038099005818367
n,0.0, 0.0, 0.1038099005818367
n,0.0, 0.0, 0.1038099005818367
n,-1.0841095132718692e-08, 0.12400767207145691, 0.0
n,-1.0841095132718692e-08, 0.12400767207145691, 0.0
n,-1.0841095132718692e-08, 0.12400767207145691, 0.0
n,0.1038099005818367, 9.075350249077019e-09, 0.0
n,0.1038099005818367, 9.075350249077019e-09, 0.0
n,0.1038099005818367, 9.075350249077019e-09, 0.0
n,0.0, 0.0, -0.1038099005818367
n,0.0, 0.0, -0.1038099005818367
n,0.0, 0.0, -0.1038099005818367
n,-0.1038099005818367, -9.075350249077019e-09, 0.0
n,-0.1038099005818367, -9.075350249077019e-09, 0.0
n,-0.1038099005818367, -9.075350249077019e-09, 0.0
n,1.0841095132718692e-08, -0.12400767207145691, 0.0
n,1.0841095132718692e-08, -0.12400767207145691, 0.0
n,1.0841095132718692e-08, -0.12400767207145691, 0.0
n,0.0, 0.0, 0.1038099005818367
n,0.0, 0.0, 0.1038099005818367
n,0.0, 0.0, 0.1038099005818367
n,-1.0841095132718692e-08, 0.12400767207145691, 0.0
n,-1.0841095132718692e-08, 0.12400767207145691, 0.0
n,-1.0841095132718692e-08, 0.12400767207145691, 0.0
n,0.1038099005818367, 9.075350249077019e-09, 0.0
n,0.1038099005818367, 9.075350249077019e-09, 0.0
n,0.1038099005818367, 9.075350249077019e-09, 0.0
n,0.0, 0.0, -0.1038099005818367
n,0.0, 0.0, -0.1038099005818367
n,0.0, 0.0, -0.1038099005818367
n,-0.1038099005818367, -9.075350249077019e-09, 0.0
n,-0.1038099005818367, -9.075350249077019e-09, 0.0
n,-0.1038099005818367, -9.075350249077019e-09, 0.0
n,1.0841095132718692e-08, -0.12400767207145691, 0.0
n,1.0841095132718692e-08, -0.12400767207145691, 0.0
n,1.0841095132718692e-08, -0.12400767207145691, 0.0
n,0.0, 0.0, 0.1038099005818367
n,0.0, 0.0, 0.1038099005818367
n,0.0, 0.0, 0.1038099005818367
n,-1.0841095132718692e-08, 0.12400767207145691, 0.0
n,-1.0841095132718692e-08, 0.12400767207145691, 0.0
n,-1.0841095132718692e-08, 0.12400767207145691, 0.0
n,0.1038099005818367, 9.075350249077019e-09, 0.0
n,0.1038099005818367, 9.075350249077019e-09, 0.0
n,0.1038099005818367, 9.075350249077019e-09, 0.0
n,0.0, 0.0, -0.1038099005818367
n,0.0, 0.0, -0.1038099005818367
n,0.0, 0.0, -0.1038099005818367
n,-0.1038099005818367, -9.075350249077019e-09, 0.0
n,-0.1038099005818367, -9.075350249077019e-09, 0.0
n,-0.1038099005818367, -9.075350249077019e-09, 0.0
n,1.0841095132718692e-08, -0.12400767207145691, 0.0
n,1.0841095132718692e-08, -0.12400767207145691, 0.0
n,1.0841095132718692e-08, -0.12400767207145691, 0.0
n,0.0, 0.0, 0.1038099005818367
n,0.0, 0.0, 0.1038099005818367
n,0.0, 0.0, 0.1038099005818367
n,-1.0841095132718692e-08, 0.12400767207145691, 0.0
n,-1.0841095132718692e-08, 0.12400767207145691, 0.0
n,-1.0841095132718692e-08, 0.12400767207145691, 0.0
n,0.1038099005818367, 9.075350249077019e-09, 0.0
n,0.1038099005818367, 9.075350249077019e-09, 0.0
n,0.1038099005818367, 9.075350249077019e-09, 0.0
n,0.0, 0.0, -0.1038099005818367
n,0.0, 0.0, -0.1038099005818367
n,0.0, 0.0, -0.1038099005818367
n,-0.1038099005818367, -9.075350249077019e-09, 0.0
n,-0.1038099005818367, -9.075350249077019e-09, 0.0
n,-0.1038099005818367, -9.075350249077019e-09, 0.0
n,1.0841095132718692e-08, -0.12400767207145691, 0.0
n,1.0841095132718692e-08, -0.12400767207145691, 0.0
n,1.0841095132718692e-08, -0.12400767207145691, 0.0
n,0.0, 0.0, 0.1038099005818367
n,0.0, 0.0, 0.1038099005818367
n,0.0, 0.0, 0.1038099005818367
n,-1.0841095132718692e-08, 0.12400767207145691, 0.0
n,-1.0841095132718692e-08, 0.12400767207145691, 0.0
n,-1.0841095132718692e-08, 0.12400767207145691, 0.0
n,0.1038099005818367, 9.075350249077019e-09, 0.0
n,0.1038099005818367, 9.075350249077019e-09, 0.0
n,0.1038099005818367, 9.075350249077019e-09, 0.0
n,0.0, 0.0, -0.1038099005818367
n,0.0, 0.0, -0.1038099005818367
n,0.0, 0.0, -0.1038099005818367
n,-0.1038099005818367, -9.075350249077019e-09, 0.0
n,-0.1038099005818367, -9.075350249077019e-09, 0.0
n,-0.1038099005818367, -9.075350249077019e-09, 0.0
n,1.0841095132718692e-08, -0.12400767207145691, 0.0
n,1.0841095132718692e-08, -0.12400767207145691, 0.0
n,1.0841095132718692e-08, -0.12400767207145691, 0.0
n,0.0, 0.0, 0.1038099005818367
n,0.0, 0.0, 0.1038099005818367
n,0.0, 0.0, 0.1038099005818367
n,-1.0841095132718692e-08, 0.12400767207145691, 0.0
n,-1.0841095132718692e-08, 0.12400767207145691, 0.0
n,-1.0841095132718692e-08, 0.12400767207145691, 0.0
n,0.1038099005818367, 9.075350249077019e-09, 0.0
n,0.1038099005818367, 9.075350249077019e-09, 0.0
n,0.1038099005818367, 9.075350249077019e-09, 0.0
n,0.0, 0.0, -0.1038099005818367
n,0.0, 0.0, -0.1038099005818367
n,0.0, 0.0, -0.1038099005818367
n,-0.1038099005818367, -9.075350249077019e-09, 0.0
n,-0.1038099005818367, -9.075350249077019e-09, 0.0
n,-0.1038099005818367, -9.075350249077019e-09, 0.0
n,1.0841095132718692e-08, -0.12400767207145691, 0.0
n,1.0841095132718692e-08, -0.12400767207145691, 0.0
n,1.0841095132718692e-08, -0.12400767207145691, 0.0
n,0.0, 0.0, 0.1038099005818367
n,0.0, 0.0, 0.1038099005818367
n,0.0, 0.0, 0.1038099005818367
n,-1.0841095132718692e-08, 0.12400767207145691, 0.0
n,-1.0841095132718692e-08, 0.12400767207145691, 0.0
n,-1.0841095132718692e-08, 0.12400767207145691, 0.0
n,0.1038099005818367, 9.075350249077019e-09, 0.0
n,0.1038099005818367, 9.075350249077019e-09, 0.0
n,0.1038099005818367, 9.075350249077019e-09, 0.0
n,0.0, 0.0, -0.1038099005818367
n,0.0, 0.0, -0.1038099005818367
n,0.0, 0.0, -0.1038099005818367
n,-0.1038099005818367, -9.075350249077019e-09, 0.0
n,-0.1038099005818367, -9.075350249077019e-09, 0.0
n,-0.1038099005818367, -9.075350249077019e-09, 0.0
n,1.0841095132718692e-08, -0.12400767207145691, 0.0
n,1.0841095132718692e-08, -0.12400767207145691, 0.0
n,1.0841095132718692e-08, -0.12400767207145691, 0.0
n,0.0, 0.0, 0.1038099005818367
n,0.0, 0.0, 0.1038099005818367
n,0.0, 0.0, 0.1038099005818367
n,-1.0841095132718692e-08, 0.12400767207145691, 0.0
n,-1.0841095132718692e-08, 0.12400767207145691, 0.0
n,-1.0841095132718692e-08, 0.12400767207145691, 0.0
n,0.1038099005818367, 9.075350249077019e-09, 0.0
n,0.1038099005818367, 9.075350249077019e-09, 0.0
n,0.1038099005818367, 9.075350249077019e-09, 0.0
n,0.0, 0.0, -0.1038099005818367
n,0.0, 0.0, -0.1038099005818367
n,0.0, 0.0, -0.1038099005818367
n,-0.1038099005818367, -9.075350249077019e-09, 0.0
n,-0.1038099005818367, -9.075350249077019e-09, 0.0
n,-0.1038099005818367, -9.075350249077019e-09, 0.0
n,1.0841095132718692e-08, -0.12400767207145691, 0.0
n,1.0841095132718692e-08, -0.12400767207145691, 0.0
n,1.0841095132718692e-08, -0.12400767207145691, 0.0
n,0.0, 0.0, 0.1038099005818367
n,0.0, 0.0, 0.1038099005818367
n,0.0, 0.0, 0.1038099005818367
n,-1.0841095132718692e-08, 0.12400767207145691, 0.0
n,-1.0841095132718692e-08, 0.12400767207145691, 0.0
n,-1.0841095132718692e-08, 0.12400767207145691, 0.0
n,0.1038099005818367, 9.075350249077019e-09, 0.0
n,0.1038099005818367, 9.075350249077019e-09, 0.0
n,0.1038099005818367, 9.075350249077019e-09, 0.0
n,0.0, 0.0, -0.1038099005818367
n,0.0, 0.0, -0.1038099005818367
n,0.0, 0.0, -0.1038099005818367
n,-0.1038099005818367, -9.075350249077019e-09, 0.0
n,-0.1038099005818367, -9.075350249077019e-09, 0.0
n,-0.1038099005818367, -9.075350249077019e-09, 0.0
n,1.0841095132718692e-08, -0.12400767207145691, 0.0
n,1.0841095132718692e-08, -0.12400767207145691, 0.0
n,1.0841095132718692e-08, -0.12400767207145691, 0.0
n,0.0, 0.0, 0.1038099005818367
n,0.0, 0.0, 0.1038099005818367
n,0.0, 0.0, 0.1038099005818367
n,-1.0841095132718692e-08, 0.12400767207145691, 0.0
n,-1.0841095132718692e-08, 0.12400767207145691, 0.0
n,-1.0841095132718692e-08, 0.12400767207145691, 0.0
n,0.1038099005818367, 9.075350249077019e-09, 0.0
n,0.1038099005818367, 9.075350249077019e-09, 0.0
n,0.1038099005818367, 9.075350249077019e-09, 0.0
n,0.0, 0.0, -0.1038099005818367
n,0.0, 0.0, -0.1038099005818367
n,0.0, 0.0, -0.1038099005818367
n,-0.1038099005818367, -9.075350249077019e-09, 0.0
n,-0.1038099005818367, -9.075350249077019e-09, 0.0
n,-0.1038099005818367, -9.075350249077019e-09, 0.0
n,1.0841095132718692e-08, -0.12400767207145691, 0.0
n,1.0841095132718692e-08, -0.12400767207145691, 0.0
n,1.0841095132718692e-08, -0.12400767207145691, 0.0
n,0.0, 0.0, 0.1038099005818367
n,0.0, 0.0, 0.1038099005818367
n,0.0, 0.0, 0.1038099005818367
n,-1.0841095132718692e-08, 0.12400767207145691, 0.0
n,-1.0841095132718692e-08, 0.12400767207145691, 0.0
n,-1.0841095132718692e-08, 0.12400767207145691, 0.0
n,0.1038099005818367, 9.075350249077019e-09, 0.0
n,0.1038099005818367, 9.075350249077019e-09, 0.0
n,0.1038099005818367, 9.075350249077019e-09, 0.0
n,0.0, 0.0, -0.1038099005818367
n,0.0, 0.0, -0.1038099005818367
n,0.0, 0.0, -0.1038099005818367
n,-0.1038099005818367, -9.075350249077019e-09, 0.0
n,-0.1038099005818367, -9.075350249077019e-09, 0.0
n,-0.1038099005818367, -9.075350249077019e-09, 0.0
n,1.0841095132718692e-08, -0.12400767207145691, 0.0
n,1.0841095132718692e-08, -0.12400767207145691, 0.0
n,1.0841095132718692e-08, -0.12400767207145691, 0.0
n,0.0, 0.0, 0.1038099005818367
n,0.0, 0.0, 0.1038099005818367
n,0.0, 0.0, 0.1038099005818367
n,-1.0841095132718692e-08, 0.12400767207145691, 0.0
n,-1.0841095132718692e-08, 0.12400767207145691, 0.0
n,-1.0841095132718692e-08, 0.12400767207145691, 0.0
n,0.1038099005818367, 9.075350249077019e-09, 0.0
n,0.1038099005818367, 9.075350249077019e-09, 0.0
n,0.1038099005818367, 9.075350249077019e-09, 0.0
n,0.0, 0.0, -0.1038099005818367
n,0.0, 0.0, -0.1038099005818367
n,0.0, 0.0, -0.1038099005818367
n,-0.1038099005818367, -9.075350249077019e-09, 0.0
n,-0.1038099005818367, -9.075350249077019e-09, 0.0
n,-0.1038099005818367, -9.075350249077019e-09, 0.0
n,1.0841095132718692e-08, -0.12400767207145691, 0.0
n,1.0841095132718692e-08, -0.12400767207145691, 0.0
n,1.0841095132718692e-08, -0.12400767207145691, 0.0
n,0.0, 0.0, 0.1038099005818367
n,0.0, 0.0, 0.1038099005818367
n,0.0, 0.0, 0.1038099005818367
n,-1.0841095132718692e-08, 0.12400767207145691, 0.0
n,-1.0841095132718692e-08, 0.12400767207145691, 0.0
n,-1.0841095132718692e-08, 0.12400767207145691, 0.0
n,0.1038099005818367, 9.075350249077019e-09, 0.0
n,0.1038099005818367, 9.075350249077019e-09, 0.0
n,0.1038099005818367, 9.075350249077019e-09, 0.0
n,0.0, 0.0, -0.1038099005818367
n,0.0, 0.0, -0.1038099005818367
n,0.0, 0.0, -0.1038099005818367
n,-0.1038099005818367, -5.466373522722279e-07, 0.0
n,-0.1038099005818367, -5.466373522722279e-07, 0.0
n,-0.1038099005818367, -5.466373522722279e-07, 0.0
n,2.8885273195555783e-07, -0.12400767207145691, -5.628867597723408e-12
n,2.8885273195555783e-07, -0.12400767207145691, -5.628867597723408e-12
n,2.8885273195555783e-07, -0.12400767207145691, -5.628867597723408e-12
n,1.4686157936191335e-15, -1.679900663020817e-08, 0.1038099005818367
n,1.4686157936191335e-15, -1.679900663020817e-08, 0.1038099005818367
n,1.4686157936191335e-15, -1.679900663020817e-08, 0.1038099005818367
n,-1.0841095132718692e-08, 0.12400767207145691, 0.0
n,-1.0841095132718692e-08, 0.12400767207145691, 0.0
n,-1.0841095132718692e-08, 0.12400767207145691, 0.0
n,0.1038099005818367, -1.7828199361247243e-06, 7.0061732913018204e-06
n,0.1038099005818367, -1.7828199361247243e-06, 7.0061732913018204e-06
n,0.1038099005818367, -1.7828199361247243e-06, 7.0061732913018204e-06
n,0.0, 0.0, -0.1038099005818367
n,0.0, 0.0, -0.1038099005818367
n,0.0, 0.0, -0.1038099005818367
n,-0.1038099005818367, -9.075350249077019e-09, 0.0
n,-0.1038099005818367, -9.075350249077019e-09, 0.0
n,-0.1038099005818367, -9.075350249077019e-09, 0.0
n,1.0841095132718692e-08, -0.12400767207145691, 0.0
n,1.0841095132718692e-08, -0.12400767207145691, 0.0
n,1.0841095132718692e-08, -0.12400767207145691, 0.0
n,0.0, 0.0, 0.1038099005818367
n,0.0, 0.0, 0.1038099005818367
n,0.0, 0.0, 0.1038099005818367
n,-1.0841095132718692e-08, 0.12400767207145691, 0.0
n,-1.0841095132718692e-08, 0.12400767207145691, 0.0
n,-1.0841095132718692e-08, 0.12400767207145691, 0.0
n,0.1038099005818367, 9.075350249077019e-09, 0.0
n,0.1038099005818367, 9.075350249077019e-09, 0.0
n,0.1038099005818367, 9.075350249077019e-09, 0.0
n,0.0, 0.0, -0.1038099005818367
n,0.0, 0.0, -0.1038099005818367
n,0.0, 0.0, -0.1038099005818367
n,-0.1038099005818367, -9.075350249077019e-09, 0.0
n,-0.1038099005818367, -9.075350249077019e-09, 0.0
n,-0.1038099005818367, -9.075350249077019e-09, 0.0
n,1.0841095132718692e-08, -0.12400767207145691, 0.0
n,1.0841095132718692e-08, -0.12400767207145691, 0.0
n,1.0841095132718692e-08, -0.12400767207145691, 0.0
n,0.0, 0.0, 0.1038099005818367
n,0.0, 0.0, 0.1038099005818367
n,0.0, 0.0, 0.1038099005818367
n,-1.0841095132718692e-08, 0.12400767207145691, 0.0
n,-1.0841095132718692e-08, 0.12400767207145691, 0.0
n,-1.0841095132718692e-08, 0.12400767207145691, 0.0
n,0.1038099005818367, 9.075350249077019e-09, 0.0
n,0.1038099005818367, 9.075350249077019e-09, 0.0
n,0.1038099005818367, 9.075350249077019e-09, 0.0
n,0.0, 0.0, -0.1038099005818367
n,0.0, 0.0, -0.1038099005818367
n,0.0, 0.0, -0.1038099005818367
n,-0.1038099005818367, -9.075350249077019e-09, 0.0
n,-0.1038099005818367, -9.075350249077019e-09, 0.0
n,-0.1038099005818367, -9.075350249077019e-09, 0.0
n,1.0841095132718692e-08, -0.12400767207145691, 0.0
n,1.0841095132718692e-08, -0.12400767207145691, 0.0
n,1.0841095132718692e-08, -0.12400767207145691, 0.0
n,0.0, 0.0, 0.1038099005818367
n,0.0, 0.0, 0.1038099005818367
n,0.0, 0.0, 0.1038099005818367
n,-1.0841095132718692e-08, 0.12400767207145691, 0.0
n,-1.0841095132718692e-08, 0.12400767207145691, 0.0
n,-1.0841095132718692e-08, 0.12400767207145691, 0.0
n,0.1038099005818367, 9.075350249077019e-09, 0.0
n,0.1038099005818367, 9.075350249077019e-09, 0.0
n,0.1038099005818367, 9.075350249077019e-09, 0.0
n,0.0, 0.0, -0.1038099005818367
n,0.0, 0.0, -0.1038099005818367
n,0.0, 0.0, -0.1038099005818367
n,-0.1038099005818367, -9.075350249077019e-09, 0.0
n,-0.1038099005818367, -9.075350249077019e-09, 0.0
n,-0.1038099005818367, -9.075350249077019e-09, 0.0
n,1.0841095132718692e-08, -0.12400767207145691, 0.0
n,1.0841095132718692e-08, -0.12400767207145691, 0.0
n,1.0841095132718692e-08, -0.12400767207145691, 0.0
n,0.0, 0.0, 0.1038099005818367
n,0.0, 0.0, 0.1038099005818367
n,0.0, 0.0, 0.1038099005818367
n,-1.0841095132718692e-08, 0.12400767207145691, 0.0
n,-1.0841095132718692e-08, 0.12400767207145691, 0.0
n,-1.0841095132718692e-08, 0.12400767207145691, 0.0
n,0.1038099005818367, 9.075350249077019e-09, 0.0
n,0.1038099005818367, 9.075350249077019e-09, 0.0
n,0.1038099005818367, 9.075350249077019e-09, 0.0
n,0.0, 0.0, -0.1038099005818367
n,0.0, 0.0, -0.1038099005818367
n,0.0, 0.0, -0.1038099005818367
n,-0.1038099005818367, -9.075350249077019e-09, 0.0
n,-0.1038099005818367, -9.075350249077019e-09, 0.0
n,-0.1038099005818367, -9.075350249077019e-09, 0.0
n,1.0841095132718692e-08, -0.12400767207145691, 0.0
n,1.0841095132718692e-08, -0.12400767207145691, 0.0
n,1.0841095132718692e-08, -0.12400767207145691, 0.0
n,0.0, 0.0, 0.1038099005818367
n,0.0, 0.0, 0.1038099005818367
n,0.0, 0.0, 0.1038099005818367
n,-1.0841095132718692e-08, 0.12400767207145691, 0.0
n,-1.0841095132718692e-08, 0.12400767207145691, 0.0
n,-1.0841095132718692e-08, 0.12400767207145691, 0.0
n,0.1038099005818367, 9.075350249077019e-09, 0.0
n,0.1038099005818367, 9.075350249077019e-09, 0.0
n,0.1038099005818367, 9.075350249077019e-09, 0.0
n,0.0, 0.0, -0.1038099005818367
n,0.0, 0.0, -0.1038099005818367
n,0.0, 0.0, -0.1038099005818367
n,-0.1038099005818367, -9.075350249077019e-09, 0.0
n,-0.1038099005818367, -9.075350249077019e-09, 0.0
n,-0.1038099005818367, -9.075350249077019e-09, 0.0
n,1.0841095132718692e-08, -0.12400767207145691, 0.0
n,1.0841095132718692e-08, -0.12400767207145691, 0.0
n,1.0841095132718692e-08, -0.12400767207145691, 0.0
n,0.0, 0.0, 0.1038099005818367
n,0.0, 0.0, 0.1038099005818367
n,0.0, 0.0, 0.1038099005818367
n,-1.0841095132718692e-08, 0.12400767207145691, 0.0
n,-1.0841095132718692e-08, 0.12400767207145691, 0.0
n,-1.0841095132718692e-08, 0.12400767207145691, 0.0
n,0.1038099005818367, 9.075350249077019e-09, 0.0
n,0.1038099005818367, 9.075350249077019e-09, 0.0
n,0.1038099005818367, 9.075350249077019e-09, 0.0
n,0.0, 0.0, -0.1038099005818367
n,0.0, 0.0, -0.1038099005818367
n,0.0, 0.0, -0.1038099005818367
n,-0.1038099005818367, -9.075350249077019e-09, 0.0
n,-0.1038099005818367, -9.075350249077019e-09, 0.0
n,-0.1038099005818367, -9.075350249077019e-09, 0.0
n,1.0841095132718692e-08, -0.12400767207145691, 0.0
n,1.0841095132718692e-08, -0.12400767207145691, 0.0
n,1.0841095132718692e-08, -0.12400767207145691, 0.0
n,0.0, 0.0, 0.1038099005818367
n,0.0, 0.0, 0.1038099005818367
n,0.0, 0.0, 0.1038099005818367
n,-1.0841095132718692e-08, 0.12400767207145691, 0.0
n,-1.0841095132718692e-08, 0.12400767207145691, 0.0
n,-1.0841095132718692e-08, 0.12400767207145691, 0.0
n,0.1038099005818367, 9.075350249077019e-09, 0.0
n,0.1038099005818367, 9.075350249077019e-09, 0.0
n,0.1038099005818367, 9.075350249077019e-09, 0.0
n,0.0, 0.0, -0.1038099005818367
n,0.0, 0.0, -0.1038099005818367
n,0.0, 0.0, -0.1038099005818367
n,-0.1038099005818367, -9.075350249077019e-09, 0.0
n,-0.1038099005818367, -9.075350249077019e-09, 0.0
n,-0.1038099005818367, -9.075350249077019e-09, 0.0
n,1.0841095132718692e-08, -0.12400767207145691, 0.0
n,1.0841095132718692e-08, -0.12400767207145691, 0.0
n,1.0841095132718692e-08, -0.12400767207145691, 0.0
n,0.0, 0.0, 0.1038099005818367
n,0.0, 0.0, 0.1038099005818367
n,0.0, 0.0, 0.1038099005818367
n,-1.0841095132718692e-08, 0.12400767207145691, 0.0
n,-1.0841095132718692e-08, 0.12400767207145691, 0.0
n,-1.0841095132718692e-08, 0.12400767207145691, 0.0
n,0.1038099005818367, 9.075350249077019e-09, 0.0
n,0.1038099005818367, 9.075350249077019e-09, 0.0
n,0.1038099005818367, 9.075350249077019e-09, 0.0
n,0.0, 0.0, -0.1038099005818367
n,0.0, 0.0, -0.1038099005818367
n,0.0, 0.0, -0.1038099005818367
n,-0.1038099005818367, -9.075350249077019e-09, 0.0
n,-0.1038099005818367, -9.075350249077019e-09, 0.0
n,-0.1038099005818367, -9.075350249077019e-09, 0.0
n,1.0841095132718692e-08, -0.12400767207145691, 0.0
n,1.0841095132718692e-08, -0.12400767207145691, 0.0
n,1.0841095132718692e-08, -0.12400767207145691, 0.0
n,0.0, 0.0, 0.1038099005818367
n,0.0, 0.0, 0.1038099005818367
n,0.0, 0.0, 0.1038099005818367
n,-1.0841095132718692e-08, 0.12400767207145691, 0.0
n,-1.0841095132718692e-08, 0.12400767207145691, 0.0
n,-1.0841095132718692e-08, 0.12400767207145691, 0.0
n,0.1038099005818367, 9.075350249077019e-09, 0.0
n,0.1038099005818367, 9.075350249077019e-09, 0.0
n,0.1038099005818367, 9.075350249077019e-09, 0.0
n,0.0, 0.0, -0.1038099005818367
n,0.0, 0.0, -0.1038099005818367
n,0.0, 0.0, -0.1038099005818367
n,-0.1038099005818367, -9.075350249077019e-09, 0.0
n,-0.1038099005818367, -9.075350249077019e-09, 0.0
n,-0.1038099005818367, -9.075350249077019e-09, 0.0
n,1.0841095132718692e-08, -0.12400767207145691, 0.0
n,1.0841095132718692e-08, -0.12400767207145691, 0.0
n,1.0841095132718692e-08, -0.12400767207145691, 0.0
n,0.0, 0.0, 0.1038099005818367
n,0.0, 0.0, 0.1038099005818367
n,0.0, 0.0, 0.1038099005818367
n,-1.0841095132718692e-08, 0.12400767207145691, 0.0
n,-1.0841095132718692e-08, 0.12400767207145691, 0.0
n,-1.0841095132718692e-08, 0.12400767207145691, 0.0
n,0.1038099005818367, 9.075350249077019e-09, 0.0
n,0.1038099005818367, 9.075350249077019e-09, 0.0
n,0.1038099005818367, 9.075350249077019e-09, 0.0
n,0.0, 0.0, -0.1038099005818367
n,0.0, 0.0, -0.1038099005818367
n,0.0, 0.0, -0.1038099005818367
n,-0.1038099005818367, -9.075350249077019e-09, 0.0
n,-0.1038099005818367, -9.075350249077019e-09, 0.0
n,-0.1038099005818367, -9.075350249077019e-09, 0.0
n,1.0841095132718692e-08, -0.12400767207145691, 0.0
n,1.0841095132718692e-08, -0.12400767207145691, 0.0
n,1.0841095132718692e-08, -0.12400767207145691, 0.0
n,0.0, 0.0, 0.1038099005818367
n,0.0, 0.0, 0.1038099005818367
n,0.0, 0.0, 0.1038099005818367
n,-1.0841095132718692e-08, 0.12400767207145691, 0.0
n,-1.0841095132718692e-08, 0.12400767207145691, 0.0
n,-1.0841095132718692e-08, 0.12400767207145691, 0.0
n,0.1038099005818367, 9.075350249077019e-09, 0.0
n,0.1038099005818367, 9.075350249077019e-09, 0.0
n,0.1038099005818367, 9.075350249077019e-09, 0.0
n,0.0, 0.0, -0.1038099005818367
n,0.0, 0.0, -0.1038099005818367
n,0.0, 0.0, -0.1038099005818367
n,-0.1038099005818367, -5.466404218168464e-07, 0.0
n,-0.1038099005818367, -5.466404218168464e-07, 0.0
n,-0.1038099005818367, -5.466404218168464e-07, 0.0
n,1.0841095132718692e-08, -0.12400767207145691, 2.802425569825573e-06
n,1.0841095132718692e-08, -0.12400767207145691, 2.802425569825573e-06
n,1.0841095132718692e-08, -0.12400767207145691, 2.802425569825573e-06
n,-7.832572955566823e-15, 8.959418806853137e-08, 0.1038099005818367
n,-7.832572955566823e-15, 8.959418806853137e-08, 0.1038099005818367
n,-7.832572955566823e-15, 8.959418806853137e-08, 0.1038099005818367
n,-1.0841095132718692e-08, 0.12400767207145691, 0.0
n,-1.0841095132718692e-08, 0.12400767207145691, 0.0
n,-1.0841095132718692e-08, 0.12400767207145691, 0.0
n,0.1038099005818367, 9.075350249077019e-09, 0.0
n,0.1038099005818367, 9.075350249077019e-09, 0.0
n,0.1038099005818367, 9.075350249077019e-09, 0.0
n,0.0, 0.0, -0.1038099005818367
n,0.0, 0.0, -0.1038099005818367
n,0.0, 0.0, -0.1038099005818367
n,-0.1038099005818367, -9.075350249077019e-09, -7.006087230365665e-07
n,-0.1038099005818367, -9.075350249077019e-09, -7.006087230365665e-07
n,-0.1038099005818367, -9.075350249077019e-09, -7.006087230365665e-07
n,1.0841095132718692e-08, -0.12400767207145691, 0.0
n,1.0841095132718692e-08, -0.12400767207145691, 0.0
n,1.0841095132718692e-08, -0.12400767207145691, 0.0
n,0.0, 0.0, 0.1038099005818367
n,0.0, 0.0, 0.1038099005818367
n,0.0, 0.0, 0.1038099005818367
n,-1.0841095132718692e-08, 0.12400767207145691, 0.0
n,-1.0841095132718692e-08, 0.12400767207145691, 0.0
n,-1.0841095132718692e-08, 0.12400767207145691, 0.0
n,0.1038099005818367, 9.075350249077019e-09, 0.0
n,0.1038099005818367, 9.075350249077019e-09, 0.0
n,0.1038099005818367, 9.075350249077019e-09, 0.0
n,0.0, 0.0, -0.1038099005818367
n,0.0, 0.0, -0.1038099005818367
n,0.0, 0.0, -0.1038099005818367
n,-0.1038099005818367, -9.075350249077019e-09, 0.0
n,-0.1038099005818367, -9.075350249077019e-09, 0.0
n,-0.1038099005818367, -9.075350249077019e-09, 0.0
n,1.0841095132718692e-08, -0.12400767207145691, 0.0
n,1.0841095132718692e-08, -0.12400767207145691, 0.0
n,1.0841095132718692e-08, -0.12400767207145691, 0.0
n,0.0, 0.0, 0.1038099005818367
n,0.0, 0.0, 0.1038099005818367
n,0.0, 0.0, 0.1038099005818367
n,-1.0841095132718692e-08, 0.12400767207145691, 0.0
n,-1.0841095132718692e-08, 0.12400767207145691, 0.0
n,-1.0841095132718692e-08, 0.12400767207145691, 0.0
n,0.1038099005818367, 9.075350249077019e-09, 0.0
n,0.1038099005818367, 9.075350249077019e-09, 0.0
n,0.1038099005818367, 9.075350249077019e-09, 0.0
n,0.0, 0.0, -0.1038099005818367
n,0.0, 0.0, -0.1038099005818367
n,0.0, 0.0, -0.1038099005818367
n,-0.1038099005818367, -9.075350249077019e-09, 0.0
n,-0.1038099005818367, -9.075350249077019e-09, 0.0
n,-0.1038099005818367, -9.075350249077019e-09, 0.0
n,1.0841095132718692e-08, -0.12400767207145691, 0.0
n,1.0841095132718692e-08, -0.12400767207145691, 0.0
n,1.0841095132718692e-08, -0.12400767207145691, 0.0
n,0.0, 0.0, 0.1038099005818367
n,0.0, 0.0, 0.1038099005818367
n,0.0, 0.0, 0.1038099005818367
n,-1.0841095132718692e-08, 0.12400767207145691, 0.0
n,-1.0841095132718692e-08, 0.12400767207145691, 0.0
n,-1.0841095132718692e-08, 0.12400767207145691, 0.0
n,0.1038099005818367, 9.075350249077019e-09, 0.0
n,0.1038099005818367, 9.075350249077019e-09, 0.0
n,0.1038099005818367, 9.075350249077019e-09, 0.0
n,0.0, 0.0, -0.1038099005818367
n,0.0, 0.0, -0.1038099005818367
n,0.0, 0.0, -0.1038099005818367
n,-0.1038099005818367, -9.075350249077019e-09, 0.0
n,-0.1038099005818367, -9.075350249077019e-09, 0.0
n,-0.1038099005818367, -9.075350249077019e-09, 0.0
n,1.0841095132718692e-08, -0.12400767207145691, 0.0
n,1.0841095132718692e-08, -0.12400767207145691, 0.0
n,1.0841095132718692e-08, -0.12400767207145691, 0.0
n,0.0, 0.0, 0.1038099005818367
n,0.0, 0.0, 0.1038099005818367
n,0.0, 0.0, 0.1038099005818367
n,-1.0841095132718692e-08, 0.12400767207145691, 0.0
n,-1.0841095132718692e-08, 0.12400767207145691, 0.0
n,-1.0841095132718692e-08, 0.12400767207145691, 0.0
n,0.1038099005818367, 9.075350249077019e-09, 0.0
n,0.1038099005818367, 9.075350249077019e-09, 0.0
n,0.1038099005818367, 9.075350249077019e-09, 0.0
n,0.0, 0.0, -0.1038099005818367
n,0.0, 0.0, -0.1038099005818367
n,0.0, 0.0, -0.1038099005818367
n,-0.1038099005818367, -9.075350249077019e-09, 0.0
n,-0.1038099005818367, -9.075350249077019e-09, 0.0
n,-0.1038099005818367, -9.075350249077019e-09, 0.0
n,1.0841095132718692e-08, -0.12400767207145691, 0.0
n,1.0841095132718692e-08, -0.12400767207145691, 0.0
n,1.0841095132718692e-08, -0.12400767207145691, 0.0
n,0.0, 0.0, 0.1038099005818367
n,0.0, 0.0, 0.1038099005818367
n,0.0, 0.0, 0.1038099005818367
n,-1.0841095132718692e-08, 0.12400767207145691, 0.0
n,-1.0841095132718692e-08, 0.12400767207145691, 0.0
n,-1.0841095132718692e-08, 0.12400767207145691, 0.0
n,0.1038099005818367, 9.075350249077019e-09, 0.0
n,0.1038099005818367, 9.075350249077019e-09, 0.0
n,0.1038099005818367, 9.075350249077019e-09, 0.0
n,0.0, 0.0, -0.1038099005818367
n,0.0, 0.0, -0.1038099005818367
n,0.0, 0.0, -0.1038099005818367
n,-0.1038099005818367, -9.075350249077019e-09, 0.0
n,-0.1038099005818367, -9.075350249077019e-09, 0.0
n,-0.1038099005818367, -9.075350249077019e-09, 0.0
n,1.0841095132718692e-08, -0.12400767207145691, 0.0
n,1.0841095132718692e-08, -0.12400767207145691, 0.0
n,1.0841095132718692e-08, -0.12400767207145691, 0.0
n,0.0, 0.0, 0.1038099005818367
n,0.0, 0.0, 0.1038099005818367
n,0.0, 0.0, 0.1038099005818367
n,-1.0841095132718692e-08, 0.12400767207145691, 0.0
n,-1.0841095132718692e-08, 0.12400767207145691, 0.0
n,-1.0841095132718692e-08, 0.12400767207145691, 0.0
n,0.1038099005818367, 9.075350249077019e-09, 0.0
n,0.1038099005818367, 9.075350249077019e-09, 0.0
n,0.1038099005818367, 9.075350249077019e-09, 0.0
n,0.0, 0.0, -0.1038099005818367
n,0.0, 0.0, -0.1038099005818367
n,0.0, 0.0, -0.1038099005818367
n,-0.1038099005818367, -9.075350249077019e-09, 0.0
n,-0.1038099005818367, -9.075350249077019e-09, 0.0
n,-0.1038099005818367, -9.075350249077019e-09, 0.0
n,1.0841095132718692e-08, -0.12400767207145691, 0.0
n,1.0841095132718692e-08, -0.12400767207145691, 0.0
n,1.0841095132718692e-08, -0.12400767207145691, 0.0
n,0.0, 0.0, 0.1038099005818367
n,0.0, 0.0, 0.1038099005818367
n,0.0, 0.0, 0.1038099005818367
n,-1.0841095132718692e-08, 0.12400767207145691, 0.0
n,-1.0841095132718692e-08, 0.12400767207145691, 0.0
n,-1.0841095132718692e-08, 0.12400767207145691, 0.0
n,0.1038099005818367, 9.075350249077019e-09, 0.0
n,0.1038099005818367, 9.075350249077019e-09, 0.0
n,0.1038099005818367, 9.075350249077019e-09, 0.0
n,0.0, 0.0, -0.1038099005818367
n,0.0, 0.0, -0.1038099005818367
n,0.0, 0.0, -0.1038099005818367
n,-0.1038099005818367, -9.075350249077019e-09, 0.0
n,-0.1038099005818367, -9.075350249077019e-09, 0.0
n,-0.1038099005818367, -9.075350249077019e-09, 0.0
n,1.0841095132718692e-08, -0.12400767207145691, 0.0
n,1.0841095132718692e-08, -0.12400767207145691, 0.0
n,1.0841095132718692e-08, -0.12400767207145691, 0.0
n,0.0, 0.0, 0.1038099005818367
n,0.0, 0.0, 0.1038099005818367
n,0.0, 0.0, 0.1038099005818367
n,-1.0841095132718692e-08, 0.12400767207145691, 0.0
n,-1.0841095132718692e-08, 0.12400767207145691, 0.0
n,-1.0841095132718692e-08, 0.12400767207145691, 0.0
n,0.1038099005818367, 9.075350249077019e-09, 0.0
n,0.1038099005818367, 9.075350249077019e-09, 0.0
n,0.1038099005818367, 9.075350249077019e-09, 0.0
n,0.0, 0.0, -0.1038099005818367
n,0.0, 0.0, -0.1038099005818367
n,0.0, 0.0, -0.1038099005818367
n,-0.1038099005818367, -9.075350249077019e-09, 0.0
n,-0.1038099005818367, -9.075350249077019e-09, 0.0
n,-0.1038099005818367, -9.075350249077019e-09, 0.0
n,1.0841095132718692e-08, -0.12400767207145691, 0.0
n,1.0841095132718692e-08, -0.12400767207145691, 0.0
n,1.0841095132718692e-08, -0.12400767207145691, 0.0
n,0.0, 0.0, 0.1038099005818367
n,0.0, 0.0, 0.1038099005818367
n,0.0, 0.0, 0.1038099005818367
n,-1.0841095132718692e-08, 0.12400767207145691, 0.0
n,-1.0841095132718692e-08, 0.12400767207145691, 0.0
n,-1.0841095132718692e-08, 0.12400767207145691, 0.0
n,0.1038099005818367, 9.075350249077019e-09, 0.0
n,0.1038099005818367, 9.075350249077019e-09, 0.0
n,0.1038099005818367, 9.075350249077019e-09, 0.0
n,0.0, 0.0, -0.1038099005818367
n,0.0, 0.0, -0.1038099005818367
n,0.0, 0.0, -0.1038099005818367
n,-0.1038099005818367, -9.075350249077019e-09, 0.0
n,-0.1038099005818367, -9.075350249077019e-09, 0.0
n,-0.1038099005818367, -9.075350249077019e-09, 0.0
n,1.0841095132718692e-08, -0.12400767207145691, 0.0
n,1.0841095132718692e-08, -0.12400767207145691, 0.0
n,1.0841095132718692e-08, -0.12400767207145691, 0.0
n,0.0, 0.0, 0.1038099005818367
n,0.0, 0.0, 0.1038099005818367
n,0.0, 0.0, 0.1038099005818367
n,-1.0841095132718692e-08, 0.12400767207145691, 0.0
n,-1.0841095132718692e-08, 0.12400767207145691, 0.0
n,-1.0841095132718692e-08, 0.12400767207145691, 0.0
n,0.1038099005818367, 9.075350249077019e-09, 0.0
n,0.1038099005818367, 9.075350249077019e-09, 0.0
n,0.1038099005818367, 9.075350249077019e-09, 0.0
n,0.0, 0.0, -0.1038099005818367
n,0.0, 0.0, -0.1038099005818367
n,0.0, 0.0, -0.1038099005818367
n,-0.1038099005818367, -9.075350249077019e-09, 0.0
n,-0.1038099005818367, -9.075350249077019e-09, 0.0
n,-0.1038099005818367, -9.075350249077019e-09, 0.0
n,1.0841095132718692e-08, -0.12400767207145691, 0.0
n,1.0841095132718692e-08, -0.12400767207145691, 0.0
n,1.0841095132718692e-08, -0.12400767207145691, 0.0
n,0.0, 0.0, 0.1038099005818367
n,0.0, 0.0, 0.1038099005818367
n,0.0, 0.0, 0.1038099005818367
n,-1.0841095132718692e-08, 0.12400767207145691, 0.0
n,-1.0841095132718692e-08, 0.12400767207145691, 0.0
n,-1.0841095132718692e-08, 0.12400767207145691, 0.0
n,0.1038099005818367, 9.075350249077019e-09, 0.0
n,0.1038099005818367, 9.075350249077019e-09, 0.0
n,0.1038099005818367, 9.075350249077019e-09, 0.0
n,0.0, 0.0, -0.1038099005818367
n,0.0, 0.0, -0.1038099005818367
n,0.0, 0.0, -0.1038099005818367
n,-0.1038099005818367, -9.075350249077019e-09, 0.0
n,-0.1038099005818367, -9.075350249077019e-09, 0.0
n,-0.1038099005818367, -9.075350249077019e-09, 0.0
n,1.0841095132718692e-08, -0.12400767207145691, 0.0
n,1.0841095132718692e-08, -0.12400767207145691, 0.0
n,1.0841095132718692e-08, -0.12400767207145691, 0.0
n,0.0, 0.0, 0.1038099005818367
n,0.0, 0.0, 0.1038099005818367
n,0.0, 0.0, 0.1038099005818367
n,-1.0841095132718692e-08, 0.12400767207145691, 0.0
n,-1.0841095132718692e-08, 0.12400767207145691, 0.0
n,-1.0841095132718692e-08, 0.12400767207145691, 0.0
n,0.1038099005818367, 9.075350249077019e-09, 0.0
n,0.1038099005818367, 9.075350249077019e-09, 0.0
n,0.1038099005818367, 9.075350249077019e-09, 0.0
n,0.0, 0.0, -0.1038099005818367
n,0.0, 0.0, -0.1038099005818367
n,0.0, 0.0, -0.1038099005818367
n,-0.1038099005818367, -9.075350249077019e-09, -7.006063924563932e-07
n,-0.1038099005818367, -9.075350249077019e-09, -7.006063924563932e-07
n,-0.1038099005818367, -9.075350249077019e-09, -7.006063924563932e-07
n,1.0841095132718692e-08, -0.12400767207145691, 0.0
n,1.0841095132718692e-08, -0.12400767207145691, 0.0
n,1.0841095132718692e-08, -0.12400767207145691, 0.0
n,1.7375590743995417e-08, 8.959363384519747e-08, 0.1038099005818367
n,1.7375590743995417e-08, 8.959363384519747e-08, 0.1038099005818367
n,1.7375590743995417e-08, 8.959363384519747e-08, 0.1038099005818367
n,-1.0841095132718692e-08, 0.12400767207145691, 0.0
n,-1.0841095132718692e-08, 0.12400767207145691, 0.0
n,-1.0841095132718692e-08, 0.12400767207145691, 0.0
n,0.1038099005818367, 9.075350249077019e-09, 0.0
n,0.1038099005818367, 9.075350249077019e-09, 0.0
n,0.1038099005818367, 9.075350249077019e-09, 0.0
n,0.0, 0.0, -0.1038099005818367
n,0.0, 0.0, -0.1038099005818367
n,0.0, 0.0, -0.1038099005818367
n,0.1038099005818367, 9.075350249077019e-09, 0.0
n,0.1038099005818367, 9.075350249077019e-09, 0.0
n,0.1038099005818367, 9.075350249077019e-09, 0.0
n,-1.0841095132718692e-08, 0.12400767207145691, -1.4012175597599708e-06
n,-1.0841095132718692e-08, 0.12400767207145691, -1.4012175597599708e-06
n,-1.0841095132718692e-08, 0.12400767207145691, -1.4012175597599708e-06
n,0.0, 0.0, 0.1038099005818367
n,0.0, 0.0, 0.1038099005818367
n,0.0, 0.0, 0.1038099005818367
n,1.0841095132718692e-08, -0.12400767207145691, 0.0
n,1.0841095132718692e-08, -0.12400767207145691, 0.0
n,1.0841095132718692e-08, -0.12400767207145691, 0.0
n,-0.1038099005818367, -9.075350249077019e-09, 0.0
n,-0.1038099005818367, -9.075350249077019e-09, 0.0
n,-0.1038099005818367, -9.075350249077019e-09, 0.0
n,0.0, 0.0, -0.1038099005818367
n,0.0, 0.0, -0.1038099005818367
n,0.0, 0.0, -0.1038099005818367
n,0.1038099005818367, 9.075350249077019e-09, 0.0
n,0.1038099005818367, 9.075350249077019e-09, 0.0
n,0.1038099005818367, 9.075350249077019e-09, 0.0
n,-1.0841095132718692e-08, 0.12400767207145691, 0.0
n,-1.0841095132718692e-08, 0.12400767207145691, 0.0
n,-1.0841095132718692e-08, 0.12400767207145691, 0.0
n,0.0, 0.0, 0.1038099005818367
n,0.0, 0.0, 0.1038099005818367
n,0.0, 0.0, 0.1038099005818367
n,1.0841095132718692e-08, -0.12400767207145691, 0.0
n,1.0841095132718692e-08, -0.12400767207145691, 0.0
n,1.0841095132718692e-08, -0.12400767207145691, 0.0
n,-0.1038099005818367, 7.076760653035308e-07, 0.0
n,-0.1038099005818367, 7.076760653035308e-07, 0.0
n,-0.1038099005818367, 7.076760653035308e-07, 0.0
n,0.0, 0.0, -0.1038099005818367
n,0.0, 0.0, -0.1038099005818367
n,0.0, 0.0, -0.1038099005818367
n,0.1038099005818367, 9.075350249077019e-09, 0.0
n,0.1038099005818367, 9.075350249077019e-09, 0.0
n,0.1038099005818367, 9.075350249077019e-09, 0.0
n,-1.0841095132718692e-08, 0.12400767207145691, 0.0
n,-1.0841095132718692e-08, 0.12400767207145691, 0.0
n,-1.0841095132718692e-08, 0.12400767207145691, 0.0
n,0.0, 0.0, 0.1038099005818367
n,0.0, 0.0, 0.1038099005818367
n,0.0, 0.0, 0.1038099005818367
n,1.0841095132718692e-08, -0.12400767207145691, 0.0
n,1.0841095132718692e-08, -0.12400767207145691, 0.0
n,1.0841095132718692e-08, -0.12400767207145691, 0.0
n,-0.1038099005818367, -9.075350249077019e-09, 0.0
n,-0.1038099005818367, -9.075350249077019e-09, 0.0
n,-0.1038099005818367, -9.075350249077019e-09, 0.0
n,0.0, 0.0, -0.1038099005818367
n,0.0, 0.0, -0.1038099005818367
n,0.0, 0.0, -0.1038099005818367
n,0.1038099005818367, 9.075350249077019e-09, 0.0
n,0.1038099005818367, 9.075350249077019e-09, 0.0
n,0.1038099005818367, 9.075350249077019e-09, 0.0
n,-1.0841095132718692e-08, 0.12400767207145691, 0.0
n,-1.0841095132718692e-08, 0.12400767207145691, 0.0
n,-1.0841095132718692e-08, 0.12400767207145691, 0.0
n,0.0, 0.0, 0.1038099005818367
n,0.0, 0.0, 0.1038099005818367
n,0.0, 0.0, 0.1038099005818367
n,1.0841095132718692e-08, -0.12400767207145691, 0.0
n,1.0841095132718692e-08, -0.12400767207145691, 0.0
n,1.0841095132718692e-08, -0.12400767207145691, 0.0
n,-0.1038099005818367, -9.075350249077019e-09, 0.0
n,-0.1038099005818367, -9.075350249077019e-09, 0.0
n,-0.1038099005818367, -9.075350249077019e-09, 0.0
n,0.0, 0.0, -0.1038099005818367
n,0.0, 0.0, -0.1038099005818367
n,0.0, 0.0, -0.1038099005818367
n,0.1038099005818367, 9.075350249077019e-09, 0.0
n,0.1038099005818367, 9.075350249077019e-09, 0.0
n,0.1038099005818367, 9.075350249077019e-09, 0.0
n,-1.0841095132718692e-08, 0.12400767207145691, 0.0
n,-1.0841095132718692e-08, 0.12400767207145691, 0.0
n,-1.0841095132718692e-08, 0.12400767207145691, 0.0
n,0.0, 0.0, 0.1038099005818367
n,0.0, 0.0, 0.1038099005818367
n,0.0, 0.0, 0.1038099005818367
n,-5.866149521693842e-08, -0.12400767207145691, 0.0
n,-5.866149521693842e-08, -0.12400767207145691, 0.0
n,-5.866149521693842e-08, -0.12400767207145691, 0.0
n,-0.1038099005818367, -9.075350249077019e-09, 0.0
n,-0.1038099005818367, -9.075350249077019e-09, 0.0
n,-0.1038099005818367, -9.075350249077019e-09, 0.0
n,0.0, 0.0, -0.1038099005818367
n,0.0, 0.0, -0.1038099005818367
n,0.0, 0.0, -0.1038099005818367
n,0.1038099005818367, 9.075350249077019e-09, 0.0
n,0.1038099005818367, 9.075350249077019e-09, 0.0
n,0.1038099005818367, 9.075350249077019e-09, 0.0
n,5.866149521693842e-08, 0.12400767207145691, 0.0
n,5.866149521693842e-08, 0.12400767207145691, 0.0
n,5.866149521693842e-08, 0.12400767207145691, 0.0
n,0.0, 0.0, 0.1038099005818367
n,0.0, 0.0, 0.1038099005818367
n,0.0, 0.0, 0.1038099005818367
n,1.0841095132718692e-08, -0.12400767207145691, 0.0
n,1.0841095132718692e-08, -0.12400767207145691, 0.0
n,1.0841095132718692e-08, -0.12400767207145691, 0.0
n,-0.1038099005818367, -9.075350249077019e-09, 0.0
n,-0.1038099005818367, -9.075350249077019e-09, 0.0
n,-0.1038099005818367, -9.075350249077019e-09, 0.0
n,0.0, 0.0, -0.1038099005818367
n,0.0, 0.0, -0.1038099005818367
n,0.0, 0.0, -0.1038099005818367
n,0.1038099005818367, 9.075350249077019e-09, 0.0
n,0.1038099005818367, 9.075350249077019e-09, 0.0
n,0.1038099005818367, 9.075350249077019e-09, 0.0
n,-1.0841095132718692e-08, 0.12400767207145691, 0.0
n,-1.0841095132718692e-08, 0.12400767207145691, 0.0
n,-1.0841095132718692e-08, 0.12400767207145691, 0.0
n,0.0, 0.0, 0.1038099005818367
n,0.0, 0.0, 0.1038099005818367
n,0.0, 0.0, 0.1038099005818367
n,1.0841095132718692e-08, -0.12400767207145691, 0.0
n,1.0841095132718692e-08, -0.12400767207145691, 0.0
n,1.0841095132718692e-08, -0.12400767207145691, 0.0
n,-0.1038099005818367, -9.075350249077019e-09, 0.0
n,-0.1038099005818367, -9.075350249077019e-09, 0.0
n,-0.1038099005818367, -9.075350249077019e-09, 0.0
n,0.0, 0.0, -0.1038099005818367
n,0.0, 0.0, -0.1038099005818367
n,0.0, 0.0, -0.1038099005818367
n,0.1038099005818367, 9.075350249077019e-09, 0.0
n,0.1038099005818367, 9.075350249077019e-09, 0.0
n,0.1038099005818367, 9.075350249077019e-09, 0.0
n,-1.0841095132718692e-08, 0.12400767207145691, 0.0
n,-1.0841095132718692e-08, 0.12400767207145691, 0.0
n,-1.0841095132718692e-08, 0.12400767207145691, 0.0
n,0.0, 0.0, 0.1038099005818367
n,0.0, 0.0, 0.1038099005818367
n,0.0, 0.0, 0.1038099005818367
n,1.0841095132718692e-08, -0.12400767207145691, 0.0
n,1.0841095132718692e-08, -0.12400767207145691, 0.0
n,1.0841095132718692e-08, -0.12400767207145691, 0.0
n,-0.1038099005818367, -9.075350249077019e-09, 0.0
n,-0.1038099005818367, -9.075350249077019e-09, 0.0
n,-0.1038099005818367, -9.075350249077019e-09, 0.0
n,0.0, 0.0, -0.1038099005818367
n,0.0, 0.0, -0.1038099005818367
n,0.0, 0.0, -0.1038099005818367
n,0.1038099005818367, 9.075350249077019e-09, 0.0
n,0.1038099005818367, 9.075350249077019e-09, 0.0
n,0.1038099005818367, 9.075350249077019e-09, 0.0
n,-1.0841095132718692e-08, 0.12400767207145691, 0.0
n,-1.0841095132718692e-08, 0.12400767207145691, 0.0
n,-1.0841095132718692e-08, 0.12400767207145691, 0.0
n,0.0, 0.0, 0.1038099005818367
n,0.0, 0.0, 0.1038099005818367
n,0.0, 0.0, 0.1038099005818367
n,1.0841095132718692e-08, -0.12400767207145691, 0.0
n,1.0841095132718692e-08, -0.12400767207145691, 0.0
n,1.0841095132718692e-08, -0.12400767207145691, 0.0
n,-0.1038099005818367, -9.075350249077019e-09, 0.0
n,-0.1038099005818367, -9.075350249077019e-09, 0.0
n,-0.1038099005818367, -9.075350249077019e-09, 0.0
n,0.0, 0.0, -0.1038099005818367
n,0.0, 0.0, -0.1038099005818367
n,0.0, 0.0, -0.1038099005818367
n,0.1038099005818367, 9.075350249077019e-09, 0.0
n,0.1038099005818367, 9.075350249077019e-09, 0.0
n,0.1038099005818367, 9.075350249077019e-09, 0.0
n,-1.0841095132718692e-08, 0.12400767207145691, 0.0
n,-1.0841095132718692e-08, 0.12400767207145691, 0.0
n,-1.0841095132718692e-08, 0.12400767207145691, 0.0
n,0.0, 0.0, 0.1038099005818367
n,0.0, 0.0, 0.1038099005818367
n,0.0, 0.0, 0.1038099005818367
n,1.0841095132718692e-08, -0.12400767207145691, 0.0
n,1.0841095132718692e-08, -0.12400767207145691, 0.0
n,1.0841095132718692e-08, -0.12400767207145691, 0.0
n,-0.1038099005818367, -9.075350249077019e-09, 0.0
n,-0.1038099005818367, -9.075350249077019e-09, 0.0
n,-0.1038099005818367, -9.075350249077019e-09, 0.0
n,0.0, 0.0, -0.1038099005818367
n,0.0, 0.0, -0.1038099005818367
n,0.0, 0.0, -0.1038099005818367
n,0.1038099005818367, 9.075350249077019e-09, 0.0
n,0.1038099005818367, 9.075350249077019e-09, 0.0
n,0.1038099005818367, 9.075350249077019e-09, 0.0
n,-1.0841095132718692e-08, 0.12400767207145691, 0.0
n,-1.0841095132718692e-08, 0.12400767207145691, 0.0
n,-1.0841095132718692e-08, 0.12400767207145691, 0.0
n,0.0, 0.0, 0.1038099005818367
n,0.0, 0.0, 0.1038099005818367
n,0.0, 0.0, 0.1038099005818367
n,1.0841095132718692e-08, -0.12400767207145691, 0.0
n,1.0841095132718692e-08, -0.12400767207145691, 0.0
n,1.0841095132718692e-08, -0.12400767207145691, 0.0
n,-0.1038099005818367, -9.075350249077019e-09, 0.0
n,-0.1038099005818367, -9.075350249077019e-09, 0.0
n,-0.1038099005818367, -9.075350249077019e-09, 0.0
n,0.0, 0.0, -0.1038099005818367
n,0.0, 0.0, -0.1038099005818367
n,0.0, 0.0, -0.1038099005818367
n,0.1038099005818367, 9.075350249077019e-09, 0.0
n,0.1038099005818367, 9.075350249077019e-09, 0.0
n,0.1038099005818367, 9.075350249077019e-09, 0.0
n,-1.0841095132718692e-08, 0.12400767207145691, 0.0
n,-1.0841095132718692e-08, 0.12400767207145691, 0.0
n,-1.0841095132718692e-08, 0.12400767207145691, 0.0
n,0.0, 0.0, 0.1038099005818367
n,0.0, 0.0, 0.1038099005818367
n,0.0, 0.0, 0.1038099005818367
n,1.0841095132718692e-08, -0.12400767207145691, 0.0
n,1.0841095132718692e-08, -0.12400767207145691, 0.0
n,1.0841095132718692e-08, -0.12400767207145691, 0.0
n,-0.1038099005818367, -9.075350249077019e-09, 0.0
n,-0.1038099005818367, -9.075350249077019e-09, 0.0
n,-0.1038099005818367, -9.075350249077019e-09, 0.0
n,0.0, 0.0, -0.1038099005818367
n,0.0, 0.0, -0.1038099005818367
n,0.0, 0.0, -0.1038099005818367
n,0.1038099005818367, 9.075350249077019e-09, 0.0
n,0.1038099005818367, 9.075350249077019e-09, 0.0
n,0.1038099005818367, 9.075350249077019e-09, 0.0
n,-1.0841095132718692e-08, 0.12400767207145691, 0.0
n,-1.0841095132718692e-08, 0.12400767207145691, 0.0
n,-1.0841095132718692e-08, 0.12400767207145691, 0.0
n,1.7375624494775366e-08, 1.519025371288197e-15, 0.1038099005818367
n,1.7375624494775366e-08, 1.519025371288197e-15, 0.1038099005818367
n,1.7375624494775366e-08, 1.519025371288197e-15, 0.1038099005818367
n,1.0841095132718692e-08, -0.12400767207145691, 0.0
n,1.0841095132718692e-08, -0.12400767207145691, 0.0
n,1.0841095132718692e-08, -0.12400767207145691, 0.0
n,-0.1038099005818367, -9.075350249077019e-09, 0.0
n,-0.1038099005818367, -9.075350249077019e-09, 0.0
n,-0.1038099005818367, -9.075350249077019e-09, 0.0
n,0.0, 0.0, -0.1038099005818367
n,0.0, 0.0, -0.1038099005818367
n,0.0, 0.0, -0.1038099005818367
n,0.1038099005818367, -1.3323131042852765e-08, -7.093663953128271e-06
n,0.1038099005818367, -1.3323131042852765e-08, -7.093663953128271e-06
n,0.1038099005818367, -1.3323131042852765e-08, -7.093663953128271e-06
n,-1.0841095132718692e-08, 0.12400767207145691, -2.8024351195199415e-06
n,-1.0841095132718692e-08, 0.12400767207145691, -2.8024351195199415e-06
n,-1.0841095132718692e-08, 0.12400767207145691, -2.8024351195199415e-06
n,0.0, 0.0, 0.1038099005818367
n,0.0, 0.0, 0.1038099005818367
n,0.0, 0.0, 0.1038099005818367
n,1.0841095132718692e-08, -0.12400767207145691, 0.0
n,1.0841095132718692e-08, -0.12400767207145691, 0.0
n,1.0841095132718692e-08, -0.12400767207145691, 0.0
n,-0.1038099005818367, 1.3323131042852765e-08, 0.0
n,-0.1038099005818367, 1.3323131042852765e-08, 0.0
n,-0.1038099005818367, 1.3323131042852765e-08, 0.0
n,0.0, 0.0, -0.1038099005818367
n,0.0, 0.0, -0.1038099005818367
n,0.0, 0.0, -0.1038099005818367
n,0.1038099005818367, 9.075350249077019e-09, 0.0
n,0.1038099005818367, 9.075350249077019e-09, 0.0
n,0.1038099005818367, 9.075350249077019e-09, 0.0
n,-1.0841095132718692e-08, 0.12400767207145691, 0.0
n,-1.0841095132718692e-08, 0.12400767207145691, 0.0
n,-1.0841095132718692e-08, 0.12400767207145691, 0.0
n,0.0, 0.0, 0.1038099005818367
n,0.0, 0.0, 0.1038099005818367
n,0.0, 0.0, 0.1038099005818367
n,1.0841095132718692e-08, -0.12400767207145691, 0.0
n,1.0841095132718692e-08, -0.12400767207145691, 0.0
n,1.0841095132718692e-08, -0.12400767207145691, 0.0
n,-0.1038099005818367, -9.075350249077019e-09, 0.0
n,-0.1038099005818367, -9.075350249077019e-09, 0.0
n,-0.1038099005818367, -9.075350249077019e-09, 0.0
n,0.0, 0.0, -0.1038099005818367
n,0.0, 0.0, -0.1038099005818367
n,0.0, 0.0, -0.1038099005818367
n,0.1038099005818367, -1.3323131042852765e-08, 0.0
n,0.1038099005818367, -1.3323131042852765e-08, 0.0
n,0.1038099005818367, -1.3323131042852765e-08, 0.0
n,-1.0841095132718692e-08, 0.12400767207145691, 0.0
n,-1.0841095132718692e-08, 0.12400767207145691, 0.0
n,-1.0841095132718692e-08, 0.12400767207145691, 0.0
n,0.0, 0.0, 0.1038099005818367
n,0.0, 0.0, 0.1038099005818367
n,0.0, 0.0, 0.1038099005818367
n,1.0841095132718692e-08, -0.12400767207145691, 0.0
n,1.0841095132718692e-08, -0.12400767207145691, 0.0
n,1.0841095132718692e-08, -0.12400767207145691, 0.0
n,-0.1038099005818367, 1.3323131042852765e-08, 0.0
n,-0.1038099005818367, 1.3323131042852765e-08, 0.0
n,-0.1038099005818367, 1.3323131042852765e-08, 0.0
n,0.0, 0.0, -0.1038099005818367
n,0.0, 0.0, -0.1038099005818367
n,0.0, 0.0, -0.1038099005818367
n,0.1038099005818367, 9.075350249077019e-09, 0.0
n,0.1038099005818367, 9.075350249077019e-09, 0.0
n,0.1038099005818367, 9.075350249077019e-09, 0.0
n,-1.0841095132718692e-08, 0.12400767207145691, 0.0
n,-1.0841095132718692e-08, 0.12400767207145691, 0.0
n,-1.0841095132718692e-08, 0.12400767207145691, 0.0
n,0.0, 0.0, 0.1038099005818367
n,0.0, 0.0, 0.1038099005818367
n,0.0, 0.0, 0.1038099005818367
n,1.0841095132718692e-08, -0.12400767207145691, 0.0
n,1.0841095132718692e-08, -0.12400767207145691, 0.0
n,1.0841095132718692e-08, -0.12400767207145691, 0.0
n,-0.1038099005818367, -9.075350249077019e-09, 0.0
n,-0.1038099005818367, -9.075350249077019e-09, 0.0
n,-0.1038099005818367, -9.075350249077019e-09, 0.0
n,0.0, 0.0, -0.1038099005818367
n,0.0, 0.0, -0.1038099005818367
n,0.0, 0.0, -0.1038099005818367
n,0.1038099005818367, 9.075350249077019e-09, 0.0
n,0.1038099005818367, 9.075350249077019e-09, 0.0
n,0.1038099005818367, 9.075350249077019e-09, 0.0
n,-1.0841095132718692e-08, 0.12400767207145691, 0.0
n,-1.0841095132718692e-08, 0.12400767207145691, 0.0
n,-1.0841095132718692e-08, 0.12400767207145691, 0.0
n,0.0, 0.0, 0.1038099005818367
n,0.0, 0.0, 0.1038099005818367
n,0.0, 0.0, 0.1038099005818367
n,1.0841095132718692e-08, -0.12400767207145691, 0.0
n,1.0841095132718692e-08, -0.12400767207145691, 0.0
n,1.0841095132718692e-08, -0.12400767207145691, 0.0
n,-0.1038099005818367, -9.075350249077019e-09, 0.0
n,-0.1038099005818367, -9.075350249077019e-09, 0.0
n,-0.1038099005818367, -9.075350249077019e-09, 0.0
n,0.0, 0.0, -0.1038099005818367
n,0.0, 0.0, -0.1038099005818367
n,0.0, 0.0, -0.1038099005818367
n,0.1038099005818367, -1.3323131042852765e-08, 0.0
n,0.1038099005818367, -1.3323131042852765e-08, 0.0
n,0.1038099005818367, -1.3323131042852765e-08, 0.0
n,-1.0841095132718692e-08, 0.12400767207145691, 0.0
n,-1.0841095132718692e-08, 0.12400767207145691, 0.0
n,-1.0841095132718692e-08, 0.12400767207145691, 0.0
n,0.0, 0.0, 0.1038099005818367
n,0.0, 0.0, 0.1038099005818367
n,0.0, 0.0, 0.1038099005818367
n,1.0841095132718692e-08, -0.12400767207145691, 0.0
n,1.0841095132718692e-08, -0.12400767207145691, 0.0
n,1.0841095132718692e-08, -0.12400767207145691, 0.0
n,-0.1038099005818367, 1.3323131042852765e-08, 0.0
n,-0.1038099005818367, 1.3323131042852765e-08, 0.0
n,-0.1038099005818367, 1.3323131042852765e-08, 0.0
n,0.0, 0.0, -0.1038099005818367
n,0.0, 0.0, -0.1038099005818367
n,0.0, 0.0, -0.1038099005818367
n,0.1038099005818367, 9.075350249077019e-09, 0.0
n,0.1038099005818367, 9.075350249077019e-09, 0.0
n,0.1038099005818367, 9.075350249077019e-09, 0.0
n,-1.0841095132718692e-08, 0.12400767207145691, 0.0
n,-1.0841095132718692e-08, 0.12400767207145691, 0.0
n,-1.0841095132718692e-08, 0.12400767207145691, 0.0
n,0.0, 0.0, 0.1038099005818367
n,0.0, 0.0, 0.1038099005818367
n,0.0, 0.0, 0.1038099005818367
n,1.0841095132718692e-08, -0.12400767207145691, 0.0
n,1.0841095132718692e-08, -0.12400767207145691, 0.0
n,1.0841095132718692e-08, -0.12400767207145691, 0.0
n,-0.1038099005818367, -9.075350249077019e-09, 0.0
n,-0.1038099005818367, -9.075350249077019e-09, 0.0
n,-0.1038099005818367, -9.075350249077019e-09, 0.0
n,0.0, 0.0, -0.1038099005818367
n,0.0, 0.0, -0.1038099005818367
n,0.0, 0.0, -0.1038099005818367
n,0.1038099005818367, -1.3323131042852765e-08, 0.0
n,0.1038099005818367, -1.3323131042852765e-08, 0.0
n,0.1038099005818367, -1.3323131042852765e-08, 0.0
n,-1.0841095132718692e-08, 0.12400767207145691, 0.0
n,-1.0841095132718692e-08, 0.12400767207145691, 0.0
n,-1.0841095132718692e-08, 0.12400767207145691, 0.0
n,0.0, 0.0, 0.1038099005818367
n,0.0, 0.0, 0.1038099005818367
n,0.0, 0.0, 0.1038099005818367
n,1.0841095132718692e-08, -0.12400767207145691, 0.0
n,1.0841095132718692e-08, -0.12400767207145691, 0.0
n,1.0841095132718692e-08, -0.12400767207145691, 0.0
n,-0.1038099005818367, 1.3323131042852765e-08, 0.0
n,-0.1038099005818367, 1.3323131042852765e-08, 0.0
n,-0.1038099005818367, 1.3323131042852765e-08, 0.0
n,0.0, 0.0, -0.1038099005818367
n,0.0, 0.0, -0.1038099005818367
n,0.0, 0.0, -0.1038099005818367
n,0.1038099005818367, 9.075350249077019e-09, 0.0
n,0.1038099005818367, 9.075350249077019e-09, 0.0
n,0.1038099005818367, 9.075350249077019e-09, 0.0
n,-1.0841095132718692e-08, 0.12400767207145691, 0.0
n,-1.0841095132718692e-08, 0.12400767207145691, 0.0
n,-1.0841095132718692e-08, 0.12400767207145691, 0.0
n,0.0, 0.0, 0.1038099005818367
n,0.0, 0.0, 0.1038099005818367
n,0.0, 0.0, 0.1038099005818367
n,1.0841095132718692e-08, -0.12400767207145691, 0.0
n,1.0841095132718692e-08, -0.12400767207145691, 0.0
n,1.0841095132718692e-08, -0.12400767207145691, 0.0
n,-0.1038099005818367, -9.075350249077019e-09, 0.0
n,-0.1038099005818367, -9.075350249077019e-09, 0.0
n,-0.1038099005818367, -9.075350249077019e-09, 0.0
n,0.0, 0.0, -0.1038099005818367
n,0.0, 0.0, -0.1038099005818367
n,0.0, 0.0, -0.1038099005818367
n,0.1038099005818367, 9.075350249077019e-09, 0.0
n,0.1038099005818367, 9.075350249077019e-09, 0.0
n,0.1038099005818367, 9.075350249077019e-09, 0.0
n,-1.0841095132718692e-08, 0.12400767207145691, 0.0
n,-1.0841095132718692e-08, 0.12400767207145691, 0.0
n,-1.0841095132718692e-08, 0.12400767207145691, 0.0
n,0.0, 0.0, 0.1038099005818367
n,0.0, 0.0, 0.1038099005818367
n,0.0, 0.0, 0.1038099005818367
n,1.0841095132718692e-08, -0.12400767207145691, 0.0
n,1.0841095132718692e-08, -0.12400767207145691, 0.0
n,1.0841095132718692e-08, -0.12400767207145691, 0.0
n,-0.1038099005818367, -9.075350249077019e-09, 0.0
n,-0.1038099005818367, -9.075350249077019e-09, 0.0
n,-0.1038099005818367, -9.075350249077019e-09, 0.0
n,0.0, 0.0, -0.1038099005818367
n,0.0, 0.0, -0.1038099005818367
n,0.0, 0.0, -0.1038099005818367
n,0.1038099005818367, -1.3323131042852765e-08, 0.0
n,0.1038099005818367, -1.3323131042852765e-08, 0.0
n,0.1038099005818367, -1.3323131042852765e-08, 0.0
n,-1.0841095132718692e-08, 0.12400767207145691, 0.0
n,-1.0841095132718692e-08, 0.12400767207145691, 0.0
n,-1.0841095132718692e-08, 0.12400767207145691, 0.0
n,0.0, 0.0, 0.1038099005818367
n,0.0, 0.0, 0.1038099005818367
n,0.0, 0.0, 0.1038099005818367
n,1.0841095132718692e-08, -0.12400767207145691, 0.0
n,1.0841095132718692e-08, -0.12400767207145691, 0.0
n,1.0841095132718692e-08, -0.12400767207145691, 0.0
n,-0.1038099005818367, 1.3323131042852765e-08, 0.0
n,-0.1038099005818367, 1.3323131042852765e-08, 0.0
n,-0.1038099005818367, 1.3323131042852765e-08, 0.0
n,0.0, 0.0, -0.1038099005818367
n,0.0, 0.0, -0.1038099005818367
n,0.0, 0.0, -0.1038099005818367
n,0.1038099005818367, 9.075350249077019e-09, 0.0
n,0.1038099005818367, 9.075350249077019e-09, 0.0
n,0.1038099005818367, 9.075350249077019e-09, 0.0
n,-1.0841095132718692e-08, 0.12400767207145691, 0.0
n,-1.0841095132718692e-08, 0.12400767207145691, 0.0
n,-1.0841095132718692e-08, 0.12400767207145691, 0.0
n,0.0, 0.0, 0.1038099005818367
n,0.0, 0.0, 0.1038099005818367
n,0.0, 0.0, 0.1038099005818367
n,1.0841095132718692e-08, -0.12400767207145691, 0.0
n,1.0841095132718692e-08, -0.12400767207145691, 0.0
n,1.0841095132718692e-08, -0.12400767207145691, 0.0
n,-0.1038099005818367, -9.075350249077019e-09, 0.0
n,-0.1038099005818367, -9.075350249077019e-09, 0.0
n,-0.1038099005818367, -9.075350249077019e-09, 0.0
n,0.0, 0.0, -0.1038099005818367
n,0.0, 0.0, -0.1038099005818367
n,0.0, 0.0, -0.1038099005818367
n,0.1038099005818367, -1.3323131042852765e-08, 0.0
n,0.1038099005818367, -1.3323131042852765e-08, 0.0
n,0.1038099005818367, -1.3323131042852765e-08, 0.0
n,-1.0841095132718692e-08, 0.12400767207145691, 0.0
n,-1.0841095132718692e-08, 0.12400767207145691, 0.0
n,-1.0841095132718692e-08, 0.12400767207145691, 0.0
n,1.737548949165557e-08, -2.2299982515547366e-15, 0.1038099005818367
n,1.737548949165557e-08, -2.2299982515547366e-15, 0.1038099005818367
n,1.737548949165557e-08, -2.2299982515547366e-15, 0.1038099005818367
n,1.0841095132718692e-08, -0.12400767207145691, 0.0
n,1.0841095132718692e-08, -0.12400767207145691, 0.0
n,1.0841095132718692e-08, -0.12400767207145691, 0.0
n,-0.1038099005818367, 1.3323131042852765e-08, 0.0
n,-0.1038099005818367, 1.3323131042852765e-08, 0.0
n,-0.1038099005818367, 1.3323131042852765e-08, 0.0
n,0.0, 0.0, -0.1038099005818367
n,0.0, 0.0, -0.1038099005818367
n,0.0, 0.0, -0.1038099005818367
n,-0.1038098931312561, -9.075349360898599e-09, -3.0826780857751146e-05
n,-0.1038098931312561, -9.075349360898599e-09, -3.0826780857751146e-05
n,-0.1038098931312561, -9.075349360898599e-09, -3.0826780857751146e-05
n,1.0841095132718692e-08, -0.12400767207145691, 1.2260653647899744e-06
n,1.0841095132718692e-08, -0.12400767207145691, 1.2260653647899744e-06
n,1.0841095132718692e-08, -0.12400767207145691, 1.2260653647899744e-06
n,0.0, 0.0, 0.1038099005818367
n,0.0, 0.0, 0.1038099005818367
n,0.0, 0.0, 0.1038099005818367
n,-1.0841095132718692e-08, 0.12400767207145691, 0.0
n,-1.0841095132718692e-08, 0.12400767207145691, 0.0
n,-1.0841095132718692e-08, 0.12400767207145691, 0.0
n,0.1038099005818367, 9.075350249077019e-09, 0.0
n,0.1038099005818367, 9.075350249077019e-09, 0.0
n,0.1038099005818367, 9.075350249077019e-09, 0.0
n,0.0, 0.0, -0.1038099005818367
n,0.0, 0.0, -0.1038099005818367
n,0.0, 0.0, -0.1038099005818367
n,-0.1038099005818367, -9.075350249077019e-09, 0.0
n,-0.1038099005818367, -9.075350249077019e-09, 0.0
n,-0.1038099005818367, -9.075350249077019e-09, 0.0
n,1.0841095132718692e-08, -0.12400767207145691, 0.0
n,1.0841095132718692e-08, -0.12400767207145691, 0.0
n,1.0841095132718692e-08, -0.12400767207145691, 0.0
n,0.0, 0.0, 0.1038099005818367
n,0.0, 0.0, 0.1038099005818367
n,0.0, 0.0, 0.1038099005818367
n,-1.0841095132718692e-08, 0.12400767207145691, 0.0
n,-1.0841095132718692e-08, 0.12400767207145691, 0.0
n,-1.0841095132718692e-08, 0.12400767207145691, 0.0
n,0.1038099005818367, 9.075350249077019e-09, 0.0
n,0.1038099005818367, 9.075350249077019e-09, 0.0
n,0.1038099005818367, 9.075350249077019e-09, 0.0
n,0.0, 0.0, -0.1038099005818367
n,0.0, 0.0, -0.1038099005818367
n,0.0, 0.0, -0.1038099005818367
n,-0.1038099005818367, -9.075350249077019e-09, 0.0
n,-0.1038099005818367, -9.075350249077019e-09, 0.0
n,-0.1038099005818367, -9.075350249077019e-09, 0.0
n,1.0841095132718692e-08, -0.12400767207145691, 0.0
n,1.0841095132718692e-08, -0.12400767207145691, 0.0
n,1.0841095132718692e-08, -0.12400767207145691, 0.0
n,0.0, 0.0, 0.1038099005818367
n,0.0, 0.0, 0.1038099005818367
n,0.0, 0.0, 0.1038099005818367
n,-1.0841095132718692e-08, 0.12400767207145691, 0.0
n,-1.0841095132718692e-08, 0.12400767207145691, 0.0
n,-1.0841095132718692e-08, 0.12400767207145691, 0.0
n,0.1038099005818367, 9.075350249077019e-09, 0.0
n,0.1038099005818367, 9.075350249077019e-09, 0.0
n,0.1038099005818367, 9.075350249077019e-09, 0.0
n,0.0, 0.0, -0.1038099005818367
n,0.0, 0.0, -0.1038099005818367
n,0.0, 0.0, -0.1038099005818367
n,-0.1038099005818367, -9.075350249077019e-09, 0.0
n,-0.1038099005818367, -9.075350249077019e-09, 0.0
n,-0.1038099005818367, -9.075350249077019e-09, 0.0
n,1.0841095132718692e-08, -0.12400767207145691, 0.0
n,1.0841095132718692e-08, -0.12400767207145691, 0.0
n,1.0841095132718692e-08, -0.12400767207145691, 0.0
n,0.0, 0.0, 0.1038099005818367
n,0.0, 0.0, 0.1038099005818367
n,0.0, 0.0, 0.1038099005818367
n,-1.0841095132718692e-08, 0.12400767207145691, 0.0
n,-1.0841095132718692e-08, 0.12400767207145691, 0.0
n,-1.0841095132718692e-08, 0.12400767207145691, 0.0
n,0.1038099005818367, 9.075350249077019e-09, 0.0
n,0.1038099005818367, 9.075350249077019e-09, 0.0
n,0.1038099005818367, 9.075350249077019e-09, 0.0
n,0.0, 0.0, -0.1038099005818367
n,0.0, 0.0, -0.1038099005818367
n,0.0, 0.0, -0.1038099005818367
n,-0.1038099005818367, -9.075350249077019e-09, 0.0
n,-0.1038099005818367, -9.075350249077019e-09, 0.0
n,-0.1038099005818367, -9.075350249077019e-09, 0.0
n,1.0841095132718692e-08, -0.12400767207145691, 0.0
n,1.0841095132718692e-08, -0.12400767207145691, 0.0
n,1.0841095132718692e-08, -0.12400767207145691, 0.0
n,0.0, 0.0, 0.1038099005818367
n,0.0, 0.0, 0.1038099005818367
n,0.0, 0.0, 0.1038099005818367
n,-1.0841095132718692e-08, 0.12400767207145691, 0.0
n,-1.0841095132718692e-08, 0.12400767207145691, 0.0
n,-1.0841095132718692e-08, 0.12400767207145691, 0.0
n,0.1038099005818367, 9.075350249077019e-09, 0.0
n,0.1038099005818367, 9.075350249077019e-09, 0.0
n,0.1038099005818367, 9.075350249077019e-09, 0.0
n,0.0, 0.0, -0.1038099005818367
n,0.0, 0.0, -0.1038099005818367
n,0.0, 0.0, -0.1038099005818367
n,-0.1038099005818367, -9.075350249077019e-09, 0.0
n,-0.1038099005818367, -9.075350249077019e-09, 0.0
n,-0.1038099005818367, -9.075350249077019e-09, 0.0
n,1.0841095132718692e-08, -0.12400767207145691, 0.0
n,1.0841095132718692e-08, -0.12400767207145691, 0.0
n,1.0841095132718692e-08, -0.12400767207145691, 0.0
n,0.0, 0.0, 0.1038099005818367
n,0.0, 0.0, 0.1038099005818367
n,0.0, 0.0, 0.1038099005818367
n,-1.0841095132718692e-08, 0.12400767207145691, 0.0
n,-1.0841095132718692e-08, 0.12400767207145691, 0.0
n,-1.0841095132718692e-08, 0.12400767207145691, 0.0
n,0.1038099005818367, 9.075350249077019e-09, 0.0
n,0.1038099005818367, 9.075350249077019e-09, 0.0
n,0.1038099005818367, 9.075350249077019e-09, 0.0
n,0.0, 0.0, -0.1038099005818367
n,0.0, 0.0, -0.1038099005818367
n,0.0, 0.0, -0.1038099005818367
n,-0.1038099005818367, -9.075350249077019e-09, 0.0
n,-0.1038099005818367, -9.075350249077019e-09, 0.0
n,-0.1038099005818367, -9.075350249077019e-09, 0.0
n,1.0841095132718692e-08, -0.12400767207145691, 0.0
n,1.0841095132718692e-08, -0.12400767207145691, 0.0
n,1.0841095132718692e-08, -0.12400767207145691, 0.0
n,0.0, 0.0, 0.1038099005818367
n,0.0, 0.0, 0.1038099005818367
n,0.0, 0.0, 0.1038099005818367
n,-1.0841095132718692e-08, 0.12400767207145691, 0.0
n,-1.0841095132718692e-08, 0.12400767207145691, 0.0
n,-1.0841095132718692e-08, 0.12400767207145691, 0.0
n,0.1038099005818367, 9.075350249077019e-09, 0.0
n,0.1038099005818367, 9.075350249077019e-09, 0.0
n,0.1038099005818367, 9.075350249077019e-09, 0.0
n,0.0, 0.0, -0.1038099005818367
n,0.0, 0.0, -0.1038099005818367
n,0.0, 0.0, -0.1038099005818367
n,-0.1038099005818367, -9.075350249077019e-09, 0.0
n,-0.1038099005818367, -9.075350249077019e-09, 0.0
n,-0.1038099005818367, -9.075350249077019e-09, 0.0
n,1.0841095132718692e-08, -0.12400767207145691, 0.0
n,1.0841095132718692e-08, -0.12400767207145691, 0.0
n,1.0841095132718692e-08, -0.12400767207145691, 0.0
n,0.0, 0.0, 0.1038099005818367
n,0.0, 0.0, 0.1038099005818367
n,0.0, 0.0, 0.1038099005818367
n,-1.0841095132718692e-08, 0.12400767207145691, 0.0
n,-1.0841095132718692e-08, 0.12400767207145691, 0.0
n,-1.0841095132718692e-08, 0.12400767207145691, 0.0
n,0.1038099005818367, 9.075350249077019e-09, 0.0
n,0.1038099005818367, 9.075350249077019e-09, 0.0
n,0.1038099005818367, 9.075350249077019e-09, 0.0
n,0.0, 0.0, -0.1038099005818367
n,0.0, 0.0, -0.1038099005818367
n,0.0, 0.0, -0.1038099005818367
n,-0.1038099005818367, -9.075350249077019e-09, 0.0
n,-0.1038099005818367, -9.075350249077019e-09, 0.0
n,-0.1038099005818367, -9.075350249077019e-09, 0.0
n,1.0841095132718692e-08, -0.12400767207145691, 0.0
n,1.0841095132718692e-08, -0.12400767207145691, 0.0
n,1.0841095132718692e-08, -0.12400767207145691, 0.0
n,0.0, 0.0, 0.1038099005818367
n,0.0, 0.0, 0.1038099005818367
n,0.0, 0.0, 0.1038099005818367
n,-1.0841095132718692e-08, 0.12400767207145691, 0.0
n,-1.0841095132718692e-08, 0.12400767207145691, 0.0
n,-1.0841095132718692e-08, 0.12400767207145691, 0.0
n,0.1038099005818367, 9.075350249077019e-09, 0.0
n,0.1038099005818367, 9.075350249077019e-09, 0.0
n,0.1038099005818367, 9.075350249077019e-09, 0.0
n,0.0, 0.0, -0.1038099005818367
n,0.0, 0.0, -0.1038099005818367
n,0.0, 0.0, -0.1038099005818367
n,-0.1038099005818367, -9.075350249077019e-09, 0.0
n,-0.1038099005818367, -9.075350249077019e-09, 0.0
n,-0.1038099005818367, -9.075350249077019e-09, 0.0
n,1.0841095132718692e-08, -0.12400767207145691, 0.0
n,1.0841095132718692e-08, -0.12400767207145691, 0.0
n,1.0841095132718692e-08, -0.12400767207145691, 0.0
n,0.0, 0.0, 0.1038099005818367
n,0.0, 0.0, 0.1038099005818367
n,0.0, 0.0, 0.1038099005818367
n,-1.0841095132718692e-08, 0.12400767207145691, 0.0
n,-1.0841095132718692e-08, 0.12400767207145691, 0.0
n,-1.0841095132718692e-08, 0.12400767207145691, 0.0
n,0.1038099005818367, 9.075350249077019e-09, 0.0
n,0.1038099005818367, 9.075350249077019e-09, 0.0
n,0.1038099005818367, 9.075350249077019e-09, 0.0
n,0.0, 0.0, -0.1038099005818367
n,0.0, 0.0, -0.1038099005818367
n,0.0, 0.0, -0.1038099005818367
n,-0.1038099005818367, -9.075350249077019e-09, 0.0
n,-0.1038099005818367, -9.075350249077019e-09, 0.0
n,-0.1038099005818367, -9.075350249077019e-09, 0.0
n,1.0841095132718692e-08, -0.12400767207145691, 0.0
n,1.0841095132718692e-08, -0.12400767207145691, 0.0
n,1.0841095132718692e-08, -0.12400767207145691, 0.0
n,0.0, 0.0, 0.1038099005818367
n,0.0, 0.0, 0.1038099005818367
n,0.0, 0.0, 0.1038099005818367
n,-1.0841095132718692e-08, 0.12400767207145691, 0.0
n,-1.0841095132718692e-08, 0.12400767207145691, 0.0
n,-1.0841095132718692e-08, 0.12400767207145691, 0.0
n,0.1038099005818367, 9.075350249077019e-09, 0.0
n,0.1038099005818367, 9.075350249077019e-09, 0.0
n,0.1038099005818367, 9.075350249077019e-09, 0.0
n,0.0, 0.0, -0.1038099005818367
n,0.0, 0.0, -0.1038099005818367
n,0.0, 0.0, -0.1038099005818367
n,-0.1038099005818367, -9.075350249077019e-09, 0.0
n,-0.1038099005818367, -9.075350249077019e-09, 0.0
n,-0.1038099005818367, -9.075350249077019e-09, 0.0
n,1.0841095132718692e-08, -0.12400767207145691, 0.0
n,1.0841095132718692e-08, -0.12400767207145691, 0.0
n,1.0841095132718692e-08, -0.12400767207145691, 0.0
n,0.0, 0.0, 0.1038099005818367
n,0.0, 0.0, 0.1038099005818367
n,0.0, 0.0, 0.1038099005818367
n,-1.0841095132718692e-08, 0.12400767207145691, 0.0
n,-1.0841095132718692e-08, 0.12400767207145691, 0.0
n,-1.0841095132718692e-08, 0.12400767207145691, 0.0
n,0.1038099005818367, 9.075350249077019e-09, 0.0
n,0.1038099005818367, 9.075350249077019e-09, 0.0
n,0.1038099005818367, 9.075350249077019e-09, 0.0
n,0.0, 0.0, -0.1038099005818367
n,0.0, 0.0, -0.1038099005818367
n,0.0, 0.0, -0.1038099005818367
n,-0.1038099005818367, -9.075350249077019e-09, -2.802425569825573e-06
n,-0.1038099005818367, -9.075350249077019e-09, -2.802425569825573e-06
n,-0.1038099005818367, -9.075350249077019e-09, -2.802425569825573e-06
n,1.0841095132718692e-08, -0.12400767207145691, 0.0
n,1.0841095132718692e-08, -0.12400767207145691, 0.0
n,1.0841095132718692e-08, -0.12400767207145691, 0.0
n,1.737677024493678e-08, 8.959963793131465e-08, 0.1038099005818367
n,1.737677024493678e-08, 8.959963793131465e-08, 0.1038099005818367
n,1.737677024493678e-08, 8.959963793131465e-08, 0.1038099005818367
n,-1.0841095132718692e-08, 0.12400767207145691, 0.0
n,-1.0841095132718692e-08, 0.12400767207145691, 0.0
n,-1.0841095132718692e-08, 0.12400767207145691, 0.0
n,0.1038099005818367, 9.075350249077019e-09, 0.0
n,0.1038099005818367, 9.075350249077019e-09, 0.0
n,0.1038099005818367, 9.075350249077019e-09, 0.0
n,0.0, 0.0, -0.1038099005818367
n,0.0, 0.0, -0.1038099005818367
n,0.0, 0.0, -0.1038099005818367
n,-0.1038099005818367, -9.075350249077019e-09, 0.0
n,-0.1038099005818367, -9.075350249077019e-09, 0.0
n,-0.1038099005818367, -9.075350249077019e-09, 0.0
n,1.0841095132718692e-08, -0.12400767207145691, 0.0
n,1.0841095132718692e-08, -0.12400767207145691, 0.0
n,1.0841095132718692e-08, -0.12400767207145691, 0.0
n,0.0, 0.0, 0.1038099005818367
n,0.0, 0.0, 0.1038099005818367
n,0.0, 0.0, 0.1038099005818367
n,-1.0841095132718692e-08, 0.12400767207145691, 0.0
n,-1.0841095132718692e-08, 0.12400767207145691, 0.0
n,-1.0841095132718692e-08, 0.12400767207145691, 0.0
n,0.1038099005818367, 9.075350249077019e-09, 0.0
n,0.1038099005818367, 9.075350249077019e-09, 0.0
n,0.1038099005818367, 9.075350249077019e-09, 0.0
n,0.0, 0.0, -0.1038099005818367
n,0.0, 0.0, -0.1038099005818367
n,0.0, 0.0, -0.1038099005818367
n,-0.1038099005818367, -9.075350249077019e-09, 0.0
n,-0.1038099005818367, -9.075350249077019e-09, 0.0
n,-0.1038099005818367, -9.075350249077019e-09, 0.0
n,1.0841095132718692e-08, -0.12400767207145691, 0.0
n,1.0841095132718692e-08, -0.12400767207145691, 0.0
n,1.0841095132718692e-08, -0.12400767207145691, 0.0
n,0.0, 0.0, 0.1038099005818367
n,0.0, 0.0, 0.1038099005818367
n,0.0, 0.0, 0.1038099005818367
n,-1.0841095132718692e-08, 0.12400767207145691, 0.0
n,-1.0841095132718692e-08, 0.12400767207145691, 0.0
n,-1.0841095132718692e-08, 0.12400767207145691, 0.0
n,0.1038099005818367, 9.075350249077019e-09, 0.0
n,0.1038099005818367, 9.075350249077019e-09, 0.0
n,0.1038099005818367, 9.075350249077019e-09, 0.0
n,0.0, 0.0, -0.1038099005818367
n,0.0, 0.0, -0.1038099005818367
n,0.0, 0.0, -0.1038099005818367
n,-0.1038099005818367, -9.075350249077019e-09, 0.0
n,-0.1038099005818367, -9.075350249077019e-09, 0.0
n,-0.1038099005818367, -9.075350249077019e-09, 0.0
n,1.0841095132718692e-08, -0.12400767207145691, 0.0
n,1.0841095132718692e-08, -0.12400767207145691, 0.0
n,1.0841095132718692e-08, -0.12400767207145691, 0.0
n,0.0, 0.0, 0.1038099005818367
n,0.0, 0.0, 0.1038099005818367
n,0.0, 0.0, 0.1038099005818367
n,-1.0841095132718692e-08, 0.12400767207145691, 0.0
n,-1.0841095132718692e-08, 0.12400767207145691, 0.0
n,-1.0841095132718692e-08, 0.12400767207145691, 0.0
n,0.1038099005818367, 9.075350249077019e-09, 0.0
n,0.1038099005818367, 9.075350249077019e-09, 0.0
n,0.1038099005818367, 9.075350249077019e-09, 0.0
n,0.0, 0.0, -0.1038099005818367
n,0.0, 0.0, -0.1038099005818367
n,0.0, 0.0, -0.1038099005818367
n,-0.1038099005818367, -9.075350249077019e-09, 0.0
n,-0.1038099005818367, -9.075350249077019e-09, 0.0
n,-0.1038099005818367, -9.075350249077019e-09, 0.0
n,1.0841095132718692e-08, -0.12400767207145691, 0.0
n,1.0841095132718692e-08, -0.12400767207145691, 0.0
n,1.0841095132718692e-08, -0.12400767207145691, 0.0
n,0.0, 0.0, 0.1038099005818367
n,0.0, 0.0, 0.1038099005818367
n,0.0, 0.0, 0.1038099005818367
n,-1.0841095132718692e-08, 0.12400767207145691, 0.0
n,-1.0841095132718692e-08, 0.12400767207145691, 0.0
n,-1.0841095132718692e-08, 0.12400767207145691, 0.0
n,0.1038099005818367, 9.075350249077019e-09, 0.0
n,0.1038099005818367, 9.075350249077019e-09, 0.0
n,0.1038099005818367, 9.075350249077019e-09, 0.0
n,0.0, 0.0, -0.1038099005818367
n,0.0, 0.0, -0.1038099005818367
n,0.0, 0.0, -0.1038099005818367
n,-0.1038099005818367, -9.075350249077019e-09, 0.0
n,-0.1038099005818367, -9.075350249077019e-09, 0.0
n,-0.1038099005818367, -9.075350249077019e-09, 0.0
n,1.0841095132718692e-08, -0.12400767207145691, 0.0
n,1.0841095132718692e-08, -0.12400767207145691, 0.0
n,1.0841095132718692e-08, -0.12400767207145691, 0.0
n,0.0, 0.0, 0.1038099005818367
n,0.0, 0.0, 0.1038099005818367
n,0.0, 0.0, 0.1038099005818367
n,-1.0841095132718692e-08, 0.12400767207145691, 0.0
n,-1.0841095132718692e-08, 0.12400767207145691, 0.0
n,-1.0841095132718692e-08, 0.12400767207145691, 0.0
n,0.1038099005818367, 9.075350249077019e-09, 0.0
n,0.1038099005818367, 9.075350249077019e-09, 0.0
n,0.1038099005818367, 9.075350249077019e-09, 0.0
n,0.0, 0.0, -0.1038099005818367
n,0.0, 0.0, -0.1038099005818367
n,0.0, 0.0, -0.1038099005818367
n,-0.1038099005818367, -9.075350249077019e-09, 0.0
n,-0.1038099005818367, -9.075350249077019e-09, 0.0
n,-0.1038099005818367, -9.075350249077019e-09, 0.0
n,1.0841095132718692e-08, -0.12400767207145691, 0.0
n,1.0841095132718692e-08, -0.12400767207145691, 0.0
n,1.0841095132718692e-08, -0.12400767207145691, 0.0
n,0.0, 0.0, 0.1038099005818367
n,0.0, 0.0, 0.1038099005818367
n,0.0, 0.0, 0.1038099005818367
n,-1.0841095132718692e-08, 0.12400767207145691, 0.0
n,-1.0841095132718692e-08, 0.12400767207145691, 0.0
n,-1.0841095132718692e-08, 0.12400767207145691, 0.0
n,0.1038099005818367, 9.075350249077019e-09, 0.0
n,0.1038099005818367, 9.075350249077019e-09, 0.0
n,0.1038099005818367, 9.075350249077019e-09, 0.0
n,0.0, 0.0, -0.1038099005818367
n,0.0, 0.0, -0.1038099005818367
n,0.0, 0.0, -0.1038099005818367
n,-0.1038099005818367, -9.075350249077019e-09, 0.0
n,-0.1038099005818367, -9.075350249077019e-09, 0.0
n,-0.1038099005818367, -9.075350249077019e-09, 0.0
n,1.0841095132718692e-08, -0.12400767207145691, 0.0
n,1.0841095132718692e-08, -0.12400767207145691, 0.0
n,1.0841095132718692e-08, -0.12400767207145691, 0.0
n,0.0, 0.0, 0.1038099005818367
n,0.0, 0.0, 0.1038099005818367
n,0.0, 0.0, 0.1038099005818367
n,-1.0841095132718692e-08, 0.12400767207145691, 0.0
n,-1.0841095132718692e-08, 0.12400767207145691, 0.0
n,-1.0841095132718692e-08, 0.12400767207145691, 0.0
n,0.1038099005818367, 9.075350249077019e-09, 0.0
n,0.1038099005818367, 9.075350249077019e-09, 0.0
n,0.1038099005818367, 9.075350249077019e-09, 0.0
n,0.0, 0.0, -0.1038099005818367
n,0.0, 0.0, -0.1038099005818367
n,0.0, 0.0, -0.1038099005818367
n,-0.1038099005818367, -9.075350249077019e-09, 0.0
n,-0.1038099005818367, -9.075350249077019e-09, 0.0
n,-0.1038099005818367, -9.075350249077019e-09, 0.0
n,1.0841095132718692e-08, -0.12400767207145691, 0.0
n,1.0841095132718692e-08, -0.12400767207145691, 0.0
n,1.0841095132718692e-08, -0.12400767207145691, 0.0
n,0.0, 0.0, 0.1038099005818367
n,0.0, 0.0, 0.1038099005818367
n,0.0, 0.0, 0.1038099005818367
n,-1.0841095132718692e-08, 0.12400767207145691, 0.0
n,-1.0841095132718692e-08, 0.12400767207145691, 0.0
n,-1.0841095132718692e-08, 0.12400767207145691, 0.0
n,0.1038099005818367, 9.075350249077019e-09, 0.0
n,0.1038099005818367, 9.075350249077019e-09, 0.0
n,0.1038099005818367, 9.075350249077019e-09, 0.0
n,0.0, 0.0, -0.1038099005818367
n,0.0, 0.0, -0.1038099005818367
n,0.0, 0.0, -0.1038099005818367
n,-0.1038099005818367, -9.075350249077019e-09, 0.0
n,-0.1038099005818367, -9.075350249077019e-09, 0.0
n,-0.1038099005818367, -9.075350249077019e-09, 0.0
n,1.0841095132718692e-08, -0.12400767207145691, 0.0
n,1.0841095132718692e-08, -0.12400767207145691, 0.0
n,1.0841095132718692e-08, -0.12400767207145691, 0.0
n,0.0, 0.0, 0.1038099005818367
n,0.0, 0.0, 0.1038099005818367
n,0.0, 0.0, 0.1038099005818367
n,-1.0841095132718692e-08, 0.12400767207145691, 0.0
n,-1.0841095132718692e-08, 0.12400767207145691, 0.0
n,-1.0841095132718692e-08, 0.12400767207145691, 0.0
n,0.1038099005818367, 9.075350249077019e-09, 0.0
n,0.1038099005818367, 9.075350249077019e-09, 0.0
n,0.1038099005818367, 9.075350249077019e-09, 0.0
n,0.0, 0.0, -0.1038099005818367
n,0.0, 0.0, -0.1038099005818367
n,0.0, 0.0, -0.1038099005818367
n,-0.1038099005818367, -9.075350249077019e-09, 0.0
n,-0.1038099005818367, -9.075350249077019e-09, 0.0
n,-0.1038099005818367, -9.075350249077019e-09, 0.0
n,1.0841095132718692e-08, -0.12400767207145691, 0.0
n,1.0841095132718692e-08, -0.12400767207145691, 0.0
n,1.0841095132718692e-08, -0.12400767207145691, 0.0
n,0.0, 0.0, 0.1038099005818367
n,0.0, 0.0, 0.1038099005818367
n,0.0, 0.0, 0.1038099005818367
n,-1.0841095132718692e-08, 0.12400767207145691, 0.0
n,-1.0841095132718692e-08, 0.12400767207145691, 0.0
n,-1.0841095132718692e-08, 0.12400767207145691, 0.0
n,0.1038099005818367, 9.075350249077019e-09, 0.0
n,0.1038099005818367, 9.075350249077019e-09, 0.0
n,0.1038099005818367, 9.075350249077019e-09, 0.0
n,0.0, 0.0, -0.1038099005818367
n,0.0, 0.0, -0.1038099005818367
n,0.0, 0.0, -0.1038099005818367
n,-0.1038099005818367, -9.075350249077019e-09, 0.0
n,-0.1038099005818367, -9.075350249077019e-09, 0.0
n,-0.1038099005818367, -9.075350249077019e-09, 0.0
n,1.0841095132718692e-08, -0.12400767207145691, 0.0
n,1.0841095132718692e-08, -0.12400767207145691, 0.0
n,1.0841095132718692e-08, -0.12400767207145691, 0.0
n,0.0, 0.0, 0.1038099005818367
n,0.0, 0.0, 0.1038099005818367
n,0.0, 0.0, 0.1038099005818367
n,-1.0841095132718692e-08, 0.12400767207145691, 0.0
n,-1.0841095132718692e-08, 0.12400767207145691, 0.0
n,-1.0841095132718692e-08, 0.12400767207145691, 0.0
n,0.1038099005818367, 9.075350249077019e-09, 0.0
n,0.1038099005818367, 9.075350249077019e-09, 0.0
n,0.1038099005818367, 9.075350249077019e-09, 0.0
n,0.0, 0.0, -0.1038099005818367
n,0.0, 0.0, -0.1038099005818367
n,0.0, 0.0, -0.1038099005818367
n,-0.1038099005818367, -9.075350249077019e-09, 0.0
n,-0.1038099005818367, -9.075350249077019e-09, 0.0
n,-0.1038099005818367, -9.075350249077019e-09, 0.0
n,1.0841095132718692e-08, -0.12400767207145691, 0.0
n,1.0841095132718692e-08, -0.12400767207145691, 0.0
n,1.0841095132718692e-08, -0.12400767207145691, 0.0
n,0.0, 0.0, 0.1038099005818367
n,0.0, 0.0, 0.1038099005818367
n,0.0, 0.0, 0.1038099005818367
n,-1.0841095132718692e-08, 0.12400767207145691, 0.0
n,-1.0841095132718692e-08, 0.12400767207145691, 0.0
n,-1.0841095132718692e-08, 0.12400767207145691, 0.0
n,0.1038099005818367, 9.075350249077019e-09, 0.0
n,0.1038099005818367, 9.075350249077019e-09, 0.0
n,0.1038099005818367, 9.075350249077019e-09, 0.0
n,0.0, 0.0, -0.1038099005818367
n,0.0, 0.0, -0.1038099005818367
n,0.0, 0.0, -0.1038099005818367
n,-0.1038099005818367, -9.075350249077019e-09, 0.0
n,-0.1038099005818367, -9.075350249077019e-09, 0.0
n,-0.1038099005818367, -9.075350249077019e-09, 0.0
n,1.0841095132718692e-08, -0.12400767207145691, 0.0
n,1.0841095132718692e-08, -0.12400767207145691, 0.0
n,1.0841095132718692e-08, -0.12400767207145691, 0.0
n,0.0, 0.0, 0.1038099005818367
n,0.0, 0.0, 0.1038099005818367
n,0.0, 0.0, 0.1038099005818367
n,-1.0841095132718692e-08, 0.12400767207145691, 0.0
n,-1.0841095132718692e-08, 0.12400767207145691, 0.0
n,-1.0841095132718692e-08, 0.12400767207145691, 0.0
n,0.1038099005818367, 9.075350249077019e-09, 0.0
n,0.1038099005818367, 9.075350249077019e-09, 0.0
n,0.1038099005818367, 9.075350249077019e-09, 0.0
n,0.0, 0.0, -0.1038099005818367
n,0.0, 0.0, -0.1038099005818367
n,0.0, 0.0, -0.1038099005818367
n,-0.1038099005818367, -9.075350249077019e-09, 2.1018261122662807e-06
n,-0.1038099005818367, -9.075350249077019e-09, 2.1018261122662807e-06
n,-0.1038099005818367, -9.075350249077019e-09, 2.1018261122662807e-06
n,1.0841095132718692e-08, -0.12400767207145691, 5.60487387701869e-06
n,1.0841095132718692e-08, -0.12400767207145691, 5.60487387701869e-06
n,1.0841095132718692e-08, -0.12400767207145691, 5.60487387701869e-06
n,3.257949021673312e-09, 1.7155556286002106e-14, 0.1038099005818367
n,3.257949021673312e-09, 1.7155556286002106e-14, 0.1038099005818367
n,3.257949021673312e-09, 1.7155556286002106e-14, 0.1038099005818367
n,-1.0841095132718692e-08, 0.12400767207145691, 0.0
n,-1.0841095132718692e-08, 0.12400767207145691, 0.0
n,-1.0841095132718692e-08, 0.12400767207145691, 0.0
n,0.1038099005818367, 9.075350249077019e-09, 0.0
n,0.1038099005818367, 9.075350249077019e-09, 0.0
n,0.1038099005818367, 9.075350249077019e-09, 0.0
n,0.0, 0.0, -0.1038099005818367
n,0.0, 0.0, -0.1038099005818367
n,0.0, 0.0, -0.1038099005818367
n,-0.1038099005818367, -9.075350249077019e-09, 0.0
n,-0.1038099005818367, -9.075350249077019e-09, 0.0
n,-0.1038099005818367, -9.075350249077019e-09, 0.0
n,1.0841095132718692e-08, -0.12400767207145691, 0.0
n,1.0841095132718692e-08, -0.12400767207145691, 0.0
n,1.0841095132718692e-08, -0.12400767207145691, 0.0
n,0.0, 0.0, 0.1038099005818367
n,0.0, 0.0, 0.1038099005818367
n,0.0, 0.0, 0.1038099005818367
n,-1.0841095132718692e-08, 0.12400767207145691, 0.0
n,-1.0841095132718692e-08, 0.12400767207145691, 0.0
n,-1.0841095132718692e-08, 0.12400767207145691, 0.0
n,0.1038099005818367, 9.075350249077019e-09, 0.0
n,0.1038099005818367, 9.075350249077019e-09, 0.0
n,0.1038099005818367, 9.075350249077019e-09, 0.0
n,0.0, 0.0, -0.1038099005818367
n,0.0, 0.0, -0.1038099005818367
n,0.0, 0.0, -0.1038099005818367
n,-0.1038099005818367, -9.075350249077019e-09, 0.0
n,-0.1038099005818367, -9.075350249077019e-09, 0.0
n,-0.1038099005818367, -9.075350249077019e-09, 0.0
n,1.0841095132718692e-08, -0.12400767207145691, 0.0
n,1.0841095132718692e-08, -0.12400767207145691, 0.0
n,1.0841095132718692e-08, -0.12400767207145691, 0.0
n,0.0, 0.0, 0.1038099005818367
n,0.0, 0.0, 0.1038099005818367
n,0.0, 0.0, 0.1038099005818367
n,-1.0841095132718692e-08, 0.12400767207145691, 0.0
n,-1.0841095132718692e-08, 0.12400767207145691, 0.0
n,-1.0841095132718692e-08, 0.12400767207145691, 0.0
n,0.1038099005818367, 9.075350249077019e-09, 0.0
n,0.1038099005818367, 9.075350249077019e-09, 0.0
n,0.1038099005818367, 9.075350249077019e-09, 0.0
n,0.0, 0.0, -0.1038099005818367
n,0.0, 0.0, -0.1038099005818367
n,0.0, 0.0, -0.1038099005818367
n,-0.1038099005818367, -9.075350249077019e-09, 0.0
n,-0.1038099005818367, -9.075350249077019e-09, 0.0
n,-0.1038099005818367, -9.075350249077019e-09, 0.0
n,1.0841095132718692e-08, -0.12400767207145691, 0.0
n,1.0841095132718692e-08, -0.12400767207145691, 0.0
n,1.0841095132718692e-08, -0.12400767207145691, 0.0
n,0.0, 0.0, 0.1038099005818367
n,0.0, 0.0, 0.1038099005818367
n,0.0, 0.0, 0.1038099005818367
n,-1.0841095132718692e-08, 0.12400767207145691, 0.0
n,-1.0841095132718692e-08, 0.12400767207145691, 0.0
n,-1.0841095132718692e-08, 0.12400767207145691, 0.0
n,0.1038099005818367, 9.075350249077019e-09, 0.0
n,0.1038099005818367, 9.075350249077019e-09, 0.0
n,0.1038099005818367, 9.075350249077019e-09, 0.0
n,0.0, 0.0, -0.1038099005818367
n,0.0, 0.0, -0.1038099005818367
n,0.0, 0.0, -0.1038099005818367
n,-0.1038099005818367, -9.075350249077019e-09, 0.0
n,-0.1038099005818367, -9.075350249077019e-09, 0.0
n,-0.1038099005818367, -9.075350249077019e-09, 0.0
n,1.0841095132718692e-08, -0.12400767207145691, 0.0
n,1.0841095132718692e-08, -0.12400767207145691, 0.0
n,1.0841095132718692e-08, -0.12400767207145691, 0.0
n,0.0, 0.0, 0.1038099005818367
n,0.0, 0.0, 0.1038099005818367
n,0.0, 0.0, 0.1038099005818367
n,-1.0841095132718692e-08, 0.12400767207145691, 0.0
n,-1.0841095132718692e-08, 0.12400767207145691, 0.0
n,-1.0841095132718692e-08, 0.12400767207145691, 0.0
n,0.1038099005818367, 9.075350249077019e-09, 0.0
n,0.1038099005818367, 9.075350249077019e-09, 0.0
n,0.1038099005818367, 9.075350249077019e-09, 0.0
n,0.0, 0.0, -0.1038099005818367
n,0.0, 0.0, -0.1038099005818367
n,0.0, 0.0, -0.1038099005818367
n,-0.1038099005818367, -9.075350249077019e-09, 0.0
n,-0.1038099005818367, -9.075350249077019e-09, 0.0
n,-0.1038099005818367, -9.075350249077019e-09, 0.0
n,1.0841095132718692e-08, -0.12400767207145691, 0.0
n,1.0841095132718692e-08, -0.12400767207145691, 0.0
n,1.0841095132718692e-08, -0.12400767207145691, 0.0
n,0.0, 0.0, 0.1038099005818367
n,0.0, 0.0, 0.1038099005818367
n,0.0, 0.0, 0.1038099005818367
n,-1.0841095132718692e-08, 0.12400767207145691, 0.0
n,-1.0841095132718692e-08, 0.12400767207145691, 0.0
n,-1.0841095132718692e-08, 0.12400767207145691, 0.0
n,0.1038099005818367, 9.075350249077019e-09, 0.0
n,0.1038099005818367, 9.075350249077019e-09, 0.0
n,0.1038099005818367, 9.075350249077019e-09, 0.0
n,0.0, 0.0, -0.1038099005818367
n,0.0, 0.0, -0.1038099005818367
n,0.0, 0.0, -0.1038099005818367
n,-0.1038099005818367, -9.075350249077019e-09, 0.0
n,-0.1038099005818367, -9.075350249077019e-09, 0.0
n,-0.1038099005818367, -9.075350249077019e-09, 0.0
n,1.0841095132718692e-08, -0.12400767207145691, 0.0
n,1.0841095132718692e-08, -0.12400767207145691, 0.0
n,1.0841095132718692e-08, -0.12400767207145691, 0.0
n,0.0, 0.0, 0.1038099005818367
n,0.0, 0.0, 0.1038099005818367
n,0.0, 0.0, 0.1038099005818367
n,-1.0841095132718692e-08, 0.12400767207145691, 0.0
n,-1.0841095132718692e-08, 0.12400767207145691, 0.0
n,-1.0841095132718692e-08, 0.12400767207145691, 0.0
n,0.1038099005818367, 9.075350249077019e-09, 0.0
n,0.1038099005818367, 9.075350249077019e-09, 0.0
n,0.1038099005818367, 9.075350249077019e-09, 0.0
n,0.0, 0.0, -0.1038099005818367
n,0.0, 0.0, -0.1038099005818367
n,0.0, 0.0, -0.1038099005818367
n,-0.1038099005818367, -9.075350249077019e-09, 0.0
n,-0.1038099005818367, -9.075350249077019e-09, 0.0
n,-0.1038099005818367, -9.075350249077019e-09, 0.0
n,1.0841095132718692e-08, -0.12400767207145691, 0.0
n,1.0841095132718692e-08, -0.12400767207145691, 0.0
n,1.0841095132718692e-08, -0.12400767207145691, 0.0
n,0.0, 0.0, 0.1038099005818367
n,0.0, 0.0, 0.1038099005818367
n,0.0, 0.0, 0.1038099005818367
n,-1.0841095132718692e-08, 0.12400767207145691, 0.0
n,-1.0841095132718692e-08, 0.12400767207145691, 0.0
n,-1.0841095132718692e-08, 0.12400767207145691, 0.0
n,0.1038099005818367, 9.075350249077019e-09, 0.0
n,0.1038099005818367, 9.075350249077019e-09, 0.0
n,0.1038099005818367, 9.075350249077019e-09, 0.0
n,0.0, 0.0, -0.1038099005818367
n,0.0, 0.0, -0.1038099005818367
n,0.0, 0.0, -0.1038099005818367
n,-0.1038099005818367, -9.075350249077019e-09, 0.0
n,-0.1038099005818367, -9.075350249077019e-09, 0.0
n,-0.1038099005818367, -9.075350249077019e-09, 0.0
n,1.0841095132718692e-08, -0.12400767207145691, 0.0
n,1.0841095132718692e-08, -0.12400767207145691, 0.0
n,1.0841095132718692e-08, -0.12400767207145691, 0.0
n,0.0, 0.0, 0.1038099005818367
n,0.0, 0.0, 0.1038099005818367
n,0.0, 0.0, 0.1038099005818367
n,-1.0841095132718692e-08, 0.12400767207145691, 0.0
n,-1.0841095132718692e-08, 0.12400767207145691, 0.0
n,-1.0841095132718692e-08, 0.12400767207145691, 0.0
n,0.1038099005818367, 9.075350249077019e-09, 0.0
n,0.1038099005818367, 9.075350249077019e-09, 0.0
n,0.1038099005818367, 9.075350249077019e-09, 0.0
n,0.0, 0.0, -0.1038099005818367
n,0.0, 0.0, -0.1038099005818367
n,0.0, 0.0, -0.1038099005818367
n,-0.1038099005818367, -9.075350249077019e-09, 0.0
n,-0.1038099005818367, -9.075350249077019e-09, 0.0
n,-0.1038099005818367, -9.075350249077019e-09, 0.0
n,1.0841095132718692e-08, -0.12400767207145691, 0.0
n,1.0841095132718692e-08, -0.12400767207145691, 0.0
n,1.0841095132718692e-08, -0.12400767207145691, 0.0
n,0.0, 0.0, 0.1038099005818367
n,0.0, 0.0, 0.1038099005818367
n,0.0, 0.0, 0.1038099005818367
n,-1.0841095132718692e-08, 0.12400767207145691, 0.0
n,-1.0841095132718692e-08, 0.12400767207145691, 0.0
n,-1.0841095132718692e-08, 0.12400767207145691, 0.0
n,0.1038099005818367, 9.075350249077019e-09, 0.0
n,0.1038099005818367, 9.075350249077019e-09, 0.0
n,0.1038099005818367, 9.075350249077019e-09, 0.0
n,0.0, 0.0, -0.1038099005818367
n,0.0, 0.0, -0.1038099005818367
n,0.0, 0.0, -0.1038099005818367
n,-0.1038099005818367, -9.075350249077019e-09, 0.0
n,-0.1038099005818367, -9.075350249077019e-09, 0.0
n,-0.1038099005818367, -9.075350249077019e-09, 0.0
n,1.0841095132718692e-08, -0.12400767207145691, 0.0
n,1.0841095132718692e-08, -0.12400767207145691, 0.0
n,1.0841095132718692e-08, -0.12400767207145691, 0.0
n,0.0, 0.0, 0.1038099005818367
n,0.0, 0.0, 0.1038099005818367
n,0.0, 0.0, 0.1038099005818367
n,-1.0841095132718692e-08, 0.12400767207145691, 0.0
n,-1.0841095132718692e-08, 0.12400767207145691, 0.0
n,-1.0841095132718692e-08, 0.12400767207145691, 0.0
n,0.1038099005818367, 9.075350249077019e-09, 0.0
n,0.1038099005818367, 9.075350249077019e-09, 0.0
n,0.1038099005818367, 9.075350249077019e-09, 0.0
n,0.0, 0.0, -0.1038099005818367
n,0.0, 0.0, -0.1038099005818367
n,0.0, 0.0, -0.1038099005818367
n,-0.1038099005818367, -9.075350249077019e-09, 0.0
n,-0.1038099005818367, -9.075350249077019e-09, 0.0
n,-0.1038099005818367, -9.075350249077019e-09, 0.0
n,1.0841095132718692e-08, -0.12400767207145691, 0.0
n,1.0841095132718692e-08, -0.12400767207145691, 0.0
n,1.0841095132718692e-08, -0.12400767207145691, 0.0
n,0.0, 0.0, 0.1038099005818367
n,0.0, 0.0, 0.1038099005818367
n,0.0, 0.0, 0.1038099005818367
n,-1.0841095132718692e-08, 0.12400767207145691, 0.0
n,-1.0841095132718692e-08, 0.12400767207145691, 0.0
n,-1.0841095132718692e-08, 0.12400767207145691, 0.0
n,0.1038099005818367, 9.075350249077019e-09, 0.0
n,0.1038099005818367, 9.075350249077019e-09, 0.0
n,0.1038099005818367, 9.075350249077019e-09, 0.0
n,0.0, 0.0, -0.1038099005818367
n,0.0, 0.0, -0.1038099005818367
n,0.0, 0.0, -0.1038099005818367
n,-0.1038099005818367, -9.075350249077019e-09, 2.1018192910560174e-06
n,-0.1038099005818367, -9.075350249077019e-09, 2.1018192910560174e-06
n,-0.1038099005818367, -9.075350249077019e-09, 2.1018192910560174e-06
n,1.0841095132718692e-08, -0.12400767207145691, 2.802425569825573e-06
n,1.0841095132718692e-08, -0.12400767207145691, 2.802425569825573e-06
n,1.0841095132718692e-08, -0.12400767207145691, 2.802425569825573e-06
n,-7.832572955566823e-15, 8.959418806853137e-08, 0.1038099005818367
n,-7.832572955566823e-15, 8.959418806853137e-08, 0.1038099005818367
n,-7.832572955566823e-15, 8.959418806853137e-08, 0.1038099005818367
n,-1.0841095132718692e-08, 0.12400767207145691, 0.0
n,-1.0841095132718692e-08, 0.12400767207145691, 0.0
n,-1.0841095132718692e-08, 0.12400767207145691, 0.0
n,0.1038099005818367, 9.075350249077019e-09, 0.0
n,0.1038099005818367, 9.075350249077019e-09, 0.0
n,0.1038099005818367, 9.075350249077019e-09, 0.0
u,0.3573085069656372, 0.857142835855484, 0
u,0.33317309617996216, 1.0, 0
u,0.33317315578460693, 0.857142835855484, 0
u,0.5106106400489807, 0.10976123809814453, 0
u,0.503524661064148, 0.1428571343421936, 0
u,0.503524661064148, 0.10976123809814453, 0
u,0.8959237337112427, 0.2857142686843872, 0
u,0.8888377547264099, 0.4285714030265808, 0
u,0.8888377547264099, 0.2857142686843872, 0
u,0.33317315578460693, 0.7142857015132904, 0
u,0.3573085069656372, 0.857142835855484, 0
u,0.33317315578460693, 0.857142835855484, 0
u,0.8959237337112427, 0.14285707473754883, 0
u,0.8888377547264099, 0.2857142686843872, 0
u,0.8888378143310547, 0.14285707473754883, 0
u,0.5176966190338135, 0.1097612977027893, 0
u,0.5106106400489807, 0.14285719394683838, 0
u,0.5106106400489807, 0.1097612977027893, 0
u,0.3814438581466675, 0.857142835855484, 0
u,0.3573085069656372, 1.0, 0
u,0.3573085069656372, 0.857142835855484, 0
u,0.5366206169128418, 0.10976123809814453, 0
u,0.529534637928009, 0.1428571343421936, 0
u,0.529534637928009, 0.10976123809814453, 0
u,0.9030096530914307, 0.8571428507566452, 0
u,0.8959236741065979, 0.9999999973171847, 0
u,0.8959237337112427, 0.8571428507566452, 0
u,0.3573085069656372, 0.7142857015132904, 0
u,0.3814438581466675, 0.857142835855484, 0
u,0.3573085069656372, 0.857142835855484, 0
u,0.9030096530914307, 0.7142857015132904, 0
u,0.8959237337112427, 0.857142835855484, 0
u,0.8959237337112427, 0.7142857015132904, 0
u,0.529534637928009, 0.1097612977027893, 0
u,0.522448718547821, 0.14285719394683838, 0
u,0.522448718547821, 0.1097612977027893, 0
u,0.200353741645813, 0.857142835855484, 0
u,0.1750970184803009, 1.0, 0
u,0.1750970184803009, 0.857142835855484, 0
u,0.834483802318573, 0.07666534185409546, 0
u,0.8273978233337402, 0.10976123809814453, 0
u,0.8273978233337402, 0.07666534185409546, 0
u,0.9030096530914307, 0.5714285373687744, 0
u,0.8959236741065979, 0.7142857015132904, 0
u,0.8959236741065979, 0.5714285373687744, 0
u,0.200353741645813, 0.857142835855484, 0
u,0.22561046481132507, 1.0, 0
u,0.200353741645813, 1.0, 0
u,0.9030096530914307, 0.4285714030265808, 0
u,0.8959236741065979, 0.5714285373687744, 0
u,0.8959236741065979, 0.4285714030265808, 0
u,0.3711410164833069, 0.10976117849349976, 0
u,0.3640550673007965, 0.14285707473754883, 0
u,0.3640550673007965, 0.10976117849349976, 0
u,0.4238896667957306, 0.857142835855484, 0
u,0.39871203899383545, 1.0, 0
u,0.39871203899383545, 0.857142835855484, 0
u,0.6973479986190796, 0.10976117849349976, 0
u,0.6902620792388916, 0.1428571343421936, 0
u,0.6902620792388916, 0.10976117849349976, 0
u,0.8675796985626221, 0.8571428507566452, 0
u,0.8604937791824341, 0.9999999957684937, 0
u,0.8604937791824341, 0.8571428507566452, 0
u,0.39871206879615784, 0.7142857015132904, 0
u,0.4238896667957306, 0.857142835855484, 0
u,0.39871203899383545, 0.857142835855484, 0
u,0.8675797581672668, 0.7142857015132904, 0
u,0.8604937791824341, 0.857142835855484, 0
u,0.8604937791824341, 0.7142857015132904, 0
u,0.735196053981781, 0.1097612977027893, 0
u,0.728110134601593, 0.14285719394683838, 0
u,0.728110134601593, 0.1097612977027893, 0
u,0.22561046481132507, 0.4285714626312256, 0
u,0.200353741645813, 0.5714285969734192, 0
u,0.200353741645813, 0.4285714626312256, 0
u,0.7281100749969482, 0.10976117849349976, 0
u,0.7210241556167603, 0.1428571343421936, 0
u,0.7210241556167603, 0.10976117849349976, 0
u,0.8675796985626221, 0.5714285373687744, 0
u,0.8604937791824341, 0.7142857015132904, 0
u,0.8604937791824341, 0.5714285373687744, 0
u,0.22561046481132507, 0.4285714626312256, 0
u,0.25086718797683716, 0.5714285969734192, 0
u,0.22561046481132507, 0.5714285969734192, 0
u,0.8675796985626221, 0.4285714626312256, 0
u,0.8604937791824341, 0.5714285969734192, 0
u,0.8604937791824341, 0.4285714626312256, 0
u,0.7044339179992676, 0.1097612977027893, 0
u,0.6973479986190796, 0.14285719394683838, 0
u,0.6973479986190796, 0.1097612977027893, 0
u,0.27612391114234924, 0.4285714626312256, 0
u,0.25086718797683716, 0.5714285969734192, 0
u,0.25086718797683716, 0.4285714626312256, 0
u,0.7612060904502869, 0.07666522264480591, 0
u,0.7541201114654541, 0.10976111888885498, 0
u,0.7541201114654541, 0.07666522264480591, 0
u,0.9030097126960754, 0.2857142686843872, 0
u,0.8959237933158875, 0.4285714030265808, 0
u,0.8959237933158875, 0.2857142686843872, 0
u,0.28490233421325684, 0.4285714626312256, 0
u,0.3090377449989319, 0.5714285969734192, 0
u,0.28490233421325684, 0.5714285969734192, 0
u,0.9030097126960754, 0.1428571343421936, 0
u,0.8959237933158875, 0.2857142686843872, 0
u,0.8959237933158875, 0.1428571343421936, 0
u,0.45859068632125854, 0.1097612977027893, 0
u,0.45150473713874817, 0.14285719394683838, 0
u,0.45150473713874817, 0.10976123809814453, 0
u,0.7202160954475403, 0.1428571343421936, 0
u,0.6957746744155884, 0.2857142686843872, 0
u,0.6957746744155884, 0.1428571343421936, 0
u,0.9100956916809082, 0.07666534185409546, 0
u,0.9030097723007202, 0.10976123809814453, 0
u,0.9030097723007202, 0.07666534185409546, 0
u,0.9596976041793823, 0.2857142686843872, 0
u,0.9526116251945496, 0.4285714030265808, 0
u,0.9526116847991943, 0.2857142686843872, 0
u,0.7579966187477112, 0.1428571343421936, 0
u,0.7841045260429382, 0.2857142686843872, 0
u,0.7579966187477112, 0.2857142686843872, 0
u,0.9596976041793823, 0.1428571343421936, 0
u,0.9526116847991943, 0.2857142686843872, 0
u,0.9526116847991943, 0.1428571343421936, 0
u,0.9030097126960754, 0.07666540145874023, 0
u,0.8959237337112427, 0.1097612977027893, 0
u,0.8959237337112427, 0.07666540145874023, 0
u,0.33317309617996216, 0.4285714626312256, 0
u,0.3090377449989319, 0.5714285969734192, 0
u,0.3090377449989319, 0.4285714626312256, 0
u,0.721024215221405, 0.10976123809814453, 0
u,0.7139382362365723, 0.1428571343421936, 0
u,0.7139382362365723, 0.10976123809814453, 0
u,0.9667835235595703, 0.8571428507566452, 0
u,0.9596976041793823, 1.0000000001048295, 0
u,0.9596976041793823, 0.8571428507566452, 0
u,0.33317309617996216, 0.4285714626312256, 0
u,0.3573085069656372, 0.5714285969734192, 0
u,0.33317309617996216, 0.5714285969734192, 0
u,0.9667835235595703, 0.7142857015132904, 0
u,0.9596976041793823, 0.8571428507566452, 0
u,0.9596976041793823, 0.7142857015132904, 0
u,0.7422818541526794, 0.1097612977027893, 0
u,0.7351959347724915, 0.14285719394683838, 0
u,0.7351959347724915, 0.1097612977027893, 0
u,0.4238896369934082, 0.4285714030265808, 0
u,0.39871203899383545, 0.5714285671710968, 0
u,0.39871203899383545, 0.4285714030265808, 0
u,0.7139382362365723, 0.10976123809814453, 0
u,0.7068523168563843, 0.1428571343421936, 0
u,0.7068523168563843, 0.10976123809814453, 0
u,0.9667835831642151, 0.5714285373687744, 0
u,0.9596976637840271, 0.7142857015132904, 0
u,0.9596976637840271, 0.5714285373687744, 0
u,0.3573085069656372, 0.4285714030265808, 0
u,0.3814438581466675, 0.5714285671710968, 0
u,0.3573085069656372, 0.5714285671710968, 0
u,0.9667835831642151, 0.4285714626312256, 0
u,0.9596976637840271, 0.5714285969734192, 0
u,0.9596976637840271, 0.4285714626312256, 0
u,0.749367892742157, 0.1097612977027893, 0
u,0.742281973361969, 0.14285719394683838, 0
u,0.742281973361969, 0.1097612977027893, 0
u,0.44906726479530334, 0.4285714030265808, 0
u,0.4238896369934082, 0.5714285671710968, 0
u,0.4238896369934082, 0.4285714030265808, 0
u,0.7682920098304749, 0.10976123809814453, 0
u,0.7612060904502869, 0.1428571343421936, 0
u,0.7612060904502869, 0.10976123809814453, 0
u,0.9667835831642151, 0.2857142686843872, 0
u,0.9596976041793823, 0.4285714030265808, 0
u,0.9596976637840271, 0.2857142686843872, 0
u,0.44906726479530334, 0.4285714030265808, 0
u,0.4742448627948761, 0.5714285671710968, 0
u,0.44906726479530334, 0.5714285671710968, 0
u,0.9667834639549255, 0.1428571343421936, 0
u,0.9596975445747375, 0.2857142686843872, 0
u,0.9596975445747375, 0.1428571343421936, 0
u,0.7612059116363525, 0.1097612977027893, 0
u,0.7541199922561646, 0.14285719394683838, 0
u,0.7541199922561646, 0.1097612977027893, 0
u,0.5350428819656372, 0.4285714030265808, 0
u,0.5103746652603149, 0.5714285671710968, 0
u,0.5103746652603149, 0.4285714030265808, 0
u,0.7682919502258301, 0.07666522264480591, 0
u,0.7612060308456421, 0.10976111888885498, 0
u,0.7612060308456421, 0.07666522264480591, 0
u,0.9738693833351135, 0.8571428507566452, 0
u,0.9667834639549255, 0.9999999944367226, 0
u,0.9667834639549255, 0.8571428507566452, 0
u,0.4742449223995209, 0.4285714030265808, 0
u,0.49942252039909363, 0.5714285671710968, 0
u,0.4742449223995209, 0.5714285671710968, 0
u,0.9738694429397583, 0.7142857015132904, 0
u,0.9667834639549255, 0.8571428507566452, 0
u,0.9667834639549255, 0.7142857015132904, 0
u,0.3971509635448456, 0.10976123809814453, 0
u,0.3900650441646576, 0.1428571343421936, 0
u,0.3900650441646576, 0.10976123809814453, 0
u,0.5597110986709595, 0.4285714030265808, 0
u,0.5350428819656372, 0.5714285671710968, 0
u,0.5350428819656372, 0.4285714030265808, 0
u,0.7753778696060181, 0.10976123809814453, 0
u,0.7682918906211853, 0.1428571343421936, 0
u,0.7682918906211853, 0.10976123809814453, 0
u,0.9738695025444031, 0.5714285373687744, 0
u,0.9667835235595703, 0.7142857015132904, 0
u,0.9667835235595703, 0.5714285373687744, 0
u,0.5597111582756042, 0.4285714030265808, 0
u,0.5843794345855713, 0.5714285671710968, 0
u,0.5597111582756042, 0.5714285671710968, 0
u,0.9738695025444031, 0.4285714626312256, 0
u,0.9667835235595703, 0.5714285969734192, 0
u,0.9667835831642151, 0.4285714626312256, 0
u,0.7824638485908508, 0.1097612977027893, 0
u,0.7753778696060181, 0.14285719394683838, 0
u,0.7753778696060181, 0.1097612977027893, 0
u,0.6090476512908936, 0.857142835855484, 0
u,0.5843793749809265, 1.0, 0
u,0.5843793749809265, 0.857142835855484, 0
u,0.7895497679710388, 0.10976123809814453, 0
u,0.7824638485908508, 0.1428571343421936, 0
u,0.7824638485908508, 0.10976123809814453, 0
u,0.9738694429397583, 0.2857142686843872, 0
u,0.9667835235595703, 0.4285714030265808, 0
u,0.9667835235595703, 0.2857142686843872, 0
u,0.5843793749809265, 0.7142857015132904, 0
u,0.6090476512908936, 0.857142835855484, 0
u,0.5843793749809265, 0.857142835855484, 0
u,0.9738694429397583, 0.1428571343421936, 0
u,0.9667835235595703, 0.2857142686843872, 0
u,0.9667835235595703, 0.1428571343421936, 0
u,0.8013877868652344, 0.1097612977027893, 0
u,0.7943018674850464, 0.14285719394683838, 0
u,0.7943018674850464, 0.1097612977027893, 0
u,0.44906726479530334, 0.857142835855484, 0
u,0.4238896667957306, 1.0, 0
u,0.4238896667957306, 0.857142835855484, 0
u,0.5437065362930298, 0.10976123809814453, 0
u,0.536620557308197, 0.1428571343421936, 0
u,0.536620557308197, 0.10976123809814453, 0
u,0.9100956916809082, 0.8571428507566452, 0
u,0.9030097126960754, 0.9999999976269247, 0
u,0.9030097126960754, 0.8571428507566452, 0
u,0.4238896667957306, 0.7142857015132904, 0
u,0.44906726479530334, 0.857142835855484, 0
u,0.4238896667957306, 0.857142835855484, 0
u,0.9100956916809082, 0.7142857015132904, 0
u,0.9030097126960754, 0.857142835855484, 0
u,0.9030097126960754, 0.7142857015132904, 0
u,0.5507925152778625, 0.1097612977027893, 0
u,0.5437065958976746, 0.14285719394683838, 0
u,0.5437065958976746, 0.1097612977027893, 0
u,0.1292303055524826, 0.5714285373687744, 0
u,0.09837060421705246, 0.7142857015132904, 0
u,0.09837061166763306, 0.5714285373687744, 0
u,0.5578784346580505, 0.10976123809814453, 0
u,0.5507924556732178, 0.1428571343421936, 0
u,0.5507924556732178, 0.10976123809814453, 0
u,0.9100956320762634, 0.5714285373687744, 0
u,0.9030097126960754, 0.7142857015132904, 0
u,0.9030097126960754, 0.5714285373687744, 0
u,0.1292303055524826, 0.5714285373687744, 0
u,0.16008999943733215, 0.7142857015132904, 0
u,0.1292303055524826, 0.7142857015132904, 0
u,0.9100956320762634, 0.4285714030265808, 0
u,0.9030097126960754, 0.5714285373687744, 0
u,0.9030097126960754, 0.4285714030265808, 0
u,0.5649643540382385, 0.1097612977027893, 0
u,0.5578784346580505, 0.14285719394683838, 0
u,0.5578784346580505, 0.1097612977027893, 0
u,0.25086718797683716, 0.857142835855484, 0
u,0.22561046481132507, 1.0, 0
u,0.22561046481132507, 0.857142835855484, 0
u,0.8415697813034058, 0.07666534185409546, 0
u,0.8344838619232178, 0.10976123809814453, 0
u,0.8344838619232178, 0.07666534185409546, 0
u,0.9100956320762634, 0.2857142686843872, 0
u,0.9030096530914307, 0.4285714030265808, 0
u,0.9030097126960754, 0.2857142686843872, 0
u,0.25086721777915955, 0.857142835855484, 0
u,0.27612391114234924, 1.0, 0
u,0.25086718797683716, 1.0, 0
u,0.9100956320762634, 0.14285707473754883, 0
u,0.9030097126960754, 0.2857142686843872, 0
u,0.9030097126960754, 0.14285707473754883, 0
u,0.35930293798446655, 0.10976117849349976, 0
u,0.3522169888019562, 0.14285707473754883, 0
u,0.3522169888019562, 0.10976117849349976, 0
u,0.22561046481132507, 0.5714285671710968, 0
u,0.200353741645813, 0.7142857015132904, 0
u,0.200353741645813, 0.5714285671710968, 0
u,0.8344838619232178, 0.10976123809814453, 0
u,0.827397882938385, 0.1428571343421936, 0
u,0.827397882938385, 0.10976123809814453, 0
u,0.8675797581672668, 0.28571420907974243, 0
u,0.8604937791824341, 0.4285714030265808, 0
u,0.8604938387870789, 0.28571420907974243, 0
u,0.1750970184803009, 0.5714285373687744, 0
u,0.200353741645813, 0.7142857015132904, 0
u,0.1750970035791397, 0.7142857015132904, 0
u,0.8675797581672668, 0.14285707473754883, 0
u,0.8604938387870789, 0.28571420907974243, 0
u,0.8604938387870789, 0.14285707473754883, 0
u,0.827397882938385, 0.1097612977027893, 0
u,0.8203119039535522, 0.14285719394683838, 0
u,0.8203119039535522, 0.1097612977027893, 0
u,0.6090475916862488, 0.5714285373687744, 0
u,0.5843793153762817, 0.7142857015132904, 0
u,0.5843793749809265, 0.5714285373687744, 0
u,0.8084738254547119, 0.10976123809814453, 0
u,0.8013878464698792, 0.1428571343421936, 0
u,0.8013878464698792, 0.10976123809814453, 0
u,0.8746656775474548, 0.8571428507566452, 0
u,0.8675797581672668, 1.0000000020560713, 0
u,0.8675797581672668, 0.8571428507566452, 0
u,0.5843793749809265, 0.5714285671710968, 0
u,0.6090475916862488, 0.4285714030265808, 0
u,0.6090475916862488, 0.5714285671710968, 0
u,0.8746656775474548, 0.7142857015132904, 0
u,0.8675797581672668, 0.857142835855484, 0
u,0.8675797581672668, 0.7142857015132904, 0
u,0.8203118443489075, 0.1097612977027893, 0
u,0.8132258653640747, 0.14285719394683838, 0
u,0.8132259249687195, 0.1097612977027893, 0
u,0.6468917727470398, 0.8571428656578064, 0
u,0.6224502921104431, 1.0, 0
u,0.6224503517150879, 0.8571428656578064, 0
u,0.7210241556167603, 0.07666522264480591, 0
u,0.7139382362365723, 0.10976111888885498, 0
u,0.7139382362365723, 0.07666522264480591, 0
u,0.917181670665741, 0.8571428507566452, 0
u,0.910095751285553, 1.0000000039145047, 0
u,0.910095751285553, 0.8571428507566452, 0
u,0.6224503517150879, 0.7142857015132904, 0
u,0.6468917727470398, 0.8571428656578064, 0
u,0.6224503517150879, 0.8571428656578064, 0
u,0.917181670665741, 0.7142857015132904, 0
u,0.910095751285553, 0.857142835855484, 0
u,0.910095751285553, 0.7142857015132904, 0
u,0.4656766653060913, 0.1097612977027893, 0
u,0.4585907459259033, 0.14285719394683838, 0
u,0.4585907459259033, 0.1097612977027893, 0
u,0.7579964995384216, 0.1428571343421936, 0
u,0.7318886518478394, 0.2857142686843872, 0
u,0.7318886518478394, 0.1428571343421936, 0
u,0.9171815514564514, 0.07666534185409546, 0
u,0.9100956320762634, 0.10976123809814453, 0
u,0.9100956320762634, 0.07666534185409546, 0
u,0.9809554219245911, 0.8571428507566452, 0
u,0.9738695025444031, 1.0000000007243037, 0
u,0.9738695025444031, 0.8571428507566452, 0
u,0.7841044664382935, 0.1428571343421936, 0
u,0.8102123141288757, 0.2857142686843872, 0
u,0.7841044664382935, 0.2857142686843872, 0
u,0.9809554815292358, 0.7142857015132904, 0
u,0.9738695025444031, 0.8571428507566452, 0
u,0.9738695025444031, 0.7142857015132904, 0
u,0.9242676496505737, 0.1097612977027893, 0
u,0.9171817302703857, 0.14285719394683838, 0
u,0.9171817302703857, 0.1097612977027893, 0
u,0.6468918323516846, 0.5714285373687744, 0
u,0.6224504113197327, 0.714285671710968, 0
u,0.6224504113197327, 0.5714285373687744, 0
u,0.8675796985626221, 0.10976123809814453, 0
u,0.8604937791824341, 0.1428571343421936, 0
u,0.8604937791824341, 0.10976123809814453, 0
u,0.9809554219245911, 0.5714285373687744, 0
u,0.9738695025444031, 0.7142857015132904, 0
u,0.9738695025444031, 0.5714285373687744, 0
u,0.6224504113197327, 0.4285714030265808, 0
u,0.6468918323516846, 0.5714285671710968, 0
u,0.6224504113197327, 0.5714285671710968, 0
u,0.9809554219245911, 0.4285714626312256, 0
u,0.9738695025444031, 0.5714285969734192, 0
u,0.9738695025444031, 0.4285714626312256, 0
u,0.841569721698761, 0.1097612977027893, 0
u,0.8344837427139282, 0.14285719394683838, 0
u,0.8344837427139282, 0.1097612977027893, 0
u,0.6713332533836365, 0.8571428656578064, 0
u,0.6468918323516846, 1.0, 0
u,0.6468918323516846, 0.8571428656578064, 0
u,0.8746657371520996, 0.10976123809814453, 0
u,0.8675798177719116, 0.1428571343421936, 0
u,0.8675798177719116, 0.10976123809814453, 0
u,0.9809554815292358, 0.2857142686843872, 0
u,0.9738695621490479, 0.4285714030265808, 0
u,0.9738695621490479, 0.2857142686843872, 0
u,0.6468918323516846, 0.714285671710968, 0
u,0.6713332533836365, 0.857142835855484, 0
u,0.6468918323516846, 0.857142835855484, 0
u,0.9809554815292358, 0.1428571343421936, 0
u,0.9738695621490479, 0.2857142686843872, 0
u,0.9738695621490479, 0.1428571343421936, 0
u,0.8486557602882385, 0.1097612977027893, 0
u,0.8415697813034058, 0.14285719394683838, 0
u,0.8415697813034058, 0.1097612977027893, 0
u,0.6713331937789917, 0.5714285373687744, 0
u,0.646891713142395, 0.714285671710968, 0
u,0.646891713142395, 0.5714285373687744, 0
u,0.8604938387870789, 0.10976123809814453, 0
u,0.8534079194068909, 0.1428571343421936, 0
u,0.8534079194068909, 0.10976123809814453, 0
u,0.9880414009094238, 0.8571428507566452, 0
u,0.9809554815292358, 0.9999999950562009, 0
u,0.9809554815292358, 0.8571428507566452, 0
u,0.646891713142395, 0.4285714030265808, 0
u,0.6713331937789917, 0.5714285671710968, 0
u,0.646891713142395, 0.5714285671710968, 0
u,0.9880414009094238, 0.7142857015132904, 0
u,0.9809554815292358, 0.8571428507566452, 0
u,0.9809554815292358, 0.7142857015132904, 0
u,0.881751537322998, 0.1097612977027893, 0
u,0.8746655583381653, 0.14285719394683838, 0
u,0.8746655583381653, 0.1097612977027893, 0
u,0.6957746148109436, 0.8571428656578064, 0
u,0.6713331341743469, 1.0, 0
u,0.6713331341743469, 0.8571428656578064, 0
u,0.8037216067314148, 0.07666522264480591, 0
u,0.7966356873512268, 0.10976111888885498, 0
u,0.7966356873512268, 0.07666522264480591, 0
u,0.9880414009094238, 0.5714285373687744, 0
u,0.9809554815292358, 0.7142857015132904, 0
u,0.9809554815292358, 0.5714285373687744, 0
u,0.6713331341743469, 0.7142857015132904, 0
u,0.6957746148109436, 0.8571428656578064, 0
u,0.6713331341743469, 0.8571428656578064, 0
u,0.9880414009094238, 0.4285714626312256, 0
u,0.9809554815292358, 0.5714285969734192, 0
u,0.9809554815292358, 0.4285714626312256, 0
u,0.4254947900772095, 0.10976123809814453, 0
u,0.4184088408946991, 0.1428571343421936, 0
u,0.4184088408946991, 0.10976123809814453, 0
u,0.6957746744155884, 0.5714285671710968, 0
u,0.6713332533836365, 0.7142857015132904, 0
u,0.6713332533836365, 0.5714285671710968, 0
u,0.8888376355171204, 0.10976123809814453, 0
u,0.8817517161369324, 0.1428571343421936, 0
u,0.8817517161369324, 0.10976123809814453, 0
u,0.9880414605140686, 0.2857142686843872, 0
u,0.9809555411338806, 0.4285714030265808, 0
u,0.9809555411338806, 0.2857142686843872, 0
u,0.6713332533836365, 0.4285714030265808, 0
u,0.6957746744155884, 0.5714285671710968, 0
u,0.6713332533836365, 0.5714285671710968, 0
u,0.9880415201187134, 0.1428571343421936, 0
u,0.9809555411338806, 0.2857142686843872, 0
u,0.9809555411338806, 0.1428571343421936, 0
u,0.8959236145019531, 0.10976117849349976, 0
u,0.8888376951217651, 0.14285707473754883, 0
u,0.8888376951217651, 0.10976117849349976, 0
u,0.12923027575016022, 0.2857142686843872, 0
u,0.09837058186531067, 0.4285714030265808, 0
u,0.09837058931589127, 0.2857142686843872, 0
u,0.9030096530914307, 0.10976123809814453, 0
u,0.8959237337112427, 0.1428571343421936, 0
u,0.8959237337112427, 0.10976123809814453, 0
u,0.9951273798942566, 0.8571428507566452, 0
u,0.9880414605140686, 1.0000000013437798, 0
u,0.9880414605140686, 0.8571428507566452, 0
u,0.12923027575016022, 0.2857142686843872, 0
u,0.16008998453617096, 0.4285714030265808, 0
u,0.12923027575016022, 0.4285714030265808, 0
u,0.9951273798942566, 0.7142857015132904, 0
u,0.9880414605140686, 0.8571428507566452, 0
u,0.9880414605140686, 0.7142857015132904, 0
u,0.9100955724716187, 0.10976117849349976, 0
u,0.9030095934867859, 0.14285707473754883, 0
u,0.9030095934867859, 0.10976117849349976, 0
u,0.1292303055524826, 0.857142835855484, 0
u,0.09837058931589127, 1.0, 0
u,0.09837059676647186, 0.857142835855484, 0
u,0.3451310396194458, 0.10976111888885498, 0
u,0.3380451202392578, 0.14285701513290405, 0
u,0.3380451202392578, 0.10976111888885498, 0
u,0.9951274991035461, 0.5714285373687744, 0
u,0.9880415201187134, 0.7142857015132904, 0
u,0.9880415201187134, 0.5714285373687744, 0
u,0.1292303204536438, 0.857142835855484, 0
u,0.16009002923965454, 1.0, 0
u,0.1292303055524826, 1.0, 0
u,0.9951274991035461, 0.4285714030265808, 0
u,0.9880415201187134, 0.5714285671710968, 0
u,0.9880415201187134, 0.4285714030265808, 0
u,0.3522169888019562, 0.10976117849349976, 0
u,0.3451310396194458, 0.14285707473754883, 0
u,0.3451310396194458, 0.10976117849349976, 0
u,0.2003537118434906, 0.28571420907974243, 0
u,0.17509698867797852, 0.4285714030265808, 0
u,0.17509698867797852, 0.28571420907974243, 0
u,0.7541200518608093, 0.07666528224945068, 0
u,0.7470340728759766, 0.10976123809814453, 0
u,0.7470340728759766, 0.07666528224945068, 0
u,0.917181670665741, 0.5714285671710968, 0
u,0.9100956916809082, 0.7142857015132904, 0
u,0.9100956916809082, 0.5714285671710968, 0
u,0.2003537267446518, 0.28571420907974243, 0
u,0.22561043500900269, 0.4285714030265808, 0
u,0.2003537118434906, 0.4285714030265808, 0
u,0.917181670665741, 0.4285714030265808, 0
u,0.9100956916809082, 0.5714285671710968, 0
u,0.9100956916809082, 0.4285714030265808, 0
u,0.4727626144886017, 0.1097612977027893, 0
u,0.4656766653060913, 0.14285719394683838, 0
u,0.4656766653060913, 0.1097612977027893, 0
u,0.25086715817451477, 0.28571420907974243, 0
u,0.22561043500900269, 0.4285714030265808, 0
u,0.22561044991016388, 0.28571420907974243, 0
u,0.9171816110610962, 0.1097612977027893, 0
u,0.9100956916809082, 0.14285719394683838, 0
u,0.9100956916809082, 0.1097612977027893, 0
u,0.8746657371520996, 0.5714285671710968, 0
u,0.8675797581672668, 0.7142857015132904, 0
u,0.8675798177719116, 0.5714285671710968, 0
u,0.25086718797683716, 0.28571420907974243, 0
u,0.27612391114234924, 0.4285714030265808, 0
u,0.25086718797683716, 0.4285714030265808, 0
u,0.8746657371520996, 0.4285714030265808, 0
u,0.8675798177719116, 0.5714285671710968, 0
u,0.8675798177719116, 0.4285714030265808, 0
u,0.3451310694217682, 0.07666528224945068, 0
u,0.3380451202392578, 0.10976117849349976, 0
u,0.3380451202392578, 0.07666528224945068, 0
u,0.25086718797683716, 0.5714285671710968, 0
u,0.22561047971248627, 0.7142857015132904, 0
u,0.22561047971248627, 0.5714285671710968, 0
u,0.3711410164833069, 0.07666528224945068, 0
u,0.3640550673007965, 0.10976117849349976, 0
u,0.3640550673007965, 0.07666528224945068, 0
u,0.8746657371520996, 0.28571420907974243, 0
u,0.8675798177719116, 0.42857134342193604, 0
u,0.8675798177719116, 0.28571420907974243, 0
u,0.25086721777915955, 0.5714285671710968, 0
u,0.27612391114234924, 0.7142857015132904, 0
u,0.25086718797683716, 0.7142857015132904, 0
u,0.8746657371520996, 0.1428571343421936, 0
u,0.8675798177719116, 0.2857142686843872, 0
u,0.8675798177719116, 0.1428571343421936, 0
u,0.35930293798446655, 0.07666522264480591, 0
u,0.35221701860427856, 0.10976111888885498, 0
u,0.35221701860427856, 0.07666522264480591, 0
u,0.3090377449989319, 0.857142835855484, 0
u,0.28490233421325684, 1.0, 0
u,0.28490233421325684, 0.857142835855484, 0
u,0.8486558198928833, 0.07666540145874023, 0
u,0.8415698409080505, 0.1097612977027893, 0
u,0.8415698409080505, 0.07666540145874023, 0
u,0.917181670665741, 0.28571420907974243, 0
u,0.9100956916809082, 0.42857134342193604, 0
u,0.9100956916809082, 0.28571420907974243, 0
u,0.3090377449989319, 0.857142835855484, 0
u,0.33317309617996216, 1.0, 0
u,0.3090377449989319, 1.0, 0
u,0.917181670665741, 0.1428571343421936, 0
u,0.9100956916809082, 0.2857142686843872, 0
u,0.9100956916809082, 0.1428571343421936, 0
u,0.37822696566581726, 0.10976111888885498, 0
u,0.3711410164833069, 0.14285701513290405, 0
u,0.3711410164833069, 0.10976111888885498, 0
u,0.3090377449989319, 0.5714285671710968, 0
u,0.28490233421325684, 0.7142857015132904, 0
u,0.28490233421325684, 0.5714285671710968, 0
u,0.6028124094009399, 0.1097612977027893, 0
u,0.595726490020752, 0.14285719394683838, 0
u,0.595726490020752, 0.1097612977027893, 0
u,0.924267590045929, 0.8571428507566452, 0
u,0.9171816110610962, 0.9999999982463984, 0
u,0.9171816110610962, 0.8571428507566452, 0
u,0.3090377449989319, 0.5714285671710968, 0
u,0.33317309617996216, 0.7142857015132904, 0
u,0.3090377449989319, 0.7142857015132904, 0
u,0.924267590045929, 0.7142857015132904, 0
u,0.9171816110610962, 0.857142835855484, 0
u,0.917181670665741, 0.7142857015132904, 0
u,0.595726490020752, 0.10976123809814453, 0
u,0.5886405110359192, 0.1428571343421936, 0
u,0.588640570640564, 0.10976123809814453, 0
u,0.6957746148109436, 0.14285707473754883, 0
u,0.6713331937789917, 0.2857142686843872, 0
u,0.6713331937789917, 0.14285707473754883, 0
u,0.8888377547264099, 0.07666540145874023, 0
u,0.8817517757415771, 0.1097612977027893, 0
u,0.8817517757415771, 0.07666540145874023, 0
u,0.9242676496505737, 0.5714285373687744, 0
u,0.9171817302703857, 0.7142857015132904, 0
u,0.9171817302703857, 0.5714285373687744, 0
u,0.6468917727470398, 0.14285707473754883, 0
u,0.6713331937789917, 0.2857142686843872, 0
u,0.6468917727470398, 0.2857142686843872, 0
u,0.9242676496505737, 0.4285714030265808, 0
u,0.9171817302703857, 0.5714285671710968, 0
u,0.9171817302703857, 0.4285714030265808, 0
u,0.8959237337112427, 0.07666534185409546, 0
u,0.8888377547264099, 0.10976123809814453, 0
u,0.8888377547264099, 0.07666534185409546, 0
u,0.3814438581466675, 0.5714285373687744, 0
u,0.3573085069656372, 0.7142857015132904, 0
u,0.3573085069656372, 0.5714285373687744, 0
u,0.5886405110359192, 0.10976123809814453, 0
u,0.5815545916557312, 0.1428571343421936, 0
u,0.5815545916557312, 0.10976123809814453, 0
u,0.9242676496505737, 0.28571420907974243, 0
u,0.917181670665741, 0.42857134342193604, 0
u,0.917181670665741, 0.28571420907974243, 0
u,0.33317309617996216, 0.5714285373687744, 0
u,0.3573085069656372, 0.7142857015132904, 0
u,0.33317309617996216, 0.7142857015132904, 0
u,0.9242676496505737, 0.1428571343421936, 0
u,0.917181670665741, 0.2857142686843872, 0
u,0.917181670665741, 0.1428571343421936, 0
u,0.581554651260376, 0.1097612977027893, 0
u,0.5744686722755432, 0.14285719394683838, 0
u,0.5744686722755432, 0.1097612977027893, 0
u,0.16009002923965454, 0.7142857015132904, 0
u,0.1292303204536438, 0.857142835855484, 0
u,0.1292303204536438, 0.7142857015132904, 0
u,0.8557418584823608, 0.07666534185409546, 0
u,0.8486558794975281, 0.10976123809814453, 0
u,0.8486558794975281, 0.07666534185409546, 0
u,0.9313536286354065, 0.8571428507566452, 0
u,0.9242677092552185, 0.9999999985561405, 0
u,0.9242677092552185, 0.8571428507566452, 0
u,0.09837061166763306, 0.7142857015132904, 0
u,0.1292303055524826, 0.857142835855484, 0
u,0.09837060421705246, 0.857142835855484, 0
u,0.9313536882400513, 0.7142857015132904, 0
u,0.9242677092552185, 0.857142835855484, 0
u,0.9242677092552185, 0.7142857015132904, 0
u,0.38531288504600525, 0.10976117849349976, 0
u,0.3782269358634949, 0.1428571343421936, 0
u,0.3782269358634949, 0.10976117849349976, 0
u,0.44906729459762573, 0.5714285373687744, 0
u,0.423889696598053, 0.7142857015132904, 0
u,0.423889696598053, 0.5714285373687744, 0
u,0.3522169888019562, 0.07666522264480591, 0
u,0.3451310396194458, 0.10976111888885498, 0
u,0.3451310396194458, 0.07666522264480591, 0
u,0.8817517161369324, 0.8571428507566452, 0
u,0.8746657371520996, 0.99999999638797, 0
u,0.8746657371520996, 0.8571428507566452, 0
u,0.39871206879615784, 0.5714285373687744, 0
u,0.423889696598053, 0.7142857015132904, 0
u,0.39871206879615784, 0.7142857015132904, 0
u,0.8817517161369324, 0.7142857015132904, 0
u,0.8746657371520996, 0.857142835855484, 0
u,0.8746657371520996, 0.7142857015132904, 0
u,0.41132286190986633, 0.07666528224945068, 0
u,0.40423691272735596, 0.10976117849349976, 0
u,0.40423691272735596, 0.07666528224945068, 0
u,0.3090377449989319, 0.28571420907974243, 0
u,0.28490233421325684, 0.4285714030265808, 0
u,0.28490233421325684, 0.28571420907974243, 0
u,0.3923988342285156, 0.07666522264480591, 0
u,0.38531291484832764, 0.10976117849349976, 0
u,0.38531291484832764, 0.07666522264480591, 0
u,0.8817516565322876, 0.5714285373687744, 0
u,0.8746657371520996, 0.7142857015132904, 0
u,0.8746657371520996, 0.5714285373687744, 0
u,0.3090377449989319, 0.28571420907974243, 0
u,0.33317309617996216, 0.4285714030265808, 0
u,0.3090377449989319, 0.4285714030265808, 0
u,0.8817516565322876, 0.4285714030265808, 0
u,0.8746657371520996, 0.5714285671710968, 0
u,0.8746657371520996, 0.4285714030265808, 0
u,0.37822696566581726, 0.07666522264480591, 0
u,0.3711410164833069, 0.10976111888885498, 0
u,0.3711410164833069, 0.07666522264480591, 0
u,0.3573085069656372, 0.28571420907974243, 0
u,0.33317309617996216, 0.4285714030265808, 0
u,0.33317309617996216, 0.28571420907974243, 0
u,0.7966357469558716, 0.07666522264480591, 0
u,0.7895497679710388, 0.10976111888885498, 0
u,0.7895497679710388, 0.07666522264480591, 0
u,0.9313536882400513, 0.5714285373687744, 0
u,0.9242677092552185, 0.7142857015132904, 0
u,0.9242677092552185, 0.5714285373687744, 0
u,0.3573085069656372, 0.28571420907974243, 0
u,0.3814438581466675, 0.4285714030265808, 0
u,0.3573085069656372, 0.4285714030265808, 0
u,0.9313536882400513, 0.4285714030265808, 0
u,0.9242677092552185, 0.5714285671710968, 0
u,0.9242677092552185, 0.4285714030265808, 0
u,0.5035247206687927, 0.1097612977027893, 0
u,0.49643880128860474, 0.14285719394683838, 0
u,0.49643880128860474, 0.1097612977027893, 0
u,0.4238896667957306, 0.2857142686843872, 0
u,0.39871203899383545, 0.4285714030265808, 0
u,0.39871203899383545, 0.28571420907974243, 0
u,0.40423691272735596, 0.07666522264480591, 0
u,0.3971509635448456, 0.10976117849349976, 0
u,0.3971509635448456, 0.07666522264480591, 0
u,0.9951274394989014, 0.28571420907974243, 0
u,0.9880415201187134, 0.42857134342193604, 0
u,0.9880415201187134, 0.28571420907974243, 0
u,0.4238896667957306, 0.28571420907974243, 0
u,0.44906726479530334, 0.42857134342193604, 0
u,0.4238896369934082, 0.42857134342193604, 0
u,0.9951274394989014, 0.1428571343421936, 0
u,0.9880415201187134, 0.2857142686843872, 0
u,0.9880415201187134, 0.1428571343421936, 0
u,0.38531291484832764, 0.07666522264480591, 0
u,0.37822699546813965, 0.10976111888885498, 0
u,0.37822699546813965, 0.07666522264480591, 0
u,0.4742448925971985, 0.857142835855484, 0
u,0.44906726479530334, 1.0, 0
u,0.44906726479530334, 0.857142835855484, 0
u,0.5744686722755432, 0.10976123809814453, 0
u,0.5673827528953552, 0.1428571343421936, 0
u,0.5673827528953552, 0.10976123809814453, 0
u,0.9313536882400513, 0.2857142686843872, 0
u,0.9242677092552185, 0.4285714030265808, 0
u,0.9242677092552185, 0.2857142686843872, 0
u,0.44906729459762573, 0.7142857015132904, 0
u,0.4742448925971985, 0.857142835855484, 0
u,0.44906726479530334, 0.857142835855484, 0
u,0.9313536882400513, 0.14285707473754883, 0
u,0.9242677092552185, 0.2857142686843872, 0
u,0.9242677092552185, 0.14285707473754883, 0
u,0.6098983287811279, 0.1097612977027893, 0
u,0.6028124094009399, 0.14285719394683838, 0
u,0.6028124094009399, 0.1097612977027893, 0
u,0.4742448925971985, 0.5714285373687744, 0
u,0.44906729459762573, 0.7142857015132904, 0
u,0.44906729459762573, 0.5714285373687744, 0
u,0.6169843077659607, 0.10976123809814453, 0
u,0.6098983287811279, 0.1428571343421936, 0
u,0.6098983287811279, 0.10976123809814453, 0
u,0.9384396076202393, 0.8571428507566452, 0
u,0.9313536286354065, 0.9999999988658769, 0
u,0.9313536286354065, 0.8571428507566452, 0
u,0.4742448925971985, 0.857142835855484, 0
u,0.49942249059677124, 1.0, 0
u,0.4742448925971985, 1.0, 0
u,0.9384396076202393, 0.7142857015132904, 0
u,0.9313536286354065, 0.857142835855484, 0
u,0.9313536882400513, 0.7142857015132904, 0
u,0.6240702271461487, 0.1097612977027893, 0
u,0.6169843077659607, 0.14285719394683838, 0
u,0.6169843077659607, 0.1097612977027893, 0
u,0.22561046481132507, 0.7142857015132904, 0
u,0.200353741645813, 0.857142835855484, 0
u,0.200353741645813, 0.7142857015132904, 0
u,0.8628277778625488, 0.07666534185409546, 0
u,0.8557417988777161, 0.10976123809814453, 0
u,0.8557417988777161, 0.07666534185409546, 0
u,0.9384395480155945, 0.5714285373687744, 0
u,0.9313536286354065, 0.7142857015132904, 0
u,0.9313536286354065, 0.5714285373687744, 0
u,0.1750970184803009, 0.7142857015132904, 0
u,0.200353741645813, 0.857142835855484, 0
u,0.1750970184803009, 0.857142835855484, 0
u,0.9384396076202393, 0.4285714030265808, 0
u,0.9313536286354065, 0.5714285373687744, 0
u,0.9313536286354065, 0.4285714030265808, 0
u,0.40423691272735596, 0.10976117849349976, 0
u,0.3971509635448456, 0.14285707473754883, 0
u,0.3971509635448456, 0.10976117849349976, 0
u,0.49942249059677124, 0.7142857015132904, 0
u,0.4742448925971985, 0.857142835855484, 0
u,0.4742448925971985, 0.7142857015132904, 0
u,0.4254947602748871, 0.07666522264480591, 0
u,0.4184088110923767, 0.10976111888885498, 0
u,0.4184088110923767, 0.07666522264480591, 0
u,0.8817517161369324, 0.2857142686843872, 0
u,0.8746657967567444, 0.4285714030265808, 0
u,0.8746657967567444, 0.28571420907974243, 0
u,0.4742448925971985, 0.5714285373687744, 0
u,0.49942249059677124, 0.7142857015132904, 0
u,0.4742448925971985, 0.7142857015132904, 0
u,0.8817517161369324, 0.14285707473754883, 0
u,0.8746657967567444, 0.28571420907974243, 0
u,0.8746657967567444, 0.14285707473754883, 0
u,0.4184087812900543, 0.07666528224945068, 0
u,0.41132283210754395, 0.10976117849349976, 0
u,0.41132283210754395, 0.07666528224945068, 0
u,0.4742448329925537, 0.2857142686843872, 0
u,0.44906723499298096, 0.4285714030265808, 0
u,0.44906723499298096, 0.2857142686843872, 0
u,0.45859062671661377, 0.07666522264480591, 0
u,0.4515046775341034, 0.10976111888885498, 0
u,0.4515046775341034, 0.07666522264480591, 0
u,0.8888376355171204, 0.8571428507566452, 0
u,0.8817517161369324, 1.0000000026755482, 0
u,0.8817517161369324, 0.8571428507566452, 0
u,0.4742448627948761, 0.28571420907974243, 0
u,0.49942246079444885, 0.42857134342193604, 0
u,0.4742448627948761, 0.42857134342193604, 0
u,0.8888376951217651, 0.7142857015132904, 0
u,0.8817517161369324, 0.857142835855484, 0
u,0.8817517161369324, 0.7142857015132904, 0
u,0.4325806498527527, 0.07666528224945068, 0
u,0.4254947304725647, 0.10976117849349976, 0
u,0.4254947304725647, 0.07666528224945068, 0
u,0.5350428819656372, 0.28571420907974243, 0
u,0.5103746056556702, 0.42857134342193604, 0
u,0.5103746652603149, 0.28571420907974243, 0
u,0.7753778696060181, 0.07666522264480591, 0
u,0.7682918906211853, 0.10976111888885498, 0
u,0.7682918906211853, 0.07666522264480591, 0
u,0.938439667224884, 0.2857142686843872, 0
u,0.931353747844696, 0.4285714030265808, 0
u,0.931353747844696, 0.2857142686843872, 0
u,0.5350428819656372, 0.28571420907974243, 0
u,0.5597110986709595, 0.4285714030265808, 0
u,0.5350428819656372, 0.42857134342193604, 0
u,0.938439667224884, 0.1428571343421936, 0
u,0.931353747844696, 0.2857142686843872, 0
u,0.931353747844696, 0.1428571343421936, 0
u,0.49643874168395996, 0.1097612977027893, 0
u,0.4893527925014496, 0.14285719394683838, 0
u,0.4893527925014496, 0.1097612977027893, 0
u,0.8363202214241028, 0.857142835855484, 0
u,0.8102123141288757, 1.0, 0
u,0.8102123141288757, 0.857142835855484, 0
u,0.9242676496505737, 0.07666534185409546, 0
u,0.9171817302703857, 0.10976123809814453, 0
u,0.9171817302703857, 0.07666534185409546, 0
u,0.007085949182510376, 0.0, 0
u,1.59986290881875e-09, 0.14285707473754883, 0
u,7.844347393870521e-09, 0.0, 0
u,0.8102123141288757, 0.7142857015132904, 0
u,0.8363202214241028, 0.857142835855484, 0
u,0.8102123141288757, 0.857142835855484, 0
u,0.01417188998311758, -1.1920928955078125e-07, 0
u,0.007085943128913641, 0.14285707473754883, 0
u,0.007085949182510376, -1.1920928955078125e-07, 0
u,0.9313536286354065, 0.1097612977027893, 0
u,0.9242677092552185, 0.14285719394683838, 0
u,0.9242677092552185, 0.1097612977027893, 0
u,0.5843793153762817, 0.28571420907974243, 0
u,0.5597110986709595, 0.4285714030265808, 0
u,0.5597110986709595, 0.28571420907974243, 0
u,0.43966659903526306, 0.07666522264480591, 0
u,0.4325806498527527, 0.10976111888885498, 0
u,0.4325806498527527, 0.07666522264480591, 0
u,0.021257832646369934, 0.0, 0
u,0.014171884395182133, 0.14285707473754883, 0
u,0.01417188998311758, 0.0, 0
u,0.5843793153762817, 0.28571420907974243, 0
u,0.6090475916862488, 0.4285714030265808, 0
u,0.5843793153762817, 0.4285714030265808, 0
u,0.028343772515654564, -1.1920928955078125e-07, 0
u,0.021257825195789337, 0.14285707473754883, 0
u,0.021257832646369934, -1.1920928955078125e-07, 0
u,0.44675251841545105, 0.07666522264480591, 0
u,0.43966659903526306, 0.10976117849349976, 0
u,0.43966659903526306, 0.07666522264480591, 0
u,0.6468917727470398, 0.28571420907974243, 0
u,0.6224502921104431, 0.4285714030265808, 0
u,0.6224502921104431, 0.28571420907974243, 0
u,0.49402037262916565, 0.07666522264480591, 0
u,0.48693445324897766, 0.10976111888885498, 0
u,0.48693445324897766, 0.07666522264480591, 0
u,0.03542971611022949, 0.0, 0
u,0.028343766927719116, 0.14285707473754883, 0
u,0.028343772515654564, 0.0, 0
u,0.6468918323516846, 0.28571420907974243, 0
u,0.6713332533836365, 0.4285714030265808, 0
u,0.6468918323516846, 0.4285714030265808, 0
u,0.04251565411686897, -1.1920928955078125e-07, 0
u,0.035429708659648895, 0.14285707473754883, 0
u,0.03542971611022949, -1.1920928955078125e-07, 0
u,0.4656766653060913, 0.07666522264480591, 0
u,0.45859071612358093, 0.10976117849349976, 0
u,0.45859071612358093, 0.07666522264480591, 0
u,0.6957746744155884, 0.28571420907974243, 0
u,0.6713332533836365, 0.4285714030265808, 0
u,0.6713332533836365, 0.28571420907974243, 0
u,0.4727625250816345, 0.07666522264480591, 0
u,0.46567657589912415, 0.10976111888885498, 0
u,0.46567657589912415, 0.07666522264480591, 0
u,0.07327777147293091, 0.0, 0
u,0.06619182229042053, 0.14285707473754883, 0
u,0.06619182974100113, 0.0, 0
u,0.6957746148109436, 0.8571428656578064, 0
u,0.7202160358428955, 1.0, 0
u,0.6957746148109436, 1.0, 0
u,0.04960159584879875, -1.1920928955078125e-07, 0
u,0.042515650391578674, 0.14285707473754883, 0
u,0.04251565411686897, -1.1920928955078125e-07, 0
u,0.4798485040664673, 0.07666522264480591, 0
u,0.4727625846862793, 0.10976117849349976, 0
u,0.4727625846862793, 0.07666522264480591, 0
u,0.7202160954475403, 0.7142857015132904, 0
u,0.6957746744155884, 0.8571428656578064, 0
u,0.6957746744155884, 0.7142857015132904, 0
u,0.8273978233337402, 0.07666522264480591, 0
u,0.8203118443489075, 0.10976111888885498, 0
u,0.8203118443489075, 0.07666522264480591, 0
u,0.06619181483983994, 0.0, 0
u,0.05910586938261986, 0.14285707473754883, 0
u,0.059105873107910156, 0.0, 0
u,0.6957746744155884, 0.5714285671710968, 0
u,0.7202160954475403, 0.7142857015132904, 0
u,0.6957746744155884, 0.7142857015132904, 0
u,0.056687526404857635, -1.1920928955078125e-07, 0
u,0.04960157722234726, 0.14285707473754883, 0
u,0.049601584672927856, -1.1920928955078125e-07, 0
u,0.4373329281806946, 0.10976123809814453, 0
u,0.4302469789981842, 0.14285719394683838, 0
u,0.4302469789981842, 0.10976123809814453, 0
u,0.7202160358428955, 0.4285714030265808, 0
u,0.6957746148109436, 0.5714285671710968, 0
u,0.6957746148109436, 0.4285714030265808, 0
u,0.48693445324897766, 0.07666522264480591, 0
u,0.4798485040664673, 0.10976111888885498, 0
u,0.4798485040664673, 0.07666522264480591, 0
u,0.0803636983036995, 0.0, 0
u,0.07327774912118912, 0.14285707473754883, 0
u,0.07327775657176971, 0.0, 0
u,0.6957746148109436, 0.28571420907974243, 0
u,0.7202160358428955, 0.4285714030265808, 0
u,0.6957746148109436, 0.4285714030265808, 0
u,0.10637366771697998, -1.1920928955078125e-07, 0
u,0.0992877185344696, 0.14285707473754883, 0
u,0.0992877259850502, -1.1920928955078125e-07, 0
u,0.501106321811676, 0.07666528224945068, 0
u,0.49402037262916565, 0.10976117849349976, 0
u,0.49402037262916565, 0.07666528224945068, 0
u,0.7579964995384216, 0.857142835855484, 0
u,0.7318886518478394, 1.0, 0
u,0.7318886518478394, 0.857142835855484, 0
u,0.5437065362930298, 0.07666522264480591, 0
u,0.536620557308197, 0.10976111888885498, 0
u,0.536620557308197, 0.07666522264480591, 0
u,0.0992877259850502, 0.0, 0
u,0.09220177680253983, 0.14285707473754883, 0
u,0.09220178425312042, 0.0, 0
u,0.7318886518478394, 0.7142857015132904, 0
u,0.7579964995384216, 0.8571428656578064, 0
u,0.7318886518478394, 0.857142835855484, 0
u,0.08744964003562927, -1.1920928955078125e-07, 0
u,0.0803636908531189, 0.14285707473754883, 0
u,0.0803636983036995, -1.1920928955078125e-07, 0
u,0.5081923007965088, 0.07666528224945068, 0
u,0.5011063814163208, 0.10976117849349976, 0
u,0.5011063814163208, 0.07666528224945068, 0
u,0.5350428819656372, 0.857142835855484, 0
u,0.5103746652603149, 1.0, 0
u,0.5103746652603149, 0.857142835855484, 0
u,0.6359083652496338, 0.10976123809814453, 0
u,0.628822386264801, 0.1428571343421936, 0
u,0.6288224458694458, 0.10976123809814453, 0
u,0.9455256462097168, 0.8571428507566452, 0
u,0.938439667224884, 0.9999999991756169, 0
u,0.938439667224884, 0.8571428507566452, 0
u,0.5103746652603149, 0.7142857015132904, 0
u,0.5350428819656372, 0.857142835855484, 0
u,0.5103746652603149, 0.857142835855484, 0
u,0.9455256462097168, 0.7142857015132904, 0
u,0.938439667224884, 0.857142835855484, 0
u,0.938439667224884, 0.7142857015132904, 0
u,0.642994225025177, 0.1097612977027893, 0
u,0.635908305644989, 0.14285719394683838, 0
u,0.635908305644989, 0.1097612977027893, 0
u,0.5350428819656372, 0.5714285373687744, 0
u,0.5103746652603149, 0.7142857015132904, 0
u,0.5103746652603149, 0.5714285373687744, 0
u,0.6500802040100098, 0.10976123809814453, 0
u,0.6429942846298218, 0.1428571343421936, 0
u,0.6429942846298218, 0.10976123809814453, 0
u,0.945525586605072, 0.5714285373687744, 0
u,0.938439667224884, 0.7142857015132904, 0
u,0.938439667224884, 0.5714285373687744, 0
u,0.5350428819656372, 0.857142835855484, 0
u,0.5597110986709595, 1.0, 0
u,0.5350428819656372, 1.0, 0
u,0.945525586605072, 0.4285714030265808, 0
u,0.938439667224884, 0.5714285373687744, 0
u,0.938439667224884, 0.4285714030265808, 0
u,0.6690042614936829, 0.1097612977027893, 0
u,0.6619182825088501, 0.14285719394683838, 0
u,0.6619182825088501, 0.1097612977027893, 0
u,0.27612394094467163, 0.7142857015132904, 0
u,0.25086721777915955, 0.857142835855484, 0
u,0.25086721777915955, 0.7142857015132904, 0
u,0.8699137568473816, 0.07666534185409546, 0
u,0.8628277778625488, 0.10976123809814453, 0
u,0.8628277778625488, 0.07666534185409546, 0
u,0.945525586605072, 0.2857142686843872, 0
u,0.9384396076202393, 0.4285714030265808, 0
u,0.9384396076202393, 0.2857142686843872, 0
u,0.22561047971248627, 0.7142857015132904, 0
u,0.25086718797683716, 0.857142835855484, 0
u,0.22561046481132507, 0.857142835855484, 0
u,0.945525586605072, 0.14285707473754883, 0
u,0.9384396076202393, 0.2857142686843872, 0
u,0.938439667224884, 0.14285707473754883, 0
u,0.41132286190986633, 0.10976117849349976, 0
u,0.40423691272735596, 0.14285707473754883, 0
u,0.40423691272735596, 0.10976117849349976, 0
u,0.5597110986709595, 0.7142857015132904, 0
u,0.5350428819656372, 0.857142835855484, 0
u,0.5350428819656372, 0.7142857015132904, 0
u,0.5176966190338135, 0.07666522264480591, 0
u,0.5106106400489807, 0.10976117849349976, 0
u,0.5106106400489807, 0.07666522264480591, 0
u,0.8888376951217651, 0.5714285373687744, 0
u,0.8817517757415771, 0.7142857015132904, 0
u,0.8817517757415771, 0.5714285373687744, 0
u,0.5350428819656372, 0.5714285373687744, 0
u,0.5597110986709595, 0.7142857015132904, 0
u,0.5350428819656372, 0.7142857015132904, 0
u,0.8888376951217651, 0.4285714030265808, 0
u,0.8817517757415771, 0.5714285373687744, 0
u,0.8817517757415771, 0.4285714030265808, 0
u,0.5366206169128418, 0.07666528224945068, 0
u,0.5295346975326538, 0.10976117849349976, 0
u,0.5295346975326538, 0.07666528224945068, 0
u,0.7579966187477112, 0.5714285373687744, 0
u,0.7318887114524841, 0.714285671710968, 0
u,0.7318887114524841, 0.5714285373687744, 0
u,0.5247824788093567, 0.07666522264480591, 0
u,0.5176964998245239, 0.10976111888885498, 0
u,0.5176964998245239, 0.07666522264480591, 0
u,0.8888376951217651, 0.2857142686843872, 0
u,0.8817517161369324, 0.4285714030265808, 0
u,0.8817517161369324, 0.2857142686843872, 0
u,0.7318887114524841, 0.4285714030265808, 0
u,0.7579966187477112, 0.5714285969734192, 0
u,0.7318887114524841, 0.5714285671710968, 0
u,0.8888376951217651, 0.1428571343421936, 0
u,0.8817517161369324, 0.2857142686843872, 0
u,0.8817517757415771, 0.1428571343421936, 0
u,0.5507925152778625, 0.07666528224945068, 0
u,0.5437065958976746, 0.10976117849349976, 0
u,0.5437065958976746, 0.07666528224945068, 0
u,0.7579966187477112, 0.28571420907974243, 0
u,0.7318887114524841, 0.4285714030265808, 0
u,0.7318887114524841, 0.28571420907974243, 0
u,0.7824638485908508, 0.07666522264480591, 0
u,0.7753779292106628, 0.10976111888885498, 0
u,0.7753779292106628, 0.07666522264480591, 0
u,0.9526116251945496, 0.8571428507566452, 0
u,0.9455256462097168, 0.9999999994853559, 0
u,0.9455257058143616, 0.8571428507566452, 0
u,0.7579965591430664, 0.857142835855484, 0
u,0.7841045260429382, 1.0, 0
u,0.7579965591430664, 1.0, 0
u,0.9526116251945496, 0.7142857015132904, 0
u,0.9455257058143616, 0.857142835855484, 0
u,0.9455257058143616, 0.7142857015132904, 0
u,0.47984856367111206, 0.1097612977027893, 0
u,0.4727626144886017, 0.14285719394683838, 0
u,0.4727626144886017, 0.1097612977027893, 0
u,0.8363202214241028, 0.5714285373687744, 0
u,0.8102123141288757, 0.7142857015132904, 0
u,0.8102123141288757, 0.5714285373687744, 0
u,0.9313535690307617, 0.07666534185409546, 0
u,0.924267590045929, 0.10976123809814453, 0
u,0.924267590045929, 0.07666534185409546, 0
u,0.11345963180065155, 0.0, 0
u,0.10637368261814117, 0.14285707473754883, 0
u,0.10637369006872177, 0.0, 0
u,0.8102123141288757, 0.4285714626312256, 0
u,0.8363202214241028, 0.5714285969734192, 0
u,0.8102123141288757, 0.5714285969734192, 0
u,0.12054557353258133, -1.1920928955078125e-07, 0
u,0.11345962435007095, 0.14285707473754883, 0
u,0.11345963180065155, -1.1920928955078125e-07, 0
u,0.938439667224884, 0.1097612977027893, 0
u,0.9313536882400513, 0.14285719394683838, 0
u,0.9313536882400513, 0.1097612977027893, 0
u,0.7841044068336487, 0.714285671710968, 0
u,0.7579964995384216, 0.857142835855484, 0
u,0.7579964995384216, 0.714285671710968, 0
u,0.5720502138137817, 0.07666522264480591, 0
u,0.5649642944335938, 0.10976111888885498, 0
u,0.5649642944335938, 0.07666522264480591, 0
u,0.12763150036334991, 0.0, 0
u,0.12054555118083954, 0.14285707473754883, 0
u,0.12054555863142014, 0.0, 0
u,0.7579964995384216, 0.5714285373687744, 0
u,0.7841044068336487, 0.714285671710968, 0
u,0.7579964995384216, 0.714285671710968, 0
u,0.13946959376335144, -1.1920928955078125e-07, 0
u,0.13238364458084106, 0.14285707473754883, 0
u,0.13238364458084106, -1.1920928955078125e-07, 0
u,0.5649644136428833, 0.07666528224945068, 0
u,0.5578784346580505, 0.10976117849349976, 0
u,0.5578784346580505, 0.07666528224945068, 0
u,0.7841045260429382, 0.4285714626312256, 0
u,0.7579966187477112, 0.5714285969734192, 0
u,0.7579966187477112, 0.4285714030265808, 0
u,0.5578783750534058, 0.07666522264480591, 0
u,0.550792396068573, 0.10976111888885498, 0
u,0.550792396068573, 0.07666522264480591, 0
u,0.14655551314353943, 0.0, 0
u,0.13946956396102905, 0.14285707473754883, 0
u,0.13946957886219025, 0.0, 0
u,0.7579966187477112, 0.28571420907974243, 0
u,0.7841045260429382, 0.4285714030265808, 0
u,0.7579966187477112, 0.4285714030265808, 0
u,0.1536414623260498, -1.1920928955078125e-07, 0
u,0.14655551314353943, 0.14285707473754883, 0
u,0.14655551314353943, -1.1920928955078125e-07, 0
u,0.5815545916557312, 0.07666528224945068, 0
u,0.5744686126708984, 0.10976117849349976, 0
u,0.5744686126708984, 0.07666528224945068, 0
u,0.8102123141288757, 0.857142835855484, 0
u,0.7841044068336487, 1.0, 0
u,0.7841044068336487, 0.857142835855484, 0
u,0.5886405110359192, 0.07666522264480591, 0
u,0.5815545916557312, 0.10976111888885498, 0
u,0.5815545916557312, 0.07666522264480591, 0
u,0.16072741150856018, 0.0, 0
u,0.1536414623260498, 0.1428571343421936, 0
u,0.153641477227211, 0.0, 0
u,0.7841044068336487, 0.714285671710968, 0
u,0.8102123141288757, 0.857142835855484, 0
u,0.7841044068336487, 0.857142835855484, 0
u,0.20566146075725555, -1.1920928955078125e-07, 0
u,0.19857551157474518, 0.14285707473754883, 0
u,0.19857551157474518, -1.1920928955078125e-07, 0
u,0.6028124094009399, 0.07666528224945068, 0
u,0.595726490020752, 0.10976117849349976, 0
u,0.595726490020752, 0.07666528224945068, 0
u,0.8102123141288757, 0.5714285671710968, 0
u,0.7841044068336487, 0.7142857015132904, 0
u,0.7841044068336487, 0.5714285671710968, 0
u,0.8203118443489075, 0.07666522264480591, 0
u,0.8132258653640747, 0.10976111888885498, 0
u,0.8132258653640747, 0.07666522264480591, 0
u,0.1985754817724228, 0.0, 0
u,0.19148953258991241, 0.1428571343421936, 0
u,0.19148953258991241, 0.0, 0
u,0.7841044664382935, 0.4285714626312256, 0
u,0.8102123141288757, 0.5714285969734192, 0
u,0.7841044068336487, 0.5714285969734192, 0
u,0.1725655049085617, -1.1920928955078125e-07, 0
u,0.16547955572605133, 0.14285707473754883, 0
u,0.16547957062721252, -1.1920928955078125e-07, 0
u,0.4444188177585602, 0.10976123809814453, 0
u,0.4373328685760498, 0.14285719394683838, 0
u,0.4373328685760498, 0.10976123809814453, 0
u,0.8102123141288757, 0.28571420907974243, 0
u,0.7841044664382935, 0.4285714030265808, 0
u,0.7841044664382935, 0.28571420907974243, 0
u,0.6098983883857727, 0.07666522264480591, 0
u,0.6028124690055847, 0.10976111888885498, 0
u,0.6028124690055847, 0.07666522264480591, 0
u,0.1796514242887497, 0.0, 0
u,0.17256547510623932, 0.1428571343421936, 0
u,0.1725654900074005, 0.0, 0
u,0.09837061166763306, 0.1428571343421936, 0
u,0.1292303055524826, 0.2857142686843872, 0
u,0.09837061166763306, 0.2857142686843872, 0
u,0.19148951768875122, -1.1920928955078125e-07, 0
u,0.18440356850624084, 0.14285707473754883, 0
u,0.18440356850624084, -1.1920928955078125e-07, 0
u,0.5957264304161072, 0.07666528224945068, 0
u,0.5886404514312744, 0.10976117849349976, 0
u,0.5886404514312744, 0.07666528224945068, 0
u,0.16008998453617096, 0.1428571343421936, 0
u,0.12923027575016022, 0.2857142686843872, 0
u,0.1292302906513214, 0.1428571343421936, 0
u,0.6169843077659607, 0.07666522264480591, 0
u,0.6098983883857727, 0.10976111888885498, 0
u,0.6098983883857727, 0.07666522264480591, 0
u,0.2387574017047882, 0.0, 0
u,0.23167145252227783, 0.1428571343421936, 0
u,0.23167145252227783, 0.0, 0
u,0.17509697377681732, 0.1428571343421936, 0
u,0.2003536969423294, 0.285714328289032, 0
u,0.17509697377681732, 0.285714328289032, 0
u,0.21274738013744354, -1.1920928955078125e-07, 0
u,0.20566143095493317, 0.14285707473754883, 0
u,0.20566144585609436, -1.1920928955078125e-07, 0
u,0.6311561465263367, 0.07666528224945068, 0
u,0.6240701675415039, 0.10976117849349976, 0
u,0.6240701675415039, 0.07666528224945068, 0
u,0.5843793153762817, 0.857142835855484, 0
u,0.5597110986709595, 1.0, 0
u,0.5597110986709595, 0.857142835855484, 0
u,0.6619182825088501, 0.10976123809814453, 0
u,0.6548323631286621, 0.1428571343421936, 0
u,0.6548323631286621, 0.10976123809814453, 0
u,0.9526116251945496, 0.5714285373687744, 0
u,0.9455256462097168, 0.7142857015132904, 0
u,0.9455257058143616, 0.5714285373687744, 0
u,0.5597110986709595, 0.7142857015132904, 0
u,0.5843793153762817, 0.857142835855484, 0
u,0.5597110986709595, 0.857142835855484, 0
u,0.9526116251945496, 0.4285714030265808, 0
u,0.9455257058143616, 0.5714285373687744, 0
u,0.9455257058143616, 0.4285714030265808, 0
u,0.6760901808738708, 0.1097612977027893, 0
u,0.6690042018890381, 0.14285719394683838, 0
u,0.6690042018890381, 0.1097612977027893, 0
u,0.5843793749809265, 0.5714285373687744, 0
u,0.5597110986709595, 0.7142857015132904, 0
u,0.5597110986709595, 0.5714285373687744, 0
u,0.6831761002540588, 0.10976123809814453, 0
u,0.6760901808738708, 0.1428571343421936, 0
u,0.6760901808738708, 0.10976123809814453, 0
u,0.9526116251945496, 0.2857142686843872, 0
u,0.9455256462097168, 0.4285714030265808, 0
u,0.9455256462097168, 0.2857142686843872, 0
u,0.09837061166763306, 0.4285714626312256, 0
u,0.1292303055524826, 0.5714285969734192, 0
u,0.09837060421705246, 0.5714285969734192, 0
u,0.9526116251945496, 0.14285707473754883, 0
u,0.9455256462097168, 0.2857142686843872, 0
u,0.9455256462097168, 0.14285707473754883, 0
u,0.6902620792388916, 0.1097612977027893, 0
u,0.6831761002540588, 0.14285719394683838, 0
u,0.6831761002540588, 0.1097612977027893, 0
u,0.33317315578460693, 0.7142857015132904, 0
u,0.3090377449989319, 0.857142835855484, 0
u,0.3090377449989319, 0.714285671710968, 0
u,0.8769997358322144, 0.07666534185409546, 0
u,0.8699137568473816, 0.10976123809814453, 0
u,0.8699137568473816, 0.07666534185409546, 0
u,0.9596975445747375, 0.8571428507566452, 0
u,0.9526115655899048, 0.9999999997950906, 0
u,0.9526115655899048, 0.8571428507566452, 0
u,0.2849023640155792, 0.714285671710968, 0
u,0.3090377449989319, 0.857142835855484, 0
u,0.28490233421325684, 0.857142835855484, 0
u,0.9596975445747375, 0.7142857015132904, 0
u,0.9526115655899048, 0.8571428507566452, 0
u,0.9526115655899048, 0.7142857015132904, 0
u,0.41840875148773193, 0.10976117849349976, 0
u,0.41132280230522156, 0.14285707473754883, 0
u,0.41132280230522156, 0.10976117849349976, 0
u,0.16009001433849335, 0.4285714626312256, 0
u,0.1292303055524826, 0.5714285969734192, 0
u,0.1292303055524826, 0.4285714626312256, 0
u,0.6240702271461487, 0.07666522264480591, 0
u,0.6169842481613159, 0.10976117849349976, 0
u,0.6169842481613159, 0.07666522264480591, 0
u,0.8959236741065979, 0.8571428507566452, 0
u,0.8888377547264099, 0.9999999970074473, 0
u,0.8888377547264099, 0.8571428507566452, 0
u,0.17509698867797852, 0.4285714626312256, 0
u,0.2003537118434906, 0.5714285969734192, 0
u,0.17509698867797852, 0.5714285969734192, 0
u,0.8959236741065979, 0.7142857015132904, 0
u,0.8888377547264099, 0.857142835855484, 0
u,0.8888377547264099, 0.7142857015132904, 0
u,0.6500802040100098, 0.07666528224945068, 0
u,0.6429942846298218, 0.10976117849349976, 0
u,0.6429942846298218, 0.07666528224945068, 0
u,0.25086715817451477, 0.1428571343421936, 0
u,0.22561044991016388, 0.285714328289032, 0
u,0.22561044991016388, 0.1428571343421936, 0
u,0.6690042018890381, 0.07666522264480591, 0
u,0.6619182825088501, 0.10976111888885498, 0
u,0.6619182825088501, 0.07666522264480591, 0
u,0.8959236741065979, 0.5714285373687744, 0
u,0.8888376951217651, 0.7142857015132904, 0
u,0.8888376951217651, 0.5714285373687744, 0
u,0.200353741645813, 0.1428571343421936, 0
u,0.22561044991016388, 0.285714328289032, 0
u,0.2003537267446518, 0.285714328289032, 0
u,0.8959236741065979, 0.4285714626312256, 0
u,0.8888376951217651, 0.5714285969734192, 0
u,0.8888377547264099, 0.4285714626312256, 0
u,0.6571661233901978, 0.07666528224945068, 0
u,0.6500802040100098, 0.10976117849349976, 0
u,0.6500802040100098, 0.07666528224945068, 0
u,0.27612388134002686, 0.1428571343421936, 0
u,0.25086715817451477, 0.285714328289032, 0
u,0.25086715817451477, 0.1428571343421936, 0
u,0.7895498275756836, 0.07666522264480591, 0
u,0.7824639081954956, 0.10976111888885498, 0
u,0.7824639081954956, 0.07666522264480591, 0
u,0.9596976041793823, 0.5714285373687744, 0
u,0.9526116847991943, 0.7142857015132904, 0
u,0.9526116847991943, 0.5714285373687744, 0
u,0.2849023640155792, 0.1428571343421936, 0
u,0.3090377449989319, 0.285714328289032, 0
u,0.28490233421325684, 0.285714328289032, 0
u,0.9596976041793823, 0.4285714626312256, 0
u,0.9526116847991943, 0.5714285969734192, 0
u,0.9526116847991943, 0.4285714626312256, 0
u,0.48693445324897766, 0.1097612977027893, 0
u,0.4798485040664673, 0.14285719394683838, 0
u,0.4798485040664673, 0.1097612977027893, 0
u,0.8363202214241028, 0.28571420907974243, 0
u,0.8102123141288757, 0.4285714030265808, 0
u,0.8102123141288757, 0.28571420907974243, 0
u,0.9384395480155945, 0.07666534185409546, 0
u,0.9313536286354065, 0.10976123809814453, 0
u,0.9313536286354065, 0.07666534185409546, 0
u,0.2458433210849762, 0.0, 0
u,0.23875737190246582, 0.1428571343421936, 0
u,0.23875737190246582, 0.0, 0
u,0.8102123141288757, 0.1428571343421936, 0
u,0.8363202214241028, 0.2857142686843872, 0
u,0.8102123141288757, 0.2857142686843872, 0
u,0.23167143762111664, -1.1920928955078125e-07, 0
u,0.22458548843860626, 0.14285707473754883, 0
u,0.22458548843860626, -1.1920928955078125e-07, 0
u,0.9455255270004272, 0.1097612977027893, 0
u,0.9384396076202393, 0.14285719394683838, 0
u,0.9384396076202393, 0.1097612977027893, 0
u,0.33317309617996216, 0.1428571343421936, 0
u,0.3090376853942871, 0.285714328289032, 0
u,0.3090376853942871, 0.1428571343421936, 0
u,0.6382420659065247, 0.07666522264480591, 0
u,0.6311560869216919, 0.10976111888885498, 0
u,0.6311560869216919, 0.07666522264480591, 0
u,0.22458550333976746, 0.0, 0
u,0.21749955415725708, 0.1428571343421936, 0
u,0.21749956905841827, 0.0, 0
u,0.33317309617996216, 0.1428571343421936, 0
u,0.35730844736099243, 0.285714328289032, 0
u,0.33317309617996216, 0.285714328289032, 0
u,0.2529292702674866, -1.1920928955078125e-07, 0
u,0.2458433210849762, 0.14285707473754883, 0
u,0.2458433359861374, -1.1920928955078125e-07, 0
u,0.6902620196342468, 0.07666528224945068, 0
u,0.6831761002540588, 0.10976117849349976, 0
u,0.6831761002540588, 0.07666528224945068, 0
u,0.3814438581466675, 0.1428571343421936, 0
u,0.35730844736099243, 0.2857142686843872, 0
u,0.35730844736099243, 0.1428571343421936, 0
u,0.6760901808738708, 0.07666522264480591, 0
u,0.6690042614936829, 0.10976111888885498, 0
u,0.6690042614936829, 0.07666522264480591, 0
u,0.2718532681465149, 0.0, 0
u,0.2647673189640045, 0.1428571343421936, 0
u,0.2647673189640045, 0.0, 0
u,0.39871200919151306, 0.1428571343421936, 0
u,0.4238896071910858, 0.2857142686843872, 0
u,0.39871200919151306, 0.2857142686843872, 0
u,0.26001521944999695, -1.1920928955078125e-07, 0
u,0.2529292702674866, 0.14285707473754883, 0
u,0.2529292702674866, -1.1920928955078125e-07, 0
u,0.6831761002540588, 0.07666528224945068, 0
u,0.6760901808738708, 0.10976117849349976, 0
u,0.6760901808738708, 0.07666528224945068, 0
u,0.44906723499298096, 0.1428571343421936, 0
u,0.4238896071910858, 0.2857142686843872, 0
u,0.4238896071910858, 0.1428571343421936, 0
u,0.7115199565887451, 0.07666522264480591, 0
u,0.7044339776039124, 0.10976111888885498, 0
u,0.7044339776039124, 0.07666522264480591, 0
u,0.27893921732902527, 0.0, 0
u,0.2718532681465149, 0.1428571343421936, 0
u,0.2718532681465149, 0.0, 0
u,0.44906723499298096, 0.1428571343421936, 0
u,0.4742448329925537, 0.2857142686843872, 0
u,0.44906723499298096, 0.2857142686843872, 0
u,0.28602516651153564, -1.1920928955078125e-07, 0
u,0.27893921732902527, 0.14285707473754883, 0
u,0.27893921732902527, -1.1920928955078125e-07, 0
u,0.7044338583946228, 0.07666528224945068, 0
u,0.69734787940979, 0.10976117849349976, 0
u,0.69734787940979, 0.07666528224945068, 0
u,0.49942249059677124, 0.1428571343421936, 0
u,0.4742448627948761, 0.2857142686843872, 0
u,0.4742448925971985, 0.1428571343421936, 0
u,0.8132259249687195, 0.07666522264480591, 0
u,0.8061400055885315, 0.10976111888885498, 0
u,0.8061400055885315, 0.07666522264480591, 0
u,0.293111115694046, 0.0, 0
u,0.28602516651153564, 0.1428571343421936, 0
u,0.28602516651153564, 0.0, 0
u,0.5103746652603149, 0.1428571343421936, 0
u,0.5350428819656372, 0.2857142686843872, 0
u,0.5103746652603149, 0.2857142686843872, 0
u,0.30494919419288635, -1.1920928955078125e-07, 0
u,0.297863245010376, 0.14285707473754883, 0
u,0.297863245010376, -1.1920928955078125e-07, 0
u,0.45150479674339294, 0.10976123809814453, 0
u,0.44441887736320496, 0.14285719394683838, 0
u,0.44441887736320496, 0.10976123809814453, 0
u,0.5597110986709595, 0.1428571343421936, 0
u,0.5350428819656372, 0.2857142686843872, 0
u,0.5350428819656372, 0.1428571343421936, 0
u,0.6973479986190796, 0.07666522264480591, 0
u,0.6902620196342468, 0.10976111888885498, 0
u,0.6902620196342468, 0.07666522264480591, 0
u,0.3120351731777191, 0.0, 0
u,0.30494922399520874, 0.1428571343421936, 0
u,0.30494922399520874, 0.0, 0
u,0.559711217880249, 0.1428571343421936, 0
u,0.5843794345855713, 0.2857142686843872, 0
u,0.559711217880249, 0.2857142686843872, 0
u,0.3191210627555847, -1.1920928955078125e-07, 0
u,0.31203511357307434, 0.14285707473754883, 0
u,0.31203511357307434, -1.1920928955078125e-07, 0
u,0.735196053981781, 0.07666528224945068, 0
u,0.7281100749969482, 0.10976117849349976, 0
u,0.7281100749969482, 0.07666528224945068, 0
u,0.6090476512908936, 0.1428571343421936, 0
u,0.5843794345855713, 0.2857142686843872, 0
u,0.5843794345855713, 0.1428571343421936, 0
u,0.7281100749969482, 0.07666522264480591, 0
u,0.7210241556167603, 0.10976111888885498, 0
u,0.7210241556167603, 0.07666522264480591, 0
u,0.3262069821357727, 0.0, 0
u,0.31912103295326233, 0.1428571343421936, 0
u,0.3191210627555847, 0.0, 0
u,0.6224502921104431, 0.1428571343421936, 0
u,0.6468917727470398, 0.2857142686843872, 0
u,0.6224502921104431, 0.2857142686843872, 0
u,0.3380451202392578, -1.1920928955078125e-07, 0
u,0.33095917105674744, 0.14285707473754883, 0
u,0.3309592008590698, -1.1920928955078125e-07, 0
u,0.742281973361969, 0.07666528224945068, 0
u,0.735196053981781, 0.10976117849349976, 0
u,0.735196053981781, 0.07666528224945068, 0
u,0.3573085069656372, 0.857142835855484, 0
u,0.3573085069656372, 1.0, 0
u,0.33317309617996216, 1.0, 0
u,0.5106106400489807, 0.10976123809814453, 0
u,0.5106106400489807, 0.1428571343421936, 0
u,0.503524661064148, 0.1428571343421936, 0
u,0.8959237337112427, 0.2857142686843872, 0
u,0.8959237337112427, 0.4285714030265808, 0
u,0.8888377547264099, 0.4285714030265808, 0
u,0.33317315578460693, 0.7142857015132904, 0
u,0.3573085069656372, 0.7142857015132904, 0
u,0.3573085069656372, 0.857142835855484, 0
u,0.8959237337112427, 0.14285707473754883, 0
u,0.8959237337112427, 0.2857142686843872, 0
u,0.8888377547264099, 0.2857142686843872, 0
u,0.5176966190338135, 0.1097612977027893, 0
u,0.5176966190338135, 0.14285719394683838, 0
u,0.5106106400489807, 0.14285719394683838, 0
u,0.3814438581466675, 0.857142835855484, 0
u,0.3814438581466675, 1.0, 0
u,0.3573085069656372, 1.0, 0
u,0.5366206169128418, 0.10976123809814453, 0
u,0.5366206169128418, 0.1428571343421936, 0
u,0.529534637928009, 0.1428571343421936, 0
u,0.9030096530914307, 0.8571428507566452, 0
u,0.9030096530914307, 0.9999999976269209, 0
u,0.8959236741065979, 0.9999999973171847, 0
u,0.3573085069656372, 0.7142857015132904, 0
u,0.38144391775131226, 0.7142857015132904, 0
u,0.3814438581466675, 0.857142835855484, 0
u,0.9030096530914307, 0.7142857015132904, 0
u,0.9030096530914307, 0.857142835855484, 0
u,0.8959237337112427, 0.857142835855484, 0
u,0.529534637928009, 0.1097612977027893, 0
u,0.529534637928009, 0.14285719394683838, 0
u,0.522448718547821, 0.14285719394683838, 0
u,0.200353741645813, 0.857142835855484, 0
u,0.200353741645813, 1.0, 0
u,0.1750970184803009, 1.0, 0
u,0.834483802318573, 0.07666534185409546, 0
u,0.834483802318573, 0.10976123809814453, 0
u,0.8273978233337402, 0.10976123809814453, 0
u,0.9030096530914307, 0.5714285373687744, 0
u,0.9030095934867859, 0.7142857015132904, 0
u,0.8959236741065979, 0.7142857015132904, 0
u,0.200353741645813, 0.857142835855484, 0
u,0.22561046481132507, 0.857142835855484, 0
u,0.22561046481132507, 1.0, 0
u,0.9030096530914307, 0.4285714030265808, 0
u,0.9030096530914307, 0.5714285373687744, 0
u,0.8959236741065979, 0.5714285373687744, 0
u,0.3711410164833069, 0.10976117849349976, 0
u,0.3711410164833069, 0.14285707473754883, 0
u,0.3640550673007965, 0.14285707473754883, 0
u,0.4238896667957306, 0.857142835855484, 0
u,0.4238896667957306, 1.0, 0
u,0.39871203899383545, 1.0, 0
u,0.6973479986190796, 0.10976117849349976, 0
u,0.6973479986190796, 0.1428571343421936, 0
u,0.6902620792388916, 0.1428571343421936, 0
u,0.8675796985626221, 0.8571428507566452, 0
u,0.8675796985626221, 0.99999999607823, 0
u,0.8604937791824341, 0.9999999957684937, 0
u,0.39871206879615784, 0.7142857015132904, 0
u,0.4238896667957306, 0.7142857015132904, 0
u,0.4238896667957306, 0.857142835855484, 0
u,0.8675797581672668, 0.7142857015132904, 0
u,0.8675796985626221, 0.857142835855484, 0
u,0.8604937791824341, 0.857142835855484, 0
u,0.735196053981781, 0.1097612977027893, 0
u,0.735196053981781, 0.14285719394683838, 0
u,0.728110134601593, 0.14285719394683838, 0
u,0.22561046481132507, 0.4285714626312256, 0
u,0.22561046481132507, 0.5714285969734192, 0
u,0.200353741645813, 0.5714285969734192, 0
u,0.7281100749969482, 0.10976117849349976, 0
u,0.7281100749969482, 0.1428571343421936, 0
u,0.7210241556167603, 0.1428571343421936, 0
u,0.8675796985626221, 0.5714285373687744, 0
u,0.8675796985626221, 0.7142857015132904, 0
u,0.8604937791824341, 0.7142857015132904, 0
u,0.22561046481132507, 0.4285714626312256, 0
u,0.25086718797683716, 0.4285714626312256, 0
u,0.25086718797683716, 0.5714285969734192, 0
u,0.8675796985626221, 0.4285714626312256, 0
u,0.8675796985626221, 0.5714285969734192, 0
u,0.8604937791824341, 0.5714285969734192, 0
u,0.7044339179992676, 0.1097612977027893, 0
u,0.7044339179992676, 0.14285719394683838, 0
u,0.6973479986190796, 0.14285719394683838, 0
u,0.27612391114234924, 0.4285714626312256, 0
u,0.27612388134002686, 0.5714285969734192, 0
u,0.25086718797683716, 0.5714285969734192, 0
u,0.7612060904502869, 0.07666522264480591, 0
u,0.7612060904502869, 0.10976111888885498, 0
u,0.7541201114654541, 0.10976111888885498, 0
u,0.9030097126960754, 0.2857142686843872, 0
u,0.9030097126960754, 0.4285714030265808, 0
u,0.8959237933158875, 0.4285714030265808, 0
u,0.28490233421325684, 0.4285714626312256, 0
u,0.3090377449989319, 0.4285714626312256, 0
u,0.3090377449989319, 0.5714285969734192, 0
u,0.9030097126960754, 0.1428571343421936, 0
u,0.9030097126960754, 0.2857142686843872, 0
u,0.8959237933158875, 0.2857142686843872, 0
u,0.45859068632125854, 0.1097612977027893, 0
u,0.45859068632125854, 0.14285719394683838, 0
u,0.45150473713874817, 0.14285719394683838, 0
u,0.7202160954475403, 0.1428571343421936, 0
u,0.7202160954475403, 0.2857142686843872, 0
u,0.6957746744155884, 0.2857142686843872, 0
u,0.9100956916809082, 0.07666534185409546, 0
u,0.9100956916809082, 0.10976123809814453, 0
u,0.9030097723007202, 0.10976123809814453, 0
u,0.9596976041793823, 0.2857142686843872, 0
u,0.9596976041793823, 0.4285714030265808, 0
u,0.9526116251945496, 0.4285714030265808, 0
u,0.7579966187477112, 0.1428571343421936, 0
u,0.7841045260429382, 0.1428571343421936, 0
u,0.7841045260429382, 0.2857142686843872, 0
u,0.9596976041793823, 0.1428571343421936, 0
u,0.9596976041793823, 0.2857142686843872, 0
u,0.9526116847991943, 0.2857142686843872, 0
u,0.9030097126960754, 0.07666540145874023, 0
u,0.9030097126960754, 0.1097612977027893, 0
u,0.8959237337112427, 0.1097612977027893, 0
u,0.33317309617996216, 0.4285714626312256, 0
u,0.33317309617996216, 0.5714285969734192, 0
u,0.3090377449989319, 0.5714285969734192, 0
u,0.721024215221405, 0.10976123809814453, 0
u,0.721024215221405, 0.1428571343421936, 0
u,0.7139382362365723, 0.1428571343421936, 0
u,0.9667835235595703, 0.8571428507566452, 0
u,0.9667835235595703, 1.000000000414566, 0
u,0.9596976041793823, 1.0000000001048295, 0
u,0.33317309617996216, 0.4285714626312256, 0
u,0.3573085069656372, 0.4285714626312256, 0
u,0.3573085069656372, 0.5714285969734192, 0
u,0.9667835235595703, 0.7142857015132904, 0
u,0.9667835235595703, 0.8571428507566452, 0
u,0.9596976041793823, 0.8571428507566452, 0
u,0.7422818541526794, 0.1097612977027893, 0
u,0.7422818541526794, 0.14285719394683838, 0
u,0.7351959347724915, 0.14285719394683838, 0
u,0.4238896369934082, 0.4285714030265808, 0
u,0.4238896369934082, 0.5714285671710968, 0
u,0.39871203899383545, 0.5714285671710968, 0
u,0.7139382362365723, 0.10976123809814453, 0
u,0.7139382362365723, 0.1428571343421936, 0
u,0.7068523168563843, 0.1428571343421936, 0
u,0.9667835831642151, 0.5714285373687744, 0
u,0.9667835831642151, 0.7142857015132904, 0
u,0.9596976637840271, 0.7142857015132904, 0
u,0.3573085069656372, 0.4285714030265808, 0
u,0.3814438581466675, 0.4285714030265808, 0
u,0.3814438581466675, 0.5714285671710968, 0
u,0.9667835831642151, 0.4285714626312256, 0
u,0.9667835831642151, 0.5714285969734192, 0
u,0.9596976637840271, 0.5714285969734192, 0
u,0.749367892742157, 0.1097612977027893, 0
u,0.749367892742157, 0.14285719394683838, 0
u,0.742281973361969, 0.14285719394683838, 0
u,0.44906726479530334, 0.4285714030265808, 0
u,0.44906726479530334, 0.5714285671710968, 0
u,0.4238896369934082, 0.5714285671710968, 0
u,0.7682920098304749, 0.10976123809814453, 0
u,0.7682920098304749, 0.1428571343421936, 0
u,0.7612060904502869, 0.1428571343421936, 0
u,0.9667835831642151, 0.2857142686843872, 0
u,0.9667835831642151, 0.4285714030265808, 0
u,0.9596976041793823, 0.4285714030265808, 0
u,0.44906726479530334, 0.4285714030265808, 0
u,0.4742448627948761, 0.4285714030265808, 0
u,0.4742448627948761, 0.5714285671710968, 0
u,0.9667834639549255, 0.1428571343421936, 0
u,0.9667834639549255, 0.2857142686843872, 0
u,0.9596975445747375, 0.2857142686843872, 0
u,0.7612059116363525, 0.1097612977027893, 0
u,0.7612059116363525, 0.14285719394683838, 0
u,0.7541199922561646, 0.14285719394683838, 0
u,0.5350428819656372, 0.4285714030265808, 0
u,0.5350428819656372, 0.5714285671710968, 0
u,0.5103746652603149, 0.5714285671710968, 0
u,0.7682919502258301, 0.07666522264480591, 0
u,0.7682919502258301, 0.10976111888885498, 0
u,0.7612060308456421, 0.10976111888885498, 0
u,0.9738693833351135, 0.8571428507566452, 0
u,0.9738693833351135, 0.9999999947464588, 0
u,0.9667834639549255, 0.9999999944367226, 0
u,0.4742449223995209, 0.4285714030265808, 0
u,0.49942252039909363, 0.4285714030265808, 0
u,0.49942252039909363, 0.5714285671710968, 0
u,0.9738694429397583, 0.7142857015132904, 0
u,0.9738693833351135, 0.8571428507566452, 0
u,0.9667834639549255, 0.8571428507566452, 0
u,0.3971509635448456, 0.10976123809814453, 0
u,0.3971509635448456, 0.1428571343421936, 0
u,0.3900650441646576, 0.1428571343421936, 0
u,0.5597110986709595, 0.4285714030265808, 0
u,0.5597110986709595, 0.5714285671710968, 0
u,0.5350428819656372, 0.5714285671710968, 0
u,0.7753778696060181, 0.10976123809814453, 0
u,0.7753778696060181, 0.1428571343421936, 0
u,0.7682918906211853, 0.1428571343421936, 0
u,0.9738695025444031, 0.5714285373687744, 0
u,0.9738695025444031, 0.7142857015132904, 0
u,0.9667835235595703, 0.7142857015132904, 0
u,0.5597111582756042, 0.4285714030265808, 0
u,0.5843794345855713, 0.4285714030265808, 0
u,0.5843794345855713, 0.5714285671710968, 0
u,0.9738695025444031, 0.4285714626312256, 0
u,0.9738695025444031, 0.5714285969734192, 0
u,0.9667835235595703, 0.5714285969734192, 0
u,0.7824638485908508, 0.1097612977027893, 0
u,0.7824638485908508, 0.14285719394683838, 0
u,0.7753778696060181, 0.14285719394683838, 0
u,0.6090476512908936, 0.857142835855484, 0
u,0.6090475916862488, 1.0, 0
u,0.5843793749809265, 1.0, 0
u,0.7895497679710388, 0.10976123809814453, 0
u,0.7895497679710388, 0.1428571343421936, 0
u,0.7824638485908508, 0.1428571343421936, 0
u,0.9738694429397583, 0.2857142686843872, 0
u,0.9738694429397583, 0.4285714030265808, 0
u,0.9667835235595703, 0.4285714030265808, 0
u,0.5843793749809265, 0.7142857015132904, 0
u,0.6090476512908936, 0.7142857015132904, 0
u,0.6090476512908936, 0.857142835855484, 0
u,0.9738694429397583, 0.1428571343421936, 0
u,0.9738694429397583, 0.2857142686843872, 0
u,0.9667835235595703, 0.2857142686843872, 0
u,0.8013877868652344, 0.1097612977027893, 0
u,0.8013877868652344, 0.14285719394683838, 0
u,0.7943018674850464, 0.14285719394683838, 0
u,0.44906726479530334, 0.857142835855484, 0
u,0.44906726479530334, 1.0, 0
u,0.4238896667957306, 1.0, 0
u,0.5437065362930298, 0.10976123809814453, 0
u,0.5437065362930298, 0.1428571343421936, 0
u,0.536620557308197, 0.1428571343421936, 0
u,0.9100956916809082, 0.8571428507566452, 0
u,0.9100956916809082, 0.999999997936661, 0
u,0.9030097126960754, 0.9999999976269247, 0
u,0.4238896667957306, 0.7142857015132904, 0
u,0.44906729459762573, 0.7142857015132904, 0
u,0.44906726479530334, 0.857142835855484, 0
u,0.9100956916809082, 0.7142857015132904, 0
u,0.9100956916809082, 0.857142835855484, 0
u,0.9030097126960754, 0.857142835855484, 0
u,0.5507925152778625, 0.1097612977027893, 0
u,0.5507925152778625, 0.14285719394683838, 0
u,0.5437065958976746, 0.14285719394683838, 0
u,0.1292303055524826, 0.5714285373687744, 0
u,0.1292303055524826, 0.7142857015132904, 0
u,0.09837060421705246, 0.7142857015132904, 0
u,0.5578784346580505, 0.10976123809814453, 0
u,0.5578784346580505, 0.1428571343421936, 0
u,0.5507924556732178, 0.1428571343421936, 0
u,0.9100956320762634, 0.5714285373687744, 0
u,0.9100956320762634, 0.7142857015132904, 0
u,0.9030097126960754, 0.7142857015132904, 0
u,0.1292303055524826, 0.5714285373687744, 0
u,0.16009001433849335, 0.5714285373687744, 0
u,0.16008999943733215, 0.7142857015132904, 0
u,0.9100956320762634, 0.4285714030265808, 0
u,0.9100956320762634, 0.5714285373687744, 0
u,0.9030097126960754, 0.5714285373687744, 0
u,0.5649643540382385, 0.1097612977027893, 0
u,0.5649643540382385, 0.14285719394683838, 0
u,0.5578784346580505, 0.14285719394683838, 0
u,0.25086718797683716, 0.857142835855484, 0
u,0.25086718797683716, 1.0, 0
u,0.22561046481132507, 1.0, 0
u,0.8415697813034058, 0.07666534185409546, 0
u,0.8415697813034058, 0.10976123809814453, 0
u,0.8344838619232178, 0.10976123809814453, 0
u,0.9100956320762634, 0.2857142686843872, 0
u,0.9100956320762634, 0.4285714030265808, 0
u,0.9030096530914307, 0.4285714030265808, 0
u,0.25086721777915955, 0.857142835855484, 0
u,0.27612394094467163, 0.857142835855484, 0
u,0.27612391114234924, 1.0, 0
u,0.9100956320762634, 0.14285707473754883, 0
u,0.9100956320762634, 0.2857142686843872, 0
u,0.9030097126960754, 0.2857142686843872, 0
u,0.35930293798446655, 0.10976117849349976, 0
u,0.35930290818214417, 0.14285707473754883, 0
u,0.3522169888019562, 0.14285707473754883, 0
u,0.22561046481132507, 0.5714285671710968, 0
u,0.22561044991016388, 0.7142857015132904, 0
u,0.200353741645813, 0.7142857015132904, 0
u,0.8344838619232178, 0.10976123809814453, 0
u,0.8344838619232178, 0.1428571343421936, 0
u,0.827397882938385, 0.1428571343421936, 0
u,0.8675797581672668, 0.28571420907974243, 0
u,0.8675797581672668, 0.4285714030265808, 0
u,0.8604937791824341, 0.4285714030265808, 0
u,0.1750970184803009, 0.5714285373687744, 0
u,0.200353741645813, 0.5714285671710968, 0
u,0.200353741645813, 0.7142857015132904, 0
u,0.8675797581672668, 0.14285707473754883, 0
u,0.8675797581672668, 0.28571420907974243, 0
u,0.8604938387870789, 0.28571420907974243, 0
u,0.827397882938385, 0.1097612977027893, 0
u,0.827397882938385, 0.14285719394683838, 0
u,0.8203119039535522, 0.14285719394683838, 0
u,0.6090475916862488, 0.5714285373687744, 0
u,0.6090475916862488, 0.7142857015132904, 0
u,0.5843793153762817, 0.7142857015132904, 0
u,0.8084738254547119, 0.10976123809814453, 0
u,0.8084738254547119, 0.1428571343421936, 0
u,0.8013878464698792, 0.1428571343421936, 0
u,0.8746656775474548, 0.8571428507566452, 0
u,0.8746656775474548, 1.0000000023658075, 0
u,0.8675797581672668, 1.0000000020560713, 0
u,0.5843793749809265, 0.5714285671710968, 0
u,0.5843793749809265, 0.4285714030265808, 0
u,0.6090475916862488, 0.4285714030265808, 0
u,0.8746656775474548, 0.7142857015132904, 0
u,0.8746656775474548, 0.857142835855484, 0
u,0.8675797581672668, 0.857142835855484, 0
u,0.8203118443489075, 0.1097612977027893, 0
u,0.8203118443489075, 0.14285719394683838, 0
u,0.8132258653640747, 0.14285719394683838, 0
u,0.6468917727470398, 0.8571428656578064, 0
u,0.6468917727470398, 1.0, 0
u,0.6224502921104431, 1.0, 0
u,0.7210241556167603, 0.07666522264480591, 0
u,0.7210241556167603, 0.10976111888885498, 0
u,0.7139382362365723, 0.10976111888885498, 0
u,0.917181670665741, 0.8571428507566452, 0
u,0.917181670665741, 1.000000004224241, 0
u,0.910095751285553, 1.0000000039145047, 0
u,0.6224503517150879, 0.7142857015132904, 0
u,0.6468917727470398, 0.7142857015132904, 0
u,0.6468917727470398, 0.8571428656578064, 0
u,0.917181670665741, 0.7142857015132904, 0
u,0.917181670665741, 0.857142835855484, 0
u,0.910095751285553, 0.857142835855484, 0
u,0.4656766653060913, 0.1097612977027893, 0
u,0.4656766653060913, 0.14285719394683838, 0
u,0.4585907459259033, 0.14285719394683838, 0
u,0.7579964995384216, 0.1428571343421936, 0
u,0.7579964995384216, 0.2857142686843872, 0
u,0.7318886518478394, 0.2857142686843872, 0
u,0.9171815514564514, 0.07666534185409546, 0
u,0.9171815514564514, 0.10976123809814453, 0
u,0.9100956320762634, 0.10976123809814453, 0
u,0.9809554219245911, 0.8571428507566452, 0
u,0.9809554219245911, 1.0000000010340402, 0
u,0.9738695025444031, 1.0000000007243037, 0
u,0.7841044664382935, 0.1428571343421936, 0
u,0.8102123141288757, 0.1428571343421936, 0
u,0.8102123141288757, 0.2857142686843872, 0
u,0.9809554815292358, 0.7142857015132904, 0
u,0.9809554219245911, 0.8571428507566452, 0
u,0.9738695025444031, 0.8571428507566452, 0
u,0.9242676496505737, 0.1097612977027893, 0
u,0.9242676496505737, 0.14285719394683838, 0
u,0.9171817302703857, 0.14285719394683838, 0
u,0.6468918323516846, 0.5714285373687744, 0
u,0.6468918323516846, 0.714285671710968, 0
u,0.6224504113197327, 0.714285671710968, 0
u,0.8675796985626221, 0.10976123809814453, 0
u,0.8675796985626221, 0.1428571343421936, 0
u,0.8604937791824341, 0.1428571343421936, 0
u,0.9809554219245911, 0.5714285373687744, 0
u,0.9809554219245911, 0.7142857015132904, 0
u,0.9738695025444031, 0.7142857015132904, 0
u,0.6224504113197327, 0.4285714030265808, 0
u,0.6468918323516846, 0.4285714030265808, 0
u,0.6468918323516846, 0.5714285671710968, 0
u,0.9809554219245911, 0.4285714626312256, 0
u,0.9809554219245911, 0.5714285969734192, 0
u,0.9738695025444031, 0.5714285969734192, 0
u,0.841569721698761, 0.1097612977027893, 0
u,0.841569721698761, 0.14285719394683838, 0
u,0.8344837427139282, 0.14285719394683838, 0
u,0.6713332533836365, 0.8571428656578064, 0
u,0.6713332533836365, 1.0, 0
u,0.6468918323516846, 1.0, 0
u,0.8746657371520996, 0.10976123809814453, 0
u,0.8746657371520996, 0.1428571343421936, 0
u,0.8675798177719116, 0.1428571343421936, 0
u,0.9809554815292358, 0.2857142686843872, 0
u,0.9809554815292358, 0.4285714030265808, 0
u,0.9738695621490479, 0.4285714030265808, 0
u,0.6468918323516846, 0.714285671710968, 0
u,0.6713332533836365, 0.714285671710968, 0
u,0.6713332533836365, 0.857142835855484, 0
u,0.9809554815292358, 0.1428571343421936, 0
u,0.9809554815292358, 0.2857142686843872, 0
u,0.9738695621490479, 0.2857142686843872, 0
u,0.8486557602882385, 0.1097612977027893, 0
u,0.8486557602882385, 0.14285719394683838, 0
u,0.8415697813034058, 0.14285719394683838, 0
u,0.6713331937789917, 0.5714285373687744, 0
u,0.6713331341743469, 0.714285671710968, 0
u,0.646891713142395, 0.714285671710968, 0
u,0.8604938387870789, 0.10976123809814453, 0
u,0.8604938387870789, 0.1428571343421936, 0
u,0.8534079194068909, 0.1428571343421936, 0
u,0.9880414009094238, 0.8571428507566452, 0
u,0.9880414009094238, 0.9999999953659371, 0
u,0.9809554815292358, 0.9999999950562009, 0
u,0.646891713142395, 0.4285714030265808, 0
u,0.6713331937789917, 0.4285714030265808, 0
u,0.6713331937789917, 0.5714285671710968, 0
u,0.9880414009094238, 0.7142857015132904, 0
u,0.9880414009094238, 0.8571428507566452, 0
u,0.9809554815292358, 0.8571428507566452, 0
u,0.881751537322998, 0.1097612977027893, 0
u,0.881751537322998, 0.14285719394683838, 0
u,0.8746655583381653, 0.14285719394683838, 0
u,0.6957746148109436, 0.8571428656578064, 0
u,0.6957746148109436, 1.0, 0
u,0.6713331341743469, 1.0, 0
u,0.8037216067314148, 0.07666522264480591, 0
u,0.8037216067314148, 0.10976111888885498, 0
u,0.7966356873512268, 0.10976111888885498, 0
u,0.9880414009094238, 0.5714285373687744, 0
u,0.9880414009094238, 0.7142857015132904, 0
u,0.9809554815292358, 0.7142857015132904, 0
u,0.6713331341743469, 0.7142857015132904, 0
u,0.6957746148109436, 0.7142857015132904, 0
u,0.6957746148109436, 0.8571428656578064, 0
u,0.9880414009094238, 0.4285714626312256, 0
u,0.9880414009094238, 0.5714285969734192, 0
u,0.9809554815292358, 0.5714285969734192, 0
u,0.4254947900772095, 0.10976123809814453, 0
u,0.4254947900772095, 0.14285719394683838, 0
u,0.4184088408946991, 0.1428571343421936, 0
u,0.6957746744155884, 0.5714285671710968, 0
u,0.6957746744155884, 0.7142857015132904, 0
u,0.6713332533836365, 0.7142857015132904, 0
u,0.8888376355171204, 0.10976123809814453, 0
u,0.8888376355171204, 0.1428571343421936, 0
u,0.8817517161369324, 0.1428571343421936, 0
u,0.9880414605140686, 0.2857142686843872, 0
u,0.9880414605140686, 0.4285714030265808, 0
u,0.9809555411338806, 0.4285714030265808, 0
u,0.6713332533836365, 0.4285714030265808, 0
u,0.6957746744155884, 0.4285714030265808, 0
u,0.6957746744155884, 0.5714285671710968, 0
u,0.9880415201187134, 0.1428571343421936, 0
u,0.9880414605140686, 0.2857142686843872, 0
u,0.9809555411338806, 0.2857142686843872, 0
u,0.8959236145019531, 0.10976117849349976, 0
u,0.8959236145019531, 0.14285707473754883, 0
u,0.8888376951217651, 0.14285707473754883, 0
u,0.12923027575016022, 0.2857142686843872, 0
u,0.12923027575016022, 0.4285714030265808, 0
u,0.09837058186531067, 0.4285714030265808, 0
u,0.9030096530914307, 0.10976123809814453, 0
u,0.9030096530914307, 0.1428571343421936, 0
u,0.8959237337112427, 0.1428571343421936, 0
u,0.9951273798942566, 0.8571428507566452, 0
u,0.9951273798942566, 1.000000001653516, 0
u,0.9880414605140686, 1.0000000013437798, 0
u,0.12923027575016022, 0.2857142686843872, 0
u,0.16008998453617096, 0.2857142686843872, 0
u,0.16008998453617096, 0.4285714030265808, 0
u,0.9951273798942566, 0.7142857015132904, 0
u,0.9951273798942566, 0.8571428507566452, 0
u,0.9880414605140686, 0.8571428507566452, 0
u,0.9100955724716187, 0.10976117849349976, 0
u,0.9100955724716187, 0.14285707473754883, 0
u,0.9030095934867859, 0.14285707473754883, 0
u,0.1292303055524826, 0.857142835855484, 0
u,0.1292303055524826, 1.0, 0
u,0.09837058931589127, 1.0, 0
u,0.3451310396194458, 0.10976111888885498, 0
u,0.3451310396194458, 0.14285701513290405, 0
u,0.3380451202392578, 0.14285701513290405, 0
u,0.9951274991035461, 0.5714285373687744, 0
u,0.9951274394989014, 0.7142857015132904, 0
u,0.9880415201187134, 0.7142857015132904, 0
u,0.1292303204536438, 0.857142835855484, 0
u,0.16009002923965454, 0.857142835855484, 0
u,0.16009002923965454, 1.0, 0
u,0.9951274991035461, 0.4285714030265808, 0
u,0.9951274991035461, 0.5714285671710968, 0
u,0.9880415201187134, 0.5714285671710968, 0
u,0.3522169888019562, 0.10976117849349976, 0
u,0.3522169888019562, 0.14285707473754883, 0
u,0.3451310396194458, 0.14285707473754883, 0
u,0.2003537118434906, 0.28571420907974243, 0
u,0.2003537118434906, 0.4285714030265808, 0
u,0.17509698867797852, 0.4285714030265808, 0
u,0.7541200518608093, 0.07666528224945068, 0
u,0.7541200518608093, 0.10976123809814453, 0
u,0.7470340728759766, 0.10976123809814453, 0
u,0.917181670665741, 0.5714285671710968, 0
u,0.917181670665741, 0.7142857015132904, 0
u,0.9100956916809082, 0.7142857015132904, 0
u,0.2003537267446518, 0.28571420907974243, 0
u,0.22561044991016388, 0.28571420907974243, 0
u,0.22561043500900269, 0.4285714030265808, 0
u,0.917181670665741, 0.4285714030265808, 0
u,0.917181670665741, 0.5714285671710968, 0
u,0.9100956916809082, 0.5714285671710968, 0
u,0.4727626144886017, 0.1097612977027893, 0
u,0.4727626144886017, 0.14285719394683838, 0
u,0.4656766653060913, 0.14285719394683838, 0
u,0.25086715817451477, 0.28571420907974243, 0
u,0.25086715817451477, 0.4285714030265808, 0
u,0.22561043500900269, 0.4285714030265808, 0
u,0.9171816110610962, 0.1097612977027893, 0
u,0.9171816110610962, 0.14285719394683838, 0
u,0.9100956916809082, 0.14285719394683838, 0
u,0.8746657371520996, 0.5714285671710968, 0
u,0.8746657371520996, 0.7142857015132904, 0
u,0.8675797581672668, 0.7142857015132904, 0
u,0.25086718797683716, 0.28571420907974243, 0
u,0.27612391114234924, 0.28571420907974243, 0
u,0.27612391114234924, 0.4285714030265808, 0
u,0.8746657371520996, 0.4285714030265808, 0
u,0.8746657371520996, 0.5714285671710968, 0
u,0.8675798177719116, 0.5714285671710968, 0
u,0.3451310694217682, 0.07666528224945068, 0
u,0.3451310396194458, 0.10976117849349976, 0
u,0.3380451202392578, 0.10976117849349976, 0
u,0.25086718797683716, 0.5714285671710968, 0
u,0.25086718797683716, 0.7142857015132904, 0
u,0.22561047971248627, 0.7142857015132904, 0
u,0.3711410164833069, 0.07666528224945068, 0
u,0.3711410164833069, 0.10976117849349976, 0
u,0.3640550673007965, 0.10976117849349976, 0
u,0.8746657371520996, 0.28571420907974243, 0
u,0.8746657371520996, 0.42857134342193604, 0
u,0.8675798177719116, 0.42857134342193604, 0
u,0.25086721777915955, 0.5714285671710968, 0
u,0.27612391114234924, 0.5714285671710968, 0
u,0.27612391114234924, 0.7142857015132904, 0
u,0.8746657371520996, 0.1428571343421936, 0
u,0.8746657371520996, 0.2857142686843872, 0
u,0.8675798177719116, 0.2857142686843872, 0
u,0.35930293798446655, 0.07666522264480591, 0
u,0.35930293798446655, 0.10976111888885498, 0
u,0.35221701860427856, 0.10976111888885498, 0
u,0.3090377449989319, 0.857142835855484, 0
u,0.3090377449989319, 1.0, 0
u,0.28490233421325684, 1.0, 0
u,0.8486558198928833, 0.07666540145874023, 0
u,0.8486558198928833, 0.1097612977027893, 0
u,0.8415698409080505, 0.1097612977027893, 0
u,0.917181670665741, 0.28571420907974243, 0
u,0.917181670665741, 0.42857134342193604, 0
u,0.9100956916809082, 0.42857134342193604, 0
u,0.3090377449989319, 0.857142835855484, 0
u,0.33317309617996216, 0.857142835855484, 0
u,0.33317309617996216, 1.0, 0
u,0.917181670665741, 0.1428571343421936, 0
u,0.917181670665741, 0.2857142686843872, 0
u,0.9100956916809082, 0.2857142686843872, 0
u,0.37822696566581726, 0.10976111888885498, 0
u,0.37822696566581726, 0.14285701513290405, 0
u,0.3711410164833069, 0.14285701513290405, 0
u,0.3090377449989319, 0.5714285671710968, 0
u,0.3090377449989319, 0.7142857015132904, 0
u,0.28490233421325684, 0.7142857015132904, 0
u,0.6028124094009399, 0.1097612977027893, 0
u,0.6028124094009399, 0.14285719394683838, 0
u,0.595726490020752, 0.14285719394683838, 0
u,0.924267590045929, 0.8571428507566452, 0
u,0.924267590045929, 0.9999999985561348, 0
u,0.9171816110610962, 0.9999999982463984, 0
u,0.3090377449989319, 0.5714285671710968, 0
u,0.33317309617996216, 0.5714285671710968, 0
u,0.33317309617996216, 0.7142857015132904, 0
u,0.924267590045929, 0.7142857015132904, 0
u,0.924267590045929, 0.857142835855484, 0
u,0.9171816110610962, 0.857142835855484, 0
u,0.595726490020752, 0.10976123809814453, 0
u,0.595726490020752, 0.1428571343421936, 0
u,0.5886405110359192, 0.1428571343421936, 0
u,0.6957746148109436, 0.14285707473754883, 0
u,0.6957746148109436, 0.2857142686843872, 0
u,0.6713331937789917, 0.2857142686843872, 0
u,0.8888377547264099, 0.07666540145874023, 0
u,0.8888377547264099, 0.1097612977027893, 0
u,0.8817517757415771, 0.1097612977027893, 0
u,0.9242676496505737, 0.5714285373687744, 0
u,0.9242676496505737, 0.7142857015132904, 0
u,0.9171817302703857, 0.7142857015132904, 0
u,0.6468917727470398, 0.14285707473754883, 0
u,0.6713331937789917, 0.14285707473754883, 0
u,0.6713331937789917, 0.2857142686843872, 0
u,0.9242676496505737, 0.4285714030265808, 0
u,0.9242676496505737, 0.5714285671710968, 0
u,0.9171817302703857, 0.5714285671710968, 0
u,0.8959237337112427, 0.07666534185409546, 0
u,0.8959237337112427, 0.10976123809814453, 0
u,0.8888377547264099, 0.10976123809814453, 0
u,0.3814438581466675, 0.5714285373687744, 0
u,0.3814438581466675, 0.7142857015132904, 0
u,0.3573085069656372, 0.7142857015132904, 0
u,0.5886405110359192, 0.10976123809814453, 0
u,0.5886405110359192, 0.1428571343421936, 0
u,0.5815545916557312, 0.1428571343421936, 0
u,0.9242676496505737, 0.28571420907974243, 0
u,0.9242676496505737, 0.42857134342193604, 0
u,0.917181670665741, 0.42857134342193604, 0
u,0.33317309617996216, 0.5714285373687744, 0
u,0.3573085069656372, 0.5714285373687744, 0
u,0.3573085069656372, 0.7142857015132904, 0
u,0.9242676496505737, 0.1428571343421936, 0
u,0.9242676496505737, 0.2857142686843872, 0
u,0.917181670665741, 0.2857142686843872, 0
u,0.581554651260376, 0.1097612977027893, 0
u,0.581554651260376, 0.14285719394683838, 0
u,0.5744686722755432, 0.14285719394683838, 0
u,0.16009002923965454, 0.7142857015132904, 0
u,0.16009001433849335, 0.857142835855484, 0
u,0.1292303204536438, 0.857142835855484, 0
u,0.8557418584823608, 0.07666534185409546, 0
u,0.8557418584823608, 0.10976123809814453, 0
u,0.8486558794975281, 0.10976123809814453, 0
u,0.9313536286354065, 0.8571428507566452, 0
u,0.9313536286354065, 0.9999999988658769, 0
u,0.9242677092552185, 0.9999999985561405, 0
u,0.09837061166763306, 0.7142857015132904, 0
u,0.1292303055524826, 0.7142857015132904, 0
u,0.1292303055524826, 0.857142835855484, 0
u,0.9313536882400513, 0.7142857015132904, 0
u,0.9313536286354065, 0.857142835855484, 0
u,0.9242677092552185, 0.857142835855484, 0
u,0.38531288504600525, 0.10976117849349976, 0
u,0.38531288504600525, 0.1428571343421936, 0
u,0.3782269358634949, 0.1428571343421936, 0
u,0.44906729459762573, 0.5714285373687744, 0
u,0.44906729459762573, 0.7142857015132904, 0
u,0.423889696598053, 0.7142857015132904, 0
u,0.3522169888019562, 0.07666522264480591, 0
u,0.3522169888019562, 0.10976111888885498, 0
u,0.3451310396194458, 0.10976111888885498, 0
u,0.8817517161369324, 0.8571428507566452, 0
u,0.8817517161369324, 0.9999999966977062, 0
u,0.8746657371520996, 0.99999999638797, 0
u,0.39871206879615784, 0.5714285373687744, 0
u,0.423889696598053, 0.5714285373687744, 0
u,0.423889696598053, 0.7142857015132904, 0
u,0.8817517161369324, 0.7142857015132904, 0
u,0.8817517161369324, 0.857142835855484, 0
u,0.8746657371520996, 0.857142835855484, 0
u,0.41132286190986633, 0.07666528224945068, 0
u,0.41132286190986633, 0.10976117849349976, 0
u,0.40423691272735596, 0.10976117849349976, 0
u,0.3090377449989319, 0.28571420907974243, 0
u,0.3090377449989319, 0.4285714030265808, 0
u,0.28490233421325684, 0.4285714030265808, 0
u,0.3923988342285156, 0.07666522264480591, 0
u,0.3923988342285156, 0.10976117849349976, 0
u,0.38531291484832764, 0.10976117849349976, 0
u,0.8817516565322876, 0.5714285373687744, 0
u,0.8817516565322876, 0.7142857015132904, 0
u,0.8746657371520996, 0.7142857015132904, 0
u,0.3090377449989319, 0.28571420907974243, 0
u,0.33317309617996216, 0.28571420907974243, 0
u,0.33317309617996216, 0.4285714030265808, 0
u,0.8817516565322876, 0.4285714030265808, 0
u,0.8817516565322876, 0.5714285671710968, 0
u,0.8746657371520996, 0.5714285671710968, 0
u,0.37822696566581726, 0.07666522264480591, 0
u,0.37822696566581726, 0.10976111888885498, 0
u,0.3711410164833069, 0.10976111888885498, 0
u,0.3573085069656372, 0.28571420907974243, 0
u,0.3573085069656372, 0.4285714030265808, 0
u,0.33317309617996216, 0.4285714030265808, 0
u,0.7966357469558716, 0.07666522264480591, 0
u,0.7966357469558716, 0.10976111888885498, 0
u,0.7895497679710388, 0.10976111888885498, 0
u,0.9313536882400513, 0.5714285373687744, 0
u,0.9313536882400513, 0.7142857015132904, 0
u,0.9242677092552185, 0.7142857015132904, 0
u,0.3573085069656372, 0.28571420907974243, 0
u,0.3814438581466675, 0.28571420907974243, 0
u,0.3814438581466675, 0.4285714030265808, 0
u,0.9313536882400513, 0.4285714030265808, 0
u,0.9313536882400513, 0.5714285671710968, 0
u,0.9242677092552185, 0.5714285671710968, 0
u,0.5035247206687927, 0.1097612977027893, 0
u,0.5035247206687927, 0.14285719394683838, 0
u,0.49643880128860474, 0.14285719394683838, 0
u,0.4238896667957306, 0.2857142686843872, 0
u,0.4238896369934082, 0.4285714030265808, 0
u,0.39871203899383545, 0.4285714030265808, 0
u,0.40423691272735596, 0.07666522264480591, 0
u,0.40423691272735596, 0.10976117849349976, 0
u,0.3971509635448456, 0.10976117849349976, 0
u,0.9951274394989014, 0.28571420907974243, 0
u,0.9951274394989014, 0.42857134342193604, 0
u,0.9880415201187134, 0.42857134342193604, 0
u,0.4238896667957306, 0.28571420907974243, 0
u,0.44906726479530334, 0.28571420907974243, 0
u,0.44906726479530334, 0.42857134342193604, 0
u,0.9951274394989014, 0.1428571343421936, 0
u,0.9951274394989014, 0.2857142686843872, 0
u,0.9880415201187134, 0.2857142686843872, 0
u,0.38531291484832764, 0.07666522264480591, 0
u,0.38531291484832764, 0.10976111888885498, 0
u,0.37822699546813965, 0.10976111888885498, 0
u,0.4742448925971985, 0.857142835855484, 0
u,0.4742448925971985, 1.0, 0
u,0.44906726479530334, 1.0, 0
u,0.5744686722755432, 0.10976123809814453, 0
u,0.5744686722755432, 0.1428571343421936, 0
u,0.5673827528953552, 0.1428571343421936, 0
u,0.9313536882400513, 0.2857142686843872, 0
u,0.9313536882400513, 0.4285714030265808, 0
u,0.9242677092552185, 0.4285714030265808, 0
u,0.44906729459762573, 0.7142857015132904, 0
u,0.4742448925971985, 0.7142857015132904, 0
u,0.4742448925971985, 0.857142835855484, 0
u,0.9313536882400513, 0.14285707473754883, 0
u,0.9313536882400513, 0.2857142686843872, 0
u,0.9242677092552185, 0.2857142686843872, 0
u,0.6098983287811279, 0.1097612977027893, 0
u,0.6098983287811279, 0.14285719394683838, 0
u,0.6028124094009399, 0.14285719394683838, 0
u,0.4742448925971985, 0.5714285373687744, 0
u,0.4742448925971985, 0.7142857015132904, 0
u,0.44906729459762573, 0.7142857015132904, 0
u,0.6169843077659607, 0.10976123809814453, 0
u,0.6169843077659607, 0.1428571343421936, 0
u,0.6098983287811279, 0.1428571343421936, 0
u,0.9384396076202393, 0.8571428507566452, 0
u,0.9384396076202393, 0.9999999991756132, 0
u,0.9313536286354065, 0.9999999988658769, 0
u,0.4742448925971985, 0.857142835855484, 0
u,0.49942249059677124, 0.857142835855484, 0
u,0.49942249059677124, 1.0, 0
u,0.9384396076202393, 0.7142857015132904, 0
u,0.9384396076202393, 0.857142835855484, 0
u,0.9313536286354065, 0.857142835855484, 0
u,0.6240702271461487, 0.1097612977027893, 0
u,0.6240702271461487, 0.14285719394683838, 0
u,0.6169843077659607, 0.14285719394683838, 0
u,0.22561046481132507, 0.7142857015132904, 0
u,0.22561046481132507, 0.857142835855484, 0
u,0.200353741645813, 0.857142835855484, 0
u,0.8628277778625488, 0.07666534185409546, 0
u,0.8628277778625488, 0.10976123809814453, 0
u,0.8557417988777161, 0.10976123809814453, 0
u,0.9384395480155945, 0.5714285373687744, 0
u,0.9384395480155945, 0.7142857015132904, 0
u,0.9313536286354065, 0.7142857015132904, 0
u,0.1750970184803009, 0.7142857015132904, 0
u,0.200353741645813, 0.7142857015132904, 0
u,0.200353741645813, 0.857142835855484, 0
u,0.9384396076202393, 0.4285714030265808, 0
u,0.9384395480155945, 0.5714285373687744, 0
u,0.9313536286354065, 0.5714285373687744, 0
u,0.40423691272735596, 0.10976117849349976, 0
u,0.40423691272735596, 0.14285707473754883, 0
u,0.3971509635448456, 0.14285707473754883, 0
u,0.49942249059677124, 0.7142857015132904, 0
u,0.49942249059677124, 0.857142835855484, 0
u,0.4742448925971985, 0.857142835855484, 0
u,0.4254947602748871, 0.07666522264480591, 0
u,0.4254947602748871, 0.10976111888885498, 0
u,0.4184088110923767, 0.10976111888885498, 0
u,0.8817517161369324, 0.2857142686843872, 0
u,0.8817517161369324, 0.4285714030265808, 0
u,0.8746657967567444, 0.4285714030265808, 0
u,0.4742448925971985, 0.5714285373687744, 0
u,0.49942252039909363, 0.5714285373687744, 0
u,0.49942249059677124, 0.7142857015132904, 0
u,0.8817517161369324, 0.14285707473754883, 0
u,0.8817517161369324, 0.2857142686843872, 0
u,0.8746657967567444, 0.28571420907974243, 0
u,0.4184087812900543, 0.07666528224945068, 0
u,0.41840875148773193, 0.10976117849349976, 0
u,0.41132283210754395, 0.10976117849349976, 0
u,0.4742448329925537, 0.2857142686843872, 0
u,0.4742448329925537, 0.4285714030265808, 0
u,0.44906723499298096, 0.4285714030265808, 0
u,0.45859062671661377, 0.07666522264480591, 0
u,0.45859062671661377, 0.10976111888885498, 0
u,0.4515046775341034, 0.10976111888885498, 0
u,0.8888376355171204, 0.8571428507566452, 0
u,0.8888376355171204, 1.0000000029852845, 0
u,0.8817517161369324, 1.0000000026755482, 0
u,0.4742448627948761, 0.28571420907974243, 0
u,0.49942249059677124, 0.28571420907974243, 0
u,0.49942246079444885, 0.42857134342193604, 0
u,0.8888376951217651, 0.7142857015132904, 0
u,0.8888376355171204, 0.857142835855484, 0
u,0.8817517161369324, 0.857142835855484, 0
u,0.4325806498527527, 0.07666528224945068, 0
u,0.4325806498527527, 0.10976117849349976, 0
u,0.4254947304725647, 0.10976117849349976, 0
u,0.5350428819656372, 0.28571420907974243, 0
u,0.5350428819656372, 0.42857134342193604, 0
u,0.5103746056556702, 0.42857134342193604, 0
u,0.7753778696060181, 0.07666522264480591, 0
u,0.7753778696060181, 0.10976111888885498, 0
u,0.7682918906211853, 0.10976111888885498, 0
u,0.938439667224884, 0.2857142686843872, 0
u,0.938439667224884, 0.4285714030265808, 0
u,0.931353747844696, 0.4285714030265808, 0
u,0.5350428819656372, 0.28571420907974243, 0
u,0.5597110986709595, 0.28571420907974243, 0
u,0.5597110986709595, 0.4285714030265808, 0
u,0.938439667224884, 0.1428571343421936, 0
u,0.938439667224884, 0.2857142686843872, 0
u,0.931353747844696, 0.2857142686843872, 0
u,0.49643874168395996, 0.1097612977027893, 0
u,0.49643874168395996, 0.14285719394683838, 0
u,0.4893527925014496, 0.14285719394683838, 0
u,0.8363202214241028, 0.857142835855484, 0
u,0.836320161819458, 1.0, 0
u,0.8102123141288757, 1.0, 0
u,0.9242676496505737, 0.07666534185409546, 0
u,0.9242676496505737, 0.10976123809814453, 0
u,0.9171817302703857, 0.10976123809814453, 0
u,0.007085949182510376, 0.0, 0
u,0.007085943128913641, 0.14285707473754883, 0
u,1.59986290881875e-09, 0.14285707473754883, 0
u,0.8102123141288757, 0.7142857015132904, 0
u,0.8363202214241028, 0.7142857015132904, 0
u,0.8363202214241028, 0.857142835855484, 0
u,0.01417188998311758, -1.1920928955078125e-07, 0
u,0.014171884395182133, 0.14285707473754883, 0
u,0.007085943128913641, 0.14285707473754883, 0
u,0.9313536286354065, 0.1097612977027893, 0
u,0.9313536286354065, 0.14285719394683838, 0
u,0.9242677092552185, 0.14285719394683838, 0
u,0.5843793153762817, 0.28571420907974243, 0
u,0.5843793153762817, 0.4285714030265808, 0
u,0.5597110986709595, 0.4285714030265808, 0
u,0.43966659903526306, 0.07666522264480591, 0
u,0.43966659903526306, 0.10976111888885498, 0
u,0.4325806498527527, 0.10976111888885498, 0
u,0.021257832646369934, 0.0, 0
u,0.021257825195789337, 0.14285707473754883, 0
u,0.014171884395182133, 0.14285707473754883, 0
u,0.5843793153762817, 0.28571420907974243, 0
u,0.6090475916862488, 0.28571420907974243, 0
u,0.6090475916862488, 0.4285714030265808, 0
u,0.028343772515654564, -1.1920928955078125e-07, 0
u,0.028343766927719116, 0.14285707473754883, 0
u,0.021257825195789337, 0.14285707473754883, 0
u,0.44675251841545105, 0.07666522264480591, 0
u,0.44675251841545105, 0.10976117849349976, 0
u,0.43966659903526306, 0.10976117849349976, 0
u,0.6468917727470398, 0.28571420907974243, 0
u,0.646891713142395, 0.4285714030265808, 0
u,0.6224502921104431, 0.4285714030265808, 0
u,0.49402037262916565, 0.07666522264480591, 0
u,0.49402037262916565, 0.10976111888885498, 0
u,0.48693445324897766, 0.10976111888885498, 0
u,0.03542971611022949, 0.0, 0
u,0.035429708659648895, 0.14285707473754883, 0
u,0.028343766927719116, 0.14285707473754883, 0
u,0.6468918323516846, 0.28571420907974243, 0
u,0.6713332533836365, 0.28571420907974243, 0
u,0.6713332533836365, 0.4285714030265808, 0
u,0.04251565411686897, -1.1920928955078125e-07, 0
u,0.042515650391578674, 0.14285707473754883, 0
u,0.035429708659648895, 0.14285707473754883, 0
u,0.4656766653060913, 0.07666522264480591, 0
u,0.4656766653060913, 0.10976117849349976, 0
u,0.45859071612358093, 0.10976117849349976, 0
u,0.6957746744155884, 0.28571420907974243, 0
u,0.6957746744155884, 0.4285714030265808, 0
u,0.6713332533836365, 0.4285714030265808, 0
u,0.4727625250816345, 0.07666522264480591, 0
u,0.4727625250816345, 0.10976111888885498, 0
u,0.46567657589912415, 0.10976111888885498, 0
u,0.07327777147293091, 0.0, 0
u,0.07327776402235031, 0.14285707473754883, 0
u,0.06619182229042053, 0.14285707473754883, 0
u,0.6957746148109436, 0.8571428656578064, 0
u,0.7202160358428955, 0.8571428656578064, 0
u,0.7202160358428955, 1.0, 0
u,0.04960159584879875, -1.1920928955078125e-07, 0
u,0.04960159212350845, 0.14285707473754883, 0
u,0.042515650391578674, 0.14285707473754883, 0
u,0.4798485040664673, 0.07666522264480591, 0
u,0.4798485040664673, 0.10976117849349976, 0
u,0.4727625846862793, 0.10976117849349976, 0
u,0.7202160954475403, 0.7142857015132904, 0
u,0.7202160954475403, 0.8571428656578064, 0
u,0.6957746744155884, 0.8571428656578064, 0
u,0.8273978233337402, 0.07666522264480591, 0
u,0.8273978233337402, 0.10976111888885498, 0
u,0.8203118443489075, 0.10976111888885498, 0
u,0.06619181483983994, 0.0, 0
u,0.06619180738925934, 0.14285707473754883, 0
u,0.05910586938261986, 0.14285707473754883, 0
u,0.6957746744155884, 0.5714285671710968, 0
u,0.7202160954475403, 0.5714285671710968, 0
u,0.7202160954475403, 0.7142857015132904, 0
u,0.056687526404857635, -1.1920928955078125e-07, 0
u,0.05668751895427704, 0.14285707473754883, 0
u,0.04960157722234726, 0.14285707473754883, 0
u,0.4373329281806946, 0.10976123809814453, 0
u,0.4373329281806946, 0.14285719394683838, 0
u,0.4302469789981842, 0.14285719394683838, 0
u,0.7202160358428955, 0.4285714030265808, 0
u,0.7202160358428955, 0.5714285671710968, 0
u,0.6957746148109436, 0.5714285671710968, 0
u,0.48693445324897766, 0.07666522264480591, 0
u,0.48693445324897766, 0.10976111888885498, 0
u,0.4798485040664673, 0.10976111888885498, 0
u,0.0803636983036995, 0.0, 0
u,0.0803636908531189, 0.14285707473754883, 0
u,0.07327774912118912, 0.14285707473754883, 0
u,0.6957746148109436, 0.28571420907974243, 0
u,0.7202160358428955, 0.28571420907974243, 0
u,0.7202160358428955, 0.4285714030265808, 0
u,0.10637366771697998, -1.1920928955078125e-07, 0
u,0.10637366026639938, 0.14285707473754883, 0
u,0.0992877185344696, 0.14285707473754883, 0
u,0.501106321811676, 0.07666528224945068, 0
u,0.501106321811676, 0.10976117849349976, 0
u,0.49402037262916565, 0.10976117849349976, 0
u,0.7579964995384216, 0.857142835855484, 0
u,0.7579964995384216, 1.0, 0
u,0.7318886518478394, 1.0, 0
u,0.5437065362930298, 0.07666522264480591, 0
u,0.5437065362930298, 0.10976111888885498, 0
u,0.536620557308197, 0.10976111888885498, 0
u,0.0992877259850502, 0.0, 0
u,0.0992877185344696, 0.14285707473754883, 0
u,0.09220177680253983, 0.14285707473754883, 0
u,0.7318886518478394, 0.7142857015132904, 0
u,0.7579964995384216, 0.7142857015132904, 0
u,0.7579964995384216, 0.8571428656578064, 0
u,0.08744964003562927, -1.1920928955078125e-07, 0
u,0.08744963258504868, 0.14285707473754883, 0
u,0.0803636908531189, 0.14285707473754883, 0
u,0.5081923007965088, 0.07666528224945068, 0
u,0.5081923007965088, 0.10976117849349976, 0
u,0.5011063814163208, 0.10976117849349976, 0
u,0.5350428819656372, 0.857142835855484, 0
u,0.5350428819656372, 1.0, 0
u,0.5103746652603149, 1.0, 0
u,0.6359083652496338, 0.10976123809814453, 0
u,0.6359083652496338, 0.1428571343421936, 0
u,0.628822386264801, 0.1428571343421936, 0
u,0.9455256462097168, 0.8571428507566452, 0
u,0.945525586605072, 0.9999999994853532, 0
u,0.938439667224884, 0.9999999991756169, 0
u,0.5103746652603149, 0.7142857015132904, 0
u,0.5350428819656372, 0.7142857015132904, 0
u,0.5350428819656372, 0.857142835855484, 0
u,0.9455256462097168, 0.7142857015132904, 0
u,0.9455256462097168, 0.857142835855484, 0
u,0.938439667224884, 0.857142835855484, 0
u,0.642994225025177, 0.1097612977027893, 0
u,0.642994225025177, 0.14285719394683838, 0
u,0.635908305644989, 0.14285719394683838, 0
u,0.5350428819656372, 0.5714285373687744, 0
u,0.5350428819656372, 0.7142857015132904, 0
u,0.5103746652603149, 0.7142857015132904, 0
u,0.6500802040100098, 0.10976123809814453, 0
u,0.6500802040100098, 0.1428571343421936, 0
u,0.6429942846298218, 0.1428571343421936, 0
u,0.945525586605072, 0.5714285373687744, 0
u,0.945525586605072, 0.7142857015132904, 0
u,0.938439667224884, 0.7142857015132904, 0
u,0.5350428819656372, 0.857142835855484, 0
u,0.5597110986709595, 0.857142835855484, 0
u,0.5597110986709595, 1.0, 0
u,0.945525586605072, 0.4285714030265808, 0
u,0.945525586605072, 0.5714285373687744, 0
u,0.938439667224884, 0.5714285373687744, 0
u,0.6690042614936829, 0.1097612977027893, 0
u,0.6690042018890381, 0.14285719394683838, 0
u,0.6619182825088501, 0.14285719394683838, 0
u,0.27612394094467163, 0.7142857015132904, 0
u,0.27612394094467163, 0.8571428656578064, 0
u,0.25086721777915955, 0.857142835855484, 0
u,0.8699137568473816, 0.07666534185409546, 0
u,0.8699137568473816, 0.10976123809814453, 0
u,0.8628277778625488, 0.10976123809814453, 0
u,0.945525586605072, 0.2857142686843872, 0
u,0.945525586605072, 0.4285714030265808, 0
u,0.9384396076202393, 0.4285714030265808, 0
u,0.22561047971248627, 0.7142857015132904, 0
u,0.25086718797683716, 0.7142857015132904, 0
u,0.25086718797683716, 0.857142835855484, 0
u,0.945525586605072, 0.14285707473754883, 0
u,0.945525586605072, 0.2857142686843872, 0
u,0.9384396076202393, 0.2857142686843872, 0
u,0.41132286190986633, 0.10976117849349976, 0
u,0.41132286190986633, 0.14285707473754883, 0
u,0.40423691272735596, 0.14285707473754883, 0
u,0.5597110986709595, 0.7142857015132904, 0
u,0.5597110986709595, 0.857142835855484, 0
u,0.5350428819656372, 0.857142835855484, 0
u,0.5176966190338135, 0.07666522264480591, 0
u,0.5176966190338135, 0.10976117849349976, 0
u,0.5106106400489807, 0.10976117849349976, 0
u,0.8888376951217651, 0.5714285373687744, 0
u,0.8888376951217651, 0.7142857015132904, 0
u,0.8817517757415771, 0.7142857015132904, 0
u,0.5350428819656372, 0.5714285373687744, 0
u,0.5597110986709595, 0.5714285373687744, 0
u,0.5597110986709595, 0.7142857015132904, 0
u,0.8888376951217651, 0.4285714030265808, 0
u,0.8888376951217651, 0.5714285373687744, 0
u,0.8817517757415771, 0.5714285373687744, 0
u,0.5366206169128418, 0.07666528224945068, 0
u,0.5366206169128418, 0.10976117849349976, 0
u,0.5295346975326538, 0.10976117849349976, 0
u,0.7579966187477112, 0.5714285373687744, 0
u,0.7579966187477112, 0.714285671710968, 0
u,0.7318887114524841, 0.714285671710968, 0
u,0.5247824788093567, 0.07666522264480591, 0
u,0.5247824192047119, 0.10976111888885498, 0
u,0.5176964998245239, 0.10976111888885498, 0
u,0.8888376951217651, 0.2857142686843872, 0
u,0.8888376951217651, 0.4285714030265808, 0
u,0.8817517161369324, 0.4285714030265808, 0
u,0.7318887114524841, 0.4285714030265808, 0
u,0.7579966187477112, 0.4285714030265808, 0
u,0.7579966187477112, 0.5714285969734192, 0
u,0.8888376951217651, 0.1428571343421936, 0
u,0.8888376951217651, 0.2857142686843872, 0
u,0.8817517161369324, 0.2857142686843872, 0
u,0.5507925152778625, 0.07666528224945068, 0
u,0.5507925152778625, 0.10976117849349976, 0
u,0.5437065958976746, 0.10976117849349976, 0
u,0.7579966187477112, 0.28571420907974243, 0
u,0.7579966187477112, 0.4285714030265808, 0
u,0.7318887114524841, 0.4285714030265808, 0
u,0.7824638485908508, 0.07666522264480591, 0
u,0.7824638485908508, 0.10976111888885498, 0
u,0.7753779292106628, 0.10976111888885498, 0
u,0.9526116251945496, 0.8571428507566452, 0
u,0.9526116251945496, 0.9999999997950922, 0
u,0.9455256462097168, 0.9999999994853559, 0
u,0.7579965591430664, 0.857142835855484, 0
u,0.7841045260429382, 0.857142835855484, 0
u,0.7841045260429382, 1.0, 0
u,0.9526116251945496, 0.7142857015132904, 0
u,0.9526116251945496, 0.8571428507566452, 0
u,0.9455257058143616, 0.857142835855484, 0
u,0.47984856367111206, 0.1097612977027893, 0
u,0.47984856367111206, 0.14285719394683838, 0
u,0.4727626144886017, 0.14285719394683838, 0
u,0.8363202214241028, 0.5714285373687744, 0
u,0.8363202214241028, 0.7142857015132904, 0
u,0.8102123141288757, 0.7142857015132904, 0
u,0.9313535690307617, 0.07666534185409546, 0
u,0.9313535690307617, 0.10976123809814453, 0
u,0.924267590045929, 0.10976123809814453, 0
u,0.11345963180065155, 0.0, 0
u,0.11345962435007095, 0.14285707473754883, 0
u,0.10637368261814117, 0.14285707473754883, 0
u,0.8102123141288757, 0.4285714626312256, 0
u,0.8363202214241028, 0.4285714626312256, 0
u,0.8363202214241028, 0.5714285969734192, 0
u,0.12054557353258133, -1.1920928955078125e-07, 0
u,0.12054556608200073, 0.14285707473754883, 0
u,0.11345962435007095, 0.14285707473754883, 0
u,0.938439667224884, 0.1097612977027893, 0
u,0.938439667224884, 0.14285719394683838, 0
u,0.9313536882400513, 0.14285719394683838, 0
u,0.7841044068336487, 0.714285671710968, 0
u,0.7841044068336487, 0.857142835855484, 0
u,0.7579964995384216, 0.857142835855484, 0
u,0.5720502138137817, 0.07666522264480591, 0
u,0.5720502138137817, 0.10976111888885498, 0
u,0.5649642944335938, 0.10976111888885498, 0
u,0.12763150036334991, 0.0, 0
u,0.12763150036334991, 0.14285707473754883, 0
u,0.12054555118083954, 0.14285707473754883, 0
u,0.7579964995384216, 0.5714285373687744, 0
u,0.7841044068336487, 0.5714285373687744, 0
u,0.7841044068336487, 0.714285671710968, 0
u,0.13946959376335144, -1.1920928955078125e-07, 0
u,0.13946957886219025, 0.14285707473754883, 0
u,0.13238364458084106, 0.14285707473754883, 0
u,0.5649644136428833, 0.07666528224945068, 0
u,0.5649643540382385, 0.10976117849349976, 0
u,0.5578784346580505, 0.10976117849349976, 0
u,0.7841045260429382, 0.4285714626312256, 0
u,0.7841045260429382, 0.5714285969734192, 0
u,0.7579966187477112, 0.5714285969734192, 0
u,0.5578783750534058, 0.07666522264480591, 0
u,0.5578783750534058, 0.10976111888885498, 0
u,0.550792396068573, 0.10976111888885498, 0
u,0.14655551314353943, 0.0, 0
u,0.14655551314353943, 0.14285707473754883, 0
u,0.13946956396102905, 0.14285707473754883, 0
u,0.7579966187477112, 0.28571420907974243, 0
u,0.7841045260429382, 0.28571420907974243, 0
u,0.7841045260429382, 0.4285714030265808, 0
u,0.1536414623260498, -1.1920928955078125e-07, 0
u,0.1536414474248886, 0.14285707473754883, 0
u,0.14655551314353943, 0.14285707473754883, 0
u,0.5815545916557312, 0.07666528224945068, 0
u,0.5815545916557312, 0.10976117849349976, 0
u,0.5744686126708984, 0.10976117849349976, 0
u,0.8102123141288757, 0.857142835855484, 0
u,0.8102123141288757, 1.0, 0
u,0.7841044068336487, 1.0, 0
u,0.5886405110359192, 0.07666522264480591, 0
u,0.5886405110359192, 0.10976111888885498, 0
u,0.5815545916557312, 0.10976111888885498, 0
u,0.16072741150856018, 0.0, 0
u,0.16072741150856018, 0.1428571343421936, 0
u,0.1536414623260498, 0.1428571343421936, 0
u,0.7841044068336487, 0.714285671710968, 0
u,0.8102123141288757, 0.7142857015132904, 0
u,0.8102123141288757, 0.857142835855484, 0
u,0.20566146075725555, -1.1920928955078125e-07, 0
u,0.20566144585609436, 0.14285707473754883, 0
u,0.19857551157474518, 0.14285707473754883, 0
u,0.6028124094009399, 0.07666528224945068, 0
u,0.6028124094009399, 0.10976117849349976, 0
u,0.595726490020752, 0.10976117849349976, 0
u,0.8102123141288757, 0.5714285671710968, 0
u,0.8102123141288757, 0.7142857015132904, 0
u,0.7841044068336487, 0.7142857015132904, 0
u,0.8203118443489075, 0.07666522264480591, 0
u,0.8203117847442627, 0.10976111888885498, 0
u,0.8132258653640747, 0.10976111888885498, 0
u,0.1985754817724228, 0.0, 0
u,0.1985754668712616, 0.1428571343421936, 0
u,0.19148953258991241, 0.1428571343421936, 0
u,0.7841044664382935, 0.4285714626312256, 0
u,0.8102123141288757, 0.4285714626312256, 0
u,0.8102123141288757, 0.5714285969734192, 0
u,0.1725655049085617, -1.1920928955078125e-07, 0
u,0.1725655049085617, 0.14285707473754883, 0
u,0.16547955572605133, 0.14285707473754883, 0
u,0.4444188177585602, 0.10976123809814453, 0
u,0.4444188177585602, 0.14285719394683838, 0
u,0.4373328685760498, 0.14285719394683838, 0
u,0.8102123141288757, 0.28571420907974243, 0
u,0.8102123141288757, 0.4285714030265808, 0
u,0.7841044664382935, 0.4285714030265808, 0
u,0.6098983883857727, 0.07666522264480591, 0
u,0.6098983883857727, 0.10976111888885498, 0
u,0.6028124690055847, 0.10976111888885498, 0
u,0.1796514242887497, 0.0, 0
u,0.1796514242887497, 0.1428571343421936, 0
u,0.17256547510623932, 0.1428571343421936, 0
u,0.09837061166763306, 0.1428571343421936, 0
u,0.1292303055524826, 0.1428571343421936, 0
u,0.1292303055524826, 0.2857142686843872, 0
u,0.19148951768875122, -1.1920928955078125e-07, 0
u,0.19148950278759003, 0.14285707473754883, 0
u,0.18440356850624084, 0.14285707473754883, 0
u,0.5957264304161072, 0.07666528224945068, 0
u,0.5957264304161072, 0.10976117849349976, 0
u,0.5886404514312744, 0.10976117849349976, 0
u,0.16008998453617096, 0.1428571343421936, 0
u,0.16008998453617096, 0.285714328289032, 0
u,0.12923027575016022, 0.2857142686843872, 0
u,0.6169843077659607, 0.07666522264480591, 0
u,0.6169843077659607, 0.10976111888885498, 0
u,0.6098983883857727, 0.10976111888885498, 0
u,0.2387574017047882, 0.0, 0
u,0.23875738680362701, 0.1428571343421936, 0
u,0.23167145252227783, 0.1428571343421936, 0
u,0.17509697377681732, 0.1428571343421936, 0
u,0.2003536969423294, 0.1428571343421936, 0
u,0.2003536969423294, 0.285714328289032, 0
u,0.21274738013744354, -1.1920928955078125e-07, 0
u,0.21274738013744354, 0.14285707473754883, 0
u,0.20566143095493317, 0.14285707473754883, 0
u,0.6311561465263367, 0.07666528224945068, 0
u,0.6311561465263367, 0.10976117849349976, 0
u,0.6240701675415039, 0.10976117849349976, 0
u,0.5843793153762817, 0.857142835855484, 0
u,0.5843793153762817, 1.0, 0
u,0.5597110986709595, 1.0, 0
u,0.6619182825088501, 0.10976123809814453, 0
u,0.6619182825088501, 0.1428571343421936, 0
u,0.6548323631286621, 0.1428571343421936, 0
u,0.9526116251945496, 0.5714285373687744, 0
u,0.9526116251945496, 0.7142857015132904, 0
u,0.9455256462097168, 0.7142857015132904, 0
u,0.5597110986709595, 0.7142857015132904, 0
u,0.5843793153762817, 0.7142857015132904, 0
u,0.5843793153762817, 0.857142835855484, 0
u,0.9526116251945496, 0.4285714030265808, 0
u,0.9526116251945496, 0.5714285373687744, 0
u,0.9455257058143616, 0.5714285373687744, 0
u,0.6760901808738708, 0.1097612977027893, 0
u,0.6760901808738708, 0.14285719394683838, 0
u,0.6690042018890381, 0.14285719394683838, 0
u,0.5843793749809265, 0.5714285373687744, 0
u,0.5843793153762817, 0.7142857015132904, 0
u,0.5597110986709595, 0.7142857015132904, 0
u,0.6831761002540588, 0.10976123809814453, 0
u,0.6831761002540588, 0.1428571343421936, 0
u,0.6760901808738708, 0.1428571343421936, 0
u,0.9526116251945496, 0.2857142686843872, 0
u,0.9526115655899048, 0.4285714030265808, 0
u,0.9455256462097168, 0.4285714030265808, 0
u,0.09837061166763306, 0.4285714626312256, 0
u,0.1292303055524826, 0.4285714626312256, 0
u,0.1292303055524826, 0.5714285969734192, 0
u,0.9526116251945496, 0.14285707473754883, 0
u,0.9526116251945496, 0.2857142686843872, 0
u,0.9455256462097168, 0.2857142686843872, 0
u,0.6902620792388916, 0.1097612977027893, 0
u,0.6902620792388916, 0.14285719394683838, 0
u,0.6831761002540588, 0.14285719394683838, 0
u,0.33317315578460693, 0.7142857015132904, 0
u,0.33317315578460693, 0.857142835855484, 0
u,0.3090377449989319, 0.857142835855484, 0
u,0.8769997358322144, 0.07666534185409546, 0
u,0.8769997358322144, 0.10976123809814453, 0
u,0.8699137568473816, 0.10976123809814453, 0
u,0.9596975445747375, 0.8571428507566452, 0
u,0.9596975445747375, 1.000000000104827, 0
u,0.9526115655899048, 0.9999999997950906, 0
u,0.2849023640155792, 0.714285671710968, 0
u,0.3090377449989319, 0.714285671710968, 0
u,0.3090377449989319, 0.857142835855484, 0
u,0.9596975445747375, 0.7142857015132904, 0
u,0.9596975445747375, 0.8571428507566452, 0
u,0.9526115655899048, 0.8571428507566452, 0
u,0.41840875148773193, 0.10976117849349976, 0
u,0.41840875148773193, 0.14285707473754883, 0
u,0.41132280230522156, 0.14285707473754883, 0
u,0.16009001433849335, 0.4285714626312256, 0
u,0.16008999943733215, 0.5714285969734192, 0
u,0.1292303055524826, 0.5714285969734192, 0
u,0.6240702271461487, 0.07666522264480591, 0
u,0.6240702271461487, 0.10976117849349976, 0
u,0.6169842481613159, 0.10976117849349976, 0
u,0.8959236741065979, 0.8571428507566452, 0
u,0.8959236741065979, 0.9999999973171836, 0
u,0.8888377547264099, 0.9999999970074473, 0
u,0.17509698867797852, 0.4285714626312256, 0
u,0.2003537118434906, 0.4285714626312256, 0
u,0.2003537118434906, 0.5714285969734192, 0
u,0.8959236741065979, 0.7142857015132904, 0
u,0.8959236741065979, 0.857142835855484, 0
u,0.8888377547264099, 0.857142835855484, 0
u,0.6500802040100098, 0.07666528224945068, 0
u,0.6500802040100098, 0.10976117849349976, 0
u,0.6429942846298218, 0.10976117849349976, 0
u,0.25086715817451477, 0.1428571343421936, 0
u,0.25086715817451477, 0.285714328289032, 0
u,0.22561044991016388, 0.285714328289032, 0
u,0.6690042018890381, 0.07666522264480591, 0
u,0.6690042018890381, 0.10976111888885498, 0
u,0.6619182825088501, 0.10976111888885498, 0
u,0.8959236741065979, 0.5714285373687744, 0
u,0.8959236741065979, 0.7142857015132904, 0
u,0.8888376951217651, 0.7142857015132904, 0
u,0.200353741645813, 0.1428571343421936, 0
u,0.22561044991016388, 0.1428571343421936, 0
u,0.22561044991016388, 0.285714328289032, 0
u,0.8959236741065979, 0.4285714626312256, 0
u,0.8959236741065979, 0.5714285969734192, 0
u,0.8888376951217651, 0.5714285969734192, 0
u,0.6571661233901978, 0.07666528224945068, 0
u,0.6571661233901978, 0.10976117849349976, 0
u,0.6500802040100098, 0.10976117849349976, 0
u,0.27612388134002686, 0.1428571343421936, 0
u,0.27612388134002686, 0.285714328289032, 0
u,0.25086715817451477, 0.285714328289032, 0
u,0.7895498275756836, 0.07666522264480591, 0
u,0.7895498275756836, 0.10976111888885498, 0
u,0.7824639081954956, 0.10976111888885498, 0
u,0.9596976041793823, 0.5714285373687744, 0
u,0.9596976041793823, 0.7142857015132904, 0
u,0.9526116847991943, 0.7142857015132904, 0
u,0.2849023640155792, 0.1428571343421936, 0
u,0.3090377449989319, 0.1428571343421936, 0
u,0.3090377449989319, 0.285714328289032, 0
u,0.9596976041793823, 0.4285714626312256, 0
u,0.9596976041793823, 0.5714285969734192, 0
u,0.9526116847991943, 0.5714285969734192, 0
u,0.48693445324897766, 0.1097612977027893, 0
u,0.48693445324897766, 0.14285719394683838, 0
u,0.4798485040664673, 0.14285719394683838, 0
u,0.8363202214241028, 0.28571420907974243, 0
u,0.8363202214241028, 0.4285714030265808, 0
u,0.8102123141288757, 0.4285714030265808, 0
u,0.9384395480155945, 0.07666534185409546, 0
u,0.9384395480155945, 0.10976123809814453, 0
u,0.9313536286354065, 0.10976123809814453, 0
u,0.2458433210849762, 0.0, 0
u,0.245843306183815, 0.1428571343421936, 0
u,0.23875737190246582, 0.1428571343421936, 0
u,0.8102123141288757, 0.1428571343421936, 0
u,0.8363202214241028, 0.1428571343421936, 0
u,0.8363202214241028, 0.2857142686843872, 0
u,0.23167143762111664, -1.1920928955078125e-07, 0
u,0.23167142271995544, 0.14285707473754883, 0
u,0.22458548843860626, 0.14285707473754883, 0
u,0.9455255270004272, 0.1097612977027893, 0
u,0.9455255270004272, 0.14285719394683838, 0
u,0.9384396076202393, 0.14285719394683838, 0
u,0.33317309617996216, 0.1428571343421936, 0
u,0.33317309617996216, 0.285714328289032, 0
u,0.3090376853942871, 0.285714328289032, 0
u,0.6382420659065247, 0.07666522264480591, 0
u,0.6382420659065247, 0.10976111888885498, 0
u,0.6311560869216919, 0.10976111888885498, 0
u,0.22458550333976746, 0.0, 0
u,0.22458550333976746, 0.1428571343421936, 0
u,0.21749955415725708, 0.1428571343421936, 0
u,0.33317309617996216, 0.1428571343421936, 0
u,0.35730844736099243, 0.1428571343421936, 0
u,0.35730844736099243, 0.285714328289032, 0
u,0.2529292702674866, -1.1920928955078125e-07, 0
u,0.2529292702674866, 0.14285707473754883, 0
u,0.2458433210849762, 0.14285707473754883, 0
u,0.6902620196342468, 0.07666528224945068, 0
u,0.6902620196342468, 0.10976117849349976, 0
u,0.6831761002540588, 0.10976117849349976, 0
u,0.3814438581466675, 0.1428571343421936, 0
u,0.3814438581466675, 0.2857142686843872, 0
u,0.35730844736099243, 0.2857142686843872, 0
u,0.6760901808738708, 0.07666522264480591, 0
u,0.6760901808738708, 0.10976111888885498, 0
u,0.6690042614936829, 0.10976111888885498, 0
u,0.2718532681465149, 0.0, 0
u,0.2718532681465149, 0.1428571343421936, 0
u,0.2647673189640045, 0.1428571343421936, 0
u,0.39871200919151306, 0.1428571343421936, 0
u,0.4238896071910858, 0.1428571343421936, 0
u,0.4238896071910858, 0.2857142686843872, 0
u,0.26001521944999695, -1.1920928955078125e-07, 0
u,0.26001521944999695, 0.14285707473754883, 0
u,0.2529292702674866, 0.14285707473754883, 0
u,0.6831761002540588, 0.07666528224945068, 0
u,0.6831761002540588, 0.10976117849349976, 0
u,0.6760901808738708, 0.10976117849349976, 0
u,0.44906723499298096, 0.1428571343421936, 0
u,0.44906723499298096, 0.2857142686843872, 0
u,0.4238896071910858, 0.2857142686843872, 0
u,0.7115199565887451, 0.07666522264480591, 0
u,0.7115199565887451, 0.10976111888885498, 0
u,0.7044339776039124, 0.10976111888885498, 0
u,0.27893921732902527, 0.0, 0
u,0.27893921732902527, 0.1428571343421936, 0
u,0.2718532681465149, 0.1428571343421936, 0
u,0.44906723499298096, 0.1428571343421936, 0
u,0.4742448329925537, 0.1428571343421936, 0
u,0.4742448329925537, 0.2857142686843872, 0
u,0.28602516651153564, -1.1920928955078125e-07, 0
u,0.28602513670921326, 0.14285707473754883, 0
u,0.27893921732902527, 0.14285707473754883, 0
u,0.7044338583946228, 0.07666528224945068, 0
u,0.7044338583946228, 0.10976117849349976, 0
u,0.69734787940979, 0.10976117849349976, 0
u,0.49942249059677124, 0.1428571343421936, 0
u,0.49942249059677124, 0.2857142686843872, 0
u,0.4742448627948761, 0.2857142686843872, 0
u,0.8132259249687195, 0.07666522264480591, 0
u,0.8132259249687195, 0.10976111888885498, 0
u,0.8061400055885315, 0.10976111888885498, 0
u,0.293111115694046, 0.0, 0
u,0.293111115694046, 0.1428571343421936, 0
u,0.28602516651153564, 0.1428571343421936, 0
u,0.5103746652603149, 0.1428571343421936, 0
u,0.5350428819656372, 0.1428571343421936, 0
u,0.5350428819656372, 0.2857142686843872, 0
u,0.30494919419288635, -1.1920928955078125e-07, 0
u,0.30494919419288635, 0.14285707473754883, 0
u,0.297863245010376, 0.14285707473754883, 0
u,0.45150479674339294, 0.10976123809814453, 0
u,0.45150479674339294, 0.14285719394683838, 0
u,0.44441887736320496, 0.14285719394683838, 0
u,0.5597110986709595, 0.1428571343421936, 0
u,0.5597110986709595, 0.2857142686843872, 0
u,0.5350428819656372, 0.2857142686843872, 0
u,0.6973479986190796, 0.07666522264480591, 0
u,0.6973479986190796, 0.10976111888885498, 0
u,0.6902620196342468, 0.10976111888885498, 0
u,0.3120351731777191, 0.0, 0
u,0.31203514337539673, 0.1428571343421936, 0
u,0.30494922399520874, 0.1428571343421936, 0
u,0.559711217880249, 0.1428571343421936, 0
u,0.5843794345855713, 0.1428571343421936, 0
u,0.5843794345855713, 0.2857142686843872, 0
u,0.3191210627555847, -1.1920928955078125e-07, 0
u,0.31912103295326233, 0.14285707473754883, 0
u,0.31203511357307434, 0.14285707473754883, 0
u,0.735196053981781, 0.07666528224945068, 0
u,0.735196053981781, 0.10976117849349976, 0
u,0.7281100749969482, 0.10976117849349976, 0
u,0.6090476512908936, 0.1428571343421936, 0
u,0.6090476512908936, 0.2857142686843872, 0
u,0.5843794345855713, 0.2857142686843872, 0
u,0.7281100749969482, 0.07666522264480591, 0
u,0.7281100749969482, 0.10976111888885498, 0
u,0.7210241556167603, 0.10976111888885498, 0
u,0.3262069821357727, 0.0, 0
u,0.3262069821357727, 0.1428571343421936, 0
u,0.31912103295326233, 0.1428571343421936, 0
u,0.6224502921104431, 0.1428571343421936, 0
u,0.6468917727470398, 0.1428571343421936, 0
u,0.6468917727470398, 0.2857142686843872, 0
u,0.3380451202392578, -1.1920928955078125e-07, 0
u,0.3380451202392578, 0.14285707473754883, 0
u,0.33095917105674744, 0.14285707473754883, 0
u,0.742281973361969, 0.07666528224945068, 0
u,0.742281973361969, 0.10976117849349976, 0
u,0.735196053981781, 0.10976117849349976, 0
