v,0.11889369040727615, 0.6184334754943848, 2.851193428039551
v,0.11074035614728928, 0.6167781352996826, 2.8435921669006348
v,0.11889535933732986, 0.6155040860176086, 2.8435847759246826
v,0.11164822429418564, 0.6195785999298096, 2.8511953353881836
v,0.10335779935121536, 0.6204931735992432, 2.843611001968384
v,0.11074035614728928, 0.6167781352996826, 2.8435921669006348
v,0.10509519279003143, 0.6228863000869751, 2.851206064224243
v,0.09747382253408432, 0.6263183355331421, 2.843630313873291
v,0.10335779935121536, 0.6204931735992432, 2.843611001968384
v,0.09747382253408432, 0.6263183355331421, 2.843630313873291
v,0.09648715704679489, 0.6345997452735901, 2.851231336593628
v,0.09368185698986053, 0.6336890459060669, 2.8436479568481445
v,0.09648715704679489, 0.6345997452735901, 2.851231336593628
v,0.09235244244337082, 0.6418789625167847, 2.8436777591705322
v,0.09368185698986053, 0.6336890459060669, 2.8436479568481445
v,0.09529469162225723, 0.6418789029121399, 2.8512423038482666
v,0.09361429512500763, 0.6500896215438843, 2.843701124191284
v,0.09235244244337082, 0.6418789625167847, 2.8436777591705322
v,0.09361429512500763, 0.6500896215438843, 2.843701124191284
v,0.09971785545349121, 0.6558135747909546, 2.8512730598449707
v,0.09734191000461578, 0.6575406193733215, 2.8437211513519287
v,0.09734191000461578, 0.6575406193733215, 2.8437211513519287
v,0.10491673648357391, 0.6611111760139465, 2.85129714012146
v,0.10319685190916061, 0.663479745388031, 2.84374737739563
v,0.10319685190916061, 0.663479745388031, 2.84374737739563
v,0.11152097582817078, 0.6645424962043762, 2.8513176441192627
v,0.11061154305934906, 0.6673255562782288, 2.8437552452087402
v,0.11152097582817078, 0.6645424962043762, 2.8513176441192627
v,0.11889656633138657, 0.668664276599884, 2.8437631130218506
v,0.11061154305934906, 0.6673255562782288, 2.8437552452087402
v,0.11889656633138657, 0.668664276599884, 2.8437631130218506
v,0.1262684315443039, 0.664589524269104, 2.8513314723968506
v,0.12716616690158844, 0.667349636554718, 2.8437585830688477
v,0.12716616690158844, 0.667349636554718, 2.8437585830688477
v,0.13292859494686127, 0.6611853837966919, 2.8513269424438477
v,0.13462455570697784, 0.6635204553604126, 2.8437466621398926
v,0.13462455570697784, 0.6635204553604126, 2.8437466621398926
v,0.1381782442331314, 0.6558866500854492, 2.851314067840576
v,0.1405041366815567, 0.6575765609741211, 2.8437254428863525
v,0.1381782442331314, 0.6558866500854492, 2.851314067840576
v,0.14423827826976776, 0.6501151323318481, 2.843707323074341
v,0.1405041366815567, 0.6575765609741211, 2.8437254428863525
v,0.14151357114315033, 0.6492303609848022, 2.851297616958618
v,0.14549469947814941, 0.6418735384941101, 2.843683958053589
v,0.14423827826976776, 0.6501151323318481, 2.843707323074341
v,0.14261847734451294, 0.6418589353561401, 2.8512797355651855
v,0.144133523106575, 0.6336750984191895, 2.8436553478240967
v,0.14549469947814941, 0.6418735384941101, 2.843683958053589
v,0.1413860321044922, 0.6345639824867249, 2.8512582778930664
v,0.14031365513801575, 0.6263152956962585, 2.843628406524658
v,0.144133523106575, 0.6336750984191895, 2.8436553478240967
v,0.1379687637090683, 0.6280151605606079, 2.851235866546631
v,0.13442522287368774, 0.6205002069473267, 2.843606948852539
v,0.14031365513801575, 0.6263152956962585, 2.843628406524658
v,0.09986604750156403, 0.6280550956726074, 2.85122013092041
v,0.10665661096572876, 0.6250383853912354, 2.862196922302246
v,0.10202252864837646, 0.629622220993042, 2.8622028827667236
v,0.13271349668502808, 0.6228524446487427, 2.8512156009674072
v,0.12704788148403168, 0.6167855858802795, 2.8435893058776855
v,0.13442522287368774, 0.6205002069473267, 2.843606948852539
v,0.12614421546459198, 0.619561493396759, 2.8511993885040283
v,0.11889535933732986, 0.6155040860176086, 2.8435847759246826
v,0.12704788148403168, 0.6167855858802795, 2.8435893058776855
v,0.17111729085445404, 0.6248770952224731, 2.770052671432495
v,0.17500554025173187, 0.6418848037719727, 2.7700536251068115
v,0.1726088523864746, 0.6244148015975952, 2.7700910568237305
v,0.13660790026187897, 0.5873596668243408, 2.786247730255127
v,0.11889534443616867, 0.586145281791687, 2.7897794246673584
v,0.11889131367206573, 0.5844694375991821, 2.7862939834594727
v,0.15152090787887573, 0.5969676375389099, 2.789808511734009
v,0.13660790026187897, 0.5873596668243408, 2.786247730255127
v,0.15256862342357635, 0.5955289602279663, 2.78623366355896
v,0.16522815823554993, 0.6082264184951782, 2.7862162590026855
v,0.15152090787887573, 0.5969676375389099, 2.789808511734009
v,0.15256862342357635, 0.5955289602279663, 2.78623366355896
v,0.17338162660598755, 0.6241819858551025, 2.7862226963043213
v,0.16383561491966248, 0.6092386245727539, 2.789811611175537
v,0.16522815823554993, 0.6082264184951782, 2.7862162590026855
v,0.17636638879776, 0.6418764591217041, 2.7863147258758545
v,0.17187979817390442, 0.6246839761734009, 2.789797306060791
v,0.17338162660598755, 0.6241819858551025, 2.7862226963043213
v,0.17212052643299103, 0.6591235399246216, 2.7898008823394775
v,0.17636638879776, 0.6418764591217041, 2.7863147258758545
v,0.17371830344200134, 0.6596766710281372, 2.7864270210266113
v,0.16404104232788086, 0.6746611595153809, 2.7897942066192627
v,0.17371830344200134, 0.6596766710281372, 2.7864270210266113
v,0.16546295583248138, 0.6757058501243591, 2.786386013031006
v,0.15169857442378998, 0.6870729923248291, 2.789769172668457
v,0.16546295583248138, 0.6757058501243591, 2.786386013031006
v,0.15273773670196533, 0.688478946685791, 2.7863941192626953
v,0.1367194652557373, 0.6968063712120056, 2.7864863872528076
v,0.15169857442378998, 0.6870729923248291, 2.789769172668457
v,0.15273773670196533, 0.688478946685791, 2.7863941192626953
v,0.11888569593429565, 0.6996369957923889, 2.7864491939544678
v,0.1361827552318573, 0.6952407956123352, 2.789781332015991
v,0.1367194652557373, 0.6968063712120056, 2.7864863872528076
v,0.10161168873310089, 0.6953105330467224, 2.789777994155884
v,0.11888569593429565, 0.6996369957923889, 2.7864491939544678
v,0.1010742262005806, 0.6968073844909668, 2.7864620685577393
v,0.08607761561870575, 0.6870978474617004, 2.7897584438323975
v,0.1010742262005806, 0.6968073844909668, 2.7864620685577393
v,0.08503763377666473, 0.6885126829147339, 2.786410093307495
v,0.07232677191495895, 0.6757083535194397, 2.786363124847412
v,0.08607761561870575, 0.6870978474617004, 2.7897584438323975
v,0.08503763377666473, 0.6885126829147339, 2.786410093307495
v,0.0641326829791069, 0.6596645712852478, 2.78633713722229
v,0.07374577224254608, 0.6746644377708435, 2.789757251739502
v,0.07232677191495895, 0.6757083535194397, 2.786363124847412
v,0.061198893934488297, 0.641883909702301, 2.786428689956665
v,0.06571909785270691, 0.6591092944145203, 2.789738655090332
v,0.0641326829791069, 0.6596645712852478, 2.78633713722229
v,0.06417486071586609, 0.6241177320480347, 2.786362648010254
v,0.06284670531749725, 0.64187091588974, 2.7897744178771973
v,0.061198893934488297, 0.641883909702301, 2.786428689956665
v,0.07248008996248245, 0.6081675887107849, 2.7862794399261475
v,0.06585801392793655, 0.6246781349182129, 2.789787769317627
v,0.06417486071586609, 0.6241177320480347, 2.786362648010254
v,0.08523458242416382, 0.5955505967140198, 2.786221504211426
v,0.07397430390119553, 0.6092568039894104, 2.789792537689209
v,0.07248008996248245, 0.6081675887107849, 2.7862794399261475
v,0.10172195732593536, 0.5890021324157715, 2.7897982597351074
v,0.08523458242416382, 0.5955505967140198, 2.786221504211426
v,0.1011899784207344, 0.5873668193817139, 2.786245346069336
v,0.11889534443616867, 0.586145281791687, 2.7897794246673584
v,0.1011899784207344, 0.5873668193817139, 2.786245346069336
v,0.11889131367206573, 0.5844694375991821, 2.7862939834594727
v,0.11888707429170609, 0.5832169651985168, 2.7823636531829834
v,0.1011899784207344, 0.5873668193817139, 2.786245346069336
v,0.10080644488334656, 0.5861634612083435, 2.7823567390441895
v,0.1011899784207344, 0.5873668193817139, 2.786245346069336
v,0.08450411260128021, 0.5945430397987366, 2.782341957092285
v,0.10080644488334656, 0.5861634612083435, 2.7823567390441895
v,0.08450411260128021, 0.5945430397987366, 2.782341957092285
v,0.07248008996248245, 0.6081675887107849, 2.7862794399261475
v,0.07142554223537445, 0.6074039340019226, 2.7823612689971924
v,0.07248008996248245, 0.6081675887107849, 2.7862794399261475
v,0.06298636645078659, 0.6237313151359558, 2.782365560531616
v,0.07142554223537445, 0.6074039340019226, 2.7823612689971924
v,0.06417486071586609, 0.6241177320480347, 2.786362648010254
v,0.0600680336356163, 0.6418959498405457, 2.782367706298828
v,0.06298636645078659, 0.6237313151359558, 2.782365560531616
v,0.0600680336356163, 0.6418959498405457, 2.782367706298828
v,0.0641326829791069, 0.6596645712852478, 2.78633713722229
v,0.06314226984977722, 0.6599915623664856, 2.782339334487915
v,0.06314226984977722, 0.6599915623664856, 2.782339334487915
v,0.07232677191495895, 0.6757083535194397, 2.786363124847412
v,0.07141225785017014, 0.6763687133789062, 2.782356023788452
v,0.07141225785017014, 0.6763687133789062, 2.782356023788452
v,0.08503763377666473, 0.6885126829147339, 2.786410093307495
v,0.0843101441860199, 0.6895074844360352, 2.7823870182037354
v,0.08503763377666473, 0.6885126829147339, 2.786410093307495
v,0.10069186240434647, 0.6979559659957886, 2.7823920249938965
v,0.0843101441860199, 0.6895074844360352, 2.7823870182037354
v,0.1010742262005806, 0.6968073844909668, 2.7864620685577393
v,0.11889772862195969, 0.7007254362106323, 2.7823593616485596
v,0.10069186240434647, 0.6979559659957886, 2.7823920249938965
v,0.11889772862195969, 0.7007254362106323, 2.7823593616485596
v,0.1367194652557373, 0.6968063712120056, 2.7864863872528076
v,0.13709305226802826, 0.6979334354400635, 2.7823779582977295
v,0.13709305226802826, 0.6979334354400635, 2.7823779582977295
v,0.15273773670196533, 0.688478946685791, 2.7863941192626953
v,0.1534828245639801, 0.6895083785057068, 2.7823989391326904
v,0.1534828245639801, 0.6895083785057068, 2.7823989391326904
v,0.16546295583248138, 0.6757058501243591, 2.786386013031006
v,0.16651466488838196, 0.6764744520187378, 2.7823879718780518
v,0.16546295583248138, 0.6757058501243591, 2.786386013031006
v,0.17493559420108795, 0.6600637435913086, 2.7823967933654785
v,0.16651466488838196, 0.6764744520187378, 2.7823879718780518
v,0.17493559420108795, 0.6600637435913086, 2.7823967933654785
v,0.17636638879776, 0.6418764591217041, 2.7863147258758545
v,0.17760932445526123, 0.641870379447937, 2.782369613647461
v,0.17760932445526123, 0.641870379447937, 2.782369613647461
v,0.17338162660598755, 0.6241819858551025, 2.7862226963043213
v,0.17450271546840668, 0.6238164901733398, 2.7823305130004883
v,0.17450271546840668, 0.6238164901733398, 2.7823305130004883
v,0.16522815823554993, 0.6082264184951782, 2.7862162590026855
v,0.1662311553955078, 0.6075084209442139, 2.7823383808135986
v,0.1662311553955078, 0.6075084209442139, 2.7823383808135986
v,0.15256862342357635, 0.5955289602279663, 2.78623366355896
v,0.15331529080867767, 0.5944879055023193, 2.7823495864868164
v,0.15331529080867767, 0.5944879055023193, 2.7823495864868164
v,0.13660790026187897, 0.5873596668243408, 2.786247730255127
v,0.13699090480804443, 0.5861660242080688, 2.7823565006256104
v,0.13699090480804443, 0.5861660242080688, 2.7823565006256104
v,0.11889131367206573, 0.5844694375991821, 2.7862939834594727
v,0.11888707429170609, 0.5832169651985168, 2.7823636531829834
v,0.1370965838432312, 0.585807204246521, 2.7770535945892334
v,0.11888707429170609, 0.5832169651985168, 2.7823636531829834
v,0.11889512836933136, 0.582862138748169, 2.7770493030548096
v,0.15349876880645752, 0.5942355394363403, 2.777035713195801
v,0.13699090480804443, 0.5861660242080688, 2.7823565006256104
v,0.1370965838432312, 0.585807204246521, 2.7770535945892334
v,0.1662311553955078, 0.6075084209442139, 2.7823383808135986
v,0.15349876880645752, 0.5942355394363403, 2.777035713195801
v,0.16651654243469238, 0.6073061227798462, 2.777055501937866
v,0.17450271546840668, 0.6238164901733398, 2.7823305130004883
v,0.16651654243469238, 0.6073061227798462, 2.777055501937866
v,0.17487062513828278, 0.6237029433250427, 2.7770678997039795
v,0.17760932445526123, 0.641870379447937, 2.782369613647461
v,0.17487062513828278, 0.6237029433250427, 2.7770678997039795
v,0.1779724806547165, 0.6418773531913757, 2.7770466804504395
v,0.1752438247203827, 0.6601527333259583, 2.77701473236084
v,0.17760932445526123, 0.641870379447937, 2.782369613647461
v,0.1779724806547165, 0.6418773531913757, 2.7770466804504395
v,0.1667594015598297, 0.6766454577445984, 2.777024507522583
v,0.17493559420108795, 0.6600637435913086, 2.7823967933654785
v,0.1752438247203827, 0.6601527333259583, 2.77701473236084
v,0.1536579132080078, 0.6897521615028381, 2.777024507522583
v,0.16651466488838196, 0.6764744520187378, 2.7823879718780518
v,0.1667594015598297, 0.6766454577445984, 2.777024507522583
v,0.1371520608663559, 0.6981022953987122, 2.7770352363586426
v,0.1534828245639801, 0.6895083785057068, 2.7823989391326904
v,0.1536579132080078, 0.6897521615028381, 2.777024507522583
v,0.11889633536338806, 0.7008804678916931, 2.7770419120788574
v,0.13709305226802826, 0.6979334354400635, 2.7823779582977295
v,0.1371520608663559, 0.6981022953987122, 2.7770352363586426
v,0.10069186240434647, 0.6979559659957886, 2.7823920249938965
v,0.11889633536338806, 0.7008804678916931, 2.7770419120788574
v,0.10062482953071594, 0.6981971263885498, 2.777026414871216
v,0.08413831889629364, 0.6897467374801636, 2.7770261764526367
v,0.10069186240434647, 0.6979559659957886, 2.7823920249938965
v,0.10062482953071594, 0.6981971263885498, 2.777026414871216
v,0.07120142877101898, 0.6765264272689819, 2.7770466804504395
v,0.0843101441860199, 0.6895074844360352, 2.7823870182037354
v,0.08413831889629364, 0.6897467374801636, 2.7770261764526367
v,0.06288720667362213, 0.6600792407989502, 2.777055501937866
v,0.07141225785017014, 0.6763687133789062, 2.782356023788452
v,0.07120142877101898, 0.6765264272689819, 2.7770466804504395
v,0.059832680970430374, 0.6418890953063965, 2.777033805847168
v,0.06314226984977722, 0.6599915623664856, 2.782339334487915
v,0.06288720667362213, 0.6600792407989502, 2.777055501937866
v,0.06298636645078659, 0.6237313151359558, 2.782365560531616
v,0.059832680970430374, 0.6418890953063965, 2.777033805847168
v,0.06275127828121185, 0.6236506700515747, 2.7770285606384277
v,0.07142554223537445, 0.6074039340019226, 2.7823612689971924
v,0.06275127828121185, 0.6236506700515747, 2.7770285606384277
v,0.07118164002895355, 0.6072330474853516, 2.7770259380340576
v,0.08450411260128021, 0.5945430397987366, 2.782341957092285
v,0.07118164002895355, 0.6072330474853516, 2.7770259380340576
v,0.08430476486682892, 0.5942596793174744, 2.777052164077759
v,0.10080644488334656, 0.5861634612083435, 2.7823567390441895
v,0.08430476486682892, 0.5942596793174744, 2.777052164077759
v,0.10070149600505829, 0.5858188271522522, 2.7770535945892334
v,0.11888707429170609, 0.5832169651985168, 2.7823636531829834
v,0.10070149600505829, 0.5858188271522522, 2.7770535945892334
v,0.11889512836933136, 0.582862138748169, 2.7770493030548096
v,0.11889950186014175, 0.5844072699546814, 2.770838499069214
v,0.10070149600505829, 0.5858188271522522, 2.7770535945892334
v,0.10106353461742401, 0.5867960453033447, 2.770838499069214
v,0.10070149600505829, 0.5858188271522522, 2.7770535945892334
v,0.08497362583875656, 0.5951514840126038, 2.770838499069214
v,0.10106353461742401, 0.5867960453033447, 2.770838499069214
v,0.08430476486682892, 0.5942596793174744, 2.777052164077759
v,0.07216900587081909, 0.6079666614532471, 2.770838499069214
v,0.08497362583875656, 0.5951514840126038, 2.770838499069214
v,0.07216900587081909, 0.6079666614532471, 2.770838499069214
v,0.06275127828121185, 0.6236506700515747, 2.7770285606384277
v,0.0638495609164238, 0.624036431312561, 2.770838499069214
v,0.0638495609164238, 0.624036431312561, 2.770838499069214
v,0.059832680970430374, 0.6418890953063965, 2.777033805847168
v,0.06109832972288132, 0.6418911814689636, 2.770838499069214
v,0.06109832972288132, 0.6418911814689636, 2.770838499069214
v,0.06288720667362213, 0.6600792407989502, 2.777055501937866
v,0.06380155682563782, 0.6597551107406616, 2.770838499069214
v,0.06288720667362213, 0.6600792407989502, 2.777055501937866
v,0.0720771923661232, 0.6758759617805481, 2.770838499069214
v,0.06380155682563782, 0.6597551107406616, 2.770838499069214
v,0.07120142877101898, 0.6765264272689819, 2.7770466804504395
v,0.08481462299823761, 0.6888266801834106, 2.770838499069214
v,0.0720771923661232, 0.6758759617805481, 2.770838499069214
v,0.08413831889629364, 0.6897467374801636, 2.7770261764526367
v,0.1010681763291359, 0.6967833638191223, 2.770838499069214
v,0.08481462299823761, 0.6888266801834106, 2.770838499069214
v,0.1010681763291359, 0.6967833638191223, 2.770838499069214
v,0.11889633536338806, 0.7008804678916931, 2.7770419120788574
v,0.11889543384313583, 0.699809193611145, 2.770838499069214
v,0.11889633536338806, 0.7008804678916931, 2.7770419120788574
v,0.13677717745304108, 0.6969984769821167, 2.770838499069214
v,0.11889543384313583, 0.699809193611145, 2.770838499069214
v,0.1371520608663559, 0.6981022953987122, 2.7770352363586426
v,0.1527869999408722, 0.68854159116745, 2.770838499069214
v,0.13677717745304108, 0.6969984769821167, 2.770838499069214
v,0.1527869999408722, 0.68854159116745, 2.770838499069214
v,0.1667594015598297, 0.6766454577445984, 2.777024507522583
v,0.16581344604492188, 0.6759422421455383, 2.770838499069214
v,0.1667594015598297, 0.6766454577445984, 2.777024507522583
v,0.1738029569387436, 0.6597007513046265, 2.770838499069214
v,0.16581344604492188, 0.6759422421455383, 2.770838499069214
v,0.1738029569387436, 0.6597007513046265, 2.770838499069214
v,0.1779724806547165, 0.6418773531913757, 2.7770466804504395
v,0.17672058939933777, 0.6418848037719727, 2.770838499069214
v,0.17672058939933777, 0.6418848037719727, 2.770838499069214
v,0.17487062513828278, 0.6237029433250427, 2.7770678997039795
v,0.17399704456329346, 0.6240056753158569, 2.770838499069214
v,0.17487062513828278, 0.6237029433250427, 2.7770678997039795
v,0.16560475528240204, 0.6079689264297485, 2.770838499069214
v,0.17399704456329346, 0.6240056753158569, 2.770838499069214
v,0.16560475528240204, 0.6079689264297485, 2.770838499069214
v,0.15349876880645752, 0.5942355394363403, 2.777035713195801
v,0.1527862250804901, 0.5951940417289734, 2.770838499069214
v,0.1527862250804901, 0.5951940417289734, 2.770838499069214
v,0.1370965838432312, 0.585807204246521, 2.7770535945892334
v,0.13672921061515808, 0.5868041515350342, 2.770838499069214
v,0.1370965838432312, 0.585807204246521, 2.7770535945892334
v,0.11889950186014175, 0.5844072699546814, 2.770838499069214
v,0.13672921061515808, 0.5868041515350342, 2.770838499069214
v,0.1360725313425064, 0.588981568813324, 2.789799213409424
v,0.11889219284057617, 0.584170937538147, 2.796151876449585
v,0.11889534443616867, 0.586145281791687, 2.7897794246673584
v,0.15272128582000732, 0.5953264832496643, 2.7961905002593994
v,0.1360725313425064, 0.588981568813324, 2.789799213409424
v,0.15152090787887573, 0.5969676375389099, 2.789808511734009
v,0.16383561491966248, 0.6092386245727539, 2.789811611175537
v,0.15272128582000732, 0.5953264832496643, 2.7961905002593994
v,0.15152090787887573, 0.5969676375389099, 2.789808511734009
v,0.17187979817390442, 0.6246839761734009, 2.789797306060791
v,0.1654702126979828, 0.6080477833747864, 2.7961833477020264
v,0.16383561491966248, 0.6092386245727539, 2.789811611175537
v,0.17481157183647156, 0.6418842077255249, 2.7897939682006836
v,0.17377111315727234, 0.6240593791007996, 2.7961597442626953
v,0.17187979817390442, 0.6246839761734009, 2.789797306060791
v,0.17212052643299103, 0.6591235399246216, 2.7898008823394775
v,0.17675986886024475, 0.6418766379356384, 2.796121120452881
v,0.17481157183647156, 0.6418842077255249, 2.7897939682006836
v,0.16404104232788086, 0.6746611595153809, 2.7897942066192627
v,0.17398957908153534, 0.6597689986228943, 2.7960991859436035
v,0.17212052643299103, 0.6591235399246216, 2.7898008823394775
v,0.15169857442378998, 0.6870729923248291, 2.789769172668457
v,0.16574400663375854, 0.6759107112884521, 2.796100378036499
v,0.16404104232788086, 0.6746611595153809, 2.7897942066192627
v,0.13686397671699524, 0.6972355842590332, 2.796041488647461
v,0.15169857442378998, 0.6870729923248291, 2.789769172668457
v,0.1361827552318573, 0.6952407956123352, 2.789781332015991
v,0.11889606714248657, 0.7002875208854675, 2.7959542274475098
v,0.1361827552318573, 0.6952407956123352, 2.789781332015991
v,0.11888246983289719, 0.6981912851333618, 2.7897801399230957
v,0.10161168873310089, 0.6953105330467224, 2.789777994155884
v,0.11889606714248657, 0.7002875208854675, 2.7959542274475098
v,0.11888246983289719, 0.6981912851333618, 2.7897801399230957
v,0.08607761561870575, 0.6870978474617004, 2.7897584438323975
v,0.10091996192932129, 0.6973114013671875, 2.795987606048584
v,0.10161168873310089, 0.6953105330467224, 2.789777994155884
v,0.0720500499010086, 0.6759108304977417, 2.796099901199341
v,0.08607761561870575, 0.6870978474617004, 2.7897584438323975
v,0.07374577224254608, 0.6746644377708435, 2.789757251739502
v,0.06370240449905396, 0.6598004698753357, 2.7960731983184814
v,0.07374577224254608, 0.6746644377708435, 2.789757251739502
v,0.06571909785270691, 0.6591092944145203, 2.789738655090332
v,0.06079961359500885, 0.6418823003768921, 2.7960450649261475
v,0.06571909785270691, 0.6591092944145203, 2.789738655090332
v,0.06284670531749725, 0.64187091588974, 2.7897744178771973
v,0.06389492750167847, 0.6240115165710449, 2.796121120452881
v,0.06284670531749725, 0.64187091588974, 2.7897744178771973
v,0.06585801392793655, 0.6246781349182129, 2.789787769317627
v,0.0723094791173935, 0.6080396771430969, 2.7961819171905518
v,0.06585801392793655, 0.6246781349182129, 2.789787769317627
v,0.07397430390119553, 0.6092568039894104, 2.789792537689209
v,0.0850941389799118, 0.5953592658042908, 2.796199083328247
v,0.07397430390119553, 0.6092568039894104, 2.789792537689209
v,0.08629299700260162, 0.5970024466514587, 2.7898035049438477
v,0.10110267251729965, 0.5871203541755676, 2.79618501663208
v,0.08629299700260162, 0.5970024466514587, 2.7898035049438477
v,0.10172195732593536, 0.5890021324157715, 2.7897982597351074
v,0.11889219284057617, 0.584170937538147, 2.796151876449585
v,0.10172195732593536, 0.5890021324157715, 2.7897982597351074
v,0.11889534443616867, 0.586145281791687, 2.7897794246673584
v,0.136720210313797, 0.5870186686515808, 2.7961575984954834
v,0.11889283359050751, 0.5838030576705933, 2.799325466156006
v,0.11889219284057617, 0.584170937538147, 2.796151876449585
v,0.15272128582000732, 0.5953264832496643, 2.7961905002593994
v,0.13684320449829102, 0.5866429805755615, 2.7993199825286865
v,0.136720210313797, 0.5870186686515808, 2.7961575984954834
v,0.16577471792697906, 0.6078265309333801, 2.7993249893188477
v,0.15272128582000732, 0.5953264832496643, 2.7961905002593994
v,0.1654702126979828, 0.6080477833747864, 2.7961833477020264
v,0.17412245273590088, 0.6239450573921204, 2.799321413040161
v,0.1654702126979828, 0.6080477833747864, 2.7961833477020264
v,0.17377111315727234, 0.6240593791007996, 2.7961597442626953
v,0.17675986886024475, 0.6418766379356384, 2.796121120452881
v,0.17412245273590088, 0.6239450573921204, 2.799321413040161
v,0.17377111315727234, 0.6240593791007996, 2.7961597442626953
v,0.17398957908153534, 0.6597689986228943, 2.7960991859436035
v,0.17714180052280426, 0.6418769955635071, 2.799323081970215
v,0.17675986886024475, 0.6418766379356384, 2.796121120452881
v,0.16574400663375854, 0.6759107112884521, 2.796100378036499
v,0.1743604987859726, 0.6598920822143555, 2.7993178367614746
v,0.17398957908153534, 0.6597689986228943, 2.7960991859436035
v,0.1532229483127594, 0.6891390085220337, 2.799309015274048
v,0.16574400663375854, 0.6759107112884521, 2.796100378036499
v,0.15297412872314453, 0.688802182674408, 2.7960872650146484
v,0.13686397671699524, 0.6972355842590332, 2.796041488647461
v,0.1532229483127594, 0.6891390085220337, 2.799309015274048
v,0.15297412872314453, 0.688802182674408, 2.7960872650146484
v,0.11889886856079102, 0.7008004188537598, 2.7992889881134033
v,0.13686397671699524, 0.6972355842590332, 2.796041488647461
v,0.11889606714248657, 0.7002875208854675, 2.7959542274475098
v,0.10077133774757385, 0.6977715492248535, 2.799281358718872
v,0.11889606714248657, 0.7002875208854675, 2.7959542274475098
v,0.10091996192932129, 0.6973114013671875, 2.795987606048584
v,0.08478432893753052, 0.688841700553894, 2.7960658073425293
v,0.10077133774757385, 0.6977715492248535, 2.799281358718872
v,0.10091996192932129, 0.6973114013671875, 2.795987606048584
v,0.07171595096588135, 0.6761539578437805, 2.799311399459839
v,0.08478432893753052, 0.688841700553894, 2.7960658073425293
v,0.0720500499010086, 0.6759108304977417, 2.796099901199341
v,0.06330594420433044, 0.6599319577217102, 2.799318790435791
v,0.0720500499010086, 0.6759108304977417, 2.796099901199341
v,0.06370240449905396, 0.6598004698753357, 2.7960731983184814
v,0.0603763684630394, 0.6418838500976562, 2.7993085384368896
v,0.06370240449905396, 0.6598004698753357, 2.7960731983184814
v,0.06079961359500885, 0.6418823003768921, 2.7960450649261475
v,0.06353245675563812, 0.6238930225372314, 2.7993226051330566
v,0.06079961359500885, 0.6418823003768921, 2.7960450649261475
v,0.06389492750167847, 0.6240115165710449, 2.796121120452881
v,0.07202011346817017, 0.607828676700592, 2.7993268966674805
v,0.06389492750167847, 0.6240115165710449, 2.796121120452881
v,0.0723094791173935, 0.6080396771430969, 2.7961819171905518
v,0.08489810675382614, 0.5950902104377747, 2.799328327178955
v,0.0723094791173935, 0.6080396771430969, 2.7961819171905518
v,0.0850941389799118, 0.5953592658042908, 2.796199083328247
v,0.10110267251729965, 0.5871203541755676, 2.79618501663208
v,0.08489810675382614, 0.5950902104377747, 2.799328327178955
v,0.0850941389799118, 0.5953592658042908, 2.796199083328247
v,0.11889219284057617, 0.584170937538147, 2.796151876449585
v,0.10099327564239502, 0.5867856740951538, 2.799326181411743
v,0.10110267251729965, 0.5871203541755676, 2.79618501663208
v,0.1363467127084732, 0.5881595611572266, 2.8077762126922607
v,0.11889283359050751, 0.5838030576705933, 2.799325466156006
v,0.13684320449829102, 0.5866429805755615, 2.7993199825286865
v,0.15294697880744934, 0.595016598701477, 2.7993247509002686
v,0.1363467127084732, 0.5881595611572266, 2.8077762126922607
v,0.13684320449829102, 0.5866429805755615, 2.7993199825286865
v,0.16450506448745728, 0.608749508857727, 2.807734251022339
v,0.15294697880744934, 0.595016598701477, 2.7993247509002686
v,0.16577471792697906, 0.6078265309333801, 2.7993249893188477
v,0.17260265350341797, 0.6244345903396606, 2.8077688217163086
v,0.16577471792697906, 0.6078265309333801, 2.7993249893188477
v,0.17412245273590088, 0.6239450573921204, 2.799321413040161
v,0.175519660115242, 0.6418793797492981, 2.8078222274780273
v,0.17412245273590088, 0.6239450573921204, 2.799321413040161
v,0.17714180052280426, 0.6418769955635071, 2.799323081970215
v,0.17276544868946075, 0.6593794226646423, 2.807832956314087
v,0.17714180052280426, 0.6418769955635071, 2.799323081970215
v,0.1743604987859726, 0.6598920822143555, 2.7993178367614746
v,0.1660817563533783, 0.6761565208435059, 2.7993178367614746
v,0.17276544868946075, 0.6593794226646423, 2.807832956314087
v,0.1743604987859726, 0.6598920822143555, 2.7993178367614746
v,0.1522369384765625, 0.6877778172492981, 2.8078627586364746
v,0.1660817563533783, 0.6761565208435059, 2.7993178367614746
v,0.1532229483127594, 0.6891390085220337, 2.799309015274048
v,0.13649006187915802, 0.6960580348968506, 2.8079488277435303
v,0.1532229483127594, 0.6891390085220337, 2.799309015274048
v,0.13701128959655762, 0.6976814270019531, 2.7992913722991943
v,0.1189037635922432, 0.6990464329719543, 2.808013677597046
v,0.13701128959655762, 0.6976814270019531, 2.7992913722991943
v,0.11889886856079102, 0.7008004188537598, 2.7992889881134033
v,0.10077133774757385, 0.6977715492248535, 2.799281358718872
v,0.1189037635922432, 0.6990464329719543, 2.808013677597046
v,0.11889886856079102, 0.7008004188537598, 2.7992889881134033
v,0.08452316373586655, 0.689201295375824, 2.799309730529785
v,0.10127183049917221, 0.6961912512779236, 2.8079864978790283
v,0.10077133774757385, 0.6977715492248535, 2.799281358718872
v,0.07171595096588135, 0.6761539578437805, 2.799311399459839
v,0.08547472953796387, 0.6878960132598877, 2.8079092502593994
v,0.08452316373586655, 0.689201295375824, 2.799309730529785
v,0.06489163637161255, 0.6594238877296448, 2.807878255844116
v,0.07171595096588135, 0.6761539578437805, 2.799311399459839
v,0.06330594420433044, 0.6599319577217102, 2.799318790435791
v,0.062050480395555496, 0.6418859958648682, 2.8079047203063965
v,0.06330594420433044, 0.6599319577217102, 2.799318790435791
v,0.0603763684630394, 0.6418838500976562, 2.7993085384368896
v,0.06353245675563812, 0.6238930225372314, 2.7993226051330566
v,0.062050480395555496, 0.6418859958648682, 2.8079047203063965
v,0.0603763684630394, 0.6418838500976562, 2.7993085384368896
v,0.07202011346817017, 0.607828676700592, 2.7993268966674805
v,0.06507295370101929, 0.6243938207626343, 2.8078150749206543
v,0.06353245675563812, 0.6238930225372314, 2.7993226051330566
v,0.08489810675382614, 0.5950902104377747, 2.799328327178955
v,0.07328854501247406, 0.6087478399276733, 2.8077332973480225
v,0.07202011346817017, 0.607828676700592, 2.7993268966674805
v,0.10148018598556519, 0.5882783532142639, 2.8077313899993896
v,0.08489810675382614, 0.5950902104377747, 2.799328327178955
v,0.10099327564239502, 0.5867856740951538, 2.799326181411743
v,0.11889418214559555, 0.5854086875915527, 2.8077707290649414
v,0.10099327564239502, 0.5867856740951538, 2.799326181411743
v,0.11889283359050751, 0.5838030576705933, 2.799325466156006
v,0.1363467127084732, 0.5881595611572266, 2.8077762126922607
v,0.11889395117759705, 0.5900816321372986, 2.816209077835083
v,0.11889418214559555, 0.5854086875915527, 2.8077707290649414
v,0.14930839836597443, 0.6000254154205322, 2.816157341003418
v,0.1363467127084732, 0.5881595611572266, 2.8077762126922607
v,0.15203119814395905, 0.5962777733802795, 2.8077335357666016
v,0.16450506448745728, 0.608749508857727, 2.807734251022339
v,0.14930839836597443, 0.6000254154205322, 2.816157341003418
v,0.15203119814395905, 0.5962777733802795, 2.8077335357666016
v,0.17260265350341797, 0.6244345903396606, 2.8077688217163086
v,0.1607608050107956, 0.6114721894264221, 2.8161609172821045
v,0.16450506448745728, 0.608749508857727, 2.807734251022339
v,0.17078746855258942, 0.6418797373771667, 2.816286087036133
v,0.17260265350341797, 0.6244345903396606, 2.8077688217163086
v,0.175519660115242, 0.6418793797492981, 2.8078222274780273
v,0.1682458519935608, 0.6579111218452454, 2.8162829875946045
v,0.175519660115242, 0.6418793797492981, 2.8078222274780273
v,0.17276544868946075, 0.6593794226646423, 2.807832956314087
v,0.1608874499797821, 0.6723853349685669, 2.816298723220825
v,0.17276544868946075, 0.6593794226646423, 2.807832956314087
v,0.16474837064743042, 0.675189733505249, 2.8078386783599854
v,0.149422749876976, 0.6839023232460022, 2.816326141357422
v,0.16474837064743042, 0.675189733505249, 2.8078386783599854
v,0.1522369384765625, 0.6877778172492981, 2.8078627586364746
v,0.13649006187915802, 0.6960580348968506, 2.8079488277435303
v,0.149422749876976, 0.6839023232460022, 2.816326141357422
v,0.1522369384765625, 0.6877778172492981, 2.8078627586364746
v,0.1189037635922432, 0.6990464329719543, 2.808013677597046
v,0.13497531414031982, 0.6914186477661133, 2.8164713382720947
v,0.13649006187915802, 0.6960580348968506, 2.8079488277435303
v,0.10127183049917221, 0.6961912512779236, 2.8079864978790283
v,0.11890357732772827, 0.6941086053848267, 2.8165903091430664
v,0.1189037635922432, 0.6990464329719543, 2.808013677597046
v,0.08830287307500839, 0.6840031147003174, 2.816441535949707
v,0.10127183049917221, 0.6961912512779236, 2.8079864978790283
v,0.08547472953796387, 0.6878960132598877, 2.8079092502593994
v,0.07683217525482178, 0.6724367737770081, 2.8163697719573975
v,0.08547472953796387, 0.6878960132598877, 2.8079092502593994
v,0.07297253608703613, 0.6752405762672424, 2.8078675270080566
v,0.06489163637161255, 0.6594238877296448, 2.807878255844116
v,0.07683217525482178, 0.6724367737770081, 2.8163697719573975
v,0.07297253608703613, 0.6752405762672424, 2.8078675270080566
v,0.062050480395555496, 0.6418859958648682, 2.8079047203063965
v,0.06943365931510925, 0.6579477787017822, 2.816394805908203
v,0.06489163637161255, 0.6594238877296448, 2.807878255844116
v,0.06507295370101929, 0.6243938207626343, 2.8078150749206543
v,0.06686151027679443, 0.6418747305870056, 2.8164174556732178
v,0.062050480395555496, 0.6418859958648682, 2.8079047203063965
v,0.07703891396522522, 0.6114722490310669, 2.8161511421203613
v,0.06507295370101929, 0.6243938207626343, 2.8078150749206543
v,0.07328854501247406, 0.6087478399276733, 2.8077332973480225
v,0.08581452816724777, 0.5963517427444458, 2.8077008724212646
v,0.07703891396522522, 0.6114722490310669, 2.8161511421203613
v,0.07328854501247406, 0.6087478399276733, 2.8077332973480225
v,0.10148018598556519, 0.5882783532142639, 2.8077313899993896
v,0.08852402865886688, 0.600077211856842, 2.816099166870117
v,0.08581452816724777, 0.5963517427444458, 2.8077008724212646
v,0.11889418214559555, 0.5854086875915527, 2.8077707290649414
v,0.1029156744480133, 0.5926924347877502, 2.816143274307251
v,0.10148018598556519, 0.5882783532142639, 2.8077313899993896
v,0.1328684687614441, 0.5988515615463257, 2.8225176334381104
v,0.11889395117759705, 0.5900816321372986, 2.816209077835083
v,0.13490097224712372, 0.5926064252853394, 2.8162200450897217
v,0.14546748995780945, 0.6053022742271423, 2.822470188140869
v,0.13490097224712372, 0.5926064252853394, 2.8162200450897217
v,0.14930839836597443, 0.6000254154205322, 2.816157341003418
v,0.15548676252365112, 0.6153062582015991, 2.822484254837036
v,0.14930839836597443, 0.6000254154205322, 2.816157341003418
v,0.1607608050107956, 0.6114721894264221, 2.8161609172821045
v,0.16816473007202148, 0.6258772015571594, 2.8162097930908203
v,0.15548676252365112, 0.6153062582015991, 2.822484254837036
v,0.1607608050107956, 0.6114721894264221, 2.8161609172821045
v,0.17078746855258942, 0.6418797373771667, 2.816286087036133
v,0.16193997859954834, 0.6279029250144958, 2.8225319385528564
v,0.16816473007202148, 0.6258772015571594, 2.8162097930908203
v,0.16198226809501648, 0.6558725237846375, 2.82258939743042
v,0.17078746855258942, 0.6418797373771667, 2.816286087036133
v,0.1682458519935608, 0.6579111218452454, 2.8162829875946045
v,0.15555095672607422, 0.6685048341751099, 2.8225910663604736
v,0.1682458519935608, 0.6579111218452454, 2.8162829875946045
v,0.1608874499797821, 0.6723853349685669, 2.816298723220825
v,0.149422749876976, 0.6839023232460022, 2.816326141357422
v,0.15555095672607422, 0.6685048341751099, 2.8225910663604736
v,0.1608874499797821, 0.6723853349685669, 2.816298723220825
v,0.13290709257125854, 0.6850447058677673, 2.8227100372314453
v,0.149422749876976, 0.6839023232460022, 2.816326141357422
v,0.13497531414031982, 0.6914186477661133, 2.8164713382720947
v,0.11890087276697159, 0.6873151063919067, 2.8228037357330322
v,0.13497531414031982, 0.6914186477661133, 2.8164713382720947
v,0.11890357732772827, 0.6941086053848267, 2.8165903091430664
v,0.10488355904817581, 0.6850916147232056, 2.822777509689331
v,0.11890357732772827, 0.6941086053848267, 2.8165903091430664
v,0.10278665274381638, 0.6915375590324402, 2.8165805339813232
v,0.09223900735378265, 0.6785842180252075, 2.822685956954956
v,0.10278665274381638, 0.6915375590324402, 2.8165805339813232
v,0.08830287307500839, 0.6840031147003174, 2.816441535949707
v,0.08222360163927078, 0.6685211658477783, 2.822633743286133
v,0.08830287307500839, 0.6840031147003174, 2.816441535949707
v,0.07683217525482178, 0.6724367737770081, 2.8163697719573975
v,0.06943365931510925, 0.6579477787017822, 2.816394805908203
v,0.08222360163927078, 0.6685211658477783, 2.822633743286133
v,0.07683217525482178, 0.6724367737770081, 2.8163697719573975
v,0.06686151027679443, 0.6418747305870056, 2.8164174556732178
v,0.07577808201313019, 0.6558864712715149, 2.822643280029297
v,0.06943365931510925, 0.6579477787017822, 2.816394805908203
v,0.07583843171596527, 0.6278973817825317, 2.8225648403167725
v,0.06686151027679443, 0.6418747305870056, 2.8164174556732178
v,0.06955747306346893, 0.6258518695831299, 2.816274881362915
v,0.08231575787067413, 0.615309476852417, 2.822474956512451
v,0.06955747306346893, 0.6258518695831299, 2.816274881362915
v,0.07703891396522522, 0.6114722490310669, 2.8161511421203613
v,0.08852402865886688, 0.600077211856842, 2.816099166870117
v,0.08231575787067413, 0.615309476852417, 2.822474956512451
v,0.07703891396522522, 0.6114722490310669, 2.8161511421203613
v,0.1029156744480133, 0.5926924347877502, 2.816143274307251
v,0.09233736246824265, 0.60532146692276, 2.822441339492798
v,0.08852402865886688, 0.600077211856842, 2.816099166870117
v,0.11889400333166122, 0.5966380834579468, 2.8225176334381104
v,0.1029156744480133, 0.5926924347877502, 2.816143274307251
v,0.11889395117759705, 0.5900816321372986, 2.816209077835083
v,0.13068856298923492, 0.6054672002792358, 2.8267548084259033
v,0.11889400333166122, 0.5966380834579468, 2.8225176334381104
v,0.1328684687614441, 0.5988515615463257, 2.8225176334381104
v,0.14132745563983917, 0.6109739542007446, 2.826695203781128
v,0.1328684687614441, 0.5988515615463257, 2.8225176334381104
v,0.14546748995780945, 0.6053022742271423, 2.822470188140869
v,0.1498279571533203, 0.6194310188293457, 2.826702833175659
v,0.14546748995780945, 0.6053022742271423, 2.822470188140869
v,0.15548676252365112, 0.6153062582015991, 2.822484254837036
v,0.16193997859954834, 0.6279029250144958, 2.8225319385528564
v,0.1498279571533203, 0.6194310188293457, 2.826702833175659
v,0.15548676252365112, 0.6153062582015991, 2.822484254837036
v,0.15737546980381012, 0.6418687105178833, 2.8268654346466064
v,0.16193997859954834, 0.6279029250144958, 2.8225319385528564
v,0.16418737173080444, 0.6418792009353638, 2.822594165802002
v,0.15545405447483063, 0.6537172198295593, 2.826849937438965
v,0.16418737173080444, 0.6418792009353638, 2.822594165802002
v,0.16198226809501648, 0.6558725237846375, 2.82258939743042
v,0.14998474717140198, 0.664445161819458, 2.82680344581604
v,0.16198226809501648, 0.6558725237846375, 2.82258939743042
v,0.15555095672607422, 0.6685048341751099, 2.8225910663604736
v,0.14553409814834595, 0.6785521507263184, 2.822627305984497
v,0.14998474717140198, 0.664445161819458, 2.82680344581604
v,0.15555095672607422, 0.6685048341751099, 2.8225910663604736
v,0.13290709257125854, 0.6850447058677673, 2.8227100372314453
v,0.14146362245082855, 0.6729905009269714, 2.826840877532959
v,0.14553409814834595, 0.6785521507263184, 2.822627305984497
v,0.11890087276697159, 0.6873151063919067, 2.8228037357330322
v,0.1307600438594818, 0.6785638928413391, 2.8268818855285645
v,0.13290709257125854, 0.6850447058677673, 2.8227100372314453
v,0.10703349858522415, 0.6785781979560852, 2.8269073963165283
v,0.11890087276697159, 0.6873151063919067, 2.8228037357330322
v,0.10488355904817581, 0.6850916147232056, 2.822777509689331
v,0.09631555527448654, 0.6730116009712219, 2.826810836791992
v,0.10488355904817581, 0.6850916147232056, 2.822777509689331
v,0.09223900735378265, 0.6785842180252075, 2.822685956954956
v,0.08222360163927078, 0.6685211658477783, 2.822633743286133
v,0.09631555527448654, 0.6730116009712219, 2.826810836791992
v,0.09223900735378265, 0.6785842180252075, 2.822685956954956
v,0.07577808201313019, 0.6558864712715149, 2.822643280029297
v,0.08781956881284714, 0.6644389629364014, 2.8268165588378906
v,0.08222360163927078, 0.6685211658477783, 2.822633743286133
v,0.07354938983917236, 0.6418774724006653, 2.82267427444458
v,0.08231647312641144, 0.6537266969680786, 2.826820135116577
v,0.07577808201313019, 0.6558864712715149, 2.822643280029297
v,0.07583843171596527, 0.6278973817825317, 2.8225648403167725
v,0.08041037619113922, 0.6418641209602356, 2.826866865158081
v,0.07354938983917236, 0.6418774724006653, 2.82267427444458
v,0.08793763816356659, 0.6194157004356384, 2.826702833175659
v,0.07583843171596527, 0.6278973817825317, 2.8225648403167725
v,0.08231575787067413, 0.615309476852417, 2.822474956512451
v,0.09233736246824265, 0.60532146692276, 2.822441339492798
v,0.08793763816356659, 0.6194157004356384, 2.826702833175659
v,0.08231575787067413, 0.615309476852417, 2.822474956512451
v,0.10493233799934387, 0.598888635635376, 2.8224639892578125
v,0.09644848853349686, 0.6109617352485657, 2.8266756534576416
v,0.09233736246824265, 0.60532146692276, 2.822441339492798
v,0.11889400333166122, 0.5966380834579468, 2.8225176334381104
v,0.10709911584854126, 0.6054926514625549, 2.826735258102417
v,0.10493233799934387, 0.598888635635376, 2.8224639892578125
v,0.13068856298923492, 0.6054672002792358, 2.8267548084259033
v,0.11889795958995819, 0.6041707992553711, 2.8282358646392822
v,0.11890146136283875, 0.6035529375076294, 2.826777696609497
v,0.14132745563983917, 0.6109739542007446, 2.826695203781128
v,0.13053342700004578, 0.6060225963592529, 2.8282229900360107
v,0.13068856298923492, 0.6054672002792358, 2.8267548084259033
v,0.1493765264749527, 0.6197376251220703, 2.828204393386841
v,0.14132745563983917, 0.6109739542007446, 2.826695203781128
v,0.1498279571533203, 0.6194310188293457, 2.826702833175659
v,0.1548861712217331, 0.6302037835121155, 2.8282196521759033
v,0.1498279571533203, 0.6194310188293457, 2.826702833175659
v,0.15539227426052094, 0.6300599575042725, 2.826794147491455
v,0.15686869621276855, 0.6418720483779907, 2.8282201290130615
v,0.15539227426052094, 0.6300599575042725, 2.826794147491455
v,0.15737546980381012, 0.6418687105178833, 2.8268654346466064
v,0.15545405447483063, 0.6537172198295593, 2.826849937438965
v,0.15686869621276855, 0.6418720483779907, 2.8282201290130615
v,0.15737546980381012, 0.6418687105178833, 2.8268654346466064
v,0.14998474717140198, 0.664445161819458, 2.82680344581604
v,0.1549646556377411, 0.6535796523094177, 2.8282179832458496
v,0.15545405447483063, 0.6537172198295593, 2.826849937438965
v,0.14123442769050598, 0.6726431846618652, 2.8281924724578857
v,0.14998474717140198, 0.664445161819458, 2.82680344581604
v,0.14146362245082855, 0.6729905009269714, 2.826840877532959
v,0.13064813613891602, 0.6781407594680786, 2.8282217979431152
v,0.14146362245082855, 0.6729905009269714, 2.826840877532959
v,0.1307600438594818, 0.6785638928413391, 2.8268818855285645
v,0.11889921873807907, 0.6800059080123901, 2.8282554149627686
v,0.1307600438594818, 0.6785638928413391, 2.8268818855285645
v,0.11889703571796417, 0.6805151104927063, 2.8269410133361816
v,0.10703349858522415, 0.6785781979560852, 2.8269073963165283
v,0.11889921873807907, 0.6800059080123901, 2.8282554149627686
v,0.11889703571796417, 0.6805151104927063, 2.8269410133361816
v,0.09631555527448654, 0.6730116009712219, 2.826810836791992
v,0.10714923590421677, 0.6781054735183716, 2.82824969291687
v,0.10703349858522415, 0.6785781979560852, 2.8269073963165283
v,0.08781956881284714, 0.6644389629364014, 2.8268165588378906
v,0.09656191617250443, 0.6726282238960266, 2.828234910964966
v,0.09631555527448654, 0.6730116009712219, 2.826810836791992
v,0.08286556601524353, 0.6535832285881042, 2.828270435333252
v,0.08781956881284714, 0.6644389629364014, 2.8268165588378906
v,0.08231647312641144, 0.6537266969680786, 2.826820135116577
v,0.08098483830690384, 0.6418779492378235, 2.828254461288452
v,0.08231647312641144, 0.6537266969680786, 2.826820135116577
v,0.08041037619113922, 0.6418641209602356, 2.826866865158081
v,0.08237729966640472, 0.6300504207611084, 2.8267855644226074
v,0.08098483830690384, 0.6418779492378235, 2.828254461288452
v,0.08041037619113922, 0.6418641209602356, 2.826866865158081
v,0.08793763816356659, 0.6194157004356384, 2.826702833175659
v,0.08290432393550873, 0.630203127861023, 2.828230381011963
v,0.08237729966640472, 0.6300504207611084, 2.8267855644226074
v,0.09644848853349686, 0.6109617352485657, 2.8266756534576416
v,0.08840587735176086, 0.619735836982727, 2.828216791152954
v,0.08793763816356659, 0.6194157004356384, 2.826702833175659
v,0.10726676136255264, 0.60606449842453, 2.828219175338745
v,0.09644848853349686, 0.6109617352485657, 2.8266756534576416
v,0.10709911584854126, 0.6054926514625549, 2.826735258102417
v,0.11889795958995819, 0.6041707992553711, 2.8282358646392822
v,0.10709911584854126, 0.6054926514625549, 2.826735258102417
v,0.11890146136283875, 0.6035529375076294, 2.826777696609497
v,0.13081762194633484, 0.6051779389381409, 2.8320443630218506
v,0.11889795958995819, 0.6041707992553711, 2.8282358646392822
v,0.13053342700004578, 0.6060225963592529, 2.8282229900360107
v,0.14151184260845184, 0.6107548475265503, 2.8320469856262207
v,0.13053342700004578, 0.6060225963592529, 2.8282229900360107
v,0.14102259278297424, 0.6114177107810974, 2.828212022781372
v,0.1493765264749527, 0.6197376251220703, 2.828204393386841
v,0.14151184260845184, 0.6107548475265503, 2.8320469856262207
v,0.14102259278297424, 0.6114177107810974, 2.828212022781372
v,0.1548861712217331, 0.6302037835121155, 2.8282196521759033
v,0.15003858506679535, 0.619251549243927, 2.832050323486328
v,0.1493765264749527, 0.6197376251220703, 2.828204393386841
v,0.15686869621276855, 0.6418720483779907, 2.8282201290130615
v,0.15567252039909363, 0.6299397349357605, 2.832070827484131
v,0.1548861712217331, 0.6302037835121155, 2.8282196521759033
v,0.1549646556377411, 0.6535796523094177, 2.8282179832458496
v,0.15773972868919373, 0.6418771147727966, 2.832054853439331
v,0.15686869621276855, 0.6418720483779907, 2.8282201290130615
v,0.14961430430412292, 0.6641885638237, 2.8282103538513184
v,0.1558387279510498, 0.6538721323013306, 2.8320188522338867
v,0.1549646556377411, 0.6535796523094177, 2.8282179832458496
v,0.14123442769050598, 0.6726431846618652, 2.8281924724578857
v,0.1503482609987259, 0.6647432446479797, 2.8320393562316895
v,0.14961430430412292, 0.6641885638237, 2.8282103538513184
v,0.13064813613891602, 0.6781407594680786, 2.8282217979431152
v,0.1417435109615326, 0.6733365058898926, 2.8320388793945312
v,0.14123442769050598, 0.6726431846618652, 2.8281924724578857
v,0.1189102977514267, 0.6807961463928223, 2.8320324420928955
v,0.13064813613891602, 0.6781407594680786, 2.8282217979431152
v,0.11889921873807907, 0.6800059080123901, 2.8282554149627686
v,0.10689880698919296, 0.6788231730461121, 2.8320322036743164
v,0.11889921873807907, 0.6800059080123901, 2.8282554149627686
v,0.10714923590421677, 0.6781054735183716, 2.82824969291687
v,0.09616828709840775, 0.6731518507003784, 2.8320529460906982
v,0.10714923590421677, 0.6781054735183716, 2.82824969291687
v,0.09656191617250443, 0.6726282238960266, 2.828234910964966
v,0.08818421512842178, 0.6641876697540283, 2.8282017707824707
v,0.09616828709840775, 0.6731518507003784, 2.8320529460906982
v,0.09656191617250443, 0.6726282238960266, 2.828234910964966
v,0.08236092329025269, 0.6537538766860962, 2.8320508003234863
v,0.08818421512842178, 0.6641876697540283, 2.8282017707824707
v,0.08286556601524353, 0.6535832285881042, 2.828270435333252
v,0.08098483830690384, 0.6418779492378235, 2.828254461288452
v,0.08236092329025269, 0.6537538766860962, 2.8320508003234863
v,0.08286556601524353, 0.6535832285881042, 2.828270435333252
v,0.08290432393550873, 0.630203127861023, 2.828230381011963
v,0.08028006553649902, 0.6418853402137756, 2.8320488929748535
v,0.08098483830690384, 0.6418779492378235, 2.828254461288452
v,0.08772057294845581, 0.6192293763160706, 2.8320446014404297
v,0.08290432393550873, 0.630203127861023, 2.828230381011963
v,0.08840587735176086, 0.619735836982727, 2.828216791152954
v,0.09625722467899323, 0.6107340455055237, 2.8320536613464355
v,0.08840587735176086, 0.619735836982727, 2.828216791152954
v,0.09677138179540634, 0.6114197969436646, 2.8281943798065186
v,0.10698196291923523, 0.6052122712135315, 2.8320319652557373
v,0.09677138179540634, 0.6114197969436646, 2.8281943798065186
v,0.10726676136255264, 0.60606449842453, 2.828219175338745
v,0.11889795958995819, 0.6041707992553711, 2.8282358646392822
v,0.10698196291923523, 0.6052122712135315, 2.8320319652557373
v,0.10726676136255264, 0.60606449842453, 2.828219175338745
v,0.13081762194633484, 0.6051779389381409, 2.8320443630218506
v,0.1188952848315239, 0.6045244336128235, 2.835190773010254
v,0.11889846622943878, 0.6032483577728271, 2.832045555114746
v,0.1408190131187439, 0.6116938591003418, 2.835146903991699
v,0.13081762194633484, 0.6051779389381409, 2.8320443630218506
v,0.14151184260845184, 0.6107548475265503, 2.8320469856262207
v,0.1490897685289383, 0.6199508309364319, 2.8351542949676514
v,0.14151184260845184, 0.6107548475265503, 2.8320469856262207
v,0.15003858506679535, 0.619251549243927, 2.832050323486328
v,0.15442794561386108, 0.6303389668464661, 2.835195779800415
v,0.15003858506679535, 0.619251549243927, 2.832050323486328
v,0.15567252039909363, 0.6299397349357605, 2.832070827484131
v,0.15634532272815704, 0.6418667435646057, 2.835294008255005
v,0.15567252039909363, 0.6299397349357605, 2.832070827484131
v,0.15773972868919373, 0.6418771147727966, 2.832054853439331
v,0.1558387279510498, 0.6538721323013306, 2.8320188522338867
v,0.15634532272815704, 0.6418667435646057, 2.835294008255005
v,0.15773972868919373, 0.6418771147727966, 2.832054853439331
v,0.1492595374584198, 0.6639403700828552, 2.8353652954101562
v,0.1558387279510498, 0.6538721323013306, 2.8320188522338867
v,0.1503482609987259, 0.6647432446479797, 2.8320393562316895
v,0.14097413420677185, 0.6722747683525085, 2.8353638648986816
v,0.1503482609987259, 0.6647432446479797, 2.8320393562316895
v,0.1417435109615326, 0.6733365058898926, 2.8320388793945312
v,0.13050924241542816, 0.6776788830757141, 2.8354437351226807
v,0.1417435109615326, 0.6733365058898926, 2.8320388793945312
v,0.13094016909599304, 0.6789909601211548, 2.832030773162842
v,0.1189102977514267, 0.6807961463928223, 2.8320324420928955
v,0.13050924241542816, 0.6776788830757141, 2.8354437351226807
v,0.13094016909599304, 0.6789909601211548, 2.832030773162842
v,0.10689880698919296, 0.6788231730461121, 2.8320322036743164
v,0.11890155076980591, 0.6795012354850769, 2.8354222774505615
v,0.1189102977514267, 0.6807961463928223, 2.8320324420928955
v,0.09616828709840775, 0.6731518507003784, 2.8320529460906982
v,0.1072782352566719, 0.6776599287986755, 2.83538556098938
v,0.10689880698919296, 0.6788231730461121, 2.8320322036743164
v,0.08861993253231049, 0.6638739109039307, 2.8352715969085693
v,0.09616828709840775, 0.6731518507003784, 2.8320529460906982
v,0.08756141364574432, 0.6646445989608765, 2.8320744037628174
v,0.08236092329025269, 0.6537538766860962, 2.8320508003234863
v,0.08861993253231049, 0.6638739109039307, 2.8352715969085693
v,0.08756141364574432, 0.6646445989608765, 2.8320744037628174
v,0.08152242004871368, 0.6418841481208801, 2.835211753845215
v,0.08236092329025269, 0.6537538766860962, 2.8320508003234863
v,0.08028006553649902, 0.6418853402137756, 2.8320488929748535
v,0.0833369642496109, 0.6303340196609497, 2.8352246284484863
v,0.08028006553649902, 0.6418853402137756, 2.8320488929748535
v,0.08210159838199615, 0.6299377083778381, 2.8320517539978027
v,0.08772057294845581, 0.6192293763160706, 2.8320446014404297
v,0.0833369642496109, 0.6303340196609497, 2.8352246284484863
v,0.08210159838199615, 0.6299377083778381, 2.8320517539978027
v,0.09697940945625305, 0.6117294430732727, 2.835127830505371
v,0.08772057294845581, 0.6192293763160706, 2.8320446014404297
v,0.09625722467899323, 0.6107340455055237, 2.8320536613464355
v,0.10698196291923523, 0.6052122712135315, 2.8320319652557373
v,0.09697940945625305, 0.6117294430732727, 2.835127830505371
v,0.09625722467899323, 0.6107340455055237, 2.8320536613464355
v,0.1188952848315239, 0.6045244336128235, 2.835190773010254
v,0.10698196291923523, 0.6052122712135315, 2.8320319652557373
v,0.11889846622943878, 0.6032483577728271, 2.832045555114746
v,0.1304309368133545, 0.6063660383224487, 2.835202693939209
v,0.11889750510454178, 0.607695996761322, 2.8377978801727295
v,0.1188952848315239, 0.6045244336128235, 2.835190773010254
v,0.1408190131187439, 0.6116938591003418, 2.835146903991699
v,0.1294540911912918, 0.6093850135803223, 2.837770700454712
v,0.1304309368133545, 0.6063660383224487, 2.835202693939209
v,0.1490897685289383, 0.6199508309364319, 2.8351542949676514
v,0.13898102939128876, 0.61423259973526, 2.8377678394317627
v,0.1408190131187439, 0.6116938591003418, 2.835146903991699
v,0.15145355463027954, 0.6313055157661438, 2.8378381729125977
v,0.1490897685289383, 0.6199508309364319, 2.8351542949676514
v,0.15442794561386108, 0.6303389668464661, 2.835195779800415
v,0.15634532272815704, 0.6418667435646057, 2.835294008255005
v,0.15145355463027954, 0.6313055157661438, 2.8378381729125977
v,0.15442794561386108, 0.6303389668464661, 2.835195779800415
v,0.15458902716636658, 0.6534707546234131, 2.835376024246216
v,0.15312650799751282, 0.6418749094009399, 2.8378798961639404
v,0.15634532272815704, 0.6418667435646057, 2.835294008255005
v,0.1492595374584198, 0.6639403700828552, 2.8353652954101562
v,0.15147852897644043, 0.6524673700332642, 2.837925910949707
v,0.15458902716636658, 0.6534707546234131, 2.835376024246216
v,0.13905882835388184, 0.6696307063102722, 2.8379909992218018
v,0.1492595374584198, 0.6639403700828552, 2.8353652954101562
v,0.14097413420677185, 0.6722747683525085, 2.8353638648986816
v,0.1294925957918167, 0.6745208501815796, 2.838042974472046
v,0.14097413420677185, 0.6722747683525085, 2.8353638648986816
v,0.13050924241542816, 0.6776788830757141, 2.8354437351226807
v,0.11889816075563431, 0.6762081980705261, 2.8380589485168457
v,0.13050924241542816, 0.6776788830757141, 2.8354437351226807
v,0.11890155076980591, 0.6795012354850769, 2.8354222774505615
v,0.10829585045576096, 0.6745228171348572, 2.838040351867676
v,0.11890155076980591, 0.6795012354850769, 2.8354222774505615
v,0.1072782352566719, 0.6776599287986755, 2.83538556098938
v,0.09874172508716583, 0.669609010219574, 2.837948799133301
v,0.1072782352566719, 0.6776599287986755, 2.83538556098938
v,0.09684131294488907, 0.6722161769866943, 2.8352649211883545
v,0.08861993253231049, 0.6638739109039307, 2.8352715969085693
v,0.09874172508716583, 0.669609010219574, 2.837948799133301
v,0.09684131294488907, 0.6722161769866943, 2.8352649211883545
v,0.0833946168422699, 0.6534203290939331, 2.8351552486419678
v,0.09119794517755508, 0.6619994044303894, 2.8378655910491943
v,0.08861993253231049, 0.6638739109039307, 2.8352715969085693
v,0.08152242004871368, 0.6418841481208801, 2.835211753845215
v,0.08636520802974701, 0.6524489521980286, 2.8378098011016846
v,0.0833946168422699, 0.6534203290939331, 2.8351552486419678
v,0.08635790646076202, 0.6313140392303467, 2.837834596633911
v,0.08152242004871368, 0.6418841481208801, 2.835211753845215
v,0.0833369642496109, 0.6303340196609497, 2.8352246284484863
v,0.08869221806526184, 0.6199391484260559, 2.8351681232452393
v,0.08635790646076202, 0.6313140392303467, 2.837834596633911
v,0.0833369642496109, 0.6303340196609497, 2.8352246284484863
v,0.09697940945625305, 0.6117294430732727, 2.835127830505371
v,0.09121784567832947, 0.6217775940895081, 2.837815761566162
v,0.08869221806526184, 0.6199391484260559, 2.8351681232452393
v,0.10833132266998291, 0.6093525886535645, 2.837822914123535
v,0.09697940945625305, 0.6117294430732727, 2.835127830505371
v,0.10735749453306198, 0.6063337922096252, 2.8351991176605225
v,0.11889750510454178, 0.607695996761322, 2.8377978801727295
v,0.10735749453306198, 0.6063337922096252, 2.8351991176605225
v,0.1188952848315239, 0.6045244336128235, 2.835190773010254
v,0.12768825888633728, 0.6148163676261902, 2.8408865928649902
v,0.11889750510454178, 0.607695996761322, 2.8377978801727295
v,0.1294540911912918, 0.6093850135803223, 2.837770700454712
v,0.13562658429145813, 0.618851900100708, 2.840898036956787
v,0.1294540911912918, 0.6093850135803223, 2.837770700454712
v,0.13898102939128876, 0.61423259973526, 2.8377678394317627
v,0.14192703366279602, 0.6251482963562012, 2.8409056663513184
v,0.13898102939128876, 0.61423259973526, 2.8377678394317627
v,0.14656952023506165, 0.6217735409736633, 2.8378055095672607
v,0.14599451422691345, 0.6330742835998535, 2.840933322906494
v,0.14656952023506165, 0.6217735409736633, 2.8378055095672607
v,0.15145355463027954, 0.6313055157661438, 2.8378381729125977
v,0.14743848145008087, 0.6418769955635071, 2.8409438133239746
v,0.15145355463027954, 0.6313055157661438, 2.8378381729125977
v,0.15312650799751282, 0.6418749094009399, 2.8378798961639404
v,0.14606282114982605, 0.6507086753845215, 2.840970754623413
v,0.15312650799751282, 0.6418749094009399, 2.8378798961639404
v,0.15147852897644043, 0.6524673700332642, 2.837925910949707
v,0.14202870428562164, 0.6586863994598389, 2.84100079536438
v,0.15147852897644043, 0.6524673700332642, 2.837925910949707
v,0.1466214954853058, 0.6620219349861145, 2.837939500808716
v,0.13571812212467194, 0.665032148361206, 2.8410253524780273
v,0.1466214954853058, 0.6620219349861145, 2.837939500808716
v,0.13905882835388184, 0.6696307063102722, 2.8379909992218018
v,0.1294925957918167, 0.6745208501815796, 2.838042974472046
v,0.13571812212467194, 0.665032148361206, 2.8410253524780273
v,0.13905882835388184, 0.6696307063102722, 2.8379909992218018
v,0.11889816075563431, 0.6762081980705261, 2.8380589485168457
v,0.12773466110229492, 0.6691068410873413, 2.8410305976867676
v,0.1294925957918167, 0.6745208501815796, 2.838042974472046
v,0.11006222665309906, 0.6691073775291443, 2.8410332202911377
v,0.11889816075563431, 0.6762081980705261, 2.8380589485168457
v,0.10829585045576096, 0.6745228171348572, 2.838040351867676
v,0.1020640879869461, 0.6650503873825073, 2.8410427570343018
v,0.10829585045576096, 0.6745228171348572, 2.838040351867676
v,0.09874172508716583, 0.669609010219574, 2.837948799133301
v,0.09119794517755508, 0.6619994044303894, 2.8378655910491943
v,0.1020640879869461, 0.6650503873825073, 2.8410427570343018
v,0.09874172508716583, 0.669609010219574, 2.837948799133301
v,0.09170243889093399, 0.6507117748260498, 2.8410074710845947
v,0.09119794517755508, 0.6619994044303894, 2.8378655910491943
v,0.08636520802974701, 0.6524489521980286, 2.8378098011016846
v,0.08469653129577637, 0.6418842673301697, 2.8378207683563232
v,0.09170243889093399, 0.6507117748260498, 2.8410074710845947
v,0.08636520802974701, 0.6524489521980286, 2.8378098011016846
v,0.08635790646076202, 0.6313140392303467, 2.837834596633911
v,0.09033581614494324, 0.6418777704238892, 2.8409783840179443
v,0.08469653129577637, 0.6418842673301697, 2.8378207683563232
v,0.09121784567832947, 0.6217775940895081, 2.837815761566162
v,0.09177528321743011, 0.6330682635307312, 2.840939521789551
v,0.08635790646076202, 0.6313140392303467, 2.837834596633911
v,0.0987883135676384, 0.6142036318778992, 2.837810754776001
v,0.0958574116230011, 0.6251434087753296, 2.840902328491211
v,0.09121784567832947, 0.6217775940895081, 2.837815761566162
v,0.10833132266998291, 0.6093525886535645, 2.837822914123535
v,0.10217238962650299, 0.6188638210296631, 2.84087872505188
v,0.0987883135676384, 0.6142036318778992, 2.837810754776001
v,0.11889420449733734, 0.6134350299835205, 2.8408761024475098
v,0.10833132266998291, 0.6093525886535645, 2.837822914123535
v,0.11889750510454178, 0.607695996761322, 2.8377978801727295
v,0.12704788148403168, 0.6167855858802795, 2.8435893058776855
v,0.11889420449733734, 0.6134350299835205, 2.8408761024475098
v,0.12768825888633728, 0.6148163676261902, 2.8408865928649902
v,0.13442522287368774, 0.6205002069473267, 2.843606948852539
v,0.12768825888633728, 0.6148163676261902, 2.8408865928649902
v,0.13562658429145813, 0.618851900100708, 2.840898036956787
v,0.14031365513801575, 0.6263152956962585, 2.843628406524658
v,0.13562658429145813, 0.618851900100708, 2.840898036956787
v,0.14192703366279602, 0.6251482963562012, 2.8409056663513184
v,0.144133523106575, 0.6336750984191895, 2.8436553478240967
v,0.14192703366279602, 0.6251482963562012, 2.8409056663513184
v,0.14599451422691345, 0.6330742835998535, 2.840933322906494
v,0.14549469947814941, 0.6418735384941101, 2.843683958053589
v,0.14599451422691345, 0.6330742835998535, 2.840933322906494
v,0.14743848145008087, 0.6418769955635071, 2.8409438133239746
v,0.14423827826976776, 0.6501151323318481, 2.843707323074341
v,0.14743848145008087, 0.6418769955635071, 2.8409438133239746
v,0.14606282114982605, 0.6507086753845215, 2.840970754623413
v,0.1405041366815567, 0.6575765609741211, 2.8437254428863525
v,0.14606282114982605, 0.6507086753845215, 2.840970754623413
v,0.14202870428562164, 0.6586863994598389, 2.84100079536438
v,0.13462455570697784, 0.6635204553604126, 2.8437466621398926
v,0.14202870428562164, 0.6586863994598389, 2.84100079536438
v,0.13571812212467194, 0.665032148361206, 2.8410253524780273
v,0.12716616690158844, 0.667349636554718, 2.8437585830688477
v,0.13571812212467194, 0.665032148361206, 2.8410253524780273
v,0.12773466110229492, 0.6691068410873413, 2.8410305976867676
v,0.11889656633138657, 0.668664276599884, 2.8437631130218506
v,0.12773466110229492, 0.6691068410873413, 2.8410305976867676
v,0.11889505386352539, 0.6705049276351929, 2.841029405593872
v,0.11006222665309906, 0.6691073775291443, 2.8410332202911377
v,0.11889656633138657, 0.668664276599884, 2.8437631130218506
v,0.11889505386352539, 0.6705049276351929, 2.841029405593872
v,0.1020640879869461, 0.6650503873825073, 2.8410427570343018
v,0.11061154305934906, 0.6673255562782288, 2.8437552452087402
v,0.11006222665309906, 0.6691073775291443, 2.8410332202911377
v,0.09574902802705765, 0.6587004065513611, 2.841041326522827
v,0.10319685190916061, 0.663479745388031, 2.84374737739563
v,0.1020640879869461, 0.6650503873825073, 2.8410427570343018
v,0.09170243889093399, 0.6507117748260498, 2.8410074710845947
v,0.09734191000461578, 0.6575406193733215, 2.8437211513519287
v,0.09574902802705765, 0.6587004065513611, 2.841041326522827
v,0.09235244244337082, 0.6418789625167847, 2.8436777591705322
v,0.09170243889093399, 0.6507117748260498, 2.8410074710845947
v,0.09033581614494324, 0.6418777704238892, 2.8409783840179443
v,0.09368185698986053, 0.6336890459060669, 2.8436479568481445
v,0.09033581614494324, 0.6418777704238892, 2.8409783840179443
v,0.09177528321743011, 0.6330682635307312, 2.840939521789551
v,0.09747382253408432, 0.6263183355331421, 2.843630313873291
v,0.09177528321743011, 0.6330682635307312, 2.840939521789551
v,0.0958574116230011, 0.6251434087753296, 2.840902328491211
v,0.10217238962650299, 0.6188638210296631, 2.84087872505188
v,0.09747382253408432, 0.6263183355331421, 2.843630313873291
v,0.0958574116230011, 0.6251434087753296, 2.840902328491211
v,0.11010720580816269, 0.6148315668106079, 2.840869665145874
v,0.10335779935121536, 0.6204931735992432, 2.843611001968384
v,0.10217238962650299, 0.6188638210296631, 2.84087872505188
v,0.11889420449733734, 0.6134350299835205, 2.8408761024475098
v,0.11074035614728928, 0.6167781352996826, 2.8435921669006348
v,0.11010720580816269, 0.6148315668106079, 2.840869665145874
v,0.09971785545349121, 0.6558135747909546, 2.8512730598449707
v,0.10648874938488007, 0.6589518189430237, 2.862250804901123
v,0.10491673648357391, 0.6611111760139465, 2.85129714012146
v,0.11164822429418564, 0.6195785999298096, 2.8511953353881836
v,0.11889251321554184, 0.6210734248161316, 2.862196445465088
v,0.11246334761381149, 0.6220945119857788, 2.8621950149536133
v,0.1381782442331314, 0.6558866500854492, 2.851314067840576
v,0.13134677708148956, 0.6590040922164917, 2.862267017364502
v,0.13600505888462067, 0.6543090343475342, 2.8622632026672363
v,0.13271349668502808, 0.6228524446487427, 2.8512156009674072
v,0.1358107030391693, 0.6295809745788574, 2.8622190952301025
v,0.13114894926548004, 0.6250040531158447, 2.8622071743011475
v,0.09529469162225723, 0.6418789029121399, 2.8512423038482666
v,0.09893172234296799, 0.6483607292175293, 2.86222767829895
v,0.09640821814537048, 0.6491816639900208, 2.8512537479400635
v,0.1262684315443039, 0.664589524269104, 2.8513314723968506
v,0.1188986673951149, 0.6630621552467346, 2.8622679710388184
v,0.1254384070634842, 0.6620285511016846, 2.8622708320617676
v,0.14261847734451294, 0.6418589353561401, 2.8512797355651855
v,0.1388450562953949, 0.6353873610496521, 2.862231969833374
v,0.1413860321044922, 0.6345639824867249, 2.8512582778930664
v,0.09986604750156403, 0.6280550956726074, 2.85122013092041
v,0.09902037680149078, 0.6354232430458069, 2.862210750579834
v,0.09648715704679489, 0.6345997452735901, 2.851231336593628
v,0.11152097582817078, 0.6645424962043762, 2.8513176441192627
v,0.10648874938488007, 0.6589518189430237, 2.862250804901123
v,0.11234961450099945, 0.6619950532913208, 2.862260580062866
v,0.1381782442331314, 0.6558866500854492, 2.851314067840576
v,0.13897009193897247, 0.648402214050293, 2.862253427505493
v,0.14151357114315033, 0.6492303609848022, 2.851297616958618
v,0.13271349668502808, 0.6228524446487427, 2.8512156009674072
v,0.12532544136047363, 0.6220793128013611, 2.862199544906616
v,0.12614421546459198, 0.619561493396759, 2.8511993885040283
v,0.10509519279003143, 0.6228863000869751, 2.851206064224243
v,0.11246334761381149, 0.6220945119857788, 2.8621950149536133
v,0.10665661096572876, 0.6250383853912354, 2.862196922302246
v,0.09640821814537048, 0.6491816639900208, 2.8512537479400635
v,0.10185574740171432, 0.6542348265647888, 2.862239360809326
v,0.09971785545349121, 0.6558135747909546, 2.8512730598449707
v,0.1262684315443039, 0.664589524269104, 2.8513314723968506
v,0.13134677708148956, 0.6590040922164917, 2.862267017364502
v,0.13292859494686127, 0.6611853837966919, 2.8513269424438477
v,0.1379687637090683, 0.6280151605606079, 2.851235866546631
v,0.1388450562953949, 0.6353873610496521, 2.862231969833374
v,0.1358107030391693, 0.6295809745788574, 2.8622190952301025
v,0.09648715704679489, 0.6345997452735901, 2.851231336593628
v,0.09795570373535156, 0.6418789029121399, 2.8622186183929443
v,0.09529469162225723, 0.6418789029121399, 2.8512423038482666
v,0.11889602243900299, 0.6657448410987854, 2.851328134536743
v,0.11234961450099945, 0.6619950532913208, 2.862260580062866
v,0.1188986673951149, 0.6630621552467346, 2.8622679710388184
v,0.14151357114315033, 0.6492303609848022, 2.851297616958618
v,0.13994280993938446, 0.6418812870979309, 2.8622453212738037
v,0.14261847734451294, 0.6418589353561401, 2.8512797355651855
v,0.11889369040727615, 0.6184334754943848, 2.851193428039551
v,0.12532544136047363, 0.6220793128013611, 2.862199544906616
v,0.11889251321554184, 0.6210734248161316, 2.862196445465088
v,0.09902037680149078, 0.6354232430458069, 2.862210750579834
v,0.10387559235095978, 0.6309672594070435, 2.881648302078247
v,0.10115063190460205, 0.6361162662506104, 2.88165545463562
v,0.13114894926548004, 0.6250040531158447, 2.8622071743011475
v,0.1245930939912796, 0.6243348121643066, 2.8816351890563965
v,0.12532544136047363, 0.6220793128013611, 2.862199544906616
v,0.1254384070634842, 0.6620285511016846, 2.8622708320617676
v,0.12990091741085052, 0.6570332050323486, 2.8816587924957275
v,0.13134677708148956, 0.6590040922164917, 2.862267017364502
v,0.09795570373535156, 0.6418789029121399, 2.8622186183929443
v,0.10115063190460205, 0.6361162662506104, 2.88165545463562
v,0.1001838892698288, 0.6418821811676025, 2.881657123565674
v,0.12532544136047363, 0.6220793128013611, 2.862199544906616
v,0.1188933476805687, 0.6234397888183594, 2.8816328048706055
v,0.11889251321554184, 0.6210734248161316, 2.862196445465088
v,0.13134677708148956, 0.6590040922164917, 2.862267017364502
v,0.13402409851551056, 0.6528663635253906, 2.881657361984253
v,0.13600505888462067, 0.6543090343475342, 2.8622632026672363
v,0.09893172234296799, 0.6483607292175293, 2.86222767829895
v,0.1001838892698288, 0.6418821811676025, 2.881657123565674
v,0.10107700526714325, 0.647668182849884, 2.8816611766815186
v,0.13897009193897247, 0.648402214050293, 2.862253427505493
v,0.13402409851551056, 0.6528663635253906, 2.881657361984253
v,0.13663612306118011, 0.6476428508758545, 2.8816590309143066
v,0.10185574740171432, 0.6542348265647888, 2.862239360809326
v,0.10107700526714325, 0.647668182849884, 2.8816611766815186
v,0.10371777415275574, 0.6529024839401245, 2.881661891937256
v,0.13994280993938446, 0.6418812870979309, 2.8622453212738037
v,0.13663612306118011, 0.6476428508758545, 2.8816590309143066
v,0.13751235604286194, 0.641883373260498, 2.8816566467285156
v,0.10648874938488007, 0.6589518189430237, 2.862250804901123
v,0.10371777415275574, 0.6529024839401245, 2.881661891937256
v,0.1078658327460289, 0.6570726633071899, 2.881662607192993
v,0.11889251321554184, 0.6210734248161316, 2.862196445465088
v,0.1131938174366951, 0.6243330240249634, 2.8816332817077637
v,0.11246334761381149, 0.6220945119857788, 2.8621950149536133
v,0.13994280993938446, 0.6418812870979309, 2.8622453212738037
v,0.13655024766921997, 0.6361382603645325, 2.8816540241241455
v,0.1388450562953949, 0.6353873610496521, 2.862231969833374
v,0.11234961450099945, 0.6619950532913208, 2.862260580062866
v,0.1078658327460289, 0.6570726633071899, 2.881662607192993
v,0.11309199780225754, 0.6597394943237305, 2.8816657066345215
v,0.10665661096572876, 0.6250383853912354, 2.862196922302246
v,0.1131938174366951, 0.6243330240249634, 2.8816332817077637
v,0.10802413523197174, 0.626916766166687, 2.8816423416137695
v,0.1388450562953949, 0.6353873610496521, 2.862231969833374
v,0.13387055695056915, 0.6309957504272461, 2.8816471099853516
v,0.1358107030391693, 0.6295809745788574, 2.8622190952301025
v,0.1188986673951149, 0.6630621552467346, 2.8622679710388184
v,0.11309199780225754, 0.6597394943237305, 2.8816657066345215
v,0.1189153864979744, 0.6606618762016296, 2.881664991378784
v,0.10202252864837646, 0.629622220993042, 2.8622028827667236
v,0.10802413523197174, 0.626916766166687, 2.8816423416137695
v,0.10387559235095978, 0.6309672594070435, 2.881648302078247
v,0.1358107030391693, 0.6295809745788574, 2.8622190952301025
v,0.12974941730499268, 0.6269362568855286, 2.8816404342651367
v,0.13114894926548004, 0.6250040531158447, 2.8622071743011475
v,0.1254384070634842, 0.6620285511016846, 2.8622708320617676
v,0.1189153864979744, 0.6606618762016296, 2.881664991378784
v,0.12469512969255447, 0.6597176194190979, 2.8816635608673096
v,0.1188933476805687, 0.6234397888183594, 2.8816328048706055
v,0.11339446157217026, 0.6248974800109863, 2.8975331783294678
v,0.1131938174366951, 0.6243330240249634, 2.8816332817077637
v,0.13655024766921997, 0.6361382603645325, 2.8816540241241455
v,0.13700194656848907, 0.6418779492378235, 2.8974151611328125
v,0.1360744833946228, 0.6363061666488647, 2.897423267364502
v,0.11309199780225754, 0.6597394943237305, 2.8816657066345215
v,0.1082543432712555, 0.6565671563148499, 2.8975088596343994
v,0.11329463869333267, 0.6591945886611938, 2.897510290145874
v,0.1131938174366951, 0.6243330240249634, 2.8816332817077637
v,0.10842429846525192, 0.627460777759552, 2.897533655166626
v,0.10802413523197174, 0.626916766166687, 2.8816423416137695
v,0.13387055695056915, 0.6309957504272461, 2.8816471099853516
v,0.1360744833946228, 0.6363061666488647, 2.897423267364502
v,0.1334591656923294, 0.63129061460495, 2.8974649906158447
v,0.11309199780225754, 0.6597394943237305, 2.8816657066345215
v,0.1188739687204361, 0.6601265668869019, 2.8974850177764893
v,0.1189153864979744, 0.6606618762016296, 2.881664991378784
v,0.10387559235095978, 0.6309672594070435, 2.881648302078247
v,0.10842429846525192, 0.627460777759552, 2.897533655166626
v,0.10443121939897537, 0.631384551525116, 2.8975625038146973
v,0.12974941730499268, 0.6269362568855286, 2.8816404342651367
v,0.1334591656923294, 0.63129061460495, 2.8974649906158447
v,0.12943832576274872, 0.6273444294929504, 2.8975183963775635
v,0.1189153864979744, 0.6606618762016296, 2.881664991378784
v,0.12452024966478348, 0.6592353582382202, 2.8974416255950928
v,0.12469512969255447, 0.6597176194190979, 2.8816635608673096
v,0.10115063190460205, 0.6361162662506104, 2.88165545463562
v,0.10443121939897537, 0.631384551525116, 2.8975625038146973
v,0.10180477052927017, 0.6363569498062134, 2.8975746631622314
v,0.12974941730499268, 0.6269362568855286, 2.8816404342651367
v,0.12440483272075653, 0.6248683333396912, 2.8975048065185547
v,0.1245930939912796, 0.6243348121643066, 2.8816351890563965
v,0.12469512969255447, 0.6597176194190979, 2.8816635608673096
v,0.12960010766983032, 0.6566269397735596, 2.897426128387451
v,0.12990091741085052, 0.6570332050323486, 2.8816587924957275
v,0.1001838892698288, 0.6418821811676025, 2.881657123565674
v,0.10180477052927017, 0.6363569498062134, 2.8975746631622314
v,0.10089871287345886, 0.6418683528900146, 2.8975963592529297
v,0.1188933476805687, 0.6234397888183594, 2.8816328048706055
v,0.12440483272075653, 0.6248683333396912, 2.8975048065185547
v,0.11888829618692398, 0.6240018606185913, 2.8975346088409424
v,0.12990091741085052, 0.6570332050323486, 2.8816587924957275
v,0.13363483548164368, 0.6525794863700867, 2.897418975830078
v,0.13402409851551056, 0.6528663635253906, 2.881657361984253
v,0.10107700526714325, 0.647668182849884, 2.8816611766815186
v,0.10089871287345886, 0.6418683528900146, 2.8975963592529297
v,0.10172934830188751, 0.6474213600158691, 2.8976266384124756
v,0.13663612306118011, 0.6476428508758545, 2.8816590309143066
v,0.13363483548164368, 0.6525794863700867, 2.897418975830078
v,0.13620378077030182, 0.6474876999855042, 2.8974287509918213
v,0.10107700526714325, 0.647668182849884, 2.8816611766815186
v,0.1042645126581192, 0.6524768471717834, 2.897555351257324
v,0.10371777415275574, 0.6529024839401245, 2.881661891937256
v,0.13663612306118011, 0.6476428508758545, 2.8816590309143066
v,0.13700194656848907, 0.6418779492378235, 2.8974151611328125
v,0.13751235604286194, 0.641883373260498, 2.8816566467285156
v,0.10371777415275574, 0.6529024839401245, 2.881661891937256
v,0.1082543432712555, 0.6565671563148499, 2.8975088596343994
v,0.1078658327460289, 0.6570726633071899, 2.881662607192993
v,0.12960010766983032, 0.6566269397735596, 2.897426128387451
v,0.14018769562244415, 0.6573523879051208, 2.8991832733154297
v,0.13363483548164368, 0.6525794863700867, 2.897418975830078
v,0.10172934830188751, 0.6474213600158691, 2.8976266384124756
v,0.09257714450359344, 0.6418817639350891, 2.899200201034546
v,0.09386055916547775, 0.6500121355056763, 2.8991527557373047
v,0.13363483548164368, 0.6525794863700867, 2.897418975830078
v,0.14392414689064026, 0.6500082612037659, 2.8991966247558594
v,0.13620378077030182, 0.6474876999855042, 2.8974287509918213
v,0.1042645126581192, 0.6524768471717834, 2.897555351257324
v,0.09386055916547775, 0.6500121355056763, 2.8991527557373047
v,0.09759966284036636, 0.657355546951294, 2.899174213409424
v,0.13620378077030182, 0.6474876999855042, 2.8974287509918213
v,0.14520607888698578, 0.6418816447257996, 2.899233341217041
v,0.13700194656848907, 0.6418779492378235, 2.8974151611328125
v,0.1082543432712555, 0.6565671563148499, 2.8975088596343994
v,0.09759966284036636, 0.657355546951294, 2.899174213409424
v,0.10342543572187424, 0.6631781458854675, 2.8991756439208984
v,0.11888829618692398, 0.6240018606185913, 2.8975346088409424
v,0.1107698455452919, 0.6168678402900696, 2.899287700653076
v,0.11339446157217026, 0.6248974800109863, 2.8975331783294678
v,0.13700194656848907, 0.6418779492378235, 2.8974151611328125
v,0.1439138650894165, 0.6337570548057556, 2.8992393016815186
v,0.1360744833946228, 0.6363061666488647, 2.897423267364502
v,0.11329463869333267, 0.6591945886611938, 2.897510290145874
v,0.10342543572187424, 0.6631781458854675, 2.8991756439208984
v,0.11076374351978302, 0.6669235825538635, 2.899146556854248
v,0.11339446157217026, 0.6248974800109863, 2.8975331783294678
v,0.10343527793884277, 0.6206006407737732, 2.899275541305542
v,0.10842429846525192, 0.627460777759552, 2.897533655166626
v,0.1360744833946228, 0.6363061666488647, 2.897423267364502
v,0.14017881453037262, 0.6264232397079468, 2.8992667198181152
v,0.1334591656923294, 0.63129061460495, 2.8974649906158447
v,0.1188739687204361, 0.6601265668869019, 2.8974850177764893
v,0.11076374351978302, 0.6669235825538635, 2.899146556854248
v,0.1188952773809433, 0.6682069301605225, 2.899132013320923
v,0.10443121939897537, 0.631384551525116, 2.8975625038146973
v,0.10343527793884277, 0.6206006407737732, 2.899275541305542
v,0.09761091321706772, 0.6264197826385498, 2.8992552757263184
v,0.1334591656923294, 0.63129061460495, 2.8974649906158447
v,0.13435697555541992, 0.6206023097038269, 2.899277687072754
v,0.12943832576274872, 0.6273444294929504, 2.8975183963775635
v,0.12452024966478348, 0.6592353582382202, 2.8974416255950928
v,0.1188952773809433, 0.6682069301605225, 2.899132013320923
v,0.12702806293964386, 0.6669164299964905, 2.899130344390869
v,0.10180477052927017, 0.6363569498062134, 2.8975746631622314
v,0.09761091321706772, 0.6264197826385498, 2.8992552757263184
v,0.0938691645860672, 0.6337551474571228, 2.8992254734039307
v,0.12943832576274872, 0.6273444294929504, 2.8975183963775635
v,0.12702131271362305, 0.6168684959411621, 2.8992788791656494
v,0.12440483272075653, 0.6248683333396912, 2.8975048065185547
v,0.12452024966478348, 0.6592353582382202, 2.8974416255950928
v,0.13436520099639893, 0.6631765961647034, 2.8991618156433105
v,0.12960010766983032, 0.6566269397735596, 2.897426128387451
v,0.10089871287345886, 0.6418683528900146, 2.8975963592529297
v,0.0938691645860672, 0.6337551474571228, 2.8992254734039307
v,0.09257714450359344, 0.6418817639350891, 2.899200201034546
v,0.12440483272075653, 0.6248683333396912, 2.8975048065185547
v,0.1188938170671463, 0.6155824661254883, 2.899298906326294
v,0.11888829618692398, 0.6240018606185913, 2.8975346088409424
v,0.1188952773809433, 0.6682069301605225, 2.899132013320923
v,0.10853926837444305, 0.6737600564956665, 2.9026665687561035
v,0.11889777332544327, 0.6754644513130188, 2.9025826454162598
v,0.10343527793884277, 0.6206006407737732, 2.899275541305542
v,0.09191165864467621, 0.622280478477478, 2.902867078781128
v,0.09761091321706772, 0.6264197826385498, 2.8992552757263184
v,0.14017881453037262, 0.6264232397079468, 2.8992667198181152
v,0.13850101828575134, 0.6148978471755981, 2.9028713703155518
v,0.13435697555541992, 0.6206023097038269, 2.899277687072754
v,0.1188952773809433, 0.6682069301605225, 2.899132013320923
v,0.1292564421892166, 0.6737843155860901, 2.9026386737823486
v,0.12702806293964386, 0.6669164299964905, 2.899130344390869
v,0.09761091321706772, 0.6264197826385498, 2.8992552757263184
v,0.08715467154979706, 0.6315704584121704, 2.9028422832489014
v,0.0938691645860672, 0.6337551474571228, 2.8992254734039307
v,0.13435697555541992, 0.6206023097038269, 2.899277687072754
v,0.12919652462005615, 0.6101775765419006, 2.902888059616089
v,0.12702131271362305, 0.6168684959411621, 2.8992788791656494
v,0.12702806293964386, 0.6669164299964905, 2.899130344390869
v,0.13859330117702484, 0.6690036058425903, 2.902660608291626
v,0.13436520099639893, 0.6631765961647034, 2.8991618156433105
v,0.09257714450359344, 0.6418817639350891, 2.899200201034546
v,0.08715467154979706, 0.6315704584121704, 2.9028422832489014
v,0.08539339900016785, 0.6418783068656921, 2.9026870727539062
v,0.1188938170671463, 0.6155824661254883, 2.899298906326294
v,0.12919652462005615, 0.6101775765419006, 2.902888059616089
v,0.11889465153217316, 0.6085216999053955, 2.902855396270752
v,0.14018769562244415, 0.6573523879051208, 2.8991832733154297
v,0.13859330117702484, 0.6690036058425903, 2.902660608291626
v,0.14598725736141205, 0.6615604162216187, 2.9027163982391357
v,0.09257714450359344, 0.6418817639350891, 2.899200201034546
v,0.08702337741851807, 0.6522379517555237, 2.902665853500366
v,0.09386055916547775, 0.6500121355056763, 2.8991527557373047
v,0.14018769562244415, 0.6573523879051208, 2.8991832733154297
v,0.15071210265159607, 0.6522215008735657, 2.9027488231658936
v,0.14392414689064026, 0.6500082612037659, 2.8991966247558594
v,0.09759966284036636, 0.657355546951294, 2.899174213409424
v,0.08702337741851807, 0.6522379517555237, 2.902665853500366
v,0.09180419147014618, 0.661563515663147, 2.9026973247528076
v,0.14520607888698578, 0.6418816447257996, 2.899233341217041
v,0.15071210265159607, 0.6522215008735657, 2.9027488231658936
v,0.1523478776216507, 0.6418808102607727, 2.902754783630371
v,0.09759966284036636, 0.657355546951294, 2.899174213409424
v,0.0992201715707779, 0.668969452381134, 2.9027087688446045
v,0.10342543572187424, 0.6631781458854675, 2.8991756439208984
v,0.1188938170671463, 0.6155824661254883, 2.899298906326294
v,0.10859188437461853, 0.610171377658844, 2.9028780460357666
v,0.1107698455452919, 0.6168678402900696, 2.899287700653076
v,0.14520607888698578, 0.6418816447257996, 2.899233341217041
v,0.15066111087799072, 0.6315627098083496, 2.902808904647827
v,0.1439138650894165, 0.6337570548057556, 2.8992393016815186
v,0.11076374351978302, 0.6669235825538635, 2.899146556854248
v,0.0992201715707779, 0.668969452381134, 2.9027087688446045
v,0.10853926837444305, 0.6737600564956665, 2.9026665687561035
v,0.10343527793884277, 0.6206006407737732, 2.899275541305542
v,0.10859188437461853, 0.610171377658844, 2.9028780460357666
v,0.09929536283016205, 0.614905834197998, 2.902876138687134
v,0.14017881453037262, 0.6264232397079468, 2.8992667198181152
v,0.15066111087799072, 0.6315627098083496, 2.902808904647827
v,0.14590339362621307, 0.6222653388977051, 2.9028403759002686
v,0.08702337741851807, 0.6522379517555237, 2.902665853500366
v,0.0893549993634224, 0.6633356213569641, 2.9073715209960938
v,0.09180419147014618, 0.661563515663147, 2.9026973247528076
v,0.1523478776216507, 0.6418808102607727, 2.902754783630371
v,0.1534043252468109, 0.6530956029891968, 2.9074079990386963
v,0.1552221029996872, 0.6418819427490234, 2.9074108600616455
v,0.0992201715707779, 0.668969452381134, 2.9027087688446045
v,0.0893549993634224, 0.6633356213569641, 2.9073715209960938
v,0.09744568914175034, 0.6714495420455933, 2.9073612689971924
v,0.11889465153217316, 0.6085216999053955, 2.902855396270752
v,0.10770470649003983, 0.6074104309082031, 2.907396078109741
v,0.10859188437461853, 0.610171377658844, 2.9028780460357666
v,0.1523478776216507, 0.6418808102607727, 2.902754783630371
v,0.153412863612175, 0.6306799054145813, 2.907402753829956
v,0.15066111087799072, 0.6315627098083496, 2.902808904647827
v,0.10853926837444305, 0.6737600564956665, 2.9026665687561035
v,0.09744568914175034, 0.6714495420455933, 2.9073612689971924
v,0.10760735720396042, 0.6766661405563354, 2.907376289367676
v,0.10859188437461853, 0.610171377658844, 2.9028780460357666
v,0.09763599932193756, 0.6126168966293335, 2.907402276992798
v,0.09929536283016205, 0.614905834197998, 2.902876138687134
v,0.15066111087799072, 0.6315627098083496, 2.902808904647827
v,0.14815682172775269, 0.6206279993057251, 2.907405376434326
v,0.14590339362621307, 0.6222653388977051, 2.9028403759002686
v,0.11889777332544327, 0.6754644513130188, 2.9025826454162598
v,0.10760735720396042, 0.6766661405563354, 2.907376289367676
v,0.11889878660440445, 0.678527295589447, 2.9073965549468994
v,0.09191165864467621, 0.622280478477478, 2.902867078781128
v,0.09763599932193756, 0.6126168966293335, 2.907402276992798
v,0.08959133177995682, 0.6206028461456299, 2.9073965549468994
v,0.14590339362621307, 0.6222653388977051, 2.9028403759002686
v,0.14010761678218842, 0.6126857399940491, 2.9074103832244873
v,0.13850101828575134, 0.6148978471755981, 2.9028713703155518
v,0.11889777332544327, 0.6754644513130188, 2.9025826454162598
v,0.13015925884246826, 0.6765768527984619, 2.907412052154541
v,0.1292564421892166, 0.6737843155860901, 2.9026386737823486
v,0.08715467154979706, 0.6315704584121704, 2.9028422832489014
v,0.08959133177995682, 0.6206028461456299, 2.9073965549468994
v,0.08439497649669647, 0.6306808590888977, 2.907383918762207
v,0.12919652462005615, 0.6101775765419006, 2.902888059616089
v,0.14010761678218842, 0.6126857399940491, 2.9074103832244873
v,0.13006596267223358, 0.6074833273887634, 2.9074056148529053
v,0.1292564421892166, 0.6737843155860901, 2.9026386737823486
v,0.14030097424983978, 0.6713523864746094, 2.9074020385742188
v,0.13859330117702484, 0.6690036058425903, 2.902660608291626
v,0.08539339900016785, 0.6418783068656921, 2.9026870727539062
v,0.08439497649669647, 0.6306808590888977, 2.907383918762207
v,0.08238576352596283, 0.6418627500534058, 2.9073598384857178
v,0.11889465153217316, 0.6085216999053955, 2.902855396270752
v,0.13006596267223358, 0.6074833273887634, 2.9074056148529053
v,0.11889655143022537, 0.6055489778518677, 2.9073877334594727
v,0.13859330117702484, 0.6690036058425903, 2.902660608291626
v,0.14827020466327667, 0.6632172465324402, 2.907410144805908
v,0.14598725736141205, 0.6615604162216187, 2.9027163982391357
v,0.08539339900016785, 0.6418783068656921, 2.9026870727539062
v,0.08410625904798508, 0.6531568765640259, 2.9073657989501953
v,0.08702337741851807, 0.6522379517555237, 2.902665853500366
v,0.15071210265159607, 0.6522215008735657, 2.9027488231658936
v,0.14827020466327667, 0.6632172465324402, 2.907410144805908
v,0.1534043252468109, 0.6530956029891968, 2.9074079990386963
v,0.08439497649669647, 0.6306808590888977, 2.907383918762207
v,0.09048255532979965, 0.6212447285652161, 2.910693883895874
v,0.08541649580001831, 0.6310108304023743, 2.910768747329712
v,0.14010761678218842, 0.6126857399940491, 2.9074103832244873
v,0.1297292709350586, 0.6085259914398193, 2.9106688499450684
v,0.13006596267223358, 0.6074833273887634, 2.9074056148529053
v,0.14030097424983978, 0.6713523864746094, 2.9074020385742188
v,0.1297699213027954, 0.675351619720459, 2.9107677936553955
v,0.13957758247852325, 0.670353353023529, 2.9107632637023926
v,0.08439497649669647, 0.6306808590888977, 2.907383918762207
v,0.08358576148748398, 0.6418729424476624, 2.9108774662017822
v,0.08238576352596283, 0.6418627500534058, 2.9073598384857178
v,0.13006596267223358, 0.6074833273887634, 2.9074056148529053
v,0.11889688670635223, 0.6067437529563904, 2.910738229751587
v,0.11889655143022537, 0.6055489778518677, 2.9073877334594727
v,0.14827020466327667, 0.6632172465324402, 2.907410144805908
v,0.13957758247852325, 0.670353353023529, 2.9107632637023926
v,0.14733006060123444, 0.6625379920005798, 2.910723924636841
v,0.08410625904798508, 0.6531568765640259, 2.9073657989501953
v,0.08358576148748398, 0.6418729424476624, 2.9108774662017822
v,0.08529487252235413, 0.6527884006500244, 2.9108927249908447
v,0.14827020466327667, 0.6632172465324402, 2.907410144805908
v,0.1522822082042694, 0.652731716632843, 2.910691022872925
v,0.1534043252468109, 0.6530956029891968, 2.9074079990386963
v,0.0893549993634224, 0.6633356213569641, 2.9073715209960938
v,0.08529487252235413, 0.6527884006500244, 2.9108927249908447
v,0.09033846855163574, 0.6626234650611877, 2.910856008529663
v,0.1534043252468109, 0.6530956029891968, 2.9074079990386963
v,0.15400585532188416, 0.6418834924697876, 2.9106991291046143
v,0.1552221029996872, 0.6418819427490234, 2.9074108600616455
v,0.0893549993634224, 0.6633356213569641, 2.9073715209960938
v,0.09816569834947586, 0.6704357862472534, 2.9108543395996094
v,0.09744568914175034, 0.6714495420455933, 2.9073612689971924
v,0.10770470649003983, 0.6074104309082031, 2.907396078109741
v,0.11889688670635223, 0.6067437529563904, 2.910738229751587
v,0.10804871469736099, 0.6084806323051453, 2.910712480545044
v,0.153412863612175, 0.6306799054145813, 2.907402753829956
v,0.15400585532188416, 0.6418834924697876, 2.9106991291046143
v,0.15231692790985107, 0.6310320496559143, 2.910724401473999
v,0.09744568914175034, 0.6714495420455933, 2.9073612689971924
v,0.10799826681613922, 0.6754447221755981, 2.9108517169952393
v,0.10760735720396042, 0.6766661405563354, 2.907376289367676
v,0.09763599932193756, 0.6126168966293335, 2.907402276992798
v,0.10804871469736099, 0.6084806323051453, 2.910712480545044
v,0.09826900064945221, 0.6134918332099915, 2.910677671432495
v,0.14815682172775269, 0.6206279993057251, 2.907405376434326
v,0.15231692790985107, 0.6310320496559143, 2.910724401473999
v,0.1472949981689453, 0.6212536692619324, 2.9106810092926025
v,0.10760735720396042, 0.6766661405563354, 2.907376289367676
v,0.11889951676130295, 0.6771750450134277, 2.910857915878296
v,0.11889878660440445, 0.678527295589447, 2.9073965549468994
v,0.09763599932193756, 0.6126168966293335, 2.907402276992798
v,0.09048255532979965, 0.6212447285652161, 2.910693883895874
v,0.08959133177995682, 0.6206028461456299, 2.9073965549468994
v,0.14010761678218842, 0.6126857399940491, 2.9074103832244873
v,0.1472949981689453, 0.6212536692619324, 2.9106810092926025
v,0.1394967883825302, 0.6135265827178955, 2.91064190864563
v,0.13015925884246826, 0.6765768527984619, 2.907412052154541
v,0.11889951676130295, 0.6771750450134277, 2.910857915878296
v,0.1297699213027954, 0.675351619720459, 2.9107677936553955
v,0.10804871469736099, 0.6084806323051453, 2.910712480545044
v,0.11889518052339554, 0.6110798120498657, 2.9139723777770996
v,0.10937940329313278, 0.6125940084457397, 2.913969039916992
v,0.15400585532188416, 0.6418834924697876, 2.9106991291046143
v,0.1482114940881729, 0.6323614120483398, 2.9140076637268066
v,0.15231692790985107, 0.6310320496559143, 2.910724401473999
v,0.09816569834947586, 0.6704357862472534, 2.9108543395996094
v,0.10936010628938675, 0.6712429523468018, 2.914102792739868
v,0.10799826681613922, 0.6754447221755981, 2.9108517169952393
v,0.09826900064945221, 0.6134918332099915, 2.910677671432495
v,0.10937940329313278, 0.6125940084457397, 2.913969039916992
v,0.1007932499051094, 0.6169670820236206, 2.9139657020568848
v,0.1472949981689453, 0.6212536692619324, 2.9106810092926025
v,0.1482114940881729, 0.6323614120483398, 2.9140076637268066
v,0.14382852613925934, 0.6237709522247314, 2.9139957427978516
v,0.10799826681613922, 0.6754447221755981, 2.9108517169952393
v,0.11889931559562683, 0.6727504730224609, 2.9140946865081787
v,0.11889951676130295, 0.6771750450134277, 2.910857915878296
v,0.09826900064945221, 0.6134918332099915, 2.910677671432495
v,0.09396414458751678, 0.6237674951553345, 2.9140055179595947
v,0.09048255532979965, 0.6212447285652161, 2.910693883895874
v,0.1394967883825302, 0.6135265827178955, 2.91064190864563
v,0.14382852613925934, 0.6237709522247314, 2.9139957427978516
v,0.13700073957443237, 0.6169632077217102, 2.9139647483825684
v,0.1297699213027954, 0.675351619720459, 2.9107677936553955
v,0.11889931559562683, 0.6727504730224609, 2.9140946865081787
v,0.128427192568779, 0.6712192296981812, 2.914045810699463
v,0.09048255532979965, 0.6212447285652161, 2.910693883895874
v,0.08955883979797363, 0.6323512196540833, 2.9140796661376953
v,0.08541649580001831, 0.6310108304023743, 2.910768747329712
v,0.1394967883825302, 0.6135265827178955, 2.91064190864563
v,0.1284102499485016, 0.6125892996788025, 2.9139676094055176
v,0.1297292709350586, 0.6085259914398193, 2.9106688499450684
v,0.13957758247852325, 0.670353353023529, 2.9107632637023926
v,0.128427192568779, 0.6712192296981812, 2.914045810699463
v,0.1370260864496231, 0.6668395400047302, 2.9140512943267822
v,0.08358576148748398, 0.6418729424476624, 2.9108774662017822
v,0.08955883979797363, 0.6323512196540833, 2.9140796661376953
v,0.08801441639661789, 0.641883373260498, 2.9141664505004883
v,0.1297292709350586, 0.6085259914398193, 2.9106688499450684
v,0.11889518052339554, 0.6110798120498657, 2.9139723777770996
v,0.11889688670635223, 0.6067437529563904, 2.910738229751587
v,0.14733006060123444, 0.6625379920005798, 2.910723924636841
v,0.1370260864496231, 0.6668395400047302, 2.9140512943267822
v,0.1438441425561905, 0.6600069999694824, 2.9140331745147705
v,0.08529487252235413, 0.6527884006500244, 2.9108927249908447
v,0.08801441639661789, 0.641883373260498, 2.9141664505004883
v,0.08953043818473816, 0.6514238119125366, 2.9141416549682617
v,0.14733006060123444, 0.6625379920005798, 2.910723924636841
v,0.1482071429491043, 0.651408851146698, 2.913992404937744
v,0.1522822082042694, 0.652731716632843, 2.910691022872925
v,0.09033846855163574, 0.6626234650611877, 2.910856008529663
v,0.08953043818473816, 0.6514238119125366, 2.9141416549682617
v,0.09391801804304123, 0.6600286960601807, 2.9141225814819336
v,0.15400585532188416, 0.6418834924697876, 2.9106991291046143
v,0.1482071429491043, 0.651408851146698, 2.913992404937744
v,0.14971870183944702, 0.6418828368186951, 2.91400146484375
v,0.09033846855163574, 0.6626234650611877, 2.910856008529663
v,0.10075236111879349, 0.6668602228164673, 2.9141123294830322
v,0.09816569834947586, 0.6704357862472534, 2.9108543395996094
v,0.11889518052339554, 0.6110798120498657, 2.9139723777770996
v,0.12415559589862823, 0.6256716847419739, 2.9191079139709473
v,0.11889802664518356, 0.6248462796211243, 2.919112205505371
v,0.1438441425561905, 0.6600069999694824, 2.9140331745147705
v,0.12897956371307373, 0.6557623147964478, 2.919203042984009
v,0.13274434208869934, 0.6519331336021423, 2.91917085647583
v,0.08801441639661789, 0.641883373260498, 2.9141664505004883
v,0.10251428931951523, 0.6471943259239197, 2.9192163944244385
v,0.08953043818473816, 0.6514238119125366, 2.9141416549682617
v,0.1482071429491043, 0.651408851146698, 2.913992404937744
v,0.13274434208869934, 0.6519331336021423, 2.91917085647583
v,0.13515982031822205, 0.6471483111381531, 2.9191665649414062
v,0.08953043818473816, 0.6514238119125366, 2.9141416549682617
v,0.10497061163187027, 0.6520015597343445, 2.9192118644714355
v,0.09391801804304123, 0.6600286960601807, 2.9141225814819336
v,0.1482071429491043, 0.651408851146698, 2.913992404937744
v,0.1360083371400833, 0.6418865919113159, 2.919158458709717
v,0.14971870183944702, 0.6418828368186951, 2.91400146484375
v,0.09391801804304123, 0.6600286960601807, 2.9141225814819336
v,0.10875959694385529, 0.6558414101600647, 2.9192333221435547
v,0.10075236111879349, 0.6668602228164673, 2.9141123294830322
v,0.10937940329313278, 0.6125940084457397, 2.913969039916992
v,0.11889802664518356, 0.6248462796211243, 2.919112205505371
v,0.11364379525184631, 0.6256977915763855, 2.9191036224365234
v,0.14971870183944702, 0.6418828368186951, 2.91400146484375
v,0.13517653942108154, 0.6366006135940552, 2.9191501140594482
v,0.1482114940881729, 0.6323614120483398, 2.9140076637268066
v,0.10936010628938675, 0.6712429523468018, 2.914102792739868
v,0.10875959694385529, 0.6558414101600647, 2.9192333221435547
v,0.11357146501541138, 0.6583094000816345, 2.9192607402801514
v,0.10937940329313278, 0.6125940084457397, 2.913969039916992
v,0.1088995411992073, 0.6281054615974426, 2.9191019535064697
v,0.1007932499051094, 0.6169670820236206, 2.9139657020568848
v,0.14382852613925934, 0.6237709522247314, 2.9139957427978516
v,0.13517653942108154, 0.6366006135940552, 2.9191501140594482
v,0.13268041610717773, 0.6318691968917847, 2.919114351272583
v,0.11889931559562683, 0.6727504730224609, 2.9140946865081787
v,0.11357146501541138, 0.6583094000816345, 2.9192607402801514
v,0.11890053749084473, 0.6591405272483826, 2.919273614883423
v,0.1007932499051094, 0.6169670820236206, 2.9139657020568848
v,0.10504025220870972, 0.6318091154098511, 2.9191818237304688
v,0.09396414458751678, 0.6237674951553345, 2.9140055179595947
v,0.14382852613925934, 0.6237709522247314, 2.9139957427978516
v,0.12892001867294312, 0.6280862092971802, 2.9191086292266846
v,0.13700073957443237, 0.6169632077217102, 2.9139647483825684
v,0.128427192568779, 0.6712192296981812, 2.914045810699463
v,0.11890053749084473, 0.6591405272483826, 2.919273614883423
v,0.12420060485601425, 0.6582598090171814, 2.9192309379577637
v,0.09396414458751678, 0.6237674951553345, 2.9140055179595947
v,0.1025611162185669, 0.6365759968757629, 2.9192278385162354
v,0.08955883979797363, 0.6323512196540833, 2.9140796661376953
v,0.1284102499485016, 0.6125892996788025, 2.9139676094055176
v,0.12892001867294312, 0.6280862092971802, 2.9191086292266846
v,0.12415559589862823, 0.6256716847419739, 2.9191079139709473
v,0.1370260864496231, 0.6668395400047302, 2.9140512943267822
v,0.12420060485601425, 0.6582598090171814, 2.9192309379577637
v,0.12897956371307373, 0.6557623147964478, 2.919203042984009
v,0.08955883979797363, 0.6323512196540833, 2.9140796661376953
v,0.10170286148786545, 0.6418809294700623, 2.9192419052124023
v,0.08801441639661789, 0.641883373260498, 2.9141664505004883
v,0.13268041610717773, 0.6318691968917847, 2.919114351272583
v,0.13435149192810059, 0.6368746161460876, 2.921426773071289
v,0.13195590674877167, 0.6323975920677185, 2.921427011489868
v,0.11890053749084473, 0.6591405272483826, 2.919273614883423
v,0.1137918010354042, 0.6576213240623474, 2.9214067459106445
v,0.118901327252388, 0.658440887928009, 2.9214038848876953
v,0.10504025220870972, 0.6318091154098511, 2.9191818237304688
v,0.10942444950342178, 0.6288326382637024, 2.921415090560913
v,0.10577096045017242, 0.6323456168174744, 2.921420097351074
v,0.13268041610717773, 0.6318691968917847, 2.919114351272583
v,0.12837184965610504, 0.6288302540779114, 2.9214229583740234
v,0.12892001867294312, 0.6280862092971802, 2.9191086292266846
v,0.11890053749084473, 0.6591405272483826, 2.919273614883423
v,0.12397915124893188, 0.6575921177864075, 2.9214067459106445
v,0.12420060485601425, 0.6582598090171814, 2.9192309379577637
v,0.1025611162185669, 0.6365759968757629, 2.9192278385162354
v,0.10577096045017242, 0.6323456168174744, 2.921420097351074
v,0.1033797338604927, 0.6368404626846313, 2.921421527862549
v,0.12415559589862823, 0.6256716847419739, 2.9191079139709473
v,0.12837184965610504, 0.6288302540779114, 2.9214229583740234
v,0.12387561798095703, 0.6265323758125305, 2.9214179515838623
v,0.12897956371307373, 0.6557623147964478, 2.919203042984009
v,0.12397915124893188, 0.6575921177864075, 2.9214067459106445
v,0.12856563925743103, 0.6551870107650757, 2.9214067459106445
v,0.1025611162185669, 0.6365759968757629, 2.9192278385162354
v,0.10252395272254944, 0.641872227191925, 2.921416759490967
v,0.10170286148786545, 0.6418809294700623, 2.9192419052124023
v,0.11889802664518356, 0.6248462796211243, 2.919112205505371
v,0.12387561798095703, 0.6265323758125305, 2.9214179515838623
v,0.11890245229005814, 0.6257457733154297, 2.9214189052581787
v,0.13274434208869934, 0.6519331336021423, 2.91917085647583
v,0.12856563925743103, 0.6551870107650757, 2.9214067459106445
v,0.13216286897659302, 0.6514960527420044, 2.921407461166382
v,0.10170286148786545, 0.6418809294700623, 2.9192419052124023
v,0.10328957438468933, 0.6469321250915527, 2.9214186668395996
v,0.10251428931951523, 0.6471943259239197, 2.9192163944244385
v,0.13515982031822205, 0.6471483111381531, 2.9191665649414062
v,0.13216286897659302, 0.6514960527420044, 2.921407461166382
v,0.13445603847503662, 0.6469101905822754, 2.921420097351074
v,0.10251428931951523, 0.6471943259239197, 2.9192163944244385
v,0.10560042411088943, 0.651531457901001, 2.921415090560913
v,0.10497061163187027, 0.6520015597343445, 2.9192118644714355
v,0.1360083371400833, 0.6418865919113159, 2.919158458709717
v,0.13445603847503662, 0.6469101905822754, 2.921420097351074
v,0.13522224128246307, 0.6418778896331787, 2.9214165210723877
v,0.10497061163187027, 0.6520015597343445, 2.9192118644714355
v,0.10920954495668411, 0.6552295684814453, 2.921410322189331
v,0.10875959694385529, 0.6558414101600647, 2.9192333221435547
v,0.11889802664518356, 0.6248462796211243, 2.919112205505371
v,0.11393534392118454, 0.6265571117401123, 2.921410083770752
v,0.11364379525184631, 0.6256977915763855, 2.9191036224365234
v,0.13517653942108154, 0.6366006135940552, 2.9191501140594482
v,0.13522224128246307, 0.6418778896331787, 2.9214165210723877
v,0.13435149192810059, 0.6368746161460876, 2.921426773071289
v,0.11357146501541138, 0.6583094000816345, 2.9192607402801514
v,0.10920954495668411, 0.6552295684814453, 2.921410322189331
v,0.1137918010354042, 0.6576213240623474, 2.9214067459106445
v,0.11364379525184631, 0.6256977915763855, 2.9191036224365234
v,0.10942444950342178, 0.6288326382637024, 2.921415090560913
v,0.1088995411992073, 0.6281054615974426, 2.9191019535064697
v,0.13445603847503662, 0.6469101905822754, 2.921420097351074
v,0.13263602554798126, 0.6518364548683167, 2.923720121383667
v,0.13501311838626862, 0.6470915079116821, 2.9237184524536133
v,0.10560042411088943, 0.651531457901001, 2.921415090560913
v,0.10271624475717545, 0.647117555141449, 2.923661708831787
v,0.10511381924152374, 0.6518936157226562, 2.923699378967285
v,0.13445603847503662, 0.6469101905822754, 2.921420097351074
v,0.13585060834884644, 0.641882598400116, 2.9237077236175537
v,0.13522224128246307, 0.6418778896331787, 2.9214165210723877
v,0.10560042411088943, 0.651531457901001, 2.921415090560913
v,0.10885076969861984, 0.6556977033615112, 2.923672914505005
v,0.10920954495668411, 0.6552295684814453, 2.921410322189331
v,0.11890245229005814, 0.6257457733154297, 2.9214189052581787
v,0.11372334510087967, 0.625906765460968, 2.923790693283081
v,0.11393534392118454, 0.6265571117401123, 2.921410083770752
v,0.13435149192810059, 0.6368746161460876, 2.921426773071289
v,0.13585060834884644, 0.641882598400116, 2.9237077236175537
v,0.13496945798397064, 0.636677086353302, 2.923764705657959
v,0.10920954495668411, 0.6552295684814453, 2.921410322189331
v,0.1136200875043869, 0.6581746339797974, 2.923630952835083
v,0.1137918010354042, 0.6576213240623474, 2.9214067459106445
v,0.10942444950342178, 0.6288326382637024, 2.921415090560913
v,0.11372334510087967, 0.625906765460968, 2.923790693283081
v,0.10902546346187592, 0.6282763481140137, 2.923792600631714
v,0.13435149192810059, 0.6368746161460876, 2.921426773071289
v,0.13246110081672668, 0.632035493850708, 2.923799514770508
v,0.13195590674877167, 0.6323975920677185, 2.921427011489868
v,0.1137918010354042, 0.6576213240623474, 2.9214067459106445
v,0.11887547373771667, 0.659008800983429, 2.9236185550689697
v,0.118901327252388, 0.658440887928009, 2.9214038848876953
v,0.10577096045017242, 0.6323456168174744, 2.921420097351074
v,0.10902546346187592, 0.6282763481140137, 2.923792600631714
v,0.1052253246307373, 0.6319515109062195, 2.9237499237060547
v,0.13195590674877167, 0.6323975920677185, 2.921427011489868
v,0.12877310812473297, 0.6282789707183838, 2.92378306388855
v,0.12837184965610504, 0.6288302540779114, 2.9214229583740234
v,0.118901327252388, 0.658440887928009, 2.9214038848876953
v,0.12415208667516708, 0.6581320762634277, 2.9236502647399902
v,0.12397915124893188, 0.6575921177864075, 2.9214067459106445
v,0.1033797338604927, 0.6368404626846313, 2.921421527862549
v,0.1052253246307373, 0.6319515109062195, 2.9237499237060547
v,0.10275007039308548, 0.6366412043571472, 2.9237072467803955
v,0.12387561798095703, 0.6265323758125305, 2.9214179515838623
v,0.12877310812473297, 0.6282789707183838, 2.92378306388855
v,0.12408735603094101, 0.6258592009544373, 2.9237782955169678
v,0.12856563925743103, 0.6551870107650757, 2.9214067459106445
v,0.12415208667516708, 0.6581320762634277, 2.9236502647399902
v,0.12891067564487457, 0.6556655168533325, 2.923687219619751
v,0.1033797338604927, 0.6368404626846313, 2.921421527862549
v,0.10188815742731094, 0.6418747305870056, 2.923672914505005
v,0.10252395272254944, 0.641872227191925, 2.921416759490967
v,0.11890245229005814, 0.6257457733154297, 2.9214189052581787
v,0.12408735603094101, 0.6258592009544373, 2.9237782955169678
v,0.11890356987714767, 0.6250482201576233, 2.9237732887268066
v,0.12856563925743103, 0.6551870107650757, 2.9214067459106445
v,0.13263602554798126, 0.6518364548683167, 2.923720121383667
v,0.13216286897659302, 0.6514960527420044, 2.921407461166382
v,0.10252395272254944, 0.641872227191925, 2.921416759490967
v,0.10271624475717545, 0.647117555141449, 2.923661708831787
v,0.10328957438468933, 0.6469321250915527, 2.9214186668395996
v,0.11889709532260895, 0.6076930165290833, 2.9550158977508545
v,0.10865308344364166, 0.6103384494781494, 2.9460158348083496
v,0.11889670044183731, 0.6087051630020142, 2.946014881134033
v,0.11889433860778809, 0.612182080745697, 2.972374677658081
v,0.11140721291303635, 0.6188322305679321, 2.9795427322387695
v,0.10973040759563446, 0.6136592030525208, 2.972357988357544
v,0.11889614909887314, 0.633037269115448, 2.988450527191162
v,0.1188960000872612, 0.6418843865394592, 2.9895548820495605
v,0.11616196483373642, 0.6334658861160278, 2.9884705543518066
v,0.11889606714248657, 0.6121397018432617, 2.9376330375671387
v,0.10865308344364166, 0.6103384494781494, 2.9460158348083496
v,0.10971277952194214, 0.6135959625244141, 2.937634229660034
v,0.1188952773809433, 0.6088006496429443, 2.963984727859497
v,0.10973040759563446, 0.6136592030525208, 2.972357988357544
v,0.10867702960968018, 0.6104152798652649, 2.9639852046966553
v,0.11889614909887314, 0.633037269115448, 2.988450527191162
v,0.11358201503753662, 0.6255317330360413, 2.9851624965667725
v,0.11889374256134033, 0.6246737837791443, 2.9851932525634766
v,0.11889606714248657, 0.6121397018432617, 2.9376330375671387
v,0.11138192564249039, 0.6187268495559692, 2.930380344390869
v,0.11889495700597763, 0.6175094246864319, 2.930356740951538
v,0.1188952773809433, 0.6088006496429443, 2.963984727859497
v,0.10833412408828735, 0.6093663573265076, 2.955016851425171
v,0.11889709532260895, 0.6076930165290833, 2.9550158977508545
v,0.11889626085758209, 0.6176211833953857, 2.9795680046081543
v,0.11358201503753662, 0.6255317330360413, 2.9851624965667725
v,0.11140721291303635, 0.6188322305679321, 2.9795427322387695
v,0.10902546346187592, 0.6282763481140137, 2.923792600631714
v,0.11138192564249039, 0.6187268495559692, 2.930380344390869
v,0.10459461808204651, 0.6221928596496582, 2.930389642715454
v,0.11616196483373642, 0.6334658861160278, 2.9884705543518066
v,0.10879357904195786, 0.6279805302619934, 2.9851558208465576
v,0.11358201503753662, 0.6255317330360413, 2.9851624965667725
v,0.10971277952194214, 0.6135959625244141, 2.937634229660034
v,0.10459461808204651, 0.6221928596496582, 2.930389642715454
v,0.11138192564249039, 0.6187268495559692, 2.930380344390869
v,0.10833412408828735, 0.6093663573265076, 2.955016851425171
v,0.0994548499584198, 0.6151229739189148, 2.963982343673706
v,0.0987977534532547, 0.614219069480896, 2.9550163745880127
v,0.11358201503753662, 0.6255317330360413, 2.9851624965667725
v,0.1046544760465622, 0.622280478477478, 2.9795374870300293
v,0.11140721291303635, 0.6188322305679321, 2.9795427322387695
v,0.1052253246307373, 0.6319515109062195, 2.9237499237060547
v,0.10459461808204651, 0.6221928596496582, 2.930389642715454
v,0.0991869792342186, 0.6275706887245178, 2.9303698539733887
v,0.10833412408828735, 0.6093663573265076, 2.955016851425171
v,0.09940871596336365, 0.6150588393211365, 2.94602108001709
v,0.10865308344364166, 0.6103384494781494, 2.9460158348083496
v,0.11140721291303635, 0.6188322305679321, 2.9795427322387695
v,0.101457878947258, 0.6178796887397766, 2.972356081008911
v,0.10973040759563446, 0.6136592030525208, 2.972357988357544
v,0.11616196483373642, 0.6334658861160278, 2.9884705543518066
v,0.1188960000872612, 0.6418843865394592, 2.9895548820495605
v,0.11369292438030243, 0.6347233057022095, 2.9884684085845947
v,0.10865308344364166, 0.6103384494781494, 2.9460158348083496
v,0.10143069177865982, 0.6178410649299622, 2.9376492500305176
v,0.10971277952194214, 0.6135959625244141, 2.937634229660034
v,0.10973040759563446, 0.6136592030525208, 2.972357988357544
v,0.0994548499584198, 0.6151229739189148, 2.963982343673706
v,0.10867702960968018, 0.6104152798652649, 2.9639852046966553
v,0.101457878947258, 0.6178796887397766, 2.972356081008911
v,0.0992925763130188, 0.6276437044143677, 2.979534864425659
v,0.09488843381404877, 0.6244471669197083, 2.9723572731018066
v,0.11369292438030243, 0.6347233057022095, 2.9884684085845947
v,0.1188960000872612, 0.6418843865394592, 2.9895548820495605
v,0.1117335855960846, 0.6366796493530273, 2.988473892211914
v,0.10143069177865982, 0.6178410649299622, 2.9376492500305176
v,0.09206252545118332, 0.622394859790802, 2.946018695831299
v,0.09483154863119125, 0.6244055032730103, 2.9376344680786133
v,0.101457878947258, 0.6178796887397766, 2.972356081008911
v,0.09212537854909897, 0.6224387884140015, 2.96398663520813
v,0.0994548499584198, 0.6151229739189148, 2.963982343673706
v,0.10879357904195786, 0.6279805302619934, 2.9851558208465576
v,0.1117335855960846, 0.6366796493530273, 2.988473892211914
v,0.10498613864183426, 0.6317757368087769, 2.9851629734039307
v,0.10459461808204651, 0.6221928596496582, 2.930389642715454
v,0.09483154863119125, 0.6244055032730103, 2.9376344680786133
v,0.0991869792342186, 0.6275706887245178, 2.9303698539733887
v,0.0994548499584198, 0.6151229739189148, 2.963982343673706
v,0.0912250429391861, 0.6217830777168274, 2.9550158977508545
v,0.0987977534532547, 0.614219069480896, 2.9550163745880127
v,0.1046544760465622, 0.622280478477478, 2.9795374870300293
v,0.10498613864183426, 0.6317757368087769, 2.9851629734039307
v,0.0992925763130188, 0.6276437044143677, 2.979534864425659
v,0.10275007039308548, 0.6366412043571472, 2.9237072467803955
v,0.0991869792342186, 0.6275706887245178, 2.9303698539733887
v,0.09570106118917465, 0.6343502402305603, 2.9303386211395264
v,0.09940871596336365, 0.6150588393211365, 2.94602108001709
v,0.0912250429391861, 0.6217830777168274, 2.9550158977508545
v,0.09206252545118332, 0.622394859790802, 2.946018695831299
v,0.10498613864183426, 0.6317757368087769, 2.9851629734039307
v,0.09585320204496384, 0.6343981623649597, 2.9795336723327637
v,0.0992925763130188, 0.6276437044143677, 2.979534864425659
v,0.10188815742731094, 0.6418747305870056, 2.923672914505005
v,0.09570106118917465, 0.6343502402305603, 2.9303386211395264
v,0.0944601446390152, 0.6418815851211548, 2.9302990436553955
v,0.09206252545118332, 0.622394859790802, 2.946018695831299
v,0.08632443100214005, 0.6313053369522095, 2.955017566680908
v,0.08730436861515045, 0.6316255331039429, 2.946005344390869
v,0.09488843381404877, 0.6244471669197083, 2.9723572731018066
v,0.09585320204496384, 0.6343981623649597, 2.9795336723327637
v,0.09067656844854355, 0.6327188611030579, 2.9723567962646484
v,0.1117335855960846, 0.6366796493530273, 2.988473892211914
v,0.1188960000872612, 0.6418843865394592, 2.9895548820495605
v,0.11047301441431046, 0.6391453146934509, 2.988492727279663
v,0.09483154863119125, 0.6244055032730103, 2.9376344680786133
v,0.08730436861515045, 0.6316255331039429, 2.946005344390869
v,0.09054133296012878, 0.6326796412467957, 2.937600612640381
v,0.09212537854909897, 0.6224387884140015, 2.96398663520813
v,0.09067656844854355, 0.6327188611030579, 2.9723567962646484
v,0.0873967781662941, 0.6316533088684082, 2.9639949798583984
v,0.10498613864183426, 0.6317757368087769, 2.9851629734039307
v,0.11047301441431046, 0.6391453146934509, 2.988492727279663
v,0.10252299159765244, 0.636565089225769, 2.9851901531219482
v,0.09483154863119125, 0.6244055032730103, 2.9376344680786133
v,0.09570106118917465, 0.6343502402305603, 2.9303386211395264
v,0.0991869792342186, 0.6275706887245178, 2.9303698539733887
v,0.0912250429391861, 0.6217830777168274, 2.9550158977508545
v,0.0873967781662941, 0.6316533088684082, 2.9639949798583984
v,0.08632443100214005, 0.6313053369522095, 2.955017566680908
v,0.0873967781662941, 0.6316533088684082, 2.9639949798583984
v,0.0892215445637703, 0.6418845057487488, 2.9723613262176514
v,0.08573596924543381, 0.6418837308883667, 2.9640042781829834
v,0.10252299159765244, 0.636565089225769, 2.9851901531219482
v,0.1100345328450203, 0.6418828368186951, 2.988523006439209
v,0.10163048654794693, 0.6418721675872803, 2.9852609634399414
v,0.09570106118917465, 0.6343502402305603, 2.9303386211395264
v,0.08905377984046936, 0.6418851017951965, 2.9375762939453125
v,0.0944601446390152, 0.6418815851211548, 2.9302990436553955
v,0.0873967781662941, 0.6316533088684082, 2.9639949798583984
v,0.08464010804891586, 0.6418837904930115, 2.955017328262329
v,0.08632443100214005, 0.6313053369522095, 2.955017566680908
v,0.10252299159765244, 0.636565089225769, 2.9851901531219482
v,0.09466402977705002, 0.6418825387954712, 2.9795379638671875
v,0.09585320204496384, 0.6343981623649597, 2.9795336723327637
v,0.10271624475717545, 0.647117555141449, 2.923661708831787
v,0.0944601446390152, 0.6418815851211548, 2.9302990436553955
v,0.09563113749027252, 0.6494351625442505, 2.9302730560302734
v,0.08730436861515045, 0.6316255331039429, 2.946005344390869
v,0.08464010804891586, 0.6418837904930115, 2.955017328262329
v,0.08564422279596329, 0.6418837904930115, 2.945998430252075
v,0.09067656844854355, 0.6327188611030579, 2.9723567962646484
v,0.09466402977705002, 0.6418825387954712, 2.9795379638671875
v,0.0892215445637703, 0.6418845057487488, 2.9723613262176514
v,0.11047301441431046, 0.6391453146934509, 2.988492727279663
v,0.1188960000872612, 0.6418843865394592, 2.9895548820495605
v,0.1100345328450203, 0.6418828368186951, 2.988523006439209
v,0.09054133296012878, 0.6326796412467957, 2.937600612640381
v,0.08564422279596329, 0.6418837904930115, 2.945998430252075
v,0.08905377984046936, 0.6418851017951965, 2.9375762939453125
v,0.0892215445637703, 0.6418845057487488, 2.9723613262176514
v,0.09581521153450012, 0.649380624294281, 2.9795706272125244
v,0.09061866998672485, 0.651065468788147, 2.972393035888672
v,0.1100345328450203, 0.6418828368186951, 2.988523006439209
v,0.1188960000872612, 0.6418843865394592, 2.9895548820495605
v,0.1104653924703598, 0.6446239948272705, 2.9885306358337402
v,0.08905377984046936, 0.6418851017951965, 2.9375762939453125
v,0.08724626898765564, 0.6521621346473694, 2.9459903240203857
v,0.09048673510551453, 0.6511102914810181, 2.9375648498535156
v,0.0892215445637703, 0.6418845057487488, 2.9723613262176514
v,0.08732098340988159, 0.6521385908126831, 2.964012861251831
v,0.08573596924543381, 0.6418837308883667, 2.9640042781829834
v,0.1100345328450203, 0.6418828368186951, 2.988523006439209
v,0.10249525308609009, 0.6472148895263672, 2.9852397441864014
v,0.10163048654794693, 0.6418721675872803, 2.9852609634399414
v,0.08905377984046936, 0.6418851017951965, 2.9375762939453125
v,0.09563113749027252, 0.6494351625442505, 2.9302730560302734
v,0.0944601446390152, 0.6418815851211548, 2.9302990436553955
v,0.08464010804891586, 0.6418837904930115, 2.955017328262329
v,0.08732098340988159, 0.6521385908126831, 2.964012861251831
v,0.08626732230186462, 0.6524816751480103, 2.9550182819366455
v,0.09466402977705002, 0.6418825387954712, 2.9795379638671875
v,0.10249525308609009, 0.6472148895263672, 2.9852397441864014
v,0.09581521153450012, 0.649380624294281, 2.9795706272125244
v,0.10511381924152374, 0.6518936157226562, 2.923699378967285
v,0.09563113749027252, 0.6494351625442505, 2.9302730560302734
v,0.09908506274223328, 0.6562671661376953, 2.9302542209625244
v,0.08464010804891586, 0.6418837904930115, 2.955017328262329
v,0.08724626898765564, 0.6521621346473694, 2.9459903240203857
v,0.08564422279596329, 0.6418837904930115, 2.945998430252075
v,0.08626732230186462, 0.6524816751480103, 2.9550182819366455
v,0.09197745472192764, 0.6614318490028381, 2.9640274047851562
v,0.09108182787895203, 0.6620873808860779, 2.955019950866699
v,0.10249525308609009, 0.6472148895263672, 2.9852397441864014
v,0.09921687096357346, 0.6561750173568726, 2.979623794555664
v,0.09581521153450012, 0.649380624294281, 2.9795706272125244
v,0.10885076969861984, 0.6556977033615112, 2.923672914505005
v,0.09908506274223328, 0.6562671661376953, 2.9302542209625244
v,0.10449328273534775, 0.6617132425308228, 2.9302289485931396
v,0.08626732230186462, 0.6524816751480103, 2.9550182819366455
v,0.09193893522024155, 0.6614624261856079, 2.945979118347168
v,0.08724626898765564, 0.6521621346473694, 2.9459903240203857
v,0.09581521153450012, 0.649380624294281, 2.9795706272125244
v,0.09477391839027405, 0.6594023108482361, 2.972440481185913
v,0.09061866998672485, 0.651065468788147, 2.972393035888672
v,0.1104653924703598, 0.6446239948272705, 2.9885306358337402
v,0.1188960000872612, 0.6418843865394592, 2.9895548820495605
v,0.11172324419021606, 0.6470957398414612, 2.988534450531006
v,0.08724626898765564, 0.6521621346473694, 2.9459903240203857
v,0.09471834450960159, 0.6594458222389221, 2.9375593662261963
v,0.09048673510551453, 0.6511102914810181, 2.9375648498535156
v,0.09061866998672485, 0.651065468788147, 2.972393035888672
v,0.09197745472192764, 0.6614318490028381, 2.9640274047851562
v,0.08732098340988159, 0.6521385908126831, 2.964012861251831
v,0.1104653924703598, 0.6446239948272705, 2.9885306358337402
v,0.1049344539642334, 0.6520248651504517, 2.9852683544158936
v,0.10249525308609009, 0.6472148895263672, 2.9852397441864014
v,0.09048673510551453, 0.6511102914810181, 2.9375648498535156
v,0.09908506274223328, 0.6562671661376953, 2.9302542209625244
v,0.09563113749027252, 0.6494351625442505, 2.9302730560302734
v,0.09477391839027405, 0.6594023108482361, 2.972440481185913
v,0.09927494823932648, 0.6688898801803589, 2.964055061340332
v,0.09197745472192764, 0.6614318490028381, 2.9640274047851562
v,0.1049344539642334, 0.6520248651504517, 2.9852683544158936
v,0.11368388682603836, 0.649057924747467, 2.988538980484009
v,0.10873474180698395, 0.6558608412742615, 2.9853129386901855
v,0.09471834450960159, 0.6594458222389221, 2.9375593662261963
v,0.10449328273534775, 0.6617132425308228, 2.9302289485931396
v,0.09908506274223328, 0.6562671661376953, 2.9302542209625244
v,0.09108182787895203, 0.6620873808860779, 2.955019950866699
v,0.09927494823932648, 0.6688898801803589, 2.964055061340332
v,0.09862808883190155, 0.6697862148284912, 2.955016851425171
v,0.09921687096357346, 0.6561750173568726, 2.979623794555664
v,0.10873474180698395, 0.6558608412742615, 2.9853129386901855
v,0.10456297546625137, 0.6616108417510986, 2.9796833992004395
v,0.1136200875043869, 0.6581746339797974, 2.923630952835083
v,0.10449328273534775, 0.6617132425308228, 2.9302289485931396
v,0.1113247200846672, 0.6652395725250244, 2.930180549621582
v,0.09108182787895203, 0.6620873808860779, 2.955019950866699
v,0.09925855696201324, 0.6689158082008362, 2.945953607559204
v,0.09193893522024155, 0.6614624261856079, 2.945979118347168
v,0.09477391839027405, 0.6594023108482361, 2.972440481185913
v,0.10456297546625137, 0.6616108417510986, 2.9796833992004395
v,0.10130932927131653, 0.6660876274108887, 2.9725019931793213
v,0.11172324419021606, 0.6470957398414612, 2.988534450531006
v,0.1188960000872612, 0.6418843865394592, 2.9895548820495605
v,0.11368388682603836, 0.649057924747467, 2.988538980484009
v,0.09471834450960159, 0.6594458222389221, 2.9375593662261963
v,0.09925855696201324, 0.6689158082008362, 2.945953607559204
v,0.10130085796117783, 0.666109561920166, 2.9375197887420654
v,0.09925855696201324, 0.6689158082008362, 2.945953607559204
v,0.10821076482534409, 0.6748186349868774, 2.9550156593322754
v,0.1085498183965683, 0.673762857913971, 2.9459140300750732
v,0.10130932927131653, 0.6660876274108887, 2.9725019931793213
v,0.11134268343448639, 0.6651324033737183, 2.9797422885894775
v,0.10963386297225952, 0.6704359650611877, 2.9725594520568848
v,0.11368388682603836, 0.649057924747467, 2.988538980484009
v,0.1188960000872612, 0.6418843865394592, 2.9895548820495605
v,0.11615585535764694, 0.6503172516822815, 2.988542079925537
v,0.10130085796117783, 0.666109561920166, 2.9375197887420654
v,0.1085498183965683, 0.673762857913971, 2.9459140300750732
v,0.10963331907987595, 0.6704261898994446, 2.937481164932251
v,0.09927494823932648, 0.6688898801803589, 2.964055061340332
v,0.10963386297225952, 0.6704359650611877, 2.9725594520568848
v,0.10853996127843857, 0.6737825274467468, 2.964095115661621
v,0.11368388682603836, 0.649057924747467, 2.988538980484009
v,0.11354726552963257, 0.6583346128463745, 2.9853615760803223
v,0.10873474180698395, 0.6558608412742615, 2.9853129386901855
v,0.10449328273534775, 0.6617132425308228, 2.9302289485931396
v,0.10963331907987595, 0.6704261898994446, 2.937481164932251
v,0.1113247200846672, 0.6652395725250244, 2.930180549621582
v,0.09862808883190155, 0.6697862148284912, 2.955016851425171
v,0.10853996127843857, 0.6737825274467468, 2.964095115661621
v,0.10821076482534409, 0.6748186349868774, 2.9550156593322754
v,0.10873474180698395, 0.6558608412742615, 2.9853129386901855
v,0.11134268343448639, 0.6651324033737183, 2.9797422885894775
v,0.10456297546625137, 0.6616108417510986, 2.9796833992004395
v,0.11887547373771667, 0.659008800983429, 2.9236185550689697
v,0.1113247200846672, 0.6652395725250244, 2.930180549621582
v,0.11889327317476273, 0.6664589047431946, 2.930164337158203
v,0.10853996127843857, 0.6737825274467468, 2.964095115661621
v,0.11889646202325821, 0.6765449643135071, 2.9550161361694336
v,0.10821076482534409, 0.6748186349868774, 2.9550156593322754
v,0.11134268343448639, 0.6651324033737183, 2.9797422885894775
v,0.1188945472240448, 0.6592029929161072, 2.985389232635498
v,0.11889772862195969, 0.6663618087768555, 2.9797728061676025
v,0.12415208667516708, 0.6581320762634277, 2.9236502647399902
v,0.11889327317476273, 0.6664589047431946, 2.930164337158203
v,0.12646940350532532, 0.6652241349220276, 2.930194139480591
v,0.1085498183965683, 0.673762857913971, 2.9459140300750732
v,0.11889646202325821, 0.6765449643135071, 2.9550161361694336
v,0.11889441311359406, 0.6754575371742249, 2.945899248123169
v,0.10963386297225952, 0.6704359650611877, 2.9725594520568848
v,0.11889772862195969, 0.6663618087768555, 2.9797728061676025
v,0.1188976913690567, 0.6719188094139099, 2.9725751876831055
v,0.11615585535764694, 0.6503172516822815, 2.988542079925537
v,0.1188960000872612, 0.6418843865394592, 2.9895548820495605
v,0.1188950166106224, 0.6507520079612732, 2.9885504245758057
v,0.10963331907987595, 0.6704261898994446, 2.937481164932251
v,0.11889441311359406, 0.6754575371742249, 2.945899248123169
v,0.11889299750328064, 0.6719326972961426, 2.937452793121338
v,0.10963386297225952, 0.6704359650611877, 2.9725594520568848
v,0.11890615522861481, 0.6754377484321594, 2.9641056060791016
v,0.10853996127843857, 0.6737825274467468, 2.964095115661621
v,0.11354726552963257, 0.6583346128463745, 2.9853615760803223
v,0.1188950166106224, 0.6507520079612732, 2.9885504245758057
v,0.1188945472240448, 0.6592029929161072, 2.985389232635498
v,0.1113247200846672, 0.6652395725250244, 2.930180549621582
v,0.11889299750328064, 0.6719326972961426, 2.937452793121338
v,0.11889327317476273, 0.6664589047431946, 2.930164337158203
v,0.11889299750328064, 0.6719326972961426, 2.937452793121338
v,0.12923870980739594, 0.6737522482872009, 2.9459190368652344
v,0.12816254794597626, 0.6704310178756714, 2.93747615814209
v,0.11890615522861481, 0.6754377484321594, 2.9641056060791016
v,0.12814490497112274, 0.6703805327415466, 2.972529888153076
v,0.12922999262809753, 0.6737052798271179, 2.9640772342681885
v,0.1188950166106224, 0.6507520079612732, 2.9885504245758057
v,0.12423856556415558, 0.6583660244941711, 2.9853930473327637
v,0.1188945472240448, 0.6592029929161072, 2.985389232635498
v,0.11889299750328064, 0.6719326972961426, 2.937452793121338
v,0.12646940350532532, 0.6652241349220276, 2.930194139480591
v,0.11889327317476273, 0.6664589047431946, 2.930164337158203
v,0.11890615522861481, 0.6754377484321594, 2.9641056060791016
v,0.1295742243528366, 0.6747750639915466, 2.9550178050994873
v,0.11889646202325821, 0.6765449643135071, 2.9550161361694336
v,0.11889772862195969, 0.6663618087768555, 2.9797728061676025
v,0.12423856556415558, 0.6583660244941711, 2.9853930473327637
v,0.12644530832767487, 0.6651294827461243, 2.979738712310791
v,0.12891067564487457, 0.6556655168533325, 2.923687219619751
v,0.12646940350532532, 0.6652241349220276, 2.930194139480591
v,0.13329489529132843, 0.6617087721824646, 2.9302330017089844
v,0.11889646202325821, 0.6765449643135071, 2.9550161361694336
v,0.12923870980739594, 0.6737522482872009, 2.9459190368652344
v,0.11889441311359406, 0.6754575371742249, 2.945899248123169
v,0.11889772862195969, 0.6663618087768555, 2.9797728061676025
v,0.12814490497112274, 0.6703805327415466, 2.972529888153076
v,0.1188976913690567, 0.6719188094139099, 2.9725751876831055
v,0.1188950166106224, 0.6507520079612732, 2.9885504245758057
v,0.1188960000872612, 0.6418843865394592, 2.9895548820495605
v,0.12163641303777695, 0.6503188610076904, 2.9885594844818115
v,0.1295742243528366, 0.6747750639915466, 2.9550178050994873
v,0.13853690028190613, 0.6689243912696838, 2.9459526538848877
v,0.12923870980739594, 0.6737522482872009, 2.9459190368652344
v,0.12644530832767487, 0.6651294827461243, 2.979738712310791
v,0.1364564299583435, 0.6660585403442383, 2.9724791049957275
v,0.12814490497112274, 0.6703805327415466, 2.972529888153076
v,0.12163641303777695, 0.6503188610076904, 2.9885594844818115
v,0.1188960000872612, 0.6418843865394592, 2.9895548820495605
v,0.12410931289196014, 0.649059534072876, 2.9885592460632324
v,0.12923870980739594, 0.6737522482872009, 2.9459190368652344
v,0.13649597764015198, 0.6661195755004883, 2.93751859664917
v,0.12816254794597626, 0.6704310178756714, 2.93747615814209
v,0.12922999262809753, 0.6737052798271179, 2.9640772342681885
v,0.1364564299583435, 0.6660585403442383, 2.9724791049957275
v,0.13849563896656036, 0.6688681840896606, 2.9640488624572754
v,0.12163641303777695, 0.6503188610076904, 2.9885594844818115
v,0.12906531989574432, 0.6558809280395508, 2.9853415489196777
v,0.12423856556415558, 0.6583660244941711, 2.9853930473327637
v,0.12816254794597626, 0.6704310178756714, 2.93747615814209
v,0.13329489529132843, 0.6617087721824646, 2.9302330017089844
v,0.12646940350532532, 0.6652241349220276, 2.930194139480591
v,0.12922999262809753, 0.6737052798271179, 2.9640772342681885
v,0.1391519159078598, 0.6697719097137451, 2.9550182819366455
v,0.1295742243528366, 0.6747750639915466, 2.9550178050994873
v,0.12644530832767487, 0.6651294827461243, 2.979738712310791
v,0.12906531989574432, 0.6558809280395508, 2.9853415489196777
v,0.13323304057121277, 0.661613941192627, 2.9796884059906006
v,0.13869692385196686, 0.6562614440917969, 2.9302613735198975
v,0.12891067564487457, 0.6556655168533325, 2.923687219619751
v,0.13329489529132843, 0.6617087721824646, 2.9302330017089844
v,0.13329489529132843, 0.6617087721824646, 2.9302330017089844
v,0.1430983990430832, 0.6594583988189697, 2.937541961669922
v,0.13869692385196686, 0.6562614440917969, 2.9302613735198975
v,0.13849563896656036, 0.6688681840896606, 2.9640488624572754
v,0.14671720564365387, 0.6620925664901733, 2.9550180435180664
v,0.1391519159078598, 0.6697719097137451, 2.9550182819366455
v,0.12906531989574432, 0.6558809280395508, 2.9853415489196777
v,0.13860014081001282, 0.656194269657135, 2.979649543762207
v,0.13323304057121277, 0.661613941192627, 2.9796884059906006
v,0.14215292036533356, 0.6494311094284058, 2.9302783012390137
v,0.13263602554798126, 0.6518364548683167, 2.923720121383667
v,0.13869692385196686, 0.6562614440917969, 2.9302613735198975
v,0.13853690028190613, 0.6689243912696838, 2.9459526538848877
v,0.14671720564365387, 0.6620925664901733, 2.9550180435180664
v,0.1458890736103058, 0.661486804485321, 2.9459636211395264
v,0.13323304057121277, 0.661613941192627, 2.9796884059906006
v,0.14301709830760956, 0.6594006419181824, 2.9724366664886475
v,0.1364564299583435, 0.6660585403442383, 2.9724791049957275
v,0.12410931289196014, 0.649059534072876, 2.9885592460632324
v,0.1188960000872612, 0.6418843865394592, 2.9895548820495605
v,0.12607115507125854, 0.6470983028411865, 2.988556385040283
v,0.13649597764015198, 0.6661195755004883, 2.93751859664917
v,0.1458890736103058, 0.661486804485321, 2.9459636211395264
v,0.1430983990430832, 0.6594583988189697, 2.937541961669922
v,0.1364564299583435, 0.6660585403442383, 2.9724791049957275
v,0.14581917226314545, 0.6614378094673157, 2.9640326499938965
v,0.13849563896656036, 0.6688681840896606, 2.9640488624572754
v,0.12410931289196014, 0.649059534072876, 2.9885592460632324
v,0.13288353383541107, 0.6520435810089111, 2.9853243827819824
v,0.12906531989574432, 0.6558809280395508, 2.9853415489196777
v,0.12607115507125854, 0.6470983028411865, 2.988556385040283
v,0.1188960000872612, 0.6418843865394592, 2.9895548820495605
v,0.1273300051689148, 0.6446229815483093, 2.988554000854492
v,0.1430983990430832, 0.6594583988189697, 2.937541961669922
v,0.15056410431861877, 0.652165412902832, 2.945984363555908
v,0.14732840657234192, 0.6511120200157166, 2.9375483989715576
v,0.14301709830760956, 0.6594006419181824, 2.9724366664886475
v,0.15047067403793335, 0.6521375179290771, 2.9640111923217773
v,0.14581917226314545, 0.6614378094673157, 2.9640326499938965
v,0.12607115507125854, 0.6470983028411865, 2.988556385040283
v,0.13532966375350952, 0.6472164392471313, 2.9853134155273438
v,0.13288353383541107, 0.6520435810089111, 2.9853243827819824
v,0.13869692385196686, 0.6562614440917969, 2.9302613735198975
v,0.14732840657234192, 0.6511120200157166, 2.9375483989715576
v,0.14215292036533356, 0.6494311094284058, 2.9302783012390137
v,0.14671720564365387, 0.6620925664901733, 2.9550180435180664
v,0.15047067403793335, 0.6521375179290771, 2.9640111923217773
v,0.15153321623802185, 0.6524835228919983, 2.9550185203552246
v,0.13288353383541107, 0.6520435810089111, 2.9853243827819824
v,0.14203853905200958, 0.6493984460830688, 2.979631185531616
v,0.13860014081001282, 0.656194269657135, 2.979649543762207
v,0.143358051776886, 0.6418792605400085, 2.930274248123169
v,0.13501311838626862, 0.6470915079116821, 2.9237184524536133
v,0.14215292036533356, 0.6494311094284058, 2.9302783012390137
v,0.1458890736103058, 0.661486804485321, 2.9459636211395264
v,0.15153321623802185, 0.6524835228919983, 2.9550185203552246
v,0.15056410431861877, 0.652165412902832, 2.945984363555908
v,0.13860014081001282, 0.656194269657135, 2.979649543762207
v,0.14719903469085693, 0.6510738134384155, 2.972407341003418
v,0.14301709830760956, 0.6594006419181824, 2.9724366664886475
v,0.1421002596616745, 0.6343503594398499, 2.9303300380706787
v,0.13585060834884644, 0.641882598400116, 2.9237077236175537
v,0.143358051776886, 0.6418792605400085, 2.930274248123169
v,0.15056410431861877, 0.652165412902832, 2.945984363555908
v,0.15316882729530334, 0.6418832540512085, 2.95501708984375
v,0.15215422213077545, 0.6418811082839966, 2.945995330810547
v,0.14719903469085693, 0.6510738134384155, 2.972407341003418
v,0.14318768680095673, 0.6418843865394592, 2.97959303855896
v,0.14861087501049042, 0.6418832540512085, 2.9723803997039795
v,0.1273300051689148, 0.6446229815483093, 2.988554000854492
v,0.1188960000872612, 0.6418843865394592, 2.9895548820495605
v,0.1277594417333603, 0.6418818831443787, 2.9885401725769043
v,0.15056410431861877, 0.652165412902832, 2.945984363555908
v,0.14874494075775146, 0.641880214214325, 2.937574625015259
v,0.14732840657234192, 0.6511120200157166, 2.9375483989715576
v,0.14719903469085693, 0.6510738134384155, 2.972407341003418
v,0.1520359218120575, 0.641884446144104, 2.9639997482299805
v,0.15047067403793335, 0.6521375179290771, 2.9640111923217773
v,0.13532966375350952, 0.6472164392471313, 2.9853134155273438
v,0.1277594417333603, 0.6418818831443787, 2.9885401725769043
v,0.1361692249774933, 0.6418851613998413, 2.985283613204956
v,0.14215292036533356, 0.6494311094284058, 2.9302783012390137
v,0.14874494075775146, 0.641880214214325, 2.937574625015259
v,0.143358051776886, 0.6418792605400085, 2.930274248123169
v,0.15153321623802185, 0.6524835228919983, 2.9550185203552246
v,0.1520359218120575, 0.641884446144104, 2.9639997482299805
v,0.15316882729530334, 0.6418832540512085, 2.95501708984375
v,0.14203853905200958, 0.6493984460830688, 2.979631185531616
v,0.1361692249774933, 0.6418851613998413, 2.985283613204956
v,0.14318768680095673, 0.6418843865394592, 2.97959303855896
v,0.1277594417333603, 0.6418818831443787, 2.9885401725769043
v,0.13529284298419952, 0.6365565061569214, 2.985243320465088
v,0.1361692249774933, 0.6418851613998413, 2.985283613204956
v,0.14874494075775146, 0.641880214214325, 2.937574625015259
v,0.1421002596616745, 0.6343503594398499, 2.9303300380706787
v,0.143358051776886, 0.6418792605400085, 2.930274248123169
v,0.15316882729530334, 0.6418832540512085, 2.95501708984375
v,0.15039612352848053, 0.6316536664962769, 2.9639923572540283
v,0.15146733820438385, 0.6313036680221558, 2.9550161361694336
v,0.1361692249774933, 0.6418851613998413, 2.985283613204956
v,0.1419801563024521, 0.6343854665756226, 2.9795737266540527
v,0.14318768680095673, 0.6418843865394592, 2.97959303855896
v,0.1385994255542755, 0.6275748014450073, 2.930375814437866
v,0.13496945798397064, 0.636677086353302, 2.923764705657959
v,0.1421002596616745, 0.6343503594398499, 2.9303300380706787
v,0.15316882729530334, 0.6418832540512085, 2.95501708984375
v,0.1504979133605957, 0.6316243410110474, 2.9460031986236572
v,0.15215422213077545, 0.6418811082839966, 2.945995330810547
v,0.14861087501049042, 0.6418832540512085, 2.9723803997039795
v,0.1419801563024521, 0.6343854665756226, 2.9795737266540527
v,0.14714792370796204, 0.6327071189880371, 2.972376823425293
v,0.1277594417333603, 0.6418818831443787, 2.9885401725769043
v,0.1188960000872612, 0.6418843865394592, 2.9895548820495605
v,0.1273202747106552, 0.6391446590423584, 2.9885125160217285
v,0.14874494075775146, 0.641880214214325, 2.937574625015259
v,0.1504979133605957, 0.6316243410110474, 2.9460031986236572
v,0.14726263284683228, 0.6326760649681091, 2.9375879764556885
v,0.14861087501049042, 0.6418832540512085, 2.9723803997039795
v,0.15039612352848053, 0.6316536664962769, 2.9639923572540283
v,0.1520359218120575, 0.641884446144104, 2.9639997482299805
v,0.1273202747106552, 0.6391446590423584, 2.9885125160217285
v,0.1188960000872612, 0.6418843865394592, 2.9895548820495605
v,0.1260576993227005, 0.6366789937019348, 2.9884822368621826
v,0.1504979133605957, 0.6316243410110474, 2.9460031986236572
v,0.14296674728393555, 0.6244022250175476, 2.937629222869873
v,0.14726263284683228, 0.6326760649681091, 2.9375879764556885
v,0.15039612352848053, 0.6316536664962769, 2.9639923572540283
v,0.14290057122707367, 0.6244470477104187, 2.9723548889160156
v,0.1456664800643921, 0.6224396228790283, 2.9639852046966553
v,0.13529284298419952, 0.6365565061569214, 2.985243320465088
v,0.1260576993227005, 0.6366789937019348, 2.9884822368621826
v,0.13283346593379974, 0.6317570209503174, 2.9852135181427
v,0.1421002596616745, 0.6343503594398499, 2.9303300380706787
v,0.14296674728393555, 0.6244022250175476, 2.937629222869873
v,0.1385994255542755, 0.6275748014450073, 2.930375814437866
v,0.15146733820438385, 0.6313036680221558, 2.9550161361694336
v,0.1456664800643921, 0.6224396228790283, 2.9639852046966553
v,0.14657092094421387, 0.621781051158905, 2.9550163745880127
v,0.1419801563024521, 0.6343854665756226, 2.9795737266540527
v,0.13283346593379974, 0.6317570209503174, 2.9852135181427
v,0.1385057270526886, 0.6276384592056274, 2.9795432090759277
v,0.12877310812473297, 0.6282789707183838, 2.92378306388855
v,0.1385994255542755, 0.6275748014450073, 2.930375814437866
v,0.13319182395935059, 0.6222006678581238, 2.9304003715515137
v,0.15146733820438385, 0.6313036680221558, 2.9550161361694336
v,0.14574220776557922, 0.6223844289779663, 2.946012496948242
v,0.1504979133605957, 0.6316243410110474, 2.9460031986236572
v,0.14714792370796204, 0.6327071189880371, 2.972376823425293
v,0.1385057270526886, 0.6276384592056274, 2.9795432090759277
v,0.14290057122707367, 0.6244470477104187, 2.9723548889160156
v,0.13283346593379974, 0.6317570209503174, 2.9852135181427
v,0.13313627243041992, 0.6222807168960571, 2.9795360565185547
v,0.1385057270526886, 0.6276384592056274, 2.9795432090759277
v,0.12408735603094101, 0.6258592009544373, 2.9237782955169678
v,0.13319182395935059, 0.6222006678581238, 2.9304003715515137
v,0.12641176581382751, 0.6187265515327454, 2.930382251739502
v,0.14657092094421387, 0.621781051158905, 2.9550163745880127
v,0.1383761763572693, 0.6150656938552856, 2.946021556854248
v,0.14574220776557922, 0.6223844289779663, 2.946012496948242
v,0.1385057270526886, 0.6276384592056274, 2.9795432090759277
v,0.13631755113601685, 0.6179016828536987, 2.972339630126953
v,0.14290057122707367, 0.6244470477104187, 2.9723548889160156
v,0.1260576993227005, 0.6366789937019348, 2.9884822368621826
v,0.1188960000872612, 0.6418843865394592, 2.9895548820495605
v,0.12409647554159164, 0.6347249150276184, 2.9884605407714844
v,0.14574220776557922, 0.6223844289779663, 2.946012496948242
v,0.1363551914691925, 0.6178468465805054, 2.937652111053467
v,0.14296674728393555, 0.6244022250175476, 2.937629222869873
v,0.1456664800643921, 0.6224396228790283, 2.9639852046966553
v,0.13631755113601685, 0.6179016828536987, 2.972339630126953
v,0.13832393288612366, 0.615136981010437, 2.9639785289764404
v,0.13283346593379974, 0.6317570209503174, 2.9852135181427
v,0.12409647554159164, 0.6347249150276184, 2.9884605407714844
v,0.1290198117494583, 0.6279506683349609, 2.9852118492126465
v,0.1385994255542755, 0.6275748014450073, 2.930375814437866
v,0.1363551914691925, 0.6178468465805054, 2.937652111053467
v,0.13319182395935059, 0.6222006678581238, 2.9304003715515137
v,0.1456664800643921, 0.6224396228790283, 2.9639852046966553
v,0.13898013532161713, 0.6142377257347107, 2.9550158977508545
v,0.14657092094421387, 0.621781051158905, 2.9550163745880127
v,0.1290198117494583, 0.6279506683349609, 2.9852118492126465
v,0.121629498898983, 0.6334710717201233, 2.988450527191162
v,0.12421051412820816, 0.6255035996437073, 2.985217571258545
v,0.13319182395935059, 0.6222006678581238, 2.9304003715515137
v,0.12807443737983704, 0.6136119365692139, 2.9376442432403564
v,0.12641176581382751, 0.6187265515327454, 2.930382251739502
v,0.13832393288612366, 0.615136981010437, 2.9639785289764404
v,0.12945230305194855, 0.609382152557373, 2.9550163745880127
v,0.13898013532161713, 0.6142377257347107, 2.9550158977508545
v,0.1290198117494583, 0.6279506683349609, 2.9852118492126465
v,0.12638311088085175, 0.6188281774520874, 2.979546308517456
v,0.13313627243041992, 0.6222807168960571, 2.9795360565185547
v,0.11889495700597763, 0.6175094246864319, 2.930356740951538
v,0.12408735603094101, 0.6258592009544373, 2.9237782955169678
v,0.12641176581382751, 0.6187265515327454, 2.930382251739502
v,0.1383761763572693, 0.6150656938552856, 2.946021556854248
v,0.12945230305194855, 0.609382152557373, 2.9550163745880127
v,0.12914006412029266, 0.6103351712226868, 2.946016550064087
v,0.13631755113601685, 0.6179016828536987, 2.972339630126953
v,0.12638311088085175, 0.6188281774520874, 2.979546308517456
v,0.12805750966072083, 0.6136743426322937, 2.972348928451538
v,0.12409647554159164, 0.6347249150276184, 2.9884605407714844
v,0.1188960000872612, 0.6418843865394592, 2.9895548820495605
v,0.121629498898983, 0.6334710717201233, 2.988450527191162
v,0.1383761763572693, 0.6150656938552856, 2.946021556854248
v,0.12807443737983704, 0.6136119365692139, 2.9376442432403564
v,0.1363551914691925, 0.6178468465805054, 2.937652111053467
v,0.13631755113601685, 0.6179016828536987, 2.972339630126953
v,0.12910738587379456, 0.6104423999786377, 2.963977813720703
v,0.13832393288612366, 0.615136981010437, 2.9639785289764404
v,0.12805750966072083, 0.6136743426322937, 2.972348928451538
v,0.11889626085758209, 0.6176211833953857, 2.9795680046081543
v,0.11889433860778809, 0.612182080745697, 2.972374677658081
v,0.121629498898983, 0.6334710717201233, 2.988450527191162
v,0.1188960000872612, 0.6418843865394592, 2.9895548820495605
v,0.11889614909887314, 0.633037269115448, 2.988450527191162
v,0.12807443737983704, 0.6136119365692139, 2.9376442432403564
v,0.11889670044183731, 0.6087051630020142, 2.946014881134033
v,0.11889606714248657, 0.6121397018432617, 2.9376330375671387
v,0.12805750966072083, 0.6136743426322937, 2.972348928451538
v,0.1188952773809433, 0.6088006496429443, 2.963984727859497
v,0.12910738587379456, 0.6104423999786377, 2.963977813720703
v,0.12421051412820816, 0.6255035996437073, 2.985217571258545
v,0.11889614909887314, 0.633037269115448, 2.988450527191162
v,0.11889374256134033, 0.6246737837791443, 2.9851932525634766
v,0.12641176581382751, 0.6187265515327454, 2.930382251739502
v,0.11889606714248657, 0.6121397018432617, 2.9376330375671387
v,0.11889495700597763, 0.6175094246864319, 2.930356740951538
v,0.12910738587379456, 0.6104423999786377, 2.963977813720703
v,0.11889709532260895, 0.6076930165290833, 2.9550158977508545
v,0.12945230305194855, 0.609382152557373, 2.9550163745880127
v,0.12638311088085175, 0.6188281774520874, 2.979546308517456
v,0.11889374256134033, 0.6246737837791443, 2.9851932525634766
v,0.11889626085758209, 0.6176211833953857, 2.9795680046081543
v,0.12914006412029266, 0.6103351712226868, 2.946016550064087
v,0.11889709532260895, 0.6076930165290833, 2.9550158977508545
v,0.11889670044183731, 0.6087051630020142, 2.946014881134033
v,0.11138192564249039, 0.6187268495559692, 2.930380344390869
v,0.11890356987714767, 0.6250482201576233, 2.9237732887268066
v,0.11889495700597763, 0.6175094246864319, 2.930356740951538
v,0.13398990035057068, 0.6887151002883911, 2.770052671432495
v,0.14771656692028046, 0.6817209720611572, 2.770052671432495
v,0.11877371370792389, 0.6418845653533936, 2.770052671432495
v,0.17111729085445404, 0.6248770952224731, 2.770052671432495
v,0.1647101640701294, 0.6085795760154724, 2.7701823711395264
v,0.16329985857009888, 0.609534502029419, 2.770052671432495
v,0.16329985857009888, 0.609534502029419, 2.770052671432495
v,0.1521795690059662, 0.5959534645080566, 2.770266532897949
v,0.15112389624118805, 0.5973584651947021, 2.770052671432495
v,0.15112389624118805, 0.5973584651947021, 2.770052671432495
v,0.13629087805747986, 0.5880661010742188, 2.7701339721679688
v,0.1357811689376831, 0.589540958404541, 2.770052671432495
v,0.1357811689376831, 0.589540958404541, 2.770052671432495
v,0.11883849650621414, 0.5853602886199951, 2.770073890686035
v,0.11877373605966568, 0.5868473052978516, 2.770052671432495
v,0.11877373605966568, 0.5868473052978516, 2.770052671432495
v,0.10136058181524277, 0.5880224704742432, 2.770146369934082
v,0.10176628082990646, 0.5895410180091858, 2.770052671432495
v,0.10176628082990646, 0.5895410180091858, 2.770052671432495
v,0.08551875501871109, 0.59599369764328, 2.7702152729034424
v,0.08642329275608063, 0.5973579287528992, 2.770052909851074
v,0.08642329275608063, 0.5973579287528992, 2.770052909851074
v,0.07291170209646225, 0.6085301041603088, 2.770275592803955
v,0.07424743473529816, 0.6095342636108398, 2.770052909851074
v,0.07424743473529816, 0.6095342636108398, 2.770052909851074
v,0.06494548916816711, 0.6243828535079956, 2.770216703414917
v,0.0664292722940445, 0.6248767375946045, 2.7700533866882324
v,0.0664292722940445, 0.6248767375946045, 2.7700533866882324
v,0.06237456202507019, 0.641889214515686, 2.7700657844543457
v,0.0637364313006401, 0.6418845653533936, 2.770052671432495
v,0.0664299726486206, 0.6588920950889587, 2.7700531482696533
v,0.06237456202507019, 0.641889214515686, 2.7700657844543457
v,0.06491249799728394, 0.6593884229660034, 2.77020001411438
v,0.07424601167440414, 0.6742358207702637, 2.770054817199707
v,0.06491249799728394, 0.6593884229660034, 2.77020001411438
v,0.0729624480009079, 0.6752028465270996, 2.770237684249878
v,0.0864236056804657, 0.686410665512085, 2.770052671432495
v,0.0729624480009079, 0.6752028465270996, 2.770237684249878
v,0.08554553985595703, 0.6877312064170837, 2.7701187133789062
v,0.10176625102758408, 0.6942280530929565, 2.770052671432495
v,0.08554553985595703, 0.6877312064170837, 2.7701187133789062
v,0.10138271003961563, 0.6956514120101929, 2.770113229751587
v,0.11877365410327911, 0.6969241499900818, 2.7700581550598145
v,0.10138271003961563, 0.6956514120101929, 2.770113229751587
v,0.11883366107940674, 0.698503851890564, 2.770211696624756
v,0.1357821524143219, 0.6942314505577087, 2.7700581550598145
v,0.11883366107940674, 0.698503851890564, 2.770211696624756
v,0.13631555438041687, 0.6957331895828247, 2.7702183723449707
v,0.1511238068342209, 0.686410665512085, 2.770052671432495
v,0.13631555438041687, 0.6957331895828247, 2.7702183723449707
v,0.15207773447036743, 0.6876677870750427, 2.770138740539551
v,0.16329987347126007, 0.6742346882820129, 2.770052671432495
v,0.15207773447036743, 0.6876677870750427, 2.770138740539551
v,0.16457915306091309, 0.6751084327697754, 2.7701056003570557
v,0.17111727595329285, 0.658892035484314, 2.770052671432495
v,0.16457915306091309, 0.6751084327697754, 2.7701056003570557
v,0.17256243526935577, 0.6593276262283325, 2.770082950592041
v,0.17399704456329346, 0.6240056753158569, 2.770838499069214
v,0.17500554025173187, 0.6418848037719727, 2.7700536251068115
v,0.17672058939933777, 0.6418848037719727, 2.770838499069214
v,0.11889543384313583, 0.699809193611145, 2.770838499069214
v,0.13631555438041687, 0.6957331895828247, 2.7702183723449707
v,0.11883366107940674, 0.698503851890564, 2.770211696624756
v,0.06109832972288132, 0.6418911814689636, 2.770838499069214
v,0.06491249799728394, 0.6593884229660034, 2.77020001411438
v,0.06237456202507019, 0.641889214515686, 2.7700657844543457
v,0.1527862250804901, 0.5951940417289734, 2.770838499069214
v,0.1647101640701294, 0.6085795760154724, 2.7701823711395264
v,0.16560475528240204, 0.6079689264297485, 2.770838499069214
v,0.1527869999408722, 0.68854159116745, 2.770838499069214
v,0.16457915306091309, 0.6751084327697754, 2.7701056003570557
v,0.15207773447036743, 0.6876677870750427, 2.770138740539551
v,0.10106353461742401, 0.5867960453033447, 2.770838499069214
v,0.11883849650621414, 0.5853602886199951, 2.770073890686035
v,0.11889950186014175, 0.5844072699546814, 2.770838499069214
v,0.0720771923661232, 0.6758759617805481, 2.770838499069214
v,0.08554553985595703, 0.6877312064170837, 2.7701187133789062
v,0.0729624480009079, 0.6752028465270996, 2.770237684249878
v,0.07216900587081909, 0.6079666614532471, 2.770838499069214
v,0.08551875501871109, 0.59599369764328, 2.7702152729034424
v,0.08497362583875656, 0.5951514840126038, 2.770838499069214
v,0.11889950186014175, 0.5844072699546814, 2.770838499069214
v,0.13629087805747986, 0.5880661010742188, 2.7701339721679688
v,0.13672921061515808, 0.5868041515350342, 2.770838499069214
v,0.1738029569387436, 0.6597007513046265, 2.770838499069214
v,0.17500554025173187, 0.6418848037719727, 2.7700536251068115
v,0.17256243526935577, 0.6593276262283325, 2.770082950592041
v,0.1010681763291359, 0.6967833638191223, 2.770838499069214
v,0.11883366107940674, 0.698503851890564, 2.770211696624756
v,0.10138271003961563, 0.6956514120101929, 2.770113229751587
v,0.06109832972288132, 0.6418911814689636, 2.770838499069214
v,0.06494548916816711, 0.6243828535079956, 2.770216703414917
v,0.0638495609164238, 0.624036431312561, 2.770838499069214
v,0.16560475528240204, 0.6079689264297485, 2.770838499069214
v,0.1726088523864746, 0.6244148015975952, 2.7700910568237305
v,0.17399704456329346, 0.6240056753158569, 2.770838499069214
v,0.13677717745304108, 0.6969984769821167, 2.770838499069214
v,0.15207773447036743, 0.6876677870750427, 2.770138740539551
v,0.13631555438041687, 0.6957331895828247, 2.7702183723449707
v,0.06380155682563782, 0.6597551107406616, 2.770838499069214
v,0.0729624480009079, 0.6752028465270996, 2.770237684249878
v,0.06491249799728394, 0.6593884229660034, 2.77020001411438
v,0.08497362583875656, 0.5951514840126038, 2.770838499069214
v,0.10136058181524277, 0.5880224704742432, 2.770146369934082
v,0.10106353461742401, 0.5867960453033447, 2.770838499069214
v,0.13672921061515808, 0.5868041515350342, 2.770838499069214
v,0.1521795690059662, 0.5959534645080566, 2.770266532897949
v,0.1527862250804901, 0.5951940417289734, 2.770838499069214
v,0.16581344604492188, 0.6759422421455383, 2.770838499069214
v,0.17256243526935577, 0.6593276262283325, 2.770082950592041
v,0.16457915306091309, 0.6751084327697754, 2.7701056003570557
v,0.08481462299823761, 0.6888266801834106, 2.770838499069214
v,0.10138271003961563, 0.6956514120101929, 2.770113229751587
v,0.08554553985595703, 0.6877312064170837, 2.7701187133789062
v,0.0638495609164238, 0.624036431312561, 2.770838499069214
v,0.07291170209646225, 0.6085301041603088, 2.770275592803955
v,0.07216900587081909, 0.6079666614532471, 2.770838499069214
v,0.17381100356578827, 0.6418845653533936, 2.770052671432495
v,0.17256243526935577, 0.6593276262283325, 2.770082950592041
v,0.17500554025173187, 0.6418848037719727, 2.7700536251068115
v,0.11877373605966568, 0.5926440358161926, 2.770052671432495
v,0.10176628082990646, 0.5895410180091858, 2.770052671432495
v,0.1035575121641159, 0.595054030418396, 2.770052671432495
v,0.08983087539672852, 0.6020481586456299, 2.770052671432495
v,0.10176628082990646, 0.5895410180091858, 2.770052671432495
v,0.08642329275608063, 0.5973579287528992, 2.770052909851074
v,0.08983087539672852, 0.6020481586456299, 2.770052671432495
v,0.07424743473529816, 0.6095342636108398, 2.770052909851074
v,0.07893729954957962, 0.6129416823387146, 2.770052671432495
v,0.07194319367408752, 0.626668393611908, 2.770052671432495
v,0.07424743473529816, 0.6095342636108398, 2.770052909851074
v,0.0664292722940445, 0.6248767375946045, 2.7700533866882324
v,0.07194319367408752, 0.626668393611908, 2.770052671432495
v,0.0637364313006401, 0.6418845653533936, 2.770052671432495
v,0.06953318417072296, 0.6418845653533936, 2.770052671432495
v,0.07194317877292633, 0.6571006774902344, 2.770052671432495
v,0.0637364313006401, 0.6418845653533936, 2.770052671432495
v,0.0664299726486206, 0.6588920950889587, 2.7700531482696533
v,0.07893728464841843, 0.6708273887634277, 2.770052671432495
v,0.0664299726486206, 0.6588920950889587, 2.7700531482696533
v,0.07424601167440414, 0.6742358207702637, 2.770054817199707
v,0.07893728464841843, 0.6708273887634277, 2.770052671432495
v,0.0864236056804657, 0.686410665512085, 2.770052671432495
v,0.08983084559440613, 0.6817209720611572, 2.770052671432495
v,0.08983084559440613, 0.6817209720611572, 2.770052671432495
v,0.10176625102758408, 0.6942280530929565, 2.770052671432495
v,0.1035575419664383, 0.6887151002883911, 2.770052671432495
v,0.11877370625734329, 0.6911250948905945, 2.770052671432495
v,0.10176625102758408, 0.6942280530929565, 2.770052671432495
v,0.11877365410327911, 0.6969241499900818, 2.7700581550598145
v,0.13398990035057068, 0.6887151002883911, 2.770052671432495
v,0.11877365410327911, 0.6969241499900818, 2.7700581550598145
v,0.1357821524143219, 0.6942314505577087, 2.7700581550598145
v,0.13398990035057068, 0.6887151002883911, 2.770052671432495
v,0.1511238068342209, 0.686410665512085, 2.770052671432495
v,0.14771656692028046, 0.6817209720611572, 2.770052671432495
v,0.15861013531684875, 0.6708274483680725, 2.770052671432495
v,0.1511238068342209, 0.686410665512085, 2.770052671432495
v,0.16329987347126007, 0.6742346882820129, 2.770052671432495
v,0.15861013531684875, 0.6708274483680725, 2.770052671432495
v,0.17111727595329285, 0.658892035484314, 2.770052671432495
v,0.16560424864292145, 0.6571007370948792, 2.770052671432495
v,0.168014258146286, 0.6418845653533936, 2.770052671432495
v,0.17111727595329285, 0.658892035484314, 2.770052671432495
v,0.17381100356578827, 0.6418845653533936, 2.770052671432495
v,0.16560426354408264, 0.626668393611908, 2.770052671432495
v,0.17381100356578827, 0.6418845653533936, 2.770052671432495
v,0.17111729085445404, 0.6248770952224731, 2.770052671432495
v,0.16560426354408264, 0.626668393611908, 2.770052671432495
v,0.16329985857009888, 0.609534502029419, 2.770052671432495
v,0.15861015021800995, 0.6129417419433594, 2.770052671432495
v,0.15861015021800995, 0.6129417419433594, 2.770052671432495
v,0.15112389624118805, 0.5973584651947021, 2.770052671432495
v,0.14771659672260284, 0.6020481586456299, 2.770052671432495
v,0.14771659672260284, 0.6020481586456299, 2.770052671432495
v,0.1357811689376831, 0.589540958404541, 2.770052671432495
v,0.13398990035057068, 0.595054030418396, 2.770052671432495
v,0.11877373605966568, 0.5926440358161926, 2.770052671432495
v,0.1357811689376831, 0.589540958404541, 2.770052671432495
v,0.11877373605966568, 0.5868473052978516, 2.770052671432495
v,0.07194317877292633, 0.6571006774902344, 2.770052671432495
v,0.07893728464841843, 0.6708273887634277, 2.770052671432495
v,0.11877371370792389, 0.6418845653533936, 2.770052671432495
v,0.15861015021800995, 0.6129417419433594, 2.770052671432495
v,0.14771659672260284, 0.6020481586456299, 2.770052671432495
v,0.11877371370792389, 0.6418845653533936, 2.770052671432495
v,0.07893729954957962, 0.6129416823387146, 2.770052671432495
v,0.07194319367408752, 0.626668393611908, 2.770052671432495
v,0.11877371370792389, 0.6418845653533936, 2.770052671432495
v,0.16560424864292145, 0.6571007370948792, 2.770052671432495
v,0.11877371370792389, 0.6418845653533936, 2.770052671432495
v,0.15861013531684875, 0.6708274483680725, 2.770052671432495
v,0.11877371370792389, 0.6418845653533936, 2.770052671432495
v,0.1035575419664383, 0.6887151002883911, 2.770052671432495
v,0.11877370625734329, 0.6911250948905945, 2.770052671432495
v,0.15861013531684875, 0.6708274483680725, 2.770052671432495
v,0.11877371370792389, 0.6418845653533936, 2.770052671432495
v,0.14771656692028046, 0.6817209720611572, 2.770052671432495
v,0.11877370625734329, 0.6911250948905945, 2.770052671432495
v,0.13398990035057068, 0.6887151002883911, 2.770052671432495
v,0.11877371370792389, 0.6418845653533936, 2.770052671432495
v,0.1035575419664383, 0.6887151002883911, 2.770052671432495
v,0.11877371370792389, 0.6418845653533936, 2.770052671432495
v,0.08983084559440613, 0.6817209720611572, 2.770052671432495
v,0.11877371370792389, 0.6418845653533936, 2.770052671432495
v,0.07194319367408752, 0.626668393611908, 2.770052671432495
v,0.06953318417072296, 0.6418845653533936, 2.770052671432495
v,0.08983084559440613, 0.6817209720611572, 2.770052671432495
v,0.11877371370792389, 0.6418845653533936, 2.770052671432495
v,0.07893728464841843, 0.6708273887634277, 2.770052671432495
v,0.06953318417072296, 0.6418845653533936, 2.770052671432495
v,0.07194317877292633, 0.6571006774902344, 2.770052671432495
v,0.11877371370792389, 0.6418845653533936, 2.770052671432495
v,0.14771659672260284, 0.6020481586456299, 2.770052671432495
v,0.13398990035057068, 0.595054030418396, 2.770052671432495
v,0.11877371370792389, 0.6418845653533936, 2.770052671432495
v,0.11877371370792389, 0.6418845653533936, 2.770052671432495
v,0.16560424864292145, 0.6571007370948792, 2.770052671432495
v,0.168014258146286, 0.6418845653533936, 2.770052671432495
v,0.168014258146286, 0.6418845653533936, 2.770052671432495
v,0.16560426354408264, 0.626668393611908, 2.770052671432495
v,0.11877371370792389, 0.6418845653533936, 2.770052671432495
v,0.16560426354408264, 0.626668393611908, 2.770052671432495
v,0.15861015021800995, 0.6129417419433594, 2.770052671432495
v,0.11877371370792389, 0.6418845653533936, 2.770052671432495
v,0.13398990035057068, 0.595054030418396, 2.770052671432495
v,0.11877373605966568, 0.5926440358161926, 2.770052671432495
v,0.11877371370792389, 0.6418845653533936, 2.770052671432495
v,0.11877373605966568, 0.5926440358161926, 2.770052671432495
v,0.1035575121641159, 0.595054030418396, 2.770052671432495
v,0.11877371370792389, 0.6418845653533936, 2.770052671432495
v,0.1035575121641159, 0.595054030418396, 2.770052671432495
v,0.08983087539672852, 0.6020481586456299, 2.770052671432495
v,0.11877371370792389, 0.6418845653533936, 2.770052671432495
v,0.08983087539672852, 0.6020481586456299, 2.770052671432495
v,0.07893729954957962, 0.6129416823387146, 2.770052671432495
v,0.11877371370792389, 0.6418845653533936, 2.770052671432495
v,0.11889369040727615, 0.6184334754943848, 2.851193428039551
v,0.11164822429418564, 0.6195785999298096, 2.8511953353881836
v,0.11074035614728928, 0.6167781352996826, 2.8435921669006348
v,0.11164822429418564, 0.6195785999298096, 2.8511953353881836
v,0.10509519279003143, 0.6228863000869751, 2.851206064224243
v,0.10335779935121536, 0.6204931735992432, 2.843611001968384
v,0.10509519279003143, 0.6228863000869751, 2.851206064224243
v,0.09986604750156403, 0.6280550956726074, 2.85122013092041
v,0.09747382253408432, 0.6263183355331421, 2.843630313873291
v,0.09747382253408432, 0.6263183355331421, 2.843630313873291
v,0.09986604750156403, 0.6280550956726074, 2.85122013092041
v,0.09648715704679489, 0.6345997452735901, 2.851231336593628
v,0.09648715704679489, 0.6345997452735901, 2.851231336593628
v,0.09529469162225723, 0.6418789029121399, 2.8512423038482666
v,0.09235244244337082, 0.6418789625167847, 2.8436777591705322
v,0.09529469162225723, 0.6418789029121399, 2.8512423038482666
v,0.09640821814537048, 0.6491816639900208, 2.8512537479400635
v,0.09361429512500763, 0.6500896215438843, 2.843701124191284
v,0.09361429512500763, 0.6500896215438843, 2.843701124191284
v,0.09640821814537048, 0.6491816639900208, 2.8512537479400635
v,0.09971785545349121, 0.6558135747909546, 2.8512730598449707
v,0.09734191000461578, 0.6575406193733215, 2.8437211513519287
v,0.09971785545349121, 0.6558135747909546, 2.8512730598449707
v,0.10491673648357391, 0.6611111760139465, 2.85129714012146
v,0.10319685190916061, 0.663479745388031, 2.84374737739563
v,0.10491673648357391, 0.6611111760139465, 2.85129714012146
v,0.11152097582817078, 0.6645424962043762, 2.8513176441192627
v,0.11152097582817078, 0.6645424962043762, 2.8513176441192627
v,0.11889602243900299, 0.6657448410987854, 2.851328134536743
v,0.11889656633138657, 0.668664276599884, 2.8437631130218506
v,0.11889656633138657, 0.668664276599884, 2.8437631130218506
v,0.11889602243900299, 0.6657448410987854, 2.851328134536743
v,0.1262684315443039, 0.664589524269104, 2.8513314723968506
v,0.12716616690158844, 0.667349636554718, 2.8437585830688477
v,0.1262684315443039, 0.664589524269104, 2.8513314723968506
v,0.13292859494686127, 0.6611853837966919, 2.8513269424438477
v,0.13462455570697784, 0.6635204553604126, 2.8437466621398926
v,0.13292859494686127, 0.6611853837966919, 2.8513269424438477
v,0.1381782442331314, 0.6558866500854492, 2.851314067840576
v,0.1381782442331314, 0.6558866500854492, 2.851314067840576
v,0.14151357114315033, 0.6492303609848022, 2.851297616958618
v,0.14423827826976776, 0.6501151323318481, 2.843707323074341
v,0.14151357114315033, 0.6492303609848022, 2.851297616958618
v,0.14261847734451294, 0.6418589353561401, 2.8512797355651855
v,0.14549469947814941, 0.6418735384941101, 2.843683958053589
v,0.14261847734451294, 0.6418589353561401, 2.8512797355651855
v,0.1413860321044922, 0.6345639824867249, 2.8512582778930664
v,0.144133523106575, 0.6336750984191895, 2.8436553478240967
v,0.1413860321044922, 0.6345639824867249, 2.8512582778930664
v,0.1379687637090683, 0.6280151605606079, 2.851235866546631
v,0.14031365513801575, 0.6263152956962585, 2.843628406524658
v,0.1379687637090683, 0.6280151605606079, 2.851235866546631
v,0.13271349668502808, 0.6228524446487427, 2.8512156009674072
v,0.13442522287368774, 0.6205002069473267, 2.843606948852539
v,0.09986604750156403, 0.6280550956726074, 2.85122013092041
v,0.10509519279003143, 0.6228863000869751, 2.851206064224243
v,0.10665661096572876, 0.6250383853912354, 2.862196922302246
v,0.13271349668502808, 0.6228524446487427, 2.8512156009674072
v,0.12614421546459198, 0.619561493396759, 2.8511993885040283
v,0.12704788148403168, 0.6167855858802795, 2.8435893058776855
v,0.12614421546459198, 0.619561493396759, 2.8511993885040283
v,0.11889369040727615, 0.6184334754943848, 2.851193428039551
v,0.11889535933732986, 0.6155040860176086, 2.8435847759246826
v,0.17111729085445404, 0.6248770952224731, 2.770052671432495
v,0.17381100356578827, 0.6418845653533936, 2.770052671432495
v,0.17500554025173187, 0.6418848037719727, 2.7700536251068115
v,0.13660790026187897, 0.5873596668243408, 2.786247730255127
v,0.1360725313425064, 0.588981568813324, 2.789799213409424
v,0.11889534443616867, 0.586145281791687, 2.7897794246673584
v,0.15152090787887573, 0.5969676375389099, 2.789808511734009
v,0.1360725313425064, 0.588981568813324, 2.789799213409424
v,0.13660790026187897, 0.5873596668243408, 2.786247730255127
v,0.16522815823554993, 0.6082264184951782, 2.7862162590026855
v,0.16383561491966248, 0.6092386245727539, 2.789811611175537
v,0.15152090787887573, 0.5969676375389099, 2.789808511734009
v,0.17338162660598755, 0.6241819858551025, 2.7862226963043213
v,0.17187979817390442, 0.6246839761734009, 2.789797306060791
v,0.16383561491966248, 0.6092386245727539, 2.789811611175537
v,0.17636638879776, 0.6418764591217041, 2.7863147258758545
v,0.17481157183647156, 0.6418842077255249, 2.7897939682006836
v,0.17187979817390442, 0.6246839761734009, 2.789797306060791
v,0.17212052643299103, 0.6591235399246216, 2.7898008823394775
v,0.17481157183647156, 0.6418842077255249, 2.7897939682006836
v,0.17636638879776, 0.6418764591217041, 2.7863147258758545
v,0.16404104232788086, 0.6746611595153809, 2.7897942066192627
v,0.17212052643299103, 0.6591235399246216, 2.7898008823394775
v,0.17371830344200134, 0.6596766710281372, 2.7864270210266113
v,0.15169857442378998, 0.6870729923248291, 2.789769172668457
v,0.16404104232788086, 0.6746611595153809, 2.7897942066192627
v,0.16546295583248138, 0.6757058501243591, 2.786386013031006
v,0.1367194652557373, 0.6968063712120056, 2.7864863872528076
v,0.1361827552318573, 0.6952407956123352, 2.789781332015991
v,0.15169857442378998, 0.6870729923248291, 2.789769172668457
v,0.11888569593429565, 0.6996369957923889, 2.7864491939544678
v,0.11888246983289719, 0.6981912851333618, 2.7897801399230957
v,0.1361827552318573, 0.6952407956123352, 2.789781332015991
v,0.10161168873310089, 0.6953105330467224, 2.789777994155884
v,0.11888246983289719, 0.6981912851333618, 2.7897801399230957
v,0.11888569593429565, 0.6996369957923889, 2.7864491939544678
v,0.08607761561870575, 0.6870978474617004, 2.7897584438323975
v,0.10161168873310089, 0.6953105330467224, 2.789777994155884
v,0.1010742262005806, 0.6968073844909668, 2.7864620685577393
v,0.07232677191495895, 0.6757083535194397, 2.786363124847412
v,0.07374577224254608, 0.6746644377708435, 2.789757251739502
v,0.08607761561870575, 0.6870978474617004, 2.7897584438323975
v,0.0641326829791069, 0.6596645712852478, 2.78633713722229
v,0.06571909785270691, 0.6591092944145203, 2.789738655090332
v,0.07374577224254608, 0.6746644377708435, 2.789757251739502
v,0.061198893934488297, 0.641883909702301, 2.786428689956665
v,0.06284670531749725, 0.64187091588974, 2.7897744178771973
v,0.06571909785270691, 0.6591092944145203, 2.789738655090332
v,0.06417486071586609, 0.6241177320480347, 2.786362648010254
v,0.06585801392793655, 0.6246781349182129, 2.789787769317627
v,0.06284670531749725, 0.64187091588974, 2.7897744178771973
v,0.07248008996248245, 0.6081675887107849, 2.7862794399261475
v,0.07397430390119553, 0.6092568039894104, 2.789792537689209
v,0.06585801392793655, 0.6246781349182129, 2.789787769317627
v,0.08523458242416382, 0.5955505967140198, 2.786221504211426
v,0.08629299700260162, 0.5970024466514587, 2.7898035049438477
v,0.07397430390119553, 0.6092568039894104, 2.789792537689209
v,0.10172195732593536, 0.5890021324157715, 2.7897982597351074
v,0.08629299700260162, 0.5970024466514587, 2.7898035049438477
v,0.08523458242416382, 0.5955505967140198, 2.786221504211426
v,0.11889534443616867, 0.586145281791687, 2.7897794246673584
v,0.10172195732593536, 0.5890021324157715, 2.7897982597351074
v,0.1011899784207344, 0.5873668193817139, 2.786245346069336
v,0.11888707429170609, 0.5832169651985168, 2.7823636531829834
v,0.11889131367206573, 0.5844694375991821, 2.7862939834594727
v,0.1011899784207344, 0.5873668193817139, 2.786245346069336
v,0.1011899784207344, 0.5873668193817139, 2.786245346069336
v,0.08523458242416382, 0.5955505967140198, 2.786221504211426
v,0.08450411260128021, 0.5945430397987366, 2.782341957092285
v,0.08450411260128021, 0.5945430397987366, 2.782341957092285
v,0.08523458242416382, 0.5955505967140198, 2.786221504211426
v,0.07248008996248245, 0.6081675887107849, 2.7862794399261475
v,0.07248008996248245, 0.6081675887107849, 2.7862794399261475
v,0.06417486071586609, 0.6241177320480347, 2.786362648010254
v,0.06298636645078659, 0.6237313151359558, 2.782365560531616
v,0.06417486071586609, 0.6241177320480347, 2.786362648010254
v,0.061198893934488297, 0.641883909702301, 2.786428689956665
v,0.0600680336356163, 0.6418959498405457, 2.782367706298828
v,0.0600680336356163, 0.6418959498405457, 2.782367706298828
v,0.061198893934488297, 0.641883909702301, 2.786428689956665
v,0.0641326829791069, 0.6596645712852478, 2.78633713722229
v,0.06314226984977722, 0.6599915623664856, 2.782339334487915
v,0.0641326829791069, 0.6596645712852478, 2.78633713722229
v,0.07232677191495895, 0.6757083535194397, 2.786363124847412
v,0.07141225785017014, 0.6763687133789062, 2.782356023788452
v,0.07232677191495895, 0.6757083535194397, 2.786363124847412
v,0.08503763377666473, 0.6885126829147339, 2.786410093307495
v,0.08503763377666473, 0.6885126829147339, 2.786410093307495
v,0.1010742262005806, 0.6968073844909668, 2.7864620685577393
v,0.10069186240434647, 0.6979559659957886, 2.7823920249938965
v,0.1010742262005806, 0.6968073844909668, 2.7864620685577393
v,0.11888569593429565, 0.6996369957923889, 2.7864491939544678
v,0.11889772862195969, 0.7007254362106323, 2.7823593616485596
v,0.11889772862195969, 0.7007254362106323, 2.7823593616485596
v,0.11888569593429565, 0.6996369957923889, 2.7864491939544678
v,0.1367194652557373, 0.6968063712120056, 2.7864863872528076
v,0.13709305226802826, 0.6979334354400635, 2.7823779582977295
v,0.1367194652557373, 0.6968063712120056, 2.7864863872528076
v,0.15273773670196533, 0.688478946685791, 2.7863941192626953
v,0.1534828245639801, 0.6895083785057068, 2.7823989391326904
v,0.15273773670196533, 0.688478946685791, 2.7863941192626953
v,0.16546295583248138, 0.6757058501243591, 2.786386013031006
v,0.16546295583248138, 0.6757058501243591, 2.786386013031006
v,0.17371830344200134, 0.6596766710281372, 2.7864270210266113
v,0.17493559420108795, 0.6600637435913086, 2.7823967933654785
v,0.17493559420108795, 0.6600637435913086, 2.7823967933654785
v,0.17371830344200134, 0.6596766710281372, 2.7864270210266113
v,0.17636638879776, 0.6418764591217041, 2.7863147258758545
v,0.17760932445526123, 0.641870379447937, 2.782369613647461
v,0.17636638879776, 0.6418764591217041, 2.7863147258758545
v,0.17338162660598755, 0.6241819858551025, 2.7862226963043213
v,0.17450271546840668, 0.6238164901733398, 2.7823305130004883
v,0.17338162660598755, 0.6241819858551025, 2.7862226963043213
v,0.16522815823554993, 0.6082264184951782, 2.7862162590026855
v,0.1662311553955078, 0.6075084209442139, 2.7823383808135986
v,0.16522815823554993, 0.6082264184951782, 2.7862162590026855
v,0.15256862342357635, 0.5955289602279663, 2.78623366355896
v,0.15331529080867767, 0.5944879055023193, 2.7823495864868164
v,0.15256862342357635, 0.5955289602279663, 2.78623366355896
v,0.13660790026187897, 0.5873596668243408, 2.786247730255127
v,0.13699090480804443, 0.5861660242080688, 2.7823565006256104
v,0.13660790026187897, 0.5873596668243408, 2.786247730255127
v,0.11889131367206573, 0.5844694375991821, 2.7862939834594727
v,0.1370965838432312, 0.585807204246521, 2.7770535945892334
v,0.13699090480804443, 0.5861660242080688, 2.7823565006256104
v,0.11888707429170609, 0.5832169651985168, 2.7823636531829834
v,0.15349876880645752, 0.5942355394363403, 2.777035713195801
v,0.15331529080867767, 0.5944879055023193, 2.7823495864868164
v,0.13699090480804443, 0.5861660242080688, 2.7823565006256104
v,0.1662311553955078, 0.6075084209442139, 2.7823383808135986
v,0.15331529080867767, 0.5944879055023193, 2.7823495864868164
v,0.15349876880645752, 0.5942355394363403, 2.777035713195801
v,0.17450271546840668, 0.6238164901733398, 2.7823305130004883
v,0.1662311553955078, 0.6075084209442139, 2.7823383808135986
v,0.16651654243469238, 0.6073061227798462, 2.777055501937866
v,0.17760932445526123, 0.641870379447937, 2.782369613647461
v,0.17450271546840668, 0.6238164901733398, 2.7823305130004883
v,0.17487062513828278, 0.6237029433250427, 2.7770678997039795
v,0.1752438247203827, 0.6601527333259583, 2.77701473236084
v,0.17493559420108795, 0.6600637435913086, 2.7823967933654785
v,0.17760932445526123, 0.641870379447937, 2.782369613647461
v,0.1667594015598297, 0.6766454577445984, 2.777024507522583
v,0.16651466488838196, 0.6764744520187378, 2.7823879718780518
v,0.17493559420108795, 0.6600637435913086, 2.7823967933654785
v,0.1536579132080078, 0.6897521615028381, 2.777024507522583
v,0.1534828245639801, 0.6895083785057068, 2.7823989391326904
v,0.16651466488838196, 0.6764744520187378, 2.7823879718780518
v,0.1371520608663559, 0.6981022953987122, 2.7770352363586426
v,0.13709305226802826, 0.6979334354400635, 2.7823779582977295
v,0.1534828245639801, 0.6895083785057068, 2.7823989391326904
v,0.11889633536338806, 0.7008804678916931, 2.7770419120788574
v,0.11889772862195969, 0.7007254362106323, 2.7823593616485596
v,0.13709305226802826, 0.6979334354400635, 2.7823779582977295
v,0.10069186240434647, 0.6979559659957886, 2.7823920249938965
v,0.11889772862195969, 0.7007254362106323, 2.7823593616485596
v,0.11889633536338806, 0.7008804678916931, 2.7770419120788574
v,0.08413831889629364, 0.6897467374801636, 2.7770261764526367
v,0.0843101441860199, 0.6895074844360352, 2.7823870182037354
v,0.10069186240434647, 0.6979559659957886, 2.7823920249938965
v,0.07120142877101898, 0.6765264272689819, 2.7770466804504395
v,0.07141225785017014, 0.6763687133789062, 2.782356023788452
v,0.0843101441860199, 0.6895074844360352, 2.7823870182037354
v,0.06288720667362213, 0.6600792407989502, 2.777055501937866
v,0.06314226984977722, 0.6599915623664856, 2.782339334487915
v,0.07141225785017014, 0.6763687133789062, 2.782356023788452
v,0.059832680970430374, 0.6418890953063965, 2.777033805847168
v,0.0600680336356163, 0.6418959498405457, 2.782367706298828
v,0.06314226984977722, 0.6599915623664856, 2.782339334487915
v,0.06298636645078659, 0.6237313151359558, 2.782365560531616
v,0.0600680336356163, 0.6418959498405457, 2.782367706298828
v,0.059832680970430374, 0.6418890953063965, 2.777033805847168
v,0.07142554223537445, 0.6074039340019226, 2.7823612689971924
v,0.06298636645078659, 0.6237313151359558, 2.782365560531616
v,0.06275127828121185, 0.6236506700515747, 2.7770285606384277
v,0.08450411260128021, 0.5945430397987366, 2.782341957092285
v,0.07142554223537445, 0.6074039340019226, 2.7823612689971924
v,0.07118164002895355, 0.6072330474853516, 2.7770259380340576
v,0.10080644488334656, 0.5861634612083435, 2.7823567390441895
v,0.08450411260128021, 0.5945430397987366, 2.782341957092285
v,0.08430476486682892, 0.5942596793174744, 2.777052164077759
v,0.11888707429170609, 0.5832169651985168, 2.7823636531829834
v,0.10080644488334656, 0.5861634612083435, 2.7823567390441895
v,0.10070149600505829, 0.5858188271522522, 2.7770535945892334
v,0.11889950186014175, 0.5844072699546814, 2.770838499069214
v,0.11889512836933136, 0.582862138748169, 2.7770493030548096
v,0.10070149600505829, 0.5858188271522522, 2.7770535945892334
v,0.10070149600505829, 0.5858188271522522, 2.7770535945892334
v,0.08430476486682892, 0.5942596793174744, 2.777052164077759
v,0.08497362583875656, 0.5951514840126038, 2.770838499069214
v,0.08430476486682892, 0.5942596793174744, 2.777052164077759
v,0.07118164002895355, 0.6072330474853516, 2.7770259380340576
v,0.07216900587081909, 0.6079666614532471, 2.770838499069214
v,0.07216900587081909, 0.6079666614532471, 2.770838499069214
v,0.07118164002895355, 0.6072330474853516, 2.7770259380340576
v,0.06275127828121185, 0.6236506700515747, 2.7770285606384277
v,0.0638495609164238, 0.624036431312561, 2.770838499069214
v,0.06275127828121185, 0.6236506700515747, 2.7770285606384277
v,0.059832680970430374, 0.6418890953063965, 2.777033805847168
v,0.06109832972288132, 0.6418911814689636, 2.770838499069214
v,0.059832680970430374, 0.6418890953063965, 2.777033805847168
v,0.06288720667362213, 0.6600792407989502, 2.777055501937866
v,0.06288720667362213, 0.6600792407989502, 2.777055501937866
v,0.07120142877101898, 0.6765264272689819, 2.7770466804504395
v,0.0720771923661232, 0.6758759617805481, 2.770838499069214
v,0.07120142877101898, 0.6765264272689819, 2.7770466804504395
v,0.08413831889629364, 0.6897467374801636, 2.7770261764526367
v,0.08481462299823761, 0.6888266801834106, 2.770838499069214
v,0.08413831889629364, 0.6897467374801636, 2.7770261764526367
v,0.10062482953071594, 0.6981971263885498, 2.777026414871216
v,0.1010681763291359, 0.6967833638191223, 2.770838499069214
v,0.1010681763291359, 0.6967833638191223, 2.770838499069214
v,0.10062482953071594, 0.6981971263885498, 2.777026414871216
v,0.11889633536338806, 0.7008804678916931, 2.7770419120788574
v,0.11889633536338806, 0.7008804678916931, 2.7770419120788574
v,0.1371520608663559, 0.6981022953987122, 2.7770352363586426
v,0.13677717745304108, 0.6969984769821167, 2.770838499069214
v,0.1371520608663559, 0.6981022953987122, 2.7770352363586426
v,0.1536579132080078, 0.6897521615028381, 2.777024507522583
v,0.1527869999408722, 0.68854159116745, 2.770838499069214
v,0.1527869999408722, 0.68854159116745, 2.770838499069214
v,0.1536579132080078, 0.6897521615028381, 2.777024507522583
v,0.1667594015598297, 0.6766454577445984, 2.777024507522583
v,0.1667594015598297, 0.6766454577445984, 2.777024507522583
v,0.1752438247203827, 0.6601527333259583, 2.77701473236084
v,0.1738029569387436, 0.6597007513046265, 2.770838499069214
v,0.1738029569387436, 0.6597007513046265, 2.770838499069214
v,0.1752438247203827, 0.6601527333259583, 2.77701473236084
v,0.1779724806547165, 0.6418773531913757, 2.7770466804504395
v,0.17672058939933777, 0.6418848037719727, 2.770838499069214
v,0.1779724806547165, 0.6418773531913757, 2.7770466804504395
v,0.17487062513828278, 0.6237029433250427, 2.7770678997039795
v,0.17487062513828278, 0.6237029433250427, 2.7770678997039795
v,0.16651654243469238, 0.6073061227798462, 2.777055501937866
v,0.16560475528240204, 0.6079689264297485, 2.770838499069214
v,0.16560475528240204, 0.6079689264297485, 2.770838499069214
v,0.16651654243469238, 0.6073061227798462, 2.777055501937866
v,0.15349876880645752, 0.5942355394363403, 2.777035713195801
v,0.1527862250804901, 0.5951940417289734, 2.770838499069214
v,0.15349876880645752, 0.5942355394363403, 2.777035713195801
v,0.1370965838432312, 0.585807204246521, 2.7770535945892334
v,0.1370965838432312, 0.585807204246521, 2.7770535945892334
v,0.11889512836933136, 0.582862138748169, 2.7770493030548096
v,0.11889950186014175, 0.5844072699546814, 2.770838499069214
v,0.1360725313425064, 0.588981568813324, 2.789799213409424
v,0.136720210313797, 0.5870186686515808, 2.7961575984954834
v,0.11889219284057617, 0.584170937538147, 2.796151876449585
v,0.15272128582000732, 0.5953264832496643, 2.7961905002593994
v,0.136720210313797, 0.5870186686515808, 2.7961575984954834
v,0.1360725313425064, 0.588981568813324, 2.789799213409424
v,0.16383561491966248, 0.6092386245727539, 2.789811611175537
v,0.1654702126979828, 0.6080477833747864, 2.7961833477020264
v,0.15272128582000732, 0.5953264832496643, 2.7961905002593994
v,0.17187979817390442, 0.6246839761734009, 2.789797306060791
v,0.17377111315727234, 0.6240593791007996, 2.7961597442626953
v,0.1654702126979828, 0.6080477833747864, 2.7961833477020264
v,0.17481157183647156, 0.6418842077255249, 2.7897939682006836
v,0.17675986886024475, 0.6418766379356384, 2.796121120452881
v,0.17377111315727234, 0.6240593791007996, 2.7961597442626953
v,0.17212052643299103, 0.6591235399246216, 2.7898008823394775
v,0.17398957908153534, 0.6597689986228943, 2.7960991859436035
v,0.17675986886024475, 0.6418766379356384, 2.796121120452881
v,0.16404104232788086, 0.6746611595153809, 2.7897942066192627
v,0.16574400663375854, 0.6759107112884521, 2.796100378036499
v,0.17398957908153534, 0.6597689986228943, 2.7960991859436035
v,0.15169857442378998, 0.6870729923248291, 2.789769172668457
v,0.15297412872314453, 0.688802182674408, 2.7960872650146484
v,0.16574400663375854, 0.6759107112884521, 2.796100378036499
v,0.13686397671699524, 0.6972355842590332, 2.796041488647461
v,0.15297412872314453, 0.688802182674408, 2.7960872650146484
v,0.15169857442378998, 0.6870729923248291, 2.789769172668457
v,0.11889606714248657, 0.7002875208854675, 2.7959542274475098
v,0.13686397671699524, 0.6972355842590332, 2.796041488647461
v,0.1361827552318573, 0.6952407956123352, 2.789781332015991
v,0.10161168873310089, 0.6953105330467224, 2.789777994155884
v,0.10091996192932129, 0.6973114013671875, 2.795987606048584
v,0.11889606714248657, 0.7002875208854675, 2.7959542274475098
v,0.08607761561870575, 0.6870978474617004, 2.7897584438323975
v,0.08478432893753052, 0.688841700553894, 2.7960658073425293
v,0.10091996192932129, 0.6973114013671875, 2.795987606048584
v,0.0720500499010086, 0.6759108304977417, 2.796099901199341
v,0.08478432893753052, 0.688841700553894, 2.7960658073425293
v,0.08607761561870575, 0.6870978474617004, 2.7897584438323975
v,0.06370240449905396, 0.6598004698753357, 2.7960731983184814
v,0.0720500499010086, 0.6759108304977417, 2.796099901199341
v,0.07374577224254608, 0.6746644377708435, 2.789757251739502
v,0.06079961359500885, 0.6418823003768921, 2.7960450649261475
v,0.06370240449905396, 0.6598004698753357, 2.7960731983184814
v,0.06571909785270691, 0.6591092944145203, 2.789738655090332
v,0.06389492750167847, 0.6240115165710449, 2.796121120452881
v,0.06079961359500885, 0.6418823003768921, 2.7960450649261475
v,0.06284670531749725, 0.64187091588974, 2.7897744178771973
v,0.0723094791173935, 0.6080396771430969, 2.7961819171905518
v,0.06389492750167847, 0.6240115165710449, 2.796121120452881
v,0.06585801392793655, 0.6246781349182129, 2.789787769317627
v,0.0850941389799118, 0.5953592658042908, 2.796199083328247
v,0.0723094791173935, 0.6080396771430969, 2.7961819171905518
v,0.07397430390119553, 0.6092568039894104, 2.789792537689209
v,0.10110267251729965, 0.5871203541755676, 2.79618501663208
v,0.0850941389799118, 0.5953592658042908, 2.796199083328247
v,0.08629299700260162, 0.5970024466514587, 2.7898035049438477
v,0.11889219284057617, 0.584170937538147, 2.796151876449585
v,0.10110267251729965, 0.5871203541755676, 2.79618501663208
v,0.10172195732593536, 0.5890021324157715, 2.7897982597351074
v,0.136720210313797, 0.5870186686515808, 2.7961575984954834
v,0.13684320449829102, 0.5866429805755615, 2.7993199825286865
v,0.11889283359050751, 0.5838030576705933, 2.799325466156006
v,0.15272128582000732, 0.5953264832496643, 2.7961905002593994
v,0.15294697880744934, 0.595016598701477, 2.7993247509002686
v,0.13684320449829102, 0.5866429805755615, 2.7993199825286865
v,0.16577471792697906, 0.6078265309333801, 2.7993249893188477
v,0.15294697880744934, 0.595016598701477, 2.7993247509002686
v,0.15272128582000732, 0.5953264832496643, 2.7961905002593994
v,0.17412245273590088, 0.6239450573921204, 2.799321413040161
v,0.16577471792697906, 0.6078265309333801, 2.7993249893188477
v,0.1654702126979828, 0.6080477833747864, 2.7961833477020264
v,0.17675986886024475, 0.6418766379356384, 2.796121120452881
v,0.17714180052280426, 0.6418769955635071, 2.799323081970215
v,0.17412245273590088, 0.6239450573921204, 2.799321413040161
v,0.17398957908153534, 0.6597689986228943, 2.7960991859436035
v,0.1743604987859726, 0.6598920822143555, 2.7993178367614746
v,0.17714180052280426, 0.6418769955635071, 2.799323081970215
v,0.16574400663375854, 0.6759107112884521, 2.796100378036499
v,0.1660817563533783, 0.6761565208435059, 2.7993178367614746
v,0.1743604987859726, 0.6598920822143555, 2.7993178367614746
v,0.1532229483127594, 0.6891390085220337, 2.799309015274048
v,0.1660817563533783, 0.6761565208435059, 2.7993178367614746
v,0.16574400663375854, 0.6759107112884521, 2.796100378036499
v,0.13686397671699524, 0.6972355842590332, 2.796041488647461
v,0.13701128959655762, 0.6976814270019531, 2.7992913722991943
v,0.1532229483127594, 0.6891390085220337, 2.799309015274048
v,0.11889886856079102, 0.7008004188537598, 2.7992889881134033
v,0.13701128959655762, 0.6976814270019531, 2.7992913722991943
v,0.13686397671699524, 0.6972355842590332, 2.796041488647461
v,0.10077133774757385, 0.6977715492248535, 2.799281358718872
v,0.11889886856079102, 0.7008004188537598, 2.7992889881134033
v,0.11889606714248657, 0.7002875208854675, 2.7959542274475098
v,0.08478432893753052, 0.688841700553894, 2.7960658073425293
v,0.08452316373586655, 0.689201295375824, 2.799309730529785
v,0.10077133774757385, 0.6977715492248535, 2.799281358718872
v,0.07171595096588135, 0.6761539578437805, 2.799311399459839
v,0.08452316373586655, 0.689201295375824, 2.799309730529785
v,0.08478432893753052, 0.688841700553894, 2.7960658073425293
v,0.06330594420433044, 0.6599319577217102, 2.799318790435791
v,0.07171595096588135, 0.6761539578437805, 2.799311399459839
v,0.0720500499010086, 0.6759108304977417, 2.796099901199341
v,0.0603763684630394, 0.6418838500976562, 2.7993085384368896
v,0.06330594420433044, 0.6599319577217102, 2.799318790435791
v,0.06370240449905396, 0.6598004698753357, 2.7960731983184814
v,0.06353245675563812, 0.6238930225372314, 2.7993226051330566
v,0.0603763684630394, 0.6418838500976562, 2.7993085384368896
v,0.06079961359500885, 0.6418823003768921, 2.7960450649261475
v,0.07202011346817017, 0.607828676700592, 2.7993268966674805
v,0.06353245675563812, 0.6238930225372314, 2.7993226051330566
v,0.06389492750167847, 0.6240115165710449, 2.796121120452881
v,0.08489810675382614, 0.5950902104377747, 2.799328327178955
v,0.07202011346817017, 0.607828676700592, 2.7993268966674805
v,0.0723094791173935, 0.6080396771430969, 2.7961819171905518
v,0.10110267251729965, 0.5871203541755676, 2.79618501663208
v,0.10099327564239502, 0.5867856740951538, 2.799326181411743
v,0.08489810675382614, 0.5950902104377747, 2.799328327178955
v,0.11889219284057617, 0.584170937538147, 2.796151876449585
v,0.11889283359050751, 0.5838030576705933, 2.799325466156006
v,0.10099327564239502, 0.5867856740951538, 2.799326181411743
v,0.1363467127084732, 0.5881595611572266, 2.8077762126922607
v,0.11889418214559555, 0.5854086875915527, 2.8077707290649414
v,0.11889283359050751, 0.5838030576705933, 2.799325466156006
v,0.15294697880744934, 0.595016598701477, 2.7993247509002686
v,0.15203119814395905, 0.5962777733802795, 2.8077335357666016
v,0.1363467127084732, 0.5881595611572266, 2.8077762126922607
v,0.16450506448745728, 0.608749508857727, 2.807734251022339
v,0.15203119814395905, 0.5962777733802795, 2.8077335357666016
v,0.15294697880744934, 0.595016598701477, 2.7993247509002686
v,0.17260265350341797, 0.6244345903396606, 2.8077688217163086
v,0.16450506448745728, 0.608749508857727, 2.807734251022339
v,0.16577471792697906, 0.6078265309333801, 2.7993249893188477
v,0.175519660115242, 0.6418793797492981, 2.8078222274780273
v,0.17260265350341797, 0.6244345903396606, 2.8077688217163086
v,0.17412245273590088, 0.6239450573921204, 2.799321413040161
v,0.17276544868946075, 0.6593794226646423, 2.807832956314087
v,0.175519660115242, 0.6418793797492981, 2.8078222274780273
v,0.17714180052280426, 0.6418769955635071, 2.799323081970215
v,0.1660817563533783, 0.6761565208435059, 2.7993178367614746
v,0.16474837064743042, 0.675189733505249, 2.8078386783599854
v,0.17276544868946075, 0.6593794226646423, 2.807832956314087
v,0.1522369384765625, 0.6877778172492981, 2.8078627586364746
v,0.16474837064743042, 0.675189733505249, 2.8078386783599854
v,0.1660817563533783, 0.6761565208435059, 2.7993178367614746
v,0.13649006187915802, 0.6960580348968506, 2.8079488277435303
v,0.1522369384765625, 0.6877778172492981, 2.8078627586364746
v,0.1532229483127594, 0.6891390085220337, 2.799309015274048
v,0.1189037635922432, 0.6990464329719543, 2.808013677597046
v,0.13649006187915802, 0.6960580348968506, 2.8079488277435303
v,0.13701128959655762, 0.6976814270019531, 2.7992913722991943
v,0.10077133774757385, 0.6977715492248535, 2.799281358718872
v,0.10127183049917221, 0.6961912512779236, 2.8079864978790283
v,0.1189037635922432, 0.6990464329719543, 2.808013677597046
v,0.08452316373586655, 0.689201295375824, 2.799309730529785
v,0.08547472953796387, 0.6878960132598877, 2.8079092502593994
v,0.10127183049917221, 0.6961912512779236, 2.8079864978790283
v,0.07171595096588135, 0.6761539578437805, 2.799311399459839
v,0.07297253608703613, 0.6752405762672424, 2.8078675270080566
v,0.08547472953796387, 0.6878960132598877, 2.8079092502593994
v,0.06489163637161255, 0.6594238877296448, 2.807878255844116
v,0.07297253608703613, 0.6752405762672424, 2.8078675270080566
v,0.07171595096588135, 0.6761539578437805, 2.799311399459839
v,0.062050480395555496, 0.6418859958648682, 2.8079047203063965
v,0.06489163637161255, 0.6594238877296448, 2.807878255844116
v,0.06330594420433044, 0.6599319577217102, 2.799318790435791
v,0.06353245675563812, 0.6238930225372314, 2.7993226051330566
v,0.06507295370101929, 0.6243938207626343, 2.8078150749206543
v,0.062050480395555496, 0.6418859958648682, 2.8079047203063965
v,0.07202011346817017, 0.607828676700592, 2.7993268966674805
v,0.07328854501247406, 0.6087478399276733, 2.8077332973480225
v,0.06507295370101929, 0.6243938207626343, 2.8078150749206543
v,0.08489810675382614, 0.5950902104377747, 2.799328327178955
v,0.08581452816724777, 0.5963517427444458, 2.8077008724212646
v,0.07328854501247406, 0.6087478399276733, 2.8077332973480225
v,0.10148018598556519, 0.5882783532142639, 2.8077313899993896
v,0.08581452816724777, 0.5963517427444458, 2.8077008724212646
v,0.08489810675382614, 0.5950902104377747, 2.799328327178955
v,0.11889418214559555, 0.5854086875915527, 2.8077707290649414
v,0.10148018598556519, 0.5882783532142639, 2.8077313899993896
v,0.10099327564239502, 0.5867856740951538, 2.799326181411743
v,0.1363467127084732, 0.5881595611572266, 2.8077762126922607
v,0.13490097224712372, 0.5926064252853394, 2.8162200450897217
v,0.11889395117759705, 0.5900816321372986, 2.816209077835083
v,0.14930839836597443, 0.6000254154205322, 2.816157341003418
v,0.13490097224712372, 0.5926064252853394, 2.8162200450897217
v,0.1363467127084732, 0.5881595611572266, 2.8077762126922607
v,0.16450506448745728, 0.608749508857727, 2.807734251022339
v,0.1607608050107956, 0.6114721894264221, 2.8161609172821045
v,0.14930839836597443, 0.6000254154205322, 2.816157341003418
v,0.17260265350341797, 0.6244345903396606, 2.8077688217163086
v,0.16816473007202148, 0.6258772015571594, 2.8162097930908203
v,0.1607608050107956, 0.6114721894264221, 2.8161609172821045
v,0.17078746855258942, 0.6418797373771667, 2.816286087036133
v,0.16816473007202148, 0.6258772015571594, 2.8162097930908203
v,0.17260265350341797, 0.6244345903396606, 2.8077688217163086
v,0.1682458519935608, 0.6579111218452454, 2.8162829875946045
v,0.17078746855258942, 0.6418797373771667, 2.816286087036133
v,0.175519660115242, 0.6418793797492981, 2.8078222274780273
v,0.1608874499797821, 0.6723853349685669, 2.816298723220825
v,0.1682458519935608, 0.6579111218452454, 2.8162829875946045
v,0.17276544868946075, 0.6593794226646423, 2.807832956314087
v,0.149422749876976, 0.6839023232460022, 2.816326141357422
v,0.1608874499797821, 0.6723853349685669, 2.816298723220825
v,0.16474837064743042, 0.675189733505249, 2.8078386783599854
v,0.13649006187915802, 0.6960580348968506, 2.8079488277435303
v,0.13497531414031982, 0.6914186477661133, 2.8164713382720947
v,0.149422749876976, 0.6839023232460022, 2.816326141357422
v,0.1189037635922432, 0.6990464329719543, 2.808013677597046
v,0.11890357732772827, 0.6941086053848267, 2.8165903091430664
v,0.13497531414031982, 0.6914186477661133, 2.8164713382720947
v,0.10127183049917221, 0.6961912512779236, 2.8079864978790283
v,0.10278665274381638, 0.6915375590324402, 2.8165805339813232
v,0.11890357732772827, 0.6941086053848267, 2.8165903091430664
v,0.08830287307500839, 0.6840031147003174, 2.816441535949707
v,0.10278665274381638, 0.6915375590324402, 2.8165805339813232
v,0.10127183049917221, 0.6961912512779236, 2.8079864978790283
v,0.07683217525482178, 0.6724367737770081, 2.8163697719573975
v,0.08830287307500839, 0.6840031147003174, 2.816441535949707
v,0.08547472953796387, 0.6878960132598877, 2.8079092502593994
v,0.06489163637161255, 0.6594238877296448, 2.807878255844116
v,0.06943365931510925, 0.6579477787017822, 2.816394805908203
v,0.07683217525482178, 0.6724367737770081, 2.8163697719573975
v,0.062050480395555496, 0.6418859958648682, 2.8079047203063965
v,0.06686151027679443, 0.6418747305870056, 2.8164174556732178
v,0.06943365931510925, 0.6579477787017822, 2.816394805908203
v,0.06507295370101929, 0.6243938207626343, 2.8078150749206543
v,0.06955747306346893, 0.6258518695831299, 2.816274881362915
v,0.06686151027679443, 0.6418747305870056, 2.8164174556732178
v,0.07703891396522522, 0.6114722490310669, 2.8161511421203613
v,0.06955747306346893, 0.6258518695831299, 2.816274881362915
v,0.06507295370101929, 0.6243938207626343, 2.8078150749206543
v,0.08581452816724777, 0.5963517427444458, 2.8077008724212646
v,0.08852402865886688, 0.600077211856842, 2.816099166870117
v,0.07703891396522522, 0.6114722490310669, 2.8161511421203613
v,0.10148018598556519, 0.5882783532142639, 2.8077313899993896
v,0.1029156744480133, 0.5926924347877502, 2.816143274307251
v,0.08852402865886688, 0.600077211856842, 2.816099166870117
v,0.11889418214559555, 0.5854086875915527, 2.8077707290649414
v,0.11889395117759705, 0.5900816321372986, 2.816209077835083
v,0.1029156744480133, 0.5926924347877502, 2.816143274307251
v,0.1328684687614441, 0.5988515615463257, 2.8225176334381104
v,0.11889400333166122, 0.5966380834579468, 2.8225176334381104
v,0.11889395117759705, 0.5900816321372986, 2.816209077835083
v,0.14546748995780945, 0.6053022742271423, 2.822470188140869
v,0.1328684687614441, 0.5988515615463257, 2.8225176334381104
v,0.13490097224712372, 0.5926064252853394, 2.8162200450897217
v,0.15548676252365112, 0.6153062582015991, 2.822484254837036
v,0.14546748995780945, 0.6053022742271423, 2.822470188140869
v,0.14930839836597443, 0.6000254154205322, 2.816157341003418
v,0.16816473007202148, 0.6258772015571594, 2.8162097930908203
v,0.16193997859954834, 0.6279029250144958, 2.8225319385528564
v,0.15548676252365112, 0.6153062582015991, 2.822484254837036
v,0.17078746855258942, 0.6418797373771667, 2.816286087036133
v,0.16418737173080444, 0.6418792009353638, 2.822594165802002
v,0.16193997859954834, 0.6279029250144958, 2.8225319385528564
v,0.16198226809501648, 0.6558725237846375, 2.82258939743042
v,0.16418737173080444, 0.6418792009353638, 2.822594165802002
v,0.17078746855258942, 0.6418797373771667, 2.816286087036133
v,0.15555095672607422, 0.6685048341751099, 2.8225910663604736
v,0.16198226809501648, 0.6558725237846375, 2.82258939743042
v,0.1682458519935608, 0.6579111218452454, 2.8162829875946045
v,0.149422749876976, 0.6839023232460022, 2.816326141357422
v,0.14553409814834595, 0.6785521507263184, 2.822627305984497
v,0.15555095672607422, 0.6685048341751099, 2.8225910663604736
v,0.13290709257125854, 0.6850447058677673, 2.8227100372314453
v,0.14553409814834595, 0.6785521507263184, 2.822627305984497
v,0.149422749876976, 0.6839023232460022, 2.816326141357422
v,0.11890087276697159, 0.6873151063919067, 2.8228037357330322
v,0.13290709257125854, 0.6850447058677673, 2.8227100372314453
v,0.13497531414031982, 0.6914186477661133, 2.8164713382720947
v,0.10488355904817581, 0.6850916147232056, 2.822777509689331
v,0.11890087276697159, 0.6873151063919067, 2.8228037357330322
v,0.11890357732772827, 0.6941086053848267, 2.8165903091430664
v,0.09223900735378265, 0.6785842180252075, 2.822685956954956
v,0.10488355904817581, 0.6850916147232056, 2.822777509689331
v,0.10278665274381638, 0.6915375590324402, 2.8165805339813232
v,0.08222360163927078, 0.6685211658477783, 2.822633743286133
v,0.09223900735378265, 0.6785842180252075, 2.822685956954956
v,0.08830287307500839, 0.6840031147003174, 2.816441535949707
v,0.06943365931510925, 0.6579477787017822, 2.816394805908203
v,0.07577808201313019, 0.6558864712715149, 2.822643280029297
v,0.08222360163927078, 0.6685211658477783, 2.822633743286133
v,0.06686151027679443, 0.6418747305870056, 2.8164174556732178
v,0.07354938983917236, 0.6418774724006653, 2.82267427444458
v,0.07577808201313019, 0.6558864712715149, 2.822643280029297
v,0.07583843171596527, 0.6278973817825317, 2.8225648403167725
v,0.07354938983917236, 0.6418774724006653, 2.82267427444458
v,0.06686151027679443, 0.6418747305870056, 2.8164174556732178
v,0.08231575787067413, 0.615309476852417, 2.822474956512451
v,0.07583843171596527, 0.6278973817825317, 2.8225648403167725
v,0.06955747306346893, 0.6258518695831299, 2.816274881362915
v,0.08852402865886688, 0.600077211856842, 2.816099166870117
v,0.09233736246824265, 0.60532146692276, 2.822441339492798
v,0.08231575787067413, 0.615309476852417, 2.822474956512451
v,0.1029156744480133, 0.5926924347877502, 2.816143274307251
v,0.10493233799934387, 0.598888635635376, 2.8224639892578125
v,0.09233736246824265, 0.60532146692276, 2.822441339492798
v,0.11889400333166122, 0.5966380834579468, 2.8225176334381104
v,0.10493233799934387, 0.598888635635376, 2.8224639892578125
v,0.1029156744480133, 0.5926924347877502, 2.816143274307251
v,0.13068856298923492, 0.6054672002792358, 2.8267548084259033
v,0.11890146136283875, 0.6035529375076294, 2.826777696609497
v,0.11889400333166122, 0.5966380834579468, 2.8225176334381104
v,0.14132745563983917, 0.6109739542007446, 2.826695203781128
v,0.13068856298923492, 0.6054672002792358, 2.8267548084259033
v,0.1328684687614441, 0.5988515615463257, 2.8225176334381104
v,0.1498279571533203, 0.6194310188293457, 2.826702833175659
v,0.14132745563983917, 0.6109739542007446, 2.826695203781128
v,0.14546748995780945, 0.6053022742271423, 2.822470188140869
v,0.16193997859954834, 0.6279029250144958, 2.8225319385528564
v,0.15539227426052094, 0.6300599575042725, 2.826794147491455
v,0.1498279571533203, 0.6194310188293457, 2.826702833175659
v,0.15737546980381012, 0.6418687105178833, 2.8268654346466064
v,0.15539227426052094, 0.6300599575042725, 2.826794147491455
v,0.16193997859954834, 0.6279029250144958, 2.8225319385528564
v,0.15545405447483063, 0.6537172198295593, 2.826849937438965
v,0.15737546980381012, 0.6418687105178833, 2.8268654346466064
v,0.16418737173080444, 0.6418792009353638, 2.822594165802002
v,0.14998474717140198, 0.664445161819458, 2.82680344581604
v,0.15545405447483063, 0.6537172198295593, 2.826849937438965
v,0.16198226809501648, 0.6558725237846375, 2.82258939743042
v,0.14553409814834595, 0.6785521507263184, 2.822627305984497
v,0.14146362245082855, 0.6729905009269714, 2.826840877532959
v,0.14998474717140198, 0.664445161819458, 2.82680344581604
v,0.13290709257125854, 0.6850447058677673, 2.8227100372314453
v,0.1307600438594818, 0.6785638928413391, 2.8268818855285645
v,0.14146362245082855, 0.6729905009269714, 2.826840877532959
v,0.11890087276697159, 0.6873151063919067, 2.8228037357330322
v,0.11889703571796417, 0.6805151104927063, 2.8269410133361816
v,0.1307600438594818, 0.6785638928413391, 2.8268818855285645
v,0.10703349858522415, 0.6785781979560852, 2.8269073963165283
v,0.11889703571796417, 0.6805151104927063, 2.8269410133361816
v,0.11890087276697159, 0.6873151063919067, 2.8228037357330322
v,0.09631555527448654, 0.6730116009712219, 2.826810836791992
v,0.10703349858522415, 0.6785781979560852, 2.8269073963165283
v,0.10488355904817581, 0.6850916147232056, 2.822777509689331
v,0.08222360163927078, 0.6685211658477783, 2.822633743286133
v,0.08781956881284714, 0.6644389629364014, 2.8268165588378906
v,0.09631555527448654, 0.6730116009712219, 2.826810836791992
v,0.07577808201313019, 0.6558864712715149, 2.822643280029297
v,0.08231647312641144, 0.6537266969680786, 2.826820135116577
v,0.08781956881284714, 0.6644389629364014, 2.8268165588378906
v,0.07354938983917236, 0.6418774724006653, 2.82267427444458
v,0.08041037619113922, 0.6418641209602356, 2.826866865158081
v,0.08231647312641144, 0.6537266969680786, 2.826820135116577
v,0.07583843171596527, 0.6278973817825317, 2.8225648403167725
v,0.08237729966640472, 0.6300504207611084, 2.8267855644226074
v,0.08041037619113922, 0.6418641209602356, 2.826866865158081
v,0.08793763816356659, 0.6194157004356384, 2.826702833175659
v,0.08237729966640472, 0.6300504207611084, 2.8267855644226074
v,0.07583843171596527, 0.6278973817825317, 2.8225648403167725
v,0.09233736246824265, 0.60532146692276, 2.822441339492798
v,0.09644848853349686, 0.6109617352485657, 2.8266756534576416
v,0.08793763816356659, 0.6194157004356384, 2.826702833175659
v,0.10493233799934387, 0.598888635635376, 2.8224639892578125
v,0.10709911584854126, 0.6054926514625549, 2.826735258102417
v,0.09644848853349686, 0.6109617352485657, 2.8266756534576416
v,0.11889400333166122, 0.5966380834579468, 2.8225176334381104
v,0.11890146136283875, 0.6035529375076294, 2.826777696609497
v,0.10709911584854126, 0.6054926514625549, 2.826735258102417
v,0.13068856298923492, 0.6054672002792358, 2.8267548084259033
v,0.13053342700004578, 0.6060225963592529, 2.8282229900360107
v,0.11889795958995819, 0.6041707992553711, 2.8282358646392822
v,0.14132745563983917, 0.6109739542007446, 2.826695203781128
v,0.14102259278297424, 0.6114177107810974, 2.828212022781372
v,0.13053342700004578, 0.6060225963592529, 2.8282229900360107
v,0.1493765264749527, 0.6197376251220703, 2.828204393386841
v,0.14102259278297424, 0.6114177107810974, 2.828212022781372
v,0.14132745563983917, 0.6109739542007446, 2.826695203781128
v,0.1548861712217331, 0.6302037835121155, 2.8282196521759033
v,0.1493765264749527, 0.6197376251220703, 2.828204393386841
v,0.1498279571533203, 0.6194310188293457, 2.826702833175659
v,0.15686869621276855, 0.6418720483779907, 2.8282201290130615
v,0.1548861712217331, 0.6302037835121155, 2.8282196521759033
v,0.15539227426052094, 0.6300599575042725, 2.826794147491455
v,0.15545405447483063, 0.6537172198295593, 2.826849937438965
v,0.1549646556377411, 0.6535796523094177, 2.8282179832458496
v,0.15686869621276855, 0.6418720483779907, 2.8282201290130615
v,0.14998474717140198, 0.664445161819458, 2.82680344581604
v,0.14961430430412292, 0.6641885638237, 2.8282103538513184
v,0.1549646556377411, 0.6535796523094177, 2.8282179832458496
v,0.14123442769050598, 0.6726431846618652, 2.8281924724578857
v,0.14961430430412292, 0.6641885638237, 2.8282103538513184
v,0.14998474717140198, 0.664445161819458, 2.82680344581604
v,0.13064813613891602, 0.6781407594680786, 2.8282217979431152
v,0.14123442769050598, 0.6726431846618652, 2.8281924724578857
v,0.14146362245082855, 0.6729905009269714, 2.826840877532959
v,0.11889921873807907, 0.6800059080123901, 2.8282554149627686
v,0.13064813613891602, 0.6781407594680786, 2.8282217979431152
v,0.1307600438594818, 0.6785638928413391, 2.8268818855285645
v,0.10703349858522415, 0.6785781979560852, 2.8269073963165283
v,0.10714923590421677, 0.6781054735183716, 2.82824969291687
v,0.11889921873807907, 0.6800059080123901, 2.8282554149627686
v,0.09631555527448654, 0.6730116009712219, 2.826810836791992
v,0.09656191617250443, 0.6726282238960266, 2.828234910964966
v,0.10714923590421677, 0.6781054735183716, 2.82824969291687
v,0.08781956881284714, 0.6644389629364014, 2.8268165588378906
v,0.08818421512842178, 0.6641876697540283, 2.8282017707824707
v,0.09656191617250443, 0.6726282238960266, 2.828234910964966
v,0.08286556601524353, 0.6535832285881042, 2.828270435333252
v,0.08818421512842178, 0.6641876697540283, 2.8282017707824707
v,0.08781956881284714, 0.6644389629364014, 2.8268165588378906
v,0.08098483830690384, 0.6418779492378235, 2.828254461288452
v,0.08286556601524353, 0.6535832285881042, 2.828270435333252
v,0.08231647312641144, 0.6537266969680786, 2.826820135116577
v,0.08237729966640472, 0.6300504207611084, 2.8267855644226074
v,0.08290432393550873, 0.630203127861023, 2.828230381011963
v,0.08098483830690384, 0.6418779492378235, 2.828254461288452
v,0.08793763816356659, 0.6194157004356384, 2.826702833175659
v,0.08840587735176086, 0.619735836982727, 2.828216791152954
v,0.08290432393550873, 0.630203127861023, 2.828230381011963
v,0.09644848853349686, 0.6109617352485657, 2.8266756534576416
v,0.09677138179540634, 0.6114197969436646, 2.8281943798065186
v,0.08840587735176086, 0.619735836982727, 2.828216791152954
v,0.10726676136255264, 0.60606449842453, 2.828219175338745
v,0.09677138179540634, 0.6114197969436646, 2.8281943798065186
v,0.09644848853349686, 0.6109617352485657, 2.8266756534576416
v,0.11889795958995819, 0.6041707992553711, 2.8282358646392822
v,0.10726676136255264, 0.60606449842453, 2.828219175338745
v,0.10709911584854126, 0.6054926514625549, 2.826735258102417
v,0.13081762194633484, 0.6051779389381409, 2.8320443630218506
v,0.11889846622943878, 0.6032483577728271, 2.832045555114746
v,0.11889795958995819, 0.6041707992553711, 2.8282358646392822
v,0.14151184260845184, 0.6107548475265503, 2.8320469856262207
v,0.13081762194633484, 0.6051779389381409, 2.8320443630218506
v,0.13053342700004578, 0.6060225963592529, 2.8282229900360107
v,0.1493765264749527, 0.6197376251220703, 2.828204393386841
v,0.15003858506679535, 0.619251549243927, 2.832050323486328
v,0.14151184260845184, 0.6107548475265503, 2.8320469856262207
v,0.1548861712217331, 0.6302037835121155, 2.8282196521759033
v,0.15567252039909363, 0.6299397349357605, 2.832070827484131
v,0.15003858506679535, 0.619251549243927, 2.832050323486328
v,0.15686869621276855, 0.6418720483779907, 2.8282201290130615
v,0.15773972868919373, 0.6418771147727966, 2.832054853439331
v,0.15567252039909363, 0.6299397349357605, 2.832070827484131
v,0.1549646556377411, 0.6535796523094177, 2.8282179832458496
v,0.1558387279510498, 0.6538721323013306, 2.8320188522338867
v,0.15773972868919373, 0.6418771147727966, 2.832054853439331
v,0.14961430430412292, 0.6641885638237, 2.8282103538513184
v,0.1503482609987259, 0.6647432446479797, 2.8320393562316895
v,0.1558387279510498, 0.6538721323013306, 2.8320188522338867
v,0.14123442769050598, 0.6726431846618652, 2.8281924724578857
v,0.1417435109615326, 0.6733365058898926, 2.8320388793945312
v,0.1503482609987259, 0.6647432446479797, 2.8320393562316895
v,0.13064813613891602, 0.6781407594680786, 2.8282217979431152
v,0.13094016909599304, 0.6789909601211548, 2.832030773162842
v,0.1417435109615326, 0.6733365058898926, 2.8320388793945312
v,0.1189102977514267, 0.6807961463928223, 2.8320324420928955
v,0.13094016909599304, 0.6789909601211548, 2.832030773162842
v,0.13064813613891602, 0.6781407594680786, 2.8282217979431152
v,0.10689880698919296, 0.6788231730461121, 2.8320322036743164
v,0.1189102977514267, 0.6807961463928223, 2.8320324420928955
v,0.11889921873807907, 0.6800059080123901, 2.8282554149627686
v,0.09616828709840775, 0.6731518507003784, 2.8320529460906982
v,0.10689880698919296, 0.6788231730461121, 2.8320322036743164
v,0.10714923590421677, 0.6781054735183716, 2.82824969291687
v,0.08818421512842178, 0.6641876697540283, 2.8282017707824707
v,0.08756141364574432, 0.6646445989608765, 2.8320744037628174
v,0.09616828709840775, 0.6731518507003784, 2.8320529460906982
v,0.08236092329025269, 0.6537538766860962, 2.8320508003234863
v,0.08756141364574432, 0.6646445989608765, 2.8320744037628174
v,0.08818421512842178, 0.6641876697540283, 2.8282017707824707
v,0.08098483830690384, 0.6418779492378235, 2.828254461288452
v,0.08028006553649902, 0.6418853402137756, 2.8320488929748535
v,0.08236092329025269, 0.6537538766860962, 2.8320508003234863
v,0.08290432393550873, 0.630203127861023, 2.828230381011963
v,0.08210159838199615, 0.6299377083778381, 2.8320517539978027
v,0.08028006553649902, 0.6418853402137756, 2.8320488929748535
v,0.08772057294845581, 0.6192293763160706, 2.8320446014404297
v,0.08210159838199615, 0.6299377083778381, 2.8320517539978027
v,0.08290432393550873, 0.630203127861023, 2.828230381011963
v,0.09625722467899323, 0.6107340455055237, 2.8320536613464355
v,0.08772057294845581, 0.6192293763160706, 2.8320446014404297
v,0.08840587735176086, 0.619735836982727, 2.828216791152954
v,0.10698196291923523, 0.6052122712135315, 2.8320319652557373
v,0.09625722467899323, 0.6107340455055237, 2.8320536613464355
v,0.09677138179540634, 0.6114197969436646, 2.8281943798065186
v,0.11889795958995819, 0.6041707992553711, 2.8282358646392822
v,0.11889846622943878, 0.6032483577728271, 2.832045555114746
v,0.10698196291923523, 0.6052122712135315, 2.8320319652557373
v,0.13081762194633484, 0.6051779389381409, 2.8320443630218506
v,0.1304309368133545, 0.6063660383224487, 2.835202693939209
v,0.1188952848315239, 0.6045244336128235, 2.835190773010254
v,0.1408190131187439, 0.6116938591003418, 2.835146903991699
v,0.1304309368133545, 0.6063660383224487, 2.835202693939209
v,0.13081762194633484, 0.6051779389381409, 2.8320443630218506
v,0.1490897685289383, 0.6199508309364319, 2.8351542949676514
v,0.1408190131187439, 0.6116938591003418, 2.835146903991699
v,0.14151184260845184, 0.6107548475265503, 2.8320469856262207
v,0.15442794561386108, 0.6303389668464661, 2.835195779800415
v,0.1490897685289383, 0.6199508309364319, 2.8351542949676514
v,0.15003858506679535, 0.619251549243927, 2.832050323486328
v,0.15634532272815704, 0.6418667435646057, 2.835294008255005
v,0.15442794561386108, 0.6303389668464661, 2.835195779800415
v,0.15567252039909363, 0.6299397349357605, 2.832070827484131
v,0.1558387279510498, 0.6538721323013306, 2.8320188522338867
v,0.15458902716636658, 0.6534707546234131, 2.835376024246216
v,0.15634532272815704, 0.6418667435646057, 2.835294008255005
v,0.1492595374584198, 0.6639403700828552, 2.8353652954101562
v,0.15458902716636658, 0.6534707546234131, 2.835376024246216
v,0.1558387279510498, 0.6538721323013306, 2.8320188522338867
v,0.14097413420677185, 0.6722747683525085, 2.8353638648986816
v,0.1492595374584198, 0.6639403700828552, 2.8353652954101562
v,0.1503482609987259, 0.6647432446479797, 2.8320393562316895
v,0.13050924241542816, 0.6776788830757141, 2.8354437351226807
v,0.14097413420677185, 0.6722747683525085, 2.8353638648986816
v,0.1417435109615326, 0.6733365058898926, 2.8320388793945312
v,0.1189102977514267, 0.6807961463928223, 2.8320324420928955
v,0.11890155076980591, 0.6795012354850769, 2.8354222774505615
v,0.13050924241542816, 0.6776788830757141, 2.8354437351226807
v,0.10689880698919296, 0.6788231730461121, 2.8320322036743164
v,0.1072782352566719, 0.6776599287986755, 2.83538556098938
v,0.11890155076980591, 0.6795012354850769, 2.8354222774505615
v,0.09616828709840775, 0.6731518507003784, 2.8320529460906982
v,0.09684131294488907, 0.6722161769866943, 2.8352649211883545
v,0.1072782352566719, 0.6776599287986755, 2.83538556098938
v,0.08861993253231049, 0.6638739109039307, 2.8352715969085693
v,0.09684131294488907, 0.6722161769866943, 2.8352649211883545
v,0.09616828709840775, 0.6731518507003784, 2.8320529460906982
v,0.08236092329025269, 0.6537538766860962, 2.8320508003234863
v,0.0833946168422699, 0.6534203290939331, 2.8351552486419678
v,0.08861993253231049, 0.6638739109039307, 2.8352715969085693
v,0.08152242004871368, 0.6418841481208801, 2.835211753845215
v,0.0833946168422699, 0.6534203290939331, 2.8351552486419678
v,0.08236092329025269, 0.6537538766860962, 2.8320508003234863
v,0.0833369642496109, 0.6303340196609497, 2.8352246284484863
v,0.08152242004871368, 0.6418841481208801, 2.835211753845215
v,0.08028006553649902, 0.6418853402137756, 2.8320488929748535
v,0.08772057294845581, 0.6192293763160706, 2.8320446014404297
v,0.08869221806526184, 0.6199391484260559, 2.8351681232452393
v,0.0833369642496109, 0.6303340196609497, 2.8352246284484863
v,0.09697940945625305, 0.6117294430732727, 2.835127830505371
v,0.08869221806526184, 0.6199391484260559, 2.8351681232452393
v,0.08772057294845581, 0.6192293763160706, 2.8320446014404297
v,0.10698196291923523, 0.6052122712135315, 2.8320319652557373
v,0.10735749453306198, 0.6063337922096252, 2.8351991176605225
v,0.09697940945625305, 0.6117294430732727, 2.835127830505371
v,0.1188952848315239, 0.6045244336128235, 2.835190773010254
v,0.10735749453306198, 0.6063337922096252, 2.8351991176605225
v,0.10698196291923523, 0.6052122712135315, 2.8320319652557373
v,0.1304309368133545, 0.6063660383224487, 2.835202693939209
v,0.1294540911912918, 0.6093850135803223, 2.837770700454712
v,0.11889750510454178, 0.607695996761322, 2.8377978801727295
v,0.1408190131187439, 0.6116938591003418, 2.835146903991699
v,0.13898102939128876, 0.61423259973526, 2.8377678394317627
v,0.1294540911912918, 0.6093850135803223, 2.837770700454712
v,0.1490897685289383, 0.6199508309364319, 2.8351542949676514
v,0.14656952023506165, 0.6217735409736633, 2.8378055095672607
v,0.13898102939128876, 0.61423259973526, 2.8377678394317627
v,0.15145355463027954, 0.6313055157661438, 2.8378381729125977
v,0.14656952023506165, 0.6217735409736633, 2.8378055095672607
v,0.1490897685289383, 0.6199508309364319, 2.8351542949676514
v,0.15634532272815704, 0.6418667435646057, 2.835294008255005
v,0.15312650799751282, 0.6418749094009399, 2.8378798961639404
v,0.15145355463027954, 0.6313055157661438, 2.8378381729125977
v,0.15458902716636658, 0.6534707546234131, 2.835376024246216
v,0.15147852897644043, 0.6524673700332642, 2.837925910949707
v,0.15312650799751282, 0.6418749094009399, 2.8378798961639404
v,0.1492595374584198, 0.6639403700828552, 2.8353652954101562
v,0.1466214954853058, 0.6620219349861145, 2.837939500808716
v,0.15147852897644043, 0.6524673700332642, 2.837925910949707
v,0.13905882835388184, 0.6696307063102722, 2.8379909992218018
v,0.1466214954853058, 0.6620219349861145, 2.837939500808716
v,0.1492595374584198, 0.6639403700828552, 2.8353652954101562
v,0.1294925957918167, 0.6745208501815796, 2.838042974472046
v,0.13905882835388184, 0.6696307063102722, 2.8379909992218018
v,0.14097413420677185, 0.6722747683525085, 2.8353638648986816
v,0.11889816075563431, 0.6762081980705261, 2.8380589485168457
v,0.1294925957918167, 0.6745208501815796, 2.838042974472046
v,0.13050924241542816, 0.6776788830757141, 2.8354437351226807
v,0.10829585045576096, 0.6745228171348572, 2.838040351867676
v,0.11889816075563431, 0.6762081980705261, 2.8380589485168457
v,0.11890155076980591, 0.6795012354850769, 2.8354222774505615
v,0.09874172508716583, 0.669609010219574, 2.837948799133301
v,0.10829585045576096, 0.6745228171348572, 2.838040351867676
v,0.1072782352566719, 0.6776599287986755, 2.83538556098938
v,0.08861993253231049, 0.6638739109039307, 2.8352715969085693
v,0.09119794517755508, 0.6619994044303894, 2.8378655910491943
v,0.09874172508716583, 0.669609010219574, 2.837948799133301
v,0.0833946168422699, 0.6534203290939331, 2.8351552486419678
v,0.08636520802974701, 0.6524489521980286, 2.8378098011016846
v,0.09119794517755508, 0.6619994044303894, 2.8378655910491943
v,0.08152242004871368, 0.6418841481208801, 2.835211753845215
v,0.08469653129577637, 0.6418842673301697, 2.8378207683563232
v,0.08636520802974701, 0.6524489521980286, 2.8378098011016846
v,0.08635790646076202, 0.6313140392303467, 2.837834596633911
v,0.08469653129577637, 0.6418842673301697, 2.8378207683563232
v,0.08152242004871368, 0.6418841481208801, 2.835211753845215
v,0.08869221806526184, 0.6199391484260559, 2.8351681232452393
v,0.09121784567832947, 0.6217775940895081, 2.837815761566162
v,0.08635790646076202, 0.6313140392303467, 2.837834596633911
v,0.09697940945625305, 0.6117294430732727, 2.835127830505371
v,0.0987883135676384, 0.6142036318778992, 2.837810754776001
v,0.09121784567832947, 0.6217775940895081, 2.837815761566162
v,0.10833132266998291, 0.6093525886535645, 2.837822914123535
v,0.0987883135676384, 0.6142036318778992, 2.837810754776001
v,0.09697940945625305, 0.6117294430732727, 2.835127830505371
v,0.11889750510454178, 0.607695996761322, 2.8377978801727295
v,0.10833132266998291, 0.6093525886535645, 2.837822914123535
v,0.10735749453306198, 0.6063337922096252, 2.8351991176605225
v,0.12768825888633728, 0.6148163676261902, 2.8408865928649902
v,0.11889420449733734, 0.6134350299835205, 2.8408761024475098
v,0.11889750510454178, 0.607695996761322, 2.8377978801727295
v,0.13562658429145813, 0.618851900100708, 2.840898036956787
v,0.12768825888633728, 0.6148163676261902, 2.8408865928649902
v,0.1294540911912918, 0.6093850135803223, 2.837770700454712
v,0.14192703366279602, 0.6251482963562012, 2.8409056663513184
v,0.13562658429145813, 0.618851900100708, 2.840898036956787
v,0.13898102939128876, 0.61423259973526, 2.8377678394317627
v,0.14599451422691345, 0.6330742835998535, 2.840933322906494
v,0.14192703366279602, 0.6251482963562012, 2.8409056663513184
v,0.14656952023506165, 0.6217735409736633, 2.8378055095672607
v,0.14743848145008087, 0.6418769955635071, 2.8409438133239746
v,0.14599451422691345, 0.6330742835998535, 2.840933322906494
v,0.15145355463027954, 0.6313055157661438, 2.8378381729125977
v,0.14606282114982605, 0.6507086753845215, 2.840970754623413
v,0.14743848145008087, 0.6418769955635071, 2.8409438133239746
v,0.15312650799751282, 0.6418749094009399, 2.8378798961639404
v,0.14202870428562164, 0.6586863994598389, 2.84100079536438
v,0.14606282114982605, 0.6507086753845215, 2.840970754623413
v,0.15147852897644043, 0.6524673700332642, 2.837925910949707
v,0.13571812212467194, 0.665032148361206, 2.8410253524780273
v,0.14202870428562164, 0.6586863994598389, 2.84100079536438
v,0.1466214954853058, 0.6620219349861145, 2.837939500808716
v,0.1294925957918167, 0.6745208501815796, 2.838042974472046
v,0.12773466110229492, 0.6691068410873413, 2.8410305976867676
v,0.13571812212467194, 0.665032148361206, 2.8410253524780273
v,0.11889816075563431, 0.6762081980705261, 2.8380589485168457
v,0.11889505386352539, 0.6705049276351929, 2.841029405593872
v,0.12773466110229492, 0.6691068410873413, 2.8410305976867676
v,0.11006222665309906, 0.6691073775291443, 2.8410332202911377
v,0.11889505386352539, 0.6705049276351929, 2.841029405593872
v,0.11889816075563431, 0.6762081980705261, 2.8380589485168457
v,0.1020640879869461, 0.6650503873825073, 2.8410427570343018
v,0.11006222665309906, 0.6691073775291443, 2.8410332202911377
v,0.10829585045576096, 0.6745228171348572, 2.838040351867676
v,0.09119794517755508, 0.6619994044303894, 2.8378655910491943
v,0.09574902802705765, 0.6587004065513611, 2.841041326522827
v,0.1020640879869461, 0.6650503873825073, 2.8410427570343018
v,0.09170243889093399, 0.6507117748260498, 2.8410074710845947
v,0.09574902802705765, 0.6587004065513611, 2.841041326522827
v,0.09119794517755508, 0.6619994044303894, 2.8378655910491943
v,0.08469653129577637, 0.6418842673301697, 2.8378207683563232
v,0.09033581614494324, 0.6418777704238892, 2.8409783840179443
v,0.09170243889093399, 0.6507117748260498, 2.8410074710845947
v,0.08635790646076202, 0.6313140392303467, 2.837834596633911
v,0.09177528321743011, 0.6330682635307312, 2.840939521789551
v,0.09033581614494324, 0.6418777704238892, 2.8409783840179443
v,0.09121784567832947, 0.6217775940895081, 2.837815761566162
v,0.0958574116230011, 0.6251434087753296, 2.840902328491211
v,0.09177528321743011, 0.6330682635307312, 2.840939521789551
v,0.0987883135676384, 0.6142036318778992, 2.837810754776001
v,0.10217238962650299, 0.6188638210296631, 2.84087872505188
v,0.0958574116230011, 0.6251434087753296, 2.840902328491211
v,0.10833132266998291, 0.6093525886535645, 2.837822914123535
v,0.11010720580816269, 0.6148315668106079, 2.840869665145874
v,0.10217238962650299, 0.6188638210296631, 2.84087872505188
v,0.11889420449733734, 0.6134350299835205, 2.8408761024475098
v,0.11010720580816269, 0.6148315668106079, 2.840869665145874
v,0.10833132266998291, 0.6093525886535645, 2.837822914123535
v,0.12704788148403168, 0.6167855858802795, 2.8435893058776855
v,0.11889535933732986, 0.6155040860176086, 2.8435847759246826
v,0.11889420449733734, 0.6134350299835205, 2.8408761024475098
v,0.13442522287368774, 0.6205002069473267, 2.843606948852539
v,0.12704788148403168, 0.6167855858802795, 2.8435893058776855
v,0.12768825888633728, 0.6148163676261902, 2.8408865928649902
v,0.14031365513801575, 0.6263152956962585, 2.843628406524658
v,0.13442522287368774, 0.6205002069473267, 2.843606948852539
v,0.13562658429145813, 0.618851900100708, 2.840898036956787
v,0.144133523106575, 0.6336750984191895, 2.8436553478240967
v,0.14031365513801575, 0.6263152956962585, 2.843628406524658
v,0.14192703366279602, 0.6251482963562012, 2.8409056663513184
v,0.14549469947814941, 0.6418735384941101, 2.843683958053589
v,0.144133523106575, 0.6336750984191895, 2.8436553478240967
v,0.14599451422691345, 0.6330742835998535, 2.840933322906494
v,0.14423827826976776, 0.6501151323318481, 2.843707323074341
v,0.14549469947814941, 0.6418735384941101, 2.843683958053589
v,0.14743848145008087, 0.6418769955635071, 2.8409438133239746
v,0.1405041366815567, 0.6575765609741211, 2.8437254428863525
v,0.14423827826976776, 0.6501151323318481, 2.843707323074341
v,0.14606282114982605, 0.6507086753845215, 2.840970754623413
v,0.13462455570697784, 0.6635204553604126, 2.8437466621398926
v,0.1405041366815567, 0.6575765609741211, 2.8437254428863525
v,0.14202870428562164, 0.6586863994598389, 2.84100079536438
v,0.12716616690158844, 0.667349636554718, 2.8437585830688477
v,0.13462455570697784, 0.6635204553604126, 2.8437466621398926
v,0.13571812212467194, 0.665032148361206, 2.8410253524780273
v,0.11889656633138657, 0.668664276599884, 2.8437631130218506
v,0.12716616690158844, 0.667349636554718, 2.8437585830688477
v,0.12773466110229492, 0.6691068410873413, 2.8410305976867676
v,0.11006222665309906, 0.6691073775291443, 2.8410332202911377
v,0.11061154305934906, 0.6673255562782288, 2.8437552452087402
v,0.11889656633138657, 0.668664276599884, 2.8437631130218506
v,0.1020640879869461, 0.6650503873825073, 2.8410427570343018
v,0.10319685190916061, 0.663479745388031, 2.84374737739563
v,0.11061154305934906, 0.6673255562782288, 2.8437552452087402
v,0.09574902802705765, 0.6587004065513611, 2.841041326522827
v,0.09734191000461578, 0.6575406193733215, 2.8437211513519287
v,0.10319685190916061, 0.663479745388031, 2.84374737739563
v,0.09170243889093399, 0.6507117748260498, 2.8410074710845947
v,0.09361429512500763, 0.6500896215438843, 2.843701124191284
v,0.09734191000461578, 0.6575406193733215, 2.8437211513519287
v,0.09235244244337082, 0.6418789625167847, 2.8436777591705322
v,0.09361429512500763, 0.6500896215438843, 2.843701124191284
v,0.09170243889093399, 0.6507117748260498, 2.8410074710845947
v,0.09368185698986053, 0.6336890459060669, 2.8436479568481445
v,0.09235244244337082, 0.6418789625167847, 2.8436777591705322
v,0.09033581614494324, 0.6418777704238892, 2.8409783840179443
v,0.09747382253408432, 0.6263183355331421, 2.843630313873291
v,0.09368185698986053, 0.6336890459060669, 2.8436479568481445
v,0.09177528321743011, 0.6330682635307312, 2.840939521789551
v,0.10217238962650299, 0.6188638210296631, 2.84087872505188
v,0.10335779935121536, 0.6204931735992432, 2.843611001968384
v,0.09747382253408432, 0.6263183355331421, 2.843630313873291
v,0.11010720580816269, 0.6148315668106079, 2.840869665145874
v,0.11074035614728928, 0.6167781352996826, 2.8435921669006348
v,0.10335779935121536, 0.6204931735992432, 2.843611001968384
v,0.11889420449733734, 0.6134350299835205, 2.8408761024475098
v,0.11889535933732986, 0.6155040860176086, 2.8435847759246826
v,0.11074035614728928, 0.6167781352996826, 2.8435921669006348
v,0.09971785545349121, 0.6558135747909546, 2.8512730598449707
v,0.10185574740171432, 0.6542348265647888, 2.862239360809326
v,0.10648874938488007, 0.6589518189430237, 2.862250804901123
v,0.11164822429418564, 0.6195785999298096, 2.8511953353881836
v,0.11889369040727615, 0.6184334754943848, 2.851193428039551
v,0.11889251321554184, 0.6210734248161316, 2.862196445465088
v,0.1381782442331314, 0.6558866500854492, 2.851314067840576
v,0.13292859494686127, 0.6611853837966919, 2.8513269424438477
v,0.13134677708148956, 0.6590040922164917, 2.862267017364502
v,0.13271349668502808, 0.6228524446487427, 2.8512156009674072
v,0.1379687637090683, 0.6280151605606079, 2.851235866546631
v,0.1358107030391693, 0.6295809745788574, 2.8622190952301025
v,0.09529469162225723, 0.6418789029121399, 2.8512423038482666
v,0.09795570373535156, 0.6418789029121399, 2.8622186183929443
v,0.09893172234296799, 0.6483607292175293, 2.86222767829895
v,0.1262684315443039, 0.664589524269104, 2.8513314723968506
v,0.11889602243900299, 0.6657448410987854, 2.851328134536743
v,0.1188986673951149, 0.6630621552467346, 2.8622679710388184
v,0.14261847734451294, 0.6418589353561401, 2.8512797355651855
v,0.13994280993938446, 0.6418812870979309, 2.8622453212738037
v,0.1388450562953949, 0.6353873610496521, 2.862231969833374
v,0.09986604750156403, 0.6280550956726074, 2.85122013092041
v,0.10202252864837646, 0.629622220993042, 2.8622028827667236
v,0.09902037680149078, 0.6354232430458069, 2.862210750579834
v,0.11152097582817078, 0.6645424962043762, 2.8513176441192627
v,0.10491673648357391, 0.6611111760139465, 2.85129714012146
v,0.10648874938488007, 0.6589518189430237, 2.862250804901123
v,0.1381782442331314, 0.6558866500854492, 2.851314067840576
v,0.13600505888462067, 0.6543090343475342, 2.8622632026672363
v,0.13897009193897247, 0.648402214050293, 2.862253427505493
v,0.13271349668502808, 0.6228524446487427, 2.8512156009674072
v,0.13114894926548004, 0.6250040531158447, 2.8622071743011475
v,0.12532544136047363, 0.6220793128013611, 2.862199544906616
v,0.10509519279003143, 0.6228863000869751, 2.851206064224243
v,0.11164822429418564, 0.6195785999298096, 2.8511953353881836
v,0.11246334761381149, 0.6220945119857788, 2.8621950149536133
v,0.09640821814537048, 0.6491816639900208, 2.8512537479400635
v,0.09893172234296799, 0.6483607292175293, 2.86222767829895
v,0.10185574740171432, 0.6542348265647888, 2.862239360809326
v,0.1262684315443039, 0.664589524269104, 2.8513314723968506
v,0.1254384070634842, 0.6620285511016846, 2.8622708320617676
v,0.13134677708148956, 0.6590040922164917, 2.862267017364502
v,0.1379687637090683, 0.6280151605606079, 2.851235866546631
v,0.1413860321044922, 0.6345639824867249, 2.8512582778930664
v,0.1388450562953949, 0.6353873610496521, 2.862231969833374
v,0.09648715704679489, 0.6345997452735901, 2.851231336593628
v,0.09902037680149078, 0.6354232430458069, 2.862210750579834
v,0.09795570373535156, 0.6418789029121399, 2.8622186183929443
v,0.11889602243900299, 0.6657448410987854, 2.851328134536743
v,0.11152097582817078, 0.6645424962043762, 2.8513176441192627
v,0.11234961450099945, 0.6619950532913208, 2.862260580062866
v,0.14151357114315033, 0.6492303609848022, 2.851297616958618
v,0.13897009193897247, 0.648402214050293, 2.862253427505493
v,0.13994280993938446, 0.6418812870979309, 2.8622453212738037
v,0.11889369040727615, 0.6184334754943848, 2.851193428039551
v,0.12614421546459198, 0.619561493396759, 2.8511993885040283
v,0.12532544136047363, 0.6220793128013611, 2.862199544906616
v,0.09902037680149078, 0.6354232430458069, 2.862210750579834
v,0.10202252864837646, 0.629622220993042, 2.8622028827667236
v,0.10387559235095978, 0.6309672594070435, 2.881648302078247
v,0.13114894926548004, 0.6250040531158447, 2.8622071743011475
v,0.12974941730499268, 0.6269362568855286, 2.8816404342651367
v,0.1245930939912796, 0.6243348121643066, 2.8816351890563965
v,0.1254384070634842, 0.6620285511016846, 2.8622708320617676
v,0.12469512969255447, 0.6597176194190979, 2.8816635608673096
v,0.12990091741085052, 0.6570332050323486, 2.8816587924957275
v,0.09795570373535156, 0.6418789029121399, 2.8622186183929443
v,0.09902037680149078, 0.6354232430458069, 2.862210750579834
v,0.10115063190460205, 0.6361162662506104, 2.88165545463562
v,0.12532544136047363, 0.6220793128013611, 2.862199544906616
v,0.1245930939912796, 0.6243348121643066, 2.8816351890563965
v,0.1188933476805687, 0.6234397888183594, 2.8816328048706055
v,0.13134677708148956, 0.6590040922164917, 2.862267017364502
v,0.12990091741085052, 0.6570332050323486, 2.8816587924957275
v,0.13402409851551056, 0.6528663635253906, 2.881657361984253
v,0.09893172234296799, 0.6483607292175293, 2.86222767829895
v,0.09795570373535156, 0.6418789029121399, 2.8622186183929443
v,0.1001838892698288, 0.6418821811676025, 2.881657123565674
v,0.13897009193897247, 0.648402214050293, 2.862253427505493
v,0.13600505888462067, 0.6543090343475342, 2.8622632026672363
v,0.13402409851551056, 0.6528663635253906, 2.881657361984253
v,0.10185574740171432, 0.6542348265647888, 2.862239360809326
v,0.09893172234296799, 0.6483607292175293, 2.86222767829895
v,0.10107700526714325, 0.647668182849884, 2.8816611766815186
v,0.13994280993938446, 0.6418812870979309, 2.8622453212738037
v,0.13897009193897247, 0.648402214050293, 2.862253427505493
v,0.13663612306118011, 0.6476428508758545, 2.8816590309143066
v,0.10648874938488007, 0.6589518189430237, 2.862250804901123
v,0.10185574740171432, 0.6542348265647888, 2.862239360809326
v,0.10371777415275574, 0.6529024839401245, 2.881661891937256
v,0.11889251321554184, 0.6210734248161316, 2.862196445465088
v,0.1188933476805687, 0.6234397888183594, 2.8816328048706055
v,0.1131938174366951, 0.6243330240249634, 2.8816332817077637
v,0.13994280993938446, 0.6418812870979309, 2.8622453212738037
v,0.13751235604286194, 0.641883373260498, 2.8816566467285156
v,0.13655024766921997, 0.6361382603645325, 2.8816540241241455
v,0.11234961450099945, 0.6619950532913208, 2.862260580062866
v,0.10648874938488007, 0.6589518189430237, 2.862250804901123
v,0.1078658327460289, 0.6570726633071899, 2.881662607192993
v,0.10665661096572876, 0.6250383853912354, 2.862196922302246
v,0.11246334761381149, 0.6220945119857788, 2.8621950149536133
v,0.1131938174366951, 0.6243330240249634, 2.8816332817077637
v,0.1388450562953949, 0.6353873610496521, 2.862231969833374
v,0.13655024766921997, 0.6361382603645325, 2.8816540241241455
v,0.13387055695056915, 0.6309957504272461, 2.8816471099853516
v,0.1188986673951149, 0.6630621552467346, 2.8622679710388184
v,0.11234961450099945, 0.6619950532913208, 2.862260580062866
v,0.11309199780225754, 0.6597394943237305, 2.8816657066345215
v,0.10202252864837646, 0.629622220993042, 2.8622028827667236
v,0.10665661096572876, 0.6250383853912354, 2.862196922302246
v,0.10802413523197174, 0.626916766166687, 2.8816423416137695
v,0.1358107030391693, 0.6295809745788574, 2.8622190952301025
v,0.13387055695056915, 0.6309957504272461, 2.8816471099853516
v,0.12974941730499268, 0.6269362568855286, 2.8816404342651367
v,0.1254384070634842, 0.6620285511016846, 2.8622708320617676
v,0.1188986673951149, 0.6630621552467346, 2.8622679710388184
v,0.1189153864979744, 0.6606618762016296, 2.881664991378784
v,0.1188933476805687, 0.6234397888183594, 2.8816328048706055
v,0.11888829618692398, 0.6240018606185913, 2.8975346088409424
v,0.11339446157217026, 0.6248974800109863, 2.8975331783294678
v,0.13655024766921997, 0.6361382603645325, 2.8816540241241455
v,0.13751235604286194, 0.641883373260498, 2.8816566467285156
v,0.13700194656848907, 0.6418779492378235, 2.8974151611328125
v,0.11309199780225754, 0.6597394943237305, 2.8816657066345215
v,0.1078658327460289, 0.6570726633071899, 2.881662607192993
v,0.1082543432712555, 0.6565671563148499, 2.8975088596343994
v,0.1131938174366951, 0.6243330240249634, 2.8816332817077637
v,0.11339446157217026, 0.6248974800109863, 2.8975331783294678
v,0.10842429846525192, 0.627460777759552, 2.897533655166626
v,0.13387055695056915, 0.6309957504272461, 2.8816471099853516
v,0.13655024766921997, 0.6361382603645325, 2.8816540241241455
v,0.1360744833946228, 0.6363061666488647, 2.897423267364502
v,0.11309199780225754, 0.6597394943237305, 2.8816657066345215
v,0.11329463869333267, 0.6591945886611938, 2.897510290145874
v,0.1188739687204361, 0.6601265668869019, 2.8974850177764893
v,0.10387559235095978, 0.6309672594070435, 2.881648302078247
v,0.10802413523197174, 0.626916766166687, 2.8816423416137695
v,0.10842429846525192, 0.627460777759552, 2.897533655166626
v,0.12974941730499268, 0.6269362568855286, 2.8816404342651367
v,0.13387055695056915, 0.6309957504272461, 2.8816471099853516
v,0.1334591656923294, 0.63129061460495, 2.8974649906158447
v,0.1189153864979744, 0.6606618762016296, 2.881664991378784
v,0.1188739687204361, 0.6601265668869019, 2.8974850177764893
v,0.12452024966478348, 0.6592353582382202, 2.8974416255950928
v,0.10115063190460205, 0.6361162662506104, 2.88165545463562
v,0.10387559235095978, 0.6309672594070435, 2.881648302078247
v,0.10443121939897537, 0.631384551525116, 2.8975625038146973
v,0.12974941730499268, 0.6269362568855286, 2.8816404342651367
v,0.12943832576274872, 0.6273444294929504, 2.8975183963775635
v,0.12440483272075653, 0.6248683333396912, 2.8975048065185547
v,0.12469512969255447, 0.6597176194190979, 2.8816635608673096
v,0.12452024966478348, 0.6592353582382202, 2.8974416255950928
v,0.12960010766983032, 0.6566269397735596, 2.897426128387451
v,0.1001838892698288, 0.6418821811676025, 2.881657123565674
v,0.10115063190460205, 0.6361162662506104, 2.88165545463562
v,0.10180477052927017, 0.6363569498062134, 2.8975746631622314
v,0.1188933476805687, 0.6234397888183594, 2.8816328048706055
v,0.1245930939912796, 0.6243348121643066, 2.8816351890563965
v,0.12440483272075653, 0.6248683333396912, 2.8975048065185547
v,0.12990091741085052, 0.6570332050323486, 2.8816587924957275
v,0.12960010766983032, 0.6566269397735596, 2.897426128387451
v,0.13363483548164368, 0.6525794863700867, 2.897418975830078
v,0.10107700526714325, 0.647668182849884, 2.8816611766815186
v,0.1001838892698288, 0.6418821811676025, 2.881657123565674
v,0.10089871287345886, 0.6418683528900146, 2.8975963592529297
v,0.13663612306118011, 0.6476428508758545, 2.8816590309143066
v,0.13402409851551056, 0.6528663635253906, 2.881657361984253
v,0.13363483548164368, 0.6525794863700867, 2.897418975830078
v,0.10107700526714325, 0.647668182849884, 2.8816611766815186
v,0.10172934830188751, 0.6474213600158691, 2.8976266384124756
v,0.1042645126581192, 0.6524768471717834, 2.897555351257324
v,0.13663612306118011, 0.6476428508758545, 2.8816590309143066
v,0.13620378077030182, 0.6474876999855042, 2.8974287509918213
v,0.13700194656848907, 0.6418779492378235, 2.8974151611328125
v,0.10371777415275574, 0.6529024839401245, 2.881661891937256
v,0.1042645126581192, 0.6524768471717834, 2.897555351257324
v,0.1082543432712555, 0.6565671563148499, 2.8975088596343994
v,0.12960010766983032, 0.6566269397735596, 2.897426128387451
v,0.13436520099639893, 0.6631765961647034, 2.8991618156433105
v,0.14018769562244415, 0.6573523879051208, 2.8991832733154297
v,0.10172934830188751, 0.6474213600158691, 2.8976266384124756
v,0.10089871287345886, 0.6418683528900146, 2.8975963592529297
v,0.09257714450359344, 0.6418817639350891, 2.899200201034546
v,0.13363483548164368, 0.6525794863700867, 2.897418975830078
v,0.14018769562244415, 0.6573523879051208, 2.8991832733154297
v,0.14392414689064026, 0.6500082612037659, 2.8991966247558594
v,0.1042645126581192, 0.6524768471717834, 2.897555351257324
v,0.10172934830188751, 0.6474213600158691, 2.8976266384124756
v,0.09386055916547775, 0.6500121355056763, 2.8991527557373047
v,0.13620378077030182, 0.6474876999855042, 2.8974287509918213
v,0.14392414689064026, 0.6500082612037659, 2.8991966247558594
v,0.14520607888698578, 0.6418816447257996, 2.899233341217041
v,0.1082543432712555, 0.6565671563148499, 2.8975088596343994
v,0.1042645126581192, 0.6524768471717834, 2.897555351257324
v,0.09759966284036636, 0.657355546951294, 2.899174213409424
v,0.11888829618692398, 0.6240018606185913, 2.8975346088409424
v,0.1188938170671463, 0.6155824661254883, 2.899298906326294
v,0.1107698455452919, 0.6168678402900696, 2.899287700653076
v,0.13700194656848907, 0.6418779492378235, 2.8974151611328125
v,0.14520607888698578, 0.6418816447257996, 2.899233341217041
v,0.1439138650894165, 0.6337570548057556, 2.8992393016815186
v,0.11329463869333267, 0.6591945886611938, 2.897510290145874
v,0.1082543432712555, 0.6565671563148499, 2.8975088596343994
v,0.10342543572187424, 0.6631781458854675, 2.8991756439208984
v,0.11339446157217026, 0.6248974800109863, 2.8975331783294678
v,0.1107698455452919, 0.6168678402900696, 2.899287700653076
v,0.10343527793884277, 0.6206006407737732, 2.899275541305542
v,0.1360744833946228, 0.6363061666488647, 2.897423267364502
v,0.1439138650894165, 0.6337570548057556, 2.8992393016815186
v,0.14017881453037262, 0.6264232397079468, 2.8992667198181152
v,0.1188739687204361, 0.6601265668869019, 2.8974850177764893
v,0.11329463869333267, 0.6591945886611938, 2.897510290145874
v,0.11076374351978302, 0.6669235825538635, 2.899146556854248
v,0.10443121939897537, 0.631384551525116, 2.8975625038146973
v,0.10842429846525192, 0.627460777759552, 2.897533655166626
v,0.10343527793884277, 0.6206006407737732, 2.899275541305542
v,0.1334591656923294, 0.63129061460495, 2.8974649906158447
v,0.14017881453037262, 0.6264232397079468, 2.8992667198181152
v,0.13435697555541992, 0.6206023097038269, 2.899277687072754
v,0.12452024966478348, 0.6592353582382202, 2.8974416255950928
v,0.1188739687204361, 0.6601265668869019, 2.8974850177764893
v,0.1188952773809433, 0.6682069301605225, 2.899132013320923
v,0.10180477052927017, 0.6363569498062134, 2.8975746631622314
v,0.10443121939897537, 0.631384551525116, 2.8975625038146973
v,0.09761091321706772, 0.6264197826385498, 2.8992552757263184
v,0.12943832576274872, 0.6273444294929504, 2.8975183963775635
v,0.13435697555541992, 0.6206023097038269, 2.899277687072754
v,0.12702131271362305, 0.6168684959411621, 2.8992788791656494
v,0.12452024966478348, 0.6592353582382202, 2.8974416255950928
v,0.12702806293964386, 0.6669164299964905, 2.899130344390869
v,0.13436520099639893, 0.6631765961647034, 2.8991618156433105
v,0.10089871287345886, 0.6418683528900146, 2.8975963592529297
v,0.10180477052927017, 0.6363569498062134, 2.8975746631622314
v,0.0938691645860672, 0.6337551474571228, 2.8992254734039307
v,0.12440483272075653, 0.6248683333396912, 2.8975048065185547
v,0.12702131271362305, 0.6168684959411621, 2.8992788791656494
v,0.1188938170671463, 0.6155824661254883, 2.899298906326294
v,0.1188952773809433, 0.6682069301605225, 2.899132013320923
v,0.11076374351978302, 0.6669235825538635, 2.899146556854248
v,0.10853926837444305, 0.6737600564956665, 2.9026665687561035
v,0.10343527793884277, 0.6206006407737732, 2.899275541305542
v,0.09929536283016205, 0.614905834197998, 2.902876138687134
v,0.09191165864467621, 0.622280478477478, 2.902867078781128
v,0.14017881453037262, 0.6264232397079468, 2.8992667198181152
v,0.14590339362621307, 0.6222653388977051, 2.9028403759002686
v,0.13850101828575134, 0.6148978471755981, 2.9028713703155518
v,0.1188952773809433, 0.6682069301605225, 2.899132013320923
v,0.11889777332544327, 0.6754644513130188, 2.9025826454162598
v,0.1292564421892166, 0.6737843155860901, 2.9026386737823486
v,0.09761091321706772, 0.6264197826385498, 2.8992552757263184
v,0.09191165864467621, 0.622280478477478, 2.902867078781128
v,0.08715467154979706, 0.6315704584121704, 2.9028422832489014
v,0.13435697555541992, 0.6206023097038269, 2.899277687072754
v,0.13850101828575134, 0.6148978471755981, 2.9028713703155518
v,0.12919652462005615, 0.6101775765419006, 2.902888059616089
v,0.12702806293964386, 0.6669164299964905, 2.899130344390869
v,0.1292564421892166, 0.6737843155860901, 2.9026386737823486
v,0.13859330117702484, 0.6690036058425903, 2.902660608291626
v,0.09257714450359344, 0.6418817639350891, 2.899200201034546
v,0.0938691645860672, 0.6337551474571228, 2.8992254734039307
v,0.08715467154979706, 0.6315704584121704, 2.9028422832489014
v,0.1188938170671463, 0.6155824661254883, 2.899298906326294
v,0.12702131271362305, 0.6168684959411621, 2.8992788791656494
v,0.12919652462005615, 0.6101775765419006, 2.902888059616089
v,0.14018769562244415, 0.6573523879051208, 2.8991832733154297
v,0.13436520099639893, 0.6631765961647034, 2.8991618156433105
v,0.13859330117702484, 0.6690036058425903, 2.902660608291626
v,0.09257714450359344, 0.6418817639350891, 2.899200201034546
v,0.08539339900016785, 0.6418783068656921, 2.9026870727539062
v,0.08702337741851807, 0.6522379517555237, 2.902665853500366
v,0.14018769562244415, 0.6573523879051208, 2.8991832733154297
v,0.14598725736141205, 0.6615604162216187, 2.9027163982391357
v,0.15071210265159607, 0.6522215008735657, 2.9027488231658936
v,0.09759966284036636, 0.657355546951294, 2.899174213409424
v,0.09386055916547775, 0.6500121355056763, 2.8991527557373047
v,0.08702337741851807, 0.6522379517555237, 2.902665853500366
v,0.14520607888698578, 0.6418816447257996, 2.899233341217041
v,0.14392414689064026, 0.6500082612037659, 2.8991966247558594
v,0.15071210265159607, 0.6522215008735657, 2.9027488231658936
v,0.09759966284036636, 0.657355546951294, 2.899174213409424
v,0.09180419147014618, 0.661563515663147, 2.9026973247528076
v,0.0992201715707779, 0.668969452381134, 2.9027087688446045
v,0.1188938170671463, 0.6155824661254883, 2.899298906326294
v,0.11889465153217316, 0.6085216999053955, 2.902855396270752
v,0.10859188437461853, 0.610171377658844, 2.9028780460357666
v,0.14520607888698578, 0.6418816447257996, 2.899233341217041
v,0.1523478776216507, 0.6418808102607727, 2.902754783630371
v,0.15066111087799072, 0.6315627098083496, 2.902808904647827
v,0.11076374351978302, 0.6669235825538635, 2.899146556854248
v,0.10342543572187424, 0.6631781458854675, 2.8991756439208984
v,0.0992201715707779, 0.668969452381134, 2.9027087688446045
v,0.10343527793884277, 0.6206006407737732, 2.899275541305542
v,0.1107698455452919, 0.6168678402900696, 2.899287700653076
v,0.10859188437461853, 0.610171377658844, 2.9028780460357666
v,0.14017881453037262, 0.6264232397079468, 2.8992667198181152
v,0.1439138650894165, 0.6337570548057556, 2.8992393016815186
v,0.15066111087799072, 0.6315627098083496, 2.902808904647827
v,0.08702337741851807, 0.6522379517555237, 2.902665853500366
v,0.08410625904798508, 0.6531568765640259, 2.9073657989501953
v,0.0893549993634224, 0.6633356213569641, 2.9073715209960938
v,0.1523478776216507, 0.6418808102607727, 2.902754783630371
v,0.15071210265159607, 0.6522215008735657, 2.9027488231658936
v,0.1534043252468109, 0.6530956029891968, 2.9074079990386963
v,0.0992201715707779, 0.668969452381134, 2.9027087688446045
v,0.09180419147014618, 0.661563515663147, 2.9026973247528076
v,0.0893549993634224, 0.6633356213569641, 2.9073715209960938
v,0.11889465153217316, 0.6085216999053955, 2.902855396270752
v,0.11889655143022537, 0.6055489778518677, 2.9073877334594727
v,0.10770470649003983, 0.6074104309082031, 2.907396078109741
v,0.1523478776216507, 0.6418808102607727, 2.902754783630371
v,0.1552221029996872, 0.6418819427490234, 2.9074108600616455
v,0.153412863612175, 0.6306799054145813, 2.907402753829956
v,0.10853926837444305, 0.6737600564956665, 2.9026665687561035
v,0.0992201715707779, 0.668969452381134, 2.9027087688446045
v,0.09744568914175034, 0.6714495420455933, 2.9073612689971924
v,0.10859188437461853, 0.610171377658844, 2.9028780460357666
v,0.10770470649003983, 0.6074104309082031, 2.907396078109741
v,0.09763599932193756, 0.6126168966293335, 2.907402276992798
v,0.15066111087799072, 0.6315627098083496, 2.902808904647827
v,0.153412863612175, 0.6306799054145813, 2.907402753829956
v,0.14815682172775269, 0.6206279993057251, 2.907405376434326
v,0.11889777332544327, 0.6754644513130188, 2.9025826454162598
v,0.10853926837444305, 0.6737600564956665, 2.9026665687561035
v,0.10760735720396042, 0.6766661405563354, 2.907376289367676
v,0.09191165864467621, 0.622280478477478, 2.902867078781128
v,0.09929536283016205, 0.614905834197998, 2.902876138687134
v,0.09763599932193756, 0.6126168966293335, 2.907402276992798
v,0.14590339362621307, 0.6222653388977051, 2.9028403759002686
v,0.14815682172775269, 0.6206279993057251, 2.907405376434326
v,0.14010761678218842, 0.6126857399940491, 2.9074103832244873
v,0.11889777332544327, 0.6754644513130188, 2.9025826454162598
v,0.11889878660440445, 0.678527295589447, 2.9073965549468994
v,0.13015925884246826, 0.6765768527984619, 2.907412052154541
v,0.08715467154979706, 0.6315704584121704, 2.9028422832489014
v,0.09191165864467621, 0.622280478477478, 2.902867078781128
v,0.08959133177995682, 0.6206028461456299, 2.9073965549468994
v,0.12919652462005615, 0.6101775765419006, 2.902888059616089
v,0.13850101828575134, 0.6148978471755981, 2.9028713703155518
v,0.14010761678218842, 0.6126857399940491, 2.9074103832244873
v,0.1292564421892166, 0.6737843155860901, 2.9026386737823486
v,0.13015925884246826, 0.6765768527984619, 2.907412052154541
v,0.14030097424983978, 0.6713523864746094, 2.9074020385742188
v,0.08539339900016785, 0.6418783068656921, 2.9026870727539062
v,0.08715467154979706, 0.6315704584121704, 2.9028422832489014
v,0.08439497649669647, 0.6306808590888977, 2.907383918762207
v,0.11889465153217316, 0.6085216999053955, 2.902855396270752
v,0.12919652462005615, 0.6101775765419006, 2.902888059616089
v,0.13006596267223358, 0.6074833273887634, 2.9074056148529053
v,0.13859330117702484, 0.6690036058425903, 2.902660608291626
v,0.14030097424983978, 0.6713523864746094, 2.9074020385742188
v,0.14827020466327667, 0.6632172465324402, 2.907410144805908
v,0.08539339900016785, 0.6418783068656921, 2.9026870727539062
v,0.08238576352596283, 0.6418627500534058, 2.9073598384857178
v,0.08410625904798508, 0.6531568765640259, 2.9073657989501953
v,0.15071210265159607, 0.6522215008735657, 2.9027488231658936
v,0.14598725736141205, 0.6615604162216187, 2.9027163982391357
v,0.14827020466327667, 0.6632172465324402, 2.907410144805908
v,0.08439497649669647, 0.6306808590888977, 2.907383918762207
v,0.08959133177995682, 0.6206028461456299, 2.9073965549468994
v,0.09048255532979965, 0.6212447285652161, 2.910693883895874
v,0.14010761678218842, 0.6126857399940491, 2.9074103832244873
v,0.1394967883825302, 0.6135265827178955, 2.91064190864563
v,0.1297292709350586, 0.6085259914398193, 2.9106688499450684
v,0.14030097424983978, 0.6713523864746094, 2.9074020385742188
v,0.13015925884246826, 0.6765768527984619, 2.907412052154541
v,0.1297699213027954, 0.675351619720459, 2.9107677936553955
v,0.08439497649669647, 0.6306808590888977, 2.907383918762207
v,0.08541649580001831, 0.6310108304023743, 2.910768747329712
v,0.08358576148748398, 0.6418729424476624, 2.9108774662017822
v,0.13006596267223358, 0.6074833273887634, 2.9074056148529053
v,0.1297292709350586, 0.6085259914398193, 2.9106688499450684
v,0.11889688670635223, 0.6067437529563904, 2.910738229751587
v,0.14827020466327667, 0.6632172465324402, 2.907410144805908
v,0.14030097424983978, 0.6713523864746094, 2.9074020385742188
v,0.13957758247852325, 0.670353353023529, 2.9107632637023926
v,0.08410625904798508, 0.6531568765640259, 2.9073657989501953
v,0.08238576352596283, 0.6418627500534058, 2.9073598384857178
v,0.08358576148748398, 0.6418729424476624, 2.9108774662017822
v,0.14827020466327667, 0.6632172465324402, 2.907410144805908
v,0.14733006060123444, 0.6625379920005798, 2.910723924636841
v,0.1522822082042694, 0.652731716632843, 2.910691022872925
v,0.0893549993634224, 0.6633356213569641, 2.9073715209960938
v,0.08410625904798508, 0.6531568765640259, 2.9073657989501953
v,0.08529487252235413, 0.6527884006500244, 2.9108927249908447
v,0.1534043252468109, 0.6530956029891968, 2.9074079990386963
v,0.1522822082042694, 0.652731716632843, 2.910691022872925
v,0.15400585532188416, 0.6418834924697876, 2.9106991291046143
v,0.0893549993634224, 0.6633356213569641, 2.9073715209960938
v,0.09033846855163574, 0.6626234650611877, 2.910856008529663
v,0.09816569834947586, 0.6704357862472534, 2.9108543395996094
v,0.10770470649003983, 0.6074104309082031, 2.907396078109741
v,0.11889655143022537, 0.6055489778518677, 2.9073877334594727
v,0.11889688670635223, 0.6067437529563904, 2.910738229751587
v,0.153412863612175, 0.6306799054145813, 2.907402753829956
v,0.1552221029996872, 0.6418819427490234, 2.9074108600616455
v,0.15400585532188416, 0.6418834924697876, 2.9106991291046143
v,0.09744568914175034, 0.6714495420455933, 2.9073612689971924
v,0.09816569834947586, 0.6704357862472534, 2.9108543395996094
v,0.10799826681613922, 0.6754447221755981, 2.9108517169952393
v,0.09763599932193756, 0.6126168966293335, 2.907402276992798
v,0.10770470649003983, 0.6074104309082031, 2.907396078109741
v,0.10804871469736099, 0.6084806323051453, 2.910712480545044
v,0.14815682172775269, 0.6206279993057251, 2.907405376434326
v,0.153412863612175, 0.6306799054145813, 2.907402753829956
v,0.15231692790985107, 0.6310320496559143, 2.910724401473999
v,0.10760735720396042, 0.6766661405563354, 2.907376289367676
v,0.10799826681613922, 0.6754447221755981, 2.9108517169952393
v,0.11889951676130295, 0.6771750450134277, 2.910857915878296
v,0.09763599932193756, 0.6126168966293335, 2.907402276992798
v,0.09826900064945221, 0.6134918332099915, 2.910677671432495
v,0.09048255532979965, 0.6212447285652161, 2.910693883895874
v,0.14010761678218842, 0.6126857399940491, 2.9074103832244873
v,0.14815682172775269, 0.6206279993057251, 2.907405376434326
v,0.1472949981689453, 0.6212536692619324, 2.9106810092926025
v,0.13015925884246826, 0.6765768527984619, 2.907412052154541
v,0.11889878660440445, 0.678527295589447, 2.9073965549468994
v,0.11889951676130295, 0.6771750450134277, 2.910857915878296
v,0.10804871469736099, 0.6084806323051453, 2.910712480545044
v,0.11889688670635223, 0.6067437529563904, 2.910738229751587
v,0.11889518052339554, 0.6110798120498657, 2.9139723777770996
v,0.15400585532188416, 0.6418834924697876, 2.9106991291046143
v,0.14971870183944702, 0.6418828368186951, 2.91400146484375
v,0.1482114940881729, 0.6323614120483398, 2.9140076637268066
v,0.09816569834947586, 0.6704357862472534, 2.9108543395996094
v,0.10075236111879349, 0.6668602228164673, 2.9141123294830322
v,0.10936010628938675, 0.6712429523468018, 2.914102792739868
v,0.09826900064945221, 0.6134918332099915, 2.910677671432495
v,0.10804871469736099, 0.6084806323051453, 2.910712480545044
v,0.10937940329313278, 0.6125940084457397, 2.913969039916992
v,0.1472949981689453, 0.6212536692619324, 2.9106810092926025
v,0.15231692790985107, 0.6310320496559143, 2.910724401473999
v,0.1482114940881729, 0.6323614120483398, 2.9140076637268066
v,0.10799826681613922, 0.6754447221755981, 2.9108517169952393
v,0.10936010628938675, 0.6712429523468018, 2.914102792739868
v,0.11889931559562683, 0.6727504730224609, 2.9140946865081787
v,0.09826900064945221, 0.6134918332099915, 2.910677671432495
v,0.1007932499051094, 0.6169670820236206, 2.9139657020568848
v,0.09396414458751678, 0.6237674951553345, 2.9140055179595947
v,0.1394967883825302, 0.6135265827178955, 2.91064190864563
v,0.1472949981689453, 0.6212536692619324, 2.9106810092926025
v,0.14382852613925934, 0.6237709522247314, 2.9139957427978516
v,0.1297699213027954, 0.675351619720459, 2.9107677936553955
v,0.11889951676130295, 0.6771750450134277, 2.910857915878296
v,0.11889931559562683, 0.6727504730224609, 2.9140946865081787
v,0.09048255532979965, 0.6212447285652161, 2.910693883895874
v,0.09396414458751678, 0.6237674951553345, 2.9140055179595947
v,0.08955883979797363, 0.6323512196540833, 2.9140796661376953
v,0.1394967883825302, 0.6135265827178955, 2.91064190864563
v,0.13700073957443237, 0.6169632077217102, 2.9139647483825684
v,0.1284102499485016, 0.6125892996788025, 2.9139676094055176
v,0.13957758247852325, 0.670353353023529, 2.9107632637023926
v,0.1297699213027954, 0.675351619720459, 2.9107677936553955
v,0.128427192568779, 0.6712192296981812, 2.914045810699463
v,0.08358576148748398, 0.6418729424476624, 2.9108774662017822
v,0.08541649580001831, 0.6310108304023743, 2.910768747329712
v,0.08955883979797363, 0.6323512196540833, 2.9140796661376953
v,0.1297292709350586, 0.6085259914398193, 2.9106688499450684
v,0.1284102499485016, 0.6125892996788025, 2.9139676094055176
v,0.11889518052339554, 0.6110798120498657, 2.9139723777770996
v,0.14733006060123444, 0.6625379920005798, 2.910723924636841
v,0.13957758247852325, 0.670353353023529, 2.9107632637023926
v,0.1370260864496231, 0.6668395400047302, 2.9140512943267822
v,0.08529487252235413, 0.6527884006500244, 2.9108927249908447
v,0.08358576148748398, 0.6418729424476624, 2.9108774662017822
v,0.08801441639661789, 0.641883373260498, 2.9141664505004883
v,0.14733006060123444, 0.6625379920005798, 2.910723924636841
v,0.1438441425561905, 0.6600069999694824, 2.9140331745147705
v,0.1482071429491043, 0.651408851146698, 2.913992404937744
v,0.09033846855163574, 0.6626234650611877, 2.910856008529663
v,0.08529487252235413, 0.6527884006500244, 2.9108927249908447
v,0.08953043818473816, 0.6514238119125366, 2.9141416549682617
v,0.15400585532188416, 0.6418834924697876, 2.9106991291046143
v,0.1522822082042694, 0.652731716632843, 2.910691022872925
v,0.1482071429491043, 0.651408851146698, 2.913992404937744
v,0.09033846855163574, 0.6626234650611877, 2.910856008529663
v,0.09391801804304123, 0.6600286960601807, 2.9141225814819336
v,0.10075236111879349, 0.6668602228164673, 2.9141123294830322
v,0.11889518052339554, 0.6110798120498657, 2.9139723777770996
v,0.1284102499485016, 0.6125892996788025, 2.9139676094055176
v,0.12415559589862823, 0.6256716847419739, 2.9191079139709473
v,0.1438441425561905, 0.6600069999694824, 2.9140331745147705
v,0.1370260864496231, 0.6668395400047302, 2.9140512943267822
v,0.12897956371307373, 0.6557623147964478, 2.919203042984009
v,0.08801441639661789, 0.641883373260498, 2.9141664505004883
v,0.10170286148786545, 0.6418809294700623, 2.9192419052124023
v,0.10251428931951523, 0.6471943259239197, 2.9192163944244385
v,0.1482071429491043, 0.651408851146698, 2.913992404937744
v,0.1438441425561905, 0.6600069999694824, 2.9140331745147705
v,0.13274434208869934, 0.6519331336021423, 2.91917085647583
v,0.08953043818473816, 0.6514238119125366, 2.9141416549682617
v,0.10251428931951523, 0.6471943259239197, 2.9192163944244385
v,0.10497061163187027, 0.6520015597343445, 2.9192118644714355
v,0.1482071429491043, 0.651408851146698, 2.913992404937744
v,0.13515982031822205, 0.6471483111381531, 2.9191665649414062
v,0.1360083371400833, 0.6418865919113159, 2.919158458709717
v,0.09391801804304123, 0.6600286960601807, 2.9141225814819336
v,0.10497061163187027, 0.6520015597343445, 2.9192118644714355
v,0.10875959694385529, 0.6558414101600647, 2.9192333221435547
v,0.10937940329313278, 0.6125940084457397, 2.913969039916992
v,0.11889518052339554, 0.6110798120498657, 2.9139723777770996
v,0.11889802664518356, 0.6248462796211243, 2.919112205505371
v,0.14971870183944702, 0.6418828368186951, 2.91400146484375
v,0.1360083371400833, 0.6418865919113159, 2.919158458709717
v,0.13517653942108154, 0.6366006135940552, 2.9191501140594482
v,0.10936010628938675, 0.6712429523468018, 2.914102792739868
v,0.10075236111879349, 0.6668602228164673, 2.9141123294830322
v,0.10875959694385529, 0.6558414101600647, 2.9192333221435547
v,0.10937940329313278, 0.6125940084457397, 2.913969039916992
v,0.11364379525184631, 0.6256977915763855, 2.9191036224365234
v,0.1088995411992073, 0.6281054615974426, 2.9191019535064697
v,0.14382852613925934, 0.6237709522247314, 2.9139957427978516
v,0.1482114940881729, 0.6323614120483398, 2.9140076637268066
v,0.13517653942108154, 0.6366006135940552, 2.9191501140594482
v,0.11889931559562683, 0.6727504730224609, 2.9140946865081787
v,0.10936010628938675, 0.6712429523468018, 2.914102792739868
v,0.11357146501541138, 0.6583094000816345, 2.9192607402801514
v,0.1007932499051094, 0.6169670820236206, 2.9139657020568848
v,0.1088995411992073, 0.6281054615974426, 2.9191019535064697
v,0.10504025220870972, 0.6318091154098511, 2.9191818237304688
v,0.14382852613925934, 0.6237709522247314, 2.9139957427978516
v,0.13268041610717773, 0.6318691968917847, 2.919114351272583
v,0.12892001867294312, 0.6280862092971802, 2.9191086292266846
v,0.128427192568779, 0.6712192296981812, 2.914045810699463
v,0.11889931559562683, 0.6727504730224609, 2.9140946865081787
v,0.11890053749084473, 0.6591405272483826, 2.919273614883423
v,0.09396414458751678, 0.6237674951553345, 2.9140055179595947
v,0.10504025220870972, 0.6318091154098511, 2.9191818237304688
v,0.1025611162185669, 0.6365759968757629, 2.9192278385162354
v,0.1284102499485016, 0.6125892996788025, 2.9139676094055176
v,0.13700073957443237, 0.6169632077217102, 2.9139647483825684
v,0.12892001867294312, 0.6280862092971802, 2.9191086292266846
v,0.1370260864496231, 0.6668395400047302, 2.9140512943267822
v,0.128427192568779, 0.6712192296981812, 2.914045810699463
v,0.12420060485601425, 0.6582598090171814, 2.9192309379577637
v,0.08955883979797363, 0.6323512196540833, 2.9140796661376953
v,0.1025611162185669, 0.6365759968757629, 2.9192278385162354
v,0.10170286148786545, 0.6418809294700623, 2.9192419052124023
v,0.13268041610717773, 0.6318691968917847, 2.919114351272583
v,0.13517653942108154, 0.6366006135940552, 2.9191501140594482
v,0.13435149192810059, 0.6368746161460876, 2.921426773071289
v,0.11890053749084473, 0.6591405272483826, 2.919273614883423
v,0.11357146501541138, 0.6583094000816345, 2.9192607402801514
v,0.1137918010354042, 0.6576213240623474, 2.9214067459106445
v,0.10504025220870972, 0.6318091154098511, 2.9191818237304688
v,0.1088995411992073, 0.6281054615974426, 2.9191019535064697
v,0.10942444950342178, 0.6288326382637024, 2.921415090560913
v,0.13268041610717773, 0.6318691968917847, 2.919114351272583
v,0.13195590674877167, 0.6323975920677185, 2.921427011489868
v,0.12837184965610504, 0.6288302540779114, 2.9214229583740234
v,0.11890053749084473, 0.6591405272483826, 2.919273614883423
v,0.118901327252388, 0.658440887928009, 2.9214038848876953
v,0.12397915124893188, 0.6575921177864075, 2.9214067459106445
v,0.1025611162185669, 0.6365759968757629, 2.9192278385162354
v,0.10504025220870972, 0.6318091154098511, 2.9191818237304688
v,0.10577096045017242, 0.6323456168174744, 2.921420097351074
v,0.12415559589862823, 0.6256716847419739, 2.9191079139709473
v,0.12892001867294312, 0.6280862092971802, 2.9191086292266846
v,0.12837184965610504, 0.6288302540779114, 2.9214229583740234
v,0.12897956371307373, 0.6557623147964478, 2.919203042984009
v,0.12420060485601425, 0.6582598090171814, 2.9192309379577637
v,0.12397915124893188, 0.6575921177864075, 2.9214067459106445
v,0.1025611162185669, 0.6365759968757629, 2.9192278385162354
v,0.1033797338604927, 0.6368404626846313, 2.921421527862549
v,0.10252395272254944, 0.641872227191925, 2.921416759490967
v,0.11889802664518356, 0.6248462796211243, 2.919112205505371
v,0.12415559589862823, 0.6256716847419739, 2.9191079139709473
v,0.12387561798095703, 0.6265323758125305, 2.9214179515838623
v,0.13274434208869934, 0.6519331336021423, 2.91917085647583
v,0.12897956371307373, 0.6557623147964478, 2.919203042984009
v,0.12856563925743103, 0.6551870107650757, 2.9214067459106445
v,0.10170286148786545, 0.6418809294700623, 2.9192419052124023
v,0.10252395272254944, 0.641872227191925, 2.921416759490967
v,0.10328957438468933, 0.6469321250915527, 2.9214186668395996
v,0.13515982031822205, 0.6471483111381531, 2.9191665649414062
v,0.13274434208869934, 0.6519331336021423, 2.91917085647583
v,0.13216286897659302, 0.6514960527420044, 2.921407461166382
v,0.10251428931951523, 0.6471943259239197, 2.9192163944244385
v,0.10328957438468933, 0.6469321250915527, 2.9214186668395996
v,0.10560042411088943, 0.651531457901001, 2.921415090560913
v,0.1360083371400833, 0.6418865919113159, 2.919158458709717
v,0.13515982031822205, 0.6471483111381531, 2.9191665649414062
v,0.13445603847503662, 0.6469101905822754, 2.921420097351074
v,0.10497061163187027, 0.6520015597343445, 2.9192118644714355
v,0.10560042411088943, 0.651531457901001, 2.921415090560913
v,0.10920954495668411, 0.6552295684814453, 2.921410322189331
v,0.11889802664518356, 0.6248462796211243, 2.919112205505371
v,0.11890245229005814, 0.6257457733154297, 2.9214189052581787
v,0.11393534392118454, 0.6265571117401123, 2.921410083770752
v,0.13517653942108154, 0.6366006135940552, 2.9191501140594482
v,0.1360083371400833, 0.6418865919113159, 2.919158458709717
v,0.13522224128246307, 0.6418778896331787, 2.9214165210723877
v,0.11357146501541138, 0.6583094000816345, 2.9192607402801514
v,0.10875959694385529, 0.6558414101600647, 2.9192333221435547
v,0.10920954495668411, 0.6552295684814453, 2.921410322189331
v,0.11364379525184631, 0.6256977915763855, 2.9191036224365234
v,0.11393534392118454, 0.6265571117401123, 2.921410083770752
v,0.10942444950342178, 0.6288326382637024, 2.921415090560913
v,0.13445603847503662, 0.6469101905822754, 2.921420097351074
v,0.13216286897659302, 0.6514960527420044, 2.921407461166382
v,0.13263602554798126, 0.6518364548683167, 2.923720121383667
v,0.10560042411088943, 0.651531457901001, 2.921415090560913
v,0.10328957438468933, 0.6469321250915527, 2.9214186668395996
v,0.10271624475717545, 0.647117555141449, 2.923661708831787
v,0.13445603847503662, 0.6469101905822754, 2.921420097351074
v,0.13501311838626862, 0.6470915079116821, 2.9237184524536133
v,0.13585060834884644, 0.641882598400116, 2.9237077236175537
v,0.10560042411088943, 0.651531457901001, 2.921415090560913
v,0.10511381924152374, 0.6518936157226562, 2.923699378967285
v,0.10885076969861984, 0.6556977033615112, 2.923672914505005
v,0.11890245229005814, 0.6257457733154297, 2.9214189052581787
v,0.11890356987714767, 0.6250482201576233, 2.9237732887268066
v,0.11372334510087967, 0.625906765460968, 2.923790693283081
v,0.13435149192810059, 0.6368746161460876, 2.921426773071289
v,0.13522224128246307, 0.6418778896331787, 2.9214165210723877
v,0.13585060834884644, 0.641882598400116, 2.9237077236175537
v,0.10920954495668411, 0.6552295684814453, 2.921410322189331
v,0.10885076969861984, 0.6556977033615112, 2.923672914505005
v,0.1136200875043869, 0.6581746339797974, 2.923630952835083
v,0.10942444950342178, 0.6288326382637024, 2.921415090560913
v,0.11393534392118454, 0.6265571117401123, 2.921410083770752
v,0.11372334510087967, 0.625906765460968, 2.923790693283081
v,0.13435149192810059, 0.6368746161460876, 2.921426773071289
v,0.13496945798397064, 0.636677086353302, 2.923764705657959
v,0.13246110081672668, 0.632035493850708, 2.923799514770508
v,0.1137918010354042, 0.6576213240623474, 2.9214067459106445
v,0.1136200875043869, 0.6581746339797974, 2.923630952835083
v,0.11887547373771667, 0.659008800983429, 2.9236185550689697
v,0.10577096045017242, 0.6323456168174744, 2.921420097351074
v,0.10942444950342178, 0.6288326382637024, 2.921415090560913
v,0.10902546346187592, 0.6282763481140137, 2.923792600631714
v,0.13195590674877167, 0.6323975920677185, 2.921427011489868
v,0.13246110081672668, 0.632035493850708, 2.923799514770508
v,0.12877310812473297, 0.6282789707183838, 2.92378306388855
v,0.118901327252388, 0.658440887928009, 2.9214038848876953
v,0.11887547373771667, 0.659008800983429, 2.9236185550689697
v,0.12415208667516708, 0.6581320762634277, 2.9236502647399902
v,0.1033797338604927, 0.6368404626846313, 2.921421527862549
v,0.10577096045017242, 0.6323456168174744, 2.921420097351074
v,0.1052253246307373, 0.6319515109062195, 2.9237499237060547
v,0.12387561798095703, 0.6265323758125305, 2.9214179515838623
v,0.12837184965610504, 0.6288302540779114, 2.9214229583740234
v,0.12877310812473297, 0.6282789707183838, 2.92378306388855
v,0.12856563925743103, 0.6551870107650757, 2.9214067459106445
v,0.12397915124893188, 0.6575921177864075, 2.9214067459106445
v,0.12415208667516708, 0.6581320762634277, 2.9236502647399902
v,0.1033797338604927, 0.6368404626846313, 2.921421527862549
v,0.10275007039308548, 0.6366412043571472, 2.9237072467803955
v,0.10188815742731094, 0.6418747305870056, 2.923672914505005
v,0.11890245229005814, 0.6257457733154297, 2.9214189052581787
v,0.12387561798095703, 0.6265323758125305, 2.9214179515838623
v,0.12408735603094101, 0.6258592009544373, 2.9237782955169678
v,0.12856563925743103, 0.6551870107650757, 2.9214067459106445
v,0.12891067564487457, 0.6556655168533325, 2.923687219619751
v,0.13263602554798126, 0.6518364548683167, 2.923720121383667
v,0.10252395272254944, 0.641872227191925, 2.921416759490967
v,0.10188815742731094, 0.6418747305870056, 2.923672914505005
v,0.10271624475717545, 0.647117555141449, 2.923661708831787
v,0.11889709532260895, 0.6076930165290833, 2.9550158977508545
v,0.10833412408828735, 0.6093663573265076, 2.955016851425171
v,0.10865308344364166, 0.6103384494781494, 2.9460158348083496
v,0.11889433860778809, 0.612182080745697, 2.972374677658081
v,0.11889626085758209, 0.6176211833953857, 2.9795680046081543
v,0.11140721291303635, 0.6188322305679321, 2.9795427322387695
v,0.11889606714248657, 0.6121397018432617, 2.9376330375671387
v,0.11889670044183731, 0.6087051630020142, 2.946014881134033
v,0.10865308344364166, 0.6103384494781494, 2.9460158348083496
v,0.1188952773809433, 0.6088006496429443, 2.963984727859497
v,0.11889433860778809, 0.612182080745697, 2.972374677658081
v,0.10973040759563446, 0.6136592030525208, 2.972357988357544
v,0.11889614909887314, 0.633037269115448, 2.988450527191162
v,0.11616196483373642, 0.6334658861160278, 2.9884705543518066
v,0.11358201503753662, 0.6255317330360413, 2.9851624965667725
v,0.11889606714248657, 0.6121397018432617, 2.9376330375671387
v,0.10971277952194214, 0.6135959625244141, 2.937634229660034
v,0.11138192564249039, 0.6187268495559692, 2.930380344390869
v,0.1188952773809433, 0.6088006496429443, 2.963984727859497
v,0.10867702960968018, 0.6104152798652649, 2.9639852046966553
v,0.10833412408828735, 0.6093663573265076, 2.955016851425171
v,0.11889626085758209, 0.6176211833953857, 2.9795680046081543
v,0.11889374256134033, 0.6246737837791443, 2.9851932525634766
v,0.11358201503753662, 0.6255317330360413, 2.9851624965667725
v,0.10902546346187592, 0.6282763481140137, 2.923792600631714
v,0.11372334510087967, 0.625906765460968, 2.923790693283081
v,0.11138192564249039, 0.6187268495559692, 2.930380344390869
v,0.11616196483373642, 0.6334658861160278, 2.9884705543518066
v,0.11369292438030243, 0.6347233057022095, 2.9884684085845947
v,0.10879357904195786, 0.6279805302619934, 2.9851558208465576
v,0.10971277952194214, 0.6135959625244141, 2.937634229660034
v,0.10143069177865982, 0.6178410649299622, 2.9376492500305176
v,0.10459461808204651, 0.6221928596496582, 2.930389642715454
v,0.10833412408828735, 0.6093663573265076, 2.955016851425171
v,0.10867702960968018, 0.6104152798652649, 2.9639852046966553
v,0.0994548499584198, 0.6151229739189148, 2.963982343673706
v,0.11358201503753662, 0.6255317330360413, 2.9851624965667725
v,0.10879357904195786, 0.6279805302619934, 2.9851558208465576
v,0.1046544760465622, 0.622280478477478, 2.9795374870300293
v,0.1052253246307373, 0.6319515109062195, 2.9237499237060547
v,0.10902546346187592, 0.6282763481140137, 2.923792600631714
v,0.10459461808204651, 0.6221928596496582, 2.930389642715454
v,0.10833412408828735, 0.6093663573265076, 2.955016851425171
v,0.0987977534532547, 0.614219069480896, 2.9550163745880127
v,0.09940871596336365, 0.6150588393211365, 2.94602108001709
v,0.11140721291303635, 0.6188322305679321, 2.9795427322387695
v,0.1046544760465622, 0.622280478477478, 2.9795374870300293
v,0.101457878947258, 0.6178796887397766, 2.972356081008911
v,0.10865308344364166, 0.6103384494781494, 2.9460158348083496
v,0.09940871596336365, 0.6150588393211365, 2.94602108001709
v,0.10143069177865982, 0.6178410649299622, 2.9376492500305176
v,0.10973040759563446, 0.6136592030525208, 2.972357988357544
v,0.101457878947258, 0.6178796887397766, 2.972356081008911
v,0.0994548499584198, 0.6151229739189148, 2.963982343673706
v,0.101457878947258, 0.6178796887397766, 2.972356081008911
v,0.1046544760465622, 0.622280478477478, 2.9795374870300293
v,0.0992925763130188, 0.6276437044143677, 2.979534864425659
v,0.10143069177865982, 0.6178410649299622, 2.9376492500305176
v,0.09940871596336365, 0.6150588393211365, 2.94602108001709
v,0.09206252545118332, 0.622394859790802, 2.946018695831299
v,0.101457878947258, 0.6178796887397766, 2.972356081008911
v,0.09488843381404877, 0.6244471669197083, 2.9723572731018066
v,0.09212537854909897, 0.6224387884140015, 2.96398663520813
v,0.10879357904195786, 0.6279805302619934, 2.9851558208465576
v,0.11369292438030243, 0.6347233057022095, 2.9884684085845947
v,0.1117335855960846, 0.6366796493530273, 2.988473892211914
v,0.10459461808204651, 0.6221928596496582, 2.930389642715454
v,0.10143069177865982, 0.6178410649299622, 2.9376492500305176
v,0.09483154863119125, 0.6244055032730103, 2.9376344680786133
v,0.0994548499584198, 0.6151229739189148, 2.963982343673706
v,0.09212537854909897, 0.6224387884140015, 2.96398663520813
v,0.0912250429391861, 0.6217830777168274, 2.9550158977508545
v,0.1046544760465622, 0.622280478477478, 2.9795374870300293
v,0.10879357904195786, 0.6279805302619934, 2.9851558208465576
v,0.10498613864183426, 0.6317757368087769, 2.9851629734039307
v,0.10275007039308548, 0.6366412043571472, 2.9237072467803955
v,0.1052253246307373, 0.6319515109062195, 2.9237499237060547
v,0.0991869792342186, 0.6275706887245178, 2.9303698539733887
v,0.09940871596336365, 0.6150588393211365, 2.94602108001709
v,0.0987977534532547, 0.614219069480896, 2.9550163745880127
v,0.0912250429391861, 0.6217830777168274, 2.9550158977508545
v,0.10498613864183426, 0.6317757368087769, 2.9851629734039307
v,0.10252299159765244, 0.636565089225769, 2.9851901531219482
v,0.09585320204496384, 0.6343981623649597, 2.9795336723327637
v,0.10188815742731094, 0.6418747305870056, 2.923672914505005
v,0.10275007039308548, 0.6366412043571472, 2.9237072467803955
v,0.09570106118917465, 0.6343502402305603, 2.9303386211395264
v,0.09206252545118332, 0.622394859790802, 2.946018695831299
v,0.0912250429391861, 0.6217830777168274, 2.9550158977508545
v,0.08632443100214005, 0.6313053369522095, 2.955017566680908
v,0.09488843381404877, 0.6244471669197083, 2.9723572731018066
v,0.0992925763130188, 0.6276437044143677, 2.979534864425659
v,0.09585320204496384, 0.6343981623649597, 2.9795336723327637
v,0.09483154863119125, 0.6244055032730103, 2.9376344680786133
v,0.09206252545118332, 0.622394859790802, 2.946018695831299
v,0.08730436861515045, 0.6316255331039429, 2.946005344390869
v,0.09212537854909897, 0.6224387884140015, 2.96398663520813
v,0.09488843381404877, 0.6244471669197083, 2.9723572731018066
v,0.09067656844854355, 0.6327188611030579, 2.9723567962646484
v,0.10498613864183426, 0.6317757368087769, 2.9851629734039307
v,0.1117335855960846, 0.6366796493530273, 2.988473892211914
v,0.11047301441431046, 0.6391453146934509, 2.988492727279663
v,0.09483154863119125, 0.6244055032730103, 2.9376344680786133
v,0.09054133296012878, 0.6326796412467957, 2.937600612640381
v,0.09570106118917465, 0.6343502402305603, 2.9303386211395264
v,0.0912250429391861, 0.6217830777168274, 2.9550158977508545
v,0.09212537854909897, 0.6224387884140015, 2.96398663520813
v,0.0873967781662941, 0.6316533088684082, 2.9639949798583984
v,0.0873967781662941, 0.6316533088684082, 2.9639949798583984
v,0.09067656844854355, 0.6327188611030579, 2.9723567962646484
v,0.0892215445637703, 0.6418845057487488, 2.9723613262176514
v,0.10252299159765244, 0.636565089225769, 2.9851901531219482
v,0.11047301441431046, 0.6391453146934509, 2.988492727279663
v,0.1100345328450203, 0.6418828368186951, 2.988523006439209
v,0.09570106118917465, 0.6343502402305603, 2.9303386211395264
v,0.09054133296012878, 0.6326796412467957, 2.937600612640381
v,0.08905377984046936, 0.6418851017951965, 2.9375762939453125
v,0.0873967781662941, 0.6316533088684082, 2.9639949798583984
v,0.08573596924543381, 0.6418837308883667, 2.9640042781829834
v,0.08464010804891586, 0.6418837904930115, 2.955017328262329
v,0.10252299159765244, 0.636565089225769, 2.9851901531219482
v,0.10163048654794693, 0.6418721675872803, 2.9852609634399414
v,0.09466402977705002, 0.6418825387954712, 2.9795379638671875
v,0.10271624475717545, 0.647117555141449, 2.923661708831787
v,0.10188815742731094, 0.6418747305870056, 2.923672914505005
v,0.0944601446390152, 0.6418815851211548, 2.9302990436553955
v,0.08730436861515045, 0.6316255331039429, 2.946005344390869
v,0.08632443100214005, 0.6313053369522095, 2.955017566680908
v,0.08464010804891586, 0.6418837904930115, 2.955017328262329
v,0.09067656844854355, 0.6327188611030579, 2.9723567962646484
v,0.09585320204496384, 0.6343981623649597, 2.9795336723327637
v,0.09466402977705002, 0.6418825387954712, 2.9795379638671875
v,0.09054133296012878, 0.6326796412467957, 2.937600612640381
v,0.08730436861515045, 0.6316255331039429, 2.946005344390869
v,0.08564422279596329, 0.6418837904930115, 2.945998430252075
v,0.0892215445637703, 0.6418845057487488, 2.9723613262176514
v,0.09466402977705002, 0.6418825387954712, 2.9795379638671875
v,0.09581521153450012, 0.649380624294281, 2.9795706272125244
v,0.08905377984046936, 0.6418851017951965, 2.9375762939453125
v,0.08564422279596329, 0.6418837904930115, 2.945998430252075
v,0.08724626898765564, 0.6521621346473694, 2.9459903240203857
v,0.0892215445637703, 0.6418845057487488, 2.9723613262176514
v,0.09061866998672485, 0.651065468788147, 2.972393035888672
v,0.08732098340988159, 0.6521385908126831, 2.964012861251831
v,0.1100345328450203, 0.6418828368186951, 2.988523006439209
v,0.1104653924703598, 0.6446239948272705, 2.9885306358337402
v,0.10249525308609009, 0.6472148895263672, 2.9852397441864014
v,0.08905377984046936, 0.6418851017951965, 2.9375762939453125
v,0.09048673510551453, 0.6511102914810181, 2.9375648498535156
v,0.09563113749027252, 0.6494351625442505, 2.9302730560302734
v,0.08464010804891586, 0.6418837904930115, 2.955017328262329
v,0.08573596924543381, 0.6418837308883667, 2.9640042781829834
v,0.08732098340988159, 0.6521385908126831, 2.964012861251831
v,0.09466402977705002, 0.6418825387954712, 2.9795379638671875
v,0.10163048654794693, 0.6418721675872803, 2.9852609634399414
v,0.10249525308609009, 0.6472148895263672, 2.9852397441864014
v,0.10511381924152374, 0.6518936157226562, 2.923699378967285
v,0.10271624475717545, 0.647117555141449, 2.923661708831787
v,0.09563113749027252, 0.6494351625442505, 2.9302730560302734
v,0.08464010804891586, 0.6418837904930115, 2.955017328262329
v,0.08626732230186462, 0.6524816751480103, 2.9550182819366455
v,0.08724626898765564, 0.6521621346473694, 2.9459903240203857
v,0.08626732230186462, 0.6524816751480103, 2.9550182819366455
v,0.08732098340988159, 0.6521385908126831, 2.964012861251831
v,0.09197745472192764, 0.6614318490028381, 2.9640274047851562
v,0.10249525308609009, 0.6472148895263672, 2.9852397441864014
v,0.1049344539642334, 0.6520248651504517, 2.9852683544158936
v,0.09921687096357346, 0.6561750173568726, 2.979623794555664
v,0.10885076969861984, 0.6556977033615112, 2.923672914505005
v,0.10511381924152374, 0.6518936157226562, 2.923699378967285
v,0.09908506274223328, 0.6562671661376953, 2.9302542209625244
v,0.08626732230186462, 0.6524816751480103, 2.9550182819366455
v,0.09108182787895203, 0.6620873808860779, 2.955019950866699
v,0.09193893522024155, 0.6614624261856079, 2.945979118347168
v,0.09581521153450012, 0.649380624294281, 2.9795706272125244
v,0.09921687096357346, 0.6561750173568726, 2.979623794555664
v,0.09477391839027405, 0.6594023108482361, 2.972440481185913
v,0.08724626898765564, 0.6521621346473694, 2.9459903240203857
v,0.09193893522024155, 0.6614624261856079, 2.945979118347168
v,0.09471834450960159, 0.6594458222389221, 2.9375593662261963
v,0.09061866998672485, 0.651065468788147, 2.972393035888672
v,0.09477391839027405, 0.6594023108482361, 2.972440481185913
v,0.09197745472192764, 0.6614318490028381, 2.9640274047851562
v,0.1104653924703598, 0.6446239948272705, 2.9885306358337402
v,0.11172324419021606, 0.6470957398414612, 2.988534450531006
v,0.1049344539642334, 0.6520248651504517, 2.9852683544158936
v,0.09048673510551453, 0.6511102914810181, 2.9375648498535156
v,0.09471834450960159, 0.6594458222389221, 2.9375593662261963
v,0.09908506274223328, 0.6562671661376953, 2.9302542209625244
v,0.09477391839027405, 0.6594023108482361, 2.972440481185913
v,0.10130932927131653, 0.6660876274108887, 2.9725019931793213
v,0.09927494823932648, 0.6688898801803589, 2.964055061340332
v,0.1049344539642334, 0.6520248651504517, 2.9852683544158936
v,0.11172324419021606, 0.6470957398414612, 2.988534450531006
v,0.11368388682603836, 0.649057924747467, 2.988538980484009
v,0.09471834450960159, 0.6594458222389221, 2.9375593662261963
v,0.10130085796117783, 0.666109561920166, 2.9375197887420654
v,0.10449328273534775, 0.6617132425308228, 2.9302289485931396
v,0.09108182787895203, 0.6620873808860779, 2.955019950866699
v,0.09197745472192764, 0.6614318490028381, 2.9640274047851562
v,0.09927494823932648, 0.6688898801803589, 2.964055061340332
v,0.09921687096357346, 0.6561750173568726, 2.979623794555664
v,0.1049344539642334, 0.6520248651504517, 2.9852683544158936
v,0.10873474180698395, 0.6558608412742615, 2.9853129386901855
v,0.1136200875043869, 0.6581746339797974, 2.923630952835083
v,0.10885076969861984, 0.6556977033615112, 2.923672914505005
v,0.10449328273534775, 0.6617132425308228, 2.9302289485931396
v,0.09108182787895203, 0.6620873808860779, 2.955019950866699
v,0.09862808883190155, 0.6697862148284912, 2.955016851425171
v,0.09925855696201324, 0.6689158082008362, 2.945953607559204
v,0.09477391839027405, 0.6594023108482361, 2.972440481185913
v,0.09921687096357346, 0.6561750173568726, 2.979623794555664
v,0.10456297546625137, 0.6616108417510986, 2.9796833992004395
v,0.09471834450960159, 0.6594458222389221, 2.9375593662261963
v,0.09193893522024155, 0.6614624261856079, 2.945979118347168
v,0.09925855696201324, 0.6689158082008362, 2.945953607559204
v,0.09925855696201324, 0.6689158082008362, 2.945953607559204
v,0.09862808883190155, 0.6697862148284912, 2.955016851425171
v,0.10821076482534409, 0.6748186349868774, 2.9550156593322754
v,0.10130932927131653, 0.6660876274108887, 2.9725019931793213
v,0.10456297546625137, 0.6616108417510986, 2.9796833992004395
v,0.11134268343448639, 0.6651324033737183, 2.9797422885894775
v,0.10130085796117783, 0.666109561920166, 2.9375197887420654
v,0.09925855696201324, 0.6689158082008362, 2.945953607559204
v,0.1085498183965683, 0.673762857913971, 2.9459140300750732
v,0.09927494823932648, 0.6688898801803589, 2.964055061340332
v,0.10130932927131653, 0.6660876274108887, 2.9725019931793213
v,0.10963386297225952, 0.6704359650611877, 2.9725594520568848
v,0.11368388682603836, 0.649057924747467, 2.988538980484009
v,0.11615585535764694, 0.6503172516822815, 2.988542079925537
v,0.11354726552963257, 0.6583346128463745, 2.9853615760803223
v,0.10449328273534775, 0.6617132425308228, 2.9302289485931396
v,0.10130085796117783, 0.666109561920166, 2.9375197887420654
v,0.10963331907987595, 0.6704261898994446, 2.937481164932251
v,0.09862808883190155, 0.6697862148284912, 2.955016851425171
v,0.09927494823932648, 0.6688898801803589, 2.964055061340332
v,0.10853996127843857, 0.6737825274467468, 2.964095115661621
v,0.10873474180698395, 0.6558608412742615, 2.9853129386901855
v,0.11354726552963257, 0.6583346128463745, 2.9853615760803223
v,0.11134268343448639, 0.6651324033737183, 2.9797422885894775
v,0.11887547373771667, 0.659008800983429, 2.9236185550689697
v,0.1136200875043869, 0.6581746339797974, 2.923630952835083
v,0.1113247200846672, 0.6652395725250244, 2.930180549621582
v,0.10853996127843857, 0.6737825274467468, 2.964095115661621
v,0.11890615522861481, 0.6754377484321594, 2.9641056060791016
v,0.11889646202325821, 0.6765449643135071, 2.9550161361694336
v,0.11134268343448639, 0.6651324033737183, 2.9797422885894775
v,0.11354726552963257, 0.6583346128463745, 2.9853615760803223
v,0.1188945472240448, 0.6592029929161072, 2.985389232635498
v,0.12415208667516708, 0.6581320762634277, 2.9236502647399902
v,0.11887547373771667, 0.659008800983429, 2.9236185550689697
v,0.11889327317476273, 0.6664589047431946, 2.930164337158203
v,0.1085498183965683, 0.673762857913971, 2.9459140300750732
v,0.10821076482534409, 0.6748186349868774, 2.9550156593322754
v,0.11889646202325821, 0.6765449643135071, 2.9550161361694336
v,0.10963386297225952, 0.6704359650611877, 2.9725594520568848
v,0.11134268343448639, 0.6651324033737183, 2.9797422885894775
v,0.11889772862195969, 0.6663618087768555, 2.9797728061676025
v,0.10963331907987595, 0.6704261898994446, 2.937481164932251
v,0.1085498183965683, 0.673762857913971, 2.9459140300750732
v,0.11889441311359406, 0.6754575371742249, 2.945899248123169
v,0.10963386297225952, 0.6704359650611877, 2.9725594520568848
v,0.1188976913690567, 0.6719188094139099, 2.9725751876831055
v,0.11890615522861481, 0.6754377484321594, 2.9641056060791016
v,0.11354726552963257, 0.6583346128463745, 2.9853615760803223
v,0.11615585535764694, 0.6503172516822815, 2.988542079925537
v,0.1188950166106224, 0.6507520079612732, 2.9885504245758057
v,0.1113247200846672, 0.6652395725250244, 2.930180549621582
v,0.10963331907987595, 0.6704261898994446, 2.937481164932251
v,0.11889299750328064, 0.6719326972961426, 2.937452793121338
v,0.11889299750328064, 0.6719326972961426, 2.937452793121338
v,0.11889441311359406, 0.6754575371742249, 2.945899248123169
v,0.12923870980739594, 0.6737522482872009, 2.9459190368652344
v,0.11890615522861481, 0.6754377484321594, 2.9641056060791016
v,0.1188976913690567, 0.6719188094139099, 2.9725751876831055
v,0.12814490497112274, 0.6703805327415466, 2.972529888153076
v,0.1188950166106224, 0.6507520079612732, 2.9885504245758057
v,0.12163641303777695, 0.6503188610076904, 2.9885594844818115
v,0.12423856556415558, 0.6583660244941711, 2.9853930473327637
v,0.11889299750328064, 0.6719326972961426, 2.937452793121338
v,0.12816254794597626, 0.6704310178756714, 2.93747615814209
v,0.12646940350532532, 0.6652241349220276, 2.930194139480591
v,0.11890615522861481, 0.6754377484321594, 2.9641056060791016
v,0.12922999262809753, 0.6737052798271179, 2.9640772342681885
v,0.1295742243528366, 0.6747750639915466, 2.9550178050994873
v,0.11889772862195969, 0.6663618087768555, 2.9797728061676025
v,0.1188945472240448, 0.6592029929161072, 2.985389232635498
v,0.12423856556415558, 0.6583660244941711, 2.9853930473327637
v,0.12891067564487457, 0.6556655168533325, 2.923687219619751
v,0.12415208667516708, 0.6581320762634277, 2.9236502647399902
v,0.12646940350532532, 0.6652241349220276, 2.930194139480591
v,0.11889646202325821, 0.6765449643135071, 2.9550161361694336
v,0.1295742243528366, 0.6747750639915466, 2.9550178050994873
v,0.12923870980739594, 0.6737522482872009, 2.9459190368652344
v,0.11889772862195969, 0.6663618087768555, 2.9797728061676025
v,0.12644530832767487, 0.6651294827461243, 2.979738712310791
v,0.12814490497112274, 0.6703805327415466, 2.972529888153076
v,0.1295742243528366, 0.6747750639915466, 2.9550178050994873
v,0.1391519159078598, 0.6697719097137451, 2.9550182819366455
v,0.13853690028190613, 0.6689243912696838, 2.9459526538848877
v,0.12644530832767487, 0.6651294827461243, 2.979738712310791
v,0.13323304057121277, 0.661613941192627, 2.9796884059906006
v,0.1364564299583435, 0.6660585403442383, 2.9724791049957275
v,0.12923870980739594, 0.6737522482872009, 2.9459190368652344
v,0.13853690028190613, 0.6689243912696838, 2.9459526538848877
v,0.13649597764015198, 0.6661195755004883, 2.93751859664917
v,0.12922999262809753, 0.6737052798271179, 2.9640772342681885
v,0.12814490497112274, 0.6703805327415466, 2.972529888153076
v,0.1364564299583435, 0.6660585403442383, 2.9724791049957275
v,0.12163641303777695, 0.6503188610076904, 2.9885594844818115
v,0.12410931289196014, 0.649059534072876, 2.9885592460632324
v,0.12906531989574432, 0.6558809280395508, 2.9853415489196777
v,0.12816254794597626, 0.6704310178756714, 2.93747615814209
v,0.13649597764015198, 0.6661195755004883, 2.93751859664917
v,0.13329489529132843, 0.6617087721824646, 2.9302330017089844
v,0.12922999262809753, 0.6737052798271179, 2.9640772342681885
v,0.13849563896656036, 0.6688681840896606, 2.9640488624572754
v,0.1391519159078598, 0.6697719097137451, 2.9550182819366455
v,0.12644530832767487, 0.6651294827461243, 2.979738712310791
v,0.12423856556415558, 0.6583660244941711, 2.9853930473327637
v,0.12906531989574432, 0.6558809280395508, 2.9853415489196777
v,0.13869692385196686, 0.6562614440917969, 2.9302613735198975
v,0.13263602554798126, 0.6518364548683167, 2.923720121383667
v,0.12891067564487457, 0.6556655168533325, 2.923687219619751
v,0.13329489529132843, 0.6617087721824646, 2.9302330017089844
v,0.13649597764015198, 0.6661195755004883, 2.93751859664917
v,0.1430983990430832, 0.6594583988189697, 2.937541961669922
v,0.13849563896656036, 0.6688681840896606, 2.9640488624572754
v,0.14581917226314545, 0.6614378094673157, 2.9640326499938965
v,0.14671720564365387, 0.6620925664901733, 2.9550180435180664
v,0.12906531989574432, 0.6558809280395508, 2.9853415489196777
v,0.13288353383541107, 0.6520435810089111, 2.9853243827819824
v,0.13860014081001282, 0.656194269657135, 2.979649543762207
v,0.14215292036533356, 0.6494311094284058, 2.9302783012390137
v,0.13501311838626862, 0.6470915079116821, 2.9237184524536133
v,0.13263602554798126, 0.6518364548683167, 2.923720121383667
v,0.13853690028190613, 0.6689243912696838, 2.9459526538848877
v,0.1391519159078598, 0.6697719097137451, 2.9550182819366455
v,0.14671720564365387, 0.6620925664901733, 2.9550180435180664
v,0.13323304057121277, 0.661613941192627, 2.9796884059906006
v,0.13860014081001282, 0.656194269657135, 2.979649543762207
v,0.14301709830760956, 0.6594006419181824, 2.9724366664886475
v,0.13649597764015198, 0.6661195755004883, 2.93751859664917
v,0.13853690028190613, 0.6689243912696838, 2.9459526538848877
v,0.1458890736103058, 0.661486804485321, 2.9459636211395264
v,0.1364564299583435, 0.6660585403442383, 2.9724791049957275
v,0.14301709830760956, 0.6594006419181824, 2.9724366664886475
v,0.14581917226314545, 0.6614378094673157, 2.9640326499938965
v,0.12410931289196014, 0.649059534072876, 2.9885592460632324
v,0.12607115507125854, 0.6470983028411865, 2.988556385040283
v,0.13288353383541107, 0.6520435810089111, 2.9853243827819824
v,0.1430983990430832, 0.6594583988189697, 2.937541961669922
v,0.1458890736103058, 0.661486804485321, 2.9459636211395264
v,0.15056410431861877, 0.652165412902832, 2.945984363555908
v,0.14301709830760956, 0.6594006419181824, 2.9724366664886475
v,0.14719903469085693, 0.6510738134384155, 2.972407341003418
v,0.15047067403793335, 0.6521375179290771, 2.9640111923217773
v,0.12607115507125854, 0.6470983028411865, 2.988556385040283
v,0.1273300051689148, 0.6446229815483093, 2.988554000854492
v,0.13532966375350952, 0.6472164392471313, 2.9853134155273438
v,0.13869692385196686, 0.6562614440917969, 2.9302613735198975
v,0.1430983990430832, 0.6594583988189697, 2.937541961669922
v,0.14732840657234192, 0.6511120200157166, 2.9375483989715576
v,0.14671720564365387, 0.6620925664901733, 2.9550180435180664
v,0.14581917226314545, 0.6614378094673157, 2.9640326499938965
v,0.15047067403793335, 0.6521375179290771, 2.9640111923217773
v,0.13288353383541107, 0.6520435810089111, 2.9853243827819824
v,0.13532966375350952, 0.6472164392471313, 2.9853134155273438
v,0.14203853905200958, 0.6493984460830688, 2.979631185531616
v,0.143358051776886, 0.6418792605400085, 2.930274248123169
v,0.13585060834884644, 0.641882598400116, 2.9237077236175537
v,0.13501311838626862, 0.6470915079116821, 2.9237184524536133
v,0.1458890736103058, 0.661486804485321, 2.9459636211395264
v,0.14671720564365387, 0.6620925664901733, 2.9550180435180664
v,0.15153321623802185, 0.6524835228919983, 2.9550185203552246
v,0.13860014081001282, 0.656194269657135, 2.979649543762207
v,0.14203853905200958, 0.6493984460830688, 2.979631185531616
v,0.14719903469085693, 0.6510738134384155, 2.972407341003418
v,0.1421002596616745, 0.6343503594398499, 2.9303300380706787
v,0.13496945798397064, 0.636677086353302, 2.923764705657959
v,0.13585060834884644, 0.641882598400116, 2.9237077236175537
v,0.15056410431861877, 0.652165412902832, 2.945984363555908
v,0.15153321623802185, 0.6524835228919983, 2.9550185203552246
v,0.15316882729530334, 0.6418832540512085, 2.95501708984375
v,0.14719903469085693, 0.6510738134384155, 2.972407341003418
v,0.14203853905200958, 0.6493984460830688, 2.979631185531616
v,0.14318768680095673, 0.6418843865394592, 2.97959303855896
v,0.15056410431861877, 0.652165412902832, 2.945984363555908
v,0.15215422213077545, 0.6418811082839966, 2.945995330810547
v,0.14874494075775146, 0.641880214214325, 2.937574625015259
v,0.14719903469085693, 0.6510738134384155, 2.972407341003418
v,0.14861087501049042, 0.6418832540512085, 2.9723803997039795
v,0.1520359218120575, 0.641884446144104, 2.9639997482299805
v,0.13532966375350952, 0.6472164392471313, 2.9853134155273438
v,0.1273300051689148, 0.6446229815483093, 2.988554000854492
v,0.1277594417333603, 0.6418818831443787, 2.9885401725769043
v,0.14215292036533356, 0.6494311094284058, 2.9302783012390137
v,0.14732840657234192, 0.6511120200157166, 2.9375483989715576
v,0.14874494075775146, 0.641880214214325, 2.937574625015259
v,0.15153321623802185, 0.6524835228919983, 2.9550185203552246
v,0.15047067403793335, 0.6521375179290771, 2.9640111923217773
v,0.1520359218120575, 0.641884446144104, 2.9639997482299805
v,0.14203853905200958, 0.6493984460830688, 2.979631185531616
v,0.13532966375350952, 0.6472164392471313, 2.9853134155273438
v,0.1361692249774933, 0.6418851613998413, 2.985283613204956
v,0.1277594417333603, 0.6418818831443787, 2.9885401725769043
v,0.1273202747106552, 0.6391446590423584, 2.9885125160217285
v,0.13529284298419952, 0.6365565061569214, 2.985243320465088
v,0.14874494075775146, 0.641880214214325, 2.937574625015259
v,0.14726263284683228, 0.6326760649681091, 2.9375879764556885
v,0.1421002596616745, 0.6343503594398499, 2.9303300380706787
v,0.15316882729530334, 0.6418832540512085, 2.95501708984375
v,0.1520359218120575, 0.641884446144104, 2.9639997482299805
v,0.15039612352848053, 0.6316536664962769, 2.9639923572540283
v,0.1361692249774933, 0.6418851613998413, 2.985283613204956
v,0.13529284298419952, 0.6365565061569214, 2.985243320465088
v,0.1419801563024521, 0.6343854665756226, 2.9795737266540527
v,0.1385994255542755, 0.6275748014450073, 2.930375814437866
v,0.13246110081672668, 0.632035493850708, 2.923799514770508
v,0.13496945798397064, 0.636677086353302, 2.923764705657959
v,0.15316882729530334, 0.6418832540512085, 2.95501708984375
v,0.15146733820438385, 0.6313036680221558, 2.9550161361694336
v,0.1504979133605957, 0.6316243410110474, 2.9460031986236572
v,0.14861087501049042, 0.6418832540512085, 2.9723803997039795
v,0.14318768680095673, 0.6418843865394592, 2.97959303855896
v,0.1419801563024521, 0.6343854665756226, 2.9795737266540527
v,0.14874494075775146, 0.641880214214325, 2.937574625015259
v,0.15215422213077545, 0.6418811082839966, 2.945995330810547
v,0.1504979133605957, 0.6316243410110474, 2.9460031986236572
v,0.14861087501049042, 0.6418832540512085, 2.9723803997039795
v,0.14714792370796204, 0.6327071189880371, 2.972376823425293
v,0.15039612352848053, 0.6316536664962769, 2.9639923572540283
v,0.1504979133605957, 0.6316243410110474, 2.9460031986236572
v,0.14574220776557922, 0.6223844289779663, 2.946012496948242
v,0.14296674728393555, 0.6244022250175476, 2.937629222869873
v,0.15039612352848053, 0.6316536664962769, 2.9639923572540283
v,0.14714792370796204, 0.6327071189880371, 2.972376823425293
v,0.14290057122707367, 0.6244470477104187, 2.9723548889160156
v,0.13529284298419952, 0.6365565061569214, 2.985243320465088
v,0.1273202747106552, 0.6391446590423584, 2.9885125160217285
v,0.1260576993227005, 0.6366789937019348, 2.9884822368621826
v,0.1421002596616745, 0.6343503594398499, 2.9303300380706787
v,0.14726263284683228, 0.6326760649681091, 2.9375879764556885
v,0.14296674728393555, 0.6244022250175476, 2.937629222869873
v,0.15146733820438385, 0.6313036680221558, 2.9550161361694336
v,0.15039612352848053, 0.6316536664962769, 2.9639923572540283
v,0.1456664800643921, 0.6224396228790283, 2.9639852046966553
v,0.1419801563024521, 0.6343854665756226, 2.9795737266540527
v,0.13529284298419952, 0.6365565061569214, 2.985243320465088
v,0.13283346593379974, 0.6317570209503174, 2.9852135181427
v,0.12877310812473297, 0.6282789707183838, 2.92378306388855
v,0.13246110081672668, 0.632035493850708, 2.923799514770508
v,0.1385994255542755, 0.6275748014450073, 2.930375814437866
v,0.15146733820438385, 0.6313036680221558, 2.9550161361694336
v,0.14657092094421387, 0.621781051158905, 2.9550163745880127
v,0.14574220776557922, 0.6223844289779663, 2.946012496948242
v,0.14714792370796204, 0.6327071189880371, 2.972376823425293
v,0.1419801563024521, 0.6343854665756226, 2.9795737266540527
v,0.1385057270526886, 0.6276384592056274, 2.9795432090759277
v,0.13283346593379974, 0.6317570209503174, 2.9852135181427
v,0.1290198117494583, 0.6279506683349609, 2.9852118492126465
v,0.13313627243041992, 0.6222807168960571, 2.9795360565185547
v,0.12408735603094101, 0.6258592009544373, 2.9237782955169678
v,0.12877310812473297, 0.6282789707183838, 2.92378306388855
v,0.13319182395935059, 0.6222006678581238, 2.9304003715515137
v,0.14657092094421387, 0.621781051158905, 2.9550163745880127
v,0.13898013532161713, 0.6142377257347107, 2.9550158977508545
v,0.1383761763572693, 0.6150656938552856, 2.946021556854248
v,0.1385057270526886, 0.6276384592056274, 2.9795432090759277
v,0.13313627243041992, 0.6222807168960571, 2.9795360565185547
v,0.13631755113601685, 0.6179016828536987, 2.972339630126953
v,0.14574220776557922, 0.6223844289779663, 2.946012496948242
v,0.1383761763572693, 0.6150656938552856, 2.946021556854248
v,0.1363551914691925, 0.6178468465805054, 2.937652111053467
v,0.1456664800643921, 0.6224396228790283, 2.9639852046966553
v,0.14290057122707367, 0.6244470477104187, 2.9723548889160156
v,0.13631755113601685, 0.6179016828536987, 2.972339630126953
v,0.13283346593379974, 0.6317570209503174, 2.9852135181427
v,0.1260576993227005, 0.6366789937019348, 2.9884822368621826
v,0.12409647554159164, 0.6347249150276184, 2.9884605407714844
v,0.1385994255542755, 0.6275748014450073, 2.930375814437866
v,0.14296674728393555, 0.6244022250175476, 2.937629222869873
v,0.1363551914691925, 0.6178468465805054, 2.937652111053467
v,0.1456664800643921, 0.6224396228790283, 2.9639852046966553
v,0.13832393288612366, 0.615136981010437, 2.9639785289764404
v,0.13898013532161713, 0.6142377257347107, 2.9550158977508545
v,0.1290198117494583, 0.6279506683349609, 2.9852118492126465
v,0.12409647554159164, 0.6347249150276184, 2.9884605407714844
v,0.121629498898983, 0.6334710717201233, 2.988450527191162
v,0.13319182395935059, 0.6222006678581238, 2.9304003715515137
v,0.1363551914691925, 0.6178468465805054, 2.937652111053467
v,0.12807443737983704, 0.6136119365692139, 2.9376442432403564
v,0.13832393288612366, 0.615136981010437, 2.9639785289764404
v,0.12910738587379456, 0.6104423999786377, 2.963977813720703
v,0.12945230305194855, 0.609382152557373, 2.9550163745880127
v,0.1290198117494583, 0.6279506683349609, 2.9852118492126465
v,0.12421051412820816, 0.6255035996437073, 2.985217571258545
v,0.12638311088085175, 0.6188281774520874, 2.979546308517456
v,0.11889495700597763, 0.6175094246864319, 2.930356740951538
v,0.11890356987714767, 0.6250482201576233, 2.9237732887268066
v,0.12408735603094101, 0.6258592009544373, 2.9237782955169678
v,0.1383761763572693, 0.6150656938552856, 2.946021556854248
v,0.13898013532161713, 0.6142377257347107, 2.9550158977508545
v,0.12945230305194855, 0.609382152557373, 2.9550163745880127
v,0.13631755113601685, 0.6179016828536987, 2.972339630126953
v,0.13313627243041992, 0.6222807168960571, 2.9795360565185547
v,0.12638311088085175, 0.6188281774520874, 2.979546308517456
v,0.1383761763572693, 0.6150656938552856, 2.946021556854248
v,0.12914006412029266, 0.6103351712226868, 2.946016550064087
v,0.12807443737983704, 0.6136119365692139, 2.9376442432403564
v,0.13631755113601685, 0.6179016828536987, 2.972339630126953
v,0.12805750966072083, 0.6136743426322937, 2.972348928451538
v,0.12910738587379456, 0.6104423999786377, 2.963977813720703
v,0.12805750966072083, 0.6136743426322937, 2.972348928451538
v,0.12638311088085175, 0.6188281774520874, 2.979546308517456
v,0.11889626085758209, 0.6176211833953857, 2.9795680046081543
v,0.12807443737983704, 0.6136119365692139, 2.9376442432403564
v,0.12914006412029266, 0.6103351712226868, 2.946016550064087
v,0.11889670044183731, 0.6087051630020142, 2.946014881134033
v,0.12805750966072083, 0.6136743426322937, 2.972348928451538
v,0.11889433860778809, 0.612182080745697, 2.972374677658081
v,0.1188952773809433, 0.6088006496429443, 2.963984727859497
v,0.12421051412820816, 0.6255035996437073, 2.985217571258545
v,0.121629498898983, 0.6334710717201233, 2.988450527191162
v,0.11889614909887314, 0.633037269115448, 2.988450527191162
v,0.12641176581382751, 0.6187265515327454, 2.930382251739502
v,0.12807443737983704, 0.6136119365692139, 2.9376442432403564
v,0.11889606714248657, 0.6121397018432617, 2.9376330375671387
v,0.12910738587379456, 0.6104423999786377, 2.963977813720703
v,0.1188952773809433, 0.6088006496429443, 2.963984727859497
v,0.11889709532260895, 0.6076930165290833, 2.9550158977508545
v,0.12638311088085175, 0.6188281774520874, 2.979546308517456
v,0.12421051412820816, 0.6255035996437073, 2.985217571258545
v,0.11889374256134033, 0.6246737837791443, 2.9851932525634766
v,0.12914006412029266, 0.6103351712226868, 2.946016550064087
v,0.12945230305194855, 0.609382152557373, 2.9550163745880127
v,0.11889709532260895, 0.6076930165290833, 2.9550158977508545
v,0.11138192564249039, 0.6187268495559692, 2.930380344390869
v,0.11372334510087967, 0.625906765460968, 2.923790693283081
v,0.11890356987714767, 0.6250482201576233, 2.9237732887268066
v,0.17111729085445404, 0.6248770952224731, 2.770052671432495
v,0.1726088523864746, 0.6244148015975952, 2.7700910568237305
v,0.1647101640701294, 0.6085795760154724, 2.7701823711395264
v,0.16329985857009888, 0.609534502029419, 2.770052671432495
v,0.1647101640701294, 0.6085795760154724, 2.7701823711395264
v,0.1521795690059662, 0.5959534645080566, 2.770266532897949
v,0.15112389624118805, 0.5973584651947021, 2.770052671432495
v,0.1521795690059662, 0.5959534645080566, 2.770266532897949
v,0.13629087805747986, 0.5880661010742188, 2.7701339721679688
v,0.1357811689376831, 0.589540958404541, 2.770052671432495
v,0.13629087805747986, 0.5880661010742188, 2.7701339721679688
v,0.11883849650621414, 0.5853602886199951, 2.770073890686035
v,0.11877373605966568, 0.5868473052978516, 2.770052671432495
v,0.11883849650621414, 0.5853602886199951, 2.770073890686035
v,0.10136058181524277, 0.5880224704742432, 2.770146369934082
v,0.10176628082990646, 0.5895410180091858, 2.770052671432495
v,0.10136058181524277, 0.5880224704742432, 2.770146369934082
v,0.08551875501871109, 0.59599369764328, 2.7702152729034424
v,0.08642329275608063, 0.5973579287528992, 2.770052909851074
v,0.08551875501871109, 0.59599369764328, 2.7702152729034424
v,0.07291170209646225, 0.6085301041603088, 2.770275592803955
v,0.07424743473529816, 0.6095342636108398, 2.770052909851074
v,0.07291170209646225, 0.6085301041603088, 2.770275592803955
v,0.06494548916816711, 0.6243828535079956, 2.770216703414917
v,0.0664292722940445, 0.6248767375946045, 2.7700533866882324
v,0.06494548916816711, 0.6243828535079956, 2.770216703414917
v,0.06237456202507019, 0.641889214515686, 2.7700657844543457
v,0.0664299726486206, 0.6588920950889587, 2.7700531482696533
v,0.0637364313006401, 0.6418845653533936, 2.770052671432495
v,0.06237456202507019, 0.641889214515686, 2.7700657844543457
v,0.07424601167440414, 0.6742358207702637, 2.770054817199707
v,0.0664299726486206, 0.6588920950889587, 2.7700531482696533
v,0.06491249799728394, 0.6593884229660034, 2.77020001411438
v,0.0864236056804657, 0.686410665512085, 2.770052671432495
v,0.07424601167440414, 0.6742358207702637, 2.770054817199707
v,0.0729624480009079, 0.6752028465270996, 2.770237684249878
v,0.10176625102758408, 0.6942280530929565, 2.770052671432495
v,0.0864236056804657, 0.686410665512085, 2.770052671432495
v,0.08554553985595703, 0.6877312064170837, 2.7701187133789062
v,0.11877365410327911, 0.6969241499900818, 2.7700581550598145
v,0.10176625102758408, 0.6942280530929565, 2.770052671432495
v,0.10138271003961563, 0.6956514120101929, 2.770113229751587
v,0.1357821524143219, 0.6942314505577087, 2.7700581550598145
v,0.11877365410327911, 0.6969241499900818, 2.7700581550598145
v,0.11883366107940674, 0.698503851890564, 2.770211696624756
v,0.1511238068342209, 0.686410665512085, 2.770052671432495
v,0.1357821524143219, 0.6942314505577087, 2.7700581550598145
v,0.13631555438041687, 0.6957331895828247, 2.7702183723449707
v,0.16329987347126007, 0.6742346882820129, 2.770052671432495
v,0.1511238068342209, 0.686410665512085, 2.770052671432495
v,0.15207773447036743, 0.6876677870750427, 2.770138740539551
v,0.17111727595329285, 0.658892035484314, 2.770052671432495
v,0.16329987347126007, 0.6742346882820129, 2.770052671432495
v,0.16457915306091309, 0.6751084327697754, 2.7701056003570557
v,0.17399704456329346, 0.6240056753158569, 2.770838499069214
v,0.1726088523864746, 0.6244148015975952, 2.7700910568237305
v,0.17500554025173187, 0.6418848037719727, 2.7700536251068115
v,0.11889543384313583, 0.699809193611145, 2.770838499069214
v,0.13677717745304108, 0.6969984769821167, 2.770838499069214
v,0.13631555438041687, 0.6957331895828247, 2.7702183723449707
v,0.06109832972288132, 0.6418911814689636, 2.770838499069214
v,0.06380155682563782, 0.6597551107406616, 2.770838499069214
v,0.06491249799728394, 0.6593884229660034, 2.77020001411438
v,0.1527862250804901, 0.5951940417289734, 2.770838499069214
v,0.1521795690059662, 0.5959534645080566, 2.770266532897949
v,0.1647101640701294, 0.6085795760154724, 2.7701823711395264
v,0.1527869999408722, 0.68854159116745, 2.770838499069214
v,0.16581344604492188, 0.6759422421455383, 2.770838499069214
v,0.16457915306091309, 0.6751084327697754, 2.7701056003570557
v,0.10106353461742401, 0.5867960453033447, 2.770838499069214
v,0.10136058181524277, 0.5880224704742432, 2.770146369934082
v,0.11883849650621414, 0.5853602886199951, 2.770073890686035
v,0.0720771923661232, 0.6758759617805481, 2.770838499069214
v,0.08481462299823761, 0.6888266801834106, 2.770838499069214
v,0.08554553985595703, 0.6877312064170837, 2.7701187133789062
v,0.07216900587081909, 0.6079666614532471, 2.770838499069214
v,0.07291170209646225, 0.6085301041603088, 2.770275592803955
v,0.08551875501871109, 0.59599369764328, 2.7702152729034424
v,0.11889950186014175, 0.5844072699546814, 2.770838499069214
v,0.11883849650621414, 0.5853602886199951, 2.770073890686035
v,0.13629087805747986, 0.5880661010742188, 2.7701339721679688
v,0.1738029569387436, 0.6597007513046265, 2.770838499069214
v,0.17672058939933777, 0.6418848037719727, 2.770838499069214
v,0.17500554025173187, 0.6418848037719727, 2.7700536251068115
v,0.1010681763291359, 0.6967833638191223, 2.770838499069214
v,0.11889543384313583, 0.699809193611145, 2.770838499069214
v,0.11883366107940674, 0.698503851890564, 2.770211696624756
v,0.06109832972288132, 0.6418911814689636, 2.770838499069214
v,0.06237456202507019, 0.641889214515686, 2.7700657844543457
v,0.06494548916816711, 0.6243828535079956, 2.770216703414917
v,0.16560475528240204, 0.6079689264297485, 2.770838499069214
v,0.1647101640701294, 0.6085795760154724, 2.7701823711395264
v,0.1726088523864746, 0.6244148015975952, 2.7700910568237305
v,0.13677717745304108, 0.6969984769821167, 2.770838499069214
v,0.1527869999408722, 0.68854159116745, 2.770838499069214
v,0.15207773447036743, 0.6876677870750427, 2.770138740539551
v,0.06380155682563782, 0.6597551107406616, 2.770838499069214
v,0.0720771923661232, 0.6758759617805481, 2.770838499069214
v,0.0729624480009079, 0.6752028465270996, 2.770237684249878
v,0.08497362583875656, 0.5951514840126038, 2.770838499069214
v,0.08551875501871109, 0.59599369764328, 2.7702152729034424
v,0.10136058181524277, 0.5880224704742432, 2.770146369934082
v,0.13672921061515808, 0.5868041515350342, 2.770838499069214
v,0.13629087805747986, 0.5880661010742188, 2.7701339721679688
v,0.1521795690059662, 0.5959534645080566, 2.770266532897949
v,0.16581344604492188, 0.6759422421455383, 2.770838499069214
v,0.1738029569387436, 0.6597007513046265, 2.770838499069214
v,0.17256243526935577, 0.6593276262283325, 2.770082950592041
v,0.08481462299823761, 0.6888266801834106, 2.770838499069214
v,0.1010681763291359, 0.6967833638191223, 2.770838499069214
v,0.10138271003961563, 0.6956514120101929, 2.770113229751587
v,0.0638495609164238, 0.624036431312561, 2.770838499069214
v,0.06494548916816711, 0.6243828535079956, 2.770216703414917
v,0.07291170209646225, 0.6085301041603088, 2.770275592803955
v,0.17381100356578827, 0.6418845653533936, 2.770052671432495
v,0.17111727595329285, 0.658892035484314, 2.770052671432495
v,0.17256243526935577, 0.6593276262283325, 2.770082950592041
v,0.11877373605966568, 0.5926440358161926, 2.770052671432495
v,0.11877373605966568, 0.5868473052978516, 2.770052671432495
v,0.10176628082990646, 0.5895410180091858, 2.770052671432495
v,0.08983087539672852, 0.6020481586456299, 2.770052671432495
v,0.1035575121641159, 0.595054030418396, 2.770052671432495
v,0.10176628082990646, 0.5895410180091858, 2.770052671432495
v,0.08983087539672852, 0.6020481586456299, 2.770052671432495
v,0.08642329275608063, 0.5973579287528992, 2.770052909851074
v,0.07424743473529816, 0.6095342636108398, 2.770052909851074
v,0.07194319367408752, 0.626668393611908, 2.770052671432495
v,0.07893729954957962, 0.6129416823387146, 2.770052671432495
v,0.07424743473529816, 0.6095342636108398, 2.770052909851074
v,0.07194319367408752, 0.626668393611908, 2.770052671432495
v,0.0664292722940445, 0.6248767375946045, 2.7700533866882324
v,0.0637364313006401, 0.6418845653533936, 2.770052671432495
v,0.07194317877292633, 0.6571006774902344, 2.770052671432495
v,0.06953318417072296, 0.6418845653533936, 2.770052671432495
v,0.0637364313006401, 0.6418845653533936, 2.770052671432495
v,0.07893728464841843, 0.6708273887634277, 2.770052671432495
v,0.07194317877292633, 0.6571006774902344, 2.770052671432495
v,0.0664299726486206, 0.6588920950889587, 2.7700531482696533
v,0.07893728464841843, 0.6708273887634277, 2.770052671432495
v,0.07424601167440414, 0.6742358207702637, 2.770054817199707
v,0.0864236056804657, 0.686410665512085, 2.770052671432495
v,0.08983084559440613, 0.6817209720611572, 2.770052671432495
v,0.0864236056804657, 0.686410665512085, 2.770052671432495
v,0.10176625102758408, 0.6942280530929565, 2.770052671432495
v,0.11877370625734329, 0.6911250948905945, 2.770052671432495
v,0.1035575419664383, 0.6887151002883911, 2.770052671432495
v,0.10176625102758408, 0.6942280530929565, 2.770052671432495
v,0.13398990035057068, 0.6887151002883911, 2.770052671432495
v,0.11877370625734329, 0.6911250948905945, 2.770052671432495
v,0.11877365410327911, 0.6969241499900818, 2.7700581550598145
v,0.13398990035057068, 0.6887151002883911, 2.770052671432495
v,0.1357821524143219, 0.6942314505577087, 2.7700581550598145
v,0.1511238068342209, 0.686410665512085, 2.770052671432495
v,0.15861013531684875, 0.6708274483680725, 2.770052671432495
v,0.14771656692028046, 0.6817209720611572, 2.770052671432495
v,0.1511238068342209, 0.686410665512085, 2.770052671432495
v,0.15861013531684875, 0.6708274483680725, 2.770052671432495
v,0.16329987347126007, 0.6742346882820129, 2.770052671432495
v,0.17111727595329285, 0.658892035484314, 2.770052671432495
v,0.168014258146286, 0.6418845653533936, 2.770052671432495
v,0.16560424864292145, 0.6571007370948792, 2.770052671432495
v,0.17111727595329285, 0.658892035484314, 2.770052671432495
v,0.16560426354408264, 0.626668393611908, 2.770052671432495
v,0.168014258146286, 0.6418845653533936, 2.770052671432495
v,0.17381100356578827, 0.6418845653533936, 2.770052671432495
v,0.16560426354408264, 0.626668393611908, 2.770052671432495
v,0.17111729085445404, 0.6248770952224731, 2.770052671432495
v,0.16329985857009888, 0.609534502029419, 2.770052671432495
v,0.15861015021800995, 0.6129417419433594, 2.770052671432495
v,0.16329985857009888, 0.609534502029419, 2.770052671432495
v,0.15112389624118805, 0.5973584651947021, 2.770052671432495
v,0.14771659672260284, 0.6020481586456299, 2.770052671432495
v,0.15112389624118805, 0.5973584651947021, 2.770052671432495
v,0.1357811689376831, 0.589540958404541, 2.770052671432495
v,0.11877373605966568, 0.5926440358161926, 2.770052671432495
v,0.13398990035057068, 0.595054030418396, 2.770052671432495
v,0.1357811689376831, 0.589540958404541, 2.770052671432495
n,-0.03522007167339325, -0.2259470373392105, 0.08698199689388275
n,-0.03522007167339325, -0.2259470373392105, 0.08698199689388275
n,-0.03522007167339325, -0.2259470373392105, 0.08698199689388275
n,-0.10253304988145828, -0.20419874787330627, 0.08745419979095459
n,-0.10253304988145828, -0.20419874787330627, 0.08745419979095459
n,-0.10253304988145828, -0.20419874787330627, 0.08745419979095459
n,-0.16049346327781677, -0.1624077707529068, 0.08788597583770752
n,-0.16049346327781677, -0.1624077707529068, 0.08788597583770752
n,-0.16049346327781677, -0.1624077707529068, 0.08788597583770752
n,-0.20302362740039825, -0.10465709120035172, 0.08767372369766235
n,-0.20302362740039825, -0.10465709120035172, 0.08767372369766235
n,-0.20302362740039825, -0.10465709120035172, 0.08767372369766235
n,-0.22536161541938782, -0.036900561302900314, 0.08780021965503693
n,-0.22536161541938782, -0.036900561302900314, 0.08780021965503693
n,-0.22536161541938782, -0.036900561302900314, 0.08780021965503693
n,-0.22574767470359802, 0.034443218261003494, 0.08780673891305923
n,-0.22574767470359802, 0.034443218261003494, 0.08780673891305923
n,-0.22574767470359802, 0.034443218261003494, 0.08780673891305923
n,-0.20438283681869507, 0.1020141988992691, 0.0876307263970375
n,-0.20438283681869507, 0.1020141988992691, 0.0876307263970375
n,-0.20438283681869507, 0.1020141988992691, 0.0876307263970375
n,-0.16292984783649445, 0.16023677587509155, 0.0873865932226181
n,-0.16292984783649445, 0.16023677587509155, 0.0873865932226181
n,-0.16292984783649445, 0.16023677587509155, 0.0873865932226181
n,-0.10530414432287216, 0.20284423232078552, 0.0873134508728981
n,-0.10530414432287216, 0.20284423232078552, 0.0873134508728981
n,-0.10530414432287216, 0.20284423232078552, 0.0873134508728981
n,-0.03653135523200035, 0.22557416558265686, 0.08740793168544769
n,-0.03653135523200035, 0.22557416558265686, 0.08740793168544769
n,-0.03653135523200035, 0.22557416558265686, 0.08740793168544769
n,0.03596849367022514, 0.22596697509288788, 0.08662319928407669
n,0.03596849367022514, 0.22596697509288788, 0.08662319928407669
n,0.03596849367022514, 0.22596697509288788, 0.08662319928407669
n,0.10469458997249603, 0.20365194976329803, 0.08615860342979431
n,0.10469458997249603, 0.20365194976329803, 0.08615860342979431
n,0.10469458997249603, 0.20365194976329803, 0.08615860342979431
n,0.16304227709770203, 0.16096968948841095, 0.08581586182117462
n,0.16304227709770203, 0.16096968948841095, 0.08581586182117462
n,0.16304227709770203, 0.16096968948841095, 0.08581586182117462
n,0.2050303816795349, 0.10240232199430466, 0.08564279973506927
n,0.2050303816795349, 0.10240232199430466, 0.08564279973506927
n,0.2050303816795349, 0.10240232199430466, 0.08564279973506927
n,0.2266961932182312, 0.03431865572929382, 0.08537828177213669
n,0.2266961932182312, 0.03431865572929382, 0.08537828177213669
n,0.2266961932182312, 0.03431865572929382, 0.08537828177213669
n,0.22607669234275818, -0.03783561661839485, 0.08553469181060791
n,0.22607669234275818, -0.03783561661839485, 0.08553469181060791
n,0.22607669234275818, -0.03783561661839485, 0.08553469181060791
n,0.20323102176189423, -0.10579323023557663, 0.08580987900495529
n,0.20323102176189423, -0.10579323023557663, 0.08580987900495529
n,0.20323102176189423, -0.10579323023557663, 0.08580987900495529
n,0.1607818454504013, -0.16312630474567413, 0.08600813150405884
n,0.1607818454504013, -0.16312630474567413, 0.08600813150405884
n,0.1607818454504013, -0.16312630474567413, 0.08600813150405884
n,-0.16728505492210388, -0.16919341683387756, 0.05698848515748978
n,-0.16728505492210388, -0.16919341683387756, 0.05698848515748978
n,-0.16728505492210388, -0.16919341683387756, 0.05698848515748978
n,0.10278322547674179, -0.20453909039497375, 0.08635832369327545
n,0.10278322547674179, -0.20453909039497375, 0.08635832369327545
n,0.10278322547674179, -0.20453909039497375, 0.08635832369327545
n,0.03547858074307442, -0.2260293960571289, 0.0866624116897583
n,0.03547858074307442, -0.2260293960571289, 0.0866624116897583
n,0.03547858074307442, -0.2260293960571289, 0.0866624116897583
n,0.005893574561923742, -0.001331694656983018, -0.24458511173725128
n,0.005893574561923742, -0.001331694656983018, -0.24458511173725128
n,0.005893574561923742, -0.001331694656983018, -0.24458511173725128
n,0.03585825115442276, -0.21813298761844635, 0.10483596473932266
n,0.03585825115442276, -0.21813298761844635, 0.10483596473932266
n,0.03585825115442276, -0.21813298761844635, 0.10483596473932266
n,0.10010653734207153, -0.19539551436901093, 0.10797066986560822
n,0.10010653734207153, -0.19539551436901093, 0.10797066986560822
n,0.10010653734207153, -0.19539551436901093, 0.10797066986560822
n,0.15555837750434875, -0.15494544804096222, 0.10794388502836227
n,0.15555837750434875, -0.15494544804096222, 0.10794388502836227
n,0.15555837750434875, -0.15494544804096222, 0.10794388502836227
n,0.1969245970249176, -0.10067257285118103, 0.10461419075727463
n,0.1969245970249176, -0.10067257285118103, 0.10461419075727463
n,0.1969245970249176, -0.10067257285118103, 0.10461419075727463
n,0.22091658413410187, -0.037774909287691116, 0.09811881184577942
n,0.22091658413410187, -0.037774909287691116, 0.09811881184577942
n,0.22091658413410187, -0.037774909287691116, 0.09811881184577942
n,0.2172151654958725, 0.03163254261016846, 0.10805248469114304
n,0.2172151654958725, 0.03163254261016846, 0.10805248469114304
n,0.2172151654958725, 0.03163254261016846, 0.10805248469114304
n,0.19354379177093506, 0.09996297210454941, 0.11138490587472916
n,0.19354379177093506, 0.09996297210454941, 0.11138490587472916
n,0.19354379177093506, 0.09996297210454941, 0.11138490587472916
n,0.15430691838264465, 0.1536581963300705, 0.1115209311246872
n,0.15430691838264465, 0.1536581963300705, 0.1115209311246872
n,0.15430691838264465, 0.1536581963300705, 0.1115209311246872
n,0.10096309334039688, 0.19297248125076294, 0.11147402226924896
n,0.10096309334039688, 0.19297248125076294, 0.11147402226924896
n,0.10096309334039688, 0.19297248125076294, 0.11147402226924896
n,0.03415598347783089, 0.21661525964736938, 0.10848771780729294
n,0.03415598347783089, 0.21661525964736938, 0.10848771780729294
n,0.03415598347783089, 0.21661525964736938, 0.10848771780729294
n,-0.03465167060494423, 0.21859070658683777, 0.10428684949874878
n,-0.03465167060494423, 0.21859070658683777, 0.10428684949874878
n,-0.03465167060494423, 0.21859070658683777, 0.10428684949874878
n,-0.1000872403383255, 0.19280046224594116, 0.11255626380443573
n,-0.1000872403383255, 0.19280046224594116, 0.11255626380443573
n,-0.1000872403383255, 0.19280046224594116, 0.11255626380443573
n,-0.15438131988048553, 0.15284182131290436, 0.11253518611192703
n,-0.15438131988048553, 0.15284182131290436, 0.11253518611192703
n,-0.15438131988048553, 0.15284182131290436, 0.11253518611192703
n,-0.19400428235530853, 0.0989031046628952, 0.11152978241443634
n,-0.19400428235530853, 0.0989031046628952, 0.11152978241443634
n,-0.19400428235530853, 0.0989031046628952, 0.11152978241443634
n,-0.2169414460659027, 0.0363466702401638, 0.10711546987295151
n,-0.2169414460659027, 0.0363466702401638, 0.10711546987295151
n,-0.2169414460659027, 0.0363466702401638, 0.10711546987295151
n,-0.21704919636249542, -0.036754850298166275, 0.1067572757601738
n,-0.21704919636249542, -0.036754850298166275, 0.1067572757601738
n,-0.21704919636249542, -0.036754850298166275, 0.1067572757601738
n,-0.19298110902309418, -0.10106600075960159, 0.11136578768491745
n,-0.19298110902309418, -0.10106600075960159, 0.11136578768491745
n,-0.19298110902309418, -0.10106600075960159, 0.11136578768491745
n,-0.15243355929851532, -0.15461242198944092, 0.11277145147323608
n,-0.15243355929851532, -0.15461242198944092, 0.11277145147323608
n,-0.15243355929851532, -0.15461242198944092, 0.11277145147323608
n,-0.1008729338645935, -0.19635829329490662, 0.10548201203346252
n,-0.1008729338645935, -0.19635829329490662, 0.10548201203346252
n,-0.1008729338645935, -0.19635829329490662, 0.10548201203346252
n,-0.03598443418741226, -0.21808363497257233, 0.10489536076784134
n,-0.03598443418741226, -0.21808363497257233, 0.10489536076784134
n,-0.03598443418741226, -0.21808363497257233, 0.10489536076784134
n,-0.03749272972345352, -0.22989413142204285, 0.07484228163957596
n,-0.03749272972345352, -0.22989413142204285, 0.07484228163957596
n,-0.03749272972345352, -0.22989413142204285, 0.07484228163957596
n,-0.10657015442848206, -0.20719857513904572, 0.07463204115629196
n,-0.10657015442848206, -0.20719857513904572, 0.07463204115629196
n,-0.10657015442848206, -0.20719857513904572, 0.07463204115629196
n,-0.16295699775218964, -0.16583020985126495, 0.07618235796689987
n,-0.16295699775218964, -0.16583020985126495, 0.07618235796689987
n,-0.16295699775218964, -0.16583020985126495, 0.07618235796689987
n,-0.2064734399318695, -0.1067405492067337, 0.07637782394886017
n,-0.2064734399318695, -0.1067405492067337, 0.07637782394886017
n,-0.2064734399318695, -0.1067405492067337, 0.07637782394886017
n,-0.23079849779605865, -0.03708849847316742, 0.07221411913633347
n,-0.23079849779605865, -0.03708849847316742, 0.07221411913633347
n,-0.23079849779605865, -0.03708849847316742, 0.07221411913633347
n,-0.23354214429855347, 0.03977174311876297, 0.061111871153116226
n,-0.23354214429855347, 0.03977174311876297, 0.061111871153116226
n,-0.23354214429855347, 0.03977174311876297, 0.061111871153116226
n,-0.21044209599494934, 0.10620056092739105, 0.06552824378013611
n,-0.21044209599494934, 0.10620056092739105, 0.06552824378013611
n,-0.21044209599494934, 0.10620056092739105, 0.06552824378013611
n,-0.16721051931381226, 0.1639779955148697, 0.07078307867050171
n,-0.16721051931381226, 0.1639779955148697, 0.07078307867050171
n,-0.16721051931381226, 0.1639779955148697, 0.07078307867050171
n,-0.107350654900074, 0.20811375975608826, 0.07087231427431107
n,-0.107350654900074, 0.20811375975608826, 0.07087231427431107
n,-0.107350654900074, 0.20811375975608826, 0.07087231427431107
n,-0.035188741981983185, 0.23213136196136475, 0.06881262362003326
n,-0.035188741981983185, 0.23213136196136475, 0.06881262362003326
n,-0.035188741981983185, 0.23213136196136475, 0.06881262362003326
n,0.035620059818029404, 0.2325824350118637, 0.06704484671354294
n,0.035620059818029404, 0.2325824350118637, 0.06704484671354294
n,0.035620059818029404, 0.2325824350118637, 0.06704484671354294
n,0.10662926733493805, 0.20761433243751526, 0.07338172942399979
n,0.10662926733493805, 0.20761433243751526, 0.07338172942399979
n,0.10662926733493805, 0.20761433243751526, 0.07338172942399979
n,0.16472068428993225, 0.16463135182857513, 0.0749800056219101
n,0.16472068428993225, 0.16463135182857513, 0.0749800056219101
n,0.16472068428993225, 0.16463135182857513, 0.0749800056219101
n,0.20719267427921295, 0.10635842382907867, 0.07494977861642838
n,0.20719267427921295, 0.10635842382907867, 0.07494977861642838
n,0.20719267427921295, 0.10635842382907867, 0.07494977861642838
n,0.23112104833126068, 0.03385724872350693, 0.0727677047252655
n,0.23112104833126068, 0.03385724872350693, 0.0727677047252655
n,0.23112104833126068, 0.03385724872350693, 0.0727677047252655
n,0.23093333840370178, -0.03989031910896301, 0.0702633187174797
n,0.23093333840370178, -0.03989031910896301, 0.0702633187174797
n,0.23093333840370178, -0.03989031910896301, 0.0702633187174797
n,0.2081654965877533, -0.10554692894220352, 0.07338503003120422
n,0.2081654965877533, -0.10554692894220352, 0.07338503003120422
n,0.2081654965877533, -0.10554692894220352, 0.07338503003120422
n,0.16521316766738892, -0.16382074356079102, 0.07566870003938675
n,0.16521316766738892, -0.16382074356079102, 0.07566870003938675
n,0.16521316766738892, -0.16382074356079102, 0.07566870003938675
n,0.10591807961463928, -0.2077096402645111, 0.07413804531097412
n,0.10591807961463928, -0.2077096402645111, 0.07413804531097412
n,0.10591807961463928, -0.2077096402645111, 0.07413804531097412
n,0.03755355253815651, -0.2303592413663864, 0.07336711883544922
n,0.03755355253815651, -0.2303592413663864, 0.07336711883544922
n,0.03755355253815651, -0.2303592413663864, 0.07336711883544922
n,0.03898956999182701, -0.24099251627922058, 0.01614946499466896
n,0.03898956999182701, -0.24099251627922058, 0.01614946499466896
n,0.03898956999182701, -0.24099251627922058, 0.01614946499466896
n,0.11156754940748215, -0.21708302199840546, 0.016912801191210747
n,0.11156754940748215, -0.21708302199840546, 0.016912801191210747
n,0.11156754940748215, -0.21708302199840546, 0.016912801191210747
n,0.17297016084194183, -0.17229507863521576, 0.015940958634018898
n,0.17297016084194183, -0.17229507863521576, 0.015940958634018898
n,0.17297016084194183, -0.17229507863521576, 0.015940958634018898
n,0.21742665767669678, -0.11079085618257523, 0.01759045012295246
n,0.21742665767669678, -0.11079085618257523, 0.01759045012295246
n,0.21742665767669678, -0.11079085618257523, 0.01759045012295246
n,0.24063563346862793, -0.0410505086183548, 0.016362756490707397
n,0.24063563346862793, -0.0410505086183548, 0.016362756490707397
n,0.24063563346862793, -0.0410505086183548, 0.016362756490707397
n,0.24142111837863922, 0.03607483580708504, 0.01651780679821968
n,0.24142111837863922, 0.03607483580708504, 0.01651780679821968
n,0.24142111837863922, 0.03607483580708504, 0.01651780679821968
n,0.21719200909137726, 0.11172257363796234, 0.014285924844443798
n,0.21719200909137726, 0.11172257363796234, 0.014285924844443798
n,0.21719200909137726, 0.11172257363796234, 0.014285924844443798
n,0.1727757602930069, 0.17270682752132416, 0.013389643281698227
n,0.1727757602930069, 0.17270682752132416, 0.013389643281698227
n,0.1727757602930069, 0.17270682752132416, 0.013389643281698227
n,0.11028176546096802, 0.21797838807106018, 0.013481149449944496
n,0.11028176546096802, 0.21797838807106018, 0.013481149449944496
n,0.11028176546096802, 0.21797838807106018, 0.013481149449944496
n,0.0367918387055397, 0.24174366891384125, 0.008046317845582962
n,0.0367918387055397, 0.24174366891384125, 0.008046317845582962
n,0.0367918387055397, 0.24174366891384125, 0.008046317845582962
n,-0.03552090376615524, 0.24180300533771515, 0.011312341317534447
n,-0.03552090376615524, 0.24180300533771515, 0.011312341317534447
n,-0.03552090376615524, 0.24180300533771515, 0.011312341317534447
n,-0.11148156970739365, 0.2174982875585556, 0.011168785393238068
n,-0.11148156970739365, 0.2174982875585556, 0.011168785393238068
n,-0.11148156970739365, 0.2174982875585556, 0.011168785393238068
n,-0.1745992749929428, 0.17087608575820923, 0.013222807087004185
n,-0.1745992749929428, 0.17087608575820923, 0.013222807087004185
n,-0.1745992749929428, 0.17087608575820923, 0.013222807087004185
n,-0.21808435022830963, 0.1102505549788475, 0.0119339469820261
n,-0.21808435022830963, 0.1102505549788475, 0.0119339469820261
n,-0.21808435022830963, 0.1102505549788475, 0.0119339469820261
n,-0.2409786581993103, 0.040451012551784515, 0.012303724884986877
n,-0.2409786581993103, 0.040451012551784515, 0.012303724884986877
n,-0.2409786581993103, 0.040451012551784515, 0.012303724884986877
n,-0.24133163690567017, -0.038622282445430756, 0.011213674210011959
n,-0.24133163690567017, -0.038622282445430756, 0.011213674210011959
n,-0.24133163690567017, -0.038622282445430756, 0.011213674210011959
n,-0.21730999648571014, -0.11158979684114456, 0.013507864437997341
n,-0.21730999648571014, -0.11158979684114456, 0.013507864437997341
n,-0.21730999648571014, -0.11158979684114456, 0.013507864437997341
n,-0.17166349291801453, -0.17361262440681458, 0.0157698392868042
n,-0.17166349291801453, -0.17361262440681458, 0.0157698392868042
n,-0.17166349291801453, -0.17361262440681458, 0.0157698392868042
n,-0.11173281073570251, -0.21704354882240295, 0.016317371279001236
n,-0.11173281073570251, -0.21704354882240295, 0.016317371279001236
n,-0.11173281073570251, -0.21704354882240295, 0.016317371279001236
n,-0.03915707767009735, -0.2409733533859253, 0.016029715538024902
n,-0.03915707767009735, -0.2409733533859253, 0.016029715538024902
n,-0.03915707767009735, -0.2409733533859253, 0.016029715538024902
n,-0.03205152601003647, -0.2393137812614441, -0.039496876299381256
n,-0.03205152601003647, -0.2393137812614441, -0.039496876299381256
n,-0.03205152601003647, -0.2393137812614441, -0.039496876299381256
n,-0.11122527718544006, -0.2141837775707245, -0.040157534182071686
n,-0.11122527718544006, -0.2141837775707245, -0.040157534182071686
n,-0.11122527718544006, -0.2141837775707245, -0.040157534182071686
n,-0.17040497064590454, -0.17026518285274506, -0.04278205707669258
n,-0.17040497064590454, -0.17026518285274506, -0.04278205707669258
n,-0.17040497064590454, -0.17026518285274506, -0.04278205707669258
n,-0.21359781920909882, -0.11058124899864197, -0.044790033251047134
n,-0.21359781920909882, -0.11058124899864197, -0.044790033251047134
n,-0.21359781920909882, -0.11058124899864197, -0.044790033251047134
n,-0.23702041804790497, -0.03652231767773628, -0.04843367636203766
n,-0.23702041804790497, -0.03652231767773628, -0.04843367636203766
n,-0.23702041804790497, -0.03652231767773628, -0.04843367636203766
n,-0.23911510407924652, 0.03618370369076729, -0.03705519810318947
n,-0.23911510407924652, 0.03618370369076729, -0.03705519810318947
n,-0.23911510407924652, 0.03618370369076729, -0.03705519810318947
n,-0.21509858965873718, 0.11042051762342453, -0.03739383444190025
n,-0.21509858965873718, 0.11042051762342453, -0.03739383444190025
n,-0.21509858965873718, 0.11042051762342453, -0.03739383444190025
n,-0.1718473881483078, 0.16901789605617523, -0.041950058192014694
n,-0.1718473881483078, 0.16901789605617523, -0.041950058192014694
n,-0.1718473881483078, 0.16901789605617523, -0.041950058192014694
n,-0.1058405190706253, 0.21620547771453857, -0.04371913522481918
n,-0.1058405190706253, 0.21620547771453857, -0.04371913522481918
n,-0.1058405190706253, 0.21620547771453857, -0.04371913522481918
n,-0.04036044329404831, 0.2377891093492508, -0.04105797037482262
n,-0.04036044329404831, 0.2377891093492508, -0.04105797037482262
n,-0.04036044329404831, 0.2377891093492508, -0.04105797037482262
n,0.03744906559586525, 0.2382493019104004, -0.04114874452352524
n,0.03744906559586525, 0.2382493019104004, -0.04114874452352524
n,0.03744906559586525, 0.2382493019104004, -0.04114874452352524
n,0.11235197633504868, 0.21269376575946808, -0.04468531534075737
n,0.11235197633504868, 0.21269376575946808, -0.04468531534075737
n,0.11235197633504868, 0.21269376575946808, -0.04468531534075737
n,0.16716398298740387, 0.17283129692077637, -0.0452098622918129
n,0.16716398298740387, 0.17283129692077637, -0.0452098622918129
n,0.16716398298740387, 0.17283129692077637, -0.0452098622918129
n,0.2157793492078781, 0.10614573210477829, -0.0450638085603714
n,0.2157793492078781, 0.10614573210477829, -0.0450638085603714
n,0.2157793492078781, 0.10614573210477829, -0.0450638085603714
n,0.23680871725082397, 0.038781143724918365, -0.047707777470350266
n,0.23680871725082397, 0.038781143724918365, -0.047707777470350266
n,0.23680871725082397, 0.038781143724918365, -0.047707777470350266
n,0.23933374881744385, -0.036457862704992294, -0.03533506393432617
n,0.23933374881744385, -0.036457862704992294, -0.03533506393432617
n,0.23933374881744385, -0.036457862704992294, -0.03533506393432617
n,0.214473158121109, -0.1122371107339859, -0.03553134575486183
n,0.214473158121109, -0.1122371107339859, -0.03553134575486183
n,0.214473158121109, -0.1122371107339859, -0.03553134575486183
n,0.16964735090732574, -0.1702272593975067, -0.045834921300411224
n,0.16964735090732574, -0.1702272593975067, -0.045834921300411224
n,0.16964735090732574, -0.1702272593975067, -0.045834921300411224
n,0.11170804500579834, -0.21379226446151733, -0.040897101163864136
n,0.11170804500579834, -0.21379226446151733, -0.040897101163864136
n,0.11170804500579834, -0.21379226446151733, -0.040897101163864136
n,0.03215256705880165, -0.2391720563173294, -0.040265630930662155
n,0.03215256705880165, -0.2391720563173294, -0.040265630930662155
n,0.03215256705880165, -0.2391720563173294, -0.040265630930662155
n,0.0381978340446949, -0.2308395504951477, -0.07150115072727203
n,0.0381978340446949, -0.2308395504951477, -0.07150115072727203
n,0.0381978340446949, -0.2308395504951477, -0.07150115072727203
n,0.10720261186361313, -0.20728744566440582, -0.07347042113542557
n,0.10720261186361313, -0.20728744566440582, -0.07347042113542557
n,0.10720261186361313, -0.20728744566440582, -0.07347042113542557
n,0.16472654044628143, -0.1652952879667282, -0.0734916552901268
n,0.16472654044628143, -0.1652952879667282, -0.0734916552901268
n,0.16472654044628143, -0.1652952879667282, -0.0734916552901268
n,0.20700766146183014, -0.10788072645664215, -0.07326637953519821
n,0.20700766146183014, -0.10788072645664215, -0.07326637953519821
n,0.20700766146183014, -0.10788072645664215, -0.07326637953519821
n,0.2303938865661621, -0.03928433358669281, -0.07234494388103485
n,0.2303938865661621, -0.03928433358669281, -0.07234494388103485
n,0.2303938865661621, -0.03928433358669281, -0.07234494388103485
n,0.23127342760562897, 0.036129727959632874, -0.07117324322462082
n,0.23127342760562897, 0.036129727959632874, -0.07117324322462082
n,0.23127342760562897, 0.036129727959632874, -0.07117324322462082
n,0.20731209218502045, 0.10777035355567932, -0.07256471365690231
n,0.20731209218502045, 0.10777035355567932, -0.07256471365690231
n,0.20731209218502045, 0.10777035355567932, -0.07256471365690231
n,0.1647631824016571, 0.16368712484836578, -0.07692859321832657
n,0.1647631824016571, 0.16368712484836578, -0.07692859321832657
n,0.1647631824016571, 0.16368712484836578, -0.07692859321832657
n,0.10809284448623657, 0.20545093715190887, -0.07722847163677216
n,0.10809284448623657, 0.20545093715190887, -0.07722847163677216
n,0.10809284448623657, 0.20545093715190887, -0.07722847163677216
n,0.03900627791881561, 0.22868172824382782, -0.0777275413274765
n,0.03900627791881561, 0.22868172824382782, -0.0777275413274765
n,0.03900627791881561, 0.22868172824382782, -0.0777275413274765
n,-0.03816484287381172, 0.22886070609092712, -0.07761837542057037
n,-0.03816484287381172, 0.22886070609092712, -0.07761837542057037
n,-0.03816484287381172, 0.22886070609092712, -0.07761837542057037
n,-0.10828804224729538, 0.20501036942005157, -0.0781206488609314
n,-0.10828804224729538, 0.20501036942005157, -0.0781206488609314
n,-0.10828804224729538, 0.20501036942005157, -0.0781206488609314
n,-0.16504289209842682, 0.16370204091072083, -0.07629459351301193
n,-0.16504289209842682, 0.16370204091072083, -0.07629459351301193
n,-0.16504289209842682, 0.16370204091072083, -0.07629459351301193
n,-0.20624950528144836, 0.10652057826519012, -0.07728452980518341
n,-0.20624950528144836, 0.10652057826519012, -0.07728452980518341
n,-0.20624950528144836, 0.10652057826519012, -0.07728452980518341
n,-0.22971859574317932, 0.03812124580144882, -0.07506348192691803
n,-0.22971859574317932, 0.03812124580144882, -0.07506348192691803
n,-0.22971859574317932, 0.03812124580144882, -0.07506348192691803
n,-0.22928276658058167, -0.04021738842129707, -0.07530177384614944
n,-0.22928276658058167, -0.04021738842129707, -0.07530177384614944
n,-0.22928276658058167, -0.04021738842129707, -0.07530177384614944
n,-0.20623727142810822, -0.10856551676988602, -0.07441843301057816
n,-0.20623727142810822, -0.10856551676988602, -0.07441843301057816
n,-0.20623727142810822, -0.10856551676988602, -0.07441843301057816
n,-0.164572075009346, -0.16550256311893463, -0.07337109744548798
n,-0.164572075009346, -0.16550256311893463, -0.07337109744548798
n,-0.164572075009346, -0.16550256311893463, -0.07337109744548798
n,-0.10770676285028458, -0.2076696753501892, -0.07163063436746597
n,-0.10770676285028458, -0.2076696753501892, -0.07163063436746597
n,-0.10770676285028458, -0.2076696753501892, -0.07163063436746597
n,-0.03847052901983261, -0.2307875007390976, -0.07152296602725983
n,-0.03847052901983261, -0.2307875007390976, -0.07152296602725983
n,-0.03847052901983261, -0.2307875007390976, -0.07152296602725983
n,0.03834914788603783, -0.240027517080307, -0.027830177918076515
n,0.03834914788603783, -0.240027517080307, -0.027830177918076515
n,0.03834914788603783, -0.240027517080307, -0.027830177918076515
n,0.11193881928920746, -0.21547868847846985, -0.02995036542415619
n,0.11193881928920746, -0.21547868847846985, -0.02995036542415619
n,0.11193881928920746, -0.21547868847846985, -0.02995036542415619
n,0.17160794138908386, -0.17199589312076569, -0.028749195858836174
n,0.17160794138908386, -0.17199589312076569, -0.028749195858836174
n,0.17160794138908386, -0.17199589312076569, -0.028749195858836174
n,0.21575915813446045, -0.11189775913953781, -0.028022615239024162
n,0.21575915813446045, -0.11189775913953781, -0.028022615239024162
n,0.21575915813446045, -0.11189775913953781, -0.028022615239024162
n,0.23968303203582764, -0.04026651754975319, -0.02808988466858864
n,0.23968303203582764, -0.04026651754975319, -0.02808988466858864
n,0.23968303203582764, -0.04026651754975319, -0.02808988466858864
n,0.24012114107608795, 0.037143249064683914, -0.02864617109298706
n,0.24012114107608795, 0.037143249064683914, -0.02864617109298706
n,0.24012114107608795, 0.037143249064683914, -0.02864617109298706
n,0.2163253128528595, 0.11050626635551453, -0.029156601056456566
n,0.2163253128528595, 0.11050626635551453, -0.029156601056456566
n,0.2163253128528595, 0.11050626635551453, -0.029156601056456566
n,0.17241790890693665, 0.17076008021831512, -0.0311681367456913
n,0.17241790890693665, 0.17076008021831512, -0.0311681367456913
n,0.17241790890693665, 0.17076008021831512, -0.0311681367456913
n,0.11261315643787384, 0.2149537354707718, -0.03116973303258419
n,0.11261315643787384, 0.2149537354707718, -0.03116973303258419
n,0.11261315643787384, 0.2149537354707718, -0.03116973303258419
n,0.04067973420023918, 0.2384454309940338, -0.036705855280160904
n,0.04067973420023918, 0.2384454309940338, -0.036705855280160904
n,0.04067973420023918, 0.2384454309940338, -0.036705855280160904
n,-0.039611171931028366, 0.23885837197303772, -0.03515705093741417
n,-0.039611171931028366, 0.23885837197303772, -0.03515705093741417
n,-0.039611171931028366, 0.23885837197303772, -0.03515705093741417
n,-0.11267191916704178, 0.2143281102180481, -0.035026926547288895
n,-0.11267191916704178, 0.2143281102180481, -0.035026926547288895
n,-0.11267191916704178, 0.2143281102180481, -0.035026926547288895
n,-0.1729668378829956, 0.17025624215602875, -0.03088170289993286
n,-0.1729668378829956, 0.17025624215602875, -0.03088170289993286
n,-0.1729668378829956, 0.17025624215602875, -0.03088170289993286
n,-0.21547600626945496, 0.11170084774494171, -0.03084462694823742
n,-0.21547600626945496, 0.11170084774494171, -0.03084462694823742
n,-0.21547600626945496, 0.11170084774494171, -0.03084462694823742
n,-0.23954609036445618, 0.038855914026498795, -0.031085072085261345
n,-0.23954609036445618, 0.038855914026498795, -0.031085072085261345
n,-0.23954609036445618, 0.038855914026498795, -0.031085072085261345
n,-0.2393922060728073, -0.04158611223101616, -0.0286418367177248
n,-0.2393922060728073, -0.04158611223101616, -0.0286418367177248
n,-0.2393922060728073, -0.04158611223101616, -0.0286418367177248
n,-0.21505309641361237, -0.1134020984172821, -0.027395518496632576
n,-0.21505309641361237, -0.1134020984172821, -0.027395518496632576
n,-0.21505309641361237, -0.1134020984172821, -0.027395518496632576
n,-0.1713285595178604, -0.17277184128761292, -0.025589168071746826
n,-0.1713285595178604, -0.17277184128761292, -0.025589168071746826
n,-0.1713285595178604, -0.17277184128761292, -0.025589168071746826
n,-0.11136283725500107, -0.21633867919445038, -0.02557889185845852
n,-0.11136283725500107, -0.21633867919445038, -0.02557889185845852
n,-0.11136283725500107, -0.21633867919445038, -0.02557889185845852
n,-0.039822641760110855, -0.23988838493824005, -0.026946309953927994
n,-0.039822641760110855, -0.23988838493824005, -0.026946309953927994
n,-0.039822641760110855, -0.23988838493824005, -0.026946309953927994
n,0.03759799525141716, -0.23756374418735504, 0.04481343552470207
n,0.03759799525141716, -0.23756374418735504, 0.04481343552470207
n,0.03759799525141716, -0.23756374418735504, 0.04481343552470207
n,0.11095324903726578, -0.2134053260087967, 0.0447876863181591
n,0.11095324903726578, -0.2134053260087967, 0.0447876863181591
n,0.11095324903726578, -0.2134053260087967, 0.0447876863181591
n,0.17001496255397797, -0.17025220394134521, 0.044356346130371094
n,0.17001496255397797, -0.17025220394134521, 0.044356346130371094
n,0.17001496255397797, -0.17025220394134521, 0.044356346130371094
n,0.21357783675193787, -0.1106014996767044, 0.04483531787991524
n,0.21357783675193787, -0.1106014996767044, 0.04483531787991524
n,0.21357783675193787, -0.1106014996767044, 0.04483531787991524
n,0.23709818720817566, -0.03992606699466705, 0.04526302218437195
n,0.23709818720817566, -0.03992606699466705, 0.04526302218437195
n,0.23709818720817566, -0.03992606699466705, 0.04526302218437195
n,0.2373536080121994, 0.03665785863995552, 0.04666752740740776
n,0.2373536080121994, 0.03665785863995552, 0.04666752740740776
n,0.2373536080121994, 0.03665785863995552, 0.04666752740740776
n,0.21403825283050537, 0.10894754528999329, 0.04665233567357063
n,0.21403825283050537, 0.10894754528999329, 0.04665233567357063
n,0.21403825283050537, 0.10894754528999329, 0.04665233567357063
n,0.17063318192958832, 0.16903862357139587, 0.046568773686885834
n,0.17063318192958832, 0.16903862357139587, 0.046568773686885834
n,0.17063318192958832, 0.16903862357139587, 0.046568773686885834
n,0.11192701756954193, 0.21250993013381958, 0.04658602923154831
n,0.11192701756954193, 0.21250993013381958, 0.04658602923154831
n,0.11192701756954193, 0.21250993013381958, 0.04658602923154831
n,0.040722329169511795, 0.2365192472934723, 0.047525979578495026
n,0.040722329169511795, 0.2365192472934723, 0.047525979578495026
n,0.040722329169511795, 0.2365192472934723, 0.047525979578495026
n,-0.03956906124949455, 0.23669862747192383, 0.04760706052184105
n,-0.03956906124949455, 0.23669862747192383, 0.04760706052184105
n,-0.03956906124949455, 0.23669862747192383, 0.04760706052184105
n,-0.112128347158432, 0.21273159980773926, 0.045065298676490784
n,-0.112128347158432, 0.21273159980773926, 0.045065298676490784
n,-0.112128347158432, 0.21273159980773926, 0.045065298676490784
n,-0.17167478799819946, 0.16852062940597534, 0.044575147330760956
n,-0.17167478799819946, 0.16852062940597534, 0.044575147330760956
n,-0.17167478799819946, 0.16852062940597534, 0.044575147330760956
n,-0.21330910921096802, 0.11060742288827896, 0.04608273506164551
n,-0.21330910921096802, 0.11060742288827896, 0.04608273506164551
n,-0.21330910921096802, 0.11060742288827896, 0.04608273506164551
n,-0.23716238141059875, 0.03847016394138336, 0.04617832601070404
n,-0.23716238141059875, 0.03847016394138336, 0.04617832601070404
n,-0.23716238141059875, 0.03847016394138336, 0.04617832601070404
n,-0.23666900396347046, -0.04148202762007713, 0.04610215499997139
n,-0.23666900396347046, -0.04148202762007713, 0.04610215499997139
n,-0.23666900396347046, -0.04148202762007713, 0.04610215499997139
n,-0.2126048356294632, -0.11231851577758789, 0.04518978297710419
n,-0.2126048356294632, -0.11231851577758789, 0.04518978297710419
n,-0.2126048356294632, -0.11231851577758789, 0.04518978297710419
n,-0.16922228038311005, -0.17107036709785461, 0.044239550828933716
n,-0.16922228038311005, -0.17107036709785461, 0.044239550828933716
n,-0.16922228038311005, -0.17107036709785461, 0.044239550828933716
n,-0.11031822860240936, -0.21382293105125427, 0.044362422078847885
n,-0.11031822860240936, -0.21382293105125427, 0.044362422078847885
n,-0.11031822860240936, -0.21382293105125427, 0.044362422078847885
n,-0.03952239081263542, -0.23719646036624908, 0.04510212689638138
n,-0.03952239081263542, -0.23719646036624908, 0.04510212689638138
n,-0.03952239081263542, -0.23719646036624908, 0.04510212689638138
n,0.03338323533535004, -0.21203047037124634, 0.11741816252470016
n,0.03338323533535004, -0.21203047037124634, 0.11741816252470016
n,0.03338323533535004, -0.21203047037124634, 0.11741816252470016
n,0.09905020147562027, -0.19075198471546173, 0.11688080430030823
n,0.09905020147562027, -0.19075198471546173, 0.11688080430030823
n,0.09905020147562027, -0.19075198471546173, 0.11688080430030823
n,0.15200695395469666, -0.1520390659570694, 0.11677496880292892
n,0.15200695395469666, -0.1520390659570694, 0.11677496880292892
n,0.15200695395469666, -0.1520390659570694, 0.11677496880292892
n,0.19093355536460876, -0.09882932156324387, 0.11677126586437225
n,0.19093355536460876, -0.09882932156324387, 0.11677126586437225
n,0.19093355536460876, -0.09882932156324387, 0.11677126586437225
n,0.21126329898834229, -0.035687580704689026, 0.11812114715576172
n,0.21126329898834229, -0.035687580704689026, 0.11812114715576172
n,0.21126329898834229, -0.035687580704689026, 0.11812114715576172
n,0.21130020916461945, 0.033181678503751755, 0.11878377944231033
n,0.21130020916461945, 0.033181678503751755, 0.11878377944231033
n,0.21130020916461945, 0.033181678503751755, 0.11878377944231033
n,0.19065484404563904, 0.09663447737693787, 0.1190415695309639
n,0.19065484404563904, 0.09663447737693787, 0.1190415695309639
n,0.19065484404563904, 0.09663447737693787, 0.1190415695309639
n,0.15161001682281494, 0.1504577249288559, 0.1193116307258606
n,0.15161001682281494, 0.1504577249288559, 0.1193116307258606
n,0.15161001682281494, 0.1504577249288559, 0.1193116307258606
n,0.09984981268644333, 0.18864572048187256, 0.11958758533000946
n,0.09984981268644333, 0.18864572048187256, 0.11958758533000946
n,0.09984981268644333, 0.18864572048187256, 0.11958758533000946
n,0.03609062731266022, 0.2097804993391037, 0.12061508744955063
n,0.03609062731266022, 0.2097804993391037, 0.12061508744955063
n,0.03609062731266022, 0.2097804993391037, 0.12061508744955063
n,-0.03418447822332382, 0.20995143055915833, 0.12087268382310867
n,-0.03418447822332382, 0.20995143055915833, 0.12087268382310867
n,-0.03418447822332382, 0.20995143055915833, 0.12087268382310867
n,-0.09977385401725769, 0.18889616429805756, 0.1192551925778389
n,-0.09977385401725769, 0.18889616429805756, 0.1192551925778389
n,-0.09977385401725769, 0.18889616429805756, 0.1192551925778389
n,-0.15239061415195465, 0.15015506744384766, 0.11869683861732483
n,-0.15239061415195465, 0.15015506744384766, 0.11869683861732483
n,-0.15239061415195465, 0.15015506744384766, 0.11869683861732483
n,-0.19052156805992126, 0.09741821885108948, 0.11861538141965866
n,-0.19052156805992126, 0.09741821885108948, 0.11861538141965866
n,-0.19052156805992126, 0.09741821885108948, 0.11861538141965866
n,-0.21120885014533997, 0.034395504742860794, 0.11860086768865585
n,-0.21120885014533997, 0.034395504742860794, 0.11860086768865585
n,-0.21120885014533997, 0.034395504742860794, 0.11860086768865585
n,-0.21056970953941345, -0.036994025111198425, 0.11895471066236496
n,-0.21056970953941345, -0.036994025111198425, 0.11895471066236496
n,-0.21056970953941345, -0.036994025111198425, 0.11895471066236496
n,-0.18993856012821198, -0.10034710168838501, 0.11709906905889511
n,-0.18993856012821198, -0.10034710168838501, 0.11709906905889511
n,-0.18993856012821198, -0.10034710168838501, 0.11709906905889511
n,-0.15106447041034698, -0.152952641248703, 0.11680496484041214
n,-0.15106447041034698, -0.152952641248703, 0.11680496484041214
n,-0.15106447041034698, -0.152952641248703, 0.11680496484041214
n,-0.09870870411396027, -0.1910928189754486, 0.11661268025636673
n,-0.09870870411396027, -0.1910928189754486, 0.11661268025636673
n,-0.09870870411396027, -0.1910928189754486, 0.11661268025636673
n,-0.03517827391624451, -0.2118704915046692, 0.1171826496720314
n,-0.03517827391624451, -0.2118704915046692, 0.1171826496720314
n,-0.03517827391624451, -0.2118704915046692, 0.1171826496720314
n,0.026438847184181213, -0.16838471591472626, 0.1755162924528122
n,0.026438847184181213, -0.16838471591472626, 0.1755162924528122
n,0.026438847184181213, -0.16838471591472626, 0.1755162924528122
n,0.07892513275146484, -0.1517893522977829, 0.1748976856470108
n,0.07892513275146484, -0.1517893522977829, 0.1748976856470108
n,0.07892513275146484, -0.1517893522977829, 0.1748976856470108
n,0.1211511418223381, -0.12126559764146805, 0.17457215487957
n,0.1211511418223381, -0.12126559764146805, 0.17457215487957
n,0.1211511418223381, -0.12126559764146805, 0.17457215487957
n,0.1521349847316742, -0.0787879228591919, 0.17465908825397491
n,0.1521349847316742, -0.0787879228591919, 0.17465908825397491
n,0.1521349847316742, -0.0787879228591919, 0.17465908825397491
n,0.16853629052639008, -0.02845662087202072, 0.1750546395778656
n,0.16853629052639008, -0.02845662087202072, 0.1750546395778656
n,0.16853629052639008, -0.02845662087202072, 0.1750546395778656
n,0.1681828647851944, 0.026697326451539993, 0.17567063868045807
n,0.1681828647851944, 0.026697326451539993, 0.17567063868045807
n,0.1681828647851944, 0.026697326451539993, 0.17567063868045807
n,0.15159344673156738, 0.0768740102648735, 0.17597784101963043
n,0.15159344673156738, 0.0768740102648735, 0.17597784101963043
n,0.15159344673156738, 0.0768740102648735, 0.17597784101963043
n,0.12060309946537018, 0.1196385845541954, 0.17606784403324127
n,0.12060309946537018, 0.1196385845541954, 0.17606784403324127
n,0.12060309946537018, 0.1196385845541954, 0.17606784403324127
n,0.07898048311471939, 0.14837640523910522, 0.17777769267559052
n,0.07898048311471939, 0.14837640523910522, 0.17777769267559052
n,0.07898048311471939, 0.14837640523910522, 0.17777769267559052
n,0.02877170778810978, 0.16396985948085785, 0.17928878962993622
n,0.02877170778810978, 0.16396985948085785, 0.17928878962993622
n,0.02877170778810978, 0.16396985948085785, 0.17928878962993622
n,-0.02628536894917488, 0.16408289968967438, 0.179566890001297
n,-0.02628536894917488, 0.16408289968967438, 0.179566890001297
n,-0.02628536894917488, 0.16408289968967438, 0.179566890001297
n,-0.07873748242855072, 0.14807675778865814, 0.1781349778175354
n,-0.07873748242855072, 0.14807675778865814, 0.1781349778175354
n,-0.07873748242855072, 0.14807675778865814, 0.1781349778175354
n,-0.12023093551397324, 0.11813578009605408, 0.1773325800895691
n,-0.12023093551397324, 0.11813578009605408, 0.1773325800895691
n,-0.12023093551397324, 0.11813578009605408, 0.1773325800895691
n,-0.15006539225578308, 0.07693442702293396, 0.17725646495819092
n,-0.15006539225578308, 0.07693442702293396, 0.17725646495819092
n,-0.15006539225578308, 0.07693442702293396, 0.17725646495819092
n,-0.16616001725196838, 0.026840660721063614, 0.17756354808807373
n,-0.16616001725196838, 0.026840660721063614, 0.17756354808807373
n,-0.16616001725196838, 0.026840660721063614, 0.17756354808807373
n,-0.16695716977119446, -0.0296623595058918, 0.1763627976179123
n,-0.16695716977119446, -0.0296623595058918, 0.1763627976179123
n,-0.16695716977119446, -0.0296623595058918, 0.1763627976179123
n,-0.15121273696422577, -0.0801764726638794, 0.17482797801494598
n,-0.15121273696422577, -0.0801764726638794, 0.17482797801494598
n,-0.15121273696422577, -0.0801764726638794, 0.17482797801494598
n,-0.1203627660870552, -0.12210871279239655, 0.1745297908782959
n,-0.1203627660870552, -0.12210871279239655, 0.1745297908782959
n,-0.1203627660870552, -0.12210871279239655, 0.1745297908782959
n,-0.07898246496915817, -0.15288782119750977, 0.17391224205493927
n,-0.07898246496915817, -0.15288782119750977, 0.17391224205493927
n,-0.07898246496915817, -0.15288782119750977, 0.17391224205493927
n,-0.02825351059436798, -0.16850006580352783, 0.17512241005897522
n,-0.02825351059436798, -0.16850006580352783, 0.17512241005897522
n,-0.02825351059436798, -0.16850006580352783, 0.17512241005897522
n,0.020081885159015656, -0.1267857551574707, 0.2082798033952713
n,0.020081885159015656, -0.1267857551574707, 0.2082798033952713
n,0.020081885159015656, -0.1267857551574707, 0.2082798033952713
n,0.05859838426113129, -0.11291304230690002, 0.2089862823486328
n,0.05859838426113129, -0.11291304230690002, 0.2089862823486328
n,0.05859838426113129, -0.11291304230690002, 0.2089862823486328
n,0.08987900614738464, -0.0903109610080719, 0.2088637799024582
n,0.08987900614738464, -0.0903109610080719, 0.2088637799024582
n,0.08987900614738464, -0.0903109610080719, 0.2088637799024582
n,0.11298570781946182, -0.058674123138189316, 0.2089257538318634
n,0.11298570781946182, -0.058674123138189316, 0.2089257538318634
n,0.11298570781946182, -0.058674123138189316, 0.2089257538318634
n,0.12948177754878998, -0.02173851989209652, 0.2064468115568161
n,0.12948177754878998, -0.02173851989209652, 0.2064468115568161
n,0.12948177754878998, -0.02173851989209652, 0.2064468115568161
n,0.12851294875144958, 0.02032199688255787, 0.20719513297080994
n,0.12851294875144958, 0.02032199688255787, 0.20719513297080994
n,0.12851294875144958, 0.02032199688255787, 0.20719513297080994
n,0.11480274051427841, 0.058420803397893906, 0.2080041468143463
n,0.11480274051427841, 0.058420803397893906, 0.2080041468143463
n,0.11480274051427841, 0.058420803397893906, 0.2080041468143463
n,0.09149542450904846, 0.09046876430511475, 0.20809222757816315
n,0.09149542450904846, 0.09046876430511475, 0.20809222757816315
n,0.09149542450904846, 0.09046876430511475, 0.20809222757816315
n,0.05989795923233032, 0.11383868008852005, 0.2081138640642166
n,0.05989795923233032, 0.11383868008852005, 0.2081138640642166
n,0.05989795923233032, 0.11383868008852005, 0.2081138640642166
n,0.02193542569875717, 0.12671694159507751, 0.20813466608524323
n,0.02193542569875717, 0.12671694159507751, 0.20813466608524323
n,0.02193542569875717, 0.12671694159507751, 0.20813466608524323
n,-0.020336760208010674, 0.12573665380477905, 0.2088901549577713
n,-0.020336760208010674, 0.12573665380477905, 0.2088901549577713
n,-0.020336760208010674, 0.12573665380477905, 0.2088901549577713
n,-0.05906708538532257, 0.11182442307472229, 0.20943915843963623
n,-0.05906708538532257, 0.11182442307472229, 0.20943915843963623
n,-0.05906708538532257, 0.11182442307472229, 0.20943915843963623
n,-0.09034863859415054, 0.08883382380008698, 0.20929419994354248
n,-0.09034863859415054, 0.08883382380008698, 0.20929419994354248
n,-0.09034863859415054, 0.08883382380008698, 0.20929419994354248
n,-0.11362583190202713, 0.05812663584947586, 0.208731546998024
n,-0.11362583190202713, 0.05812663584947586, 0.208731546998024
n,-0.11362583190202713, 0.05812663584947586, 0.208731546998024
n,-0.12638530135154724, 0.02056501992046833, 0.20847593247890472
n,-0.12638530135154724, 0.02056501992046833, 0.20847593247890472
n,-0.12638530135154724, 0.02056501992046833, 0.20847593247890472
n,-0.12706801295280457, -0.022431718185544014, 0.2078675478696823
n,-0.12706801295280457, -0.022431718185544014, 0.2078675478696823
n,-0.12706801295280457, -0.022431718185544014, 0.2078675478696823
n,-0.11318842321634293, -0.059731412678956985, 0.20851601660251617
n,-0.11318842321634293, -0.059731412678956985, 0.20851601660251617
n,-0.11318842321634293, -0.059731412678956985, 0.20851601660251617
n,-0.09014388918876648, -0.09114781022071838, 0.20838557183742523
n,-0.09014388918876648, -0.09114781022071838, 0.20838557183742523
n,-0.09014388918876648, -0.09114781022071838, 0.20838557183742523
n,-0.058526717126369476, -0.11385868489742279, 0.208492711186409
n,-0.058526717126369476, -0.11385868489742279, 0.208492711186409
n,-0.058526717126369476, -0.11385868489742279, 0.208492711186409
n,-0.021332135424017906, -0.12738968431949615, 0.2077864110469818
n,-0.021332135424017906, -0.12738968431949615, 0.2077864110469818
n,-0.021332135424017906, -0.12738968431949615, 0.2077864110469818
n,0.03635595366358757, -0.2227437049150467, 0.09445568919181824
n,0.03635595366358757, -0.2227437049150467, 0.09445568919181824
n,0.03635595366358757, -0.2227437049150467, 0.09445568919181824
n,0.10536252707242966, -0.20260827243328094, 0.08778960257768631
n,0.10536252707242966, -0.20260827243328094, 0.08778960257768631
n,0.10536252707242966, -0.20260827243328094, 0.08778960257768631
n,0.16248466074466705, -0.16339269280433655, 0.08221893757581711
n,0.16248466074466705, -0.16339269280433655, 0.08221893757581711
n,0.16248466074466705, -0.16339269280433655, 0.08221893757581711
n,0.2035767138004303, -0.10728658735752106, 0.08309335261583328
n,0.2035767138004303, -0.10728658735752106, 0.08309335261583328
n,0.2035767138004303, -0.10728658735752106, 0.08309335261583328
n,0.22626252472400665, -0.03851107507944107, 0.08473817259073257
n,0.22626252472400665, -0.03851107507944107, 0.08473817259073257
n,0.22626252472400665, -0.03851107507944107, 0.08473817259073257
n,0.2265661656856537, 0.036852043122053146, 0.08466460555791855
n,0.2265661656856537, 0.036852043122053146, 0.08466460555791855
n,0.2265661656856537, 0.036852043122053146, 0.08466460555791855
n,0.2046554535627365, 0.10470040142536163, 0.08373982459306717
n,0.2046554535627365, 0.10470040142536163, 0.08373982459306717
n,0.2046554535627365, 0.10470040142536163, 0.08373982459306717
n,0.16602690517902374, 0.16524606943130493, 0.0706201121211052
n,0.16602690517902374, 0.16524606943130493, 0.0706201121211052
n,0.16602690517902374, 0.16524606943130493, 0.0706201121211052
n,0.10788626968860626, 0.20664720237255096, 0.07426890730857849
n,0.10788626968860626, 0.20664720237255096, 0.07426890730857849
n,0.10788626968860626, 0.20664720237255096, 0.07426890730857849
n,0.03751807287335396, 0.22546131908893585, 0.08728102594614029
n,0.03751807287335396, 0.22546131908893585, 0.08728102594614029
n,0.03751807287335396, 0.22546131908893585, 0.08728102594614029
n,-0.03706129267811775, 0.22548535466194153, 0.08741401135921478
n,-0.03706129267811775, 0.22548535466194153, 0.08741401135921478
n,-0.03706129267811775, 0.22548535466194153, 0.08741401135921478
n,-0.10694410651922226, 0.20450225472450256, 0.08124145865440369
n,-0.10694410651922226, 0.20450225472450256, 0.08124145865440369
n,-0.10694410651922226, 0.20450225472450256, 0.08124145865440369
n,-0.1658441722393036, 0.1644107699394226, 0.07296022027730942
n,-0.1658441722393036, 0.1644107699394226, 0.07296022027730942
n,-0.1658441722393036, 0.1644107699394226, 0.07296022027730942
n,-0.2032846361398697, 0.10446016490459442, 0.08730299025774002
n,-0.2032846361398697, 0.10446016490459442, 0.08730299025774002
n,-0.2032846361398697, 0.10446016490459442, 0.08730299025774002
n,-0.22368063032627106, 0.0363035649061203, 0.09223560243844986
n,-0.22368063032627106, 0.0363035649061203, 0.09223560243844986
n,-0.22368063032627106, 0.0363035649061203, 0.09223560243844986
n,-0.22320780158042908, -0.03780016303062439, 0.0927782952785492
n,-0.22320780158042908, -0.03780016303062439, 0.0927782952785492
n,-0.22320780158042908, -0.03780016303062439, 0.0927782952785492
n,-0.20293277502059937, -0.10676629096269608, 0.08530908823013306
n,-0.20293277502059937, -0.10676629096269608, 0.08530908823013306
n,-0.20293277502059937, -0.10676629096269608, 0.08530908823013306
n,-0.16167539358139038, -0.16303651034832, 0.08448992669582367
n,-0.16167539358139038, -0.16303651034832, 0.08448992669582367
n,-0.16167539358139038, -0.16303651034832, 0.08448992669582367
n,-0.10436739772558212, -0.2022698074579239, 0.0897371917963028
n,-0.10436739772558212, -0.2022698074579239, 0.0897371917963028
n,-0.10436739772558212, -0.2022698074579239, 0.0897371917963028
n,-0.036942705512046814, -0.22272519767284393, 0.09427151829004288
n,-0.036942705512046814, -0.22272519767284393, 0.09427151829004288
n,-0.036942705512046814, -0.22272519767284393, 0.09427151829004288
n,0.03741512820124626, -0.23548206686973572, -0.05483332276344299
n,0.03741512820124626, -0.23548206686973572, -0.05483332276344299
n,0.03741512820124626, -0.23548206686973572, -0.05483332276344299
n,0.10943025350570679, -0.21285609900951385, -0.050751183182001114
n,0.10943025350570679, -0.21285609900951385, -0.050751183182001114
n,0.10943025350570679, -0.21285609900951385, -0.050751183182001114
n,0.1688525229692459, -0.16959090530872345, -0.05085410550236702
n,0.1688525229692459, -0.16959090530872345, -0.05085410550236702
n,0.1688525229692459, -0.16959090530872345, -0.05085410550236702
n,0.21185293793678284, -0.1114501804113388, -0.05055273324251175
n,0.21185293793678284, -0.1114501804113388, -0.05055273324251175
n,0.21185293793678284, -0.1114501804113388, -0.05055273324251175
n,0.23592153191566467, -0.04008299857378006, -0.050919245928525925
n,0.23592153191566467, -0.04008299857378006, -0.050919245928525925
n,0.23592153191566467, -0.04008299857378006, -0.050919245928525925
n,0.23562823235988617, 0.038311269134283066, -0.05357210338115692
n,0.23562823235988617, 0.038311269134283066, -0.05357210338115692
n,0.23562823235988617, 0.038311269134283066, -0.05357210338115692
n,0.2124357521533966, 0.10709669440984726, -0.05709417536854744
n,0.2124357521533966, 0.10709669440984726, -0.05709417536854744
n,0.2124357521533966, 0.10709669440984726, -0.05709417536854744
n,0.16910073161125183, 0.16748405992984772, -0.05667812004685402
n,0.16910073161125183, 0.16748405992984772, -0.05667812004685402
n,0.16910073161125183, 0.16748405992984772, -0.05667812004685402
n,0.10998604446649551, 0.21207447350025177, -0.05278133600950241
n,0.10998604446649551, 0.21207447350025177, -0.05278133600950241
n,0.10998604446649551, 0.21207447350025177, -0.05278133600950241
n,0.03742318972945213, 0.23663416504859924, -0.04962023347616196
n,0.03742318972945213, 0.23663416504859924, -0.04962023347616196
n,0.03742318972945213, 0.23663416504859924, -0.04962023347616196
n,-0.038297027349472046, 0.23693157732486725, -0.04748847708106041
n,-0.038297027349472046, 0.23693157732486725, -0.04748847708106041
n,-0.038297027349472046, 0.23693157732486725, -0.04748847708106041
n,-0.11080005764961243, 0.214280903339386, -0.04080965742468834
n,-0.11080005764961243, 0.214280903339386, -0.04080965742468834
n,-0.11080005764961243, 0.214280903339386, -0.04080965742468834
n,-0.17111526429653168, 0.1700018346309662, -0.04095521569252014
n,-0.17111526429653168, 0.1700018346309662, -0.04095521569252014
n,-0.17111526429653168, 0.1700018346309662, -0.04095521569252014
n,-0.21668250858783722, 0.10845779627561569, -0.033822737634181976
n,-0.21668250858783722, 0.10845779627561569, -0.033822737634181976
n,-0.21668250858783722, 0.10845779627561569, -0.033822737634181976
n,-0.23925495147705078, 0.038487955927848816, -0.0336768664419651
n,-0.23925495147705078, 0.038487955927848816, -0.0336768664419651
n,-0.23925495147705078, 0.038487955927848816, -0.0336768664419651
n,-0.23749016225337982, -0.03895571827888489, -0.04403696209192276
n,-0.23749016225337982, -0.03895571827888489, -0.04403696209192276
n,-0.23749016225337982, -0.03895571827888489, -0.04403696209192276
n,-0.21153762936592102, -0.11111430823802948, -0.052572101354599
n,-0.21153762936592102, -0.11111430823802948, -0.052572101354599
n,-0.21153762936592102, -0.11111430823802948, -0.052572101354599
n,-0.16853173077106476, -0.16939249634742737, -0.05255122855305672
n,-0.16853173077106476, -0.16939249634742737, -0.05255122855305672
n,-0.16853173077106476, -0.16939249634742737, -0.05255122855305672
n,-0.10819190740585327, -0.21229417622089386, -0.055534493178129196
n,-0.10819190740585327, -0.21229417622089386, -0.055534493178129196
n,-0.10819190740585327, -0.21229417622089386, -0.055534493178129196
n,-0.03821563720703125, -0.2352135330438614, -0.05543059483170509
n,-0.03821563720703125, -0.2352135330438614, -0.05543059483170509
n,-0.03821563720703125, -0.2352135330438614, -0.05543059483170509
n,0.03630347549915314, -0.22418718039989471, 0.09099753201007843
n,0.03630347549915314, -0.22418718039989471, 0.09099753201007843
n,0.03630347549915314, -0.22418718039989471, 0.09099753201007843
n,0.10601561516523361, -0.20333465933799744, 0.08528827130794525
n,0.10601561516523361, -0.20333465933799744, 0.08528827130794525
n,0.10601561516523361, -0.20333465933799744, 0.08528827130794525
n,0.16166450083255768, -0.1622702032327652, 0.08597301691770554
n,0.16166450083255768, -0.1622702032327652, 0.08597301691770554
n,0.16166450083255768, -0.1622702032327652, 0.08597301691770554
n,0.20004914700984955, -0.1056288331747055, 0.09317341446876526
n,0.20004914700984955, -0.1056288331747055, 0.09317341446876526
n,0.20004914700984955, -0.1056288331747055, 0.09317341446876526
n,0.22199350595474243, -0.03831417113542557, 0.09544266015291214
n,0.22199350595474243, -0.03831417113542557, 0.09544266015291214
n,0.22199350595474243, -0.03831417113542557, 0.09544266015291214
n,0.2222997546195984, 0.03551836684346199, 0.09581048041582108
n,0.2222997546195984, 0.03551836684346199, 0.09581048041582108
n,0.2222997546195984, 0.03551836684346199, 0.09581048041582108
n,0.2027692347764969, 0.10223579406738281, 0.09105422347784042
n,0.2027692347764969, 0.10223579406738281, 0.09105422347784042
n,0.2027692347764969, 0.10223579406738281, 0.09105422347784042
n,0.16109588742256165, 0.1613156944513321, 0.08879043906927109
n,0.16109588742256165, 0.1613156944513321, 0.08879043906927109
n,0.16109588742256165, 0.1613156944513321, 0.08879043906927109
n,0.10531505942344666, 0.20134373009204865, 0.09070739150047302
n,0.10531505942344666, 0.20134373009204865, 0.09070739150047302
n,0.10531505942344666, 0.20134373009204865, 0.09070739150047302
n,0.033733662217855453, 0.2247253656387329, 0.09065833687782288
n,0.033733662217855453, 0.2247253656387329, 0.09065833687782288
n,0.033733662217855453, 0.2247253656387329, 0.09065833687782288
n,-0.03711457550525665, 0.2259393185377121, 0.08621086925268173
n,-0.03711457550525665, 0.2259393185377121, 0.08621086925268173
n,-0.03711457550525665, 0.2259393185377121, 0.08621086925268173
n,-0.10745292156934738, 0.2036130726337433, 0.08278872817754745
n,-0.10745292156934738, 0.2036130726337433, 0.08278872817754745
n,-0.10745292156934738, 0.2036130726337433, 0.08278872817754745
n,-0.15934599936008453, 0.16144300997257233, 0.09166998416185379
n,-0.15934599936008453, 0.16144300997257233, 0.09166998416185379
n,-0.15934599936008453, 0.16144300997257233, 0.09166998416185379
n,-0.20488473773002625, 0.09763651341199875, 0.09136595577001572
n,-0.20488473773002625, 0.09763651341199875, 0.09136595577001572
n,-0.20488473773002625, 0.09763651341199875, 0.09136595577001572
n,-0.22474785149097443, 0.039390210062265396, 0.08829043805599213
n,-0.22474785149097443, 0.039390210062265396, 0.08829043805599213
n,-0.22474785149097443, 0.039390210062265396, 0.08829043805599213
n,-0.2242804616689682, -0.034171562641859055, 0.09159133583307266
n,-0.2242804616689682, -0.034171562641859055, 0.09159133583307266
n,-0.2242804616689682, -0.034171562641859055, 0.09159133583307266
n,-0.20093195140361786, -0.10549522936344147, 0.0914083942770958
n,-0.20093195140361786, -0.10549522936344147, 0.0914083942770958
n,-0.20093195140361786, -0.10549522936344147, 0.0914083942770958
n,-0.16054841876029968, -0.1612326055765152, 0.08992575854063034
n,-0.16054841876029968, -0.1612326055765152, 0.08992575854063034
n,-0.16054841876029968, -0.1612326055765152, 0.08992575854063034
n,-0.10400515794754028, -0.20235784351825714, 0.08995898813009262
n,-0.10400515794754028, -0.20235784351825714, 0.08995898813009262
n,-0.10400515794754028, -0.20235784351825714, 0.08995898813009262
n,-0.03703760728240013, -0.22410988807678223, 0.09089206904172897
n,-0.03703760728240013, -0.22410988807678223, 0.09089206904172897
n,-0.03703760728240013, -0.22410988807678223, 0.09089206904172897
n,0.024486234411597252, -0.15459059178829193, 0.18804402649402618
n,0.024486234411597252, -0.15459059178829193, 0.18804402649402618
n,0.024486234411597252, -0.15459059178829193, 0.18804402649402618
n,0.07163667678833008, -0.13769710063934326, 0.18911921977996826
n,0.07163667678833008, -0.13769710063934326, 0.18911921977996826
n,0.07163667678833008, -0.13769710063934326, 0.18911921977996826
n,0.1116134449839592, -0.11196927726268768, 0.18671824038028717
n,0.1116134449839592, -0.11196927726268768, 0.18671824038028717
n,0.1116134449839592, -0.11196927726268768, 0.18671824038028717
n,0.14125628769397736, -0.07332691550254822, 0.18581770360469818
n,0.14125628769397736, -0.07332691550254822, 0.18581770360469818
n,0.14125628769397736, -0.07332691550254822, 0.18581770360469818
n,0.1563849300146103, -0.02759738825261593, 0.18611964583396912
n,0.1563849300146103, -0.02759738825261593, 0.18611964583396912
n,0.1563849300146103, -0.02759738825261593, 0.18611964583396912
n,0.1526556760072708, 0.021761402487754822, 0.18995018303394318
n,0.1526556760072708, 0.021761402487754822, 0.18995018303394318
n,0.1526556760072708, 0.021761402487754822, 0.18995018303394318
n,0.13510821759700775, 0.0689711719751358, 0.1919560730457306
n,0.13510821759700775, 0.0689711719751358, 0.1919560730457306
n,0.13510821759700775, 0.0689711719751358, 0.1919560730457306
n,0.10961554944515228, 0.10900434851646423, 0.18963351845741272
n,0.10961554944515228, 0.10900434851646423, 0.18963351845741272
n,0.10961554944515228, 0.10900434851646423, 0.18963351845741272
n,0.07103252410888672, 0.13472606241703033, 0.19147233664989471
n,0.07103252410888672, 0.13472606241703033, 0.19147233664989471
n,0.07103252410888672, 0.13472606241703033, 0.19147233664989471
n,0.023543357849121094, 0.1521884799003601, 0.19011250138282776
n,0.023543357849121094, 0.1521884799003601, 0.19011250138282776
n,0.023543357849121094, 0.1521884799003601, 0.19011250138282776
n,-0.02476007305085659, 0.15250463783740997, 0.18970412015914917
n,-0.02476007305085659, 0.15250463783740997, 0.18970412015914917
n,-0.02476007305085659, 0.15250463783740997, 0.18970412015914917
n,-0.07446003705263138, 0.13860519230365753, 0.1873571127653122
n,-0.07446003705263138, 0.13860519230365753, 0.1873571127653122
n,-0.07446003705263138, 0.13860519230365753, 0.1873571127653122
n,-0.11223768442869186, 0.11076465994119644, 0.18706224858760834
n,-0.11223768442869186, 0.11076465994119644, 0.18706224858760834
n,-0.11223768442869186, 0.11076465994119644, 0.18706224858760834
n,-0.14026960730552673, 0.06801401823759079, 0.1885654330253601
n,-0.14026960730552673, 0.06801401823759079, 0.1885654330253601
n,-0.14026960730552673, 0.06801401823759079, 0.1885654330253601
n,-0.15720705687999725, 0.026423705741763115, 0.18559664487838745
n,-0.15720705687999725, 0.026423705741763115, 0.18559664487838745
n,-0.15720705687999725, 0.026423705741763115, 0.18559664487838745
n,-0.1546507179737091, -0.024087777361273766, 0.18804608285427094
n,-0.1546507179737091, -0.024087777361273766, 0.18804608285427094
n,-0.1546507179737091, -0.024087777361273766, 0.18804608285427094
n,-0.1388351321220398, -0.07254677265882492, 0.18793658912181854
n,-0.1388351321220398, -0.07254677265882492, 0.18793658912181854
n,-0.1388351321220398, -0.07254677265882492, 0.18793658912181854
n,-0.1117565780878067, -0.11372288316488266, 0.18556930124759674
n,-0.1117565780878067, -0.11372288316488266, 0.18556930124759674
n,-0.1117565780878067, -0.11372288316488266, 0.18556930124759674
n,-0.0736006423830986, -0.13908982276916504, 0.18733754754066467
n,-0.0736006423830986, -0.13908982276916504, 0.18733754754066467
n,-0.0736006423830986, -0.13908982276916504, 0.18733754754066467
n,-0.024107379838824272, -0.1545943170785904, 0.18808990716934204
n,-0.024107379838824272, -0.1545943170785904, 0.18808990716934204
n,-0.024107379838824272, -0.1545943170785904, 0.18808990716934204
n,0.019210446625947952, -0.11663676053285599, 0.21420833468437195
n,0.019210446625947952, -0.11663676053285599, 0.21420833468437195
n,0.019210446625947952, -0.11663676053285599, 0.21420833468437195
n,0.05390074476599693, -0.1058080792427063, 0.21391060948371887
n,0.05390074476599693, -0.1058080792427063, 0.21391060948371887
n,0.05390074476599693, -0.1058080792427063, 0.21391060948371887
n,0.08230523765087128, -0.0838930532336235, 0.21458376944065094
n,0.08230523765087128, -0.0838930532336235, 0.21458376944065094
n,0.08230523765087128, -0.0838930532336235, 0.21458376944065094
n,0.10417479276657104, -0.05411357432603836, 0.21465721726417542
n,0.10417479276657104, -0.05411357432603836, 0.21465721726417542
n,0.10417479276657104, -0.05411357432603836, 0.21465721726417542
n,0.11566314101219177, -0.019153805449604988, 0.21474066376686096
n,0.11566314101219177, -0.019153805449604988, 0.21474066376686096
n,0.11566314101219177, -0.019153805449604988, 0.21474066376686096
n,0.11538785696029663, 0.017017558217048645, 0.21506844460964203
n,0.11538785696029663, 0.017017558217048645, 0.21506844460964203
n,0.11538785696029663, 0.017017558217048645, 0.21506844460964203
n,0.10468348115682602, 0.052907541394233704, 0.21471036970615387
n,0.10468348115682602, 0.052907541394233704, 0.21471036970615387
n,0.10468348115682602, 0.052907541394233704, 0.21471036970615387
n,0.08335845172405243, 0.08140256255865097, 0.21513569355010986
n,0.08335845172405243, 0.08140256255865097, 0.21513569355010986
n,0.08335845172405243, 0.08140256255865097, 0.21513569355010986
n,0.05381329730153084, 0.10298008471727371, 0.21530817449092865
n,0.05381329730153084, 0.10298008471727371, 0.21530817449092865
n,0.05381329730153084, 0.10298008471727371, 0.21530817449092865
n,0.018366998061537743, 0.11327614635229111, 0.21607767045497894
n,0.018366998061537743, 0.11327614635229111, 0.21607767045497894
n,0.018366998061537743, 0.11327614635229111, 0.21607767045497894
n,-0.018403001129627228, 0.11338236927986145, 0.21601885557174683
n,-0.018403001129627228, 0.11338236927986145, 0.21601885557174683
n,-0.018403001129627228, 0.11338236927986145, 0.21601885557174683
n,-0.055829357355833054, 0.10457134246826172, 0.21402405202388763
n,-0.055829357355833054, 0.10457134246826172, 0.21402405202388763
n,-0.055829357355833054, 0.10457134246826172, 0.21402405202388763
n,-0.08569834381341934, 0.08261595666408539, 0.21374933421611786
n,-0.08569834381341934, 0.08261595666408539, 0.21374933421611786
n,-0.08569834381341934, 0.08261595666408539, 0.21374933421611786
n,-0.1094147264957428, 0.0541268065571785, 0.21203087270259857
n,-0.1094147264957428, 0.0541268065571785, 0.21203087270259857
n,-0.1094147264957428, 0.0541268065571785, 0.21203087270259857
n,-0.12070000916719437, 0.019284306094050407, 0.21193869411945343
n,-0.12070000916719437, 0.019284306094050407, 0.21193869411945343
n,-0.12070000916719437, 0.019284306094050407, 0.21193869411945343
n,-0.11920768767595291, -0.018456248566508293, 0.21285505592823029
n,-0.11920768767595291, -0.018456248566508293, 0.21285505592823029
n,-0.11920768767595291, -0.018456248566508293, 0.21285505592823029
n,-0.10523392260074615, -0.054050687700510025, 0.2141558676958084
n,-0.10523392260074615, -0.054050687700510025, 0.2141558676958084
n,-0.10523392260074615, -0.054050687700510025, 0.2141558676958084
n,-0.08277521282434464, -0.08287796378135681, 0.21479734778404236
n,-0.08277521282434464, -0.08287796378135681, 0.21479734778404236
n,-0.08277521282434464, -0.08287796378135681, 0.21479734778404236
n,-0.05283664911985397, -0.1034015640616417, 0.21534806489944458
n,-0.05283664911985397, -0.1034015640616417, 0.21534806489944458
n,-0.05283664911985397, -0.1034015640616417, 0.21534806489944458
n,-0.017571978271007538, -0.11535312235355377, 0.21504250168800354
n,-0.017571978271007538, -0.11535312235355377, 0.21504250168800354
n,-0.017571978271007538, -0.11535312235355377, 0.21504250168800354
n,0.030108263716101646, -0.19279222190380096, 0.1475907862186432
n,0.030108263716101646, -0.19279222190380096, 0.1475907862186432
n,0.030108263716101646, -0.19279222190380096, 0.1475907862186432
n,0.08881436288356781, -0.17512787878513336, 0.14594732224941254
n,0.08881436288356781, -0.17512787878513336, 0.14594732224941254
n,0.08881436288356781, -0.17512787878513336, 0.14594732224941254
n,0.14013703167438507, -0.1403971016407013, 0.14320844411849976
n,0.14013703167438507, -0.1403971016407013, 0.14320844411849976
n,0.14013703167438507, -0.1403971016407013, 0.14320844411849976
n,0.17738117277622223, -0.09152614325284958, 0.141482412815094
n,0.17738117277622223, -0.09152614325284958, 0.141482412815094
n,0.17738117277622223, -0.09152614325284958, 0.141482412815094
n,0.19779439270496368, -0.032609593123197556, 0.14025825262069702
n,0.19779439270496368, -0.032609593123197556, 0.14025825262069702
n,0.19779439270496368, -0.032609593123197556, 0.14025825262069702
n,0.19886167347431183, 0.030550947412848473, 0.13920867443084717
n,0.19886167347431183, 0.030550947412848473, 0.13920867443084717
n,0.19886167347431183, 0.030550947412848473, 0.13920867443084717
n,0.1805100291967392, 0.0907587856054306, 0.13797596096992493
n,0.1805100291967392, 0.0907587856054306, 0.13797596096992493
n,0.1805100291967392, 0.0907587856054306, 0.13797596096992493
n,0.14395953714847565, 0.1426306664943695, 0.13707858324050903
n,0.14395953714847565, 0.1426306664943695, 0.13707858324050903
n,0.14395953714847565, 0.1426306664943695, 0.13707858324050903
n,0.09254010021686554, 0.18113552033901215, 0.1359582543373108
n,0.09254010021686554, 0.18113552033901215, 0.1359582543373108
n,0.09254010021686554, 0.18113552033901215, 0.1359582543373108
n,0.03180839493870735, 0.20122772455215454, 0.1354770064353943
n,0.03180839493870735, 0.20122772455215454, 0.1354770064353943
n,0.03180839493870735, 0.20122772455215454, 0.1354770064353943
n,-0.031778767704963684, 0.20121470093727112, 0.13550330698490143
n,-0.031778767704963684, 0.20121470093727112, 0.13550330698490143
n,-0.031778767704963684, 0.20121470093727112, 0.13550330698490143
n,-0.0915958508849144, 0.1809040606021881, 0.1369025707244873
n,-0.0915958508849144, 0.1809040606021881, 0.1369025707244873
n,-0.0915958508849144, 0.1809040606021881, 0.1369025707244873
n,-0.14169897139072418, 0.1408863663673401, 0.14117655158042908
n,-0.14169897139072418, 0.1408863663673401, 0.14117655158042908
n,-0.14169897139072418, 0.1408863663673401, 0.14117655158042908
n,-0.17690719664096832, 0.08899941295385361, 0.1436709463596344
n,-0.17690719664096832, 0.08899941295385361, 0.1436709463596344
n,-0.17690719664096832, 0.08899941295385361, 0.1436709463596344
n,-0.1945675164461136, 0.029622327536344528, 0.14534232020378113
n,-0.1945675164461136, 0.029622327536344528, 0.14534232020378113
n,-0.1945675164461136, 0.029622327536344528, 0.14534232020378113
n,-0.1947328895330429, -0.032458603382110596, 0.14451272785663605
n,-0.1947328895330429, -0.032458603382110596, 0.14451272785663605
n,-0.1947328895330429, -0.032458603382110596, 0.14451272785663605
n,-0.17587554454803467, -0.09126368910074234, 0.14351695775985718
n,-0.17587554454803467, -0.09126368910074234, 0.14351695775985718
n,-0.17587554454803467, -0.09126368910074234, 0.14351695775985718
n,-0.1395338475704193, -0.14085915684700012, 0.14334362745285034
n,-0.1395338475704193, -0.14085915684700012, 0.14334362745285034
n,-0.1395338475704193, -0.14085915684700012, 0.14334362745285034
n,-0.0894724503159523, -0.1763899326324463, 0.1440126746892929
n,-0.0894724503159523, -0.1763899326324463, 0.1440126746892929
n,-0.0894724503159523, -0.1763899326324463, 0.1440126746892929
n,-0.03093043528497219, -0.1939592808485031, 0.145881786942482
n,-0.03093043528497219, -0.1939592808485031, 0.145881786942482
n,-0.03093043528497219, -0.1939592808485031, 0.145881786942482
n,-0.16990847885608673, 0.16648462414741516, 0.05720457807183266
n,-0.16990847885608673, 0.16648462414741516, 0.05720457807183266
n,-0.16990847885608673, 0.16648462414741516, 0.05720457807183266
n,-0.037348341196775436, -0.2350892573595047, 0.05653785914182663
n,-0.037348341196775436, -0.2350892573595047, 0.05653785914182663
n,-0.037348341196775436, -0.2350892573595047, 0.05653785914182663
n,0.16881491243839264, 0.16744613647460938, 0.05763427913188934
n,0.16881491243839264, 0.16744613647460938, 0.05763427913188934
n,0.16881491243839264, 0.16744613647460938, 0.05763427913188934
n,0.16661979258060455, -0.16985607147216797, 0.05696621537208557
n,0.16661979258060455, -0.16985607147216797, 0.05696621537208557
n,0.16661979258060455, -0.16985607147216797, 0.05696621537208557
n,-0.23527409136295319, 0.035784762352705, 0.056779809296131134
n,-0.23527409136295319, 0.035784762352705, 0.056779809296131134
n,-0.23527409136295319, 0.035784762352705, 0.056779809296131134
n,0.03708852455019951, 0.2348262518644333, 0.057788122445344925
n,0.03708852455019951, 0.2348262518644333, 0.057788122445344925
n,0.03708852455019951, 0.2348262518644333, 0.057788122445344925
n,0.2345072478055954, -0.0397874154150486, 0.05728607252240181
n,0.2345072478055954, -0.0397874154150486, 0.05728607252240181
n,0.2345072478055954, -0.0397874154150486, 0.05728607252240181
n,-0.21138203144073486, -0.10923025012016296, 0.05696291849017143
n,-0.21138203144073486, -0.10923025012016296, 0.05696291849017143
n,-0.21138203144073486, -0.10923025012016296, 0.05696291849017143
n,-0.10967143625020981, 0.21102681756019592, 0.05743028596043587
n,-0.10967143625020981, 0.21102681756019592, 0.05743028596043587
n,-0.10967143625020981, 0.21102681756019592, 0.05743028596043587
n,0.21268361806869507, 0.10642802715301514, 0.057420723140239716
n,0.21268361806869507, 0.10642802715301514, 0.057420723140239716
n,0.21268361806869507, 0.10642802715301514, 0.057420723140239716
n,0.10649386048316956, -0.21285773813724518, 0.056648366153240204
n,0.10649386048316956, -0.21285773813724518, 0.056648366153240204
n,0.10649386048316956, -0.21285773813724518, 0.056648366153240204
n,-0.10759003460407257, -0.21225307881832123, 0.05684533715248108
n,-0.10759003460407257, -0.21225307881832123, 0.05684533715248108
n,-0.10759003460407257, -0.21225307881832123, 0.05684533715248108
n,-0.212998166680336, 0.10612960159778595, 0.05680382251739502
n,-0.212998166680336, 0.10612960159778595, 0.05680382251739502
n,-0.212998166680336, 0.10612960159778595, 0.05680382251739502
n,0.10822290927171707, 0.21165898442268372, 0.05785035341978073
n,0.10822290927171707, 0.21165898442268372, 0.05785035341978073
n,0.10822290927171707, 0.21165898442268372, 0.05785035341978073
n,0.21078725159168243, -0.11028211563825607, 0.05713993310928345
n,0.21078725159168243, -0.11028211563825607, 0.05713993310928345
n,0.21078725159168243, -0.11028211563825607, 0.05713993310928345
n,-0.23480193316936493, -0.03855079784989357, 0.05692342296242714
n,-0.23480193316936493, -0.03855079784989357, 0.05692342296242714
n,-0.23480193316936493, -0.03855079784989357, 0.05692342296242714
n,-0.03830550238490105, 0.23468706011772156, 0.05755913630127907
n,-0.03830550238490105, 0.23468706011772156, 0.05755913630127907
n,-0.03830550238490105, 0.23468706011772156, 0.05755913630127907
n,0.23524098098278046, 0.03512187302112579, 0.05732820928096771
n,0.23524098098278046, 0.03512187302112579, 0.05732820928096771
n,0.23524098098278046, 0.03512187302112579, 0.05732820928096771
n,0.03675235062837601, -0.23520731925964355, 0.05643735080957413
n,0.03675235062837601, -0.23520731925964355, 0.05643735080957413
n,0.03675235062837601, -0.23520731925964355, 0.05643735080957413
n,-0.21484918892383575, -0.11374055594205856, 0.027591664344072342
n,-0.21484918892383575, -0.11374055594205856, 0.027591664344072342
n,-0.21484918892383575, -0.11374055594205856, 0.027591664344072342
n,0.10898327827453613, -0.21707750856876373, 0.029298171401023865
n,0.10898327827453613, -0.21707750856876373, 0.029298171401023865
n,0.10898327827453613, -0.21707750856876373, 0.029298171401023865
n,0.11064627766609192, 0.2161085456609726, 0.03021392598748207
n,0.11064627766609192, 0.2161085456609726, 0.03021392598748207
n,0.11064627766609192, 0.2161085456609726, 0.03021392598748207
n,-0.23976239562034607, -0.04020804539322853, 0.027489960193634033
n,-0.23976239562034607, -0.04020804539322853, 0.027489960193634033
n,-0.23976239562034607, -0.04020804539322853, 0.027489960193634033
n,0.03751402348279953, -0.239994615316391, 0.0292176753282547
n,0.03751402348279953, -0.239994615316391, 0.0292176753282547
n,0.03751402348279953, -0.239994615316391, 0.0292176753282547
n,0.17235255241394043, 0.17097808420658112, 0.030322782695293427
n,0.17235255241394043, 0.17097808420658112, 0.030322782695293427
n,0.17235255241394043, 0.17097808420658112, 0.030322782695293427
n,-0.24022844433784485, 0.037062518298625946, 0.027839742600917816
n,-0.24022844433784485, 0.037062518298625946, 0.027839742600917816
n,-0.24022844433784485, 0.037062518298625946, 0.027839742600917816
n,0.2171301245689392, 0.10858601331710815, 0.030364016070961952
n,0.2171301245689392, 0.10858601331710815, 0.030364016070961952
n,0.2171301245689392, 0.10858601331710815, 0.030364016070961952
n,-0.21696946024894714, 0.10945882648229599, 0.02830912359058857
n,-0.21696946024894714, 0.10945882648229599, 0.02830912359058857
n,-0.21696946024894714, 0.10945882648229599, 0.02830912359058857
n,0.2400466948747635, 0.03650810569524765, 0.030051983892917633
n,0.2400466948747635, 0.03650810569524765, 0.030051983892917633
n,0.2400466948747635, 0.03650810569524765, 0.030051983892917633
n,-0.1722545623779297, 0.17133872210979462, 0.02880619838833809
n,-0.1722545623779297, 0.17133872210979462, 0.02880619838833809
n,-0.1722545623779297, 0.17133872210979462, 0.02880619838833809
n,-0.03810964897274971, -0.23991967737674713, 0.02906174771487713
n,-0.03810964897274971, -0.23991967737674713, 0.02906174771487713
n,-0.03810964897274971, -0.23991967737674713, 0.02906174771487713
n,0.23942413926124573, -0.04053488001227379, 0.029856229200959206
n,0.23942413926124573, -0.04053488001227379, 0.029856229200959206
n,0.23942413926124573, -0.04053488001227379, 0.029856229200959206
n,-0.11041484773159027, 0.21634303033351898, 0.029370618984103203
n,-0.11041484773159027, 0.21634303033351898, 0.029370618984103203
n,-0.11041484773159027, 0.21634303033351898, 0.029370618984103203
n,-0.108586385846138, -0.21736495196819305, 0.028633378446102142
n,-0.108586385846138, -0.21736495196819305, 0.028633378446102142
n,-0.108586385846138, -0.21736495196819305, 0.028633378446102142
n,0.21520668268203735, -0.11253099143505096, 0.029685815796256065
n,0.21520668268203735, -0.11253099143505096, 0.029685815796256065
n,0.21520668268203735, -0.11253099143505096, 0.029685815796256065
n,-0.03798682242631912, 0.2398592233657837, 0.029714388772845268
n,-0.03798682242631912, 0.2398592233657837, 0.029714388772845268
n,-0.03798682242631912, 0.2398592233657837, 0.029714388772845268
n,-0.16975852847099304, -0.17391037940979004, 0.028206482529640198
n,-0.16975852847099304, -0.17391037940979004, 0.028206482529640198
n,-0.16975852847099304, -0.17391037940979004, 0.028206482529640198
n,0.17011715471744537, -0.1733466535806656, 0.029486773535609245
n,0.17011715471744537, -0.1733466535806656, 0.029486773535609245
n,0.17011715471744537, -0.1733466535806656, 0.029486773535609245
n,0.039154645055532455, 0.23962873220443726, 0.03005615994334221
n,0.039154645055532455, 0.23962873220443726, 0.03005615994334221
n,0.039154645055532455, 0.23962873220443726, 0.03005615994334221
n,-0.037853848189115524, -0.24154402315616608, 0.009053084068000317
n,-0.037853848189115524, -0.24154402315616608, 0.009053084068000317
n,-0.037853848189115524, -0.24154402315616608, 0.009053084068000317
n,0.24122105538845062, -0.04014239460229874, 0.007705319672822952
n,0.24122105538845062, -0.04014239460229874, 0.007705319672822952
n,0.24122105538845062, -0.04014239460229874, 0.007705319672822952
n,-0.11302187293767929, 0.21680684387683868, 0.00890138279646635
n,-0.11302187293767929, 0.21680684387683868, 0.00890138279646635
n,-0.11302187293767929, 0.21680684387683868, 0.00890138279646635
n,-0.10926800221204758, -0.21866436302661896, 0.010236655361950397
n,-0.10926800221204758, -0.21866436302661896, 0.010236655361950397
n,-0.10926800221204758, -0.21866436302661896, 0.010236655361950397
n,0.21685606241226196, -0.11301250010728836, 0.007746598683297634
n,0.21685606241226196, -0.11301250010728836, 0.007746598683297634
n,0.21685606241226196, -0.11301250010728836, 0.007746598683297634
n,-0.038252100348472595, 0.24151605367660522, 0.00807217974215746
n,-0.038252100348472595, 0.24151605367660522, 0.00807217974215746
n,-0.038252100348472595, 0.24151605367660522, 0.00807217974215746
n,-0.17128106951713562, -0.17438411712646484, 0.010552473366260529
n,-0.17128106951713562, -0.17438411712646484, 0.010552473366260529
n,-0.17128106951713562, -0.17438411712646484, 0.010552473366260529
n,0.17133666574954987, -0.17447243630886078, 0.007842382416129112
n,0.17133666574954987, -0.17447243630886078, 0.007842382416129112
n,0.17133666574954987, -0.17447243630886078, 0.007842382416129112
n,0.039427973330020905, 0.24133539199829102, 0.007813656702637672
n,0.039427973330020905, 0.24133539199829102, 0.007813656702637672
n,0.039427973330020905, 0.24133539199829102, 0.007813656702637672
n,-0.21612107753753662, -0.11418212950229645, 0.010606745257973671
n,-0.21612107753753662, -0.11418212950229645, 0.010606745257973671
n,-0.21612107753753662, -0.11418212950229645, 0.010606745257973671
n,0.11012672632932663, -0.21830196678638458, 0.00864505860954523
n,0.11012672632932663, -0.21830196678638458, 0.00864505860954523
n,0.11012672632932663, -0.21830196678638458, 0.00864505860954523
n,0.11208124458789825, 0.2173391431570053, 0.007738060317933559
n,0.11208124458789825, 0.2173391431570053, 0.007738060317933559
n,0.11208124458789825, 0.2173391431570053, 0.007738060317933559
n,-0.24117781221866608, -0.03969135507941246, 0.010781525634229183
n,-0.24117781221866608, -0.03969135507941246, 0.010781525634229183
n,-0.24117781221866608, -0.03969135507941246, 0.010781525634229183
n,0.037985045462846756, -0.2415417730808258, 0.008549229241907597
n,0.037985045462846756, -0.2415417730808258, 0.008549229241907597
n,0.037985045462846756, -0.2415417730808258, 0.008549229241907597
n,0.1738305687904358, 0.17200644314289093, 0.0074233547784388065
n,0.1738305687904358, 0.17200644314289093, 0.0074233547784388065
n,0.1738305687904358, 0.17200644314289093, 0.0074233547784388065
n,-0.2417556494474411, 0.03610642999410629, 0.010436376556754112
n,-0.2417556494474411, 0.03610642999410629, 0.010436376556754112
n,-0.2417556494474411, 0.03610642999410629, 0.010436376556754112
n,0.21833674609661102, 0.1101701483130455, 0.00707002729177475
n,0.21833674609661102, 0.1101701483130455, 0.00707002729177475
n,0.21833674609661102, 0.1101701483130455, 0.00707002729177475
n,-0.21823588013648987, 0.11010070890188217, 0.010456113144755363
n,-0.21823588013648987, 0.11010070890188217, 0.010456113144755363
n,-0.21823588013648987, 0.11010070890188217, 0.010456113144755363
n,0.24175268411636353, 0.036776550114154816, 0.00784291885793209
n,0.24175268411636353, 0.036776550114154816, 0.00784291885793209
n,0.24175268411636353, 0.036776550114154816, 0.00784291885793209
n,-0.1733219027519226, 0.1724032163619995, 0.009749065153300762
n,-0.1733219027519226, 0.1724032163619995, 0.009749065153300762
n,-0.1733219027519226, 0.1724032163619995, 0.009749065153300762
n,0.037089161574840546, 0.03740503266453743, -0.23892183601856232
n,0.037089161574840546, 0.03740503266453743, -0.23892183601856232
n,0.037089161574840546, 0.03740503266453743, -0.23892183601856232
n,-0.044772595167160034, 0.0056661381386220455, -0.24046140909194946
n,-0.044772595167160034, 0.0056661381386220455, -0.24046140909194946
n,-0.044772595167160034, 0.0056661381386220455, -0.24046140909194946
n,0.04710831865668297, 0.023299647495150566, -0.23894836008548737
n,0.04710831865668297, 0.023299647495150566, -0.23894836008548737
n,0.04710831865668297, 0.023299647495150566, -0.23894836008548737
n,-0.042088404297828674, 0.022134678438305855, -0.23999379575252533
n,-0.042088404297828674, 0.022134678438305855, -0.23999379575252533
n,-0.042088404297828674, 0.022134678438305855, -0.23999379575252533
n,0.052903465926647186, 0.008112401701509953, -0.23873373866081238
n,0.052903465926647186, 0.008112401701509953, -0.23873373866081238
n,0.052903465926647186, 0.008112401701509953, -0.23873373866081238
n,-0.03487147018313408, 0.03494679182767868, -0.23962698876857758
n,-0.03487147018313408, 0.03494679182767868, -0.23962698876857758
n,-0.03487147018313408, 0.03494679182767868, -0.23962698876857758
n,-0.00803112331777811, -0.04969087243080139, -0.23942579329013824
n,-0.00803112331777811, -0.04969087243080139, -0.23942579329013824
n,-0.00803112331777811, -0.04969087243080139, -0.23942579329013824
n,0.052377618849277496, -0.009066293947398663, -0.23881535232067108
n,0.052377618849277496, -0.009066293947398663, -0.23881535232067108
n,0.052377618849277496, -0.009066293947398663, -0.23881535232067108
n,-0.023005830124020576, 0.043220166116952896, -0.23971052467823029
n,-0.023005830124020576, 0.043220166116952896, -0.23971052467823029
n,-0.023005830124020576, 0.043220166116952896, -0.23971052467823029
n,-0.022832976654171944, -0.0442228727042675, -0.2395441085100174
n,-0.022832976654171944, -0.0442228727042675, -0.2395441085100174
n,-0.022832976654171944, -0.0442228727042675, -0.2395441085100174
n,0.045474275946617126, -0.025699470192193985, -0.23901885747909546
n,0.045474275946617126, -0.025699470192193985, -0.23901885747909546
n,0.045474275946617126, -0.025699470192193985, -0.23901885747909546
n,-0.008143415674567223, 0.04885779321193695, -0.23959337174892426
n,-0.008143415674567223, 0.04885779321193695, -0.23959337174892426
n,-0.008143415674567223, 0.04885779321193695, -0.23959337174892426
n,-0.03406704589724541, -0.03493935987353325, -0.23974373936653137
n,-0.03406704589724541, -0.03493935987353325, -0.23974373936653137
n,-0.03406704589724541, -0.03493935987353325, -0.23974373936653137
n,0.03386973962187767, -0.03774983808398247, -0.23934531211853027
n,0.03386973962187767, -0.03774983808398247, -0.23934531211853027
n,0.03386973962187767, -0.03774983808398247, -0.23934531211853027
n,0.00788984727114439, 0.05004430189728737, -0.2393568605184555
n,0.00788984727114439, 0.05004430189728737, -0.2393568605184555
n,0.00788984727114439, 0.05004430189728737, -0.2393568605184555
n,-0.042483001947402954, -0.022638991475105286, -0.23987717926502228
n,-0.042483001947402954, -0.022638991475105286, -0.23987717926502228
n,-0.042483001947402954, -0.022638991475105286, -0.23987717926502228
n,0.023039601743221283, -0.04552628844976425, -0.23928000032901764
n,0.023039601743221283, -0.04552628844976425, -0.23928000032901764
n,0.023039601743221283, -0.04552628844976425, -0.23928000032901764
n,0.023156873881816864, 0.04651141166687012, -0.23907913267612457
n,0.023156873881816864, 0.04651141166687012, -0.23907913267612457
n,0.023156873881816864, 0.04651141166687012, -0.23907913267612457
n,-0.04628358408808708, -0.008111108094453812, -0.2401050329208374
n,-0.04628358408808708, -0.008111108094453812, -0.2401050329208374
n,-0.04628358408808708, -0.008111108094453812, -0.2401050329208374
n,0.006579656153917313, -0.05015179142355919, -0.23937396705150604
n,0.006579656153917313, -0.05015179142355919, -0.23937396705150604
n,0.006579656153917313, -0.05015179142355919, -0.23937396705150604
n,-0.01901843212544918, 0.10474584251642227, -0.2202838957309723
n,-0.01901843212544918, 0.10474584251642227, -0.2202838957309723
n,-0.01901843212544918, 0.10474584251642227, -0.2202838957309723
n,-0.07935027778148651, -0.08018358051776886, -0.21710021793842316
n,-0.07935027778148651, -0.08018358051776886, -0.21710021793842316
n,-0.07935027778148651, -0.08018358051776886, -0.21710021793842316
n,0.07909541577100754, -0.07952023297548294, -0.21743695437908173
n,0.07909541577100754, -0.07952023297548294, -0.21743695437908173
n,0.07909541577100754, -0.07952023297548294, -0.21743695437908173
n,0.016879478469491005, 0.10667092353105545, -0.21953311562538147
n,0.016879478469491005, 0.10667092353105545, -0.21953311562538147
n,0.016879478469491005, 0.10667092353105545, -0.21953311562538147
n,-0.10006549209356308, -0.051919933408498764, -0.2171396166086197
n,-0.10006549209356308, -0.051919933408498764, -0.2171396166086197
n,-0.10006549209356308, -0.051919933408498764, -0.2171396166086197
n,0.051124218851327896, -0.10050245374441147, -0.21712659299373627
n,0.051124218851327896, -0.10050245374441147, -0.21712659299373627
n,0.051124218851327896, -0.10050245374441147, -0.21712659299373627
n,0.04975065216422081, 0.09574373811483383, -0.21958234906196594
n,0.04975065216422081, 0.09574373811483383, -0.21958234906196594
n,0.04975065216422081, 0.09574373811483383, -0.21958234906196594
n,-0.10641451925039291, -0.021483687683939934, -0.21925507485866547
n,-0.10641451925039291, -0.021483687683939934, -0.21925507485866547
n,-0.10641451925039291, -0.021483687683939934, -0.21925507485866547
n,0.018329542130231857, -0.109754778444767, -0.21789059042930603
n,0.018329542130231857, -0.109754778444767, -0.21789059042930603
n,0.018329542130231857, -0.109754778444767, -0.21789059042930603
n,0.07821748405694962, 0.07605981081724167, -0.21898703277111053
n,0.07821748405694962, 0.07605981081724167, -0.21898703277111053
n,0.07821748405694962, 0.07605981081724167, -0.21898703277111053
n,-0.10752556473016739, 0.015695884823799133, -0.21920375525951385
n,-0.10752556473016739, 0.015695884823799133, -0.21920375525951385
n,-0.10752556473016739, 0.015695884823799133, -0.21920375525951385
n,0.09820041805505753, 0.04956444725394249, -0.21853701770305634
n,0.09820041805505753, 0.04956444725394249, -0.21853701770305634
n,0.09820041805505753, 0.04956444725394249, -0.21853701770305634
n,-0.09665391594171524, 0.05028850585222244, -0.21906043589115143
n,-0.09665391594171524, 0.05028850585222244, -0.21906043589115143
n,-0.09665391594171524, 0.05028850585222244, -0.21906043589115143
n,0.10793954879045486, 0.016950607299804688, -0.21890664100646973
n,0.10793954879045486, 0.016950607299804688, -0.21890664100646973
n,0.10793954879045486, 0.016950607299804688, -0.21890664100646973
n,-0.07729549705982208, 0.0773889422416687, -0.21884866058826447
n,-0.07729549705982208, 0.0773889422416687, -0.21884866058826447
n,-0.07729549705982208, 0.0773889422416687, -0.21884866058826447
n,-0.017253832891583443, -0.1109422892332077, -0.21737642586231232
n,-0.017253832891583443, -0.1109422892332077, -0.21737642586231232
n,-0.017253832891583443, -0.1109422892332077, -0.21737642586231232
n,0.10962055623531342, -0.017598122358322144, -0.21801838278770447
n,0.10962055623531342, -0.017598122358322144, -0.21801838278770447
n,0.10962055623531342, -0.017598122358322144, -0.21801838278770447
n,-0.05053697153925896, 0.09637853503227234, -0.21912457048892975
n,-0.05053697153925896, 0.09637853503227234, -0.21912457048892975
n,-0.05053697153925896, 0.09637853503227234, -0.21912457048892975
n,-0.051018018275499344, -0.10027144104242325, -0.21725836396217346
n,-0.051018018275499344, -0.10027144104242325, -0.21725836396217346
n,-0.051018018275499344, -0.10027144104242325, -0.21725836396217346
n,0.0987730398774147, -0.0512821264564991, -0.21788164973258972
n,0.0987730398774147, -0.0512821264564991, -0.21788164973258972
n,0.0987730398774147, -0.0512821264564991, -0.21788164973258972
n,-0.18324463069438934, 0.09438573569059372, -0.13179956376552582
n,-0.18324463069438934, 0.09438573569059372, -0.13179956376552582
n,-0.18324463069438934, 0.09438573569059372, -0.13179956376552582
n,0.20623761415481567, 0.03339702636003494, -0.12731483578681946
n,0.20623761415481567, 0.03339702636003494, -0.12731483578681946
n,0.20623761415481567, 0.03339702636003494, -0.12731483578681946
n,-0.1455809324979782, 0.14499568939208984, -0.13281875848770142
n,-0.1455809324979782, 0.14499568939208984, -0.13281875848770142
n,-0.1455809324979782, 0.14499568939208984, -0.13281875848770142
n,-0.0329422727227211, -0.20393256843090057, -0.1310904175043106
n,-0.0329422727227211, -0.20393256843090057, -0.1310904175043106
n,-0.0329422727227211, -0.20393256843090057, -0.1310904175043106
n,0.2048751413822174, -0.034172557294368744, -0.12929344177246094
n,0.2048751413822174, -0.034172557294368744, -0.12929344177246094
n,0.2048751413822174, -0.034172557294368744, -0.12929344177246094
n,-0.093983493745327, 0.18345366418361664, -0.13179625570774078
n,-0.093983493745327, 0.18345366418361664, -0.13179625570774078
n,-0.093983493745327, 0.18345366418361664, -0.13179625570774078
n,-0.09446880221366882, -0.18555213510990143, -0.12846963107585907
n,-0.09446880221366882, -0.18555213510990143, -0.12846963107585907
n,-0.09446880221366882, -0.18555213510990143, -0.12846963107585907
n,0.1863410323858261, -0.09578290581703186, -0.12633705139160156
n,0.1863410323858261, -0.09578290581703186, -0.12633705139160156
n,0.1863410323858261, -0.09578290581703186, -0.12633705139160156
n,-0.033470265567302704, 0.204483300447464, -0.1300949901342392
n,-0.033470265567302704, 0.204483300447464, -0.1300949901342392
n,-0.033470265567302704, 0.204483300447464, -0.1300949901342392
n,-0.1462038904428482, -0.14737115800380707, -0.12947802245616913
n,-0.1462038904428482, -0.14737115800380707, -0.12947802245616913
n,-0.1462038904428482, -0.14737115800380707, -0.12947802245616913
n,0.1480410099029541, -0.1492680460214615, -0.1251451075077057
n,0.1480410099029541, -0.1492680460214615, -0.1251451075077057
n,0.1480410099029541, -0.1492680460214615, -0.1251451075077057
n,0.03413824364542961, 0.20623987913131714, -0.1271144598722458
n,0.03413824364542961, 0.20623987913131714, -0.1271144598722458
n,0.03413824364542961, 0.20623987913131714, -0.1271144598722458
n,-0.18394124507904053, -0.09500569850206375, -0.13037605583667755
n,-0.18394124507904053, -0.09500569850206375, -0.13037605583667755
n,-0.18394124507904053, -0.09500569850206375, -0.13037605583667755
n,0.09578607976436615, -0.18476583063602448, -0.12862740457057953
n,0.09578607976436615, -0.18476583063602448, -0.12862740457057953
n,0.09578607976436615, -0.18476583063602448, -0.12862740457057953
n,0.09563026577234268, 0.1861872524023056, -0.12667891383171082
n,0.09563026577234268, 0.1861872524023056, -0.12667891383171082
n,0.09563026577234268, 0.1861872524023056, -0.12667891383171082
n,-0.20333105325698853, -0.03681730106472969, -0.13099372386932373
n,-0.20333105325698853, -0.03681730106472969, -0.13099372386932373
n,-0.20333105325698853, -0.03681730106472969, -0.13099372386932373
n,0.03527045622467995, -0.20243722200393677, -0.13279137015342712
n,0.03527045622467995, -0.20243722200393677, -0.13279137015342712
n,0.03527045622467995, -0.20243722200393677, -0.13279137015342712
n,0.14969097077846527, 0.14776505529880524, -0.12496595084667206
n,0.14969097077846527, 0.14776505529880524, -0.12496595084667206
n,0.14969097077846527, 0.14776505529880524, -0.12496595084667206
n,-0.20329345762729645, 0.03171611204743385, -0.13237915933132172
n,-0.20329345762729645, 0.03171611204743385, -0.13237915933132172
n,-0.20329345762729645, 0.03171611204743385, -0.13237915933132172
n,0.18707260489463806, 0.09491869062185287, -0.12590740621089935
n,0.18707260489463806, 0.09491869062185287, -0.12590740621089935
n,0.18707260489463806, 0.09491869062185287, -0.12590740621089935
n,-0.20705296099185944, -0.10796499252319336, 0.07301386445760727
n,-0.20705296099185944, -0.10796499252319336, 0.07301386445760727
n,-0.20705296099185944, -0.10796499252319336, 0.07301386445760727
n,0.10681049525737762, -0.2062370479106903, 0.07691680639982224
n,0.10681049525737762, -0.2062370479106903, 0.07691680639982224
n,0.10681049525737762, -0.2062370479106903, 0.07691680639982224
n,0.10446980595588684, 0.20491811633110046, 0.08338473737239838
n,0.10446980595588684, 0.20491811633110046, 0.08338473737239838
n,0.10446980595588684, 0.20491811633110046, 0.08338473737239838
n,-0.22827020287513733, -0.04084885120391846, 0.07799022644758224
n,-0.22827020287513733, -0.04084885120391846, 0.07799022644758224
n,-0.22827020287513733, -0.04084885120391846, 0.07799022644758224
n,0.03926265239715576, -0.22746093571186066, 0.08110707253217697
n,0.03926265239715576, -0.22746093571186066, 0.08110707253217697
n,0.03926265239715576, -0.22746093571186066, 0.08110707253217697
n,0.16435949504375458, 0.16263386607170105, 0.07996606081724167
n,0.16435949504375458, 0.16263386607170105, 0.07996606081724167
n,0.16435949504375458, 0.16263386607170105, 0.07996606081724167
n,-0.22822527587413788, 0.035622674971818924, 0.08063887804746628
n,-0.22822527587413788, 0.035622674971818924, 0.08063887804746628
n,-0.22822527587413788, 0.035622674971818924, 0.08063887804746628
n,0.20563113689422607, 0.10428671538829803, 0.08184440433979034
n,0.20563113689422607, 0.10428671538829803, 0.08184440433979034
n,0.20563113689422607, 0.10428671538829803, 0.08184440433979034
n,-0.20571312308311462, 0.10578934103250504, 0.07968130707740784
n,-0.20571312308311462, 0.10578934103250504, 0.07968130707740784
n,-0.20571312308311462, 0.10578934103250504, 0.07968130707740784
n,0.22686181962490082, 0.036797620356082916, 0.08389304578304291
n,0.22686181962490082, 0.036797620356082916, 0.08389304578304291
n,0.22686181962490082, 0.036797620356082916, 0.08389304578304291
n,-0.1634242981672287, 0.1630605161190033, 0.08100712299346924
n,-0.1634242981672287, 0.1630605161190033, 0.08100712299346924
n,-0.1634242981672287, 0.1630605161190033, 0.08100712299346924
n,-0.03685552999377251, -0.22903630137443542, 0.077733114361763
n,-0.03685552999377251, -0.22903630137443542, 0.077733114361763
n,-0.03685552999377251, -0.22903630137443542, 0.077733114361763
n,0.22875083982944489, -0.035419125109910965, 0.0792270302772522
n,0.22875083982944489, -0.035419125109910965, 0.0792270302772522
n,0.22875083982944489, -0.035419125109910965, 0.0792270302772522
n,-0.10509462654590607, 0.20447807013988495, 0.08367932587862015
n,-0.10509462654590607, 0.20447807013988495, 0.08367932587862015
n,-0.10509462654590607, 0.20447807013988495, 0.08367932587862015
n,-0.10629355162382126, -0.2069108486175537, 0.07581537216901779
n,-0.10629355162382126, -0.2069108486175537, 0.07581537216901779
n,-0.10629355162382126, -0.2069108486175537, 0.07581537216901779
n,0.2070639580488205, -0.10667458921670914, 0.07485610246658325
n,0.2070639580488205, -0.10667458921670914, 0.07485610246658325
n,0.2070639580488205, -0.10667458921670914, 0.07485610246658325
n,-0.03728301823139191, 0.22522176802158356, 0.08799730241298676
n,-0.03728301823139191, 0.22522176802158356, 0.08799730241298676
n,-0.03728301823139191, 0.22522176802158356, 0.08799730241298676
n,-0.16377964615821838, -0.16492974758148193, 0.07637270539999008
n,-0.16377964615821838, -0.16492974758148193, 0.07637270539999008
n,-0.16377964615821838, -0.16492974758148193, 0.07637270539999008
n,0.16392366588115692, -0.1658075898885727, 0.07413006573915482
n,0.16392366588115692, -0.1658075898885727, 0.07413006573915482
n,0.16392366588115692, -0.1658075898885727, 0.07413006573915482
n,0.03854183107614517, 0.2254762351512909, 0.08679503947496414
n,0.03854183107614517, 0.2254762351512909, 0.08679503947496414
n,0.03854183107614517, 0.2254762351512909, 0.08679503947496414
n,-0.023378120735287666, -0.1464766561985016, 0.19456730782985687
n,-0.023378120735287666, -0.1464766561985016, 0.19456730782985687
n,-0.023378120735287666, -0.1464766561985016, 0.19456730782985687
n,0.14766661822795868, -0.022533275187015533, 0.19376586377620697
n,0.14766661822795868, -0.022533275187015533, 0.19376586377620697
n,0.14766661822795868, -0.022533275187015533, 0.19376586377620697
n,-0.06631988286972046, 0.13028809428215027, 0.19617612659931183
n,-0.06631988286972046, 0.13028809428215027, 0.19617612659931183
n,-0.06631988286972046, 0.13028809428215027, 0.19617612659931183
n,-0.06807791441679001, -0.13352221250534058, 0.19337941706180573
n,-0.06807791441679001, -0.13352221250534058, 0.19337941706180573
n,-0.06807791441679001, -0.13352221250534058, 0.19337941706180573
n,0.1342546045780182, -0.06876775622367859, 0.19262680411338806
n,0.1342546045780182, -0.06876775622367859, 0.19262680411338806
n,0.1342546045780182, -0.06876775622367859, 0.19262680411338806
n,-0.022939851507544518, 0.14381848275661469, 0.19659195840358734
n,-0.022939851507544518, 0.14381848275661469, 0.19659195840358734
n,-0.022939851507544518, 0.14381848275661469, 0.19659195840358734
n,-0.10601026564836502, -0.10687542706727982, 0.1928674578666687
n,-0.10601026564836502, -0.10687542706727982, 0.1928674578666687
n,-0.10601026564836502, -0.10687542706727982, 0.1928674578666687
n,0.1067647933959961, -0.10795094072818756, 0.19184958934783936
n,0.1067647933959961, -0.10795094072818756, 0.19184958934783936
n,0.1067647933959961, -0.10795094072818756, 0.19184958934783936
n,0.024517256766557693, 0.1463446468114853, 0.19452644884586334
n,0.024517256766557693, 0.1463446468114853, 0.19452644884586334
n,0.024517256766557693, 0.1463446468114853, 0.19452644884586334
n,-0.13212482631206512, -0.07002068310976028, 0.19364534318447113
n,-0.13212482631206512, -0.07002068310976028, 0.19364534318447113
n,-0.13212482631206512, -0.07002068310976028, 0.19364534318447113
n,0.06912657618522644, -0.13398616015911102, 0.19268527626991272
n,0.06912657618522644, -0.13398616015911102, 0.19268527626991272
n,0.06912657618522644, -0.13398616015911102, 0.19268527626991272
n,0.06746303290128708, 0.13269636034965515, 0.1941617876291275
n,0.06746303290128708, 0.13269636034965515, 0.1941617876291275
n,0.06746303290128708, 0.13269636034965515, 0.1941617876291275
n,-0.14505425095558167, -0.025282343849539757, 0.19539307057857513
n,-0.14505425095558167, -0.025282343849539757, 0.19539307057857513
n,-0.14505425095558167, -0.025282343849539757, 0.19539307057857513
n,0.025188198313117027, -0.14549346268177032, 0.19507843255996704
n,0.025188198313117027, -0.14549346268177032, 0.19507843255996704
n,0.025188198313117027, -0.14549346268177032, 0.19507843255996704
n,0.10654670745134354, 0.10580436140298843, 0.19316217303276062
n,0.10654670745134354, 0.10580436140298843, 0.19316217303276062
n,0.10654670745134354, 0.10580436140298843, 0.19316217303276062
n,-0.14346106350421906, 0.02330859750509262, 0.1968095898628235
n,-0.14346106350421906, 0.02330859750509262, 0.1968095898628235
n,-0.14346106350421906, 0.02330859750509262, 0.1968095898628235
n,0.13450393080711365, 0.06727423518896103, 0.19297994673252106
n,0.13450393080711365, 0.06727423518896103, 0.19297994673252106
n,0.13450393080711365, 0.06727423518896103, 0.19297994673252106
n,-0.1303250789642334, 0.06689044088125229, 0.1959577351808548
n,-0.1303250789642334, 0.06689044088125229, 0.1959577351808548
n,-0.1303250789642334, 0.06689044088125229, 0.1959577351808548
n,0.1485881805419922, 0.023761458694934845, 0.192912757396698
n,0.1485881805419922, 0.023761458694934845, 0.192912757396698
n,0.1485881805419922, 0.023761458694934845, 0.192912757396698
n,-0.10346348583698273, 0.10370486974716187, 0.19595661759376526
n,-0.10346348583698273, 0.10370486974716187, 0.19595661759376526
n,-0.10346348583698273, 0.10370486974716187, 0.19595661759376526
n,0.013600427657365799, -0.08544453978538513, 0.22885070741176605
n,0.013600427657365799, -0.08544453978538513, 0.22885070741176605
n,0.013600427657365799, -0.08544453978538513, 0.22885070741176605
n,0.06258851289749146, 0.05960201099514961, 0.2288856953382492
n,0.06258851289749146, 0.05960201099514961, 0.2288856953382492
n,0.06258851289749146, 0.05960201099514961, 0.2288856953382492
n,-0.08491872996091843, 0.014089745469391346, 0.2290167659521103
n,-0.08491872996091843, 0.014089745469391346, 0.2290167659521103
n,-0.08491872996091843, 0.014089745469391346, 0.2290167659521103
n,0.07788647711277008, 0.03912332281470299, 0.22860762476921082
n,0.07788647711277008, 0.03912332281470299, 0.22860762476921082
n,0.07788647711277008, 0.03912332281470299, 0.22860762476921082
n,-0.07666097581386566, 0.03960133343935013, 0.22893933951854706
n,-0.07666097581386566, 0.03960133343935013, 0.22893933951854706
n,-0.07666097581386566, 0.03960133343935013, 0.22893933951854706
n,0.08600027114152908, 0.013864335604012012, 0.22862659394741058
n,0.08600027114152908, 0.013864335604012012, 0.22862659394741058
n,0.08600027114152908, 0.013864335604012012, 0.22862659394741058
n,-0.061336420476436615, 0.06170013174414635, 0.22866858541965485
n,-0.061336420476436615, 0.06170013174414635, 0.22866858541965485
n,-0.061336420476436615, 0.06170013174414635, 0.22866858541965485
n,-0.014163638465106487, -0.08510101586580276, 0.2289445400238037
n,-0.014163638465106487, -0.08510101586580276, 0.2289445400238037
n,-0.014163638465106487, -0.08510101586580276, 0.2289445400238037
n,0.0858558937907219, -0.013439919799566269, 0.22870619595050812
n,0.0858558937907219, -0.013439919799566269, 0.22870619595050812
n,0.0858558937907219, -0.013439919799566269, 0.22870619595050812
n,-0.04113880172371864, 0.07766550779342651, 0.22832883894443512
n,-0.04113880172371864, 0.07766550779342651, 0.22832883894443512
n,-0.04113880172371864, 0.07766550779342651, 0.22832883894443512
n,-0.03928288444876671, -0.07696031779050827, 0.22889377176761627
n,-0.03928288444876671, -0.07696031779050827, 0.22889377176761627
n,-0.03928288444876671, -0.07696031779050827, 0.22889377176761627
n,0.07514380663633347, -0.041378915309906006, 0.22912785410881042
n,0.07514380663633347, -0.041378915309906006, 0.22912785410881042
n,0.07514380663633347, -0.041378915309906006, 0.22912785410881042
n,-0.014093182981014252, 0.0868641808629036, 0.2282857596874237
n,-0.014093182981014252, 0.0868641808629036, 0.2282857596874237
n,-0.014093182981014252, 0.0868641808629036, 0.2282857596874237
n,-0.06117500364780426, -0.0627691000699997, 0.22842076420783997
n,-0.06117500364780426, -0.0627691000699997, 0.22842076420783997
n,-0.06117500364780426, -0.0627691000699997, 0.22842076420783997
n,0.06058996543288231, -0.06180832162499428, 0.22883832454681396
n,0.06058996543288231, -0.06180832162499428, 0.22883832454681396
n,0.06058996543288231, -0.06180832162499428, 0.22883832454681396
n,0.0161503367125988, 0.0861254632472992, 0.22842931747436523
n,0.0161503367125988, 0.0861254632472992, 0.22842931747436523
n,0.0161503367125988, 0.0861254632472992, 0.22842931747436523
n,-0.0769910141825676, -0.04148620739579201, 0.228494331240654
n,-0.0769910141825676, -0.04148620739579201, 0.228494331240654
n,-0.0769910141825676, -0.04148620739579201, 0.228494331240654
n,0.039092596620321274, -0.07720399647951126, 0.2288442701101303
n,0.039092596620321274, -0.07720399647951126, 0.2288442701101303
n,0.039092596620321274, -0.07720399647951126, 0.2288442701101303
n,0.04125838726758957, 0.07640726119279861, 0.2287314236164093
n,0.04125838726758957, 0.07640726119279861, 0.2287314236164093
n,0.04125838726758957, 0.07640726119279861, 0.2287314236164093
n,-0.08487856388092041, -0.01583799161016941, 0.22891740500926971
n,-0.08487856388092041, -0.01583799161016941, 0.22891740500926971
n,-0.08487856388092041, -0.01583799161016941, 0.22891740500926971
n,0.20138446986675262, -0.10775190591812134, 0.08770525455474854
n,0.20138446986675262, -0.10775190591812134, 0.08770525455474854
n,0.20138446986675262, -0.10775190591812134, 0.08770525455474854
n,-0.03681306540966034, 0.22979390621185303, 0.0754847377538681
n,-0.03681306540966034, 0.22979390621185303, 0.0754847377538681
n,-0.03681306540966034, 0.22979390621185303, 0.0754847377538681
n,-0.15743784606456757, -0.1638587862253189, 0.09067530184984207
n,-0.15743784606456757, -0.1638587862253189, 0.09067530184984207
n,-0.15743784606456757, -0.1638587862253189, 0.09067530184984207
n,0.16133630275726318, -0.16050884127616882, 0.08981036394834518
n,0.16133630275726318, -0.16050884127616882, 0.08981036394834518
n,0.16133630275726318, -0.16050884127616882, 0.08981036394834518
n,0.038784440606832504, 0.22980330884456635, 0.07446200400590897
n,0.038784440606832504, 0.22980330884456635, 0.07446200400590897
n,0.038784440606832504, 0.22980330884456635, 0.07446200400590897
n,-0.2014881819486618, -0.10722152143716812, 0.08811606466770172
n,-0.2014881819486618, -0.10722152143716812, 0.08811606466770172
n,-0.2014881819486618, -0.10722152143716812, 0.08811606466770172
n,0.10375606268644333, -0.20321671664714813, 0.0882951095700264
n,0.10375606268644333, -0.20321671664714813, 0.0882951095700264
n,0.10375606268644333, -0.20321671664714813, 0.0882951095700264
n,0.1082676500082016, 0.20645950734615326, 0.0742359533905983
n,0.1082676500082016, 0.20645950734615326, 0.0742359533905983
n,0.1082676500082016, 0.20645950734615326, 0.0742359533905983
n,-0.2263297289609909, -0.036840684711933136, 0.08529951423406601
n,-0.2263297289609909, -0.036840684711933136, 0.08529951423406601
n,-0.2263297289609909, -0.036840684711933136, 0.08529951423406601
n,0.0356907919049263, -0.22552770376205444, 0.08787383139133453
n,0.0356907919049263, -0.22552770376205444, 0.08787383139133453
n,0.0356907919049263, -0.22552770376205444, 0.08787383139133453
n,0.16674353182315826, 0.1625218391418457, 0.07511080801486969
n,0.16674353182315826, 0.1625218391418457, 0.07511080801486969
n,0.16674353182315826, 0.1625218391418457, 0.07511080801486969
n,-0.22705678641796112, 0.035078562796115875, 0.08410174399614334
n,-0.22705678641796112, 0.035078562796115875, 0.08410174399614334
n,-0.22705678641796112, 0.035078562796115875, 0.08410174399614334
n,0.20792987942695618, 0.10418589413166046, 0.0759529396891594
n,0.20792987942695618, 0.10418589413166046, 0.0759529396891594
n,0.20792987942695618, 0.10418589413166046, 0.0759529396891594
n,-0.20549741387367249, 0.1050742119550705, 0.08117023855447769
n,-0.20549741387367249, 0.1050742119550705, 0.08117023855447769
n,-0.20549741387367249, 0.1050742119550705, 0.08117023855447769
n,0.22867214679718018, 0.03476034477353096, 0.07974434643983841
n,0.22867214679718018, 0.03476034477353096, 0.07974434643983841
n,0.22867214679718018, 0.03476034477353096, 0.07974434643983841
n,-0.164877787232399, 0.16225288808345795, 0.0796724334359169
n,-0.164877787232399, 0.16225288808345795, 0.0796724334359169
n,-0.164877787232399, 0.16225288808345795, 0.0796724334359169
n,-0.036629755049943924, -0.22512933611869812, 0.08850661665201187
n,-0.036629755049943924, -0.22512933611869812, 0.08850661665201187
n,-0.036629755049943924, -0.22512933611869812, 0.08850661665201187
n,0.22552470862865448, -0.03907185047864914, 0.08643137663602829
n,0.22552470862865448, -0.03907185047864914, 0.08643137663602829
n,0.22552470862865448, -0.03907185047864914, 0.08643137663602829
n,-0.10740286111831665, 0.20588365197181702, 0.0770384669303894
n,-0.10740286111831665, 0.20588365197181702, 0.0770384669303894
n,-0.10740286111831665, 0.20588365197181702, 0.0770384669303894
n,-0.10341840982437134, -0.2037261575460434, 0.08751387894153595
n,-0.10341840982437134, -0.2037261575460434, 0.08751387894153595
n,-0.10341840982437134, -0.2037261575460434, 0.08751387894153595
n,0.21210232377052307, 0.1062808483839035, -0.05979439243674278
n,0.21210232377052307, 0.1062808483839035, -0.05979439243674278
n,0.21210232377052307, 0.1062808483839035, -0.05979439243674278
n,-0.21134044229984283, 0.10658182203769684, -0.061918627470731735
n,-0.21134044229984283, 0.10658182203769684, -0.061918627470731735
n,-0.21134044229984283, 0.10658182203769684, -0.061918627470731735
n,0.23342041671276093, 0.03558557853102684, -0.06408558040857315
n,0.23342041671276093, 0.03558557853102684, -0.06408558040857315
n,0.23342041671276093, 0.03558557853102684, -0.06408558040857315
n,-0.16958090662956238, 0.16542388498783112, -0.06111995503306389
n,-0.16958090662956238, 0.16542388498783112, -0.06111995503306389
n,-0.16958090662956238, 0.16542388498783112, -0.06111995503306389
n,-0.03782832249999046, -0.23229393362998962, -0.06683505326509476
n,-0.03782832249999046, -0.23229393362998962, -0.06683505326509476
n,-0.03782832249999046, -0.23229393362998962, -0.06683505326509476
n,0.2324860692024231, -0.040062837302684784, -0.06483504921197891
n,0.2324860692024231, -0.040062837302684784, -0.06483504921197891
n,0.2324860692024231, -0.040062837302684784, -0.06483504921197891
n,-0.1097048670053482, 0.21008342504501343, -0.0607304722070694
n,-0.1097048670053482, 0.21008342504501343, -0.0607304722070694
n,-0.1097048670053482, 0.21008342504501343, -0.0607304722070694
n,-0.10599822551012039, -0.21009616553783417, -0.0669504851102829
n,-0.10599822551012039, -0.21009616553783417, -0.0669504851102829
n,-0.10599822551012039, -0.21009616553783417, -0.0669504851102829
n,0.20878927409648895, -0.11172217130661011, -0.06151082366704941
n,0.20878927409648895, -0.11172217130661011, -0.06151082366704941
n,0.20878927409648895, -0.11172217130661011, -0.06151082366704941
n,-0.03757834434509277, 0.2340727001428604, -0.06046675518155098
n,-0.03757834434509277, 0.2340727001428604, -0.06046675518155098
n,-0.03757834434509277, 0.2340727001428604, -0.06046675518155098
n,-0.16321419179439545, -0.16953998804092407, -0.06690075993537903
n,-0.16321419179439545, -0.16953998804092407, -0.06690075993537903
n,-0.16321419179439545, -0.16953998804092407, -0.06690075993537903
n,0.16600070893764496, -0.16670559346675873, -0.06716699153184891
n,0.16600070893764496, -0.16670559346675873, -0.06716699153184891
n,0.16600070893764496, -0.16670559346675873, -0.06716699153184891
n,0.039163604378700256, 0.2340960055589676, -0.05936041474342346
n,0.039163604378700256, 0.2340960055589676, -0.05936041474342346
n,0.039163604378700256, 0.2340960055589676, -0.05936041474342346
n,-0.20787815749645233, -0.1103268414735794, -0.06688085943460464
n,-0.20787815749645233, -0.1103268414735794, -0.06688085943460464
n,-0.20787815749645233, -0.1103268414735794, -0.06688085943460464
n,0.107742078602314, -0.20849667489528656, -0.0691315159201622
n,0.107742078602314, -0.20849667489528656, -0.0691315159201622
n,0.107742078602314, -0.20849667489528656, -0.0691315159201622
n,0.1094459593296051, 0.21023696660995483, -0.06066620349884033
n,0.1094459593296051, 0.21023696660995483, -0.06066620349884033
n,0.1094459593296051, 0.21023696660995483, -0.06066620349884033
n,-0.2323974370956421, -0.03958825021982193, -0.06544145196676254
n,-0.2323974370956421, -0.03958825021982193, -0.06544145196676254
n,-0.2323974370956421, -0.03958825021982193, -0.06544145196676254
n,0.03635545074939728, -0.2319726049900055, -0.06874143332242966
n,0.03635545074939728, -0.2319726049900055, -0.06874143332242966
n,0.03635545074939728, -0.2319726049900055, -0.06874143332242966
n,0.17001678049564362, 0.16568590700626373, -0.05916799232363701
n,0.17001678049564362, 0.16568590700626373, -0.05916799232363701
n,0.17001678049564362, 0.16568590700626373, -0.05916799232363701
n,-0.23382385075092316, 0.03540606424212456, -0.06269925832748413
n,-0.23382385075092316, 0.03540606424212456, -0.06269925832748413
n,-0.23382385075092316, 0.03540606424212456, -0.06269925832748413
n,-0.0382896326482296, -0.24013175070285797, -0.027000688016414642
n,-0.0382896326482296, -0.24013175070285797, -0.027000688016414642
n,-0.0382896326482296, -0.24013175070285797, -0.027000688016414642
n,-0.031434316188097, -0.1933647096157074, 0.14656178653240204
n,-0.031434316188097, -0.1933647096157074, 0.14656178653240204
n,-0.031434316188097, -0.1933647096157074, 0.14656178653240204
n,-0.0029856781475245953, -0.03029816225171089, 0.242758110165596
n,-0.0029856781475245953, -0.03029816225171089, 0.242758110165596
n,-0.0029856781475245953, -0.03029816225171089, 0.242758110165596
n,-0.035544924437999725, -0.2240709364414215, -0.09158142656087875
n,-0.035544924437999725, -0.2240709364414215, -0.09158142656087875
n,-0.035544924437999725, -0.2240709364414215, -0.09158142656087875
n,-0.035423748195171356, -0.2241976410150528, 0.09131792932748795
n,-0.035423748195171356, -0.2241976410150528, 0.09131792932748795
n,-0.035423748195171356, -0.2241976410150528, 0.09131792932748795
n,-0.015632394701242447, -0.08860639482736588, 0.22751466929912567
n,-0.015632394701242447, -0.08860639482736588, 0.22751466929912567
n,-0.015632394701242447, -0.08860639482736588, 0.22751466929912567
n,-0.03207625448703766, -0.19516156613826752, -0.14401893317699432
n,-0.03207625448703766, -0.19516156613826752, -0.14401893317699432
n,-0.03207625448703766, -0.19516156613826752, -0.14401893317699432
n,-0.037996500730514526, -0.23986998200416565, 0.029614942148327827
n,-0.037996500730514526, -0.23986998200416565, 0.029614942148327827
n,-0.037996500730514526, -0.23986998200416565, 0.029614942148327827
n,-0.02515447326004505, -0.15155743062496185, 0.19041001796722412
n,-0.02515447326004505, -0.15155743062496185, 0.19041001796722412
n,-0.02515447326004505, -0.15155743062496185, 0.19041001796722412
n,-0.07405272126197815, -0.14451827108860016, -0.18300014734268188
n,-0.07405272126197815, -0.14451827108860016, -0.18300014734268188
n,-0.07405272126197815, -0.14451827108860016, -0.18300014734268188
n,-0.04177281633019447, -0.0810723528265953, 0.22702574729919434
n,-0.04177281633019447, -0.0810723528265953, 0.22702574729919434
n,-0.04177281633019447, -0.0810723528265953, 0.22702574729919434
n,-0.08983776718378067, -0.17553287744522095, -0.1448301076889038
n,-0.08983776718378067, -0.17553287744522095, -0.1448301076889038
n,-0.08983776718378067, -0.17553287744522095, -0.1448301076889038
n,-0.11012779921293259, -0.21641813218593597, 0.029890624806284904
n,-0.11012779921293259, -0.21641813218593597, 0.029890624806284904
n,-0.11012779921293259, -0.21641813218593597, 0.029890624806284904
n,-0.0700502097606659, -0.13688842952251434, 0.19029690325260162
n,-0.0700502097606659, -0.13688842952251434, 0.19029690325260162
n,-0.0700502097606659, -0.13688842952251434, 0.19029690325260162
n,-0.1150275319814682, -0.11634056270122528, -0.1819118857383728
n,-0.1150275319814682, -0.11634056270122528, -0.1819118857383728
n,-0.1150275319814682, -0.11634056270122528, -0.1819118857383728
n,-0.11058075726032257, -0.2165290266275406, -0.027303190901875496
n,-0.11058075726032257, -0.2165290266275406, -0.027303190901875496
n,-0.11058075726032257, -0.2165290266275406, -0.027303190901875496
n,-0.08908625692129135, -0.17455142736434937, 0.14647124707698822
n,-0.08908625692129135, -0.17455142736434937, 0.14647124707698822
n,-0.08908625692129135, -0.17455142736434937, 0.14647124707698822
n,-0.013840570114552975, -0.02677770145237446, 0.24279575049877167
n,-0.013840570114552975, -0.02677770145237446, 0.24279575049877167
n,-0.013840570114552975, -0.02677770145237446, 0.24279575049877167
n,-0.10362117737531662, -0.20184120535850525, -0.09154872596263885
n,-0.10362117737531662, -0.20184120535850525, -0.09154872596263885
n,-0.10362117737531662, -0.20184120535850525, -0.09154872596263885
n,-0.10322341322898865, -0.20215415954589844, 0.09130723029375076
n,-0.10322341322898865, -0.20215415954589844, 0.09130723029375076
n,-0.10322341322898865, -0.20215415954589844, 0.09130723029375076
n,-0.13845166563987732, -0.13851504027843475, 0.1466393619775772
n,-0.13845166563987732, -0.13851504027843475, 0.1466393619775772
n,-0.13845166563987732, -0.13851504027843475, 0.1466393619775772
n,-0.020919151604175568, -0.021635467186570168, 0.2428017407655716
n,-0.020919151604175568, -0.021635467186570168, 0.2428017407655716
n,-0.020919151604175568, -0.021635467186570168, 0.2428017407655716
n,-0.1599392145872116, -0.16099222004413605, -0.09142938256263733
n,-0.1599392145872116, -0.16099222004413605, -0.09142938256263733
n,-0.1599392145872116, -0.16099222004413605, -0.09142938256263733
n,-0.1603388637304306, -0.16069401800632477, 0.091253861784935
n,-0.1603388637304306, -0.16069401800632477, 0.091253861784935
n,-0.1603388637304306, -0.16069401800632477, 0.091253861784935
n,-0.06424146145582199, -0.06486836075782776, 0.22698791325092316
n,-0.06424146145582199, -0.06486836075782776, 0.22698791325092316
n,-0.06424146145582199, -0.06486836075782776, 0.22698791325092316
n,-0.13897712528705597, -0.14028388261795044, -0.14444439113140106
n,-0.13897712528705597, -0.14028388261795044, -0.14444439113140106
n,-0.13897712528705597, -0.14028388261795044, -0.14444439113140106
n,-0.1716066151857376, -0.17180125415325165, 0.029898064211010933
n,-0.1716066151857376, -0.17180125415325165, 0.029898064211010933
n,-0.1716066151857376, -0.17180125415325165, 0.029898064211010933
n,-0.10894833505153656, -0.1088305190205574, 0.1901172399520874
n,-0.10894833505153656, -0.1088305190205574, 0.1901172399520874
n,-0.10894833505153656, -0.1088305190205574, 0.1901172399520874
n,-0.14584101736545563, -0.07581960409879684, -0.18121856451034546
n,-0.14584101736545563, -0.07581960409879684, -0.18121856451034546
n,-0.14584101736545563, -0.07581960409879684, -0.18121856451034546
n,-0.1717655509710312, -0.17201325297355652, -0.027684150263667107
n,-0.1717655509710312, -0.17201325297355652, -0.027684150263667107
n,-0.1717655509710312, -0.17201325297355652, -0.027684150263667107
n,-0.13723710179328918, -0.06985249370336533, 0.19011837244033813
n,-0.13723710179328918, -0.06985249370336533, 0.19011837244033813
n,-0.13723710179328918, -0.06985249370336533, 0.19011837244033813
n,-0.16183553636074066, -0.027621928602457047, -0.18139643967151642
n,-0.16183553636074066, -0.027621928602457047, -0.18139643967151642
n,-0.16183553636074066, -0.027621928602457047, -0.18139643967151642
n,-0.2160782516002655, -0.111422099173069, -0.027453437447547913
n,-0.2160782516002655, -0.111422099173069, -0.027453437447547913
n,-0.2160782516002655, -0.111422099173069, -0.027453437447547913
n,-0.17451244592666626, -0.08885186910629272, 0.14665992558002472
n,-0.17451244592666626, -0.08885186910629272, 0.14665992558002472
n,-0.17451244592666626, -0.08885186910629272, 0.14665992558002472
n,-0.025741083547472954, -0.01500749308615923, 0.2428385317325592
n,-0.025741083547472954, -0.01500749308615923, 0.2428385317325592
n,-0.025741083547472954, -0.01500749308615923, 0.2428385317325592
n,-0.20154394209384918, -0.1048727035522461, -0.09077522903680801
n,-0.20154394209384918, -0.1048727035522461, -0.09077522903680801
n,-0.20154394209384918, -0.1048727035522461, -0.09077522903680801
n,-0.20156946778297424, -0.10352244228124619, 0.09225639700889587
n,-0.20156946778297424, -0.10352244228124619, 0.09225639700889587
n,-0.20156946778297424, -0.10352244228124619, 0.09225639700889587
n,-0.08047439157962799, -0.04268215224146843, 0.22706934809684753
n,-0.08047439157962799, -0.04268215224146843, 0.22706934809684753
n,-0.08047439157962799, -0.04268215224146843, 0.22706934809684753
n,-0.17523707449436188, -0.09076672792434692, -0.1446089893579483
n,-0.17523707449436188, -0.09076672792434692, -0.1446089893579483
n,-0.17523707449436188, -0.09076672792434692, -0.1446089893579483
n,-0.21588684618473053, -0.11111080646514893, 0.030093926936388016
n,-0.21588684618473053, -0.11111080646514893, 0.030093926936388016
n,-0.21588684618473053, -0.11111080646514893, 0.030093926936388016
n,-0.22330036759376526, -0.03633568063378334, 0.09313993155956268
n,-0.22330036759376526, -0.03633568063378334, 0.09313993155956268
n,-0.22330036759376526, -0.03633568063378334, 0.09313993155956268
n,-0.08827492594718933, -0.017880093306303024, 0.22747796773910522
n,-0.08827492594718933, -0.017880093306303024, 0.22747796773910522
n,-0.08827492594718933, -0.017880093306303024, 0.22747796773910522
n,-0.19462697207927704, -0.0328306183218956, -0.14457136392593384
n,-0.19462697207927704, -0.0328306183218956, -0.14457136392593384
n,-0.19462697207927704, -0.0328306183218956, -0.14457136392593384
n,-0.23977825045585632, -0.03817722946405411, 0.030120983719825745
n,-0.23977825045585632, -0.03817722946405411, 0.030120983719825745
n,-0.23977825045585632, -0.03817722946405411, 0.030120983719825745
n,-0.1527988463640213, -0.024385368451476097, 0.1895158290863037
n,-0.1527988463640213, -0.024385368451476097, 0.1895158290863037
n,-0.1527988463640213, -0.024385368451476097, 0.1895158290863037
n,-0.16175977885723114, 0.024455424398183823, -0.18191781640052795
n,-0.16175977885723114, 0.024455424398183823, -0.18191781640052795
n,-0.16175977885723114, 0.024455424398183823, -0.18191781640052795
n,-0.24006909132003784, -0.03886966407299042, -0.026727642863988876
n,-0.24006909132003784, -0.03886966407299042, -0.026727642863988876
n,-0.24006909132003784, -0.03886966407299042, -0.026727642863988876
n,-0.1933998167514801, -0.030774855986237526, 0.1466553807258606
n,-0.1933998167514801, -0.030774855986237526, 0.1466553807258606
n,-0.1933998167514801, -0.030774855986237526, 0.1466553807258606
n,-0.028281059116125107, -0.007225322537124157, 0.24291227757930756
n,-0.028281059116125107, -0.007225322537124157, 0.24291227757930756
n,-0.028281059116125107, -0.007225322537124157, 0.24291227757930756
n,-0.22424384951591492, -0.036475326865911484, -0.09078891575336456
n,-0.22424384951591492, -0.036475326865911484, -0.09078891575336456
n,-0.22424384951591492, -0.036475326865911484, -0.09078891575336456
n,-0.19350522756576538, 0.02893727272748947, 0.14689025282859802
n,-0.19350522756576538, 0.02893727272748947, 0.14689025282859802
n,-0.19350522756576538, 0.02893727272748947, 0.14689025282859802
n,-0.028291886672377586, 0.0037735500372946262, 0.24298912286758423
n,-0.028291886672377586, 0.0037735500372946262, 0.24298912286758423
n,-0.028291886672377586, 0.0037735500372946262, 0.24298912286758423
n,-0.22455033659934998, 0.034765809774398804, -0.09070213884115219
n,-0.22455033659934998, 0.034765809774398804, -0.09070213884115219
n,-0.22455033659934998, 0.034765809774398804, -0.09070213884115219
n,-0.22355379164218903, 0.034475985914468765, 0.09323889017105103
n,-0.22355379164218903, 0.034475985914468765, 0.09323889017105103
n,-0.22355379164218903, 0.034475985914468765, 0.09323889017105103
n,-0.0883769765496254, 0.015207718126475811, 0.22763264179229736
n,-0.0883769765496254, 0.015207718126475811, 0.22763264179229736
n,-0.0883769765496254, 0.015207718126475811, 0.22763264179229736
n,-0.19493383169174194, 0.029724840074777603, -0.144829660654068
n,-0.19493383169174194, 0.029724840074777603, -0.144829660654068
n,-0.19493383169174194, 0.029724840074777603, -0.144829660654068
n,-0.24005861580371857, 0.03685671463608742, 0.02952682413160801
n,-0.24005861580371857, 0.03685671463608742, 0.02952682413160801
n,-0.24005861580371857, 0.03685671463608742, 0.02952682413160801
n,-0.15330307185649872, 0.022713078185915947, 0.18931633234024048
n,-0.15330307185649872, 0.022713078185915947, 0.18931633234024048
n,-0.15330307185649872, 0.022713078185915947, 0.18931633234024048
n,-0.14552699029445648, 0.07306228578090668, -0.18259842693805695
n,-0.14552699029445648, 0.07306228578090668, -0.18259842693805695
n,-0.14552699029445648, 0.07306228578090668, -0.18259842693805695
n,-0.2402944713830948, 0.03743297606706619, -0.026752911508083344
n,-0.2402944713830948, 0.03743297606706619, -0.026752911508083344
n,-0.2402944713830948, 0.03743297606706619, -0.026752911508083344
n,-0.21712973713874817, 0.10882218182086945, 0.029509123414754868
n,-0.21712973713874817, 0.10882218182086945, 0.029509123414754868
n,-0.21712973713874817, 0.10882218182086945, 0.029509123414754868
n,-0.13885293900966644, 0.06803541630506516, 0.18960335850715637
n,-0.13885293900966644, 0.06803541630506516, 0.18960335850715637
n,-0.13885293900966644, 0.06803541630506516, 0.18960335850715637
n,-0.1161869689822197, 0.11453649401664734, -0.18231938779354095
n,-0.1161869689822197, 0.11453649401664734, -0.18231938779354095
n,-0.1161869689822197, 0.11453649401664734, -0.18231938779354095
n,-0.21706731617450714, 0.10949289053678513, -0.027413051575422287
n,-0.21706731617450714, 0.10949289053678513, -0.027413051575422287
n,-0.21706731617450714, 0.10949289053678513, -0.027413051575422287
n,-0.17524653673171997, 0.08650810271501541, 0.1471848487854004
n,-0.17524653673171997, 0.08650810271501541, 0.1471848487854004
n,-0.17524653673171997, 0.08650810271501541, 0.1471848487854004
n,-0.025436751544475555, 0.01256713829934597, 0.24300910532474518
n,-0.025436751544475555, 0.01256713829934597, 0.24300910532474518
n,-0.025436751544475555, 0.01256713829934597, 0.24300910532474518
n,-0.2026158720254898, 0.10279995203018188, -0.09075993299484253
n,-0.2026158720254898, 0.10279995203018188, -0.09075993299484253
n,-0.2026158720254898, 0.10279995203018188, -0.09075993299484253
n,-0.20250163972377777, 0.10131918638944626, 0.09266011416912079
n,-0.20250163972377777, 0.10131918638944626, 0.09266011416912079
n,-0.20250163972377777, 0.10131918638944626, 0.09266011416912079
n,-0.08099005371332169, 0.03972415253520012, 0.22742249071598053
n,-0.08099005371332169, 0.03972415253520012, 0.22742249071598053
n,-0.08099005371332169, 0.03972415253520012, 0.22742249071598053
n,-0.17622262239456177, 0.08868633955717087, -0.14470212161540985
n,-0.17622262239456177, 0.08868633955717087, -0.14470212161540985
n,-0.17622262239456177, 0.08868633955717087, -0.14470212161540985
n,-0.1621776670217514, 0.15834546089172363, 0.0921059250831604
n,-0.1621776670217514, 0.15834546089172363, 0.0921059250831604
n,-0.1621776670217514, 0.15834546089172363, 0.0921059250831604
n,-0.06445524096488953, 0.06120889261364937, 0.227941632270813
n,-0.06445524096488953, 0.06120889261364937, 0.227941632270813
n,-0.06445524096488953, 0.06120889261364937, 0.227941632270813
n,-0.14048230648040771, 0.13883821666240692, -0.14438509941101074
n,-0.14048230648040771, 0.13883821666240692, -0.14438509941101074
n,-0.14048230648040771, 0.13883821666240692, -0.14438509941101074
n,-0.17346146702766418, 0.17003639042377472, 0.029276926070451736
n,-0.17346146702766418, 0.17003639042377472, 0.029276926070451736
n,-0.17346146702766418, 0.17003639042377472, 0.029276926070451736
n,-0.11040864139795303, 0.10649653524160385, 0.19059592485427856
n,-0.11040864139795303, 0.10649653524160385, 0.19059592485427856
n,-0.11040864139795303, 0.10649653524160385, 0.19059592485427856
n,-0.07583733648061752, 0.14440926909446716, -0.1823541820049286
n,-0.07583733648061752, 0.14440926909446716, -0.1823541820049286
n,-0.07583733648061752, 0.14440926909446716, -0.1823541820049286
n,-0.1734434962272644, 0.17023484408855438, -0.02821052260696888
n,-0.1734434962272644, 0.17023484408855438, -0.02821052260696888
n,-0.1734434962272644, 0.17023484408855438, -0.02821052260696888
n,-0.14002732932567596, 0.1355278491973877, 0.14792878925800323
n,-0.14002732932567596, 0.1355278491973877, 0.14792878925800323
n,-0.14002732932567596, 0.1355278491973877, 0.14792878925800323
n,-0.020266035571694374, 0.019686611369252205, 0.2430228590965271
n,-0.020266035571694374, 0.019686611369252205, 0.2430228590965271
n,-0.020266035571694374, 0.019686611369252205, 0.2430228590965271
n,-0.16154628992080688, 0.15903089940547943, -0.09203455597162247
n,-0.16154628992080688, 0.15903089940547943, -0.09203455597162247
n,-0.16154628992080688, 0.15903089940547943, -0.09203455597162247
n,-0.11245153099298477, 0.21531923115253448, -0.02916630357503891
n,-0.11245153099298477, 0.21531923115253448, -0.02916630357503891
n,-0.11245153099298477, 0.21531923115253448, -0.02916630357503891
n,-0.0908181443810463, 0.1718984693288803, 0.14853070676326752
n,-0.0908181443810463, 0.1718984693288803, 0.14853070676326752
n,-0.0908181443810463, 0.1718984693288803, 0.14853070676326752
n,-0.013017093762755394, 0.024955281987786293, 0.24303533136844635
n,-0.013017093762755394, 0.024955281987786293, 0.24303533136844635
n,-0.013017093762755394, 0.024955281987786293, 0.24303533136844635
n,-0.10445709526538849, 0.20080295205116272, -0.09287237375974655
n,-0.10445709526538849, 0.20080295205116272, -0.09287237375974655
n,-0.10445709526538849, 0.20080295205116272, -0.09287237375974655
n,-0.10602682828903198, 0.2000194489955902, 0.09278424829244614
n,-0.10602682828903198, 0.2000194489955902, 0.09278424829244614
n,-0.10602682828903198, 0.2000194489955902, 0.09278424829244614
n,-0.042166076600551605, 0.07753930985927582, 0.2281842678785324
n,-0.042166076600551605, 0.07753930985927582, 0.2281842678785324
n,-0.042166076600551605, 0.07753930985927582, 0.2281842678785324
n,-0.09115128219127655, 0.17458811402320862, -0.1451510339975357
n,-0.09115128219127655, 0.17458811402320862, -0.1451510339975357
n,-0.09115128219127655, 0.17458811402320862, -0.1451510339975357
n,-0.11296797543764114, 0.21511892974376678, 0.028643805533647537
n,-0.11296797543764114, 0.21511892974376678, 0.028643805533647537
n,-0.11296797543764114, 0.21511892974376678, 0.028643805533647537
n,-0.07176433503627777, 0.13496188819408417, 0.19103287160396576
n,-0.07176433503627777, 0.13496188819408417, 0.19103287160396576
n,-0.07176433503627777, 0.13496188819408417, 0.19103287160396576
n,-0.026263536885380745, 0.16058701276779175, -0.18270310759544373
n,-0.026263536885380745, 0.16058701276779175, -0.18270310759544373
n,-0.026263536885380745, 0.16058701276779175, -0.18270310759544373
n,-0.03875117003917694, 0.2398514449596405, 0.028775254264473915
n,-0.03875117003917694, 0.2398514449596405, 0.028775254264473915
n,-0.03875117003917694, 0.2398514449596405, 0.028775254264473915
n,-0.025217248126864433, 0.15022136270999908, 0.1914576143026352
n,-0.025217248126864433, 0.15022136270999908, 0.1914576143026352
n,-0.025217248126864433, 0.15022136270999908, 0.1914576143026352
n,0.026819951832294464, 0.1601199060678482, -0.18303194642066956
n,0.026819951832294464, 0.1601199060678482, -0.18303194642066956
n,0.026819951832294464, 0.1601199060678482, -0.18303194642066956
n,-0.03932254761457443, 0.23978039622306824, -0.02859169989824295
n,-0.03932254761457443, 0.23978039622306824, -0.02859169989824295
n,-0.03932254761457443, 0.23978039622306824, -0.02859169989824295
n,-0.03100050613284111, 0.19209621846675873, 0.14831183850765228
n,-0.03100050613284111, 0.19209621846675873, 0.14831183850765228
n,-0.03100050613284111, 0.19209621846675873, 0.14831183850765228
n,-0.005105562508106232, 0.027528099715709686, 0.24305251240730286
n,-0.005105562508106232, 0.027528099715709686, 0.24305251240730286
n,-0.005105562508106232, 0.027528099715709686, 0.24305251240730286
n,-0.036604736000299454, 0.22324803471565247, -0.09316004812717438
n,-0.036604736000299454, 0.22324803471565247, -0.09316004812717438
n,-0.036604736000299454, 0.22324803471565247, -0.09316004812717438
n,-0.035774704068899155, 0.22346045076847076, 0.09297306835651398
n,-0.035774704068899155, 0.22346045076847076, 0.09297306835651398
n,-0.035774704068899155, 0.22346045076847076, 0.09297306835651398
n,-0.015082865953445435, 0.08555211871862411, 0.22871758043766022
n,-0.015082865953445435, 0.08555211871862411, 0.22871758043766022
n,-0.015082865953445435, 0.08555211871862411, 0.22871758043766022
n,-0.03156714513897896, 0.19399850070476532, -0.1456930935382843
n,-0.03156714513897896, 0.19399850070476532, -0.1456930935382843
n,-0.03156714513897896, 0.19399850070476532, -0.1456930935382843
n,0.03644225373864174, 0.22351889312267303, -0.0925724059343338
n,0.03644225373864174, 0.22351889312267303, -0.0925724059343338
n,0.03644225373864174, 0.22351889312267303, -0.0925724059343338
n,0.03772108256816864, 0.22326891124248505, 0.09266336262226105
n,0.03772108256816864, 0.22326891124248505, 0.09266336262226105
n,0.03772108256816864, 0.22326891124248505, 0.09266336262226105
n,0.013248990289866924, 0.08559074252843857, 0.2288166880607605
n,0.013248990289866924, 0.08559074252843857, 0.2288166880607605
n,0.013248990289866924, 0.08559074252843857, 0.2288166880607605
n,0.03218347206711769, 0.19393491744995117, -0.14564289152622223
n,0.03218347206711769, 0.19393491744995117, -0.14564289152622223
n,0.03218347206711769, 0.19393491744995117, -0.14564289152622223
n,0.03971907123923302, 0.23964770138263702, 0.029150808230042458
n,0.03971907123923302, 0.23964770138263702, 0.029150808230042458
n,0.03971907123923302, 0.23964770138263702, 0.029150808230042458
n,0.025532007217407227, 0.1511077731847763, 0.1907169073820114
n,0.025532007217407227, 0.1511077731847763, 0.1907169073820114
n,0.025532007217407227, 0.1511077731847763, 0.1907169073820114
n,0.0751226469874382, 0.1438322216272354, -0.1831045150756836
n,0.0751226469874382, 0.1438322216272354, -0.1831045150756836
n,0.0751226469874382, 0.1438322216272354, -0.1831045150756836
n,0.039575982838869095, 0.23973719775676727, -0.02860429137945175
n,0.039575982838869095, 0.23973719775676727, -0.02860429137945175
n,0.039575982838869095, 0.23973719775676727, -0.02860429137945175
n,0.032653290778398514, 0.19192473590373993, 0.1481790840625763
n,0.032653290778398514, 0.19192473590373993, 0.1481790840625763
n,0.032653290778398514, 0.19192473590373993, 0.1481790840625763
n,0.0035493045579642057, 0.027532149106264114, 0.2430797517299652
n,0.0035493045579642057, 0.027532149106264114, 0.2430797517299652
n,0.0035493045579642057, 0.027532149106264114, 0.2430797517299652
n,0.11206202208995819, 0.21562832593917847, -0.02837095595896244
n,0.11206202208995819, 0.21562832593917847, -0.02837095595896244
n,0.11206202208995819, 0.21562832593917847, -0.02837095595896244
n,0.09081253409385681, 0.17290683090686798, 0.14735908806324005
n,0.09081253409385681, 0.17290683090686798, 0.14735908806324005
n,0.09081253409385681, 0.17290683090686798, 0.14735908806324005
n,0.012567037716507912, 0.024604015052318573, 0.2430948168039322
n,0.012567037716507912, 0.024604015052318573, 0.2430948168039322
n,0.012567037716507912, 0.024604015052318573, 0.2430948168039322
n,0.10447101294994354, 0.20101727545261383, -0.09239186346530914
n,0.10447101294994354, 0.20101727545261383, -0.09239186346530914
n,0.10447101294994354, 0.20101727545261383, -0.09239186346530914
n,0.10507823526859283, 0.2007349282503128, 0.09231704473495483
n,0.10507823526859283, 0.2007349282503128, 0.09231704473495483
n,0.10507823526859283, 0.2007349282503128, 0.09231704473495483
n,0.041796617209911346, 0.07644586265087128, 0.2286207675933838
n,0.041796617209911346, 0.07644586265087128, 0.2286207675933838
n,0.041796617209911346, 0.07644586265087128, 0.2286207675933838
n,0.09063311666250229, 0.17436084151268005, -0.14574745297431946
n,0.09063311666250229, 0.17436084151268005, -0.14574745297431946
n,0.09063311666250229, 0.17436084151268005, -0.14574745297431946
n,0.11244093626737595, 0.21525318920612335, 0.02968977577984333
n,0.11244093626737595, 0.21525318920612335, 0.02968977577984333
n,0.11244093626737595, 0.21525318920612335, 0.02968977577984333
n,0.07170691341161728, 0.13572558760643005, 0.19051264226436615
n,0.07170691341161728, 0.13572558760643005, 0.19051264226436615
n,0.07170691341161728, 0.13572558760643005, 0.19051264226436615
n,0.11589526385068893, 0.11398022621870041, -0.18285289406776428
n,0.11589526385068893, 0.11398022621870041, -0.18285289406776428
n,0.11589526385068893, 0.11398022621870041, -0.18285289406776428
n,0.1401049792766571, 0.1381833255290985, -0.14537660777568817
n,0.1401049792766571, 0.1381833255290985, -0.14537660777568817
n,0.1401049792766571, 0.1381833255290985, -0.14537660777568817
n,0.17300760746002197, 0.1704370230436325, 0.029630495235323906
n,0.17300760746002197, 0.1704370230436325, 0.029630495235323906
n,0.17300760746002197, 0.1704370230436325, 0.029630495235323906
n,0.11001469194889069, 0.10758205503225327, 0.19021371006965637
n,0.11001469194889069, 0.10758205503225327, 0.19021371006965637
n,0.11001469194889069, 0.10758205503225327, 0.19021371006965637
n,0.14473429322242737, 0.07277847826480865, -0.18334029614925385
n,0.14473429322242737, 0.07277847826480865, -0.18334029614925385
n,0.14473429322242737, 0.07277847826480865, -0.18334029614925385
n,0.17293429374694824, 0.17090798914432526, -0.027250351384282112
n,0.17293429374694824, 0.17090798914432526, -0.027250351384282112
n,0.17293429374694824, 0.17090798914432526, -0.027250351384282112
n,0.13983260095119476, 0.1368519365787506, 0.146890327334404
n,0.13983260095119476, 0.1368519365787506, 0.146890327334404
n,0.13983260095119476, 0.1368519365787506, 0.146890327334404
n,0.019729353487491608, 0.019399376586079597, 0.24309010803699493
n,0.019729353487491608, 0.019399376586079597, 0.24309010803699493
n,0.019729353487491608, 0.019399376586079597, 0.24309010803699493
n,0.16122041642665863, 0.15947571396827698, -0.09183602780103683
n,0.16122041642665863, 0.15947571396827698, -0.09183602780103683
n,0.16122041642665863, 0.15947571396827698, -0.09183602780103683
n,0.16153927147388458, 0.15901707112789154, 0.09207077324390411
n,0.16153927147388458, 0.15901707112789154, 0.09207077324390411
n,0.16153927147388458, 0.15901707112789154, 0.09207077324390411
n,0.06310509890317917, 0.061776451766490936, 0.22816617786884308
n,0.06310509890317917, 0.061776451766490936, 0.22816617786884308
n,0.06310509890317917, 0.061776451766490936, 0.22816617786884308
n,0.024826286360621452, 0.012383578345179558, 0.24308165907859802
n,0.024826286360621452, 0.012383578345179558, 0.24308165907859802
n,0.024826286360621452, 0.012383578345179558, 0.24308165907859802
n,0.20274953544139862, 0.10268642753362656, -0.09058975428342819
n,0.20274953544139862, 0.10268642753362656, -0.09058975428342819
n,0.20274953544139862, 0.10268642753362656, -0.09058975428342819
n,0.20278914272785187, 0.1012108102440834, 0.09214834123849869
n,0.20278914272785187, 0.1012108102440834, 0.09214834123849869
n,0.20278914272785187, 0.1012108102440834, 0.09214834123849869
n,0.07935592532157898, 0.03969307616353035, 0.22800326347351074
n,0.07935592532157898, 0.03969307616353035, 0.22800326347351074
n,0.07935592532157898, 0.03969307616353035, 0.22800326347351074
n,0.1756468117237091, 0.08851344883441925, -0.1455058604478836
n,0.1756468117237091, 0.08851344883441925, -0.1455058604478836
n,0.1756468117237091, 0.08851344883441925, -0.1455058604478836
n,0.21709242463111877, 0.10880696773529053, 0.029837945476174355
n,0.21709242463111877, 0.10880696773529053, 0.029837945476174355
n,0.21709242463111877, 0.10880696773529053, 0.029837945476174355
n,0.1380237638950348, 0.06932242214679718, 0.1897425353527069
n,0.1380237638950348, 0.06932242214679718, 0.1897425353527069
n,0.1380237638950348, 0.06932242214679718, 0.1897425353527069
n,0.1600090116262436, 0.025635400786995888, -0.18329845368862152
n,0.1600090116262436, 0.025635400786995888, -0.18329845368862152
n,0.1600090116262436, 0.025635400786995888, -0.18329845368862152
n,0.2173686921596527, 0.1089581623673439, -0.02715427242219448
n,0.2173686921596527, 0.1089581623673439, -0.02715427242219448
n,0.2173686921596527, 0.1089581623673439, -0.02715427242219448
n,0.1754135936498642, 0.08758186548948288, 0.1463484913110733
n,0.1754135936498642, 0.08758186548948288, 0.1463484913110733
n,0.1754135936498642, 0.08758186548948288, 0.1463484913110733
n,0.1600000411272049, -0.028087550774216652, -0.18294662237167358
n,0.1600000411272049, -0.028087550774216652, -0.18294662237167358
n,0.1600000411272049, -0.028087550774216652, -0.18294662237167358
n,0.24031049013137817, 0.03712673857808113, -0.027034565806388855
n,0.24031049013137817, 0.03712673857808113, -0.027034565806388855
n,0.24031049013137817, 0.03712673857808113, -0.027034565806388855
n,0.1941346973180771, 0.029394514858722687, 0.14596596360206604
n,0.1941346973180771, 0.029394514858722687, 0.14596596360206604
n,0.1941346973180771, 0.029394514858722687, 0.14596596360206604
n,0.027825094759464264, 0.0031374723184853792, 0.24305208027362823
n,0.027825094759464264, 0.0031374723184853792, 0.24305208027362823
n,0.027825094759464264, 0.0031374723184853792, 0.24305208027362823
n,0.2247265875339508, 0.034225232899188995, -0.09047088027000427
n,0.2247265875339508, 0.034225232899188995, -0.09047088027000427
n,0.2247265875339508, 0.034225232899188995, -0.09047088027000427
n,0.2242414504289627, 0.034132134169340134, 0.0917014628648758
n,0.2242414504289627, 0.034132134169340134, 0.0917014628648758
n,0.2242414504289627, 0.034132134169340134, 0.0917014628648758
n,0.08822865039110184, 0.012614703737199306, 0.22784854471683502
n,0.08822865039110184, 0.012614703737199306, 0.22784854471683502
n,0.08822865039110184, 0.012614703737199306, 0.22784854471683502
n,0.19525347650051117, 0.031238021329045296, -0.14407862722873688
n,0.19525347650051117, 0.031238021329045296, -0.14407862722873688
n,0.19525347650051117, 0.031238021329045296, -0.14407862722873688
n,0.23994259536266327, 0.03701934963464737, 0.03025723621249199
n,0.23994259536266327, 0.03701934963464737, 0.03025723621249199
n,0.23994259536266327, 0.03701934963464737, 0.03025723621249199
n,0.15343476831912994, 0.02249978296458721, 0.18923509120941162
n,0.15343476831912994, 0.02249978296458721, 0.18923509120941162
n,0.15343476831912994, 0.02249978296458721, 0.18923509120941162
n,0.08816170692443848, -0.016212260350584984, 0.22764679789543152
n,0.08816170692443848, -0.016212260350584984, 0.22764679789543152
n,0.08816170692443848, -0.016212260350584984, 0.22764679789543152
n,0.19499848783016205, -0.03364462032914162, -0.14388194680213928
n,0.19499848783016205, -0.03364462032914162, -0.14388194680213928
n,0.19499848783016205, -0.03364462032914162, -0.14388194680213928
n,0.23971880972385406, -0.038556043058633804, 0.030111797153949738
n,0.23971880972385406, -0.038556043058633804, 0.030111797153949738
n,0.23971880972385406, -0.038556043058633804, 0.030111797153949738
n,0.15326707065105438, -0.02516668289899826, 0.18903496861457825
n,0.15326707065105438, -0.02516668289899826, 0.18903496861457825
n,0.15326707065105438, -0.02516668289899826, 0.18903496861457825
n,0.14380064606666565, -0.07553809136152267, -0.18295834958553314
n,0.14380064606666565, -0.07553809136152267, -0.18295834958553314
n,0.14380064606666565, -0.07553809136152267, -0.18295834958553314
n,0.24005356431007385, -0.038785990327596664, -0.026987535879015923
n,0.24005356431007385, -0.038785990327596664, -0.026987535879015923
n,0.24005356431007385, -0.038785990327596664, -0.026987535879015923
n,0.1936626434326172, -0.030931543558835983, 0.1462750881910324
n,0.1936626434326172, -0.030931543558835983, 0.1462750881910324
n,0.1936626434326172, -0.030931543558835983, 0.1462750881910324
n,0.027813490480184555, -0.0069197434931993484, 0.2429751455783844
n,0.027813490480184555, -0.0069197434931993484, 0.2429751455783844
n,0.027813490480184555, -0.0069197434931993484, 0.2429751455783844
n,0.22429192066192627, -0.036253176629543304, -0.09075918048620224
n,0.22429192066192627, -0.036253176629543304, -0.09075918048620224
n,0.22429192066192627, -0.036253176629543304, -0.09075918048620224
n,0.22401607036590576, -0.035972751677036285, 0.09154859185218811
n,0.22401607036590576, -0.035972751677036285, 0.09154859185218811
n,0.22401607036590576, -0.035972751677036285, 0.09154859185218811
n,0.02492910996079445, -0.015751240774989128, 0.24287614226341248
n,0.02492910996079445, -0.015751240774989128, 0.24287614226341248
n,0.02492910996079445, -0.015751240774989128, 0.24287614226341248
n,0.20151259005069733, -0.1050812229514122, -0.0906035304069519
n,0.20151259005069733, -0.1050812229514122, -0.0906035304069519
n,0.20151259005069733, -0.1050812229514122, -0.0906035304069519
n,0.20181557536125183, -0.10366392135620117, 0.0915568470954895
n,0.20181557536125183, -0.10366392135620117, 0.0915568470954895
n,0.20181557536125183, -0.10366392135620117, 0.0915568470954895
n,0.0792662724852562, -0.04203736037015915, 0.22761394083499908
n,0.0792662724852562, -0.04203736037015915, 0.22761394083499908
n,0.0792662724852562, -0.04203736037015915, 0.22761394083499908
n,0.1746399849653244, -0.09121555835008621, -0.14504823088645935
n,0.1746399849653244, -0.09121555835008621, -0.14504823088645935
n,0.1746399849653244, -0.09121555835008621, -0.14504823088645935
n,0.21594759821891785, -0.11103701591491699, 0.02993006445467472
n,0.21594759821891785, -0.11103701591491699, 0.02993006445467472
n,0.21594759821891785, -0.11103701591491699, 0.02993006445467472
n,0.13734960556030273, -0.07158088684082031, 0.1893928498029709
n,0.13734960556030273, -0.07158088684082031, 0.1893928498029709
n,0.13734960556030273, -0.07158088684082031, 0.1893928498029709
n,0.11428390443325043, -0.1158287301659584, -0.18270543217658997
n,0.11428390443325043, -0.1158287301659584, -0.18270543217658997
n,0.11428390443325043, -0.1158287301659584, -0.18270543217658997
n,0.2161765694618225, -0.11129048466682434, -0.027212105691432953
n,0.2161765694618225, -0.11129048466682434, -0.027212105691432953
n,0.2161765694618225, -0.11129048466682434, -0.027212105691432953
n,0.1741623729467392, -0.08994346857070923, 0.14641045033931732
n,0.1741623729467392, -0.08994346857070923, 0.14641045033931732
n,0.1741623729467392, -0.08994346857070923, 0.14641045033931732
n,0.10939419269561768, -0.1098872497677803, 0.1892513781785965
n,0.10939419269561768, -0.1098872497677803, 0.1892513781785965
n,0.10939419269561768, -0.1098872497677803, 0.1892513781785965
n,0.07464706897735596, -0.14473293721675873, -0.18258854746818542
n,0.07464706897735596, -0.14473293721675873, -0.18258854746818542
n,0.07464706897735596, -0.14473293721675873, -0.18258854746818542
n,0.17134611308574677, -0.17248764634132385, -0.027329469099640846
n,0.17134611308574677, -0.17248764634132385, -0.027329469099640846
n,0.17134611308574677, -0.17248764634132385, -0.027329469099640846
n,0.13811451196670532, -0.1392490416765213, 0.14626166224479675
n,0.13811451196670532, -0.1392490416765213, 0.14626166224479675
n,0.13811451196670532, -0.1392490416765213, 0.14626166224479675
n,0.019902464002370834, -0.02265022136271, 0.24279466271400452
n,0.019902464002370834, -0.02265022136271, 0.24279466271400452
n,0.019902464002370834, -0.02265022136271, 0.24279466271400452
n,0.15956129133701324, -0.16124771535396576, -0.09163926541805267
n,0.15956129133701324, -0.16124771535396576, -0.09163926541805267
n,0.15956129133701324, -0.16124771535396576, -0.09163926541805267
n,0.15994293987751007, -0.1609002649784088, 0.09158462285995483
n,0.15994293987751007, -0.1609002649784088, 0.09158462285995483
n,0.15994293987751007, -0.1609002649784088, 0.09158462285995483
n,0.06312137097120285, -0.06334139406681061, 0.22773218154907227
n,0.06312137097120285, -0.06334139406681061, 0.22773218154907227
n,0.06312137097120285, -0.06334139406681061, 0.22773218154907227
n,0.13872617483139038, -0.14024987816810608, -0.14471837878227234
n,0.13872617483139038, -0.14024987816810608, -0.14471837878227234
n,0.13872617483139038, -0.14024987816810608, -0.14471837878227234
n,0.17116288840770721, -0.17224156856536865, 0.02990810014307499
n,0.17116288840770721, -0.17224156856536865, 0.02990810014307499
n,0.17116288840770721, -0.17224156856536865, 0.02990810014307499
n,0.04062270373106003, -0.07929998636245728, 0.22785894572734833
n,0.04062270373106003, -0.07929998636245728, 0.22785894572734833
n,0.04062270373106003, -0.07929998636245728, 0.22785894572734833
n,0.09037411957979202, -0.17562426626682281, -0.14438501000404358
n,0.09037411957979202, -0.17562426626682281, -0.14438501000404358
n,0.09037411957979202, -0.17562426626682281, -0.14438501000404358
n,0.11026423424482346, -0.21636360883712769, 0.029782097786664963
n,0.11026423424482346, -0.21636360883712769, 0.029782097786664963
n,0.11026423424482346, -0.21636360883712769, 0.029782097786664963
n,0.07083079218864441, -0.1379827857017517, 0.18921449780464172
n,0.07083079218864441, -0.1379827857017517, 0.18921449780464172
n,0.07083079218864441, -0.1379827857017517, 0.18921449780464172
n,0.026611052453517914, -0.1605096012353897, -0.1827208399772644
n,0.026611052453517914, -0.1605096012353897, -0.1827208399772644
n,0.026611052453517914, -0.1605096012353897, -0.1827208399772644
n,0.11087346822023392, -0.2164463847875595, -0.0267662163823843
n,0.11087346822023392, -0.2164463847875595, -0.0267662163823843
n,0.11087346822023392, -0.2164463847875595, -0.0267662163823843
n,0.08958493173122406, -0.17472806572914124, 0.14595556259155273
n,0.08958493173122406, -0.17472806572914124, 0.14595556259155273
n,0.08958493173122406, -0.17472806572914124, 0.14595556259155273
n,0.013050287030637264, -0.027619915083050728, 0.24274517595767975
n,0.013050287030637264, -0.027619915083050728, 0.24274517595767975
n,0.013050287030637264, -0.027619915083050728, 0.24274517595767975
n,0.1032927855849266, -0.20180363953113556, -0.09200151264667511
n,0.1032927855849266, -0.20180363953113556, -0.09200151264667511
n,0.1032927855849266, -0.20180363953113556, -0.09200151264667511
n,0.10297005623579025, -0.20216937363147736, 0.0915592610836029
n,0.10297005623579025, -0.20216937363147736, 0.0915592610836029
n,0.10297005623579025, -0.20216937363147736, 0.0915592610836029
n,0.031923048198223114, -0.19348835945129395, 0.14629270136356354
n,0.031923048198223114, -0.19348835945129395, 0.14629270136356354
n,0.031923048198223114, -0.19348835945129395, 0.14629270136356354
n,0.004812087398022413, -0.030294427648186684, 0.24272923171520233
n,0.004812087398022413, -0.030294427648186684, 0.24272923171520233
n,0.004812087398022413, -0.030294427648186684, 0.24272923171520233
n,0.03602944687008858, -0.22392183542251587, -0.09175663441419601
n,0.03602944687008858, -0.22392183542251587, -0.09175663441419601
n,0.03602944687008858, -0.22392183542251587, -0.09175663441419601
n,0.036104194819927216, -0.2241847813129425, 0.09108266234397888
n,0.036104194819927216, -0.2241847813129425, 0.09108266234397888
n,0.036104194819927216, -0.2241847813129425, 0.09108266234397888
n,0.012799033895134926, -0.08867333084344864, 0.22766557335853577
n,0.012799033895134926, -0.08867333084344864, 0.22766557335853577
n,0.012799033895134926, -0.08867333084344864, 0.22766557335853577
n,0.03208914399147034, -0.195155531167984, -0.14402426779270172
n,0.03208914399147034, -0.195155531167984, -0.14402426779270172
n,0.03208914399147034, -0.195155531167984, -0.14402426779270172
n,0.03837055712938309, -0.23978179693222046, 0.029845917597413063
n,0.03837055712938309, -0.23978179693222046, 0.029845917597413063
n,0.03837055712938309, -0.23978179693222046, 0.029845917597413063
n,0.025016531348228455, -0.15175357460975647, 0.19027195870876312
n,0.025016531348228455, -0.15175357460975647, 0.19027195870876312
n,0.025016531348228455, -0.15175357460975647, 0.19027195870876312
n,0.03821680694818497, -0.2401428371667862, -0.027005279436707497
n,0.03821680694818497, -0.2401428371667862, -0.027005279436707497
n,0.03821680694818497, -0.2401428371667862, -0.027005279436707497
n,-0.026496075093746185, -0.15996694564819336, -0.1832127720117569
n,-0.026496075093746185, -0.15996694564819336, -0.1832127720117569
n,-0.026496075093746185, -0.15996694564819336, -0.1832127720117569
n,1.0349791779162842e-07, -1.3446693003515975e-07, -0.24465973675251007
n,1.0349791779162842e-07, -1.3446693003515975e-07, -0.24465973675251007
n,1.0349791779162842e-07, -1.3446693003515975e-07, -0.24465973675251007
n,0.01667933166027069, -0.008498819544911385, -0.24394254386425018
n,0.01667933166027069, -0.008498819544911385, -0.24394254386425018
n,0.01667933166027069, -0.008498819544911385, -0.24394254386425018
n,0.02111533097922802, -0.021115219220519066, -0.2428305596113205
n,0.02111533097922802, -0.021115219220519066, -0.2428305596113205
n,0.02111533097922802, -0.021115219220519066, -0.2428305596113205
n,0.005841569975018501, -0.011464751325547695, -0.24432113766670227
n,0.005841569975018501, -0.011464751325547695, -0.24432113766670227
n,0.005841569975018501, -0.011464751325547695, -0.24432113766670227
n,0.0005510728224180639, -0.003478479105979204, -0.24463438987731934
n,0.0005510728224180639, -0.003478479105979204, -0.24463438987731934
n,0.0005510728224180639, -0.003478479105979204, -0.24463438987731934
n,-0.002289380645379424, -0.014454600401222706, -0.24422164261341095
n,-0.002289380645379424, -0.014454600401222706, -0.24422164261341095
n,-0.002289380645379424, -0.014454600401222706, -0.24422164261341095
n,-0.011032603681087494, -0.02164829894900322, -0.24345023930072784
n,-0.011032603681087494, -0.02164829894900322, -0.24345023930072784
n,-0.011032603681087494, -0.02164829894900322, -0.24345023930072784
n,-0.023086264729499817, -0.023084403946995735, -0.24247168004512787
n,-0.023086264729499817, -0.023084403946995735, -0.24247168004512787
n,-0.023086264729499817, -0.023084403946995735, -0.24247168004512787
n,-0.022919246926903725, -0.011672565713524818, -0.2433040291070938
n,-0.022919246926903725, -0.011672565713524818, -0.2433040291070938
n,-0.022919246926903725, -0.011672565713524818, -0.2433040291070938
n,-0.002359124133363366, -0.00038323583430610597, -0.2446480691432953
n,-0.002359124133363366, -0.00038323583430610597, -0.2446480691432953
n,-0.002359124133363366, -0.00038323583430610597, -0.2446480691432953
n,-0.021930063143372536, 0.00504906615242362, -0.24362260103225708
n,-0.021930063143372536, 0.00504906615242362, -0.24362260103225708
n,-0.021930063143372536, 0.00504906615242362, -0.24362260103225708
n,-0.024693939834833145, 0.013147876597940922, -0.24305500090122223
n,-0.024693939834833145, 0.013147876597940922, -0.24305500090122223
n,-0.024693939834833145, 0.013147876597940922, -0.24305500090122223
n,-0.008709183894097805, 0.006427045911550522, -0.24442017078399658
n,-0.008709183894097805, 0.006427045911550522, -0.24442017078399658
n,-0.008709183894097805, 0.006427045911550522, -0.24442017078399658
n,-0.0046548740938305855, 0.009139577858150005, -0.24444463849067688
n,-0.0046548740938305855, 0.009139577858150005, -0.24444463849067688
n,-0.0046548740938305855, 0.009139577858150005, -0.24444463849067688
n,-0.0025114682503044605, 0.023778025060892105, -0.24348857998847961
n,-0.0025114682503044605, 0.023778025060892105, -0.24348857998847961
n,-0.0025114682503044605, 0.023778025060892105, -0.24348857998847961
n,0.0039849476888775826, 0.02456611953675747, -0.24339066445827484
n,0.0039849476888775826, 0.02456611953675747, -0.24339066445827484
n,0.0039849476888775826, 0.02456611953675747, -0.24339066445827484
n,0.005271739326417446, 0.012715398333966732, -0.24427220225334167
n,0.005271739326417446, 0.012715398333966732, -0.24427220225334167
n,0.005271739326417446, 0.012715398333966732, -0.24427220225334167
n,0.005754983052611351, 0.006373628508299589, -0.24450898170471191
n,0.005754983052611351, 0.006373628508299589, -0.24450898170471191
n,0.005754983052611351, 0.006373628508299589, -0.24450898170471191
n,0.004345901310443878, 0.002549767727032304, -0.2446078360080719
n,0.004345901310443878, 0.002549767727032304, -0.2446078360080719
n,0.004345901310443878, 0.002549767727032304, -0.2446078360080719
n,0.10160639137029648, -0.015477766282856464, -0.22202470898628235
n,0.10160639137029648, -0.015477766282856464, -0.22202470898628235
n,0.10160639137029648, -0.015477766282856464, -0.22202470898628235
n,0.01672651432454586, 0.10501508414745331, -0.22034163773059845
n,0.01672651432454586, 0.10501508414745331, -0.22034163773059845
n,0.01672651432454586, 0.10501508414745331, -0.22034163773059845
n,-0.12628671526908875, 0.019915468990802765, -0.20859871804714203
n,-0.12628671526908875, 0.019915468990802765, -0.20859871804714203
n,-0.12628671526908875, 0.019915468990802765, -0.20859871804714203
n,0.09065897017717361, -0.09096887707710266, -0.20824022591114044
n,0.09065897017717361, -0.09096887707710266, -0.20824022591114044
n,0.09065897017717361, -0.09096887707710266, -0.20824022591114044
n,0.09165248274803162, 0.09177705645561218, -0.20744919776916504
n,0.09165248274803162, 0.09177705645561218, -0.20744919776916504
n,0.09165248274803162, 0.09177705645561218, -0.20744919776916504
n,-0.020540717989206314, -0.15336793661117554, -0.18951186537742615
n,-0.020540717989206314, -0.15336793661117554, -0.18951186537742615
n,-0.020540717989206314, -0.15336793661117554, -0.18951186537742615
n,-0.08358265459537506, 0.08190817385911942, -0.21485665440559387
n,-0.08358265459537506, 0.08190817385911942, -0.21485665440559387
n,-0.08358265459537506, 0.08190817385911942, -0.21485665440559387
n,-0.09283697605133057, -0.09276082366704941, -0.20648270845413208
n,-0.09283697605133057, -0.09276082366704941, -0.20648270845413208
n,-0.09283697605133057, -0.09276082366704941, -0.20648270845413208
n,0.015447944402694702, -0.11491203308105469, -0.21544133126735687
n,0.015447944402694702, -0.11491203308105469, -0.21544133126735687
n,0.015447944402694702, -0.11491203308105469, -0.21544133126735687
n,0.12307616323232651, 0.0175905954092741, -0.21071594953536987
n,0.12307616323232651, 0.0175905954092741, -0.21071594953536987
n,0.12307616323232651, 0.0175905954092741, -0.21071594953536987
n,-0.01969536580145359, 0.12767156958580017, -0.20777501165866852
n,-0.01969536580145359, 0.12767156958580017, -0.20777501165866852
n,-0.01969536580145359, 0.12767156958580017, -0.20777501165866852
n,-0.11610908061265945, -0.017891166731715202, -0.21460889279842377
n,-0.11610908061265945, -0.017891166731715202, -0.21460889279842377
n,-0.11610908061265945, -0.017891166731715202, -0.21460889279842377
n,0.10099360346794128, -0.05285150557756424, -0.2164841890335083
n,0.10099360346794128, -0.05285150557756424, -0.2164841890335083
n,0.10099360346794128, -0.05285150557756424, -0.2164841890335083
n,0.045973971486091614, 0.09203953295946121, -0.2219763696193695
n,0.045973971486091614, 0.09203953295946121, -0.2219763696193695
n,0.045973971486091614, 0.09203953295946121, -0.2219763696193695
n,-0.1052461713552475, 0.05408228561282158, -0.2141418755054474
n,-0.1052461713552475, 0.05408228561282158, -0.2141418755054474
n,-0.1052461713552475, 0.05408228561282158, -0.2141418755054474
n,-0.05546358972787857, -0.10680488497018814, -0.21301384270191193
n,-0.05546358972787857, -0.10680488497018814, -0.21301384270191193
n,-0.05546358972787857, -0.10680488497018814, -0.21301384270191193
n,0.05826041102409363, -0.11150160431861877, -0.20983685553073883
n,0.05826041102409363, -0.11150160431861877, -0.20983685553073883
n,0.05826041102409363, -0.11150160431861877, -0.20983685553073883
n,0.09686248749494553, 0.04931608960032463, -0.2191893458366394
n,0.09686248749494553, 0.04931608960032463, -0.2191893458366394
n,0.09686248749494553, 0.04931608960032463, -0.2191893458366394
n,-0.052864205092191696, 0.10555950552225113, -0.2142917513847351
n,-0.052864205092191696, 0.10555950552225113, -0.2142917513847351
n,-0.052864205092191696, 0.10555950552225113, -0.2142917513847351
n,-0.1135212704539299, -0.058770839124917984, -0.2086079865694046
n,-0.1135212704539299, -0.058770839124917984, -0.2086079865694046
n,-0.1135212704539299, -0.058770839124917984, -0.2086079865694046
n,0.00021932869276497513, 0.0004395223513711244, -0.24465924501419067
n,0.00021932869276497513, 0.0004395223513711244, -0.24465924501419067
n,0.00021932869276497513, 0.0004395223513711244, -0.24465924501419067
n,0.0, 0.0, -0.24465973675251007
n,0.0, 0.0, -0.24465973675251007
n,0.0, 0.0, -0.24465973675251007
n,-5.915347628615564e-06, -5.267373580863932e-06, -0.24465973675251007
n,-5.915347628615564e-06, -5.267373580863932e-06, -0.24465973675251007
n,-5.915347628615564e-06, -5.267373580863932e-06, -0.24465973675251007
n,-7.198759249149589e-06, -7.4155163929390255e-06, -0.24465973675251007
n,-7.198759249149589e-06, -7.4155163929390255e-06, -0.24465973675251007
n,-7.198759249149589e-06, -7.4155163929390255e-06, -0.24465973675251007
n,-2.75617803708883e-05, -7.42730208003195e-06, -0.24465973675251007
n,-2.75617803708883e-05, -7.42730208003195e-06, -0.24465973675251007
n,-2.75617803708883e-05, -7.42730208003195e-06, -0.24465973675251007
n,0.0, 0.0, -0.24465973675251007
n,0.0, 0.0, -0.24465973675251007
n,0.0, 0.0, -0.24465973675251007
n,-1.6312735169776715e-05, 9.108525773626752e-06, -0.24465973675251007
n,-1.6312735169776715e-05, 9.108525773626752e-06, -0.24465973675251007
n,-1.6312735169776715e-05, 9.108525773626752e-06, -0.24465973675251007
n,-6.910897354828194e-05, 6.351850606733933e-05, -0.24465973675251007
n,-6.910897354828194e-05, 6.351850606733933e-05, -0.24465973675251007
n,-6.910897354828194e-05, 6.351850606733933e-05, -0.24465973675251007
n,-1.2553853423469263e-07, -9.120934407746972e-08, -0.24465973675251007
n,-1.2553853423469263e-07, -9.120934407746972e-08, -0.24465973675251007
n,-1.2553853423469263e-07, -9.120934407746972e-08, -0.24465973675251007
n,-7.489127256121719e-07, 1.4698219956699177e-06, -0.24465973675251007
n,-7.489127256121719e-07, 1.4698219956699177e-06, -0.24465973675251007
n,-7.489127256121719e-07, 1.4698219956699177e-06, -0.24465973675251007
n,4.1435847379034385e-05, 0.0002316754835192114, -0.24465961754322052
n,4.1435847379034385e-05, 0.0002316754835192114, -0.24465961754322052
n,4.1435847379034385e-05, 0.0002316754835192114, -0.24465961754322052
n,3.4838383726309985e-05, 0.000227949014515616, -0.24465961754322052
n,3.4838383726309985e-05, 0.000227949014515616, -0.24465961754322052
n,3.4838383726309985e-05, 0.000227949014515616, -0.24465961754322052
n,1.2553883266264165e-07, -9.1209230390632e-08, -0.24465973675251007
n,1.2553883266264165e-07, -9.1209230390632e-08, -0.24465973675251007
n,1.2553883266264165e-07, -9.1209230390632e-08, -0.24465973675251007
n,0.0, 0.0, -0.24465973675251007
n,0.0, 0.0, -0.24465973675251007
n,0.0, 0.0, -0.24465973675251007
n,4.795148456082643e-08, -1.475795272654068e-07, -0.24465973675251007
n,4.795148456082643e-08, -1.475795272654068e-07, -0.24465973675251007
n,4.795148456082643e-08, -1.475795272654068e-07, -0.24465973675251007
n,8.146487289195647e-07, 1.2902826540539536e-07, -0.24465973675251007
n,8.146487289195647e-07, 1.2902826540539536e-07, -0.24465973675251007
n,8.146487289195647e-07, 1.2902826540539536e-07, -0.24465973675251007
n,8.5802007276925e-08, 2.640717013946414e-07, -0.24465973675251007
n,8.5802007276925e-08, 2.640717013946414e-07, -0.24465973675251007
n,8.5802007276925e-08, 2.640717013946414e-07, -0.24465973675251007
n,-1.8241635757476615e-07, -2.5107837586801907e-07, -0.24465973675251007
n,-1.8241635757476615e-07, -2.5107837586801907e-07, -0.24465973675251007
n,-1.8241635757476615e-07, -2.5107837586801907e-07, -0.24465973675251007
n,-4.171476462033752e-07, 2.0039942683069967e-07, -0.24465973675251007
n,-4.171476462033752e-07, 2.0039942683069967e-07, -0.24465973675251007
n,-4.171476462033752e-07, 2.0039942683069967e-07, -0.24465973675251007
n,4.823861559088982e-07, -2.715505615924485e-07, -0.24465973675251007
n,4.823861559088982e-07, -2.715505615924485e-07, -0.24465973675251007
n,4.823861559088982e-07, -2.715505615924485e-07, -0.24465973675251007
n,1.3883095562050585e-07, 3.595965891592737e-14, -0.24465973675251007
n,1.3883095562050585e-07, 3.595965891592737e-14, -0.24465973675251007
n,1.3883095562050585e-07, 3.595965891592737e-14, -0.24465973675251007
n,0.0, 0.0, -0.24465973675251007
n,0.0, 0.0, -0.24465973675251007
n,0.0, 0.0, -0.24465973675251007
n,-9.120914512550371e-08, -1.2553870476494922e-07, -0.24465973675251007
n,-9.120914512550371e-08, -1.2553870476494922e-07, -0.24465973675251007
n,-9.120914512550371e-08, -1.2553870476494922e-07, -0.24465973675251007
n,1.8241851762468286e-07, -2.5107735268647957e-07, -0.24465973675251007
n,1.8241851762468286e-07, -2.5107735268647957e-07, -0.24465973675251007
n,1.8241851762468286e-07, -2.5107735268647957e-07, -0.24465973675251007
n,4.795151653524954e-08, -1.4757949884369737e-07, -0.24465973675251007
n,4.795151653524954e-08, -1.4757949884369737e-07, -0.24465973675251007
n,4.795151653524954e-08, -1.4757949884369737e-07, -0.24465973675251007
n,-2.8756431902365875e-07, -1.4385459223831276e-07, -0.24465973675251007
n,-2.8756431902365875e-07, -1.4385459223831276e-07, -0.24465973675251007
n,-2.8756431902365875e-07, -1.4385459223831276e-07, -0.24465973675251007
n,-3.432945305803514e-08, -3.4329509901454e-08, -0.24465973675251007
n,-3.432945305803514e-08, -3.4329509901454e-08, -0.24465973675251007
n,-3.432945305803514e-08, -3.4329509901454e-08, -0.24465973675251007
n,1.323898430882764e-07, -1.4385449276232976e-07, -0.24465973675251007
n,1.323898430882764e-07, -1.4385449276232976e-07, -0.24465973675251007
n,1.323898430882764e-07, -1.4385449276232976e-07, -0.24465973675251007
n,2.204091487101323e-08, -4.325766411739096e-08, -0.24465973675251007
n,2.204091487101323e-08, -4.325766411739096e-08, -0.24465973675251007
n,2.204091487101323e-08, -4.325766411739096e-08, -0.24465973675251007
n,9.590300464878965e-08, 1.5189586477504236e-08, -0.24465973675251007
n,9.590300464878965e-08, 1.5189586477504236e-08, -0.24465973675251007
n,9.590300464878965e-08, 1.5189586477504236e-08, -0.24465973675251007
n,-9.120914512550371e-08, -1.2553870476494922e-07, -0.24465973675251007
n,-9.120914512550371e-08, -1.2553870476494922e-07, -0.24465973675251007
n,-9.120914512550371e-08, -1.2553870476494922e-07, -0.24465973675251007
n,9.590289096195193e-08, 2.951592250610702e-07, -0.24465973675251007
n,9.590289096195193e-08, 2.951592250610702e-07, -0.24465973675251007
n,9.590289096195193e-08, 2.951592250610702e-07, -0.24465973675251007
n,2.731180472892447e-07, 1.391607185041721e-07, -0.24465973675251007
n,2.731180472892447e-07, 1.391607185041721e-07, -0.24465973675251007
n,2.731180472892447e-07, 1.391607185041721e-07, -0.24465973675251007
n,-9.590305438678115e-08, 2.951590545308136e-07, -0.24465973675251007
n,-9.590305438678115e-08, 2.951590545308136e-07, -0.24465973675251007
n,-9.590305438678115e-08, 2.951590545308136e-07, -0.24465973675251007
n,-9.590298333250757e-08, 1.5189533186799054e-08, -0.24465973675251007
n,-9.590298333250757e-08, 1.5189533186799054e-08, -0.24465973675251007
n,-9.590298333250757e-08, 1.5189533186799054e-08, -0.24465973675251007
n,-1.824182760401527e-07, -2.51077381108189e-07, -0.24465973675251007
n,-1.824182760401527e-07, -2.51077381108189e-07, -0.24465973675251007
n,-1.824182760401527e-07, -2.51077381108189e-07, -0.24465973675251007
n,-7.59481544321261e-09, 4.795148100811275e-08, -0.24465973675251007
n,-7.59481544321261e-09, 4.795148100811275e-08, -0.24465973675251007
n,-7.59481544321261e-09, 4.795148100811275e-08, -0.24465973675251007
n,7.594762152507428e-09, 4.795148811354011e-08, -0.24465973675251007
n,7.594762152507428e-09, 4.795148811354011e-08, -0.24465973675251007
n,7.594762152507428e-09, 4.795148811354011e-08, -0.24465973675251007
n,-2.7311912731420307e-07, 1.391611874623777e-07, -0.24465973675251007
n,-2.7311912731420307e-07, 1.391611874623777e-07, -0.24465973675251007
n,-2.7311912731420307e-07, 1.391611874623777e-07, -0.24465973675251007
n,9.120921617977729e-08, -1.2553861949982092e-07, -0.24465973675251007
n,9.120921617977729e-08, -1.2553861949982092e-07, -0.24465973675251007
n,9.120921617977729e-08, -1.2553861949982092e-07, -0.24465973675251007
n,-0.03565112501382828, -0.22571998834609985, 0.08739491552114487
n,-0.03565112501382828, -0.22571998834609985, 0.08739491552114487
n,-0.03565112501382828, -0.22571998834609985, 0.08739491552114487
n,-0.10279320925474167, -0.20393192768096924, 0.08777076005935669
n,-0.10279320925474167, -0.20393192768096924, 0.08777076005935669
n,-0.10279320925474167, -0.20393192768096924, 0.08777076005935669
n,-0.16042836010456085, -0.16253983974456787, 0.08776066452264786
n,-0.16042836010456085, -0.16253983974456787, 0.08776066452264786
n,-0.16042836010456085, -0.16253983974456787, 0.08776066452264786
n,-0.20281270146369934, -0.10485868155956268, 0.08792073279619217
n,-0.20281270146369934, -0.10485868155956268, 0.08792073279619217
n,-0.20281270146369934, -0.10485868155956268, 0.08792073279619217
n,-0.22538849711418152, -0.03705502673983574, 0.08766606450080872
n,-0.22538849711418152, -0.03705502673983574, 0.08766606450080872
n,-0.22538849711418152, -0.03705502673983574, 0.08766606450080872
n,-0.22582599520683289, 0.034295350313186646, 0.0876631885766983
n,-0.22582599520683289, 0.034295350313186646, 0.0876631885766983
n,-0.22582599520683289, 0.034295350313186646, 0.0876631885766983
n,-0.20441624522209167, 0.10175579786300659, 0.08785297721624374
n,-0.20441624522209167, 0.10175579786300659, 0.08785297721624374
n,-0.20441624522209167, 0.10175579786300659, 0.08785297721624374
n,-0.16316884756088257, 0.15973207354545593, 0.08786342293024063
n,-0.16316884756088257, 0.15973207354545593, 0.08786342293024063
n,-0.16316884756088257, 0.15973207354545593, 0.08786342293024063
n,-0.1055353507399559, 0.20259949564933777, 0.08760204911231995
n,-0.1055353507399559, 0.20259949564933777, 0.08760204911231995
n,-0.1055353507399559, 0.20259949564933777, 0.08760204911231995
n,-0.03691014647483826, 0.22564134001731873, 0.08707476407289505
n,-0.03691014647483826, 0.22564134001731873, 0.08707476407289505
n,-0.03691014647483826, 0.22564134001731873, 0.08707476407289505
n,0.035353243350982666, 0.2258564829826355, 0.08716296404600143
n,0.035353243350982666, 0.2258564829826355, 0.08716296404600143
n,0.035353243350982666, 0.2258564829826355, 0.08716296404600143
n,0.10418727248907089, 0.20372356474399567, 0.08660319447517395
n,0.10418727248907089, 0.20372356474399567, 0.08660319447517395
n,0.10418727248907089, 0.20372356474399567, 0.08660319447517395
n,0.16280265152454376, 0.1610882729291916, 0.08604801446199417
n,0.16280265152454376, 0.1610882729291916, 0.08604801446199417
n,0.16280265152454376, 0.1610882729291916, 0.08604801446199417
n,0.20501486957073212, 0.10251536965370178, 0.08554466813802719
n,0.20501486957073212, 0.10251536965370178, 0.08554466813802719
n,0.20501486957073212, 0.10251536965370178, 0.08554466813802719
n,0.2265954315662384, 0.033756986260414124, 0.08586831390857697
n,0.2265954315662384, 0.033756986260414124, 0.08586831390857697
n,0.2265954315662384, 0.033756986260414124, 0.08586831390857697
n,0.22577564418315887, -0.03839733824133873, 0.08607779443264008
n,0.22577564418315887, -0.03839733824133873, 0.08607779443264008
n,0.22577564418315887, -0.03839733824133873, 0.08607779443264008
n,0.2028599977493286, -0.10614927113056183, 0.08624695241451263
n,0.2028599977493286, -0.10614927113056183, 0.08624695241451263
n,0.2028599977493286, -0.10614927113056183, 0.08624695241451263
n,0.1601964235305786, -0.1634102463722229, 0.0865597277879715
n,0.1601964235305786, -0.1634102463722229, 0.0865597277879715
n,0.1601964235305786, -0.1634102463722229, 0.0865597277879715
n,-0.16719937324523926, -0.16930635273456573, 0.05690443515777588
n,-0.16719937324523926, -0.16930635273456573, 0.05690443515777588
n,-0.16719937324523926, -0.16930635273456573, 0.05690443515777588
n,0.10228719562292099, -0.20460841059684753, 0.08678198605775833
n,0.10228719562292099, -0.20460841059684753, 0.08678198605775833
n,0.10228719562292099, -0.20460841059684753, 0.08678198605775833
n,0.03508269414305687, -0.22596049308776855, 0.08700256049633026
n,0.03508269414305687, -0.22596049308776855, 0.08700256049633026
n,0.03508269414305687, -0.22596049308776855, 0.08700256049633026
n,0.00021941144950687885, -3.4473745472496375e-05, -0.2446596473455429
n,0.00021941144950687885, -3.4473745472496375e-05, -0.2446596473455429
n,0.00021941144950687885, -3.4473745472496375e-05, -0.2446596473455429
n,0.03588448092341423, -0.2180519849061966, 0.10499535501003265
n,0.03588448092341423, -0.2180519849061966, 0.10499535501003265
n,0.03588448092341423, -0.2180519849061966, 0.10499535501003265
n,0.10143650323152542, -0.19634553790092468, 0.10496402531862259
n,0.10143650323152542, -0.19634553790092468, 0.10496402531862259
n,0.10143650323152542, -0.19634553790092468, 0.10496402531862259
n,0.15610940754413605, -0.15669074654579163, 0.10457652062177658
n,0.15610940754413605, -0.15669074654579163, 0.10457652062177658
n,0.15610940754413605, -0.15669074654579163, 0.10457652062177658
n,0.19883641600608826, -0.10346624255180359, 0.09806732833385468
n,0.19883641600608826, -0.10346624255180359, 0.09806732833385468
n,0.19883641600608826, -0.10346624255180359, 0.09806732833385468
n,0.22068756818771362, -0.03759726881980896, 0.09870073199272156
n,0.22068756818771362, -0.03759726881980896, 0.09870073199272156
n,0.22068756818771362, -0.03759726881980896, 0.09870073199272156
n,0.22117038071155548, 0.03448529541492462, 0.09875636547803879
n,0.22117038071155548, 0.03448529541492462, 0.09875636547803879
n,0.22117038071155548, 0.03448529541492462, 0.09875636547803879
n,0.1944587230682373, 0.10116279870271683, 0.10867514461278915
n,0.1944587230682373, 0.10116279870271683, 0.10867514461278915
n,0.1944587230682373, 0.10116279870271683, 0.10867514461278915
n,0.154314324259758, 0.1536785364151001, 0.1114826574921608
n,0.154314324259758, 0.1536785364151001, 0.1114826574921608
n,0.154314324259758, 0.1536785364151001, 0.1114826574921608
n,0.10215252637863159, 0.19388964772224426, 0.10876601934432983
n,0.10215252637863159, 0.19388964772224426, 0.10876601934432983
n,0.10215252637863159, 0.19388964772224426, 0.10876601934432983
n,0.0378074087202549, 0.2217225581407547, 0.09627096354961395
n,0.0378074087202549, 0.2217225581407547, 0.09627096354961395
n,0.0378074087202549, 0.2217225581407547, 0.09627096354961395
n,-0.0370178185403347, 0.2218610644340515, 0.09625869989395142
n,-0.0370178185403347, 0.2218610644340515, 0.09625869989395142
n,-0.0370178185403347, 0.2218610644340515, 0.09625869989395142
n,-0.10340342670679092, 0.19533395767211914, 0.10493216663599014
n,-0.10340342670679092, 0.19533395767211914, 0.10493216663599014
n,-0.10340342670679092, 0.19533395767211914, 0.10493216663599014
n,-0.1545356810092926, 0.15326283872127533, 0.11174803972244263
n,-0.1545356810092926, 0.15326283872127533, 0.11174803972244263
n,-0.1545356810092926, 0.15326283872127533, 0.11174803972244263
n,-0.1953423172235489, 0.10066977888345718, 0.10754240304231644
n,-0.1953423172235489, 0.10066977888345718, 0.10754240304231644
n,-0.1953423172235489, 0.10066977888345718, 0.10754240304231644
n,-0.21698780357837677, 0.036378998309373856, 0.10701052099466324
n,-0.21698780357837677, 0.036378998309373856, 0.10701052099466324
n,-0.21698780357837677, 0.036378998309373856, 0.10701052099466324
n,-0.21450477838516235, -0.03748355805873871, 0.11153952777385712
n,-0.21450477838516235, -0.03748355805873871, 0.11153952777385712
n,-0.21450477838516235, -0.03748355805873871, 0.11153952777385712
n,-0.19204013049602509, -0.10103721171617508, 0.11300645023584366
n,-0.19204013049602509, -0.10103721171617508, 0.11300645023584366
n,-0.19204013049602509, -0.10103721171617508, 0.11300645023584366
n,-0.15464478731155396, -0.15535813570022583, 0.10866107046604156
n,-0.15464478731155396, -0.15535813570022583, 0.10866107046604156
n,-0.15464478731155396, -0.15535813570022583, 0.10866107046604156
n,-0.1008712649345398, -0.19460739195346832, 0.10867998749017715
n,-0.1008712649345398, -0.19460739195346832, 0.10867998749017715
n,-0.1008712649345398, -0.19460739195346832, 0.10867998749017715
n,-0.03610266000032425, -0.21771670877933502, 0.10561446845531464
n,-0.03610266000032425, -0.21771670877933502, 0.10561446845531464
n,-0.03610266000032425, -0.21771670877933502, 0.10561446845531464
n,-0.03789528086781502, -0.2302848994731903, 0.07342479377985
n,-0.03789528086781502, -0.2302848994731903, 0.07342479377985
n,-0.03789528086781502, -0.2302848994731903, 0.07342479377985
n,-0.10652493685483932, -0.20746959745883942, 0.0739404484629631
n,-0.10652493685483932, -0.20746959745883942, 0.0739404484629631
n,-0.10652493685483932, -0.20746959745883942, 0.0739404484629631
n,-0.16384197771549225, -0.16596709191799164, 0.07395341247320175
n,-0.16384197771549225, -0.16596709191799164, 0.07395341247320175
n,-0.16384197771549225, -0.16596709191799164, 0.07395341247320175
n,-0.20721717178821564, -0.10827378928661346, 0.07208476215600967
n,-0.20721717178821564, -0.10827378928661346, 0.07208476215600967
n,-0.20721717178821564, -0.10827378928661346, 0.07208476215600967
n,-0.23267455399036407, -0.039215561002492905, 0.0646766647696495
n,-0.23267455399036407, -0.039215561002492905, 0.0646766647696495
n,-0.23267455399036407, -0.039215561002492905, 0.0646766647696495
n,-0.23269058763980865, 0.03872794657945633, 0.0649123340845108
n,-0.23269058763980865, 0.03872794657945633, 0.0649123340845108
n,-0.23269058763980865, 0.03872794657945633, 0.0649123340845108
n,-0.21102599799633026, 0.1076786071062088, 0.06108786165714264
n,-0.21102599799633026, 0.1076786071062088, 0.06108786165714264
n,-0.21102599799633026, 0.1076786071062088, 0.06108786165714264
n,-0.16740494966506958, 0.16594254970550537, 0.0655517578125
n,-0.16740494966506958, 0.16594254970550537, 0.0655517578125
n,-0.16740494966506958, 0.16594254970550537, 0.0655517578125
n,-0.10801982879638672, 0.20840956270694733, 0.0689605250954628
n,-0.10801982879638672, 0.20840956270694733, 0.0689605250954628
n,-0.10801982879638672, 0.20840956270694733, 0.0689605250954628
n,-0.037086132913827896, 0.2337254285812378, 0.062092140316963196
n,-0.037086132913827896, 0.2337254285812378, 0.062092140316963196
n,-0.037086132913827896, 0.2337254285812378, 0.062092140316963196
n,0.03696226328611374, 0.23368962109088898, 0.0623004287481308
n,0.03696226328611374, 0.23368962109088898, 0.0623004287481308
n,0.03696226328611374, 0.23368962109088898, 0.0623004287481308
n,0.10882679373025894, 0.20859064161777496, 0.06711971014738083
n,0.10882679373025894, 0.20859064161777496, 0.06711971014738083
n,0.10882679373025894, 0.20859064161777496, 0.06711971014738083
n,0.1653890758752823, 0.16472288966178894, 0.07328853756189346
n,0.1653890758752823, 0.16472288966178894, 0.07328853756189346
n,0.1653890758752823, 0.16472288966178894, 0.07328853756189346
n,0.20753313601016998, 0.10706982016563416, 0.07296878099441528
n,0.20753313601016998, 0.10706982016563416, 0.07296878099441528
n,0.20753313601016998, 0.10706982016563416, 0.07296878099441528
n,0.2310280054807663, 0.033908337354660034, 0.07303886115550995
n,0.2310280054807663, 0.033908337354660034, 0.07303886115550995
n,0.2310280054807663, 0.033908337354660034, 0.07303886115550995
n,0.23031489551067352, -0.03922773525118828, 0.07262656837701797
n,0.23031489551067352, -0.03922773525118828, 0.07262656837701797
n,0.23031489551067352, -0.03922773525118828, 0.07262656837701797
n,0.2087080329656601, -0.10668014734983444, 0.07013335078954697
n,0.2087080329656601, -0.10668014734983444, 0.07013335078954697
n,0.2087080329656601, -0.10668014734983444, 0.07013335078954697
n,0.16535598039627075, -0.16476155817508698, 0.07327625155448914
n,0.16535598039627075, -0.16476155817508698, 0.07327625155448914
n,0.16535598039627075, -0.16476155817508698, 0.07327625155448914
n,0.10603055357933044, -0.20702502131462097, 0.07587195932865143
n,0.10603055357933044, -0.20702502131462097, 0.07587195932865143
n,0.10603055357933044, -0.20702502131462097, 0.07587195932865143
n,0.037721313536167145, -0.23004049062728882, 0.07427564263343811
n,0.037721313536167145, -0.23004049062728882, 0.07427564263343811
n,0.037721313536167145, -0.23004049062728882, 0.07427564263343811
n,0.03924648091197014, -0.24088647961616516, 0.01708223670721054
n,0.03924648091197014, -0.24088647961616516, 0.01708223670721054
n,0.03924648091197014, -0.24088647961616516, 0.01708223670721054
n,0.11093582957983017, -0.21760283410549164, 0.014164485968649387
n,0.11093582957983017, -0.21760283410549164, 0.014164485968649387
n,0.11093582957983017, -0.21760283410549164, 0.014164485968649387
n,0.1734122633934021, -0.172006294131279, 0.014156543649733067
n,0.1734122633934021, -0.172006294131279, 0.014156543649733067
n,0.1734122633934021, -0.172006294131279, 0.014156543649733067
n,0.21773435175418854, -0.11042846739292145, 0.01599031127989292
n,0.21773435175418854, -0.11042846739292145, 0.01599031127989292
n,0.21773435175418854, -0.11042846739292145, 0.01599031127989292
n,0.24047750234603882, -0.04141843691468239, 0.017705218866467476
n,0.24047750234603882, -0.04141843691468239, 0.017705218866467476
n,0.24047750234603882, -0.04141843691468239, 0.017705218866467476
n,0.24164170026779175, 0.03549053147435188, 0.01442550215870142
n,0.24164170026779175, 0.03549053147435188, 0.01442550215870142
n,0.24164170026779175, 0.03549053147435188, 0.01442550215870142
n,0.21734140813350677, 0.11153284460306168, 0.01347295567393303
n,0.21734140813350677, 0.11153284460306168, 0.01347295567393303
n,0.21734140813350677, 0.11153284460306168, 0.01347295567393303
n,0.17275771498680115, 0.17271913588047028, 0.0134633993729949
n,0.17275771498680115, 0.17271913588047028, 0.0134633993729949
n,0.17275771498680115, 0.17271913588047028, 0.0134633993729949
n,0.11178378760814667, 0.21747881174087524, 0.00810769572854042
n,0.11178378760814667, 0.21747881174087524, 0.00810769572854042
n,0.11178378760814667, 0.21747881174087524, 0.00810769572854042
n,0.037085484713315964, 0.24173027276992798, 0.007037528790533543
n,0.037085484713315964, 0.24173027276992798, 0.007037528790533543
n,0.037085484713315964, 0.24173027276992798, 0.007037528790533543
n,-0.036767132580280304, 0.24177829921245575, 0.007058261428028345
n,-0.036767132580280304, 0.24177829921245575, 0.007058261428028345
n,-0.036767132580280304, 0.24177829921245575, 0.007058261428028345
n,-0.1119799092411995, 0.21712329983711243, 0.0132798096165061
n,-0.1119799092411995, 0.21712329983711243, 0.0132798096165061
n,-0.1119799092411995, 0.21712329983711243, 0.0132798096165061
n,-0.1743973046541214, 0.17117175459861755, 0.012008330784738064
n,-0.1743973046541214, 0.17117175459861755, 0.012008330784738064
n,-0.1743973046541214, 0.17117175459861755, 0.012008330784738064
n,-0.2181207239627838, 0.11013192683458328, 0.012356959283351898
n,-0.2181207239627838, 0.11013192683458328, 0.012356959283351898
n,-0.2181207239627838, 0.11013192683458328, 0.012356959283351898
n,-0.2409752905368805, 0.04095545783638954, 0.01058045495301485
n,-0.2409752905368805, 0.04095545783638954, 0.01058045495301485
n,-0.2409752905368805, 0.04095545783638954, 0.01058045495301485
n,-0.24133078753948212, -0.03877345845103264, 0.010698329657316208
n,-0.24133078753948212, -0.03877345845103264, 0.010698329657316208
n,-0.24133078753948212, -0.03877345845103264, 0.010698329657316208
n,-0.21711230278015137, -0.11222244799137115, 0.011258846148848534
n,-0.21711230278015137, -0.11222244799137115, 0.011258846148848534
n,-0.21711230278015137, -0.11222244799137115, 0.011258846148848534
n,-0.17127488553524017, -0.17419393360614777, 0.013408318161964417
n,-0.17127488553524017, -0.17419393360614777, 0.013408318161964417
n,-0.17127488553524017, -0.17419393360614777, 0.013408318161964417
n,-0.11162382364273071, -0.21713507175445557, 0.015838637948036194
n,-0.11162382364273071, -0.21713507175445557, 0.015838637948036194
n,-0.11162382364273071, -0.21713507175445557, 0.015838637948036194
n,-0.0392691045999527, -0.2409277707338333, 0.016435706987977028
n,-0.0392691045999527, -0.2409277707338333, 0.016435706987977028
n,-0.0392691045999527, -0.2409277707338333, 0.016435706987977028
n,-0.03812464326620102, -0.23451638221740723, -0.05836920067667961
n,-0.03812464326620102, -0.23451638221740723, -0.05836920067667961
n,-0.03812464326620102, -0.23451638221740723, -0.05836920067667961
n,-0.11026649177074432, -0.21420463919639587, -0.04261520504951477
n,-0.11026649177074432, -0.21420463919639587, -0.04261520504951477
n,-0.11026649177074432, -0.21420463919639587, -0.04261520504951477
n,-0.1687299907207489, -0.17077264189720154, -0.047172922641038895
n,-0.1687299907207489, -0.17077264189720154, -0.047172922641038895
n,-0.1687299907207489, -0.17077264189720154, -0.047172922641038895
n,-0.2135775089263916, -0.10966353118419647, -0.04708443209528923
n,-0.2135775089263916, -0.10966353118419647, -0.04708443209528923
n,-0.2135775089263916, -0.10966353118419647, -0.04708443209528923
n,-0.2375551462173462, -0.03800158202648163, -0.0445176437497139
n,-0.2375551462173462, -0.03800158202648163, -0.0445176437497139
n,-0.2375551462173462, -0.03800158202648163, -0.0445176437497139
n,-0.23652249574661255, 0.03977439925074577, -0.048306237906217575
n,-0.23652249574661255, 0.03977439925074577, -0.048306237906217575
n,-0.23652249574661255, 0.03977439925074577, -0.048306237906217575
n,-0.21515406668186188, 0.10874074697494507, -0.04174407944083214
n,-0.21515406668186188, 0.10874074697494507, -0.04174407944083214
n,-0.21515406668186188, 0.10874074697494507, -0.04174407944083214
n,-0.1720695048570633, 0.16831183433532715, -0.043836064636707306
n,-0.1720695048570633, 0.16831183433532715, -0.043836064636707306
n,-0.1720695048570633, 0.16831183433532715, -0.043836064636707306
n,-0.10861336439847946, 0.2119041383266449, -0.05619758740067482
n,-0.10861336439847946, 0.2119041383266449, -0.05619758740067482
n,-0.10861336439847946, 0.2119041383266449, -0.05619758740067482
n,-0.034548256546258926, 0.23557423055171967, -0.05629902333021164
n,-0.034548256546258926, 0.23557423055171967, -0.05629902333021164
n,-0.034548256546258926, 0.23557423055171967, -0.05629902333021164
n,0.03617694973945618, 0.23783285915851593, -0.0445549376308918
n,0.03617694973945618, 0.23783285915851593, -0.0445549376308918
n,0.03617694973945618, 0.23783285915851593, -0.0445549376308918
n,0.10740840435028076, 0.2123875617980957, -0.05668635666370392
n,0.10740840435028076, 0.2123875617980957, -0.05668635666370392
n,0.10740840435028076, 0.2123875617980957, -0.05668635666370392
n,0.16833573579788208, 0.1682690680027008, -0.05663028731942177
n,0.16833573579788208, 0.1682690680027008, -0.05663028731942177
n,0.16833573579788208, 0.1682690680027008, -0.05663028731942177
n,0.21149376034736633, 0.10883359611034393, -0.05730642005801201
n,0.21149376034736633, 0.10883359611034393, -0.05730642005801201
n,0.21149376034736633, 0.10883359611034393, -0.05730642005801201
n,0.23522832989692688, 0.03502105176448822, -0.05744168162345886
n,0.23522832989692688, 0.03502105176448822, -0.05744168162345886
n,0.23522832989692688, 0.03502105176448822, -0.05744168162345886
n,0.2365260273218155, -0.04042435809969902, -0.047746095806360245
n,0.2365260273218155, -0.04042435809969902, -0.047746095806360245
n,0.2365260273218155, -0.04042435809969902, -0.047746095806360245
n,0.21459603309631348, -0.1093028262257576, -0.04312557354569435
n,0.21459603309631348, -0.1093028262257576, -0.04312557354569435
n,0.21459603309631348, -0.1093028262257576, -0.04312557354569435
n,0.17066647112369537, -0.1699114739894867, -0.043144311755895615
n,0.17066647112369537, -0.1699114739894867, -0.043144311755895615
n,0.17066647112369537, -0.1699114739894867, -0.043144311755895615
n,0.109813392162323, -0.21380217373371124, -0.045695025473833084
n,0.109813392162323, -0.21380217373371124, -0.045695025473833084
n,0.109813392162323, -0.21380217373371124, -0.045695025473833084
n,0.03796521946787834, -0.2345532923936844, -0.05832478776574135
n,0.03796521946787834, -0.2345532923936844, -0.05832478776574135
n,0.03796521946787834, -0.2345532923936844, -0.05832478776574135
n,0.0367685928940773, -0.23003801703453064, -0.07475939393043518
n,0.0367685928940773, -0.23003801703453064, -0.07475939393043518
n,0.0367685928940773, -0.23003801703453064, -0.07475939393043518
n,0.1074676662683487, -0.20669065415859222, -0.07475332915782928
n,0.1074676662683487, -0.20669065415859222, -0.07475332915782928
n,0.1074676662683487, -0.20669065415859222, -0.07475332915782928
n,0.16488014161586761, -0.16527779400348663, -0.07318587601184845
n,0.16488014161586761, -0.16527779400348663, -0.07318587601184845
n,0.16488014161586761, -0.16527779400348663, -0.07318587601184845
n,0.20747607946395874, -0.10766927152872086, -0.07224538922309875
n,0.20747607946395874, -0.10766927152872086, -0.07224538922309875
n,0.20747607946395874, -0.10766927152872086, -0.07224538922309875
n,0.2308410406112671, -0.03887641802430153, -0.07112963497638702
n,0.2308410406112671, -0.03887641802430153, -0.07112963497638702
n,0.2308410406112671, -0.03887641802430153, -0.07112963497638702
n,0.23102089762687683, 0.035681094974279404, -0.0722121074795723
n,0.23102089762687683, 0.035681094974279404, -0.0722121074795723
n,0.23102089762687683, 0.035681094974279404, -0.0722121074795723
n,0.20686297118663788, 0.1056760624051094, -0.07680276036262512
n,0.20686297118663788, 0.1056760624051094, -0.07680276036262512
n,0.20686297118663788, 0.1056760624051094, -0.07680276036262512
n,0.16480447351932526, 0.1631709486246109, -0.07793019711971283
n,0.16480447351932526, 0.1631709486246109, -0.07793019711971283
n,0.16480447351932526, 0.1631709486246109, -0.07793019711971283
n,0.10772821307182312, 0.20536766946315765, -0.07795596867799759
n,0.10772821307182312, 0.20536766946315765, -0.07795596867799759
n,0.10772821307182312, 0.20536766946315765, -0.07795596867799759
n,0.03924216702580452, 0.22882530093193054, -0.07718431949615479
n,0.03924216702580452, 0.22882530093193054, -0.07718431949615479
n,0.03924216702580452, 0.22882530093193054, -0.07718431949615479
n,-0.03802097588777542, 0.22877205908298492, -0.07794957607984543
n,-0.03802097588777542, 0.22877205908298492, -0.07794957607984543
n,-0.03802097588777542, 0.22877205908298492, -0.07794957607984543
n,-0.10795114934444427, 0.20493076741695404, -0.07879287004470825
n,-0.10795114934444427, 0.20493076741695404, -0.07879287004470825
n,-0.10795114934444427, 0.20493076741695404, -0.07879287004470825
n,-0.16514261066913605, 0.1624251902103424, -0.07876776903867722
n,-0.16514261066913605, 0.1624251902103424, -0.07876776903867722
n,-0.16514261066913605, 0.1624251902103424, -0.07876776903867722
n,-0.2063702791929245, 0.10705769062042236, -0.07621254771947861
n,-0.2063702791929245, 0.10705769062042236, -0.07621254771947861
n,-0.2063702791929245, 0.10705769062042236, -0.07621254771947861
n,-0.22920754551887512, 0.03725339472293854, -0.07703552395105362
n,-0.22920754551887512, 0.03725339472293854, -0.07703552395105362
n,-0.22920754551887512, 0.03725339472293854, -0.07703552395105362
n,-0.22946152091026306, -0.040063101798295975, -0.07483810186386108
n,-0.22946152091026306, -0.040063101798295975, -0.07483810186386108
n,-0.22946152091026306, -0.040063101798295975, -0.07483810186386108
n,-0.20584677159786224, -0.10873353481292725, -0.07524965703487396
n,-0.20584677159786224, -0.10873353481292725, -0.07524965703487396
n,-0.20584677159786224, -0.10873353481292725, -0.07524965703487396
n,-0.16410419344902039, -0.16555455327033997, -0.0742960050702095
n,-0.16410419344902039, -0.16555455327033997, -0.0742960050702095
n,-0.16410419344902039, -0.16555455327033997, -0.0742960050702095
n,-0.10686032474040985, -0.2075084000825882, -0.07334521412849426
n,-0.10686032474040985, -0.2075084000825882, -0.07334521412849426
n,-0.10686032474040985, -0.2075084000825882, -0.07334521412849426
n,-0.03838976472616196, -0.23074357211589813, -0.0717078223824501
n,-0.03838976472616196, -0.23074357211589813, -0.0717078223824501
n,-0.03838976472616196, -0.23074357211589813, -0.0717078223824501
n,0.03793514892458916, -0.23983612656593323, -0.029965778812766075
n,0.03793514892458916, -0.23983612656593323, -0.029965778812766075
n,0.03793514892458916, -0.23983612656593323, -0.029965778812766075
n,0.1120615154504776, -0.2154945433139801, -0.02937188558280468
n,0.1120615154504776, -0.2154945433139801, -0.02937188558280468
n,0.1120615154504776, -0.2154945433139801, -0.02937188558280468
n,0.17163194715976715, -0.1718706339597702, -0.029348742216825485
n,0.17163194715976715, -0.1718706339597702, -0.029348742216825485
n,0.17163194715976715, -0.1718706339597702, -0.029348742216825485
n,0.21574175357818604, -0.11173832416534424, -0.02878236584365368
n,0.21574175357818604, -0.11173832416534424, -0.02878236584365368
n,0.21574175357818604, -0.11173832416534424, -0.02878236584365368
n,0.23961268365383148, -0.04034295678138733, -0.028576185926795006
n,0.23961268365383148, -0.04034295678138733, -0.028576185926795006
n,0.23961268365383148, -0.04034295678138733, -0.028576185926795006
n,0.24008162319660187, 0.03705710917711258, -0.02908562868833542
n,0.24008162319660187, 0.03705710917711258, -0.02908562868833542
n,0.24008162319660187, 0.03705710917711258, -0.02908562868833542
n,0.21626868844032288, 0.11008297652006149, -0.031112415716052055
n,0.21626868844032288, 0.11008297652006149, -0.031112415716052055
n,0.21626868844032288, 0.11008297652006149, -0.031112415716052055
n,0.1724230796098709, 0.1707592010498047, -0.031144311651587486
n,0.1724230796098709, 0.1707592010498047, -0.031144311651587486
n,0.1724230796098709, 0.1707592010498047, -0.031144311651587486
n,0.11294214427471161, 0.21426931023597717, -0.03451264277100563
n,0.11294214427471161, 0.21426931023597717, -0.03451264277100563
n,0.11294214427471161, 0.21426931023597717, -0.03451264277100563
n,0.04110703244805336, 0.2386859953403473, -0.03460613638162613
n,0.04110703244805336, 0.2386859953403473, -0.03460613638162613
n,0.04110703244805336, 0.2386859953403473, -0.03460613638162613
n,-0.03985028713941574, 0.23859238624572754, -0.03666076064109802
n,-0.03985028713941574, 0.23859238624572754, -0.03666076064109802
n,-0.03985028713941574, 0.23859238624572754, -0.03666076064109802
n,-0.11315280944108963, 0.21441519260406494, -0.03287781402468681
n,-0.11315280944108963, 0.21441519260406494, -0.03287781402468681
n,-0.11315280944108963, 0.21441519260406494, -0.03287781402468681
n,-0.17302975058555603, 0.1698412001132965, -0.032757557928562164
n,-0.17302975058555603, 0.1698412001132965, -0.032757557928562164
n,-0.17302975058555603, 0.1698412001132965, -0.032757557928562164
n,-0.21547524631023407, 0.11169516295194626, -0.030870676040649414
n,-0.21547524631023407, 0.11169516295194626, -0.030870676040649414
n,-0.21547524631023407, 0.11169516295194626, -0.030870676040649414
n,-0.23956993222236633, 0.038904737681150436, -0.030839188024401665
n,-0.23956993222236633, 0.038904737681150436, -0.030839188024401665
n,-0.23956993222236633, 0.038904737681150436, -0.030839188024401665
n,-0.23903600871562958, -0.041957881301641464, -0.0309792198240757
n,-0.23903600871562958, -0.041957881301641464, -0.0309792198240757
n,-0.23903600871562958, -0.041957881301641464, -0.0309792198240757
n,-0.2148437649011612, -0.1135205551981926, -0.028524124994874
n,-0.2148437649011612, -0.1135205551981926, -0.028524124994874
n,-0.2148437649011612, -0.1135205551981926, -0.028524124994874
n,-0.17097729444503784, -0.1728532463312149, -0.027329498901963234
n,-0.17097729444503784, -0.1728532463312149, -0.027329498901963234
n,-0.17097729444503784, -0.1728532463312149, -0.027329498901963234
n,-0.11150527745485306, -0.21610386669635773, -0.026908578351140022
n,-0.11150527745485306, -0.21610386669635773, -0.026908578351140022
n,-0.11150527745485306, -0.21610386669635773, -0.026908578351140022
n,-0.039954133331775665, -0.23977085947990417, -0.027784572914242744
n,-0.039954133331775665, -0.23977085947990417, -0.027784572914242744
n,-0.039954133331775665, -0.23977085947990417, -0.027784572914242744
n,0.03742454946041107, -0.23752689361572266, 0.04515265300869942
n,0.03742454946041107, -0.23752689361572266, 0.04515265300869942
n,0.03742454946041107, -0.23752689361572266, 0.04515265300869942
n,0.11071538925170898, -0.21367086470127106, 0.04410502687096596
n,0.11071538925170898, -0.21367086470127106, 0.04410502687096596
n,0.11071538925170898, -0.21367086470127106, 0.04410502687096596
n,0.17015674710273743, -0.17018824815750122, 0.044057056307792664
n,0.17015674710273743, -0.17018824815750122, 0.044057056307792664
n,0.17015674710273743, -0.17018824815750122, 0.044057056307792664
n,0.2137489914894104, -0.11044818162918091, 0.044395338743925095
n,0.2137489914894104, -0.11044818162918091, 0.044395338743925095
n,0.2137489914894104, -0.11044818162918091, 0.044395338743925095
n,0.2371743768453598, -0.03979651629924774, 0.04497717320919037
n,0.2371743768453598, -0.03979651629924774, 0.04497717320919037
n,0.2371743768453598, -0.03979651629924774, 0.04497717320919037
n,0.23750659823417664, 0.03735150024294853, 0.04531959444284439
n,0.23750659823417664, 0.03735150024294853, 0.04531959444284439
n,0.23750659823417664, 0.03735150024294853, 0.04531959444284439
n,0.21434587240219116, 0.10867391526699066, 0.04587171971797943
n,0.21434587240219116, 0.10867391526699066, 0.04587171971797943
n,0.21434587240219116, 0.10867391526699066, 0.04587171971797943
n,0.17049160599708557, 0.16936543583869934, 0.045894984155893326
n,0.17049160599708557, 0.16936543583869934, 0.045894984155893326
n,0.17049160599708557, 0.16936543583869934, 0.045894984155893326
n,0.11197250336408615, 0.21245737373828888, 0.046716198325157166
n,0.11197250336408615, 0.21245737373828888, 0.046716198325157166
n,0.11197250336408615, 0.21245737373828888, 0.046716198325157166
n,0.04039634019136429, 0.23671621084213257, 0.04681839793920517
n,0.04039634019136429, 0.23671621084213257, 0.04681839793920517
n,0.04039634019136429, 0.23671621084213257, 0.04681839793920517
n,-0.038500841706991196, 0.23732727766036987, 0.045297134667634964
n,-0.038500841706991196, 0.23732727766036987, 0.045297134667634964
n,-0.038500841706991196, 0.23732727766036987, 0.045297134667634964
n,-0.11200101673603058, 0.2128748595714569, 0.044704094529151917
n,-0.11200101673603058, 0.2128748595714569, 0.044704094529151917
n,-0.11200101673603058, 0.2128748595714569, 0.044704094529151917
n,-0.17138397693634033, 0.16916640102863312, 0.043227825313806534
n,-0.17138397693634033, 0.16916640102863312, 0.043227825313806534
n,-0.17138397693634033, 0.16916640102863312, 0.043227825313806534
n,-0.21443790197372437, 0.10958705842494965, 0.04319087415933609
n,-0.21443790197372437, 0.10958705842494965, 0.04319087415933609
n,-0.21443790197372437, 0.10958705842494965, 0.04319087415933609
n,-0.23715142905712128, 0.03848878666758537, 0.04621905833482742
n,-0.23715142905712128, 0.03848878666758537, 0.04621905833482742
n,-0.23715142905712128, 0.03848878666758537, 0.04621905833482742
n,-0.23686206340789795, -0.04116005823016167, 0.045393772423267365
n,-0.23686206340789795, -0.04116005823016167, 0.045393772423267365
n,-0.23686206340789795, -0.04116005823016167, 0.045393772423267365
n,-0.21292413771152496, -0.11203678697347641, 0.0443786084651947
n,-0.21292413771152496, -0.11203678697347641, 0.0443786084651947
n,-0.21292413771152496, -0.11203678697347641, 0.0443786084651947
n,-0.16919434070587158, -0.17108279466629028, 0.04429834336042404
n,-0.16919434070587158, -0.17108279466629028, 0.04429834336042404
n,-0.16919434070587158, -0.17108279466629028, 0.04429834336042404
n,-0.11029493063688278, -0.21384885907173157, 0.04429541900753975
n,-0.11029493063688278, -0.21384885907173157, 0.04429541900753975
n,-0.11029493063688278, -0.21384885907173157, 0.04429541900753975
n,-0.03921716660261154, -0.23737464845180511, 0.04442604258656502
n,-0.03921716660261154, -0.23737464845180511, 0.04442604258656502
n,-0.03921716660261154, -0.23737464845180511, 0.04442604258656502
n,0.03336629271507263, -0.21205005049705505, 0.11738757789134979
n,0.03336629271507263, -0.21205005049705505, 0.11738757789134979
n,0.03336629271507263, -0.21205005049705505, 0.11738757789134979
n,0.09869547188282013, -0.1906701624393463, 0.11731359362602234
n,0.09869547188282013, -0.1906701624393463, 0.11731359362602234
n,0.09869547188282013, -0.1906701624393463, 0.11731359362602234
n,0.15200069546699524, -0.15211209654808044, 0.11668799817562103
n,0.15200069546699524, -0.15211209654808044, 0.11668799817562103
n,0.15200069546699524, -0.15211209654808044, 0.11668799817562103
n,0.19085654616355896, -0.09849507361650467, 0.11717887222766876
n,0.19085654616355896, -0.09849507361650467, 0.11717887222766876
n,0.19085654616355896, -0.09849507361650467, 0.11717887222766876
n,0.21175703406333923, -0.03526528552174568, 0.1173614114522934
n,0.21175703406333923, -0.03526528552174568, 0.1173614114522934
n,0.21175703406333923, -0.03526528552174568, 0.1173614114522934
n,0.21153028309345245, 0.03355865553021431, 0.1182672530412674
n,0.21153028309345245, 0.03355865553021431, 0.1182672530412674
n,0.21153028309345245, 0.03355865553021431, 0.1182672530412674
n,0.1906987726688385, 0.09681717306375504, 0.11882253736257553
n,0.1906987726688385, 0.09681717306375504, 0.11882253736257553
n,0.1906987726688385, 0.09681717306375504, 0.11882253736257553
n,0.1515970230102539, 0.15062673389911652, 0.1191147118806839
n,0.1515970230102539, 0.15062673389911652, 0.1191147118806839
n,0.1515970230102539, 0.15062673389911652, 0.1191147118806839
n,0.09928299486637115, 0.18851196765899658, 0.12026852369308472
n,0.09928299486637115, 0.18851196765899658, 0.12026852369308472
n,0.09928299486637115, 0.18851196765899658, 0.12026852369308472
n,0.035996224731206894, 0.20972321927547455, 0.1207428053021431
n,0.035996224731206894, 0.20972321927547455, 0.1207428053021431
n,0.035996224731206894, 0.20972321927547455, 0.1207428053021431
n,-0.033663563430309296, 0.21056215465068817, 0.11995302885770798
n,-0.033663563430309296, 0.21056215465068817, 0.11995302885770798
n,-0.033663563430309296, 0.21056215465068817, 0.11995302885770798
n,-0.09936188906431198, 0.1888006329536438, 0.11974939703941345
n,-0.09936188906431198, 0.1888006329536438, 0.11974939703941345
n,-0.09936188906431198, 0.1888006329536438, 0.11974939703941345
n,-0.15217061340808868, 0.15017357468605042, 0.11895540356636047
n,-0.15217061340808868, 0.15017357468605042, 0.11895540356636047
n,-0.15217061340808868, 0.15017357468605042, 0.11895540356636047
n,-0.1905410885810852, 0.09750097990036011, 0.1185159981250763
n,-0.1905410885810852, 0.09750097990036011, 0.1185159981250763
n,-0.1905410885810852, 0.09750097990036011, 0.1185159981250763
n,-0.21092122793197632, 0.033921509981155396, 0.1192474439740181
n,-0.21092122793197632, 0.033921509981155396, 0.1192474439740181
n,-0.21092122793197632, 0.033921509981155396, 0.1192474439740181
n,-0.2110731601715088, -0.036567188799381256, 0.11819200962781906
n,-0.2110731601715088, -0.036567188799381256, 0.11819200962781906
n,-0.2110731601715088, -0.036567188799381256, 0.11819200962781906
n,-0.18980541825294495, -0.09976505488157272, 0.11781013011932373
n,-0.18980541825294495, -0.09976505488157272, 0.11781013011932373
n,-0.18980541825294495, -0.09976505488157272, 0.11781013011932373
n,-0.15121382474899292, -0.1529402881860733, 0.11662774533033371
n,-0.15121382474899292, -0.1529402881860733, 0.11662774533033371
n,-0.15121382474899292, -0.1529402881860733, 0.11662774533033371
n,-0.09837290644645691, -0.1910151094198227, 0.11702300608158112
n,-0.09837290644645691, -0.1910151094198227, 0.11702300608158112
n,-0.09837290644645691, -0.1910151094198227, 0.11702300608158112
n,-0.035093873739242554, -0.21181975305080414, 0.1172996312379837
n,-0.035093873739242554, -0.21181975305080414, 0.1172996312379837
n,-0.035093873739242554, -0.21181975305080414, 0.1172996312379837
n,0.026708468794822693, -0.16862137615680695, 0.17524804174900055
n,0.026708468794822693, -0.16862137615680695, 0.17524804174900055
n,0.026708468794822693, -0.16862137615680695, 0.17524804174900055
n,0.07822276651859283, -0.15148819983005524, 0.1754733920097351
n,0.07822276651859283, -0.15148819983005524, 0.1754733920097351
n,0.07822276651859283, -0.15148819983005524, 0.1754733920097351
n,0.12080232799053192, -0.1212337389588356, 0.17483580112457275
n,0.12080232799053192, -0.1212337389588356, 0.17483580112457275
n,0.12080232799053192, -0.1212337389588356, 0.17483580112457275
n,0.15203270316123962, -0.07854842394590378, 0.17485594749450684
n,0.15203270316123962, -0.07854842394590378, 0.17485594749450684
n,0.15203270316123962, -0.07854842394590378, 0.17485594749450684
n,0.16795161366462708, -0.027787959203124046, 0.17572273313999176
n,0.16795161366462708, -0.027787959203124046, 0.17572273313999176
n,0.16795161366462708, -0.027787959203124046, 0.17572273313999176
n,0.16804543137550354, 0.02654094807803631, 0.17582575976848602
n,0.16804543137550354, 0.02654094807803631, 0.17582575976848602
n,0.16804543137550354, 0.02654094807803631, 0.17582575976848602
n,0.15174929797649384, 0.07723502069711685, 0.17568518221378326
n,0.15174929797649384, 0.07723502069711685, 0.17568518221378326
n,0.15174929797649384, 0.07723502069711685, 0.17568518221378326
n,0.12064159661531448, 0.11964218318462372, 0.17603904008865356
n,0.12064159661531448, 0.11964218318462372, 0.17603904008865356
n,0.12064159661531448, 0.11964218318462372, 0.17603904008865356
n,0.0785219594836235, 0.150466188788414, 0.17621749639511108
n,0.0785219594836235, 0.150466188788414, 0.17621749639511108
n,0.0785219594836235, 0.150466188788414, 0.17621749639511108
n,0.02799089439213276, 0.16531197726726532, 0.17817644774913788
n,0.02799089439213276, 0.16531197726726532, 0.17817644774913788
n,0.02799089439213276, 0.16531197726726532, 0.17817644774913788
n,-0.026377340778708458, 0.16416507959365845, 0.179478257894516
n,-0.026377340778708458, 0.16416507959365845, 0.179478257894516
n,-0.026377340778708458, 0.16416507959365845, 0.179478257894516
n,-0.07714769244194031, 0.14738024771213531, 0.17940370738506317
n,-0.07714769244194031, 0.14738024771213531, 0.17940370738506317
n,-0.07714769244194031, 0.14738024771213531, 0.17940370738506317
n,-0.11956051737070084, 0.11807084828615189, 0.17782844603061676
n,-0.11956051737070084, 0.11807084828615189, 0.17782844603061676
n,-0.11956051737070084, 0.11807084828615189, 0.17782844603061676
n,-0.14992952346801758, 0.07662263512611389, 0.17750632762908936
n,-0.14992952346801758, 0.07662263512611389, 0.17750632762908936
n,-0.14992952346801758, 0.07662263512611389, 0.17750632762908936
n,-0.16614368557929993, 0.026822246611118317, 0.17758160829544067
n,-0.16614368557929993, 0.026822246611118317, 0.17758160829544067
n,-0.16614368557929993, 0.026822246611118317, 0.17758160829544067
n,-0.16599558293819427, -0.028567567467689514, 0.1774478703737259
n,-0.16599558293819427, -0.028567567467689514, 0.1774478703737259
n,-0.16599558293819427, -0.028567567467689514, 0.1774478703737259
n,-0.15060387551784515, -0.0787520706653595, 0.17599709331989288
n,-0.15060387551784515, -0.0787520706653595, 0.17599709331989288
n,-0.15060387551784515, -0.0787520706653595, 0.17599709331989288
n,-0.12119155377149582, -0.12218394875526428, 0.1739025115966797
n,-0.12119155377149582, -0.12218394875526428, 0.1739025115966797
n,-0.12119155377149582, -0.12218394875526428, 0.1739025115966797
n,-0.07823754101991653, -0.15257030725479126, 0.17452672123908997
n,-0.07823754101991653, -0.15257030725479126, 0.17452672123908997
n,-0.07823754101991653, -0.15257030725479126, 0.17452672123908997
n,-0.027921801432967186, -0.16905857622623444, 0.1746366322040558
n,-0.027921801432967186, -0.16905857622623444, 0.1746366322040558
n,-0.027921801432967186, -0.16905857622623444, 0.1746366322040558
n,0.02116561494767666, -0.12786473333835602, 0.20751146972179413
n,0.02116561494767666, -0.12786473333835602, 0.20751146972179413
n,0.02116561494767666, -0.12786473333835602, 0.20751146972179413
n,0.05996830761432648, -0.11360526829957962, 0.20822112262248993
n,0.05996830761432648, -0.11360526829957962, 0.20822112262248993
n,0.05996830761432648, -0.11360526829957962, 0.20822112262248993
n,0.08962321281433105, -0.09027021378278732, 0.20899127423763275
n,0.08962321281433105, -0.09027021378278732, 0.20899127423763275
n,0.08962321281433105, -0.09027021378278732, 0.20899127423763275
n,0.11453095078468323, -0.0617353655397892, 0.20719504356384277
n,0.11453095078468323, -0.0617353655397892, 0.20719504356384277
n,0.11453095078468323, -0.0617353655397892, 0.20719504356384277
n,0.12760238349437714, -0.02268347702920437, 0.20751260221004486
n,0.12760238349437714, -0.02268347702920437, 0.20751260221004486
n,0.12760238349437714, -0.02268347702920437, 0.20751260221004486
n,0.12945656478405, 0.021263696253299713, 0.20651207864284515
n,0.12945656478405, 0.021263696253299713, 0.20651207864284515
n,0.12945656478405, 0.021263696253299713, 0.20651207864284515
n,0.11550451070070267, 0.05978520214557648, 0.20722649991512299
n,0.11550451070070267, 0.05978520214557648, 0.20722649991512299
n,0.11550451070070267, 0.05978520214557648, 0.20722649991512299
n,0.09167303889989853, 0.09049790352582932, 0.20800137519836426
n,0.09167303889989853, 0.09049790352582932, 0.20800137519836426
n,0.09167303889989853, 0.09049790352582932, 0.20800137519836426
n,0.06013554334640503, 0.11396089941263199, 0.20797841250896454
n,0.06013554334640503, 0.11396089941263199, 0.20797841250896454
n,0.06013554334640503, 0.11396089941263199, 0.20797841250896454
n,0.021866019815206528, 0.12664632499217987, 0.20818494260311127
n,0.021866019815206528, 0.12664632499217987, 0.20818494260311127
n,0.021866019815206528, 0.12664632499217987, 0.20818494260311127
n,-0.021271727979183197, 0.12669144570827484, 0.20821906626224518
n,-0.021271727979183197, 0.12669144570827484, 0.20821906626224518
n,-0.021271727979183197, 0.12669144570827484, 0.20821906626224518
n,-0.06028834730386734, 0.11246037483215332, 0.20874951779842377
n,-0.06028834730386734, 0.11246037483215332, 0.20874951779842377
n,-0.06028834730386734, 0.11246037483215332, 0.20874951779842377
n,-0.09052185714244843, 0.08985192328691483, 0.20878413319587708
n,-0.09052185714244843, 0.08985192328691483, 0.20878413319587708
n,-0.09052185714244843, 0.08985192328691483, 0.20878413319587708
n,-0.1138465628027916, 0.058554507791996, 0.2084915190935135
n,-0.1138465628027916, 0.058554507791996, 0.2084915190935135
n,-0.1138465628027916, 0.058554507791996, 0.2084915190935135
n,-0.1270621120929718, 0.02123335376381874, 0.20799699425697327
n,-0.1270621120929718, 0.02123335376381874, 0.20799699425697327
n,-0.1270621120929718, 0.02123335376381874, 0.20799699425697327
n,-0.1268380582332611, -0.022546419873833656, 0.20799556374549866
n,-0.1268380582332611, -0.022546419873833656, 0.20799556374549866
n,-0.1268380582332611, -0.022546419873833656, 0.20799556374549866
n,-0.11392287909984589, -0.061179954558610916, 0.2076944261789322
n,-0.11392287909984589, -0.061179954558610916, 0.2076944261789322
n,-0.11392287909984589, -0.061179954558610916, 0.2076944261789322
n,-0.08981604129076004, -0.09109519422054291, 0.2085500806570053
n,-0.08981604129076004, -0.09109519422054291, 0.2085500806570053
n,-0.08981604129076004, -0.09109519422054291, 0.2085500806570053
n,-0.06001534312963486, -0.11461248248815536, 0.20765480399131775
n,-0.06001534312963486, -0.11461248248815536, 0.20765480399131775
n,-0.06001534312963486, -0.11461248248815536, 0.20765480399131775
n,-0.02174990437924862, -0.12780418992042542, 0.20748835802078247
n,-0.02174990437924862, -0.12780418992042542, 0.20748835802078247
n,-0.02174990437924862, -0.12780418992042542, 0.20748835802078247
n,0.03591988608241081, -0.2250695377588272, 0.0889485701918602
n,0.03591988608241081, -0.2250695377588272, 0.0889485701918602
n,0.03591988608241081, -0.2250695377588272, 0.0889485701918602
n,0.10561911016702652, -0.20518139004707336, 0.08126242458820343
n,0.10561911016702652, -0.20518139004707336, 0.08126242458820343
n,0.10561911016702652, -0.20518139004707336, 0.08126242458820343
n,0.16303572058677673, -0.16362787783145905, 0.08064526319503784
n,0.16303572058677673, -0.16362787783145905, 0.08064526319503784
n,0.16303572058677673, -0.16362787783145905, 0.08064526319503784
n,0.20356853306293488, -0.10728572309017181, 0.08311443030834198
n,0.20356853306293488, -0.10728572309017181, 0.08311443030834198
n,0.20356853306293488, -0.10728572309017181, 0.08311443030834198
n,0.22644340991973877, -0.038477055728435516, 0.08426910638809204
n,0.22644340991973877, -0.038477055728435516, 0.08426910638809204
n,0.22644340991973877, -0.038477055728435516, 0.08426910638809204
n,0.22653549909591675, 0.03685758262872696, 0.0847441554069519
n,0.22653549909591675, 0.03685758262872696, 0.0847441554069519
n,0.22653549909591675, 0.03685758262872696, 0.0847441554069519
n,0.2082059234380722, 0.105056032538414, 0.07397235184907913
n,0.2082059234380722, 0.105056032538414, 0.07397235184907913
n,0.2082059234380722, 0.105056032538414, 0.07397235184907913
n,0.16564442217350006, 0.16433654725551605, 0.07357864081859589
n,0.16564442217350006, 0.16433654725551605, 0.07357864081859589
n,0.16564442217350006, 0.16433654725551605, 0.07357864081859589
n,0.1079706996679306, 0.20752927660942078, 0.07164016366004944
n,0.1079706996679306, 0.20752927660942078, 0.07164016366004944
n,0.1079706996679306, 0.20752927660942078, 0.07164016366004944
n,0.03669174388051033, 0.22976742684841156, 0.07562427967786789
n,0.03669174388051033, 0.22976742684841156, 0.07562427967786789
n,0.03669174388051033, 0.22976742684841156, 0.07562427967786789
n,-0.03677661344408989, 0.22713448107242584, 0.08316125720739365
n,-0.03677661344408989, 0.22713448107242584, 0.08316125720739365
n,-0.03677661344408989, 0.22713448107242584, 0.08316125720739365
n,-0.10719525814056396, 0.2070024311542511, 0.0742802768945694
n,-0.10719525814056396, 0.2070024311542511, 0.0742802768945694
n,-0.10719525814056396, 0.2070024311542511, 0.0742802768945694
n,-0.16577968001365662, 0.1642567217350006, 0.07345209270715714
n,-0.16577968001365662, 0.1642567217350006, 0.07345209270715714
n,-0.16577968001365662, 0.1642567217350006, 0.07345209270715714
n,-0.20829243957996368, 0.10494810342788696, 0.07388194650411606
n,-0.20829243957996368, 0.10494810342788696, 0.07388194650411606
n,-0.20829243957996368, 0.10494810342788696, 0.07388194650411606
n,-0.22510866820812225, 0.03604789450764656, 0.08879763633012772
n,-0.22510866820812225, 0.03604789450764656, 0.08879763633012772
n,-0.22510866820812225, 0.03604789450764656, 0.08879763633012772
n,-0.2258603423833847, -0.03731197863817215, 0.08633258193731308
n,-0.2258603423833847, -0.03731197863817215, 0.08633258193731308
n,-0.2258603423833847, -0.03731197863817215, 0.08633258193731308
n,-0.20291830599308014, -0.10676469653844833, 0.08534543961286545
n,-0.20291830599308014, -0.10676469653844833, 0.08534543961286545
n,-0.20291830599308014, -0.10676469653844833, 0.08534543961286545
n,-0.16197942197322845, -0.16316770017147064, 0.08365017175674438
n,-0.16197942197322845, -0.16316770017147064, 0.08365017175674438
n,-0.16197942197322845, -0.16316770017147064, 0.08365017175674438
n,-0.10460459440946579, -0.2046167254447937, 0.08395394682884216
n,-0.10460459440946579, -0.2046167254447937, 0.08395394682884216
n,-0.10460459440946579, -0.2046167254447937, 0.08395394682884216
n,-0.036649350076913834, -0.2243010401725769, 0.09057733416557312
n,-0.036649350076913834, -0.2243010401725769, 0.09057733416557312
n,-0.036649350076913834, -0.2243010401725769, 0.09057733416557312
n,0.0380203016102314, -0.23489849269390106, -0.056881796568632126
n,0.0380203016102314, -0.23489849269390106, -0.056881796568632126
n,0.0380203016102314, -0.23489849269390106, -0.056881796568632126
n,0.11025252938270569, -0.21139061450958252, -0.05492527410387993
n,0.11025252938270569, -0.21139061450958252, -0.05492527410387993
n,0.11025252938270569, -0.21139061450958252, -0.05492527410387993
n,0.16898338496685028, -0.16956128180027008, -0.05051702260971069
n,0.16898338496685028, -0.16956128180027008, -0.05051702260971069
n,0.16898338496685028, -0.16956128180027008, -0.05051702260971069
n,0.211740642786026, -0.11151480674743652, -0.05087960883975029
n,0.211740642786026, -0.11151480674743652, -0.05087960883975029
n,0.211740642786026, -0.11151480674743652, -0.05087960883975029
n,0.23525136709213257, -0.04081070423126221, -0.053382325917482376
n,0.23525136709213257, -0.04081070423126221, -0.053382325917482376
n,0.23525136709213257, -0.04081070423126221, -0.053382325917482376
n,0.23504313826560974, 0.03707971051335335, -0.05690523236989975
n,0.23504313826560974, 0.03707971051335335, -0.05690523236989975
n,0.23504313826560974, 0.03707971051335335, -0.05690523236989975
n,0.2124851495027542, 0.10742215067148209, -0.05629328265786171
n,0.2124851495027542, 0.10742215067148209, -0.05629328265786171
n,0.2124851495027542, 0.10742215067148209, -0.05629328265786171
n,0.16881094872951508, 0.1690339744091034, -0.05280878394842148
n,0.16881094872951508, 0.1690339744091034, -0.05280878394842148
n,0.16881094872951508, 0.1690339744091034, -0.05280878394842148
n,0.11051962524652481, 0.21107807755470276, -0.05558638274669647
n,0.11051962524652481, 0.21107807755470276, -0.05558638274669647
n,0.11051962524652481, 0.21107807755470276, -0.05558638274669647
n,0.035359445959329605, 0.2356865406036377, -0.055316731333732605
n,0.035359445959329605, 0.2356865406036377, -0.055316731333732605
n,0.035359445959329605, 0.2356865406036377, -0.055316731333732605
n,-0.03883959725499153, 0.23646026849746704, -0.04936005547642708
n,-0.03883959725499153, 0.23646026849746704, -0.04936005547642708
n,-0.03883959725499153, 0.23646026849746704, -0.04936005547642708
n,-0.11220395565032959, 0.2121221274137497, -0.047674525529146194
n,-0.11220395565032959, 0.2121221274137497, -0.047674525529146194
n,-0.11220395565032959, 0.2121221274137497, -0.047674525529146194
n,-0.16880688071250916, 0.17066551744937897, -0.047285426408052444
n,-0.16880688071250916, 0.17066551744937897, -0.047285426408052444
n,-0.16880688071250916, 0.17066551744937897, -0.047285426408052444
n,-0.21661846339702606, 0.10354116559028625, -0.04705372825264931
n,-0.21661846339702606, 0.10354116559028625, -0.04705372825264931
n,-0.21661846339702606, 0.10354116559028625, -0.04705372825264931
n,-0.23703403770923615, 0.04156523197889328, -0.0441088005900383
n,-0.23703403770923615, 0.04156523197889328, -0.0441088005900383
n,-0.23703403770923615, 0.04156523197889328, -0.0441088005900383
n,-0.23630598187446594, -0.036039914935827255, -0.052143968641757965
n,-0.23630598187446594, -0.036039914935827255, -0.052143968641757965
n,-0.23630598187446594, -0.036039914935827255, -0.052143968641757965
n,-0.21167516708374023, -0.11103789508342743, -0.052178576588630676
n,-0.21167516708374023, -0.11103789508342743, -0.052178576588630676
n,-0.21167516708374023, -0.11103789508342743, -0.052178576588630676
n,-0.16851972043514252, -0.16939498484134674, -0.052581630647182465
n,-0.16851972043514252, -0.16939498484134674, -0.052581630647182465
n,-0.16851972043514252, -0.16939498484134674, -0.052581630647182465
n,-0.10948561877012253, -0.21244384348392487, -0.05233451724052429
n,-0.10948561877012253, -0.21244384348392487, -0.05233451724052429
n,-0.10948561877012253, -0.21244384348392487, -0.05233451724052429
n,-0.03863201662898064, -0.23480655252933502, -0.05684927478432655
n,-0.03863201662898064, -0.23480655252933502, -0.05684927478432655
n,-0.03863201662898064, -0.23480655252933502, -0.05684927478432655
n,0.03583529591560364, -0.22504469752311707, 0.08904547989368439
n,0.03583529591560364, -0.22504469752311707, 0.08904547989368439
n,0.03583529591560364, -0.22504469752311707, 0.08904547989368439
n,0.10438243299722672, -0.2025911957025528, 0.08899156749248505
n,0.10438243299722672, -0.2025911957025528, 0.08899156749248505
n,0.10438243299722672, -0.2025911957025528, 0.08899156749248505
n,0.16195496916770935, -0.1623031049966812, 0.0853620171546936
n,0.16195496916770935, -0.1623031049966812, 0.0853620171546936
n,0.16195496916770935, -0.1623031049966812, 0.0853620171546936
n,0.20362012088298798, -0.10497646778821945, 0.08589044958353043
n,0.20362012088298798, -0.10497646778821945, 0.08589044958353043
n,0.20362012088298798, -0.10497646778821945, 0.08589044958353043
n,0.22285430133342743, -0.0378643199801445, 0.09359826892614365
n,0.22285430133342743, -0.0378643199801445, 0.09359826892614365
n,0.22285430133342743, -0.0378643199801445, 0.09359826892614365
n,0.2257845550775528, 0.03355029970407486, 0.08805733174085617
n,0.2257845550775528, 0.03355029970407486, 0.08805733174085617
n,0.2257845550775528, 0.03355029970407486, 0.08805733174085617
n,0.2033758908510208, 0.10361684113740921, 0.08809198439121246
n,0.2033758908510208, 0.10361684113740921, 0.08809198439121246
n,0.2033758908510208, 0.10361684113740921, 0.08809198439121246
n,0.1609618067741394, 0.16003179550170898, 0.09132087975740433
n,0.1609618067741394, 0.16003179550170898, 0.09132087975740433
n,0.1609618067741394, 0.16003179550170898, 0.09132087975740433
n,0.10511885583400726, 0.20224666595458984, 0.08890838921070099
n,0.10511885583400726, 0.20224666595458984, 0.08890838921070099
n,0.10511885583400726, 0.20224666595458984, 0.08890838921070099
n,0.035341955721378326, 0.22612492740154266, 0.08646876364946365
n,0.035341955721378326, 0.22612492740154266, 0.08646876364946365
n,0.035341955721378326, 0.22612492740154266, 0.08646876364946365
n,-0.03626970201730728, 0.22729367017745972, 0.0829487144947052
n,-0.03626970201730728, 0.22729367017745972, 0.0829487144947052
n,-0.03626970201730728, 0.22729367017745972, 0.0829487144947052
n,-0.10735662281513214, 0.20401118695735931, 0.08192909508943558
n,-0.10735662281513214, 0.20401118695735931, 0.08192909508943558
n,-0.10735662281513214, 0.20401118695735931, 0.08192909508943558
n,-0.1642487496137619, 0.16193599998950958, 0.08159322291612625
n,-0.1642487496137619, 0.16193599998950958, 0.08159322291612625
n,-0.1642487496137619, 0.16193599998950958, 0.08159322291612625
n,-0.20716555416584015, 0.1026621013879776, 0.08000824600458145
n,-0.20716555416584015, 0.1026621013879776, 0.08000824600458145
n,-0.20716555416584015, 0.1026621013879776, 0.08000824600458145
n,-0.22816559672355652, 0.03742123395204544, 0.07999059557914734
n,-0.22816559672355652, 0.03742123395204544, 0.07999059557914734
n,-0.22816559672355652, 0.03742123395204544, 0.07999059557914734
n,-0.22534500062465668, -0.03530414402484894, 0.08849651366472244
n,-0.22534500062465668, -0.03530414402484894, 0.08849651366472244
n,-0.22534500062465668, -0.03530414402484894, 0.08849651366472244
n,-0.2030685991048813, -0.10509033501148224, 0.08704912662506104
n,-0.2030685991048813, -0.10509033501148224, 0.08704912662506104
n,-0.2030685991048813, -0.10509033501148224, 0.08704912662506104
n,-0.16072812676429749, -0.162672758102417, 0.08696218580007553
n,-0.16072812676429749, -0.162672758102417, 0.08696218580007553
n,-0.16072812676429749, -0.162672758102417, 0.08696218580007553
n,-0.106345534324646, -0.20342856645584106, 0.08465120941400528
n,-0.106345534324646, -0.20342856645584106, 0.08465120941400528
n,-0.106345534324646, -0.20342856645584106, 0.08465120941400528
n,-0.03550984337925911, -0.22682753205299377, 0.08453818410634995
n,-0.03550984337925911, -0.22682753205299377, 0.08453818410634995
n,-0.03550984337925911, -0.22682753205299377, 0.08453818410634995
n,0.024958739057183266, -0.1529620885848999, 0.18930940330028534
n,0.024958739057183266, -0.1529620885848999, 0.18930940330028534
n,0.024958739057183266, -0.1529620885848999, 0.18930940330028534
n,0.07172993570566177, -0.14086337387561798, 0.18673701584339142
n,0.07172993570566177, -0.14086337387561798, 0.18673701584339142
n,0.07172993570566177, -0.14086337387561798, 0.18673701584339142
n,0.11231032758951187, -0.11394046247005463, 0.18510091304779053
n,0.11231032758951187, -0.11394046247005463, 0.18510091304779053
n,0.11231032758951187, -0.11394046247005463, 0.18510091304779053
n,0.14190106093883514, -0.07334333658218384, 0.18531927466392517
n,0.14190106093883514, -0.07334333658218384, 0.18531927466392517
n,0.14190106093883514, -0.07334333658218384, 0.18531927466392517
n,0.1523977369070053, -0.024869833141565323, 0.18977567553520203
n,0.1523977369070053, -0.024869833141565323, 0.18977567553520203
n,0.1523977369070053, -0.024869833141565323, 0.18977567553520203
n,0.15006394684314728, 0.022513095289468765, 0.19191759824752808
n,0.15006394684314728, 0.022513095289468765, 0.19191759824752808
n,0.15006394684314728, 0.022513095289468765, 0.19191759824752808
n,0.13629305362701416, 0.06900988519191742, 0.19110266864299774
n,0.13629305362701416, 0.06900988519191742, 0.19110266864299774
n,0.13629305362701416, 0.06900988519191742, 0.19110266864299774
n,0.10886646062135696, 0.10691730678081512, 0.19124636054039001
n,0.10886646062135696, 0.10691730678081512, 0.19124636054039001
n,0.10886646062135696, 0.10691730678081512, 0.19124636054039001
n,0.07109539955854416, 0.13705900311470032, 0.18978582322597504
n,0.07109539955854416, 0.13705900311470032, 0.18978582322597504
n,0.07109539955854416, 0.13705900311470032, 0.18978582322597504
n,0.02418370358645916, 0.15002936124801636, 0.19174130260944366
n,0.02418370358645916, 0.15002936124801636, 0.19174130260944366
n,0.02418370358645916, 0.15002936124801636, 0.19174130260944366
n,-0.02452125772833824, 0.15215829014778137, 0.19001302123069763
n,-0.02452125772833824, 0.15215829014778137, 0.19001302123069763
n,-0.02452125772833824, 0.15215829014778137, 0.19001302123069763
n,-0.07222554087638855, 0.13690797984600067, 0.18946783244609833
n,-0.07222554087638855, 0.13690797984600067, 0.18946783244609833
n,-0.07222554087638855, 0.13690797984600067, 0.18946783244609833
n,-0.11137350648641586, 0.10834018886089325, 0.18898870050907135
n,-0.11137350648641586, 0.10834018886089325, 0.18898870050907135
n,-0.11137350648641586, 0.10834018886089325, 0.18898870050907135
n,-0.1426340490579605, 0.07109073549509048, 0.18563410639762878
n,-0.1426340490579605, 0.07109073549509048, 0.18563410639762878
n,-0.1426340490579605, 0.07109073549509048, 0.18563410639762878
n,-0.15456292033195496, 0.024608172476291656, 0.18805083632469177
n,-0.15456292033195496, 0.024608172476291656, 0.18805083632469177
n,-0.15456292033195496, 0.024608172476291656, 0.18805083632469177
n,-0.15459714829921722, -0.024051198735833168, 0.18809477984905243
n,-0.15459714829921722, -0.024051198735833168, 0.18809477984905243
n,-0.15459714829921722, -0.024051198735833168, 0.18809477984905243
n,-0.14179296791553497, -0.0726257860660553, 0.18568424880504608
n,-0.14179296791553497, -0.0726257860660553, 0.18568424880504608
n,-0.14179296791553497, -0.0726257860660553, 0.18568424880504608
n,-0.1146826222538948, -0.1147497221827507, 0.1831359714269638
n,-0.1146826222538948, -0.1147497221827507, 0.1831359714269638
n,-0.1146826222538948, -0.1147497221827507, 0.1831359714269638
n,-0.07373934984207153, -0.14460213482379913, 0.1830604374408722
n,-0.07373934984207153, -0.14460213482379913, 0.1830604374408722
n,-0.07373934984207153, -0.14460213482379913, 0.1830604374408722
n,-0.02390003576874733, -0.1552964597940445, 0.18753716349601746
n,-0.02390003576874733, -0.1552964597940445, 0.18753716349601746
n,-0.02390003576874733, -0.1552964597940445, 0.18753716349601746
n,0.01786029525101185, -0.1153273805975914, 0.21503253281116486
n,0.01786029525101185, -0.1153273805975914, 0.21503253281116486
n,0.01786029525101185, -0.1153273805975914, 0.21503253281116486
n,0.05333492159843445, -0.10553114116191864, 0.2141890674829483
n,0.05333492159843445, -0.10553114116191864, 0.2141890674829483
n,0.05333492159843445, -0.10553114116191864, 0.2141890674829483
n,0.08379723131656647, -0.08410553634166718, 0.21392211318016052
n,0.08379723131656647, -0.08410553634166718, 0.21392211318016052
n,0.08379723131656647, -0.08410553634166718, 0.21392211318016052
n,0.10402669757604599, -0.05413920059800148, 0.21472255885601044
n,0.10402669757604599, -0.05413920059800148, 0.21472255885601044
n,0.10402669757604599, -0.05413920059800148, 0.21472255885601044
n,0.11556054651737213, -0.019207585602998734, 0.21479111909866333
n,0.11556054651737213, -0.019207585602998734, 0.21479111909866333
n,0.11556054651737213, -0.019207585602998734, 0.21479111909866333
n,0.11573692411184311, 0.01737227290868759, 0.21485240757465363
n,0.11573692411184311, 0.01737227290868759, 0.21485240757465363
n,0.11573692411184311, 0.01737227290868759, 0.21485240757465363
n,0.10415928810834885, 0.05185878276824951, 0.2152205854654312
n,0.10415928810834885, 0.05185878276824951, 0.2152205854654312
n,0.10415928810834885, 0.05185878276824951, 0.2152205854654312
n,0.08347687870264053, 0.08218295872211456, 0.21479283273220062
n,0.08347687870264053, 0.08218295872211456, 0.21479283273220062
n,0.08347687870264053, 0.08218295872211456, 0.21479283273220062
n,0.05231892690062523, 0.10222771763801575, 0.21603381633758545
n,0.05231892690062523, 0.10222771763801575, 0.21603381633758545
n,0.05231892690062523, 0.10222771763801575, 0.21603381633758545
n,0.017798539251089096, 0.11271202564239502, 0.21641996502876282
n,0.017798539251089096, 0.11271202564239502, 0.21641996502876282
n,0.017798539251089096, 0.11271202564239502, 0.21641996502876282
n,-0.017744483426213264, 0.11272907257080078, 0.21641552448272705
n,-0.017744483426213264, 0.11272907257080078, 0.21641552448272705
n,-0.017744483426213264, 0.11272907257080078, 0.21641552448272705
n,-0.051739275455474854, 0.10251820832490921, 0.21603576838970184
n,-0.051739275455474854, 0.10251820832490921, 0.21603576838970184
n,-0.051739275455474854, 0.10251820832490921, 0.21603576838970184
n,-0.08614246547222137, 0.08561870455741882, 0.21238480508327484
n,-0.08614246547222137, 0.08561870455741882, 0.21238480508327484
n,-0.08614246547222137, 0.08561870455741882, 0.21238480508327484
n,-0.10883878916501999, 0.05422782152891159, 0.2123013138771057
n,-0.10883878916501999, 0.05422782152891159, 0.2123013138771057
n,-0.10883878916501999, 0.05422782152891159, 0.2123013138771057
n,-0.11920174956321716, 0.017741264775395393, 0.2129191905260086
n,-0.11920174956321716, 0.017741264775395393, 0.2129191905260086
n,-0.11920174956321716, 0.017741264775395393, 0.2129191905260086
n,-0.11635251343250275, -0.01995975524187088, 0.21429438889026642
n,-0.11635251343250275, -0.01995975524187088, 0.21429438889026642
n,-0.11635251343250275, -0.01995975524187088, 0.21429438889026642
n,-0.10354815423488617, -0.05434058606624603, 0.21490293741226196
n,-0.10354815423488617, -0.05434058606624603, 0.21490293741226196
n,-0.10354815423488617, -0.05434058606624603, 0.21490293741226196
n,-0.08141172677278519, -0.08268113434314728, 0.21539346873760223
n,-0.08141172677278519, -0.08268113434314728, 0.21539346873760223
n,-0.08141172677278519, -0.08268113434314728, 0.21539346873760223
n,-0.052120454609394073, -0.10304819792509079, 0.2156917005777359
n,-0.052120454609394073, -0.10304819792509079, 0.2156917005777359
n,-0.052120454609394073, -0.10304819792509079, 0.2156917005777359
n,-0.018275758251547813, -0.1140194833278656, 0.21569408476352692
n,-0.018275758251547813, -0.1140194833278656, 0.21569408476352692
n,-0.018275758251547813, -0.1140194833278656, 0.21569408476352692
n,0.03024226613342762, -0.19293980300426483, 0.1473703533411026
n,0.03024226613342762, -0.19293980300426483, 0.1473703533411026
n,0.03024226613342762, -0.19293980300426483, 0.1473703533411026
n,0.08742759376764297, -0.17433445155620575, 0.1477237343788147
n,0.08742759376764297, -0.17433445155620575, 0.1477237343788147
n,0.08742759376764297, -0.17433445155620575, 0.1477237343788147
n,0.13760694861412048, -0.13987992703914642, 0.1461380273103714
n,0.13760694861412048, -0.13987992703914642, 0.1461380273103714
n,0.13760694861412048, -0.13987992703914642, 0.1461380273103714
n,0.1757122129201889, -0.09172087162733078, 0.14342552423477173
n,0.1757122129201889, -0.09172087162733078, 0.14342552423477173
n,0.1757122129201889, -0.09172087162733078, 0.14342552423477173
n,0.19663281738758087, -0.033144425600767136, 0.14175811409950256
n,0.19663281738758087, -0.033144425600767136, 0.14175811409950256
n,0.19663281738758087, -0.033144425600767136, 0.14175811409950256
n,0.19805189967155457, 0.029796311631798744, 0.14052051305770874
n,0.19805189967155457, 0.029796311631798744, 0.14052051305770874
n,0.19805189967155457, 0.029796311631798744, 0.14052051305770874
n,0.1799270659685135, 0.08970929682254791, 0.1394161880016327
n,0.1799270659685135, 0.08970929682254791, 0.1394161880016327
n,0.1799270659685135, 0.08970929682254791, 0.1394161880016327
n,0.14378486573696136, 0.14173220098018646, 0.13818931579589844
n,0.14378486573696136, 0.14173220098018646, 0.13818931579589844
n,0.14378486573696136, 0.14173220098018646, 0.13818931579589844
n,0.09267211705446243, 0.18007564544677734, 0.13726988434791565
n,0.09267211705446243, 0.18007564544677734, 0.13726988434791565
n,0.09267211705446243, 0.18007564544677734, 0.13726988434791565
n,0.03199820592999458, 0.20082686841487885, 0.13602600991725922
n,0.03199820592999458, 0.20082686841487885, 0.13602600991725922
n,0.03199820592999458, 0.20082686841487885, 0.13602600991725922
n,-0.032421525567770004, 0.19984760880470276, 0.13736146688461304
n,-0.032421525567770004, 0.19984760880470276, 0.13736146688461304
n,-0.032421525567770004, 0.19984760880470276, 0.13736146688461304
n,-0.09203647077083588, 0.1771523803472519, 0.14143800735473633
n,-0.09203647077083588, 0.1771523803472519, 0.14143800735473633
n,-0.09203647077083588, 0.1771523803472519, 0.14143800735473633
n,-0.14121535420417786, 0.13858214020729065, 0.14391523599624634
n,-0.14121535420417786, 0.13858214020729065, 0.14391523599624634
n,-0.14121535420417786, 0.13858214020729065, 0.14391523599624634
n,-0.17618834972381592, 0.08775399625301361, 0.14531099796295166
n,-0.17618834972381592, 0.08775399625301361, 0.14531099796295166
n,-0.17618834972381592, 0.08775399625301361, 0.14531099796295166
n,-0.1947902888059616, 0.029521824792027473, 0.1450641006231308
n,-0.1947902888059616, 0.029521824792027473, 0.1450641006231308
n,-0.1947902888059616, 0.029521824792027473, 0.1450641006231308
n,-0.1943049430847168, -0.032068002969026566, 0.14517444372177124
n,-0.1943049430847168, -0.032068002969026566, 0.14517444372177124
n,-0.1943049430847168, -0.032068002969026566, 0.14517444372177124
n,-0.17552872002124786, -0.09064663201570511, 0.14433033764362335
n,-0.17552872002124786, -0.09064663201570511, 0.14433033764362335
n,-0.17552872002124786, -0.09064663201570511, 0.14433033764362335
n,-0.1388353854417801, -0.14071914553642273, 0.14415700733661652
n,-0.1388353854417801, -0.14071914553642273, 0.14415700733661652
n,-0.1388353854417801, -0.14071914553642273, 0.14415700733661652
n,-0.08796088397502899, -0.17553696036338806, 0.14597274363040924
n,-0.08796088397502899, -0.17553696036338806, 0.14597274363040924
n,-0.08796088397502899, -0.17553696036338806, 0.14597274363040924
n,-0.03000965528190136, -0.1929503232240677, 0.14740414917469025
n,-0.03000965528190136, -0.1929503232240677, 0.14740414917469025
n,-0.03000965528190136, -0.1929503232240677, 0.14740414917469025
n,-0.1697971671819687, 0.1666366308927536, 0.057092465460300446
n,-0.1697971671819687, 0.1666366308927536, 0.057092465460300446
n,-0.1697971671819687, 0.1666366308927536, 0.057092465460300446
n,-0.037150248885154724, -0.23514997959136963, 0.05641566216945648
n,-0.037150248885154724, -0.23514997959136963, 0.05641566216945648
n,-0.037150248885154724, -0.23514997959136963, 0.05641566216945648
n,0.16895702481269836, 0.16725319623947144, 0.057777825742959976
n,0.16895702481269836, 0.16725319623947144, 0.057777825742959976
n,0.16895702481269836, 0.16725319623947144, 0.057777825742959976
n,0.16663360595703125, -0.16984589397907257, 0.05695611983537674
n,0.16663360595703125, -0.16984589397907257, 0.05695611983537674
n,0.16663360595703125, -0.16984589397907257, 0.05695611983537674
n,-0.23527748882770538, 0.0353480726480484, 0.057038597762584686
n,-0.23527748882770538, 0.0353480726480484, 0.057038597762584686
n,-0.23527748882770538, 0.0353480726480484, 0.057038597762584686
n,0.03678712993860245, 0.23492029309272766, 0.05759816616773605
n,0.03678712993860245, 0.23492029309272766, 0.05759816616773605
n,0.03678712993860245, 0.23492029309272766, 0.05759816616773605
n,0.23450787365436554, -0.03976106271147728, 0.057301852852106094
n,0.23450787365436554, -0.03976106271147728, 0.057301852852106094
n,0.23450787365436554, -0.03976106271147728, 0.057301852852106094
n,-0.2112559676170349, -0.10940705984830856, 0.05709115415811539
n,-0.2112559676170349, -0.10940705984830856, 0.05709115415811539
n,-0.2112559676170349, -0.10940705984830856, 0.05709115415811539
n,-0.10979734361171722, 0.21098318696022034, 0.0573500320315361
n,-0.10979734361171722, 0.21098318696022034, 0.0573500320315361
n,-0.10979734361171722, 0.21098318696022034, 0.0573500320315361
n,0.21256029605865479, 0.10660428553819656, 0.05755024403333664
n,0.21256029605865479, 0.10660428553819656, 0.05755024403333664
n,0.21256029605865479, 0.10660428553819656, 0.05755024403333664
n,0.10674174875020981, -0.21268582344055176, 0.056827206164598465
n,0.10674174875020981, -0.21268582344055176, 0.056827206164598465
n,0.10674174875020981, -0.21268582344055176, 0.056827206164598465
n,-0.1071864515542984, -0.2125348150730133, 0.05655444413423538
n,-0.1071864515542984, -0.2125348150730133, 0.05655444413423538
n,-0.1071864515542984, -0.2125348150730133, 0.05655444413423538
n,-0.21305984258651733, 0.10594334453344345, 0.05692008137702942
n,-0.21305984258651733, 0.10594334453344345, 0.05692008137702942
n,-0.21305984258651733, 0.10594334453344345, 0.05692008137702942
n,0.108362577855587, 0.2116118222475052, 0.05776140093803406
n,0.108362577855587, 0.2116118222475052, 0.05776140093803406
n,0.108362577855587, 0.2116118222475052, 0.05776140093803406
n,0.2108372449874878, -0.11021269857883453, 0.05708939954638481
n,0.2108372449874878, -0.11021269857883453, 0.05708939954638481
n,0.2108372449874878, -0.11021269857883453, 0.05708939954638481
n,-0.23472972214221954, -0.038779836148023605, 0.057065509259700775
n,-0.23472972214221954, -0.038779836148023605, 0.057065509259700775
n,-0.23472972214221954, -0.038779836148023605, 0.057065509259700775
n,-0.03834245726466179, 0.23468650877475739, 0.05753682926297188
n,-0.03834245726466179, 0.23468650877475739, 0.05753682926297188
n,-0.03834245726466179, 0.23468650877475739, 0.05753682926297188
n,0.23527032136917114, 0.0350247286260128, 0.057267215102910995
n,0.23527032136917114, 0.0350247286260128, 0.057267215102910995
n,0.23527032136917114, 0.0350247286260128, 0.057267215102910995
n,0.03654690831899643, -0.23521025478839874, 0.05655837804079056
n,0.03654690831899643, -0.23521025478839874, 0.05655837804079056
n,0.03654690831899643, -0.23521025478839874, 0.05655837804079056
n,-0.21581260859966278, -0.11172623932361603, 0.028294097632169724
n,-0.21581260859966278, -0.11172623932361603, 0.028294097632169724
n,-0.21581260859966278, -0.11172623932361603, 0.028294097632169724
n,0.10937805473804474, -0.21685980260372162, 0.029438883066177368
n,0.10937805473804474, -0.21685980260372162, 0.029438883066177368
n,0.10937805473804474, -0.21685980260372162, 0.029438883066177368
n,0.11130841076374054, 0.21580059826374054, 0.029982177540659904
n,0.11130841076374054, 0.21580059826374054, 0.029982177540659904
n,0.11130841076374054, 0.21580059826374054, 0.029982177540659904
n,-0.23984284698963165, -0.039588138461112976, 0.02768697962164879
n,-0.23984284698963165, -0.039588138461112976, 0.02768697962164879
n,-0.23984284698963165, -0.039588138461112976, 0.02768697962164879
n,0.037669532001018524, -0.23996423184871674, 0.029267016798257828
n,0.037669532001018524, -0.23996423184871674, 0.029267016798257828
n,0.037669532001018524, -0.23996423184871674, 0.029267016798257828
n,0.17258210480213165, 0.1707640439271927, 0.030223343521356583
n,0.17258210480213165, 0.1707640439271927, 0.030223343521356583
n,0.17258210480213165, 0.1707640439271927, 0.030223343521356583
n,-0.24039927124977112, 0.036160413175821304, 0.02754995971918106
n,-0.24039927124977112, 0.036160413175821304, 0.02754995971918106
n,-0.24039927124977112, 0.036160413175821304, 0.02754995971918106
n,0.2169983685016632, 0.10887707769870758, 0.030263472348451614
n,0.2169983685016632, 0.10887707769870758, 0.030263472348451614
n,0.2169983685016632, 0.10887707769870758, 0.030263472348451614
n,-0.21761976182460785, 0.10827113687992096, 0.027881484478712082
n,-0.21761976182460785, 0.10827113687992096, 0.027881484478712082
n,-0.21761976182460785, 0.10827113687992096, 0.027881484478712082
n,0.24012717604637146, 0.03578230366110802, 0.030281100422143936
n,0.24012717604637146, 0.03578230366110802, 0.030281100422143936
n,0.24012717604637146, 0.03578230366110802, 0.030281100422143936
n,-0.17340919375419617, 0.17025437951087952, 0.02830345183610916
n,-0.17340919375419617, 0.17025437951087952, 0.02830345183610916
n,-0.17340919375419617, 0.17025437951087952, 0.02830345183610916
n,-0.03760738670825958, -0.2399798333644867, 0.029219092801213264
n,-0.03760738670825958, -0.2399798333644867, 0.029219092801213264
n,-0.03760738670825958, -0.2399798333644867, 0.029219092801213264
n,0.23947781324386597, -0.04011771082878113, 0.029989048838615417
n,0.23947781324386597, -0.04011771082878113, 0.029989048838615417
n,0.23947781324386597, -0.04011771082878113, 0.029989048838615417
n,-0.11199896037578583, 0.21560201048851013, 0.028816528618335724
n,-0.11199896037578583, 0.21560201048851013, 0.028816528618335724
n,-0.11199896037578583, 0.21560201048851013, 0.028816528618335724
n,-0.10984084010124207, -0.21667419373989105, 0.029080374166369438
n,-0.10984084010124207, -0.21667419373989105, 0.029080374166369438
n,-0.10984084010124207, -0.21667419373989105, 0.029080374166369438
n,0.21533945202827454, -0.11225093901157379, 0.029783178120851517
n,0.21533945202827454, -0.11225093901157379, 0.029783178120851517
n,0.21533945202827454, -0.11225093901157379, 0.029783178120851517
n,-0.03909426927566528, 0.23972487449645996, 0.029359862208366394
n,-0.03909426927566528, 0.23972487449645996, 0.029359862208366394
n,-0.03909426927566528, 0.23972487449645996, 0.029359862208366394
n,-0.17084801197052002, -0.17275840044021606, 0.02870316430926323
n,-0.17084801197052002, -0.17275840044021606, 0.02870316430926323
n,-0.17084801197052002, -0.17275840044021606, 0.02870316430926323
n,0.17040513455867767, -0.17304114997386932, 0.029618248343467712
n,0.17040513455867767, -0.17304114997386932, 0.029618248343467712
n,0.17040513455867767, -0.17304114997386932, 0.029618248343467712
n,0.03789915516972542, 0.23988083004951477, 0.02965165674686432
n,0.03789915516972542, 0.23988083004951477, 0.02965165674686432
n,0.03789915516972542, 0.23988083004951477, 0.02965165674686432
n,-0.03934585675597191, -0.2413249909877777, 0.008517011068761349
n,-0.03934585675597191, -0.2413249909877777, 0.008517011068761349
n,-0.03934585675597191, -0.2413249909877777, 0.008517011068761349
n,0.24117636680603027, -0.04039234295487404, 0.007797624915838242
n,0.24117636680603027, -0.04039234295487404, 0.007797624915838242
n,0.24117636680603027, -0.04039234295487404, 0.007797624915838242
n,-0.11112283170223236, 0.21775345504283905, 0.009670793078839779
n,-0.11112283170223236, 0.21775345504283905, 0.009670793078839779
n,-0.11112283170223236, 0.21775345504283905, 0.009670793078839779
n,-0.11206351965665817, -0.21729430556297302, 0.009128610603511333
n,-0.11206351965665817, -0.21729430556297302, 0.009128610603511333
n,-0.11206351965665817, -0.21729430556297302, 0.009128610603511333
n,0.21685637533664703, -0.11301195621490479, 0.007746376097202301
n,0.21685637533664703, -0.11301195621490479, 0.007746376097202301
n,0.21685637533664703, -0.11301195621490479, 0.007746376097202301
n,-0.0402427613735199, 0.2411665916442871, 0.00880831852555275
n,-0.0402427613735199, 0.2411665916442871, 0.00880831852555275
n,-0.0402427613735199, 0.2411665916442871, 0.00880831852555275
n,-0.170760378241539, -0.1749098151922226, 0.010287335142493248
n,-0.170760378241539, -0.1749098151922226, 0.010287335142493248
n,-0.170760378241539, -0.1749098151922226, 0.010287335142493248
n,0.17160086333751678, -0.17421847581863403, 0.007710567209869623
n,0.17160086333751678, -0.17421847581863403, 0.007710567209869623
n,0.17160086333751678, -0.17421847581863403, 0.007710567209869623
n,0.0381835512816906, 0.24152012169361115, 0.008272454142570496
n,0.0381835512816906, 0.24152012169361115, 0.008272454142570496
n,0.0381835512816906, 0.24152012169361115, 0.008272454142570496
n,-0.21603776514530182, -0.11434582620859146, 0.01054086908698082
n,-0.21603776514530182, -0.11434582620859146, 0.01054086908698082
n,-0.21603776514530182, -0.11434582620859146, 0.01054086908698082
n,0.10792450606822968, -0.2194323092699051, 0.0077557992190122604
n,0.10792450606822968, -0.2194323092699051, 0.0077557992190122604
n,0.10792450606822968, -0.2194323092699051, 0.0077557992190122604
n,0.11171728372573853, 0.21752110123634338, 0.007886994630098343
n,0.11171728372573853, 0.21752110123634338, 0.007886994630098343
n,0.11171728372573853, 0.21752110123634338, 0.007886994630098343
n,-0.24106818437576294, -0.04042166844010353, 0.010516851209104061
n,-0.24106818437576294, -0.04042166844010353, 0.010516851209104061
n,-0.24106818437576294, -0.04042166844010353, 0.010516851209104061
n,0.03792719170451164, -0.24155013263225555, 0.008570069447159767
n,0.03792719170451164, -0.24155013263225555, 0.008570069447159767
n,0.03792719170451164, -0.24155013263225555, 0.008570069447159767
n,0.17319244146347046, 0.1726345270872116, 0.007752034347504377
n,0.17319244146347046, 0.1726345270872116, 0.007752034347504377
n,0.17319244146347046, 0.1726345270872116, 0.007752034347504377
n,-0.24155867099761963, 0.0372791513800621, 0.010865404270589352
n,-0.24155867099761963, 0.0372791513800621, 0.010865404270589352
n,-0.24155867099761963, 0.0372791513800621, 0.010865404270589352
n,0.21872463822364807, 0.10937674343585968, 0.007392421830445528
n,0.21872463822364807, 0.10937674343585968, 0.007392421830445528
n,0.21872463822364807, 0.10937674343585968, 0.007392421830445528
n,-0.21843577921390533, 0.10968773812055588, 0.010621142573654652
n,-0.21843577921390533, 0.10968773812055588, 0.010621142573654652
n,-0.21843577921390533, 0.10968773812055588, 0.010621142573654652
n,0.24212409555912018, 0.034433022141456604, 0.006976840551942587
n,0.24212409555912018, 0.034433022141456604, 0.006976840551942587
n,0.24212409555912018, 0.034433022141456604, 0.006976840551942587
n,-0.1749136596918106, 0.17073796689510345, 0.010589840821921825
n,-0.1749136596918106, 0.17073796689510345, 0.010589840821921825
n,-0.1749136596918106, 0.17073796689510345, 0.010589840821921825
n,0.037190474569797516, 0.036300744861364365, -0.2390763759613037
n,0.037190474569797516, 0.036300744861364365, -0.2390763759613037
n,0.037190474569797516, 0.036300744861364365, -0.2390763759613037
n,-0.046257566660642624, 0.00822038296610117, -0.24010632932186127
n,-0.046257566660642624, 0.00822038296610117, -0.24010632932186127
n,-0.046257566660642624, 0.00822038296610117, -0.24010632932186127
n,0.04716777801513672, 0.023563604801893234, -0.2389107495546341
n,0.04716777801513672, 0.023563604801893234, -0.2389107495546341
n,0.04716777801513672, 0.023563604801893234, -0.2389107495546341
n,-0.04100571572780609, 0.017180535942316055, -0.2405862659215927
n,-0.04100571572780609, 0.017180535942316055, -0.2405862659215927
n,-0.04100571572780609, 0.017180535942316055, -0.2405862659215927
n,0.05235529690980911, 0.007183673791587353, -0.23888429999351501
n,0.05235529690980911, 0.007183673791587353, -0.23888429999351501
n,0.05235529690980911, 0.007183673791587353, -0.23888429999351501
n,-0.03518623858690262, 0.03158171847462654, -0.24004773795604706
n,-0.03518623858690262, 0.03158171847462654, -0.24004773795604706
n,-0.03518623858690262, 0.03158171847462654, -0.24004773795604706
n,-0.0076057459227740765, -0.05015460401773453, -0.23934295773506165
n,-0.0076057459227740765, -0.05015460401773453, -0.23934295773506165
n,-0.0076057459227740765, -0.05015460401773453, -0.23934295773506165
n,0.05290708690881729, -0.008593353442847729, -0.23871611058712006
n,0.05290708690881729, -0.008593353442847729, -0.23871611058712006
n,0.05290708690881729, -0.008593353442847729, -0.23871611058712006
n,-0.02276076376438141, 0.043793585151433945, -0.2396298497915268
n,-0.02276076376438141, 0.043793585151433945, -0.2396298497915268
n,-0.02276076376438141, 0.043793585151433945, -0.2396298497915268
n,-0.022493664175271988, -0.04496621713042259, -0.23943780362606049
n,-0.022493664175271988, -0.04496621713042259, -0.23943780362606049
n,-0.022493664175271988, -0.04496621713042259, -0.23943780362606049
n,0.047206491231918335, -0.02493257261812687, -0.23876410722732544
n,0.047206491231918335, -0.02493257261812687, -0.23876410722732544
n,0.047206491231918335, -0.02493257261812687, -0.23876410722732544
n,-0.009069270454347134, 0.04779721423983574, -0.23977398872375488
n,-0.009069270454347134, 0.04779721423983574, -0.23977398872375488
n,-0.009069270454347134, 0.04779721423983574, -0.23977398872375488
n,-0.035865865647792816, -0.034736230969429016, -0.23951077461242676
n,-0.035865865647792816, -0.034736230969429016, -0.23951077461242676
n,-0.035865865647792816, -0.034736230969429016, -0.23951077461242676
n,0.036962199956178665, -0.03742116317152977, -0.23893898725509644
n,0.036962199956178665, -0.03742116317152977, -0.23893898725509644
n,0.036962199956178665, -0.03742116317152977, -0.23893898725509644
n,0.005869131535291672, 0.04883531853556633, -0.2396644502878189
n,0.005869131535291672, 0.04883531853556633, -0.2396644502878189
n,0.005869131535291672, 0.04883531853556633, -0.2396644502878189
n,-0.043287307024002075, -0.022280890494585037, -0.23976686596870422
n,-0.043287307024002075, -0.022280890494585037, -0.23976686596870422
n,-0.043287307024002075, -0.022280890494585037, -0.23976686596870422
n,0.023150106891989708, -0.04554925858974457, -0.23926495015621185
n,0.023150106891989708, -0.04554925858974457, -0.23926495015621185
n,0.023150106891989708, -0.04554925858974457, -0.23926495015621185
n,0.0238786730915308, 0.04481848329305649, -0.23933136463165283
n,0.0238786730915308, 0.04481848329305649, -0.23933136463165283
n,0.0238786730915308, 0.04481848329305649, -0.23933136463165283
n,-0.047648828476667404, -0.006882287096232176, -0.23987624049186707
n,-0.047648828476667404, -0.006882287096232176, -0.23987624049186707
n,-0.047648828476667404, -0.006882287096232176, -0.23987624049186707
n,0.0074218143709003925, -0.05062749609351158, -0.23924916982650757
n,0.0074218143709003925, -0.05062749609351158, -0.23924916982650757
n,0.0074218143709003925, -0.05062749609351158, -0.23924916982650757
n,-0.017320305109024048, 0.10723719000816345, -0.21922264993190765
n,-0.017320305109024048, 0.10723719000816345, -0.21922264993190765
n,-0.017320305109024048, 0.10723719000816345, -0.21922264993190765
n,-0.07933680713176727, -0.07970026880502701, -0.21728307008743286
n,-0.07933680713176727, -0.07970026880502701, -0.21728307008743286
n,-0.07933680713176727, -0.07970026880502701, -0.21728307008743286
n,0.07820987701416016, -0.07949437946081161, -0.21776649355888367
n,0.07820987701416016, -0.07949437946081161, -0.21776649355888367
n,0.07820987701416016, -0.07949437946081161, -0.21776649355888367
n,0.018181879073381424, 0.10476282238960266, -0.22034645080566406
n,0.018181879073381424, 0.10476282238960266, -0.22034645080566406
n,0.018181879073381424, 0.10476282238960266, -0.22034645080566406
n,-0.1000223457813263, -0.05179833248257637, -0.2171885073184967
n,-0.1000223457813263, -0.05179833248257637, -0.2171885073184967
n,-0.1000223457813263, -0.05179833248257637, -0.2171885073184967
n,0.050481487065553665, -0.10027303546667099, -0.21738289296627045
n,0.050481487065553665, -0.10027303546667099, -0.21738289296627045
n,0.050481487065553665, -0.10027303546667099, -0.21738289296627045
n,0.04967370629310608, 0.09600584954023361, -0.21948526799678802
n,0.04967370629310608, 0.09600584954023361, -0.21948526799678802
n,0.04967370629310608, 0.09600584954023361, -0.21948526799678802
n,-0.11104456335306168, -0.018335552886128426, -0.21723558008670807
n,-0.11104456335306168, -0.018335552886128426, -0.21723558008670807
n,-0.11104456335306168, -0.018335552886128426, -0.21723558008670807
n,0.01711391471326351, -0.11153598874807358, -0.21708345413208008
n,0.01711391471326351, -0.11153598874807358, -0.21708345413208008
n,0.01711391471326351, -0.11153598874807358, -0.21708345413208008
n,0.07685043662786484, 0.07602105289697647, -0.21948394179344177
n,0.07685043662786484, 0.07602105289697647, -0.21948394179344177
n,0.07685043662786484, 0.07602105289697647, -0.21948394179344177
n,-0.1066039577126503, 0.016325265169143677, -0.21960754692554474
n,-0.1066039577126503, 0.016325265169143677, -0.21960754692554474
n,-0.1066039577126503, 0.016325265169143677, -0.21960754692554474
n,0.0979205071926117, 0.04878058284521103, -0.21883879601955414
n,0.0979205071926117, 0.04878058284521103, -0.21883879601955414
n,0.0979205071926117, 0.04878058284521103, -0.21883879601955414
n,-0.09646608680486679, 0.04976184293627739, -0.21926340460777283
n,-0.09646608680486679, 0.04976184293627739, -0.21926340460777283
n,-0.09646608680486679, 0.04976184293627739, -0.21926340460777283
n,0.10901734232902527, 0.016213880851864815, -0.218427836894989
n,0.10901734232902527, 0.016213880851864815, -0.218427836894989
n,0.10901734232902527, 0.016213880851864815, -0.218427836894989
n,-0.07693507522344589, 0.07737843692302704, -0.2189793735742569
n,-0.07693507522344589, 0.07737843692302704, -0.2189793735742569
n,-0.07693507522344589, 0.07737843692302704, -0.2189793735742569
n,-0.018055325374007225, -0.10976740717887878, -0.2179071009159088
n,-0.018055325374007225, -0.10976740717887878, -0.2179071009159088
n,-0.018055325374007225, -0.10976740717887878, -0.2179071009159088
n,0.10787671059370041, -0.018786590546369553, -0.21878771483898163
n,0.10787671059370041, -0.018786590546369553, -0.21878771483898163
n,0.10787671059370041, -0.018786590546369553, -0.21878771483898163
n,-0.05036146938800812, 0.09697826206684113, -0.21890027821063995
n,-0.05036146938800812, 0.09697826206684113, -0.21890027821063995
n,-0.05036146938800812, 0.09697826206684113, -0.21890027821063995
n,-0.050600532442331314, -0.10012245178222656, -0.21742463111877441
n,-0.050600532442331314, -0.10012245178222656, -0.21742463111877441
n,-0.050600532442331314, -0.10012245178222656, -0.21742463111877441
n,0.09870126098394394, -0.051080700010061264, -0.21796149015426636
n,0.09870126098394394, -0.051080700010061264, -0.21796149015426636
n,0.09870126098394394, -0.051080700010061264, -0.21796149015426636
n,-0.18302184343338013, 0.09445042908191681, -0.13206252455711365
n,-0.18302184343338013, 0.09445042908191681, -0.13206252455711365
n,-0.18302184343338013, 0.09445042908191681, -0.13206252455711365
n,0.2072254866361618, 0.03270915150642395, -0.12588126957416534
n,0.2072254866361618, 0.03270915150642395, -0.12588126957416534
n,0.2072254866361618, 0.03270915150642395, -0.12588126957416534
n,-0.14561520516872406, 0.14601710438728333, -0.13165713846683502
n,-0.14561520516872406, 0.14601710438728333, -0.13165713846683502
n,-0.14561520516872406, 0.14601710438728333, -0.13165713846683502
n,-0.03380068391561508, -0.20262576639652252, -0.13288606703281403
n,-0.03380068391561508, -0.20262576639652252, -0.13288606703281403
n,-0.03380068391561508, -0.20262576639652252, -0.13288606703281403
n,0.20626534521579742, -0.03321991488337517, -0.12731625139713287
n,0.20626534521579742, -0.03321991488337517, -0.12731625139713287
n,0.20626534521579742, -0.03321991488337517, -0.12731625139713287
n,-0.09431692212820053, 0.1822998821735382, -0.13315200805664062
n,-0.09431692212820053, 0.1822998821735382, -0.13315200805664062
n,-0.09431692212820053, 0.1822998821735382, -0.13315200805664062
n,-0.09501644223928452, -0.18359693884849548, -0.13085268437862396
n,-0.09501644223928452, -0.18359693884849548, -0.13085268437862396
n,-0.09501644223928452, -0.18359693884849548, -0.13085268437862396
n,0.18426233530044556, -0.09638500213623047, -0.12890194356441498
n,0.18426233530044556, -0.09638500213623047, -0.12890194356441498
n,0.18426233530044556, -0.09638500213623047, -0.12890194356441498
n,-0.03447600081562996, 0.2030264437198639, -0.13209865987300873
n,-0.03447600081562996, 0.2030264437198639, -0.13209865987300873
n,-0.03447600081562996, 0.2030264437198639, -0.13209865987300873
n,-0.1470656394958496, -0.14740411937236786, -0.12846052646636963
n,-0.1470656394958496, -0.14740411937236786, -0.12846052646636963
n,-0.1470656394958496, -0.14740411937236786, -0.12846052646636963
n,0.14718294143676758, -0.14924360811710358, -0.12618207931518555
n,0.14718294143676758, -0.14924360811710358, -0.12618207931518555
n,0.14718294143676758, -0.14924360811710358, -0.12618207931518555
n,0.035551462322473526, 0.20422647893428802, -0.12994623184204102
n,0.035551462322473526, 0.20422647893428802, -0.12994623184204102
n,0.035551462322473526, 0.20422647893428802, -0.12994623184204102
n,-0.1845344752073288, -0.09483896940946579, -0.12965716421604156
n,-0.1845344752073288, -0.09483896940946579, -0.12965716421604156
n,-0.1845344752073288, -0.09483896940946579, -0.12965716421604156
n,0.09496086835861206, -0.18762490153312683, -0.1250508576631546
n,0.09496086835861206, -0.18762490153312683, -0.1250508576631546
n,0.09496086835861206, -0.18762490153312683, -0.1250508576631546
n,0.09568946808576584, 0.1859971284866333, -0.12691327929496765
n,0.09568946808576584, 0.1859971284866333, -0.12691327929496765
n,0.09568946808576584, 0.1859971284866333, -0.12691327929496765
n,-0.20345719158649445, -0.03673368692398071, -0.13082119822502136
n,-0.20345719158649445, -0.03673368692398071, -0.13082119822502136
n,-0.20345719158649445, -0.03673368692398071, -0.13082119822502136
n,0.03340298682451248, -0.20527806878089905, -0.12885472178459167
n,0.03340298682451248, -0.20527806878089905, -0.12885472178459167
n,0.03340298682451248, -0.20527806878089905, -0.12885472178459167
n,0.1496720165014267, 0.1464918702840805, -0.12647849321365356
n,0.1496720165014267, 0.1464918702840805, -0.12647849321365356
n,0.1496720165014267, 0.1464918702840805, -0.12647849321365356
n,-0.20410099625587463, 0.031161198392510414, -0.13126367330551147
n,-0.20410099625587463, 0.031161198392510414, -0.13126367330551147
n,-0.20410099625587463, 0.031161198392510414, -0.13126367330551147
n,0.18793663382530212, 0.09464911371469498, -0.12481886893510818
n,0.18793663382530212, 0.09464911371469498, -0.12481886893510818
n,0.18793663382530212, 0.09464911371469498, -0.12481886893510818
n,-0.20657649636268616, -0.1064172089099884, 0.07655011117458344
n,-0.20657649636268616, -0.1064172089099884, 0.07655011117458344
n,-0.20657649636268616, -0.1064172089099884, 0.07655011117458344
n,0.10641918331384659, -0.2074667513370514, 0.0741005539894104
n,0.10641918331384659, -0.2074667513370514, 0.0741005539894104
n,0.10641918331384659, -0.2074667513370514, 0.0741005539894104
n,0.1048838347196579, 0.2034335434436798, 0.08644399046897888
n,0.1048838347196579, 0.2034335434436798, 0.08644399046897888
n,0.1048838347196579, 0.2034335434436798, 0.08644399046897888
n,-0.23005855083465576, -0.03950900584459305, 0.0732836052775383
n,-0.23005855083465576, -0.03950900584459305, 0.0732836052775383
n,-0.23005855083465576, -0.03950900584459305, 0.0732836052775383
n,0.038175929337739944, -0.22902819514274597, 0.07711727917194366
n,0.038175929337739944, -0.22902819514274597, 0.07711727917194366
n,0.038175929337739944, -0.22902819514274597, 0.07711727917194366
n,0.1643095165491104, 0.16104282438755035, 0.08322244882583618
n,0.1643095165491104, 0.16104282438755035, 0.08322244882583618
n,0.1643095165491104, 0.16104282438755035, 0.08322244882583618
n,-0.2292224019765854, 0.034877438098192215, 0.078096404671669
n,-0.2292224019765854, 0.034877438098192215, 0.078096404671669
n,-0.2292224019765854, 0.034877438098192215, 0.078096404671669
n,0.20652174949645996, 0.1040235087275505, 0.07991406321525574
n,0.20652174949645996, 0.1040235087275505, 0.07991406321525574
n,0.20652174949645996, 0.1040235087275505, 0.07991406321525574
n,-0.20542529225349426, 0.10588378459215164, 0.0802961140871048
n,-0.20542529225349426, 0.10588378459215164, 0.0802961140871048
n,-0.20542529225349426, 0.10588378459215164, 0.0802961140871048
n,0.2276984006166458, 0.036240965127944946, 0.08184388279914856
n,0.2276984006166458, 0.036240965127944946, 0.08184388279914856
n,0.2276984006166458, 0.036240965127944946, 0.08184388279914856
n,-0.16342483460903168, 0.16375504434108734, 0.07959263771772385
n,-0.16342483460903168, 0.16375504434108734, 0.07959263771772385
n,-0.16342483460903168, 0.16375504434108734, 0.07959263771772385
n,-0.0378074124455452, -0.2276770919561386, 0.08119188249111176
n,-0.0378074124455452, -0.2276770919561386, 0.08119188249111176
n,-0.0378074124455452, -0.2276770919561386, 0.08119188249111176
n,0.22686396539211273, -0.036702707409858704, 0.08392879366874695
n,0.22686396539211273, -0.036702707409858704, 0.08392879366874695
n,0.22686396539211273, -0.036702707409858704, 0.08392879366874695
n,-0.10473358631134033, 0.20563384890556335, 0.08126487582921982
n,-0.10473358631134033, 0.20563384890556335, 0.08126487582921982
n,-0.10473358631134033, 0.20563384890556335, 0.08126487582921982
n,-0.10654174536466599, -0.2061312347650528, 0.07757030427455902
n,-0.10654174536466599, -0.2061312347650528, 0.07757030427455902
n,-0.10654174536466599, -0.2061312347650528, 0.07757030427455902
n,0.20518375933170319, -0.10726665705442429, 0.07906877994537354
n,0.20518375933170319, -0.10726665705442429, 0.07906877994537354
n,0.20518375933170319, -0.10726665705442429, 0.07906877994537354
n,-0.03607871010899544, 0.22699999809265137, 0.08383145183324814
n,-0.03607871010899544, 0.22699999809265137, 0.08383145183324814
n,-0.03607871010899544, 0.22699999809265137, 0.08383145183324814
n,-0.1640603393316269, -0.1649308055639267, 0.07576548308134079
n,-0.1640603393316269, -0.1649308055639267, 0.07576548308134079
n,-0.1640603393316269, -0.1649308055639267, 0.07576548308134079
n,0.16365131735801697, -0.16580775380134583, 0.07472901791334152
n,0.16365131735801697, -0.16580775380134583, 0.07472901791334152
n,0.16365131735801697, -0.16580775380134583, 0.07472901791334152
n,0.03885253146290779, 0.224996879696846, 0.08789347857236862
n,0.03885253146290779, 0.224996879696846, 0.08789347857236862
n,0.03885253146290779, 0.224996879696846, 0.08789347857236862
n,-0.023775463923811913, -0.14559084177017212, 0.19518305361270905
n,-0.023775463923811913, -0.14559084177017212, 0.19518305361270905
n,-0.023775463923811913, -0.14559084177017212, 0.19518305361270905
n,0.14861419796943665, -0.02339783124625683, 0.19293718039989471
n,0.14861419796943665, -0.02339783124625683, 0.19293718039989471
n,0.14861419796943665, -0.02339783124625683, 0.19293718039989471
n,-0.06628390401601791, 0.13061481714248657, 0.19597093760967255
n,-0.06628390401601791, 0.13061481714248657, 0.19597093760967255
n,-0.06628390401601791, 0.13061481714248657, 0.19597093760967255
n,-0.06826100498437881, -0.13186386227607727, 0.19444985687732697
n,-0.06826100498437881, -0.13186386227607727, 0.19444985687732697
n,-0.06826100498437881, -0.13186386227607727, 0.19444985687732697
n,0.13259045779705048, -0.06895473599433899, 0.1937095671892166
n,0.13259045779705048, -0.06895473599433899, 0.1937095671892166
n,0.13259045779705048, -0.06895473599433899, 0.1937095671892166
n,-0.02266262285411358, 0.1444346159696579, 0.19617196917533875
n,-0.02266262285411358, 0.1444346159696579, 0.19617196917533875
n,-0.02266262285411358, 0.1444346159696579, 0.19617196917533875
n,-0.1051170602440834, -0.10669215768575668, 0.19345691800117493
n,-0.1051170602440834, -0.10669215768575668, 0.19345691800117493
n,-0.1051170602440834, -0.10669215768575668, 0.19345691800117493
n,0.10580924898386002, -0.10775577276945114, 0.19248761236667633
n,0.10580924898386002, -0.10775577276945114, 0.19248761236667633
n,0.10580924898386002, -0.10775577276945114, 0.19248761236667633
n,0.0257251039147377, 0.14365270733833313, 0.19636832177639008
n,0.0257251039147377, 0.14365270733833313, 0.19636832177639008
n,0.0257251039147377, 0.14365270733833313, 0.19636832177639008
n,-0.13299408555030823, -0.06992217153310776, 0.19308507442474365
n,-0.13299408555030823, -0.06992217153310776, 0.19308507442474365
n,-0.13299408555030823, -0.06992217153310776, 0.19308507442474365
n,0.06897280365228653, -0.13534246385097504, 0.1917903870344162
n,0.06897280365228653, -0.13534246385097504, 0.1917903870344162
n,0.06897280365228653, -0.13534246385097504, 0.1917903870344162
n,0.06750812381505966, 0.13229252398014069, 0.19442151486873627
n,0.06750812381505966, 0.13229252398014069, 0.19442151486873627
n,0.06750812381505966, 0.13229252398014069, 0.19442151486873627
n,-0.14653049409389496, -0.0266409944742918, 0.1941068172454834
n,-0.14653049409389496, -0.0266409944742918, 0.1941068172454834
n,-0.14653049409389496, -0.0266409944742918, 0.1941068172454834
n,0.02370397001504898, -0.14879320561885834, 0.19276173412799835
n,0.02370397001504898, -0.14879320561885834, 0.19276173412799835
n,0.02370397001504898, -0.14879320561885834, 0.19276173412799835
n,0.10626408457756042, 0.10443002730607986, 0.19406366348266602
n,0.10626408457756042, 0.10443002730607986, 0.19406366348266602
n,0.10626408457756042, 0.10443002730607986, 0.19406366348266602
n,-0.14529070258140564, 0.022477207705378532, 0.19556014239788055
n,-0.14529070258140564, 0.022477207705378532, 0.19556014239788055
n,-0.14529070258140564, 0.022477207705378532, 0.19556014239788055
n,0.13440361618995667, 0.06728567183017731, 0.19304580986499786
n,0.13440361618995667, 0.06728567183017731, 0.19304580986499786
n,0.13440361618995667, 0.06728567183017731, 0.19304580986499786
n,-0.1292448192834854, 0.0670100674033165, 0.19663117825984955
n,-0.1292448192834854, 0.0670100674033165, 0.19663117825984955
n,-0.1292448192834854, 0.0670100674033165, 0.19663117825984955
n,0.148581400513649, 0.023755254223942757, 0.19291874766349792
n,0.148581400513649, 0.023755254223942757, 0.19291874766349792
n,0.148581400513649, 0.023755254223942757, 0.19291874766349792
n,-0.1034872978925705, 0.10381986200809479, 0.1958831250667572
n,-0.1034872978925705, 0.10381986200809479, 0.1958831250667572
n,-0.1034872978925705, 0.10381986200809479, 0.1958831250667572
n,0.013676312752068043, -0.08546730875968933, 0.22883768379688263
n,0.013676312752068043, -0.08546730875968933, 0.22883768379688263
n,0.013676312752068043, -0.08546730875968933, 0.22883768379688263
n,0.06201324239373207, 0.06127050518989563, 0.22860155999660492
n,0.06201324239373207, 0.06127050518989563, 0.22860155999660492
n,0.06201324239373207, 0.06127050518989563, 0.22860155999660492
n,-0.08491164445877075, 0.014066547155380249, 0.22902080416679382
n,-0.08491164445877075, 0.014066547155380249, 0.22902080416679382
n,-0.08491164445877075, 0.014066547155380249, 0.22902080416679382
n,0.07790042459964752, 0.03844476118683815, 0.22871796786785126
n,0.07790042459964752, 0.03844476118683815, 0.22871796786785126
n,0.07790042459964752, 0.03844476118683815, 0.22871796786785126
n,-0.07666482776403427, 0.03937934711575508, 0.228976309299469
n,-0.07666482776403427, 0.03937934711575508, 0.228976309299469
n,-0.07666482776403427, 0.03937934711575508, 0.228976309299469
n,0.08622010052204132, 0.013548081740736961, 0.22856275737285614
n,0.08622010052204132, 0.013548081740736961, 0.22856275737285614
n,0.08622010052204132, 0.013548081740736961, 0.22856275737285614
n,-0.06196215748786926, 0.05986990034580231, 0.22898618876934052
n,-0.06196215748786926, 0.05986990034580231, 0.22898618876934052
n,-0.06196215748786926, 0.05986990034580231, 0.22898618876934052
n,-0.01367789413779974, -0.085438072681427, 0.22884850203990936
n,-0.01367789413779974, -0.085438072681427, 0.22884850203990936
n,-0.01367789413779974, -0.085438072681427, 0.22884850203990936
n,0.08599301427602768, -0.013894111849367619, 0.2286275029182434
n,0.08599301427602768, -0.013894111849367619, 0.2286275029182434
n,0.08599301427602768, -0.013894111849367619, 0.2286275029182434
n,-0.039303943514823914, 0.07769788801670074, 0.22864080965518951
n,-0.039303943514823914, 0.07769788801670074, 0.22864080965518951
n,-0.039303943514823914, 0.07769788801670074, 0.22864080965518951
n,-0.039136067032814026, -0.07696371525526047, 0.22891777753829956
n,-0.039136067032814026, -0.07696371525526047, 0.22891777753829956
n,-0.039136067032814026, -0.07696371525526047, 0.22891777753829956
n,0.07729461044073105, -0.03975629433989525, 0.22869931161403656
n,0.07729461044073105, -0.03975629433989525, 0.22869931161403656
n,0.07729461044073105, -0.03975629433989525, 0.22869931161403656
n,-0.013509836047887802, 0.08668580651283264, 0.22838878631591797
n,-0.013509836047887802, 0.08668580651283264, 0.22838878631591797
n,-0.013509836047887802, 0.08668580651283264, 0.22838878631591797
n,-0.05691027641296387, -0.06423340737819672, 0.22911499440670013
n,-0.05691027641296387, -0.06423340737819672, 0.22911499440670013
n,-0.05691027641296387, -0.06423340737819672, 0.22911499440670013
n,0.06091057136654854, -0.06089107319712639, 0.2289990484714508
n,0.06091057136654854, -0.06089107319712639, 0.2289990484714508
n,0.06091057136654854, -0.06089107319712639, 0.2289990484714508
n,0.01512773334980011, 0.08684445172548294, 0.22822703421115875
n,0.01512773334980011, 0.08684445172548294, 0.22822703421115875
n,0.01512773334980011, 0.08684445172548294, 0.22822703421115875
n,-0.0763881579041481, -0.041939593851566315, 0.22861388325691223
n,-0.0763881579041481, -0.041939593851566315, 0.22861388325691223
n,-0.0763881579041481, -0.041939593851566315, 0.22861388325691223
n,0.03938024118542671, -0.07719779014587402, 0.2287970334291458
n,0.03938024118542671, -0.07719779014587402, 0.2287970334291458
n,0.03938024118542671, -0.07719779014587402, 0.2287970334291458
n,0.03977580368518829, 0.0783790796995163, 0.22832649946212769
n,0.03977580368518829, 0.0783790796995163, 0.22832649946212769
n,0.03977580368518829, 0.0783790796995163, 0.22832649946212769
n,-0.08582679182291031, -0.014486518688499928, 0.2286532074213028
n,-0.08582679182291031, -0.014486518688499928, 0.2286532074213028
n,-0.08582679182291031, -0.014486518688499928, 0.2286532074213028
n,0.20224234461784363, -0.10734882205724716, 0.08621285110712051
n,0.20224234461784363, -0.10734882205724716, 0.08621285110712051
n,0.20224234461784363, -0.10734882205724716, 0.08621285110712051
n,-0.03595396503806114, 0.229350745677948, 0.07722654193639755
n,-0.03595396503806114, 0.229350745677948, 0.07722654193639755
n,-0.03595396503806114, 0.229350745677948, 0.07722654193639755
n,-0.15718653798103333, -0.16568003594875336, 0.0877547636628151
n,-0.15718653798103333, -0.16568003594875336, 0.0877547636628151
n,-0.15718653798103333, -0.16568003594875336, 0.0877547636628151
n,0.16113455593585968, -0.1619875580072403, 0.08748753368854523
n,0.16113455593585968, -0.1619875580072403, 0.08748753368854523
n,0.16113455593585968, -0.1619875580072403, 0.08748753368854523
n,0.038327720016241074, 0.22957852482795715, 0.0753861516714096
n,0.038327720016241074, 0.22957852482795715, 0.0753861516714096
n,0.038327720016241074, 0.22957852482795715, 0.0753861516714096
n,-0.20114201307296753, -0.10548922419548035, 0.09095219522714615
n,-0.20114201307296753, -0.10548922419548035, 0.09095219522714615
n,-0.20114201307296753, -0.10548922419548035, 0.09095219522714615
n,0.10289626568555832, -0.20306119322776794, 0.08964873850345612
n,0.10289626568555832, -0.20306119322776794, 0.08964873850345612
n,0.10289626568555832, -0.20306119322776794, 0.08964873850345612
n,0.10829856246709824, 0.20640036463737488, 0.07435523718595505
n,0.10829856246709824, 0.20640036463737488, 0.07435523718595505
n,0.10829856246709824, 0.20640036463737488, 0.07435523718595505
n,-0.22487105429172516, -0.038160040974617004, 0.08851668983697891
n,-0.22487105429172516, -0.038160040974617004, 0.08851668983697891
n,-0.22487105429172516, -0.038160040974617004, 0.08851668983697891
n,0.03545866534113884, -0.22540391981601715, 0.08828441798686981
n,0.03545866534113884, -0.22540391981601715, 0.08828441798686981
n,0.03545866534113884, -0.22540391981601715, 0.08828441798686981
n,0.16662339866161346, 0.1631971001625061, 0.07390357553958893
n,0.16662339866161346, 0.1631971001625061, 0.07390357553958893
n,0.16662339866161346, 0.1631971001625061, 0.07390357553958893
n,-0.22659122943878174, 0.03425051271915436, 0.08568372577428818
n,-0.22659122943878174, 0.03425051271915436, 0.08568372577428818
n,-0.22659122943878174, 0.03425051271915436, 0.08568372577428818
n,0.2080334573984146, 0.10495658218860626, 0.07459612190723419
n,0.2080334573984146, 0.10495658218860626, 0.07459612190723419
n,0.2080334573984146, 0.10495658218860626, 0.07459612190723419
n,-0.20514050126075745, 0.10313806682825089, 0.08448846638202667
n,-0.20514050126075745, 0.10313806682825089, 0.08448846638202667
n,-0.20514050126075745, 0.10313806682825089, 0.08448846638202667
n,0.22972090542316437, 0.03692719712853432, 0.07565098255872726
n,0.22972090542316437, 0.03692719712853432, 0.07565098255872726
n,0.22972090542316437, 0.03692719712853432, 0.07565098255872726
n,-0.16502605378627777, 0.16115663945674896, 0.0815679058432579
n,-0.16502605378627777, 0.16115663945674896, 0.0815679058432579
n,-0.16502605378627777, 0.16115663945674896, 0.0815679058432579
n,-0.03695866838097572, -0.22530315816402435, 0.08792571723461151
n,-0.03695866838097572, -0.22530315816402435, 0.08792571723461151
n,-0.03695866838097572, -0.22530315816402435, 0.08792571723461151
n,0.22857269644737244, -0.03609415888786316, 0.0794362798333168
n,0.22857269644737244, -0.03609415888786316, 0.0794362798333168
n,0.22857269644737244, -0.03609415888786316, 0.0794362798333168
n,-0.10592847317457199, 0.2056410163640976, 0.07968258112668991
n,-0.10592847317457199, 0.2056410163640976, 0.07968258112668991
n,-0.10592847317457199, 0.2056410163640976, 0.07968258112668991
n,-0.10259571671485901, -0.20357869565486908, 0.08881562948226929
n,-0.10259571671485901, -0.20357869565486908, 0.08881562948226929
n,-0.10259571671485901, -0.20357869565486908, 0.08881562948226929
n,0.21241779625415802, 0.1060575544834137, -0.059066545218229294
n,0.21241779625415802, 0.1060575544834137, -0.059066545218229294
n,0.21241779625415802, 0.1060575544834137, -0.059066545218229294
n,-0.21131488680839539, 0.10612083226442337, -0.06279151141643524
n,-0.21131488680839539, 0.10612083226442337, -0.06279151141643524
n,-0.21131488680839539, 0.10612083226442337, -0.06279151141643524
n,0.23422373831272125, 0.0377805195748806, -0.05975169688463211
n,0.23422373831272125, 0.0377805195748806, -0.05975169688463211
n,0.23422373831272125, 0.0377805195748806, -0.05975169688463211
n,-0.16900447010993958, 0.16558997333049774, -0.06225619092583656
n,-0.16900447010993958, 0.16558997333049774, -0.06225619092583656
n,-0.16900447010993958, 0.16558997333049774, -0.06225619092583656
n,-0.038620539009571075, -0.23164550960063934, -0.06860903650522232
n,-0.038620539009571075, -0.23164550960063934, -0.06860903650522232
n,-0.038620539009571075, -0.23164550960063934, -0.06860903650522232
n,0.2326936572790146, -0.04062890633940697, -0.0637286975979805
n,0.2326936572790146, -0.04062890633940697, -0.0637286975979805
n,0.2326936572790146, -0.04062890633940697, -0.0637286975979805
n,-0.10964018106460571, 0.21008095145225525, -0.060855671763420105
n,-0.10964018106460571, 0.21008095145225525, -0.060855671763420105
n,-0.10964018106460571, 0.21008095145225525, -0.060855671763420105
n,-0.1060572937130928, -0.21009919047355652, -0.06684733182191849
n,-0.1060572937130928, -0.21009919047355652, -0.06684733182191849
n,-0.1060572937130928, -0.21009919047355652, -0.06684733182191849
n,0.20746085047721863, -0.11259482055902481, -0.0643489733338356
n,0.20746085047721863, -0.11259482055902481, -0.0643489733338356
n,0.20746085047721863, -0.11259482055902481, -0.0643489733338356
n,-0.03728139400482178, 0.23396112024784088, -0.06107930839061737
n,-0.03728139400482178, 0.23396112024784088, -0.06107930839061737
n,-0.03728139400482178, 0.23396112024784088, -0.06107930839061737
n,-0.16312938928604126, -0.1695612221956253, -0.06705352663993835
n,-0.16312938928604126, -0.1695612221956253, -0.06705352663993835
n,-0.16312938928604126, -0.1695612221956253, -0.06705352663993835
n,0.16914695501327515, -0.16579315066337585, -0.061321504414081573
n,0.16914695501327515, -0.16579315066337585, -0.061321504414081573
n,0.16914695501327515, -0.16579315066337585, -0.061321504414081573
n,0.03924499452114105, 0.2340318262577057, -0.059559471905231476
n,0.03924499452114105, 0.2340318262577057, -0.059559471905231476
n,0.03924499452114105, 0.2340318262577057, -0.059559471905231476
n,-0.20766858756542206, -0.11045576632022858, -0.0673176720738411
n,-0.20766858756542206, -0.11045576632022858, -0.0673176720738411
n,-0.20766858756542206, -0.11045576632022858, -0.0673176720738411
n,0.10712636262178421, -0.20946113765239716, -0.06714430451393127
n,0.10712636262178421, -0.20946113765239716, -0.06714430451393127
n,0.10712636262178421, -0.20946113765239716, -0.06714430451393127
n,0.11025528609752655, 0.21025922894477844, -0.05910337716341019
n,0.11025528609752655, 0.21025922894477844, -0.05910337716341019
n,0.11025528609752655, 0.21025922894477844, -0.05910337716341019
n,-0.2320275902748108, -0.038653429597616196, -0.06728669255971909
n,-0.2320275902748108, -0.038653429597616196, -0.06728669255971909
n,-0.2320275902748108, -0.038653429597616196, -0.06728669255971909
n,0.03664163500070572, -0.23173682391643524, -0.0693816989660263
n,0.03664163500070572, -0.23173682391643524, -0.0693816989660263
n,0.03664163500070572, -0.23173682391643524, -0.0693816989660263
n,0.1701945960521698, 0.16506493091583252, -0.06038016080856323
n,0.1701945960521698, 0.16506493091583252, -0.06038016080856323
n,0.1701945960521698, 0.16506493091583252, -0.06038016080856323
n,-0.23282396793365479, 0.03663105145096779, -0.06564716249704361
n,-0.23282396793365479, 0.03663105145096779, -0.06564716249704361
n,-0.23282396793365479, 0.03663105145096779, -0.06564716249704361
n,-0.0380437858402729, -0.2401389628648758, -0.027282625436782837
n,-0.0380437858402729, -0.2401389628648758, -0.027282625436782837
n,-0.0380437858402729, -0.2401389628648758, -0.027282625436782837
n,-0.0317864827811718, -0.19349448382854462, 0.1463143676519394
n,-0.0317864827811718, -0.19349448382854462, 0.1463143676519394
n,-0.0317864827811718, -0.19349448382854462, 0.1463143676519394
n,-0.0357172004878521, -0.2239665538072586, -0.09176952391862869
n,-0.0357172004878521, -0.2239665538072586, -0.09176952391862869
n,-0.0357172004878521, -0.2239665538072586, -0.09176952391862869
n,-0.03633647412061691, -0.2244071215391159, 0.09044047445058823
n,-0.03633647412061691, -0.2244071215391159, 0.09044047445058823
n,-0.03633647412061691, -0.2244071215391159, 0.09044047445058823
n,-0.012545137666165829, -0.09054186940193176, 0.22694312036037445
n,-0.012545137666165829, -0.09054186940193176, 0.22694312036037445
n,-0.012545137666165829, -0.09054186940193176, 0.22694312036037445
n,-0.030899792909622192, -0.19473537802696228, -0.1448507010936737
n,-0.030899792909622192, -0.19473537802696228, -0.1448507010936737
n,-0.030899792909622192, -0.19473537802696228, -0.1448507010936737
n,-0.03790659457445145, -0.2398974746465683, 0.02950732596218586
n,-0.03790659457445145, -0.2398974746465683, 0.02950732596218586
n,-0.03790659457445145, -0.2398974746465683, 0.02950732596218586
n,-0.025610972195863724, -0.15172605216503143, 0.19021481275558472
n,-0.025610972195863724, -0.15172605216503143, 0.19021481275558472
n,-0.025610972195863724, -0.15172605216503143, 0.19021481275558472
n,-0.07297979295253754, -0.14453916251659393, -0.18341420590877533
n,-0.07297979295253754, -0.14453916251659393, -0.18341420590877533
n,-0.07297979295253754, -0.14453916251659393, -0.18341420590877533
n,-0.041589364409446716, -0.08129171282052994, 0.22698098421096802
n,-0.041589364409446716, -0.08129171282052994, 0.22698098421096802
n,-0.041589364409446716, -0.08129171282052994, 0.22698098421096802
n,-0.0902395024895668, -0.17554700374603271, -0.14456301927566528
n,-0.0902395024895668, -0.17554700374603271, -0.14456301927566528
n,-0.0902395024895668, -0.17554700374603271, -0.14456301927566528
n,-0.11043219268321991, -0.21631360054016113, 0.029522037133574486
n,-0.11043219268321991, -0.21631360054016113, 0.029522037133574486
n,-0.11043219268321991, -0.21631360054016113, 0.029522037133574486
n,-0.0701720267534256, -0.1367047280073166, 0.19038404524326324
n,-0.0701720267534256, -0.1367047280073166, 0.19038404524326324
n,-0.0701720267534256, -0.1367047280073166, 0.19038404524326324
n,-0.1115846112370491, -0.11750800162553787, -0.18330062925815582
n,-0.1115846112370491, -0.11750800162553787, -0.18330062925815582
n,-0.1115846112370491, -0.11750800162553787, -0.18330062925815582
n,-0.110243059694767, -0.21664898097515106, -0.02771415375173092
n,-0.110243059694767, -0.21664898097515106, -0.02771415375173092
n,-0.110243059694767, -0.21664898097515106, -0.02771415375173092
n,-0.0891779214143753, -0.17441339790821075, 0.14657986164093018
n,-0.0891779214143753, -0.17441339790821075, 0.14657986164093018
n,-0.0891779214143753, -0.17441339790821075, 0.14657986164093018
n,-0.10313870757818222, -0.20188221335411072, -0.09200197458267212
n,-0.10313870757818222, -0.20188221335411072, -0.09200197458267212
n,-0.10313870757818222, -0.20188221335411072, -0.09200197458267212
n,-0.10318104177713394, -0.20220313966274261, 0.09124668687582016
n,-0.10318104177713394, -0.20220313966274261, 0.09124668687582016
n,-0.10318104177713394, -0.20220313966274261, 0.09124668687582016
n,-0.13858287036418915, -0.13847842812538147, 0.1465499848127365
n,-0.13858287036418915, -0.13847842812538147, 0.1465499848127365
n,-0.13858287036418915, -0.13847842812538147, 0.1465499848127365
n,-0.1601768136024475, -0.1604289561510086, -0.0920017883181572
n,-0.1601768136024475, -0.1604289561510086, -0.0920017883181572
n,-0.1601768136024475, -0.1604289561510086, -0.0920017883181572
n,-0.160426065325737, -0.16048768162727356, 0.09146349877119064
n,-0.160426065325737, -0.16048768162727356, 0.09146349877119064
n,-0.160426065325737, -0.16048768162727356, 0.09146349877119064
n,-0.06416193395853043, -0.06490033119916916, 0.22700127959251404
n,-0.06416193395853043, -0.06490033119916916, 0.22700127959251404
n,-0.06416193395853043, -0.06490033119916916, 0.22700127959251404
n,-0.13903163373470306, -0.14009450376033783, -0.14457567036151886
n,-0.13903163373470306, -0.14009450376033783, -0.14457567036151886
n,-0.13903163373470306, -0.14009450376033783, -0.14457567036151886
n,-0.17154483497142792, -0.17188332974910736, 0.029780399054288864
n,-0.17154483497142792, -0.17188332974910736, 0.029780399054288864
n,-0.17154483497142792, -0.17188332974910736, 0.029780399054288864
n,-0.10830780863761902, -0.10900901257991791, 0.1903807818889618
n,-0.10830780863761902, -0.10900901257991791, 0.1903807818889618
n,-0.10830780863761902, -0.10900901257991791, 0.1903807818889618
n,-0.14363539218902588, -0.07746618241071701, -0.18228070437908173
n,-0.14363539218902588, -0.07746618241071701, -0.18228070437908173
n,-0.14363539218902588, -0.07746618241071701, -0.18228070437908173
n,-0.17178693413734436, -0.1719854772090912, -0.02772437036037445
n,-0.17178693413734436, -0.1719854772090912, -0.02772437036037445
n,-0.17178693413734436, -0.1719854772090912, -0.02772437036037445
n,-0.13731014728546143, -0.07169777154922485, 0.18937724828720093
n,-0.13731014728546143, -0.07169777154922485, 0.18937724828720093
n,-0.13731014728546143, -0.07169777154922485, 0.18937724828720093
n,-0.16169704496860504, -0.027818577364087105, -0.18148988485336304
n,-0.16169704496860504, -0.027818577364087105, -0.18148988485336304
n,-0.16169704496860504, -0.027818577364087105, -0.18148988485336304
n,-0.21614578366279602, -0.11123428493738174, -0.027682464569807053
n,-0.21614578366279602, -0.11123428493738174, -0.027682464569807053
n,-0.21614578366279602, -0.11123428493738174, -0.027682464569807053
n,-0.17452263832092285, -0.08884510397911072, 0.14665192365646362
n,-0.17452263832092285, -0.08884510397911072, 0.14665192365646362
n,-0.17452263832092285, -0.08884510397911072, 0.14665192365646362
n,-0.20161789655685425, -0.10406111180782318, -0.09154172241687775
n,-0.20161789655685425, -0.10406111180782318, -0.09154172241687775
n,-0.20161789655685425, -0.10406111180782318, -0.09154172241687775
n,-0.20221926271915436, -0.10296308249235153, 0.09145690500736237
n,-0.20221926271915436, -0.10296308249235153, 0.09145690500736237
n,-0.20221926271915436, -0.10296308249235153, 0.09145690500736237
n,-0.08033484220504761, -0.0427984818816185, 0.22709687054157257
n,-0.08033484220504761, -0.0427984818816185, 0.22709687054157257
n,-0.08033484220504761, -0.0427984818816185, 0.22709687054157257
n,-0.17465710639953613, -0.09115324169397354, -0.1450667381286621
n,-0.17465710639953613, -0.09115324169397354, -0.1450667381286621
n,-0.17465710639953613, -0.09115324169397354, -0.1450667381286621
n,-0.21604135632514954, -0.1108926311135292, 0.029788199812173843
n,-0.21604135632514954, -0.1108926311135292, 0.029788199812173843
n,-0.21604135632514954, -0.1108926311135292, 0.029788199812173843
n,-0.22377009689807892, -0.035568974912166595, 0.0923047587275505
n,-0.22377009689807892, -0.035568974912166595, 0.0923047587275505
n,-0.22377009689807892, -0.035568974912166595, 0.0923047587275505
n,-0.08897474408149719, -0.016773510724306107, 0.22728954255580902
n,-0.08897474408149719, -0.016773510724306107, 0.22728954255580902
n,-0.08897474408149719, -0.016773510724306107, 0.22728954255580902
n,-0.19424325227737427, -0.031770821660757065, -0.1453222781419754
n,-0.19424325227737427, -0.031770821660757065, -0.1453222781419754
n,-0.19424325227737427, -0.031770821660757065, -0.1453222781419754
n,-0.2397635281085968, -0.03895001485943794, 0.029235834255814552
n,-0.2397635281085968, -0.03895001485943794, 0.029235834255814552
n,-0.2397635281085968, -0.03895001485943794, 0.029235834255814552
n,-0.1542750597000122, -0.028449319303035736, 0.1877450942993164
n,-0.1542750597000122, -0.028449319303035736, 0.1877450942993164
n,-0.1542750597000122, -0.028449319303035736, 0.1877450942993164
n,-0.16198424994945526, 0.02518986165523529, -0.1816176325082779
n,-0.16198424994945526, 0.02518986165523529, -0.1816176325082779
n,-0.16198424994945526, 0.02518986165523529, -0.1816176325082779
n,-0.24008901417255402, -0.03822820261120796, -0.02746369130909443
n,-0.24008901417255402, -0.03822820261120796, -0.02746369130909443
n,-0.24008901417255402, -0.03822820261120796, -0.02746369130909443
n,-0.1933736503124237, -0.03080787882208824, 0.1466829925775528
n,-0.1933736503124237, -0.03080787882208824, 0.1466829925775528
n,-0.1933736503124237, -0.03080787882208824, 0.1466829925775528
n,-0.22421467304229736, -0.03634720668196678, -0.09091230481863022
n,-0.22421467304229736, -0.03634720668196678, -0.09091230481863022
n,-0.22421467304229736, -0.03634720668196678, -0.09091230481863022
n,-0.193558469414711, 0.029078442603349686, 0.1467921882867813
n,-0.193558469414711, 0.029078442603349686, 0.1467921882867813
n,-0.193558469414711, 0.029078442603349686, 0.1467921882867813
n,-0.22446103394031525, 0.03491531312465668, -0.09086555987596512
n,-0.22446103394031525, 0.03491531312465668, -0.09086555987596512
n,-0.22446103394031525, 0.03491531312465668, -0.09086555987596512
n,-0.22398434579372406, 0.0337643139064312, 0.09246278554201126
n,-0.22398434579372406, 0.0337643139064312, 0.09246278554201126
n,-0.22398434579372406, 0.0337643139064312, 0.09246278554201126
n,-0.08948899805545807, 0.013436327688395977, 0.22730940580368042
n,-0.08948899805545807, 0.013436327688395977, 0.22730940580368042
n,-0.08948899805545807, 0.013436327688395977, 0.22730940580368042
n,-0.19507932662963867, 0.03012039326131344, -0.14455175399780273
n,-0.19507932662963867, 0.03012039326131344, -0.14455175399780273
n,-0.19507932662963867, 0.03012039326131344, -0.14455175399780273
n,-0.24005553126335144, 0.037079233676195145, 0.02927224151790142
n,-0.24005553126335144, 0.037079233676195145, 0.02927224151790142
n,-0.24005553126335144, 0.037079233676195145, 0.02927224151790142
n,-0.15441875159740448, 0.025740066543221474, 0.18801777064800262
n,-0.15441875159740448, 0.025740066543221474, 0.18801777064800262
n,-0.15441875159740448, 0.025740066543221474, 0.18801777064800262
n,-0.1455075442790985, 0.07448405027389526, -0.18203864991664886
n,-0.1455075442790985, 0.07448405027389526, -0.18203864991664886
n,-0.1455075442790985, 0.07448405027389526, -0.18203864991664886
n,-0.24030813574790955, 0.03689961135387421, -0.02736416459083557
n,-0.24030813574790955, 0.03689961135387421, -0.02736416459083557
n,-0.24030813574790955, 0.03689961135387421, -0.02736416459083557
n,-0.21715113520622253, 0.10875873267650604, 0.0295856986194849
n,-0.21715113520622253, 0.10875873267650604, 0.0295856986194849
n,-0.21715113520622253, 0.10875873267650604, 0.0295856986194849
n,-0.13778962194919586, 0.06874891370534897, 0.19012099504470825
n,-0.13778962194919586, 0.06874891370534897, 0.19012099504470825
n,-0.13778962194919586, 0.06874891370534897, 0.19012099504470825
n,-0.11660734564065933, 0.11328116804361343, -0.18283459544181824
n,-0.11660734564065933, 0.11328116804361343, -0.18283459544181824
n,-0.11660734564065933, 0.11328116804361343, -0.18283459544181824
n,-0.2172720581293106, 0.10890437662601471, -0.028126243501901627
n,-0.2172720581293106, 0.10890437662601471, -0.028126243501901627
n,-0.2172720581293106, 0.10890437662601471, -0.028126243501901627
n,-0.17517878115177155, 0.08655352145433426, 0.1472388058900833
n,-0.17517878115177155, 0.08655352145433426, 0.1472388058900833
n,-0.17517878115177155, 0.08655352145433426, 0.1472388058900833
n,-0.20267035067081451, 0.1021515429019928, -0.09136836975812912
n,-0.20267035067081451, 0.1021515429019928, -0.09136836975812912
n,-0.20267035067081451, 0.1021515429019928, -0.09136836975812912
n,-0.20316652953624725, 0.10073917359113693, 0.09183339774608612
n,-0.20316652953624725, 0.10073917359113693, 0.09183339774608612
n,-0.20316652953624725, 0.10073917359113693, 0.09183339774608612
n,-0.08014599233865738, 0.04043174907565117, 0.22759674489498138
n,-0.08014599233865738, 0.04043174907565117, 0.22759674489498138
n,-0.08014599233865738, 0.04043174907565117, 0.22759674489498138
n,-0.17624841630458832, 0.08937946707010269, -0.1442435085773468
n,-0.17624841630458832, 0.08937946707010269, -0.1442435085773468
n,-0.17624841630458832, 0.08937946707010269, -0.1442435085773468
n,-0.16263650357723236, 0.15814755856990814, 0.09163573384284973
n,-0.16263650357723236, 0.15814755856990814, 0.09163573384284973
n,-0.16263650357723236, 0.15814755856990814, 0.09163573384284973
n,-0.06369373947381973, 0.06311671435832977, 0.2276351898908615
n,-0.06369373947381973, 0.06311671435832977, 0.2276351898908615
n,-0.06369373947381973, 0.06311671435832977, 0.2276351898908615
n,-0.1406867355108261, 0.1381109654903412, -0.1448826640844345
n,-0.1406867355108261, 0.1381109654903412, -0.1448826640844345
n,-0.1406867355108261, 0.1381109654903412, -0.1448826640844345
n,-0.17364059388637543, 0.16979359090328217, 0.029622148722410202
n,-0.17364059388637543, 0.16979359090328217, 0.029622148722410202
n,-0.17364059388637543, 0.16979359090328217, 0.029622148722410202
n,-0.1102636307477951, 0.10702703893184662, 0.19038259983062744
n,-0.1102636307477951, 0.10702703893184662, 0.19038259983062744
n,-0.1102636307477951, 0.10702703893184662, 0.19038259983062744
n,-0.07628758251667023, 0.14379802346229553, -0.1826491504907608
n,-0.07628758251667023, 0.14379802346229553, -0.1826491504907608
n,-0.07628758251667023, 0.14379802346229553, -0.1826491504907608
n,-0.17354659736156464, 0.1700969934463501, -0.02840731292963028
n,-0.17354659736156464, 0.1700969934463501, -0.02840731292963028
n,-0.17354659736156464, 0.1700969934463501, -0.02840731292963028
n,-0.13990691304206848, 0.13597893714904785, 0.14762848615646362
n,-0.13990691304206848, 0.13597893714904785, 0.14762848615646362
n,-0.13990691304206848, 0.13597893714904785, 0.14762848615646362
n,-0.16204074025154114, 0.15881961584091187, -0.09152877330780029
n,-0.16204074025154114, 0.15881961584091187, -0.09152877330780029
n,-0.16204074025154114, 0.15881961584091187, -0.09152877330780029
n,-0.11298129707574844, 0.215128555893898, -0.028518754988908768
n,-0.11298129707574844, 0.215128555893898, -0.028518754988908768
n,-0.11298129707574844, 0.215128555893898, -0.028518754988908768
n,-0.09068585187196732, 0.1721031814813614, 0.14837439358234406
n,-0.09068585187196732, 0.1721031814813614, 0.14837439358234406
n,-0.09068585187196732, 0.1721031814813614, 0.14837439358234406
n,-0.105117067694664, 0.20074543356895447, -0.09225001186132431
n,-0.105117067694664, 0.20074543356895447, -0.09225001186132431
n,-0.105117067694664, 0.20074543356895447, -0.09225001186132431
n,-0.1054653450846672, 0.20068714022636414, 0.09197893738746643
n,-0.1054653450846672, 0.20068714022636414, 0.09197893738746643
n,-0.1054653450846672, 0.20068714022636414, 0.09197893738746643
n,-0.0398673377931118, 0.0776963159441948, 0.22854380309581757
n,-0.0398673377931118, 0.0776963159441948, 0.22854380309581757
n,-0.0398673377931118, 0.0776963159441948, 0.22854380309581757
n,-0.09111844748258591, 0.17458701133728027, -0.14517298340797424
n,-0.09111844748258591, 0.17458701133728027, -0.14517298340797424
n,-0.09111844748258591, 0.17458701133728027, -0.14517298340797424
n,-0.11351843178272247, 0.21472424268722534, 0.02941856160759926
n,-0.11351843178272247, 0.21472424268722534, 0.02941856160759926
n,-0.11351843178272247, 0.21472424268722534, 0.02941856160759926
n,-0.07129932940006256, 0.13494348526000977, 0.19121989607810974
n,-0.07129932940006256, 0.13494348526000977, 0.19121989607810974
n,-0.07129932940006256, 0.13494348526000977, 0.19121989607810974
n,-0.02595849148929119, 0.1608027219772339, -0.1825569123029709
n,-0.02595849148929119, 0.1608027219772339, -0.1825569123029709
n,-0.02595849148929119, 0.1608027219772339, -0.1825569123029709
n,-0.03832869604229927, 0.2398606836795807, 0.029259977862238884
n,-0.03832869604229927, 0.2398606836795807, 0.029259977862238884
n,-0.03832869604229927, 0.2398606836795807, 0.029259977862238884
n,-0.02537117898464203, 0.1500980406999588, 0.19153398275375366
n,-0.02537117898464203, 0.1500980406999588, 0.19153398275375366
n,-0.02537117898464203, 0.1500980406999588, 0.19153398275375366
n,0.027753354981541634, 0.1604049801826477, -0.18264278769493103
n,0.027753354981541634, 0.1604049801826477, -0.18264278769493103
n,0.027753354981541634, 0.1604049801826477, -0.18264278769493103
n,-0.03873896971344948, 0.23979483544826508, -0.02925950475037098
n,-0.03873896971344948, 0.23979483544826508, -0.02925950475037098
n,-0.03873896971344948, 0.23979483544826508, -0.02925950475037098
n,-0.03176030516624451, 0.1914837658405304, 0.14894171059131622
n,-0.03176030516624451, 0.1914837658405304, 0.14894171059131622
n,-0.03176030516624451, 0.1914837658405304, 0.14894171059131622
n,-0.036710385233163834, 0.22327294945716858, -0.09305871278047562
n,-0.036710385233163834, 0.22327294945716858, -0.09305871278047562
n,-0.036710385233163834, 0.22327294945716858, -0.09305871278047562
n,-0.03593245893716812, 0.22349783778190613, 0.09282217919826508
n,-0.03593245893716812, 0.22349783778190613, 0.09282217919826508
n,-0.03593245893716812, 0.22349783778190613, 0.09282217919826508
n,-0.01434530783444643, 0.0860186368227005, 0.2285900115966797
n,-0.01434530783444643, 0.0860186368227005, 0.2285900115966797
n,-0.01434530783444643, 0.0860186368227005, 0.2285900115966797
n,-0.03203263133764267, 0.1941682994365692, -0.1453649401664734
n,-0.03203263133764267, 0.1941682994365692, -0.1453649401664734
n,-0.03203263133764267, 0.1941682994365692, -0.1453649401664734
n,0.03697161376476288, 0.22319215536117554, -0.09314905107021332
n,0.03697161376476288, 0.22319215536117554, -0.09314905107021332
n,0.03697161376476288, 0.22319215536117554, -0.09314905107021332
n,0.03759094327688217, 0.22323903441429138, 0.09278815239667892
n,0.03759094327688217, 0.22323903441429138, 0.09278815239667892
n,0.03759094327688217, 0.22323903441429138, 0.09278815239667892
n,0.012812771834433079, 0.08586463332176208, 0.2287389189004898
n,0.012812771834433079, 0.08586463332176208, 0.2287389189004898
n,0.012812771834433079, 0.08586463332176208, 0.2287389189004898
n,0.03175809234380722, 0.19377930462360382, -0.14594309031963348
n,0.03175809234380722, 0.19377930462360382, -0.14594309031963348
n,0.03175809234380722, 0.19377930462360382, -0.14594309031963348
n,0.040267836302518845, 0.23947525024414062, 0.029807567596435547
n,0.040267836302518845, 0.23947525024414062, 0.029807567596435547
n,0.040267836302518845, 0.23947525024414062, 0.029807567596435547
n,0.02341180294752121, 0.15031930804252625, 0.19160999357700348
n,0.02341180294752121, 0.15031930804252625, 0.19160999357700348
n,0.02341180294752121, 0.15031930804252625, 0.19160999357700348
n,0.07596509158611298, 0.14381809532642365, -0.18276774883270264
n,0.07596509158611298, 0.14381809532642365, -0.18276774883270264
n,0.07596509158611298, 0.14381809532642365, -0.18276774883270264
n,0.03974229842424393, 0.23973235487937927, -0.02841373160481453
n,0.03974229842424393, 0.23973235487937927, -0.02841373160481453
n,0.03974229842424393, 0.23973235487937927, -0.02841373160481453
n,0.03207836300134659, 0.19238856434822083, 0.1477023959159851
n,0.03207836300134659, 0.19238856434822083, 0.1477023959159851
n,0.03207836300134659, 0.19238856434822083, 0.1477023959159851
n,0.11254743486642838, 0.21545268595218658, -0.027777671813964844
n,0.11254743486642838, 0.21545268595218658, -0.027777671813964844
n,0.11254743486642838, 0.21545268595218658, -0.027777671813964844
n,0.09071842581033707, 0.17305101454257965, 0.147247776389122
n,0.09071842581033707, 0.17305101454257965, 0.147247776389122
n,0.09071842581033707, 0.17305101454257965, 0.147247776389122
n,0.10469581186771393, 0.20099763572216034, -0.09217984229326248
n,0.10469581186771393, 0.20099763572216034, -0.09217984229326248
n,0.10469581186771393, 0.20099763572216034, -0.09217984229326248
n,0.10495308041572571, 0.20074617862701416, 0.09243491291999817
n,0.10495308041572571, 0.20074617862701416, 0.09243491291999817
n,0.10495308041572571, 0.20074617862701416, 0.09243491291999817
n,0.040040936321020126, 0.07855813950300217, 0.22821860015392303
n,0.040040936321020126, 0.07855813950300217, 0.22821860015392303
n,0.040040936321020126, 0.07855813950300217, 0.22821860015392303
n,0.09095689654350281, 0.17437230050563812, -0.14553186297416687
n,0.09095689654350281, 0.17437230050563812, -0.14553186297416687
n,0.09095689654350281, 0.17437230050563812, -0.14553186297416687
n,0.1124582514166832, 0.21524079144001007, 0.02971411682665348
n,0.1124582514166832, 0.21524079144001007, 0.02971411682665348
n,0.1124582514166832, 0.21524079144001007, 0.02971411682665348
n,0.07191427052021027, 0.13573355972766876, 0.19042880833148956
n,0.07191427052021027, 0.13573355972766876, 0.19042880833148956
n,0.07191427052021027, 0.13573355972766876, 0.19042880833148956
n,0.11660081148147583, 0.11186099052429199, -0.18371108174324036
n,0.11660081148147583, 0.11186099052429199, -0.18371108174324036
n,0.11660081148147583, 0.11186099052429199, -0.18371108174324036
n,0.14006668329238892, 0.13832047581672668, -0.14528301358222961
n,0.14006668329238892, 0.13832047581672668, -0.14528301358222961
n,0.14006668329238892, 0.13832047581672668, -0.14528301358222961
n,0.17299923300743103, 0.17044837772846222, 0.02961432747542858
n,0.17299923300743103, 0.17044837772846222, 0.02961432747542858
n,0.17299923300743103, 0.17044837772846222, 0.02961432747542858
n,0.10978906601667404, 0.10839778929948807, 0.18988068401813507
n,0.10978906601667404, 0.10839778929948807, 0.18988068401813507
n,0.10978906601667404, 0.10839778929948807, 0.18988068401813507
n,0.14473694562911987, 0.07257691770792007, -0.18341808021068573
n,0.14473694562911987, 0.07257691770792007, -0.18341808021068573
n,0.14473694562911987, 0.07257691770792007, -0.18341808021068573
n,0.17316986620426178, 0.1705973893404007, -0.027696959674358368
n,0.17316986620426178, 0.1705973893404007, -0.027696959674358368
n,0.17316986620426178, 0.1705973893404007, -0.027696959674358368
n,0.13970956206321716, 0.13730230927467346, 0.14658686518669128
n,0.13970956206321716, 0.13730230927467346, 0.14658686518669128
n,0.13970956206321716, 0.13730230927467346, 0.14658686518669128
n,0.16129149496555328, 0.15930385887622833, -0.09200935065746307
n,0.16129149496555328, 0.15930385887622833, -0.09200935065746307
n,0.16129149496555328, 0.15930385887622833, -0.09200935065746307
n,0.16166409850120544, 0.15871328115463257, 0.09237532317638397
n,0.16166409850120544, 0.15871328115463257, 0.09237532317638397
n,0.16166409850120544, 0.15871328115463257, 0.09237532317638397
n,0.06281019002199173, 0.06251399964094162, 0.22804665565490723
n,0.06281019002199173, 0.06251399964094162, 0.22804665565490723
n,0.06281019002199173, 0.06251399964094162, 0.22804665565490723
n,0.20284491777420044, 0.10153061896562576, -0.09167256951332092
n,0.20284491777420044, 0.10153061896562576, -0.09167256951332092
n,0.20284491777420044, 0.10153061896562576, -0.09167256951332092
n,0.20276591181755066, 0.10151050984859467, 0.09186944365501404
n,0.20276591181755066, 0.10151050984859467, 0.09186944365501404
n,0.20276591181755066, 0.10151050984859467, 0.09186944365501404
n,0.07932797074317932, 0.04011641815304756, 0.22793887555599213
n,0.07932797074317932, 0.04011641815304756, 0.22793887555599213
n,0.07932797074317932, 0.04011641815304756, 0.22793887555599213
n,0.1756630837917328, 0.08891704678535461, -0.1452399045228958
n,0.1756630837917328, 0.08891704678535461, -0.1452399045228958
n,0.1756630837917328, 0.08891704678535461, -0.1452399045228958
n,0.217245414853096, 0.1085856556892395, 0.029529115185141563
n,0.217245414853096, 0.1085856556892395, 0.029529115185141563
n,0.217245414853096, 0.1085856556892395, 0.029529115185141563
n,0.13803185522556305, 0.06951411813497543, 0.1896664798259735
n,0.13803185522556305, 0.06951411813497543, 0.1896664798259735
n,0.13803185522556305, 0.06951411813497543, 0.1896664798259735
n,0.16015790402889252, 0.026124268770217896, -0.18309929966926575
n,0.16015790402889252, 0.026124268770217896, -0.18309929966926575
n,0.16015790402889252, 0.026124268770217896, -0.18309929966926575
n,0.2173730731010437, 0.10894563794136047, -0.027169454842805862
n,0.2173730731010437, 0.10894563794136047, -0.027169454842805862
n,0.2173730731010437, 0.10894563794136047, -0.027169454842805862
n,0.1754484325647354, 0.08837621659040451, 0.1458282321691513
n,0.1754484325647354, 0.08837621659040451, 0.1458282321691513
n,0.1754484325647354, 0.08837621659040451, 0.1458282321691513
n,0.15936362743377686, -0.028981037437915802, -0.18336227536201477
n,0.15936362743377686, -0.028981037437915802, -0.18336227536201477
n,0.15936362743377686, -0.028981037437915802, -0.18336227536201477
n,0.24031157791614532, 0.03708336874842644, -0.02708425559103489
n,0.24031157791614532, 0.03708336874842644, -0.02708425559103489
n,0.24031157791614532, 0.03708336874842644, -0.02708425559103489
n,0.19444775581359863, 0.028994347900152206, 0.14562895894050598
n,0.19444775581359863, 0.028994347900152206, 0.14562895894050598
n,0.19444775581359863, 0.028994347900152206, 0.14562895894050598
n,0.22449617087841034, 0.034612469375133514, -0.09089463949203491
n,0.22449617087841034, 0.034612469375133514, -0.09089463949203491
n,0.22449617087841034, 0.034612469375133514, -0.09089463949203491
n,0.22425301373004913, 0.03418060392141342, 0.09165513515472412
n,0.22425301373004913, 0.03418060392141342, 0.09165513515472412
n,0.22425301373004913, 0.03418060392141342, 0.09165513515472412
n,0.08819304406642914, 0.012671664357185364, 0.22785918414592743
n,0.08819304406642914, 0.012671664357185364, 0.22785918414592743
n,0.08819304406642914, 0.012671664357185364, 0.22785918414592743
n,0.1945965588092804, 0.029446564614772797, -0.14533910155296326
n,0.1945965588092804, 0.029446564614772797, -0.14533910155296326
n,0.1945965588092804, 0.029446564614772797, -0.14533910155296326
n,0.24006487429141998, 0.0366160087287426, 0.029774397611618042
n,0.24006487429141998, 0.0366160087287426, 0.029774397611618042
n,0.24006487429141998, 0.0366160087287426, 0.029774397611618042
n,0.15301667153835297, 0.02303268015384674, 0.189509317278862
n,0.15301667153835297, 0.02303268015384674, 0.189509317278862
n,0.15301667153835297, 0.02303268015384674, 0.189509317278862
n,0.0880267471075058, -0.01642601378262043, 0.22768370807170868
n,0.0880267471075058, -0.01642601378262043, 0.22768370807170868
n,0.0880267471075058, -0.01642601378262043, 0.22768370807170868
n,0.19422313570976257, -0.031489983201026917, -0.14541023969650269
n,0.19422313570976257, -0.031489983201026917, -0.14541023969650269
n,0.19422313570976257, -0.031489983201026917, -0.14541023969650269
n,0.23972061276435852, -0.038445111364126205, 0.030238792300224304
n,0.23972061276435852, -0.038445111364126205, 0.030238792300224304
n,0.23972061276435852, -0.038445111364126205, 0.030238792300224304
n,0.15223562717437744, -0.026464616879820824, 0.18969006836414337
n,0.15223562717437744, -0.026464616879820824, 0.18969006836414337
n,0.15223562717437744, -0.026464616879820824, 0.18969006836414337
n,0.14102360606193542, -0.07758889347314835, -0.1842571496963501
n,0.14102360606193542, -0.07758889347314835, -0.1842571496963501
n,0.14102360606193542, -0.07758889347314835, -0.1842571496963501
n,0.2400592714548111, -0.03860543668270111, -0.02719472162425518
n,0.2400592714548111, -0.03860543668270111, -0.02719472162425518
n,0.2400592714548111, -0.03860543668270111, -0.02719472162425518
n,0.19390873610973358, -0.0315997488796711, 0.1458054780960083
n,0.19390873610973358, -0.0315997488796711, 0.1458054780960083
n,0.19390873610973358, -0.0315997488796711, 0.1458054780960083
n,0.22427164018154144, -0.03628679737448692, -0.09079586714506149
n,0.22427164018154144, -0.03628679737448692, -0.09079586714506149
n,0.22427164018154144, -0.03628679737448692, -0.09079586714506149
n,0.22413910925388336, -0.03576945140957832, 0.09132685512304306
n,0.22413910925388336, -0.03576945140957832, 0.09132685512304306
n,0.22413910925388336, -0.03576945140957832, 0.09132685512304306
n,0.20162348449230194, -0.10386422276496887, -0.09175284951925278
n,0.20162348449230194, -0.10386422276496887, -0.09175284951925278
n,0.20162348449230194, -0.10386422276496887, -0.09175284951925278
n,0.20178580284118652, -0.10400077700614929, 0.09123986214399338
n,0.20178580284118652, -0.10400077700614929, 0.09123986214399338
n,0.20178580284118652, -0.10400077700614929, 0.09123986214399338
n,0.07917464524507523, -0.04333769157528877, 0.22740185260772705
n,0.07917464524507523, -0.04333769157528877, 0.22740185260772705
n,0.07917464524507523, -0.04333769157528877, 0.22740185260772705
n,0.17448292672634125, -0.09131976217031479, -0.14517159759998322
n,0.17448292672634125, -0.09131976217031479, -0.14517159759998322
n,0.17448292672634125, -0.09131976217031479, -0.14517159759998322
n,0.21599650382995605, -0.11089541763067245, 0.030101636424660683
n,0.21599650382995605, -0.11089541763067245, 0.030101636424660683
n,0.21599650382995605, -0.11089541763067245, 0.030101636424660683
n,0.13734892010688782, -0.07156240195035934, 0.189400315284729
n,0.13734892010688782, -0.07156240195035934, 0.189400315284729
n,0.13734892010688782, -0.07156240195035934, 0.189400315284729
n,0.11542631685733795, -0.11251341551542282, -0.18405401706695557
n,0.11542631685733795, -0.11251341551542282, -0.18405401706695557
n,0.11542631685733795, -0.11251341551542282, -0.18405401706695557
n,0.21621757745742798, -0.1111767590045929, -0.02735084667801857
n,0.21621757745742798, -0.1111767590045929, -0.02735084667801857
n,0.21621757745742798, -0.1111767590045929, -0.02735084667801857
n,0.1741778552532196, -0.09035149216651917, 0.14614054560661316
n,0.1741778552532196, -0.09035149216651917, 0.14614054560661316
n,0.1741778552532196, -0.09035149216651917, 0.14614054560661316
n,0.10955116897821426, -0.10984315723180771, 0.18918617069721222
n,0.10955116897821426, -0.10984315723180771, 0.18918617069721222
n,0.10955116897821426, -0.10984315723180771, 0.18918617069721222
n,0.07481419295072556, -0.1445111334323883, -0.18269579112529755
n,0.07481419295072556, -0.1445111334323883, -0.18269579112529755
n,0.07481419295072556, -0.1445111334323883, -0.18269579112529755
n,0.1713743507862091, -0.1724512130022049, -0.027382386848330498
n,0.1713743507862091, -0.1724512130022049, -0.027382386848330498
n,0.1713743507862091, -0.1724512130022049, -0.027382386848330498
n,0.13861148059368134, -0.1391102820634842, 0.1459231674671173
n,0.13861148059368134, -0.1391102820634842, 0.1459231674671173
n,0.13861148059368134, -0.1391102820634842, 0.1459231674671173
n,0.15972162783145905, -0.16086891293525696, -0.09202486276626587
n,0.15972162783145905, -0.16086891293525696, -0.09202486276626587
n,0.15972162783145905, -0.16086891293525696, -0.09202486276626587
n,0.15989074110984802, -0.16102337837219238, 0.09145934134721756
n,0.15989074110984802, -0.16102337837219238, 0.09145934134721756
n,0.15989074110984802, -0.16102337837219238, 0.09145934134721756
n,0.062399059534072876, -0.06513258814811707, 0.22742578387260437
n,0.062399059534072876, -0.06513258814811707, 0.22742578387260437
n,0.062399059534072876, -0.06513258814811707, 0.22742578387260437
n,0.13859471678733826, -0.1402868926525116, -0.14480841159820557
n,0.13859471678733826, -0.1402868926525116, -0.14480841159820557
n,0.13859471678733826, -0.1402868926525116, -0.14480841159820557
n,0.1712290495634079, -0.17219218611717224, 0.029813623055815697
n,0.1712290495634079, -0.17219218611717224, 0.029813623055815697
n,0.1712290495634079, -0.17219218611717224, 0.029813623055815697
n,0.03984847292304039, -0.08022637665271759, 0.2276712954044342
n,0.03984847292304039, -0.08022637665271759, 0.2276712954044342
n,0.03984847292304039, -0.08022637665271759, 0.2276712954044342
n,0.0899471715092659, -0.1756095588207245, -0.14466919004917145
n,0.0899471715092659, -0.1756095588207245, -0.14466919004917145
n,0.0899471715092659, -0.1756095588207245, -0.14466919004917145
n,0.11021434515714645, -0.21638071537017822, 0.029842481017112732
n,0.11021434515714645, -0.21638071537017822, 0.029842481017112732
n,0.11021434515714645, -0.21638071537017822, 0.029842481017112732
n,0.0704273208975792, -0.13796688616275787, 0.18937665224075317
n,0.0704273208975792, -0.13796688616275787, 0.18937665224075317
n,0.0704273208975792, -0.13796688616275787, 0.18937665224075317
n,0.025220219045877457, -0.1600896716117859, -0.1832856386899948
n,0.025220219045877457, -0.1600896716117859, -0.1832856386899948
n,0.025220219045877457, -0.1600896716117859, -0.1832856386899948
n,0.11039169877767563, -0.21661913394927979, -0.027353325858712196
n,0.11039169877767563, -0.21661913394927979, -0.027353325858712196
n,0.11039169877767563, -0.21661913394927979, -0.027353325858712196
n,0.08956558257341385, -0.17475713789463043, 0.1459326297044754
n,0.08956558257341385, -0.17475713789463043, 0.1459326297044754
n,0.08956558257341385, -0.17475713789463043, 0.1459326297044754
n,0.1033661812543869, -0.20171810686588287, -0.09210661798715591
n,0.1033661812543869, -0.20171810686588287, -0.09210661798715591
n,0.1033661812543869, -0.20171810686588287, -0.09210661798715591
n,0.10354234278202057, -0.2021198570728302, 0.09102162718772888
n,0.10354234278202057, -0.2021198570728302, 0.09102162718772888
n,0.10354234278202057, -0.2021198570728302, 0.09102162718772888
n,0.031651511788368225, -0.19370408356189728, 0.14606605470180511
n,0.031651511788368225, -0.19370408356189728, 0.14606605470180511
n,0.031651511788368225, -0.19370408356189728, 0.14606605470180511
n,0.03563077747821808, -0.22382856905460358, -0.09213905036449432
n,0.03563077747821808, -0.22382856905460358, -0.09213905036449432
n,0.03563077747821808, -0.22382856905460358, -0.09213905036449432
n,0.036790333688259125, -0.22434067726135254, 0.0904218927025795
n,0.036790333688259125, -0.22434067726135254, 0.0904218927025795
n,0.036790333688259125, -0.22434067726135254, 0.0904218927025795
n,0.013961566612124443, -0.0879451110959053, 0.2278796136379242
n,0.013961566612124443, -0.0879451110959053, 0.2278796136379242
n,0.013961566612124443, -0.0879451110959053, 0.2278796136379242
n,0.03144150599837303, -0.19492165744304657, -0.14448311924934387
n,0.03144150599837303, -0.19492165744304657, -0.14448311924934387
n,0.03144150599837303, -0.19492165744304657, -0.14448311924934387
n,0.038568656891584396, -0.23977814614772797, 0.029619112610816956
n,0.038568656891584396, -0.23977814614772797, 0.029619112610816956
n,0.038568656891584396, -0.23977814614772797, 0.029619112610816956
n,0.023060856387019157, -0.1532987654209137, 0.1892777532339096
n,0.023060856387019157, -0.1532987654209137, 0.1892777532339096
n,0.023060856387019157, -0.1532987654209137, 0.1892777532339096
n,0.03842939808964729, -0.24013622105121613, -0.02676137164235115
n,0.03842939808964729, -0.24013622105121613, -0.02676137164235115
n,0.03842939808964729, -0.24013622105121613, -0.02676137164235115
n,-0.027060426771640778, -0.15957042574882507, -0.18347588181495667
n,-0.027060426771640778, -0.15957042574882507, -0.18347588181495667
n,-0.027060426771640778, -0.15957042574882507, -0.18347588181495667
n,0.005083286669105291, -0.003945050295442343, -0.24457509815692902
n,0.005083286669105291, -0.003945050295442343, -0.24457509815692902
n,0.005083286669105291, -0.003945050295442343, -0.24457509815692902
n,0.012756500393152237, -0.014287910424172878, -0.2439088225364685
n,0.012756500393152237, -0.014287910424172878, -0.2439088225364685
n,0.012756500393152237, -0.014287910424172878, -0.2439088225364685
n,0.014846832491457462, -0.025826510041952133, -0.24283935129642487
n,0.014846832491457462, -0.025826510041952133, -0.24283935129642487
n,0.014846832491457462, -0.025826510041952133, -0.24283935129642487
n,0.002782984636723995, -0.012521935626864433, -0.2443232387304306
n,0.002782984636723995, -0.012521935626864433, -0.2443232387304306
n,0.002782984636723995, -0.012521935626864433, -0.2443232387304306
n,-0.0015570097602903843, -0.0035702071618288755, -0.24462872743606567
n,-0.0015570097602903843, -0.0035702071618288755, -0.24462872743606567
n,-0.0015570097602903843, -0.0035702071618288755, -0.24462872743606567
n,-0.007617098279297352, -0.013029503636062145, -0.24419376254081726
n,-0.007617098279297352, -0.013029503636062145, -0.24419376254081726
n,-0.007617098279297352, -0.013029503636062145, -0.24419376254081726
n,-0.01805785484611988, -0.01698453351855278, -0.24340052902698517
n,-0.01805785484611988, -0.01698453351855278, -0.24340052902698517
n,-0.01805785484611988, -0.01698453351855278, -0.24340052902698517
n,-0.028859345242381096, -0.01540304534137249, -0.2424629181623459
n,-0.028859345242381096, -0.01540304534137249, -0.2424629181623459
n,-0.028859345242381096, -0.01540304534137249, -0.2424629181623459
n,-0.024891065433621407, -0.005754392594099045, -0.2433222085237503
n,-0.024891065433621407, -0.005754392594099045, -0.2433222085237503
n,-0.024891065433621407, -0.005754392594099045, -0.2433222085237503
n,-0.002356495475396514, 0.00037973164580762386, -0.24464808404445648
n,-0.002356495475396514, 0.00037973164580762386, -0.24464808404445648
n,-0.002356495475396514, 0.00037973164580762386, -0.24464808404445648
n,-0.0202043317258358, 0.010320193134248257, -0.2436055690050125
n,-0.0202043317258358, 0.010320193134248257, -0.2436055690050125
n,-0.0202043317258358, 0.010320193134248257, -0.2436055690050125
n,-0.019750693812966347, 0.019710848107933998, -0.2430633157491684
n,-0.019750693812966347, 0.019710848107933998, -0.2430633157491684
n,-0.019750693812966347, 0.019710848107933998, -0.2430633157491684
n,-0.004649972077459097, 0.009127333760261536, -0.24444518983364105
n,-0.004649972077459097, 0.009127333760261536, -0.24444518983364105
n,-0.004649972077459097, 0.009127333760261536, -0.24444518983364105
n,-0.0015053284587338567, 0.009988561272621155, -0.2444511204957962
n,-0.0015053284587338567, 0.009988561272621155, -0.2444511204957962
n,-0.0015053284587338567, 0.009988561272621155, -0.2444511204957962
n,0.003725782735273242, 0.02354181744158268, -0.24349597096443176
n,0.003725782735273242, 0.02354181744158268, -0.24349597096443176
n,0.003725782735273242, 0.02354181744158268, -0.24349597096443176
n,0.011142842471599579, 0.022025974467396736, -0.2434113472700119
n,0.011142842471599579, 0.022025974467396736, -0.2434113472700119
n,0.011142842471599579, 0.022025974467396736, -0.2434113472700119
n,0.00950462557375431, 0.009504711255431175, -0.24429020285606384
n,0.00950462557375431, 0.009504711255431175, -0.24429020285606384
n,0.00950462557375431, 0.009504711255431175, -0.24429020285606384
n,0.007498909253627062, 0.003820692887529731, -0.24451492726802826
n,0.007498909253627062, 0.003820692887529731, -0.24451492726802826
n,0.007498909253627062, 0.003820692887529731, -0.24451492726802826
n,0.11211394518613815, -0.015844710171222687, -0.21688200533390045
n,0.11211394518613815, -0.015844710171222687, -0.21688200533390045
n,0.11211394518613815, -0.015844710171222687, -0.21688200533390045
n,0.016139991581439972, 0.10268192738294601, -0.2214820683002472
n,0.016139991581439972, 0.10268192738294601, -0.2214820683002472
n,0.016139991581439972, 0.10268192738294601, -0.2214820683002472
n,-0.11718373745679855, 0.017732638865709305, -0.21403717994689941
n,-0.11718373745679855, 0.017732638865709305, -0.21403717994689941
n,-0.11718373745679855, 0.017732638865709305, -0.21403717994689941
n,0.08774292469024658, -0.08848433196544647, -0.21054710447788239
n,0.08774292469024658, -0.08848433196544647, -0.21054710447788239
n,0.08774292469024658, -0.08848433196544647, -0.21054710447788239
n,0.07642883062362671, 0.07901997119188309, -0.2185700386762619
n,0.07642883062362671, 0.07901997119188309, -0.2185700386762619
n,0.07642883062362671, 0.07901997119188309, -0.2185700386762619
n,-0.018629295751452446, -0.11647826433181763, -0.21434585750102997
n,-0.018629295751452446, -0.11647826433181763, -0.21434585750102997
n,-0.018629295751452446, -0.11647826433181763, -0.21434585750102997
n,-0.08504263311624527, 0.0836423933506012, -0.21361199021339417
n,-0.08504263311624527, 0.0836423933506012, -0.21361199021339417
n,-0.08504263311624527, 0.0836423933506012, -0.21361199021339417
n,-0.09025990217924118, -0.08975958824157715, -0.20893719792366028
n,-0.09025990217924118, -0.08975958824157715, -0.20893719792366028
n,-0.09025990217924118, -0.08975958824157715, -0.20893719792366028
n,0.024133237078785896, -0.15142148733139038, -0.19065020978450775
n,0.024133237078785896, -0.15142148733139038, -0.19065020978450775
n,0.024133237078785896, -0.15142148733139038, -0.19065020978450775
n,0.10157402604818344, 0.016634339466691017, -0.22195586562156677
n,0.10157402604818344, 0.016634339466691017, -0.22195586562156677
n,0.10157402604818344, 0.016634339466691017, -0.22195586562156677
n,-0.018044473603367805, 0.10631148517131805, -0.21961478888988495
n,-0.018044473603367805, 0.10631148517131805, -0.21961478888988495
n,-0.018044473603367805, 0.10631148517131805, -0.21961478888988495
n,-0.12631341814994812, -0.020348913967609406, -0.20854069292545319
n,-0.12631341814994812, -0.020348913967609406, -0.20854069292545319
n,-0.12631341814994812, -0.020348913967609406, -0.20854069292545319
n,0.11364246904850006, -0.057888731360435486, -0.20878858864307404
n,0.11364246904850006, -0.057888731360435486, -0.20878858864307404
n,0.11364246904850006, -0.057888731360435486, -0.20878858864307404
n,0.06119223311543465, 0.11584313958883286, -0.20662590861320496
n,0.06119223311543465, 0.11584313958883286, -0.20662590861320496
n,0.06119223311543465, 0.11584313958883286, -0.20662590861320496
n,-0.10472766309976578, 0.05376177653670311, -0.21447651088237762
n,-0.10472766309976578, 0.05376177653670311, -0.21447651088237762
n,-0.10472766309976578, 0.05376177653670311, -0.21447651088237762
n,-0.05898192524909973, -0.1154276579618454, -0.20749934017658234
n,-0.05898192524909973, -0.1154276579618454, -0.20749934017658234
n,-0.05898192524909973, -0.1154276579618454, -0.20749934017658234
n,0.052581142634153366, -0.10229256749153137, -0.2159394472837448
n,0.052581142634153366, -0.10229256749153137, -0.2159394472837448
n,0.052581142634153366, -0.10229256749153137, -0.2159394472837448
n,0.11175491660833359, 0.05497425049543381, -0.21058739721775055
n,0.11175491660833359, 0.05497425049543381, -0.21058739721775055
n,0.11175491660833359, 0.05497425049543381, -0.21058739721775055
n,-0.05721227824687958, 0.11687026917934418, -0.20718707144260406
n,-0.05721227824687958, 0.11687026917934418, -0.20718707144260406
n,-0.05721227824687958, 0.11687026917934418, -0.20718707144260406
n,-0.10480859130620956, -0.053464703261852264, -0.2145112305879593
n,-0.10480859130620956, -0.053464703261852264, -0.2145112305879593
n,-0.10480859130620956, -0.053464703261852264, -0.2145112305879593
n,0.004881470929831266, 0.0007731525111012161, -0.24460981786251068
n,0.004881470929831266, 0.0007731525111012161, -0.24460981786251068
n,0.004881470929831266, 0.0007731525111012161, -0.24460981786251068
n,0.0, 0.0, -0.24465973675251007
n,0.0, 0.0, -0.24465973675251007
n,0.0, 0.0, -0.24465973675251007
n,-2.9516164090637176e-07, 9.590053906549656e-08, -0.24465973675251007
n,-2.9516164090637176e-07, 9.590053906549656e-08, -0.24465973675251007
n,-2.9516164090637176e-07, 9.590053906549656e-08, -0.24465973675251007
n,-6.101751750975382e-06, -5.1319443628017325e-06, -0.24465973675251007
n,-6.101751750975382e-06, -5.1319443628017325e-06, -0.24465973675251007
n,-6.101751750975382e-06, -5.1319443628017325e-06, -0.24465973675251007
n,-9.003495506476611e-06, -4.931534931529313e-06, -0.24465973675251007
n,-9.003495506476611e-06, -4.931534931529313e-06, -0.24465973675251007
n,-9.003495506476611e-06, -4.931534931529313e-06, -0.24465973675251007
n,-2.5505309167783707e-05, -1.3756172847934067e-05, -0.24465973675251007
n,-2.5505309167783707e-05, -1.3756172847934067e-05, -0.24465973675251007
n,-2.5505309167783707e-05, -1.3756172847934067e-05, -0.24465973675251007
n,-9.535788499971665e-14, 3.10348639231961e-07, -0.24465973675251007
n,-9.535788499971665e-14, 3.10348639231961e-07, -0.24465973675251007
n,-9.535788499971665e-14, 3.10348639231961e-07, -0.24465973675251007
n,-1.65348519658437e-05, 8.424927727901377e-06, -0.24465973675251007
n,-1.65348519658437e-05, 8.424927727901377e-06, -0.24465973675251007
n,-1.65348519658437e-05, 8.424927727901377e-06, -0.24465973675251007
n,-8.551865903427824e-05, 4.093238021596335e-05, -0.2446596920490265
n,-8.551865903427824e-05, 4.093238021596335e-05, -0.2446596920490265
n,-8.551865903427824e-05, 4.093238021596335e-05, -0.2446596920490265
n,4.492658263188787e-07, 3.2641167990732356e-07, -0.24465973675251007
n,4.492658263188787e-07, 3.2641167990732356e-07, -0.24465973675251007
n,4.492658263188787e-07, 3.2641167990732356e-07, -0.24465973675251007
n,-5.532165801014344e-07, 1.5334079535023193e-06, -0.24465973675251007
n,-5.532165801014344e-07, 1.5334079535023193e-06, -0.24465973675251007
n,-5.532165801014344e-07, 1.5334079535023193e-06, -0.24465973675251007
n,3.6848767194896936e-05, 0.0002316754835192114, -0.2446596324443817
n,3.6848767194896936e-05, 0.0002316754835192114, -0.2446596324443817
n,3.6848767194896936e-05, 0.0002316754835192114, -0.2446596324443817
n,3.096517684753053e-05, 0.00022920746414456517, -0.24465961754322052
n,3.096517684753053e-05, 0.00022920746414456517, -0.24465961754322052
n,3.096517684753053e-05, 0.00022920746414456517, -0.24465961754322052
n,0.0, 0.0, -0.24465973675251007
n,0.0, 0.0, -0.24465973675251007
n,0.0, 0.0, -0.24465973675251007
n,8.160233022636021e-08, -1.1231674079681397e-07, -0.24465973675251007
n,8.160233022636021e-08, -1.1231674079681397e-07, -0.24465973675251007
n,8.160233022636021e-08, -1.1231674079681397e-07, -0.24465973675251007
n,-9.590297622708022e-08, 2.95159082952523e-07, -0.24465973675251007
n,-9.590297622708022e-08, 2.95159082952523e-07, -0.24465973675251007
n,-9.590297622708022e-08, 2.95159082952523e-07, -0.24465973675251007
n,8.146488426064025e-07, -1.290276401277879e-07, -0.24465973675251007
n,8.146488426064025e-07, -1.290276401277879e-07, -0.24465973675251007
n,8.146488426064025e-07, -1.290276401277879e-07, -0.24465973675251007
n,-8.580228438859194e-08, -2.640723266722489e-07, -0.24465973675251007
n,-8.580228438859194e-08, -2.640723266722489e-07, -0.24465973675251007
n,-8.580228438859194e-08, -2.640723266722489e-07, -0.24465973675251007
n,0.0, 0.0, -0.24465973675251007
n,0.0, 0.0, -0.24465973675251007
n,0.0, 0.0, -0.24465973675251007
n,-1.8722526817782636e-07, 3.6745103670909884e-07, -0.24465973675251007
n,-1.8722526817782636e-07, 3.6745103670909884e-07, -0.24465973675251007
n,-1.8722526817782636e-07, 3.6745103670909884e-07, -0.24465973675251007
n,6.451402612128732e-08, -4.0732302863943914e-07, -0.24465973675251007
n,6.451402612128732e-08, -4.0732302863943914e-07, -0.24465973675251007
n,6.451402612128732e-08, -4.0732302863943914e-07, -0.24465973675251007
u,0.9808696508407593, 0.717139720916748, 0
u,0.9879259467124939, 0.7244234681129456, 0
u,0.9881954193115234, 0.7172481417655945, 0
u,0.9806311130523682, 0.723931223154068, 0
u,0.9873107671737671, 0.7315809726715088, 0
u,0.9879259467124939, 0.7244234681129456, 0
u,0.9800552725791931, 0.7306967675685883, 0
u,0.9862953424453735, 0.7386605739593506, 0
u,0.9873107671737671, 0.7315809726715088, 0
u,0.9862953424453735, 0.7386605739593506, 0
u,0.9778737425804138, 0.744030088186264, 0
u,0.9849149584770203, 0.7456505298614502, 0
u,0.9778737425804138, 0.744030088186264, 0
u,0.983163058757782, 0.7525369375944138, 0
u,0.9849149584770203, 0.7456505298614502, 0
u,0.9762749671936035, 0.7505601346492767, 0
u,0.9810457825660706, 0.7592935264110565, 0
u,0.983163058757782, 0.7525369375944138, 0
u,0.9810457825660706, 0.7592935264110565, 0
u,0.971993625164032, 0.7632047832012177, 0
u,0.978556215763092, 0.7659258246421814, 0
u,0.978556215763092, 0.7659258246421814, 0
u,0.9693515300750732, 0.7692487984895706, 0
u,0.9756104946136475, 0.7723535299301147, 0
u,0.9756104946136475, 0.7723535299301147, 0
u,0.9663131237030029, 0.7749344110488892, 0
u,0.9721734523773193, 0.7785250842571259, 0
u,0.9663131237030029, 0.7749344110488892, 0
u,0.9681825041770935, 0.7841716557741165, 0
u,0.9721734523773193, 0.7785250842571259, 0
u,0.9689512252807617, 0.6486289799213409, 0
u,0.9669986367225647, 0.6581967771053314, 0
u,0.9730550646781921, 0.6544956862926483, 0
u,0.9730550646781921, 0.6544956862926483, 0
u,0.9700713753700256, 0.6641047894954681, 0
u,0.9765602946281433, 0.66091588139534, 0
u,0.9765602946281433, 0.66091588139534, 0
u,0.972727358341217, 0.670340359210968, 0
u,0.9795212149620056, 0.6676395833492279, 0
u,0.972727358341217, 0.670340359210968, 0
u,0.9819928407669067, 0.6745551824569702, 0
u,0.9795212149620056, 0.6676395833492279, 0
u,0.9750072360038757, 0.6767624914646149, 0
u,0.9840160012245178, 0.6815911829471588, 0
u,0.9819928407669067, 0.6745551824569702, 0
u,0.976898193359375, 0.6833774745464325, 0
u,0.9856100678443909, 0.6886936724185944, 0
u,0.9840160012245178, 0.6815911829471588, 0
u,0.978399395942688, 0.6900628805160522, 0
u,0.9868019819259644, 0.6958328485488892, 0
u,0.9856100678443909, 0.6886936724185944, 0
u,0.9795385003089905, 0.6968131065368652, 0
u,0.9876169562339783, 0.7029798924922943, 0
u,0.9868019819259644, 0.6958328485488892, 0
u,0.9791342616081238, 0.7374052703380585, 0
u,0.9694483280181885, 0.7295112311840057, 0
u,0.9686515927314758, 0.7356977164745331, 0
u,0.9803223609924316, 0.7035814821720123, 0
u,0.9880999326705933, 0.7101084887981415, 0
u,0.9876169562339783, 0.7029798924922943, 0
u,0.9807684421539307, 0.7103537321090698, 0
u,0.9881954193115234, 0.7172481417655945, 0
u,0.9880999326705933, 0.7101084887981415, 0
u,0.9412621855735779, 0.47774451971054077, 0
u,0.9266113042831421, 0.4834362268447876, 0
u,0.9418695569038391, 0.4790138006210327, 0
u,0.847298800945282, 0.8484990000724792, 0
u,0.8511856198310852, 0.8326590955257416, 0
u,0.8476683497428894, 0.8326264470815659, 0
u,0.8501979112625122, 0.8645325303077698, 0
u,0.847298800945282, 0.8484990000724792, 0
u,0.8465622663497925, 0.864324077963829, 0
u,0.84540855884552, 0.8801767155528069, 0
u,0.8501979112625122, 0.8645325303077698, 0
u,0.8465622663497925, 0.864324077963829, 0
u,0.8438572883605957, 0.8960584029555321, 0
u,0.8489541411399841, 0.8804588839411736, 0
u,0.84540855884552, 0.8801767155528069, 0
u,0.8419880867004395, 0.9120310172438622, 0
u,0.8473400473594666, 0.8964347019791603, 0
u,0.8438572883605957, 0.8960584029555321, 0
u,0.8429388403892517, 0.9285569116473198, 0
u,0.8419880867004395, 0.9120310172438622, 0
u,0.8395764231681824, 0.9280164465308189, 0
u,0.840080201625824, 0.94467543810606, 0
u,0.8395764231681824, 0.9280164465308189, 0
u,0.8366639614105225, 0.9439915008842945, 0
u,0.8366202116012573, 0.960726160556078, 0
u,0.8366639614105225, 0.9439915008842945, 0
u,0.8331881761550903, 0.959928173571825, 0
u,0.8293869495391846, 0.9757611937820911, 0
u,0.8366202116012573, 0.960726160556078, 0
u,0.8331881761550903, 0.959928173571825, 0
u,0.8251712918281555, 0.9915017373859882, 0
u,0.8326033353805542, 0.9766063597053289, 0
u,0.8293869495391846, 0.9757611937820911, 0
u,0.8337646722793579, 0.6857911348342896, 0
u,0.8260378241539001, 0.6699221134185791, 0
u,0.8303598165512085, 0.6866793632507324, 0
u,0.8379032611846924, 0.7026482224464417, 0
u,0.8303598165512085, 0.6866793632507324, 0
u,0.8343044519424438, 0.7034567296504974, 0
u,0.8377963900566101, 0.7202029228210449, 0
u,0.8379032611846924, 0.7026482224464417, 0
u,0.8343044519424438, 0.7034567296504974, 0
u,0.8407257795333862, 0.7367912828922272, 0
u,0.8413569331169128, 0.7195192873477936, 0
u,0.8377963900566101, 0.7202029228210449, 0
u,0.8431931138038635, 0.7531608641147614, 0
u,0.844218373298645, 0.736246794462204, 0
u,0.8407257795333862, 0.7367912828922272, 0
u,0.8450203537940979, 0.7692530155181885, 0
u,0.8465717434883118, 0.7527227103710175, 0
u,0.8431931138038635, 0.7531608641147614, 0
u,0.8462486863136292, 0.7851688265800476, 0
u,0.8483815789222717, 0.7689262330532074, 0
u,0.8450203537940979, 0.7692530155181885, 0
u,0.8470714688301086, 0.8010006844997406, 0
u,0.8498542308807373, 0.7849259078502655, 0
u,0.8462486863136292, 0.7851688265800476, 0
u,0.8509958386421204, 0.8167256265878677, 0
u,0.8470714688301086, 0.8010006844997406, 0
u,0.8475838899612427, 0.816787526011467, 0
u,0.8511856198310852, 0.8326590955257416, 0
u,0.8475838899612427, 0.816787526011467, 0
u,0.8476683497428894, 0.8326264470815659, 0
u,0.8440210223197937, 0.8325909525156021, 0
u,0.8475838899612427, 0.816787526011467, 0
u,0.8439977169036865, 0.8168590515851974, 0
u,0.8475838899612427, 0.816787526011467, 0
u,0.8435267210006714, 0.801141768693924, 0
u,0.8439977169036865, 0.8168590515851974, 0
u,0.8435267210006714, 0.801141768693924, 0
u,0.8462486863136292, 0.7851688265800476, 0
u,0.8426108956336975, 0.7854170501232147, 0
u,0.8462486863136292, 0.7851688265800476, 0
u,0.8413169980049133, 0.7696237117052078, 0
u,0.8426108956336975, 0.7854170501232147, 0
u,0.8450203537940979, 0.7692530155181885, 0
u,0.8394380211830139, 0.7536446005105972, 0
u,0.8413169980049133, 0.7696237117052078, 0
u,0.8394380211830139, 0.7536446005105972, 0
u,0.8407257795333862, 0.7367912828922272, 0
u,0.8369627594947815, 0.7374014854431152, 0
u,0.8369627594947815, 0.7374014854431152, 0
u,0.8377963900566101, 0.7202029228210449, 0
u,0.8339692950248718, 0.7209399044513702, 0
u,0.8339692950248718, 0.7209399044513702, 0
u,0.8343044519424438, 0.7034567296504974, 0
u,0.8304204940795898, 0.7043325901031494, 0
u,0.8343044519424438, 0.7034567296504974, 0
u,0.8264591097831726, 0.6876804828643799, 0
u,0.8304204940795898, 0.7043325901031494, 0
u,0.8303598165512085, 0.6866793632507324, 0
u,0.8220016360282898, 0.6707591116428375, 0
u,0.8264591097831726, 0.6876804828643799, 0
u,0.8213843703269958, 0.9906558273360133, 0
u,0.8293869495391846, 0.9757611937820911, 0
u,0.8256959319114685, 0.9747860319912434, 0
u,0.8256959319114685, 0.9747860319912434, 0
u,0.8331881761550903, 0.959928173571825, 0
u,0.829536497592926, 0.9590883739292622, 0
u,0.829536497592926, 0.9590883739292622, 0
u,0.8366639614105225, 0.9439915008842945, 0
u,0.8329413533210754, 0.9432571418583393, 0
u,0.8366639614105225, 0.9439915008842945, 0
u,0.8358839750289917, 0.9273963496088982, 0
u,0.8329413533210754, 0.9432571418583393, 0
u,0.8358839750289917, 0.9273963496088982, 0
u,0.8419880867004395, 0.9120310172438622, 0
u,0.8383068442344666, 0.9115240797400475, 0
u,0.8383068442344666, 0.9115240797400475, 0
u,0.8438572883605957, 0.8960584029555321, 0
u,0.8402920365333557, 0.8956621959805489, 0
u,0.8402920365333557, 0.8956621959805489, 0
u,0.84540855884552, 0.8801767155528069, 0
u,0.8418341875076294, 0.8798731490969658, 0
u,0.8418341875076294, 0.8798731490969658, 0
u,0.8465622663497925, 0.864324077963829, 0
u,0.8429754376411438, 0.8641046732664108, 0
u,0.8429754376411438, 0.8641046732664108, 0
u,0.847298800945282, 0.8484990000724792, 0
u,0.843708872795105, 0.8483718186616898, 0
u,0.843708872795105, 0.8483718186616898, 0
u,0.8476683497428894, 0.8326264470815659, 0
u,0.8440210223197937, 0.8325909525156021, 0
u,0.8391296863555908, 0.848198652267456, 0
u,0.8440210223197937, 0.8325909525156021, 0
u,0.8394238352775574, 0.832554280757904, 0
u,0.8383978605270386, 0.8638380914926529, 0
u,0.843708872795105, 0.8483718186616898, 0
u,0.8391296863555908, 0.848198652267456, 0
u,0.8418341875076294, 0.8798731490969658, 0
u,0.8383978605270386, 0.8638380914926529, 0
u,0.8372644782066345, 0.879492737352848, 0
u,0.8402920365333557, 0.8956621959805489, 0
u,0.8372644782066345, 0.879492737352848, 0
u,0.8357099890708923, 0.895154245197773, 0
u,0.8383068442344666, 0.9115240797400475, 0
u,0.8357099890708923, 0.895154245197773, 0
u,0.8336707353591919, 0.910880409181118, 0
u,0.831229031085968, 0.9265915974974632, 0
u,0.8383068442344666, 0.9115240797400475, 0
u,0.8336707353591919, 0.910880409181118, 0
u,0.8283144235610962, 0.9423180110752583, 0
u,0.8358839750289917, 0.9273963496088982, 0
u,0.831229031085968, 0.9265915974974632, 0
u,0.8249431848526001, 0.9580206163227558, 0
u,0.8329413533210754, 0.9432571418583393, 0
u,0.8283144235610962, 0.9423180110752583, 0
u,0.8211680054664612, 0.9735600538551807, 0
u,0.829536497592926, 0.9590883739292622, 0
u,0.8249431848526001, 0.9580206163227558, 0
u,0.8166336417198181, 0.9893877087160945, 0
u,0.8256959319114685, 0.9747860319912434, 0
u,0.8211680054664612, 0.9735600538551807, 0
u,0.8264591097831726, 0.6876804828643799, 0
u,0.816931426525116, 0.6720568239688873, 0
u,0.8215999603271484, 0.6889345049858093, 0
u,0.8255922198295593, 0.7054131627082825, 0
u,0.8264591097831726, 0.6876804828643799, 0
u,0.8215999603271484, 0.6889345049858093, 0
u,0.8291708827018738, 0.7218709886074066, 0
u,0.8304204940795898, 0.7043325901031494, 0
u,0.8255922198295593, 0.7054131627082825, 0
u,0.8322307467460632, 0.7381830215454102, 0
u,0.8339692950248718, 0.7209399044513702, 0
u,0.8291708827018738, 0.7218709886074066, 0
u,0.8347557187080383, 0.7542913258075714, 0
u,0.8369627594947815, 0.7374014854431152, 0
u,0.8322307467460632, 0.7381830215454102, 0
u,0.8413169980049133, 0.7696237117052078, 0
u,0.8347557187080383, 0.7542913258075714, 0
u,0.8366888761520386, 0.7701255232095718, 0
u,0.8426108956336975, 0.7854170501232147, 0
u,0.8366888761520386, 0.7701255232095718, 0
u,0.8380322456359863, 0.7857573181390762, 0
u,0.8435267210006714, 0.801141768693924, 0
u,0.8380322456359863, 0.7857573181390762, 0
u,0.8389583230018616, 0.8013414442539215, 0
u,0.8439977169036865, 0.8168590515851974, 0
u,0.8389583230018616, 0.8013414442539215, 0
u,0.8394226431846619, 0.8169538527727127, 0
u,0.8440210223197937, 0.8325909525156021, 0
u,0.8394226431846619, 0.8169538527727127, 0
u,0.8394238352775574, 0.832554280757904, 0
u,0.8338728547096252, 0.8325020223855972, 0
u,0.8394226431846619, 0.8169538527727127, 0
u,0.8339712619781494, 0.8170750141143799, 0
u,0.8394226431846619, 0.8169538527727127, 0
u,0.8335002064704895, 0.8016115725040436, 0
u,0.8339712619781494, 0.8170750141143799, 0
u,0.8389583230018616, 0.8013414442539215, 0
u,0.8326155543327332, 0.7861458510160446, 0
u,0.8335002064704895, 0.8016115725040436, 0
u,0.8326155543327332, 0.7861458510160446, 0
u,0.8366888761520386, 0.7701255232095718, 0
u,0.831211268901825, 0.7706652134656906, 0
u,0.831211268901825, 0.7706652134656906, 0
u,0.8347557187080383, 0.7542913258075714, 0
u,0.8291595578193665, 0.7550599724054337, 0
u,0.8291595578193665, 0.7550599724054337, 0
u,0.8322307467460632, 0.7381830215454102, 0
u,0.826561689376831, 0.7392065525054932, 0
u,0.8322307467460632, 0.7381830215454102, 0
u,0.8234631419181824, 0.72308349609375, 0
u,0.826561689376831, 0.7392065525054932, 0
u,0.8291708827018738, 0.7218709886074066, 0
u,0.8199393153190613, 0.7067668735980988, 0
u,0.8234631419181824, 0.72308349609375, 0
u,0.8255922198295593, 0.7054131627082825, 0
u,0.8158752918243408, 0.690472275018692, 0
u,0.8199393153190613, 0.7067668735980988, 0
u,0.8158752918243408, 0.690472275018692, 0
u,0.816931426525116, 0.6720568239688873, 0
u,0.8109347820281982, 0.6739533841609955, 0
u,0.8166336417198181, 0.9893877087160945, 0
u,0.8158180117607117, 0.9721719194203615, 0
u,0.8109908103942871, 0.9875133205205202, 0
u,0.8211680054664612, 0.9735600538551807, 0
u,0.8194836974143982, 0.9567744918167591, 0
u,0.8158180117607117, 0.9721719194203615, 0
u,0.8194836974143982, 0.9567744918167591, 0
u,0.8283144235610962, 0.9423180110752583, 0
u,0.8228618502616882, 0.9412184543907642, 0
u,0.8283144235610962, 0.9423180110752583, 0
u,0.8257089853286743, 0.9256772324442863, 0
u,0.8228618502616882, 0.9412184543907642, 0
u,0.8257089853286743, 0.9256772324442863, 0
u,0.8336707353591919, 0.910880409181118, 0
u,0.8281844854354858, 0.9100570008158684, 0
u,0.8281844854354858, 0.9100570008158684, 0
u,0.8357099890708923, 0.895154245197773, 0
u,0.8301975131034851, 0.8945138528943062, 0
u,0.8357099890708923, 0.895154245197773, 0
u,0.8318102955818176, 0.8790108487010002, 0
u,0.8301975131034851, 0.8945138528943062, 0
u,0.8318102955818176, 0.8790108487010002, 0
u,0.8383978605270386, 0.8638380914926529, 0
u,0.8329280614852905, 0.8634682297706604, 0
u,0.8329280614852905, 0.8634682297706604, 0
u,0.8391296863555908, 0.848198652267456, 0
u,0.8336716890335083, 0.8479880839586258, 0
u,0.8391296863555908, 0.848198652267456, 0
u,0.8338728547096252, 0.8325020223855972, 0
u,0.8336716890335083, 0.8479880839586258, 0
u,0.8507073521614075, 0.8486081212759018, 0
u,0.8570228815078735, 0.8327022790908813, 0
u,0.8511856198310852, 0.8326590955257416, 0
u,0.8560720682144165, 0.8648725003004074, 0
u,0.8507073521614075, 0.8486081212759018, 0
u,0.8501979112625122, 0.8645325303077698, 0
u,0.8489541411399841, 0.8804588839411736, 0
u,0.8560720682144165, 0.8648725003004074, 0
u,0.8501979112625122, 0.8645325303077698, 0
u,0.8473400473594666, 0.8964347019791603, 0
u,0.8549451231956482, 0.8809434548020363, 0
u,0.8489541411399841, 0.8804588839411736, 0
u,0.8453058004379272, 0.9124826118350029, 0
u,0.8533288240432739, 0.8970826640725136, 0
u,0.8473400473594666, 0.8964347019791603, 0
u,0.8429388403892517, 0.9285569116473198, 0
u,0.8512763977050781, 0.9132673069834709, 0
u,0.8453058004379272, 0.9124826118350029, 0
u,0.840080201625824, 0.94467543810606, 0
u,0.8488888740539551, 0.9295153245329857, 0
u,0.8429388403892517, 0.9285569116473198, 0
u,0.8366202116012573, 0.960726160556078, 0
u,0.8460870385169983, 0.9458120688796043, 0
u,0.840080201625824, 0.94467543810606, 0
u,0.8384149074554443, 0.9782206024974585, 0
u,0.8366202116012573, 0.960726160556078, 0
u,0.8326033353805542, 0.9766063597053289, 0
u,0.8337156176567078, 0.9939919314347208, 0
u,0.8326033353805542, 0.9766063597053289, 0
u,0.8283048868179321, 0.9921307750046253, 0
u,0.8337646722793579, 0.6857911348342896, 0
u,0.835131824016571, 0.6673651337623596, 0
u,0.8293749094009399, 0.6692906618118286, 0
u,0.8379032611846924, 0.7026482224464417, 0
u,0.8398967981338501, 0.6841624081134796, 0
u,0.8337646722793579, 0.6857911348342896, 0
u,0.8476611971855164, 0.7183809578418732, 0
u,0.8379032611846924, 0.7026482224464417, 0
u,0.8413569331169128, 0.7195192873477936, 0
u,0.8504278659820557, 0.7353147268295288, 0
u,0.8413569331169128, 0.7195192873477936, 0
u,0.844218373298645, 0.736246794462204, 0
u,0.8526098132133484, 0.7519872337579727, 0
u,0.844218373298645, 0.736246794462204, 0
u,0.8465717434883118, 0.7527227103710175, 0
u,0.8544192910194397, 0.7683737128973007, 0
u,0.8465717434883118, 0.7527227103710175, 0
u,0.8483815789222717, 0.7689262330532074, 0
u,0.8558573126792908, 0.7845392376184464, 0
u,0.8483815789222717, 0.7689262330532074, 0
u,0.8498542308807373, 0.7849259078502655, 0
u,0.8566338419914246, 0.8006556034088135, 0
u,0.8498542308807373, 0.7849259078502655, 0
u,0.8506224751472473, 0.8008478730916977, 0
u,0.856980562210083, 0.8166832625865936, 0
u,0.8506224751472473, 0.8008478730916977, 0
u,0.8509958386421204, 0.8167256265878677, 0
u,0.8570228815078735, 0.8327022790908813, 0
u,0.8509958386421204, 0.8167256265878677, 0
u,0.8511856198310852, 0.8326590955257416, 0
u,0.8568055033683777, 0.8487943112850189, 0
u,0.8598734736442566, 0.832721009850502, 0
u,0.8570228815078735, 0.8327022790908813, 0
u,0.8560720682144165, 0.8648725003004074, 0
u,0.8596432209014893, 0.8488795459270477, 0
u,0.8568055033683777, 0.8487943112850189, 0
u,0.8577814102172852, 0.8811801001429558, 0
u,0.8560720682144165, 0.8648725003004074, 0
u,0.8549451231956482, 0.8809434548020363, 0
u,0.8561981916427612, 0.8974047973752022, 0
u,0.8549451231956482, 0.8809434548020363, 0
u,0.8533288240432739, 0.8970826640725136, 0
u,0.8512763977050781, 0.9132673069834709, 0
u,0.8561981916427612, 0.8974047973752022, 0
u,0.8533288240432739, 0.8970826640725136, 0
u,0.8488888740539551, 0.9295153245329857, 0
u,0.8541762232780457, 0.913663886487484, 0
u,0.8512763977050781, 0.9132673069834709, 0
u,0.8460870385169983, 0.9458120688796043, 0
u,0.8518086671829224, 0.9299838468432426, 0
u,0.8488888740539551, 0.9295153245329857, 0
u,0.8455889225006104, 0.9628256484866142, 0
u,0.8460870385169983, 0.9458120688796043, 0
u,0.8426670432090759, 0.9621397480368614, 0
u,0.8384149074554443, 0.9782206024974585, 0
u,0.8455889225006104, 0.9628256484866142, 0
u,0.8426670432090759, 0.9621397480368614, 0
u,0.8366355299949646, 0.9949282016605139, 0
u,0.8384149074554443, 0.9782206024974585, 0
u,0.8337156176567078, 0.9939919314347208, 0
u,0.8429906964302063, 0.6833305954933167, 0
u,0.835131824016571, 0.6673651337623596, 0
u,0.8398967981338501, 0.6841624081134796, 0
u,0.844272792339325, 0.7012156248092651, 0
u,0.8429906964302063, 0.6833305954933167, 0
u,0.8398967981338501, 0.6841624081134796, 0
u,0.850727379322052, 0.717828094959259, 0
u,0.844272792339325, 0.7012156248092651, 0
u,0.8476611971855164, 0.7183809578418732, 0
u,0.853455662727356, 0.7348727285861969, 0
u,0.8476611971855164, 0.7183809578418732, 0
u,0.8504278659820557, 0.7353147268295288, 0
u,0.8556149005889893, 0.7516249567270279, 0
u,0.8504278659820557, 0.7353147268295288, 0
u,0.8526098132133484, 0.7519872337579727, 0
u,0.857330322265625, 0.7680908292531967, 0
u,0.8526098132133484, 0.7519872337579727, 0
u,0.8544192910194397, 0.7683737128973007, 0
u,0.858701229095459, 0.7843466699123383, 0
u,0.8544192910194397, 0.7683737128973007, 0
u,0.8558573126792908, 0.7845392376184464, 0
u,0.8594638705253601, 0.8005561679601669, 0
u,0.8558573126792908, 0.7845392376184464, 0
u,0.8566338419914246, 0.8006556034088135, 0
u,0.856980562210083, 0.8166832625865936, 0
u,0.8594638705253601, 0.8005561679601669, 0
u,0.8566338419914246, 0.8006556034088135, 0
u,0.8570228815078735, 0.8327022790908813, 0
u,0.8598004579544067, 0.8166500329971313, 0
u,0.856980562210083, 0.8166832625865936, 0
u,0.5376824140548706, 0.11105722188949585, 0
u,0.5559856295585632, 0.10239160060882568, 0
u,0.536392092704773, 0.10239160060882568, 0
u,0.5172734260559082, 0.10811048746109009, 0
u,0.5376824140548706, 0.11105722188949585, 0
u,0.536392092704773, 0.10239160060882568, 0
u,0.5074707269668579, 0.1264113187789917, 0
u,0.5172734260559082, 0.10811048746109009, 0
u,0.5009925365447998, 0.12010520696640015, 0
u,0.49753478169441223, 0.14034533500671387, 0
u,0.5009925365447998, 0.12010520696640015, 0
u,0.4894644021987915, 0.13641899824142456, 0
u,0.4924510717391968, 0.1565195918083191, 0
u,0.4894644021987915, 0.13641899824142456, 0
u,0.48363256454467773, 0.1552903652191162, 0
u,0.4925386309623718, 0.17340105772018433, 0
u,0.48363256454467773, 0.1552903652191162, 0
u,0.4839280843734741, 0.1748257875442505, 0
u,0.4899502396583557, 0.19361567497253418, 0
u,0.4925386309623718, 0.17340105772018433, 0
u,0.4839280843734741, 0.1748257875442505, 0
u,0.5080901384353638, 0.20277851819992065, 0
u,0.4899502396583557, 0.19361567497253418, 0
u,0.5019993782043457, 0.20923888683319092, 0
u,0.5216577649116516, 0.21227359771728516, 0
u,0.5019993782043457, 0.20923888683319092, 0
u,0.5178965926170349, 0.22018277645111084, 0
u,0.5372349619865417, 0.21717512607574463, 0
u,0.5178965926170349, 0.22018277645111084, 0
u,0.5359725952148438, 0.22562259435653687, 0
u,0.5547773838043213, 0.22571855783462524, 0
u,0.5372349619865417, 0.21717512607574463, 0
u,0.5359725952148438, 0.22562259435653687, 0
u,0.5731360912322998, 0.21994119882583618, 0
u,0.5535053014755249, 0.21705704927444458, 0
u,0.5547773838043213, 0.22571855783462524, 0
u,0.5890872478485107, 0.20875197649002075, 0
u,0.5692615509033203, 0.21200990676879883, 0
u,0.5731360912322998, 0.21994119882583618, 0
u,0.592727541923523, 0.18909025192260742, 0
u,0.5890872478485107, 0.20875197649002075, 0
u,0.6004892587661743, 0.1931101679801941, 0
u,0.5982598662376404, 0.17361491918563843, 0
u,0.6004892587661743, 0.1931101679801941, 0
u,0.6066372394561768, 0.17520225048065186, 0
u,0.6074445247650146, 0.15614432096481323, 0
u,0.5982598662376404, 0.17361491918563843, 0
u,0.6066372394561768, 0.17520225048065186, 0
u,0.6023091673851013, 0.13732099533081055, 0
u,0.598760724067688, 0.15710502862930298, 0
u,0.6074445247650146, 0.15614432096481323, 0
u,0.5912513732910156, 0.12053638696670532, 0
u,0.5941946506500244, 0.1409897804260254, 0
u,0.6023091673851013, 0.13732099533081055, 0
u,0.5708267688751221, 0.11655372381210327, 0
u,0.5912513732910156, 0.12053638696670532, 0
u,0.5749287009239197, 0.10849869251251221, 0
u,0.5546247959136963, 0.11121952533721924, 0
u,0.5749287009239197, 0.10849869251251221, 0
u,0.5559856295585632, 0.10239160060882568, 0
u,0.5376824140548706, 0.11105722188949585, 0
u,0.5531785488128662, 0.12000089883804321, 0
u,0.5546247959136963, 0.11121952533721924, 0
u,0.5254104137420654, 0.12442338466644287, 0
u,0.5376824140548706, 0.11105722188949585, 0
u,0.5214420557022095, 0.1163719892501831, 0
u,0.5074707269668579, 0.1264113187789917, 0
u,0.5254104137420654, 0.12442338466644287, 0
u,0.5214420557022095, 0.1163719892501831, 0
u,0.49753478169441223, 0.14034533500671387, 0
u,0.5139399170875549, 0.13284486532211304, 0
u,0.5074707269668579, 0.1264113187789917, 0
u,0.5013070106506348, 0.15773528814315796, 0
u,0.49753478169441223, 0.14034533500671387, 0
u,0.4924510717391968, 0.1565195918083191, 0
u,0.5013616681098938, 0.171825110912323, 0
u,0.4924510717391968, 0.1565195918083191, 0
u,0.4925386309623718, 0.17340105772018433, 0
u,0.5058310031890869, 0.1851772665977478, 0
u,0.4925386309623718, 0.17340105772018433, 0
u,0.4980520009994507, 0.1893543004989624, 0
u,0.514164924621582, 0.19649112224578857, 0
u,0.4980520009994507, 0.1893543004989624, 0
u,0.5080901384353638, 0.20277851819992065, 0
u,0.5216577649116516, 0.21227359771728516, 0
u,0.514164924621582, 0.19649112224578857, 0
u,0.5080901384353638, 0.20277851819992065, 0
u,0.5372349619865417, 0.21717512607574463, 0
u,0.5255680084228516, 0.20435070991516113, 0
u,0.5216577649116516, 0.21227359771728516, 0
u,0.5535053014755249, 0.21705704927444458, 0
u,0.5385411977767944, 0.2085428237915039, 0
u,0.5372349619865417, 0.21717512607574463, 0
u,0.5652613639831543, 0.2040473222732544, 0
u,0.5535053014755249, 0.21705704927444458, 0
u,0.5692615509033203, 0.21200990676879883, 0
u,0.5766857862472534, 0.19605308771133423, 0
u,0.5692615509033203, 0.21200990676879883, 0
u,0.582756519317627, 0.20229268074035645, 0
u,0.592727541923523, 0.18909025192260742, 0
u,0.5766857862472534, 0.19605308771133423, 0
u,0.582756519317627, 0.20229268074035645, 0
u,0.5982598662376404, 0.17361491918563843, 0
u,0.585021436214447, 0.18487310409545898, 0
u,0.592727541923523, 0.18909025192260742, 0
u,0.598760724067688, 0.15710502862930298, 0
u,0.5896180868148804, 0.17189180850982666, 0
u,0.5982598662376404, 0.17361491918563843, 0
u,0.5861276388168335, 0.14468902349472046, 0
u,0.598760724067688, 0.15710502862930298, 0
u,0.5941946506500244, 0.1409897804260254, 0
u,0.5845426917076111, 0.1269492506980896, 0
u,0.5861276388168335, 0.14468902349472046, 0
u,0.5941946506500244, 0.1409897804260254, 0
u,0.5708267688751221, 0.11655372381210327, 0
u,0.5780389904975891, 0.1330704689025879, 0
u,0.5845426917076111, 0.1269492506980896, 0
u,0.5546247959136963, 0.11121952533721924, 0
u,0.5666029453277588, 0.12460851669311523, 0
u,0.5708267688751221, 0.11655372381210327, 0
u,0.5402686595916748, 0.1277276873588562, 0
u,0.5531785488128662, 0.12000089883804321, 0
u,0.5389715433120728, 0.11999183893203735, 0
u,0.5290225148200989, 0.1313573718070984, 0
u,0.5389715433120728, 0.11999183893203735, 0
u,0.5254104137420654, 0.12442338466644287, 0
u,0.5194147825241089, 0.13830655813217163, 0
u,0.5254104137420654, 0.12442338466644287, 0
u,0.5139399170875549, 0.13284486532211304, 0
u,0.5056169033050537, 0.14428430795669556, 0
u,0.5194147825241089, 0.13830655813217163, 0
u,0.5139399170875549, 0.13284486532211304, 0
u,0.5013070106506348, 0.15773528814315796, 0
u,0.5125541687011719, 0.14786064624786377, 0
u,0.5056169033050537, 0.14428430795669556, 0
u,0.5089975595474243, 0.17050117254257202, 0
u,0.5013070106506348, 0.15773528814315796, 0
u,0.5013616681098938, 0.171825110912323, 0
u,0.5126187801361084, 0.18158632516860962, 0
u,0.5013616681098938, 0.171825110912323, 0
u,0.5058310031890869, 0.1851772665977478, 0
u,0.514164924621582, 0.19649112224578857, 0
u,0.5126187801361084, 0.18158632516860962, 0
u,0.5058310031890869, 0.1851772665977478, 0
u,0.5288690328598022, 0.19757366180419922, 0
u,0.514164924621582, 0.19649112224578857, 0
u,0.5255680084228516, 0.20435070991516113, 0
u,0.539624810218811, 0.20099347829818726, 0
u,0.5255680084228516, 0.20435070991516113, 0
u,0.5385411977767944, 0.2085428237915039, 0
u,0.5509390830993652, 0.2009272575378418, 0
u,0.5385411977767944, 0.2085428237915039, 0
u,0.5521906018257141, 0.2083790898323059, 0
u,0.561792254447937, 0.197254478931427, 0
u,0.5521906018257141, 0.2083790898323059, 0
u,0.5652613639831543, 0.2040473222732544, 0
u,0.5713244080543518, 0.19052577018737793, 0
u,0.5652613639831543, 0.2040473222732544, 0
u,0.5766857862472534, 0.19605308771133423, 0
u,0.585021436214447, 0.18487310409545898, 0
u,0.5713244080543518, 0.19052577018737793, 0
u,0.5766857862472534, 0.19605308771133423, 0
u,0.5896180868148804, 0.17189180850982666, 0
u,0.5783101320266724, 0.1811908483505249, 0
u,0.585021436214447, 0.18487310409545898, 0
u,0.5824117064476013, 0.15909737348556519, 0
u,0.5896180868148804, 0.17189180850982666, 0
u,0.5900322198867798, 0.1580888032913208, 0
u,0.5791993141174316, 0.1480143666267395, 0
u,0.5900322198867798, 0.1580888032913208, 0
u,0.5861276388168335, 0.14468902349472046, 0
u,0.5780389904975891, 0.1330704689025879, 0
u,0.5791993141174316, 0.1480143666267395, 0
u,0.5861276388168335, 0.14468902349472046, 0
u,0.5666029453277588, 0.12460851669311523, 0
u,0.5724402070045471, 0.13843417167663574, 0
u,0.5780389904975891, 0.1330704689025879, 0
u,0.551960825920105, 0.12777400016784668, 0
u,0.5666029453277588, 0.12460851669311523, 0
u,0.5531785488128662, 0.12000089883804321, 0
u,0.5413414239883423, 0.13430243730545044, 0
u,0.551960825920105, 0.12777400016784668, 0
u,0.5402686595916748, 0.1277276873588562, 0
u,0.5320737361907959, 0.13733845949172974, 0
u,0.5402686595916748, 0.1277276873588562, 0
u,0.5290225148200989, 0.1313573718070984, 0
u,0.5241531133651733, 0.1430770754814148, 0
u,0.5290225148200989, 0.1313573718070984, 0
u,0.5194147825241089, 0.13830655813217163, 0
u,0.5125541687011719, 0.14786064624786377, 0
u,0.5241531133651733, 0.1430770754814148, 0
u,0.5194147825241089, 0.13830655813217163, 0
u,0.5154233574867249, 0.15992021560668945, 0
u,0.5125541687011719, 0.14786064624786377, 0
u,0.5090322494506836, 0.15892398357391357, 0
u,0.5154136419296265, 0.16942602396011353, 0
u,0.5090322494506836, 0.15892398357391357, 0
u,0.5089975595474243, 0.17050117254257202, 0
u,0.5183815360069275, 0.17862087488174438, 0
u,0.5089975595474243, 0.17050117254257202, 0
u,0.5126187801361084, 0.18158632516860962, 0
u,0.5195150971412659, 0.1909441351890564, 0
u,0.5183815360069275, 0.17862087488174438, 0
u,0.5126187801361084, 0.18158632516860962, 0
u,0.5288690328598022, 0.19757366180419922, 0
u,0.5240728259086609, 0.1863810420036316, 0
u,0.5195150971412659, 0.1909441351890564, 0
u,0.539624810218811, 0.20099347829818726, 0
u,0.5317466259002686, 0.191972553730011, 0
u,0.5288690328598022, 0.19757366180419922, 0
u,0.5498391389846802, 0.19470179080963135, 0
u,0.539624810218811, 0.20099347829818726, 0
u,0.5509390830993652, 0.2009272575378418, 0
u,0.5587996244430542, 0.19153887033462524, 0
u,0.5509390830993652, 0.2009272575378418, 0
u,0.561792254447937, 0.197254478931427, 0
u,0.5713244080543518, 0.19052577018737793, 0
u,0.5587996244430542, 0.19153887033462524, 0
u,0.561792254447937, 0.197254478931427, 0
u,0.5783101320266724, 0.1811908483505249, 0
u,0.5667589902877808, 0.18581676483154297, 0
u,0.5713244080543518, 0.19052577018737793, 0
u,0.5821195840835571, 0.17044782638549805, 0
u,0.5726578235626221, 0.17804986238479614, 0
u,0.5783101320266724, 0.1811908483505249, 0
u,0.5824117064476013, 0.15909737348556519, 0
u,0.5758512020111084, 0.16928750276565552, 0
u,0.5821195840835571, 0.17044782638549805, 0
u,0.5732771754264832, 0.15092772245407104, 0
u,0.5824117064476013, 0.15909737348556519, 0
u,0.5791993141174316, 0.1480143666267395, 0
u,0.5724402070045471, 0.13843417167663574, 0
u,0.5732771754264832, 0.15092772245407104, 0
u,0.5791993141174316, 0.1480143666267395, 0
u,0.562993049621582, 0.1315111517906189, 0
u,0.5677194595336914, 0.14305073022842407, 0
u,0.5724402070045471, 0.13843417167663574, 0
u,0.551960825920105, 0.12777400016784668, 0
u,0.5599302649497986, 0.13732600212097168, 0
u,0.562993049621582, 0.1315111517906189, 0
u,0.5413414239883423, 0.13430243730545044, 0
u,0.5506919026374817, 0.13551074266433716, 0
u,0.5508890151977539, 0.1342930793762207, 0
u,0.5320737361907959, 0.13733845949172974, 0
u,0.5415264964103699, 0.13556689023971558, 0
u,0.5413414239883423, 0.13430243730545044, 0
u,0.5250803828239441, 0.1439892053604126, 0
u,0.5320737361907959, 0.13733845949172974, 0
u,0.5241531133651733, 0.1430770754814148, 0
u,0.5194951891899109, 0.1514093279838562, 0
u,0.5241531133651733, 0.1430770754814148, 0
u,0.5183990597724915, 0.15086644887924194, 0
u,0.5165241956710815, 0.16009420156478882, 0
u,0.5183990597724915, 0.15086644887924194, 0
u,0.5154233574867249, 0.15992021560668945, 0
u,0.5154136419296265, 0.16942602396011353, 0
u,0.5165241956710815, 0.16009420156478882, 0
u,0.5154233574867249, 0.15992021560668945, 0
u,0.5183815360069275, 0.17862087488174438, 0
u,0.51656174659729, 0.16925305128097534, 0
u,0.5154136419296265, 0.16942602396011353, 0
u,0.5248461961746216, 0.18558549880981445, 0
u,0.5183815360069275, 0.17862087488174438, 0
u,0.5240728259086609, 0.1863810420036316, 0
u,0.5322674512863159, 0.19101190567016602, 0
u,0.5240728259086609, 0.1863810420036316, 0
u,0.5317466259002686, 0.191972553730011, 0
u,0.5407077670097351, 0.19376689195632935, 0
u,0.5317466259002686, 0.191972553730011, 0
u,0.540550708770752, 0.19482576847076416, 0
u,0.5498391389846802, 0.19470179080963135, 0
u,0.5407077670097351, 0.19376689195632935, 0
u,0.540550708770752, 0.19482576847076416, 0
u,0.5587996244430542, 0.19153887033462524, 0
u,0.5496612787246704, 0.19358819723129272, 0
u,0.5498391389846802, 0.19470179080963135, 0
u,0.5667589902877808, 0.18581676483154297, 0
u,0.5581938028335571, 0.19053173065185547, 0
u,0.5587996244430542, 0.19153887033462524, 0
u,0.571631133556366, 0.17741239070892334, 0
u,0.5667589902877808, 0.18581676483154297, 0
u,0.5726578235626221, 0.17804986238479614, 0
u,0.5747231245040894, 0.16908466815948486, 0
u,0.5726578235626221, 0.17804986238479614, 0
u,0.5758512020111084, 0.16928750276565552, 0
u,0.5761036276817322, 0.15998291969299316, 0
u,0.5747231245040894, 0.16908466815948486, 0
u,0.5758512020111084, 0.16928750276565552, 0
u,0.5732771754264832, 0.15092772245407104, 0
u,0.5748828649520874, 0.1601434350013733, 0
u,0.5761036276817322, 0.15998291969299316, 0
u,0.5677194595336914, 0.14305073022842407, 0
u,0.5721062421798706, 0.1514948606491089, 0
u,0.5732771754264832, 0.15092772245407104, 0
u,0.5593480467796326, 0.13847261667251587, 0
u,0.5677194595336914, 0.14305073022842407, 0
u,0.5599302649497986, 0.13732600212097168, 0
u,0.5506919026374817, 0.13551074266433716, 0
u,0.5599302649497986, 0.13732600212097168, 0
u,0.5508890151977539, 0.1342930793762207, 0
u,0.7002188563346863, 0.5061740875244141, 0
u,0.6968258619308472, 0.5182071924209595, 0
u,0.7037953734397888, 0.507856011390686, 0
u,0.7034249305725098, 0.4955630898475647, 0
u,0.7037953734397888, 0.507856011390686, 0
u,0.707179069519043, 0.4960966110229492, 0
u,0.707177996635437, 0.48391276597976685, 0
u,0.7034249305725098, 0.4955630898475647, 0
u,0.707179069519043, 0.4960966110229492, 0
u,0.7034650444984436, 0.47216516733169556, 0
u,0.7032954096794128, 0.48450982570648193, 0
u,0.707177996635437, 0.48391276597976685, 0
u,0.696304440498352, 0.46206122636795044, 0
u,0.6999169588088989, 0.47392135858535767, 0
u,0.7034650444984436, 0.47216516733169556, 0
u,0.686246931552887, 0.4546468257904053, 0
u,0.6934619545936584, 0.46483778953552246, 0
u,0.696304440498352, 0.46206122636795044, 0
u,0.6743009090423584, 0.45069772005081177, 0
u,0.684411346912384, 0.4581805467605591, 0
u,0.686246931552887, 0.4546468257904053, 0
u,0.6616438627243042, 0.4506041407585144, 0
u,0.6736295223236084, 0.4546654224395752, 0
u,0.6743009090423584, 0.45069772005081177, 0
u,0.6493882536888123, 0.4544786214828491, 0
u,0.6622503995895386, 0.4546298384666443, 0
u,0.6616438627243042, 0.4506041407585144, 0
u,0.6422001123428345, 0.46508079767227173, 0
u,0.6493882536888123, 0.4544786214828491, 0
u,0.6392994523048401, 0.4623676538467407, 0
u,0.6357488632202148, 0.47445011138916016, 0
u,0.6392994523048401, 0.4623676538467407, 0
u,0.6322226524353027, 0.47278159856796265, 0
u,0.6325377225875854, 0.4852721095085144, 0
u,0.6322226524353027, 0.47278159856796265, 0
u,0.6287723779678345, 0.4847401976585388, 0
u,0.6287636756896973, 0.49723273515701294, 0
u,0.6325377225875854, 0.4852721095085144, 0
u,0.6287723779678345, 0.4847401976585388, 0
u,0.6364361047744751, 0.5071349143981934, 0
u,0.6287636756896973, 0.49723273515701294, 0
u,0.6331189870834351, 0.5089048743247986, 0
u,0.6403625011444092, 0.5189421772956848, 0
u,0.6364361047744751, 0.5071349143981934, 0
u,0.6331189870834351, 0.5089048743247986, 0
u,0.6504797339439392, 0.5264660716056824, 0
u,0.6431356072425842, 0.5161784291267395, 0
u,0.6403625011444092, 0.5189421772956848, 0
u,0.6631654500961304, 0.5259733200073242, 0
u,0.6504797339439392, 0.5264660716056824, 0
u,0.6626655459403992, 0.5299655199050903, 0
u,0.6743855476379395, 0.5256665349006653, 0
u,0.6626655459403992, 0.5299655199050903, 0
u,0.6751332879066467, 0.5295944809913635, 0
u,0.6849466562271118, 0.5220721364021301, 0
u,0.6751332879066467, 0.5295944809913635, 0
u,0.6867277026176453, 0.5254664421081543, 0
u,0.6968258619308472, 0.5182071924209595, 0
u,0.6849466562271118, 0.5220721364021301, 0
u,0.6867277026176453, 0.5254664421081543, 0
u,0.7002188563346863, 0.5061740875244141, 0
u,0.691620945930481, 0.5131815671920776, 0
u,0.6938623785972595, 0.5153387784957886, 0
u,0.7003863453865051, 0.49513334035873413, 0
u,0.7002188563346863, 0.5061740875244141, 0
u,0.7034249305725098, 0.4955630898475647, 0
u,0.7002902030944824, 0.48501479625701904, 0
u,0.7034249305725098, 0.4955630898475647, 0
u,0.7032954096794128, 0.48450982570648193, 0
u,0.6971563100814819, 0.4753543734550476, 0
u,0.7032954096794128, 0.48450982570648193, 0
u,0.6999169588088989, 0.47392135858535767, 0
u,0.6911754608154297, 0.4671226143836975, 0
u,0.6999169588088989, 0.47392135858535767, 0
u,0.6934619545936584, 0.46483778953552246, 0
u,0.684411346912384, 0.4581805467605591, 0
u,0.6911754608154297, 0.4671226143836975, 0
u,0.6934619545936584, 0.46483778953552246, 0
u,0.6731404662132263, 0.45797199010849, 0
u,0.684411346912384, 0.4581805467605591, 0
u,0.6736295223236084, 0.4546654224395752, 0
u,0.6628069877624512, 0.4579383134841919, 0
u,0.6736295223236084, 0.4546654224395752, 0
u,0.6622503995895386, 0.4546298384666443, 0
u,0.6529247760772705, 0.4612259268760681, 0
u,0.6622503995895386, 0.4546298384666443, 0
u,0.6513450741767883, 0.4581955671310425, 0
u,0.6422001123428345, 0.46508079767227173, 0
u,0.6529247760772705, 0.4612259268760681, 0
u,0.6513450741767883, 0.4581955671310425, 0
u,0.6357488632202148, 0.47445011138916016, 0
u,0.6446223258972168, 0.46746158599853516, 0
u,0.6422001123428345, 0.46508079767227173, 0
u,0.6325377225875854, 0.4852721095085144, 0
u,0.638710081577301, 0.47591090202331543, 0
u,0.6357488632202148, 0.47445011138916016, 0
u,0.6359166502952576, 0.4959617853164673, 0
u,0.6325377225875854, 0.4852721095085144, 0
u,0.6328058838844299, 0.49650222063064575, 0
u,0.6364361047744751, 0.5071349143981934, 0
u,0.6359166502952576, 0.4959617853164673, 0
u,0.6328058838844299, 0.49650222063064575, 0
u,0.6453274488449097, 0.5139035582542419, 0
u,0.6364361047744751, 0.5071349143981934, 0
u,0.6431356072425842, 0.5161784291267395, 0
u,0.653715193271637, 0.5198799967765808, 0
u,0.6431356072425842, 0.5161784291267395, 0
u,0.6523151993751526, 0.5227234959602356, 0
u,0.6631654500961304, 0.5259733200073242, 0
u,0.653715193271637, 0.5198799967765808, 0
u,0.6523151993751526, 0.5227234959602356, 0
u,0.673836886882782, 0.5226564407348633, 0
u,0.6631654500961304, 0.5259733200073242, 0
u,0.6743855476379395, 0.5256665349006653, 0
u,0.6849466562271118, 0.5220721364021301, 0
u,0.673836886882782, 0.5226564407348633, 0
u,0.6743855476379395, 0.5256665349006653, 0
u,0.691620945930481, 0.5131815671920776, 0
u,0.6849466562271118, 0.5220721364021301, 0
u,0.6938623785972595, 0.5153387784957886, 0
u,0.6974178552627563, 0.5047929286956787, 0
u,0.6890433430671692, 0.5106871128082275, 0
u,0.691620945930481, 0.5131815671920776, 0
u,0.7003863453865051, 0.49513334035873413, 0
u,0.6942407488822937, 0.5032263994216919, 0
u,0.6974178552627563, 0.5047929286956787, 0
u,0.7002902030944824, 0.48501479625701904, 0
u,0.6968931555747986, 0.494601845741272, 0
u,0.7003863453865051, 0.49513334035873413, 0
u,0.6939842700958252, 0.4769732356071472, 0
u,0.7002902030944824, 0.48501479625701904, 0
u,0.6971563100814819, 0.4753543734550476, 0
u,0.6911754608154297, 0.4671226143836975, 0
u,0.6939842700958252, 0.4769732356071472, 0
u,0.6971563100814819, 0.4753543734550476, 0
u,0.6828837990760803, 0.4611676335334778, 0
u,0.6886168718338013, 0.4696570038795471, 0
u,0.6911754608154297, 0.4671226143836975, 0
u,0.6731404662132263, 0.45797199010849, 0
u,0.6812340617179871, 0.46435803174972534, 0
u,0.6828837990760803, 0.4611676335334778, 0
u,0.6634216904640198, 0.46157610416412354, 0
u,0.6731404662132263, 0.45797199010849, 0
u,0.6628069877624512, 0.4579383134841919, 0
u,0.6546803116798401, 0.46450114250183105, 0
u,0.6628069877624512, 0.4579383134841919, 0
u,0.6529247760772705, 0.4612259268760681, 0
u,0.6473068594932556, 0.47002071142196655, 0
u,0.6529247760772705, 0.4612259268760681, 0
u,0.6446223258972168, 0.46746158599853516, 0
u,0.6420352458953857, 0.47753065824508667, 0
u,0.6446223258972168, 0.46746158599853516, 0
u,0.638710081577301, 0.47591090202331543, 0
u,0.6393378376960754, 0.4862518310546875, 0
u,0.638710081577301, 0.47591090202331543, 0
u,0.6357136964797974, 0.4857153296470642, 0
u,0.6359166502952576, 0.4959617853164673, 0
u,0.6393378376960754, 0.4862518310546875, 0
u,0.6357136964797974, 0.4857153296470642, 0
u,0.6391834020614624, 0.5056850910186768, 0
u,0.6394633650779724, 0.4953800439834595, 0
u,0.6359166502952576, 0.4959617853164673, 0
u,0.6453274488449097, 0.5139035582542419, 0
u,0.6423847079277039, 0.5040338039398193, 0
u,0.6391834020614624, 0.5056850910186768, 0
u,0.6553124785423279, 0.5166324377059937, 0
u,0.6453274488449097, 0.5139035582542419, 0
u,0.653715193271637, 0.5198799967765808, 0
u,0.6635827422142029, 0.5228555202484131, 0
u,0.6553124785423279, 0.5166324377059937, 0
u,0.653715193271637, 0.5198799967765808, 0
u,0.673836886882782, 0.5226564407348633, 0
u,0.6640915870666504, 0.519307553768158, 0
u,0.6635827422142029, 0.5228555202484131, 0
u,0.6817700266838074, 0.5161442756652832, 0
u,0.673836886882782, 0.5226564407348633, 0
u,0.683476448059082, 0.5192857980728149, 0
u,0.6890433430671692, 0.5106871128082275, 0
u,0.683476448059082, 0.5192857980728149, 0
u,0.691620945930481, 0.5131815671920776, 0
u,0.689328134059906, 0.5008673071861267, 0
u,0.6890433430671692, 0.5106871128082275, 0
u,0.6942407488822937, 0.5032263994216919, 0
u,0.6915013790130615, 0.4938511848449707, 0
u,0.6942407488822937, 0.5032263994216919, 0
u,0.6968931555747986, 0.494601845741272, 0
u,0.6914222240447998, 0.48650896549224854, 0
u,0.6968931555747986, 0.494601845741272, 0
u,0.6967977285385132, 0.48559051752090454, 0
u,0.6891209483146667, 0.4795043468475342, 0
u,0.6967977285385132, 0.48559051752090454, 0
u,0.6939842700958252, 0.4769732356071472, 0
u,0.6848061680793762, 0.47352826595306396, 0
u,0.6939842700958252, 0.4769732356071472, 0
u,0.6886168718338013, 0.4696570038795471, 0
u,0.6788194179534912, 0.4692023992538452, 0
u,0.6886168718338013, 0.4696570038795471, 0
u,0.6812340617179871, 0.46435803174972534, 0
u,0.6717640161514282, 0.4669336676597595, 0
u,0.6812340617179871, 0.46435803174972534, 0
u,0.6725736856460571, 0.46156126260757446, 0
u,0.6642995476722717, 0.4669572114944458, 0
u,0.6725736856460571, 0.46156126260757446, 0
u,0.6634216904640198, 0.46157610416412354, 0
u,0.6546803116798401, 0.46450114250183105, 0
u,0.6642995476722717, 0.4669572114944458, 0
u,0.6634216904640198, 0.46157610416412354, 0
u,0.6473068594932556, 0.47002071142196655, 0
u,0.6571984887123108, 0.469346284866333, 0
u,0.6546803116798401, 0.46450114250183105, 0
u,0.6469230651855469, 0.4798991084098816, 0
u,0.6473068594932556, 0.47002071142196655, 0
u,0.6420352458953857, 0.47753065824508667, 0
u,0.6446941494941711, 0.48701173067092896, 0
u,0.6420352458953857, 0.47753065824508667, 0
u,0.6393378376960754, 0.4862518310546875, 0
u,0.6394633650779724, 0.4953800439834595, 0
u,0.6446941494941711, 0.48701173067092896, 0
u,0.6393378376960754, 0.4862518310546875, 0
u,0.6472211480140686, 0.5015004277229309, 0
u,0.6394633650779724, 0.4953800439834595, 0
u,0.6423847079277039, 0.5040338039398193, 0
u,0.6478447318077087, 0.5113264918327332, 0
u,0.6472211480140686, 0.5015004277229309, 0
u,0.6423847079277039, 0.5040338039398193, 0
u,0.6553124785423279, 0.5166324377059937, 0
u,0.6516753435134888, 0.5074469447135925, 0
u,0.6478447318077087, 0.5113264918327332, 0
u,0.6640915870666504, 0.519307553768158, 0
u,0.6577651500701904, 0.5117098689079285, 0
u,0.6553124785423279, 0.5166324377059937, 0
u,0.6732083559036255, 0.5191367864608765, 0
u,0.66487717628479, 0.5138700008392334, 0
u,0.6640915870666504, 0.519307553768158, 0
u,0.6817700266838074, 0.5161442756652832, 0
u,0.6722620129585266, 0.5137233734130859, 0
u,0.6732083559036255, 0.5191367864608765, 0
u,0.6850852370262146, 0.5068936347961426, 0
u,0.6817700266838074, 0.5161442756652832, 0
u,0.6890433430671692, 0.5106871128082275, 0
u,0.9880999326705933, 0.7101084887981415, 0
u,0.9910581707954407, 0.7172522246837616, 0
u,0.990899920463562, 0.7099915444850922, 0
u,0.9876169562339783, 0.7029798924922943, 0
u,0.990899920463562, 0.7099915444850922, 0
u,0.9904486536979675, 0.7027426362037659, 0
u,0.9868019819259644, 0.6958328485488892, 0
u,0.9904486536979675, 0.7027426362037659, 0
u,0.9896237850189209, 0.6954490840435028, 0
u,0.9856100678443909, 0.6886936724185944, 0
u,0.9896237850189209, 0.6954490840435028, 0
u,0.9884036779403687, 0.6881590485572815, 0
u,0.9840160012245178, 0.6815911829471588, 0
u,0.9884036779403687, 0.6881590485572815, 0
u,0.9867933988571167, 0.6808929443359375, 0
u,0.9819928407669067, 0.6745551824569702, 0
u,0.9867933988571167, 0.6808929443359375, 0
u,0.9847180247306824, 0.673688679933548, 0
u,0.9795212149620056, 0.6676395833492279, 0
u,0.9847180247306824, 0.673688679933548, 0
u,0.9821652770042419, 0.666595995426178, 0
u,0.9765602946281433, 0.66091588139534, 0
u,0.9821652770042419, 0.666595995426178, 0
u,0.9791027903556824, 0.6596728563308716, 0
u,0.9730550646781921, 0.6544956862926483, 0
u,0.9791027903556824, 0.6596728563308716, 0
u,0.9754539132118225, 0.6530110538005829, 0
u,0.9689512252807617, 0.6486289799213409, 0
u,0.9754539132118225, 0.6530110538005829, 0
u,0.9710790514945984, 0.6468241810798645, 0
u,0.9744707345962524, 0.779996320605278, 0
u,0.9681825041770935, 0.7841716557741165, 0
u,0.9702214002609253, 0.7859219759702682, 0
u,0.978063702583313, 0.7735909819602966, 0
u,0.9721734523773193, 0.7785250842571259, 0
u,0.9744707345962524, 0.779996320605278, 0
u,0.9810529947280884, 0.7669730633497238, 0
u,0.9756104946136475, 0.7723535299301147, 0
u,0.978063702583313, 0.7735909819602966, 0
u,0.9836583733558655, 0.7602229714393616, 0
u,0.978556215763092, 0.7659258246421814, 0
u,0.9810529947280884, 0.7669730633497238, 0
u,0.983163058757782, 0.7525369375944138, 0
u,0.9836583733558655, 0.7602229714393616, 0
u,0.9858436584472656, 0.7533165514469147, 0
u,0.9849149584770203, 0.7456505298614502, 0
u,0.9858436584472656, 0.7533165514469147, 0
u,0.9876448512077332, 0.7462863922119141, 0
u,0.9862953424453735, 0.7386605739593506, 0
u,0.9876448512077332, 0.7462863922119141, 0
u,0.9890760779380798, 0.7391576170921326, 0
u,0.9901450276374817, 0.731935441493988, 0
u,0.9862953424453735, 0.7386605739593506, 0
u,0.9890760779380798, 0.7391576170921326, 0
u,0.9908298850059509, 0.7246049344539642, 0
u,0.9873107671737671, 0.7315809726715088, 0
u,0.9901450276374817, 0.731935441493988, 0
u,0.9910581707954407, 0.7172522246837616, 0
u,0.9879259467124939, 0.7244234681129456, 0
u,0.9908298850059509, 0.7246049344539642, 0
u,0.971993625164032, 0.7632047832012177, 0
u,0.9602265357971191, 0.7650033831596375, 0
u,0.9693515300750732, 0.7692487984895706, 0
u,0.9806311130523682, 0.723931223154068, 0
u,0.9701462388038635, 0.7170285582542419, 0
u,0.9699421525001526, 0.7232814431190491, 0
u,0.972727358341217, 0.670340359210968, 0
u,0.9607305526733398, 0.6683748662471771, 0
u,0.9629784822463989, 0.6740337908267975, 0
u,0.9803223609924316, 0.7035814821720123, 0
u,0.9689419865608215, 0.6982961893081665, 0
u,0.9696683287620544, 0.7045258581638336, 0
u,0.9762749671936035, 0.7505601346492767, 0
u,0.9644383788108826, 0.7537452727556229, 0
u,0.9743421077728271, 0.7569774240255356, 0
u,0.9669986367225647, 0.6581967771053314, 0
u,0.9555065035820007, 0.6578669250011444, 0
u,0.9582280516624451, 0.6629415154457092, 0
u,0.976898193359375, 0.6833774745464325, 0
u,0.9679051637649536, 0.6921127140522003, 0
u,0.978399395942688, 0.6900628805160522, 0
u,0.9791342616081238, 0.7374052703380585, 0
u,0.9675604701042175, 0.7418286502361298, 0
u,0.9778737425804138, 0.744030088186264, 0
u,0.9663131237030029, 0.7749344110488892, 0
u,0.9602265357971191, 0.7650033831596375, 0
u,0.9577810764312744, 0.7702948600053787, 0
u,0.972727358341217, 0.670340359210968, 0
u,0.9649389386177063, 0.6799361705780029, 0
u,0.9750072360038757, 0.6767624914646149, 0
u,0.9803223609924316, 0.7035814821720123, 0
u,0.9700382947921753, 0.7107767462730408, 0
u,0.9807684421539307, 0.7103537321090698, 0
u,0.9800552725791931, 0.7306967675685883, 0
u,0.9699421525001526, 0.7232814431190491, 0
u,0.9694483280181885, 0.7295112311840057, 0
u,0.9743421077728271, 0.7569774240255356, 0
u,0.9624647498130798, 0.759465217590332, 0
u,0.971993625164032, 0.7632047832012177, 0
u,0.9669986367225647, 0.6581967771053314, 0
u,0.9607305526733398, 0.6683748662471771, 0
u,0.9700713753700256, 0.6641047894954681, 0
u,0.9795385003089905, 0.6968131065368652, 0
u,0.9679051637649536, 0.6921127140522003, 0
u,0.9689419865608215, 0.6982961893081665, 0
u,0.9778737425804138, 0.744030088186264, 0
u,0.966137707233429, 0.7478505373001099, 0
u,0.9762749671936035, 0.7505601346492767, 0
u,0.9629622101783752, 0.7802069634199142, 0
u,0.9577810764312744, 0.7702948600053787, 0
u,0.9551443457603455, 0.7753008157014847, 0
u,0.9750072360038757, 0.6767624914646149, 0
u,0.9665865898132324, 0.6859723627567291, 0
u,0.976898193359375, 0.6833774745464325, 0
u,0.9808696508407593, 0.717139720916748, 0
u,0.9700382947921753, 0.7107767462730408, 0
u,0.9701462388038635, 0.7170285582542419, 0
u,0.9675604701042175, 0.7418286502361298, 0
u,0.9504256844520569, 0.7329613268375397, 0
u,0.9495639801025391, 0.7382555603981018, 0
u,0.9696683287620544, 0.7045258581638336, 0
u,0.9514762163162231, 0.711541473865509, 0
u,0.9700382947921753, 0.7107767462730408, 0
u,0.9582280516624451, 0.6629415154457092, 0
u,0.9441978335380554, 0.6747635006904602, 0
u,0.9607305526733398, 0.6683748662471771, 0
u,0.966137707233429, 0.7478505373001099, 0
u,0.9495639801025391, 0.7382555603981018, 0
u,0.9484720826148987, 0.7434964776039124, 0
u,0.9700382947921753, 0.7107767462730408, 0
u,0.9516001343727112, 0.716919481754303, 0
u,0.9701462388038635, 0.7170285582542419, 0
u,0.9607305526733398, 0.6683748662471771, 0
u,0.945864200592041, 0.6797933578491211, 0
u,0.9629784822463989, 0.6740337908267975, 0
u,0.9644383788108826, 0.7537452727556229, 0
u,0.9484720826148987, 0.7434964776039124, 0
u,0.9471634030342102, 0.748654842376709, 0
u,0.9649389386177063, 0.6799361705780029, 0
u,0.945864200592041, 0.6797933578491211, 0
u,0.9473675489425659, 0.6849242150783539, 0
u,0.9624647498130798, 0.759465217590332, 0
u,0.9471634030342102, 0.748654842376709, 0
u,0.9456397891044617, 0.7537173628807068, 0
u,0.9665865898132324, 0.6859723627567291, 0
u,0.9473675489425659, 0.6849242150783539, 0
u,0.9486287832260132, 0.6901463866233826, 0
u,0.9602265357971191, 0.7650033831596375, 0
u,0.9456397891044617, 0.7537173628807068, 0
u,0.94394451379776, 0.758675143122673, 0
u,0.9701462388038635, 0.7170285582542419, 0
u,0.9514474272727966, 0.722287654876709, 0
u,0.9699421525001526, 0.7232814431190491, 0
u,0.9665865898132324, 0.6859723627567291, 0
u,0.9497033357620239, 0.6954512894153595, 0
u,0.9679051637649536, 0.6921127140522003, 0
u,0.9577810764312744, 0.7702948600053787, 0
u,0.94394451379776, 0.758675143122673, 0
u,0.9421335458755493, 0.7634752094745636, 0
u,0.9694483280181885, 0.7295112311840057, 0
u,0.9514474272727966, 0.722287654876709, 0
u,0.9510406255722046, 0.7276360094547272, 0
u,0.9679051637649536, 0.6921127140522003, 0
u,0.9505434036254883, 0.7007903754711151, 0
u,0.9689419865608215, 0.6982961893081665, 0
u,0.9551443457603455, 0.7753008157014847, 0
u,0.9421335458755493, 0.7634752094745636, 0
u,0.9401923418045044, 0.7681685239076614, 0
u,0.9686515927314758, 0.7356977164745331, 0
u,0.9510406255722046, 0.7276360094547272, 0
u,0.9504256844520569, 0.7329613268375397, 0
u,0.9689419865608215, 0.6982961893081665, 0
u,0.9511473774909973, 0.7061572372913361, 0
u,0.9696683287620544, 0.7045258581638336, 0
u,0.9582280516624451, 0.6629415154457092, 0
u,0.9404590129852295, 0.6652116775512695, 0
u,0.9423779845237732, 0.6698872447013855, 0
u,0.9516001343727112, 0.716919481754303, 0
u,0.9372984766960144, 0.7216541171073914, 0
u,0.9514474272727966, 0.722287654876709, 0
u,0.9497033357620239, 0.6954512894153595, 0
u,0.9349555373191833, 0.6930899620056152, 0
u,0.9358405470848083, 0.6978113055229187, 0
u,0.9421335458755493, 0.7634752094745636, 0
u,0.9309298992156982, 0.7543303072452545, 0
u,0.9293351173400879, 0.7588616460561752, 0
u,0.9514474272727966, 0.722287654876709, 0
u,0.9370213747024536, 0.7263779640197754, 0
u,0.9510406255722046, 0.7276360094547272, 0
u,0.9505434036254883, 0.7007903754711151, 0
u,0.9358405470848083, 0.6978113055229187, 0
u,0.9365018606185913, 0.7025894224643707, 0
u,0.9421335458755493, 0.7634752094745636, 0
u,0.9276887774467468, 0.7633496820926666, 0
u,0.9401923418045044, 0.7681685239076614, 0
u,0.9504256844520569, 0.7329613268375397, 0
u,0.9370213747024536, 0.7263779640197754, 0
u,0.9364505410194397, 0.7310771048069, 0
u,0.9511473774909973, 0.7061572372913361, 0
u,0.9365018606185913, 0.7025894224643707, 0
u,0.9369505643844604, 0.7073855698108673, 0
u,0.9404590129852295, 0.6652116775512695, 0
u,0.929458737373352, 0.6744847595691681, 0
u,0.9423779845237732, 0.6698872447013855, 0
u,0.9495639801025391, 0.7382555603981018, 0
u,0.9364505410194397, 0.7310771048069, 0
u,0.9356847405433655, 0.7357812225818634, 0
u,0.9511473774909973, 0.7061572372913361, 0
u,0.9373088479042053, 0.7121583223342896, 0
u,0.9514762163162231, 0.711541473865509, 0
u,0.9423779845237732, 0.6698872447013855, 0
u,0.9310658574104309, 0.6790862381458282, 0
u,0.9441978335380554, 0.6747635006904602, 0
u,0.9484720826148987, 0.7434964776039124, 0
u,0.9356847405433655, 0.7357812225818634, 0
u,0.9347178339958191, 0.7404263615608215, 0
u,0.9516001343727112, 0.716919481754303, 0
u,0.9373088479042053, 0.7121583223342896, 0
u,0.9373641610145569, 0.7169179022312164, 0
u,0.9441978335380554, 0.6747635006904602, 0
u,0.9325441718101501, 0.6837218999862671, 0
u,0.945864200592041, 0.6797933578491211, 0
u,0.9471634030342102, 0.748654842376709, 0
u,0.9347178339958191, 0.7404263615608215, 0
u,0.9335557818412781, 0.7450596988201141, 0
u,0.9473675489425659, 0.6849242150783539, 0
u,0.9325441718101501, 0.6837218999862671, 0
u,0.9338078498840332, 0.6884093284606934, 0
u,0.9471634030342102, 0.748654842376709, 0
u,0.9323394894599915, 0.7497060596942902, 0
u,0.9456397891044617, 0.7537173628807068, 0
u,0.9473675489425659, 0.6849242150783539, 0
u,0.9349555373191833, 0.6930899620056152, 0
u,0.9486287832260132, 0.6901463866233826, 0
u,0.9456397891044617, 0.7537173628807068, 0
u,0.9309298992156982, 0.7543303072452545, 0
u,0.94394451379776, 0.758675143122673, 0
u,0.2672949433326721, 0.1423572301864624, 0
u,0.2708372175693512, 0.15103483200073242, 0
u,0.2720224857330322, 0.14391285181045532, 0
u,0.26357388496398926, 0.11705845594406128, 0
u,0.26421838998794556, 0.10761493444442749, 0
u,0.25836417078971863, 0.11185336112976074, 0
u,0.2720224857330322, 0.14391285181045532, 0
u,0.27804529666900635, 0.1510636806488037, 0
u,0.2769808769226074, 0.14392054080963135, 0
u,0.2606359124183655, 0.12102067470550537, 0
u,0.25836417078971863, 0.11185336112976074, 0
u,0.25408750772476196, 0.11769139766693115, 0
u,0.2769808769226074, 0.14392054080963135, 0
u,0.2849215865135193, 0.14892953634262085, 0
u,0.2816478908061981, 0.1423501968383789, 0
u,0.25901660323143005, 0.12573397159576416, 0
u,0.25408750772476196, 0.11769139766693115, 0
u,0.25183990597724915, 0.12455576658248901, 0
u,0.2885144352912903, 0.12126964330673218, 0
u,0.29103773832321167, 0.11205649375915527, 0
u,0.2856731116771698, 0.11733978986740112, 0
u,0.2816478908061981, 0.1423501968383789, 0
u,0.2907619774341583, 0.14471524953842163, 0
u,0.2856200039386749, 0.139460027217865, 0
u,0.2589367926120758, 0.1306810975074768, 0
u,0.25183990597724915, 0.12455576658248901, 0
u,0.25177881121635437, 0.1317644715309143, 0
u,0.2856731116771698, 0.11733978986740112, 0
u,0.28521502017974854, 0.10773485898971558, 0
u,0.28173479437828064, 0.11446976661682129, 0
u,0.2856200039386749, 0.139460027217865, 0
u,0.29509657621383667, 0.13892948627471924, 0
u,0.28851383924484253, 0.13547295331954956, 0
u,0.2603868544101715, 0.1353834867477417, 0
u,0.25177881121635437, 0.1317644715309143, 0
u,0.25395554304122925, 0.13864296674728394, 0
u,0.27711498737335205, 0.11288899183273315, 0
u,0.28521502017974854, 0.10773485898971558, 0
u,0.2783140540122986, 0.10546767711639404, 0
u,0.28851383924484253, 0.13547295331954956, 0
u,0.2973743975162506, 0.13203895092010498, 0
u,0.2900248169898987, 0.1307966113090515, 0
u,0.2632830739021301, 0.13942450284957886, 0
u,0.25395554304122925, 0.13864296674728394, 0
u,0.25817734003067017, 0.14449554681777954, 0
u,0.27221837639808655, 0.1127893328666687, 0
u,0.2783140540122986, 0.10546767711639404, 0
u,0.27109622955322266, 0.10545879602432251, 0
u,0.2900248169898987, 0.1307966113090515, 0
u,0.297410249710083, 0.12481307983398438, 0
u,0.2899896204471588, 0.12590450048446655, 0
u,0.2632830739021301, 0.13942450284957886, 0
u,0.2639807462692261, 0.14877325296401978, 0
u,0.2672949433326721, 0.1423572301864624, 0
u,0.2675741910934448, 0.11423724889755249, 0
u,0.27109622955322266, 0.10545879602432251, 0
u,0.26421838998794556, 0.10761493444442749, 0
u,0.2899896204471588, 0.12590450048446655, 0
u,0.29527345299720764, 0.11790937185287476, 0
u,0.2885144352912903, 0.12126964330673218, 0
u,0.25395554304122925, 0.13864296674728394, 0
u,0.24476270377635956, 0.1328831911087036, 0
u,0.2475680112838745, 0.1418522596359253, 0
u,0.28521502017974854, 0.10773485898971558, 0
u,0.2794891595840454, 0.09849739074707031, 0
u,0.2783140540122986, 0.10546767711639404, 0
u,0.29509657621383667, 0.13892948627471924, 0
u,0.3043071925640106, 0.1332370638847351, 0
u,0.2973743975162506, 0.13203895092010498, 0
u,0.25395554304122925, 0.13864296674728394, 0
u,0.25307050347328186, 0.14944696426391602, 0
u,0.25817734003067017, 0.14449554681777954, 0
u,0.2783140540122986, 0.10546767711639404, 0
u,0.27003493905067444, 0.09846901893615723, 0
u,0.27109622955322266, 0.10545879602432251, 0
u,0.2973743975162506, 0.13203895092010498, 0
u,0.3043993413448334, 0.12376493215560913, 0
u,0.297410249710083, 0.12481307983398438, 0
u,0.25817734003067017, 0.14449554681777954, 0
u,0.2606488764286041, 0.15505272150039673, 0
u,0.2639807462692261, 0.14877325296401978, 0
u,0.26421838998794556, 0.10761493444442749, 0
u,0.27003493905067444, 0.09846901893615723, 0
u,0.261039674282074, 0.10124039649963379, 0
u,0.29527345299720764, 0.11790937185287476, 0
u,0.3043993413448334, 0.12376493215560913, 0
u,0.30161404609680176, 0.11474400758743286, 0
u,0.2708372175693512, 0.15103483200073242, 0
u,0.2606488764286041, 0.15505272150039673, 0
u,0.2696433663368225, 0.158003032207489, 0
u,0.26421838998794556, 0.10761493444442749, 0
u,0.25340351462364197, 0.10674959421157837, 0
u,0.25836417078971863, 0.11185336112976074, 0
u,0.2708372175693512, 0.15103483200073242, 0
u,0.27910181879997253, 0.1580730676651001, 0
u,0.27804529666900635, 0.1510636806488037, 0
u,0.25408750772476196, 0.11769139766693115, 0
u,0.25340351462364197, 0.10674959421157837, 0
u,0.24781838059425354, 0.1143951416015625, 0
u,0.2849215865135193, 0.14892953634262085, 0
u,0.27910181879997253, 0.1580730676651001, 0
u,0.2880963683128357, 0.15528064966201782, 0
u,0.25408750772476196, 0.11769139766693115, 0
u,0.24481216073036194, 0.12341248989105225, 0
u,0.25183990597724915, 0.12455576658248901, 0
u,0.29527345299720764, 0.11790937185287476, 0
u,0.29607632756233215, 0.10709834098815918, 0
u,0.29103773832321167, 0.11205649375915527, 0
u,0.2849215865135193, 0.14892953634262085, 0
u,0.2957087457180023, 0.1497611403465271, 0
u,0.2907619774341583, 0.14471524953842163, 0
u,0.25177881121635437, 0.1317644715309143, 0
u,0.24481216073036194, 0.12341248989105225, 0
u,0.24476270377635956, 0.1328831911087036, 0
u,0.28521502017974854, 0.10773485898971558, 0
u,0.29607632756233215, 0.10709834098815918, 0
u,0.2884572744369507, 0.10148733854293823, 0
u,0.29509657621383667, 0.13892948627471924, 0
u,0.2957087457180023, 0.1497611403465271, 0
u,0.3013591766357422, 0.14221632480621338, 0
u,0.25340351462364197, 0.10674959421157837, 0
u,0.24301214516162872, 0.11190956830978394, 0
u,0.24781838059425354, 0.1143951416015625, 0
u,0.2880963683128357, 0.15528064966201782, 0
u,0.2799470126628876, 0.1631736159324646, 0
u,0.29036945104599, 0.15980124473571777, 0
u,0.24481216073036194, 0.12341248989105225, 0
u,0.24301214516162872, 0.11190956830978394, 0
u,0.23956604301929474, 0.12264150381088257, 0
u,0.30161404609680176, 0.11474400758743286, 0
u,0.29975998401641846, 0.10356301069259644, 0
u,0.29607632756233215, 0.10709834098815918, 0
u,0.2880963683128357, 0.15528064966201782, 0
u,0.299250066280365, 0.15345758199691772, 0
u,0.2957087457180023, 0.1497611403465271, 0
u,0.24476270377635956, 0.1328831911087036, 0
u,0.23956604301929474, 0.12264150381088257, 0
u,0.23955368995666504, 0.13374251127243042, 0
u,0.29607632756233215, 0.10709834098815918, 0
u,0.2908511459827423, 0.09687864780426025, 0
u,0.2884572744369507, 0.10148733854293823, 0
u,0.2957087457180023, 0.1497611403465271, 0
u,0.30584442615509033, 0.14462673664093018, 0
u,0.3013591766357422, 0.14221632480621338, 0
u,0.2475680112838745, 0.1418522596359253, 0
u,0.23955368995666504, 0.13374251127243042, 0
u,0.24287769198417664, 0.14420652389526367, 0
u,0.2794891595840454, 0.09849739074707031, 0
u,0.2908511459827423, 0.09687864780426025, 0
u,0.2802433669567108, 0.09344750642776489, 0
u,0.3013591766357422, 0.14221632480621338, 0
u,0.30940327048301697, 0.13407409191131592, 0
u,0.3043071925640106, 0.1332370638847351, 0
u,0.2475680112838745, 0.1418522596359253, 0
u,0.2492816299200058, 0.1530969738960266, 0
u,0.25307050347328186, 0.14944696426391602, 0
u,0.27003493905067444, 0.09846901893615723, 0
u,0.2802433669567108, 0.09344750642776489, 0
u,0.2692300081253052, 0.09344750642776489, 0
u,0.3043993413448334, 0.12376493215560913, 0
u,0.30940327048301697, 0.13407409191131592, 0
u,0.3094061315059662, 0.12295222282409668, 0
u,0.25307050347328186, 0.14944696426391602, 0
u,0.2581600844860077, 0.15971553325653076, 0
u,0.2606488764286041, 0.15505272150039673, 0
u,0.261039674282074, 0.10124039649963379, 0
u,0.2692300081253052, 0.09344750642776489, 0
u,0.2587822377681732, 0.09662830829620361, 0
u,0.30161404609680176, 0.11474400758743286, 0
u,0.3094061315059662, 0.12295222282409668, 0
u,0.30612608790397644, 0.11249369382858276, 0
u,0.2606488764286041, 0.15505272150039673, 0
u,0.26879483461380005, 0.1632634401321411, 0
u,0.2696433663368225, 0.158003032207489, 0
u,0.261039674282074, 0.10124039649963379, 0
u,0.24974407255649567, 0.10290265083312988, 0
u,0.25340351462364197, 0.10674959421157837, 0
u,0.27910181879997253, 0.1580730676651001, 0
u,0.26879483461380005, 0.1632634401321411, 0
u,0.2799470126628876, 0.1631736159324646, 0
u,0.8521862030029297, 0.1335943341255188, 0
u,0.8410017490386963, 0.13360309600830078, 0
u,0.850618839263916, 0.13673818111419678, 0
u,0.8004451990127563, 0.16007888317108154, 0
u,0.8070597648620605, 0.15084493160247803, 0
u,0.8040673732757568, 0.14926809072494507, 0
u,0.8421647548675537, 0.20154672861099243, 0
u,0.8512035608291626, 0.1947351098060608, 0
u,0.8415290117263794, 0.1980733871459961, 0
u,0.8521862030029297, 0.1335943341255188, 0
u,0.8588674068450928, 0.14256298542022705, 0
u,0.861327052116394, 0.14004355669021606, 0
u,0.8040673732757568, 0.14926809072494507, 0
u,0.8130432367324829, 0.14264792203903198, 0
u,0.8106681108474731, 0.14024388790130615, 0
u,0.8306572437286377, 0.20169591903686523, 0
u,0.8415290117263794, 0.1980733871459961, 0
u,0.8312016725540161, 0.19816994667053223, 0
u,0.8680379390716553, 0.14903521537780762, 0
u,0.8588674068450928, 0.14256298542022705, 0
u,0.8648279905319214, 0.15074628591537476, 0
u,0.8306572437286377, 0.20169591903686523, 0
u,0.8213533163070679, 0.19503253698349, 0
u,0.8197592496871948, 0.19808703660964966, 0
u,0.8716497421264648, 0.15986663103103638, 0
u,0.8648279905319214, 0.15074628591537476, 0
u,0.8680069446563721, 0.16046303510665894, 0
u,0.8197592496871948, 0.19808703660964966, 0
u,0.8130348920822144, 0.18901276588439941, 0
u,0.810657262802124, 0.1914045810699463, 0
u,0.8716497421264648, 0.15986663103103638, 0
u,0.8681188821792603, 0.1706750988960266, 0
u,0.8716788291931152, 0.17125558853149414, 0
u,0.8197157382965088, 0.13377875089645386, 0
u,0.8130432367324829, 0.14264792203903198, 0
u,0.8212682008743286, 0.13679611682891846, 0
u,0.8039356470108032, 0.1823720932006836, 0
u,0.8130348920822144, 0.18901276588439941, 0
u,0.8069887161254883, 0.18076348304748535, 0
u,0.8716788291931152, 0.17125558853149414, 0
u,0.8650944232940674, 0.18034785985946655, 0
u,0.8682825565338135, 0.18195652961730957, 0
u,0.8303666114807129, 0.13033509254455566, 0
u,0.8212682008743286, 0.13679611682891846, 0
u,0.8309018611907959, 0.1337098479270935, 0
u,0.8004124164581299, 0.17154169082641602, 0
u,0.8069887161254883, 0.18076348304748535, 0
u,0.8037879467010498, 0.1709842085838318, 0
u,0.8682825565338135, 0.18195652961730957, 0
u,0.8593355417251587, 0.1886523962020874, 0
u,0.8618621826171875, 0.19109386205673218, 0
u,0.8303666114807129, 0.13033509254455566, 0
u,0.8410017490386963, 0.13360309600830078, 0
u,0.8414996862411499, 0.1303349733352661, 0
u,0.8004451990127563, 0.16007888317108154, 0
u,0.8037879467010498, 0.1709842085838318, 0
u,0.8038531541824341, 0.16063731908798218, 0
u,0.8528738021850586, 0.19780659675598145, 0
u,0.8593355417251587, 0.1886523962020874, 0
u,0.8512035608291626, 0.1947351098060608, 0
u,0.8212682008743286, 0.13679611682891846, 0
u,0.8165463209152222, 0.14618265628814697, 0
u,0.8235464096069336, 0.14118069410324097, 0
u,0.8130348920822144, 0.18901276588439941, 0
u,0.81145179271698, 0.1784580945968628, 0
u,0.8069887161254883, 0.18076348304748535, 0
u,0.8681188821792603, 0.1706750988960266, 0
u,0.860628604888916, 0.17809689044952393, 0
u,0.8650944232940674, 0.18034785985946655, 0
u,0.8309018611907959, 0.1337098479270935, 0
u,0.8235464096069336, 0.14118069410324097, 0
u,0.8316673040390015, 0.13857156038284302, 0
u,0.8037879467010498, 0.1709842085838318, 0
u,0.81145179271698, 0.1784580945968628, 0
u,0.8087528944015503, 0.17014801502227783, 0
u,0.8650944232940674, 0.18034785985946655, 0
u,0.8557219505310059, 0.18516790866851807, 0
u,0.8593355417251587, 0.1886523962020874, 0
u,0.8309018611907959, 0.1337098479270935, 0
u,0.8401834964752197, 0.13850057125091553, 0
u,0.8410017490386963, 0.13360309600830078, 0
u,0.8038531541824341, 0.16063731908798218, 0
u,0.8087528944015503, 0.17014801502227783, 0
u,0.8088012933731079, 0.1614394187927246, 0
u,0.8512035608291626, 0.1947351098060608, 0
u,0.8557219505310059, 0.18516790866851807, 0
u,0.8488186597824097, 0.19033843278884888, 0
u,0.8410017490386963, 0.13360309600830078, 0
u,0.8483349084854126, 0.14114654064178467, 0
u,0.850618839263916, 0.13673818111419678, 0
u,0.8038531541824341, 0.16063731908798218, 0
u,0.8114712238311768, 0.15317082405090332, 0
u,0.8070597648620605, 0.15084493160247803, 0
u,0.8415290117263794, 0.1980733871459961, 0
u,0.8488186597824097, 0.19033843278884888, 0
u,0.8406280279159546, 0.1931154727935791, 0
u,0.8588674068450928, 0.14256298542022705, 0
u,0.8483349084854126, 0.14114654064178467, 0
u,0.855323314666748, 0.14615470170974731, 0
u,0.8070597648620605, 0.15084493160247803, 0
u,0.8165463209152222, 0.14618265628814697, 0
u,0.8130432367324829, 0.14264792203903198, 0
u,0.8312016725540161, 0.19816994667053223, 0
u,0.8406280279159546, 0.1931154727935791, 0
u,0.8319094181060791, 0.1931842565536499, 0
u,0.8648279905319214, 0.15074628591537476, 0
u,0.855323314666748, 0.14615470170974731, 0
u,0.8603789806365967, 0.15309560298919678, 0
u,0.8312016725540161, 0.19816994667053223, 0
u,0.8235905170440674, 0.190538227558136, 0
u,0.8213533163070679, 0.19503253698349, 0
u,0.8680069446563721, 0.16046303510665894, 0
u,0.8603789806365967, 0.15309560298919678, 0
u,0.8630491495132446, 0.16128182411193848, 0
u,0.8130348920822144, 0.18901276588439941, 0
u,0.8235905170440674, 0.190538227558136, 0
u,0.8165843486785889, 0.18545001745224, 0
u,0.8680069446563721, 0.16046303510665894, 0
u,0.8631653785705566, 0.16988366842269897, 0
u,0.8681188821792603, 0.1706750988960266, 0
u,0.8165463209152222, 0.14618265628814697, 0
u,0.8229217529296875, 0.159051775932312, 0
u,0.8256086111068726, 0.15525680780410767, 0
u,0.8319094181060791, 0.1931842565536499, 0
u,0.8385579586029053, 0.18048518896102905, 0
u,0.833919882774353, 0.18049925565719604, 0
u,0.855323314666748, 0.14615470170974731, 0
u,0.8490395545959473, 0.1589118242263794, 0
u,0.8603789806365967, 0.15309560298919678, 0
u,0.8235905170440674, 0.190538227558136, 0
u,0.833919882774353, 0.18049925565719604, 0
u,0.829493522644043, 0.17906111478805542, 0
u,0.8603789806365967, 0.15309560298919678, 0
u,0.8504642248153687, 0.1633683443069458, 0
u,0.8630491495132446, 0.16128182411193848, 0
u,0.8235905170440674, 0.190538227558136, 0
u,0.8257404565811157, 0.17633885145187378, 0
u,0.8165843486785889, 0.18545001745224, 0
u,0.8630491495132446, 0.16128182411193848, 0
u,0.8505104780197144, 0.1679997444152832, 0
u,0.8631653785705566, 0.16988366842269897, 0
u,0.8235464096069336, 0.14118069410324097, 0
u,0.8256086111068726, 0.15525680780410767, 0
u,0.8293516635894775, 0.15257936716079712, 0
u,0.8165843486785889, 0.18545001745224, 0
u,0.8229891061782837, 0.17256379127502441, 0
u,0.81145179271698, 0.1784580945968628, 0
u,0.860628604888916, 0.17809689044952393, 0
u,0.8505104780197144, 0.1679997444152832, 0
u,0.8492565155029297, 0.17245709896087646, 0
u,0.8235464096069336, 0.14118069410324097, 0
u,0.8336279392242432, 0.15122199058532715, 0
u,0.8316673040390015, 0.13857156038284302, 0
u,0.8087528944015503, 0.17014801502227783, 0
u,0.8229891061782837, 0.17256379127502441, 0
u,0.8215121030807495, 0.1680893898010254, 0
u,0.8557219505310059, 0.18516790866851807, 0
u,0.8492565155029297, 0.17245709896087646, 0
u,0.8466606140136719, 0.1763453483581543, 0
u,0.8316673040390015, 0.13857156038284302, 0
u,0.8381222486495972, 0.15105634927749634, 0
u,0.8401834964752197, 0.13850057125091553, 0
u,0.8087528944015503, 0.17014801502227783, 0
u,0.8215420246124268, 0.16344237327575684, 0
u,0.8088012933731079, 0.1614394187927246, 0
u,0.8488186597824097, 0.19033843278884888, 0
u,0.8466606140136719, 0.1763453483581543, 0
u,0.8429133892059326, 0.17902815341949463, 0
u,0.8401834964752197, 0.13850057125091553, 0
u,0.8425498008728027, 0.15236663818359375, 0
u,0.8483349084854126, 0.14114654064178467, 0
u,0.8114712238311768, 0.15317082405090332, 0
u,0.8215420246124268, 0.16344237327575684, 0
u,0.8229217529296875, 0.159051775932312, 0
u,0.8406280279159546, 0.1931154727935791, 0
u,0.8429133892059326, 0.17902815341949463, 0
u,0.8385579586029053, 0.18048518896102905, 0
u,0.8483349084854126, 0.14114654064178467, 0
u,0.8463031053543091, 0.15514779090881348, 0
u,0.855323314666748, 0.14615470170974731, 0
u,0.8215121030807495, 0.1680893898010254, 0
u,0.8248302936553955, 0.17162281274795532, 0
u,0.8236440420150757, 0.1677514910697937, 0
u,0.8466606140136719, 0.1763453483581543, 0
u,0.8475630283355713, 0.17166441679000854, 0
u,0.8452885150909424, 0.175001323223114, 0
u,0.8381222486495972, 0.15105634927749634, 0
u,0.8339906930923462, 0.153128981590271, 0
u,0.8378584384918213, 0.15302395820617676, 0
u,0.8215121030807495, 0.1680893898010254, 0
u,0.8235403299331665, 0.16374874114990234, 0
u,0.8215420246124268, 0.16344237327575684, 0
u,0.8466606140136719, 0.1763453483581543, 0
u,0.8420720100402832, 0.177392840385437, 0
u,0.8429133892059326, 0.17902815341949463, 0
u,0.8425498008728027, 0.15236663818359375, 0
u,0.8378584384918213, 0.15302395820617676, 0
u,0.8416374921798706, 0.1541837453842163, 0
u,0.8229217529296875, 0.159051775932312, 0
u,0.8235403299331665, 0.16374874114990234, 0
u,0.8247714042663574, 0.1599782109260559, 0
u,0.8385579586029053, 0.18048518896102905, 0
u,0.8420720100402832, 0.177392840385437, 0
u,0.8382484912872314, 0.17859667539596558, 0
u,0.8425498008728027, 0.15236663818359375, 0
u,0.8448930978775024, 0.15650945901870728, 0
u,0.8463031053543091, 0.15514779090881348, 0
u,0.8256086111068726, 0.15525680780410767, 0
u,0.8247714042663574, 0.1599782109260559, 0
u,0.8271176815032959, 0.15676236152648926, 0
u,0.833919882774353, 0.18049925565719604, 0
u,0.8382484912872314, 0.17859667539596558, 0
u,0.8342063426971436, 0.1785576343536377, 0
u,0.8463031053543091, 0.15514779090881348, 0
u,0.8472576141357422, 0.15977442264556885, 0
u,0.8490395545959473, 0.1589118242263794, 0
u,0.829493522644043, 0.17906111478805542, 0
u,0.8342063426971436, 0.1785576343536377, 0
u,0.8303813934326172, 0.17728394269943237, 0
u,0.8490395545959473, 0.1589118242263794, 0
u,0.8485193252563477, 0.1636795997619629, 0
u,0.8504642248153687, 0.1633683443069458, 0
u,0.8257404565811157, 0.17633885145187378, 0
u,0.8303813934326172, 0.17728394269943237, 0
u,0.8271516561508179, 0.17490684986114502, 0
u,0.8504642248153687, 0.1633683443069458, 0
u,0.8486804962158203, 0.16776597499847412, 0
u,0.8505104780197144, 0.1679997444152832, 0
u,0.8256086111068726, 0.15525680780410767, 0
u,0.8302750587463379, 0.1543918251991272, 0
u,0.8293516635894775, 0.15257936716079712, 0
u,0.8229891061782837, 0.17256379127502441, 0
u,0.8271516561508179, 0.17490684986114502, 0
u,0.8248302936553955, 0.17162281274795532, 0
u,0.8492565155029297, 0.17245709896087646, 0
u,0.8486804962158203, 0.16776597499847412, 0
u,0.8475630283355713, 0.17166441679000854, 0
u,0.8293516635894775, 0.15257936716079712, 0
u,0.8339906930923462, 0.153128981590271, 0
u,0.8336279392242432, 0.15122199058532715, 0
u,0.023977577686309814, 0.5944227874279022, 0
u,0.02091282606124878, 0.5912807583808899, 0
u,0.022343814373016357, 0.595295250415802, 0
u,0.036018550395965576, 0.5775265395641327, 0
u,0.04039400815963745, 0.5771000385284424, 0
u,0.03630417585372925, 0.5757863819599152, 0
u,0.023977577686309814, 0.5944227874279022, 0
u,0.024953126907348633, 0.5987371802330017, 0
u,0.026287436485290527, 0.5973308384418488, 0
u,0.036018550395965576, 0.5775265395641327, 0
u,0.032063961029052734, 0.5757316052913666, 0
u,0.032270848751068115, 0.5775231719017029, 0
u,0.04289215803146362, 0.5972905158996582, 0
u,0.04658663272857666, 0.5951533615589142, 0
u,0.04483461380004883, 0.5943666696548462, 0
u,0.029364585876464844, 0.5994617342948914, 0
u,0.024953126907348633, 0.5987371802330017, 0
u,0.028548777103424072, 0.6011592745780945, 0
u,0.032270848751068115, 0.5775231719017029, 0
u,0.027966439723968506, 0.576979249715805, 0
u,0.02874690294265747, 0.5785611867904663, 0
u,0.04593479633331299, 0.5908763408660889, 0
u,0.04658663272857666, 0.5951533615589142, 0
u,0.047804057598114014, 0.5911317467689514, 0
u,0.029364585876464844, 0.5994617342948914, 0
u,0.032665908336639404, 0.6024640500545502, 0
u,0.03296065330505371, 0.6004948616027832, 0
u,0.02874690294265747, 0.5785611867904663, 0
u,0.024543583393096924, 0.5794593095779419, 0
u,0.02576345205307007, 0.5807191133499146, 0
u,0.04592442512512207, 0.5872484445571899, 0
u,0.047804057598114014, 0.5911317467689514, 0
u,0.04773604869842529, 0.5869354009628296, 0
u,0.03296065330505371, 0.6004948616027832, 0
u,0.0369572639465332, 0.6024240851402283, 0
u,0.03662604093551636, 0.6005333662033081, 0
u,0.02576345205307007, 0.5807191133499146, 0
u,0.02203190326690674, 0.5829203724861145, 0
u,0.02367842197418213, 0.5837160348892212, 0
u,0.04482179880142212, 0.5837835967540741, 0
u,0.04773604869842529, 0.5869354009628296, 0
u,0.04636901617050171, 0.5829773843288422, 0
u,0.040056467056274414, 0.5994217693805695, 0
u,0.0369572639465332, 0.6024240851402283, 0
u,0.04096639156341553, 0.6010818481445312, 0
u,0.022564291954040527, 0.5872896611690521, 0
u,0.02203190326690674, 0.5829203724861145, 0
u,0.02082645893096924, 0.5870487093925476, 0
u,0.04482179880142212, 0.5837835967540741, 0
u,0.04387086629867554, 0.5796061158180237, 0
u,0.0426027774810791, 0.5808840990066528, 0
u,0.04289215803146362, 0.5972905158996582, 0
u,0.04096639156341553, 0.6010818481445312, 0
u,0.0442085862159729, 0.5985322892665863, 0
u,0.022564291954040527, 0.5872896611690521, 0
u,0.02091282606124878, 0.5912807583808899, 0
u,0.02270960807800293, 0.5909576416015625, 0
u,0.0426027774810791, 0.5808840990066528, 0
u,0.04039400815963745, 0.5771000385284424, 0
u,0.039547741413116455, 0.5787530243396759, 0
u,0.7467786073684692, 0.6013211309909821, 0
u,0.7557727694511414, 0.5915545225143433, 0
u,0.745929479598999, 0.5923907160758972, 0
u,0.7519784569740295, 0.6186316609382629, 0
u,0.7629925012588501, 0.6238664388656616, 0
u,0.760337769985199, 0.6156415343284607, 0
u,0.5312504768371582, 0.6576480269432068, 0
u,0.5258907079696655, 0.6522968411445618, 0
u,0.529331386089325, 0.6590338945388794, 0
u,0.7459072470664978, 0.5833568871021271, 0
u,0.7557727694511414, 0.5915545225143433, 0
u,0.7551332712173462, 0.5829258859157562, 0
u,0.74870765209198, 0.6101803481578827, 0
u,0.760337769985199, 0.6156415343284607, 0
u,0.7583054900169373, 0.6076986789703369, 0
u,0.5312504768371582, 0.6576480269432068, 0
u,0.5328760147094727, 0.6659374237060547, 0
u,0.536768913269043, 0.6631317734718323, 0
u,0.056709110736846924, 0.6104919612407684, 0
u,0.05416440963745117, 0.5987725555896759, 0
u,0.05026036500930786, 0.604332447052002, 0
u,0.74870765209198, 0.6101803481578827, 0
u,0.7567760944366455, 0.5997568964958191, 0
u,0.7467786073684692, 0.6013211309909821, 0
u,0.5426918268203735, 0.6689793467521667, 0
u,0.5328760147094727, 0.6659374237060547, 0
u,0.5367425680160522, 0.6733583211898804, 0
u,0.047804057598114014, 0.5911317467689514, 0
u,0.05416440963745117, 0.5987725555896759, 0
u,0.05610048770904541, 0.5922093987464905, 0
u,0.529331386089325, 0.6590338945388794, 0
u,0.5283061265945435, 0.6673943996429443, 0
u,0.5328760147094727, 0.6659374237060547, 0
u,0.06210494041442871, 0.6024062931537628, 0
u,0.05610048770904541, 0.5922093987464905, 0
u,0.05416440963745117, 0.5987725555896759, 0
u,0.7567760944366455, 0.5997568964958191, 0
u,0.7670689225196838, 0.6060456335544586, 0
u,0.7660306692123413, 0.59850013256073, 0
u,0.5328760147094727, 0.6659374237060547, 0
u,0.5296742916107178, 0.6757052540779114, 0
u,0.5367425680160522, 0.6733583211898804, 0
u,0.04773604869842529, 0.5869354009628296, 0
u,0.05610048770904541, 0.5922093987464905, 0
u,0.05593132972717285, 0.5854158103466034, 0
u,0.7567760944366455, 0.5997568964958191, 0
u,0.765158474445343, 0.5906534492969513, 0
u,0.7557727694511414, 0.5915545225143433, 0
u,0.7629925012588501, 0.6238664388656616, 0
u,0.7684773802757263, 0.6137396991252899, 0
u,0.760337769985199, 0.6156415343284607, 0
u,0.529331386089325, 0.6590338945388794, 0
u,0.5258907079696655, 0.6522968411445618, 0
u,0.5270808935165405, 0.659757673740387, 0
u,0.7557727694511414, 0.5915545225143433, 0
u,0.7644002437591553, 0.5819492936134338, 0
u,0.7551332712173462, 0.5829258859157562, 0
u,0.760337769985199, 0.6156415343284607, 0
u,0.7670689225196838, 0.6060456335544586, 0
u,0.7583054900169373, 0.6076986789703369, 0
u,0.7684773802757263, 0.6137396991252899, 0
u,0.7775132656097412, 0.620719313621521, 0
u,0.7764664888381958, 0.6124861538410187, 0
u,0.5270808935165405, 0.659757673740387, 0
u,0.5258907079696655, 0.6522968411445618, 0
u,0.5247179865837097, 0.6597749590873718, 0
u,0.7644002437591553, 0.5819492936134338, 0
u,0.7743175029754639, 0.5898384153842926, 0
u,0.7737584710121155, 0.5813035368919373, 0
u,0.7684773802757263, 0.6137396991252899, 0
u,0.7756062746047974, 0.6049685478210449, 0
u,0.7670689225196838, 0.6060456335544586, 0
u,0.5283061265945435, 0.6673943996429443, 0
u,0.5247179865837097, 0.6597749590873718, 0
u,0.5235040187835693, 0.6674729585647583, 0
u,0.05610048770904541, 0.5922093987464905, 0
u,0.06431269645690918, 0.5837947428226471, 0
u,0.05593132972717285, 0.5854158103466034, 0
u,0.7670689225196838, 0.6060456335544586, 0
u,0.7748829126358032, 0.5975448191165924, 0
u,0.7660306692123413, 0.59850013256073, 0
u,0.5296742916107178, 0.6757052540779114, 0
u,0.5235040187835693, 0.6674729585647583, 0
u,0.5222471952438354, 0.6757070422172546, 0
u,0.04636901617050171, 0.5829773843288422, 0
u,0.05593132972717285, 0.5854158103466034, 0
u,0.053740739822387695, 0.5790109932422638, 0
u,0.765158474445343, 0.5906534492969513, 0
u,0.7748829126358032, 0.5975448191165924, 0
u,0.7743175029754639, 0.5898384153842926, 0
u,0.5235040187835693, 0.6674729585647583, 0
u,0.5152036547660828, 0.6734734773635864, 0
u,0.5222471952438354, 0.6757070422172546, 0
u,0.04387086629867554, 0.5796061158180237, 0
u,0.053740739822387695, 0.5790109932422638, 0
u,0.049604058265686035, 0.5736424922943115, 0
u,0.7743175029754639, 0.5898384153842926, 0
u,0.783625602722168, 0.5969066619873047, 0
u,0.7833330035209656, 0.5893141329288483, 0
u,0.7764664888381958, 0.6124861538410187, 0
u,0.7849199175834656, 0.620110958814621, 0
u,0.7844032049179077, 0.6117948591709137, 0
u,0.5247179865837097, 0.6597749590873718, 0
u,0.5258907079696655, 0.6522968411445618, 0
u,0.522459864616394, 0.6590539813041687, 0
u,0.7737584710121155, 0.5813035368919373, 0
u,0.7833330035209656, 0.5893141329288483, 0
u,0.7830182313919067, 0.5808831751346588, 0
u,0.7756062746047974, 0.6049685478210449, 0
u,0.7844032049179077, 0.6117948591709137, 0
u,0.7840001583099365, 0.6042420268058777, 0
u,0.5235040187835693, 0.6674729585647583, 0
u,0.522459864616394, 0.6590539813041687, 0
u,0.5189302563667297, 0.6659759879112244, 0
u,0.06431269645690918, 0.5837947428226471, 0
u,0.053740739822387695, 0.5790109932422638, 0
u,0.05593132972717285, 0.5854158103466034, 0
u,0.7748829126358032, 0.5975448191165924, 0
u,0.7840001583099365, 0.6042420268058777, 0
u,0.783625602722168, 0.5969066619873047, 0
u,0.7840001583099365, 0.6042420268058777, 0
u,0.7923722267150879, 0.6115877032279968, 0
u,0.7923510670661926, 0.6039861142635345, 0
u,0.5189302563667297, 0.6659759879112244, 0
u,0.5205330848693848, 0.6576654314994812, 0
u,0.5150730609893799, 0.663152277469635, 0
u,0.053740739822387695, 0.5790109932422638, 0
u,0.055684447288513184, 0.5674025416374207, 0
u,0.049604058265686035, 0.5736424922943115, 0
u,0.7840001583099365, 0.6042420268058777, 0
u,0.7923182845115662, 0.5966478884220123, 0
u,0.783625602722168, 0.5969066619873047, 0
u,0.5189302563667297, 0.6659759879112244, 0
u,0.5091381072998047, 0.6691371202468872, 0
u,0.5152036547660828, 0.6734734773635864, 0
u,0.04039400815963745, 0.5771000385284424, 0
u,0.049604058265686035, 0.5736424922943115, 0
u,0.04409307241439819, 0.5696440637111664, 0
u,0.7833330035209656, 0.5893141329288483, 0
u,0.7923182845115662, 0.5966478884220123, 0
u,0.7922590374946594, 0.589096873998642, 0
u,0.7844032049179077, 0.6117948591709137, 0
u,0.7924049496650696, 0.6199540495872498, 0
u,0.7923722267150879, 0.6115877032279968, 0
u,0.522459864616394, 0.6590539813041687, 0
u,0.5258907079696655, 0.6522968411445618, 0
u,0.5205330848693848, 0.6576654314994812, 0
u,0.7830182313919067, 0.5808831751346588, 0
u,0.7922590374946594, 0.589096873998642, 0
u,0.7921875715255737, 0.5807309448719025, 0
u,0.7923722267150879, 0.6115877032279968, 0
u,0.7999347448348999, 0.6202138960361481, 0
u,0.800377607345581, 0.6117766499519348, 0
u,0.5205330848693848, 0.6576654314994812, 0
u,0.5258907079696655, 0.6522968411445618, 0
u,0.519142746925354, 0.6557374596595764, 0
u,0.7921875715255737, 0.5807309448719025, 0
u,0.8011964559555054, 0.5891193747520447, 0
u,0.8012892007827759, 0.5808266699314117, 0
u,0.7923722267150879, 0.6115877032279968, 0
u,0.8007217049598694, 0.6041616797447205, 0
u,0.7923510670661926, 0.6039861142635345, 0
u,0.5205330848693848, 0.6576654314994812, 0
u,0.5121951103210449, 0.6592923402786255, 0
u,0.5150730609893799, 0.663152277469635, 0
u,0.055684447288513184, 0.5674025416374207, 0
u,0.04409307241439819, 0.5696440637111664, 0
u,0.049604058265686035, 0.5736424922943115, 0
u,0.7923182845115662, 0.5966478884220123, 0
u,0.8007217049598694, 0.6041616797447205, 0
u,0.8010411858558655, 0.5967764556407928, 0
u,0.5091381072998047, 0.6691371202468872, 0
u,0.5121951103210449, 0.6592923402786255, 0
u,0.5047469735145569, 0.6631130576133728, 0
u,0.03630417585372925, 0.5757863819599152, 0
u,0.04409307241439819, 0.5696440637111664, 0
u,0.037601590156555176, 0.5675268769264221, 0
u,0.7923182845115662, 0.5966478884220123, 0
u,0.8011964559555054, 0.5891193747520447, 0
u,0.7922590374946594, 0.589096873998642, 0
u,0.8010411858558655, 0.5967764556407928, 0
u,0.8092273473739624, 0.604741781949997, 0
u,0.8098530173301697, 0.5972377359867096, 0
u,0.5121951103210449, 0.6592923402786255, 0
u,0.5023942589759827, 0.656017541885376, 0
u,0.5047469735145569, 0.6631130576133728, 0
u,0.032063961029052734, 0.5757316052913666, 0
u,0.037601590156555176, 0.5675268769264221, 0
u,0.030748605728149414, 0.5674504041671753, 0
u,0.8010411858558655, 0.5967764556407928, 0
u,0.8102337121963501, 0.589496374130249, 0
u,0.8011964559555054, 0.5891193747520447, 0
u,0.7999347448348999, 0.6202138960361481, 0
u,0.8084537386894226, 0.6124140024185181, 0
u,0.800377607345581, 0.6117766499519348, 0
u,0.519142746925354, 0.6557374596595764, 0
u,0.5258907079696655, 0.6522968411445618, 0
u,0.5184212327003479, 0.653481662273407, 0
u,0.8011964559555054, 0.5891193747520447, 0
u,0.8105744123458862, 0.5808371305465698, 0
u,0.8012892007827759, 0.5808266699314117, 0
u,0.800377607345581, 0.6117766499519348, 0
u,0.8092273473739624, 0.604741781949997, 0
u,0.8007217049598694, 0.6041616797447205, 0
u,0.519142746925354, 0.6557374596595764, 0
u,0.5107672214508057, 0.6547033190727234, 0
u,0.5121951103210449, 0.6592923402786255, 0
u,0.04790157079696655, 0.5618750751018524, 0
u,0.037601590156555176, 0.5675268769264221, 0
u,0.04409307241439819, 0.5696440637111664, 0
u,0.8084537386894226, 0.6124140024185181, 0
u,0.8179327845573425, 0.6056735515594482, 0
u,0.8092273473739624, 0.604741781949997, 0
u,0.5107672214508057, 0.6547033190727234, 0
u,0.5184083580970764, 0.65111243724823, 0
u,0.5107339024543762, 0.6499037146568298, 0
u,0.03886902332305908, 0.5590205192565918, 0
u,0.030748605728149414, 0.5674504041671753, 0
u,0.037601590156555176, 0.5675268769264221, 0
u,0.8098530173301697, 0.5972377359867096, 0
u,0.8179327845573425, 0.6056735515594482, 0
u,0.8188513517379761, 0.5979827642440796, 0
u,0.5023942589759827, 0.656017541885376, 0
u,0.5107339024543762, 0.6499037146568298, 0
u,0.5024153590202332, 0.6484959721565247, 0
u,0.027966439723968506, 0.576979249715805, 0
u,0.030748605728149414, 0.5674504041671753, 0
u,0.02419811487197876, 0.5696125328540802, 0
u,0.8098530173301697, 0.5972377359867096, 0
u,0.8194820284843445, 0.5899968147277832, 0
u,0.8102337121963501, 0.589496374130249, 0
u,0.8084537386894226, 0.6124140024185181, 0
u,0.8150728940963745, 0.6221423745155334, 0
u,0.8166763782501221, 0.6135669350624084, 0
u,0.5184212327003479, 0.653481662273407, 0
u,0.5258907079696655, 0.6522968411445618, 0
u,0.5184083580970764, 0.65111243724823, 0
u,0.8105744123458862, 0.5808371305465698, 0
u,0.8194820284843445, 0.5899968147277832, 0
u,0.8199470043182373, 0.5813966393470764, 0
u,0.8194820284843445, 0.5899968147277832, 0
u,0.8282349109649658, 0.5989243686199188, 0
u,0.8289726376533508, 0.590581625699997, 0
u,0.8166763782501221, 0.6135669350624084, 0
u,0.8226388096809387, 0.6239692866802216, 0
u,0.8251604437828064, 0.6153531670570374, 0
u,0.5184083580970764, 0.65111243724823, 0
u,0.5258907079696655, 0.6522968411445618, 0
u,0.5191527605056763, 0.6488618850708008, 0
u,0.8199470043182373, 0.5813966393470764, 0
u,0.8289726376533508, 0.590581625699997, 0
u,0.8292136192321777, 0.5818989276885986, 0
u,0.8179327845573425, 0.6056735515594482, 0
u,0.8251604437828064, 0.6153531670570374, 0
u,0.8270281553268433, 0.6070838272571564, 0
u,0.5184083580970764, 0.65111243724823, 0
u,0.5122255086898804, 0.6453287601470947, 0
u,0.5107339024543762, 0.6499037146568298, 0
u,0.030748605728149414, 0.5674504041671753, 0
u,0.020347535610198975, 0.5617890357971191, 0
u,0.02419811487197876, 0.5696125328540802, 0
u,0.8188513517379761, 0.5979827642440796, 0
u,0.8270281553268433, 0.6070838272571564, 0
u,0.8282349109649658, 0.5989243686199188, 0
u,0.5107339024543762, 0.6499037146568298, 0
u,0.5047755837440491, 0.6414011716842651, 0
u,0.5024153590202332, 0.6484959721565247, 0
u,0.024543583393096924, 0.5794593095779419, 0
u,0.02419811487197876, 0.5696125328540802, 0
u,0.01868915557861328, 0.5736996531486511, 0
u,0.8270281553268433, 0.6070838272571564, 0
u,0.838614821434021, 0.6002057492733002, 0
u,0.8282349109649658, 0.5989243686199188, 0
u,0.5047755837440491, 0.6414011716842651, 0
u,0.5150514841079712, 0.6414344906806946, 0
u,0.5092116594314575, 0.6354175806045532, 0
u,0.02203190326690674, 0.5829203724861145, 0
u,0.01868915557861328, 0.5736996531486511, 0
u,0.014621555805206299, 0.5792509317398071, 0
u,0.8289726376533508, 0.590581625699997, 0
u,0.838614821434021, 0.6002057492733002, 0
u,0.8390264511108398, 0.5909808278083801, 0
u,0.8251604437828064, 0.6153531670570374, 0
u,0.830009937286377, 0.6266395747661591, 0
u,0.833871603012085, 0.6180899143218994, 0
u,0.5191527605056763, 0.6488618850708008, 0
u,0.5258907079696655, 0.6522968411445618, 0
u,0.520537793636322, 0.6469406485557556, 0
u,0.8292136192321777, 0.5818989276885986, 0
u,0.8390264511108398, 0.5909808278083801, 0
u,0.8385689854621887, 0.581846296787262, 0
u,0.8251604437828064, 0.6153531670570374, 0
u,0.8368418216705322, 0.6093178391456604, 0
u,0.8270281553268433, 0.6070838272571564, 0
u,0.5122255086898804, 0.6453287601470947, 0
u,0.520537793636322, 0.6469406485557556, 0
u,0.5150514841079712, 0.6414344906806946, 0
u,0.02419811487197876, 0.5696125328540802, 0
u,0.01238340139389038, 0.5674161612987518, 0
u,0.01868915557861328, 0.5736996531486511, 0
u,0.9886954426765442, 0.37517035007476807, 0
u,0.9790144562721252, 0.36641669273376465, 0
u,0.979296088218689, 0.37519383430480957, 0
u,0.9869678616523743, 0.34761661291122437, 0
u,0.9751405119895935, 0.3415767550468445, 0
u,0.9770013689994812, 0.3498328924179077, 0
u,0.520537793636322, 0.6469406485557556, 0
u,0.5189218521118164, 0.638616681098938, 0
u,0.5150514841079712, 0.6414344906806946, 0
u,0.01238340139389038, 0.5674161612987518, 0
u,0.014621555805206299, 0.5792509317398071, 0
u,0.01868915557861328, 0.5736996531486511, 0
u,0.9869678616523743, 0.34761661291122437, 0
u,0.9782995581626892, 0.3580232858657837, 0
u,0.9886008501052856, 0.3568084239959717, 0
u,0.5092116594314575, 0.6354175806045532, 0
u,0.5189218521118164, 0.638616681098938, 0
u,0.5152487754821777, 0.6311461925506592, 0
u,0.02082645893096924, 0.5870487093925476, 0
u,0.014621555805206299, 0.5792509317398071, 0
u,0.012508928775787354, 0.5858016908168793, 0
u,0.9886008501052856, 0.3568084239959717, 0
u,0.9790144562721252, 0.36641669273376465, 0
u,0.9890788793563843, 0.36598455905914307, 0
u,0.9799613952636719, 0.33022308349609375, 0
u,0.9751405119895935, 0.3415767550468445, 0
u,0.983907163143158, 0.3387695550918579, 0
u,0.520537793636322, 0.6469406485557556, 0
u,0.5258907079696655, 0.6522968411445618, 0
u,0.5224530100822449, 0.6455402374267578, 0
u,0.9782995581626892, 0.3580232858657837, 0
u,0.9694543480873108, 0.36696857213974, 0
u,0.9790144562721252, 0.36641669273376465, 0
u,0.9725829362869263, 0.33295565843582153, 0
u,0.9666910171508789, 0.34336918592453003, 0
u,0.9751405119895935, 0.3415767550468445, 0
u,0.5224530100822449, 0.6455402374267578, 0
u,0.5258907079696655, 0.6522968411445618, 0
u,0.5247131586074829, 0.6448180079460144, 0
u,0.9790144562721252, 0.36641669273376465, 0
u,0.9698851108551025, 0.3757767677307129, 0
u,0.979296088218689, 0.37519383430480957, 0
u,0.9770013689994812, 0.3498328924179077, 0
u,0.9666910171508789, 0.34336918592453003, 0
u,0.9679067134857178, 0.35131382942199707, 0
u,0.5224530100822449, 0.6455402374267578, 0
u,0.5234930515289307, 0.6371187567710876, 0
u,0.5189218521118164, 0.638616681098938, 0
u,0.006777465343475342, 0.5754182636737823, 0
u,0.012508928775787354, 0.5858016908168793, 0
u,0.014621555805206299, 0.5792509317398071, 0
u,0.9770013689994812, 0.3498328924179077, 0
u,0.9688394069671631, 0.3589838147163391, 0
u,0.9782995581626892, 0.3580232858657837, 0
u,0.5152487754821777, 0.6311461925506592, 0
u,0.5234930515289307, 0.6371187567710876, 0
u,0.5222461223602295, 0.6289538741111755, 0
u,0.012622594833374023, 0.5926832258701324, 0
u,0.02082645893096924, 0.5870487093925476, 0
u,0.012508928775787354, 0.5858016908168793, 0
u,0.012508928775787354, 0.5858016908168793, 0
u,0.004017353057861328, 0.5940209329128265, 0
u,0.012622594833374023, 0.5926832258701324, 0
u,0.9679067134857178, 0.35131382942199707, 0
u,0.9598177075386047, 0.3597177267074585, 0
u,0.9688394069671631, 0.3589838147163391, 0
u,0.5234930515289307, 0.6371187567710876, 0
u,0.5295737385749817, 0.6289539337158203, 0
u,0.5222461223602295, 0.6289538741111755, 0
u,0.014849364757537842, 0.5992418527603149, 0
u,0.02091282606124878, 0.5912807583808899, 0
u,0.012622594833374023, 0.5926832258701324, 0
u,0.9694543480873108, 0.36696857213974, 0
u,0.9598177075386047, 0.3597177267074585, 0
u,0.9601702094078064, 0.367501437664032, 0
u,0.965033769607544, 0.33483660221099854, 0
u,0.9584684371948242, 0.34452366828918457, 0
u,0.9666910171508789, 0.34336918592453003, 0
u,0.5247131586074829, 0.6448180079460144, 0
u,0.5258907079696655, 0.6522968411445618, 0
u,0.5270787477493286, 0.6448296308517456, 0
u,0.9698851108551025, 0.3757767677307129, 0
u,0.9601702094078064, 0.367501437664032, 0
u,0.9604323506355286, 0.37604212760925293, 0
u,0.9666910171508789, 0.34336918592453003, 0
u,0.9592484831809998, 0.35221850872039795, 0
u,0.9679067134857178, 0.35131382942199707, 0
u,0.5247131586074829, 0.6448180079460144, 0
u,0.5282908082008362, 0.6371713280677795, 0
u,0.5234930515289307, 0.6371187567710876, 0
u,0.5270787477493286, 0.6448296308517456, 0
u,0.5258907079696655, 0.6522968411445618, 0
u,0.5293217301368713, 0.6455720067024231, 0
u,0.9604323506355286, 0.37604212760925293, 0
u,0.9511162638664246, 0.367800235748291, 0
u,0.9512116312980652, 0.37610602378845215, 0
u,0.9584684371948242, 0.34452366828918457, 0
u,0.9507991671562195, 0.3527495861053467, 0
u,0.9592484831809998, 0.35221850872039795, 0
u,0.5270787477493286, 0.6448296308517456, 0
u,0.5328258275985718, 0.6386945843696594, 0
u,0.5282908082008362, 0.6371713280677795, 0
u,0.012622594833374023, 0.5926832258701324, 0
u,0.006955623626708984, 0.60323166847229, 0
u,0.014849364757537842, 0.5992418527603149, 0
u,0.9598177075386047, 0.3597177267074585, 0
u,0.9507991671562195, 0.3527495861053467, 0
u,0.9509950280189514, 0.3601364493370056, 0
u,0.5282908082008362, 0.6371713280677795, 0
u,0.536613404750824, 0.6312252879142761, 0
u,0.5295737385749817, 0.6289539337158203, 0
u,0.01904994249343872, 0.60479936003685, 0
u,0.022343814373016357, 0.595295250415802, 0
u,0.014849364757537842, 0.5992418527603149, 0
u,0.9601702094078064, 0.367501437664032, 0
u,0.9509950280189514, 0.3601364493370056, 0
u,0.9511162638664246, 0.367800235748291, 0
u,0.9574753642082214, 0.33611810207366943, 0
u,0.9504415392875671, 0.3451269865036011, 0
u,0.9584684371948242, 0.34452366828918457, 0
u,0.024709701538085938, 0.6089270114898682, 0
u,0.024953126907348633, 0.5987371802330017, 0
u,0.01904994249343872, 0.60479936003685, 0
u,0.9511162638664246, 0.367800235748291, 0
u,0.9422856569290161, 0.3602169156074524, 0
u,0.9421724677085876, 0.3677343726158142, 0
u,0.9504415392875671, 0.3451269865036011, 0
u,0.9425622820854187, 0.33692336082458496, 0
u,0.9424695372581482, 0.3453027009963989, 0
u,0.5293217301368713, 0.6455720067024231, 0
u,0.5258907079696655, 0.6522968411445618, 0
u,0.5312399864196777, 0.6469502449035645, 0
u,0.9511162638664246, 0.367800235748291, 0
u,0.9420221447944641, 0.37624597549438477, 0
u,0.9512116312980652, 0.37610602378845215, 0
u,0.9504415392875671, 0.3451269865036011, 0
u,0.9424219727516174, 0.3528698682785034, 0
u,0.9507991671562195, 0.3527495861053467, 0
u,0.5328258275985718, 0.6386945843696594, 0
u,0.5312399864196777, 0.6469502449035645, 0
u,0.5367323160171509, 0.6414426565170288, 0
u,0.014849364757537842, 0.5992418527603149, 0
u,0.01274484395980835, 0.6112068295478821, 0
u,0.01904994249343872, 0.60479936003685, 0
u,0.9509950280189514, 0.3601364493370056, 0
u,0.9424219727516174, 0.3528698682785034, 0
u,0.9422856569290161, 0.3602169156074524, 0
u,0.536613404750824, 0.6312252879142761, 0
u,0.5367323160171509, 0.6414426565170288, 0
u,0.5425569415092468, 0.6355782151222229, 0
u,0.5312399864196777, 0.6469502449035645, 0
u,0.5395280122756958, 0.6453365683555603, 0
u,0.5367323160171509, 0.6414426565170288, 0
u,0.01274484395980835, 0.6112068295478821, 0
u,0.024709701538085938, 0.6089270114898682, 0
u,0.01904994249343872, 0.60479936003685, 0
u,0.9422856569290161, 0.3602169156074524, 0
u,0.9340521097183228, 0.3525902032852173, 0
u,0.9336051940917969, 0.3599167466163635, 0
u,0.5367323160171509, 0.6414426565170288, 0
u,0.5468927621841431, 0.6414858102798462, 0
u,0.5425569415092468, 0.6355782151222229, 0
u,0.03139805793762207, 0.6109592914581299, 0
u,0.028548777103424072, 0.6011592745780945, 0
u,0.024709701538085938, 0.6089270114898682, 0
u,0.9422856569290161, 0.3602169156074524, 0
u,0.9332736730575562, 0.367515504360199, 0
u,0.9421724677085876, 0.3677343726158142, 0
u,0.9424695372581482, 0.3453027009963989, 0
u,0.9349966645240784, 0.33650046586990356, 0
u,0.9344661831855774, 0.3450471758842468, 0
u,0.5312399864196777, 0.6469502449035645, 0
u,0.5258907079696655, 0.6522968411445618, 0
u,0.5326223969459534, 0.6488675475120544, 0
u,0.9420221447944641, 0.37624597549438477, 0
u,0.9332736730575562, 0.367515504360199, 0
u,0.9328794479370117, 0.37574875354766846, 0
u,0.9424695372581482, 0.3453027009963989, 0
u,0.9340521097183228, 0.3525902032852173, 0
u,0.9424219727516174, 0.3528698682785034, 0
u,0.5326223969459534, 0.6488675475120544, 0
u,0.5258907079696655, 0.6522968411445618, 0
u,0.5333680510520935, 0.6511126160621643, 0
u,0.9332736730575562, 0.367515504360199, 0
u,0.923780620098114, 0.37532752752304077, 0
u,0.9328794479370117, 0.37574875354766846, 0
u,0.9340521097183228, 0.3525902032852173, 0
u,0.926460325717926, 0.34431856870651245, 0
u,0.925632894039154, 0.35190463066101074, 0
u,0.5395280122756958, 0.6453365683555603, 0
u,0.5333680510520935, 0.6511126160621643, 0
u,0.5410133004188538, 0.6498851776123047, 0
u,0.024709701538085938, 0.6089270114898682, 0
u,0.030076682567596436, 0.6196475327014923, 0
u,0.03139805793762207, 0.6109592914581299, 0
u,0.9336051940917969, 0.3599167466163635, 0
u,0.925632894039154, 0.35190463066101074, 0
u,0.9249191284179688, 0.3592911958694458, 0
u,0.5468927621841431, 0.6414858102798462, 0
u,0.5410133004188538, 0.6498851776123047, 0
u,0.5492198467254639, 0.6484696269035339, 0
u,0.0369572639465332, 0.6024240851402283, 0
u,0.03139805793762207, 0.6109592914581299, 0
u,0.038374364376068115, 0.610808402299881, 0
u,0.9336051940917969, 0.3599167466163635, 0
u,0.9243398308753967, 0.36693882942199707, 0
u,0.9332736730575562, 0.367515504360199, 0
u,0.9344661831855774, 0.3450471758842468, 0
u,0.9274535179138184, 0.33600175380706787, 0
u,0.926460325717926, 0.34431856870651245, 0
u,0.5410133004188538, 0.6498851776123047, 0
u,0.549287736415863, 0.6558678150177002, 0
u,0.5492198467254639, 0.6484696269035339, 0
u,0.04096639156341553, 0.6010818481445312, 0
u,0.038374364376068115, 0.610808402299881, 0
u,0.04488497972488403, 0.6085107028484344, 0
u,0.9249191284179688, 0.3592911958694458, 0
u,0.9152299165725708, 0.3661431670188904, 0
u,0.9243398308753967, 0.36693882942199707, 0
u,0.9274535179138184, 0.33600175380706787, 0
u,0.9184610247612, 0.3430786728858948, 0
u,0.926460325717926, 0.34431856870651245, 0
u,0.5333680510520935, 0.6511126160621643, 0
u,0.5258907079696655, 0.6522968411445618, 0
u,0.5333608984947205, 0.6534786224365234, 0
u,0.9243398308753967, 0.36693882942199707, 0
u,0.9145469665527344, 0.37470030784606934, 0
u,0.923780620098114, 0.37532752752304077, 0
u,0.925632894039154, 0.35190463066101074, 0
u,0.9184610247612, 0.3430786728858948, 0
u,0.9171218872070312, 0.35074567794799805, 0
u,0.5410133004188538, 0.6498851776123047, 0
u,0.5333608984947205, 0.6534786224365234, 0
u,0.5410093665122986, 0.6546642184257507, 0
u,0.03139805793762207, 0.6109592914581299, 0
u,0.03979372978210449, 0.6194941997528076, 0
u,0.038374364376068115, 0.610808402299881, 0
u,0.925632894039154, 0.35190463066101074, 0
u,0.916103184223175, 0.35828453302383423, 0
u,0.9249191284179688, 0.3592911958694458, 0
u,0.5410093665122986, 0.6546642184257507, 0
u,0.5326250195503235, 0.6557233929634094, 0
u,0.5395118594169617, 0.6592108607292175, 0
u,0.038374364376068115, 0.610808402299881, 0
u,0.04895216226577759, 0.6163407862186432, 0
u,0.04488497972488403, 0.6085107028484344, 0
u,0.9171218872070312, 0.35074567794799805, 0
u,0.9068847894668579, 0.35700690746307373, 0
u,0.916103184223175, 0.35828453302383423, 0
u,0.5410093665122986, 0.6546642184257507, 0
u,0.547045111656189, 0.6629723906517029, 0
u,0.549287736415863, 0.6558678150177002, 0
u,0.05026036500930786, 0.604332447052002, 0
u,0.04096639156341553, 0.6010818481445312, 0
u,0.04488497972488403, 0.6085107028484344, 0
u,0.9152299165725708, 0.3661431670188904, 0
u,0.9068847894668579, 0.35700690746307373, 0
u,0.9058583378791809, 0.3651818037033081, 0
u,0.9184610247612, 0.3430786728858948, 0
u,0.9129906296730042, 0.3330450654029846, 0
u,0.9103705883026123, 0.3411906957626343, 0
u,0.5333608984947205, 0.6534786224365234, 0
u,0.5258907079696655, 0.6522968411445618, 0
u,0.5326250195503235, 0.6557233929634094, 0
u,0.9152299165725708, 0.3661431670188904, 0
u,0.90522301197052, 0.37399929761886597, 0
u,0.9145469665527344, 0.37470030784606934, 0
u,0.9184610247612, 0.3430786728858948, 0
u,0.9083346724510193, 0.34905683994293213, 0
u,0.9171218872070312, 0.35074567794799805, 0
u,0.9103705883026123, 0.3411906957626343, 0
u,0.9060541987419128, 0.3302677869796753, 0
u,0.9020939469337463, 0.3382711410522461, 0
u,0.5326250195503235, 0.6557233929634094, 0
u,0.5258907079696655, 0.6522968411445618, 0
u,0.5312504768371582, 0.6576480269432068, 0
u,0.90522301197052, 0.37399929761886597, 0
u,0.8959141373634338, 0.3644184470176697, 0
u,0.8959400057792664, 0.3734785318374634, 0
u,0.9103705883026123, 0.3411906957626343, 0
u,0.8989118933677673, 0.3465592861175537, 0
u,0.9083346724510193, 0.34905683994293213, 0
u,0.5395118594169617, 0.6592108607292175, 0
u,0.5312504768371582, 0.6576480269432068, 0
u,0.536768913269043, 0.6631317734718323, 0
u,0.04488497972488403, 0.6085107028484344, 0
u,0.056709110736846924, 0.6104919612407684, 0
u,0.05026036500930786, 0.604332447052002, 0
u,0.9083346724510193, 0.34905683994293213, 0
u,0.8967565298080444, 0.35535913705825806, 0
u,0.9068847894668579, 0.35700690746307373, 0
u,0.547045111656189, 0.6629723906517029, 0
u,0.536768913269043, 0.6631317734718323, 0
u,0.5426918268203735, 0.6689793467521667, 0
u,0.9058583378791809, 0.3651818037033081, 0
u,0.8967565298080444, 0.35535913705825806, 0
u,0.8959141373634338, 0.3644184470176697, 0
u,0.05416440963745117, 0.5987725555896759, 0
u,0.0442085862159729, 0.5985322892665863, 0
u,0.05026036500930786, 0.604332447052002, 0
u,0.8795127272605896, 0.4530014991760254, 0
u,0.8875381946563721, 0.4643216133117676, 0
u,0.9192565083503723, 0.4333195090293884, 0
u,0.9412621855735779, 0.47774451971054077, 0
u,0.9549500346183777, 0.469901978969574, 0
u,0.9539111256599426, 0.46876686811447144, 0
u,0.9539111256599426, 0.46876686811447144, 0
u,0.9645651578903198, 0.45708584785461426, 0
u,0.963164746761322, 0.4563230276107788, 0
u,0.963164746761322, 0.4563230276107788, 0
u,0.9695112109184265, 0.44189274311065674, 0
u,0.9681279063224792, 0.44163066148757935, 0
u,0.9681279063224792, 0.44163066148757935, 0
u,0.9696401357650757, 0.4259833097457886, 0
u,0.9683061242103577, 0.4261200428009033, 0
u,0.9683061242103577, 0.4261200428009033, 0
u,0.9649805426597595, 0.41075366735458374, 0
u,0.9636779427528381, 0.41131532192230225, 0
u,0.9636779427528381, 0.41131532192230225, 0
u,0.9558045864105225, 0.39767807722091675, 0
u,0.9547020792961121, 0.39866793155670166, 0
u,0.9547020792961121, 0.39866793155670166, 0
u,0.9429869651794434, 0.3880828619003296, 0
u,0.9422605037689209, 0.38941633701324463, 0
u,0.9422605037689209, 0.38941633701324463, 0
u,0.9278202652931213, 0.3830564022064209, 0
u,0.9275721311569214, 0.38445109128952026, 0
u,0.9275721311569214, 0.38445109128952026, 0
u,0.9118795394897461, 0.3830564022064209, 0
u,0.9120615720748901, 0.3842700719833374, 0
u,0.8972559571266174, 0.3888967037200928, 0
u,0.9118795394897461, 0.3830564022064209, 0
u,0.8966119885444641, 0.3876035809516907, 0
u,0.8846063017845154, 0.39786791801452637, 0
u,0.8966119885444641, 0.3876035809516907, 0
u,0.88357013463974, 0.39684367179870605, 0
u,0.8753449320793152, 0.4103095531463623, 0
u,0.88357013463974, 0.39684367179870605, 0
u,0.8740519881248474, 0.4096987247467041, 0
u,0.8703837394714355, 0.4250066876411438, 0
u,0.8740519881248474, 0.4096987247467041, 0
u,0.8690637350082397, 0.4248507618904114, 0
u,0.8702079653739929, 0.44051581621170044, 0
u,0.8690637350082397, 0.4248507618904114, 0
u,0.8688011169433594, 0.4407772421836853, 0
u,0.8748307824134827, 0.45531928539276123, 0
u,0.8688011169433594, 0.4407772421836853, 0
u,0.873555600643158, 0.455994188785553, 0
u,0.8838034868240356, 0.4679707884788513, 0
u,0.873555600643158, 0.455994188785553, 0
u,0.8828060626983643, 0.4689866304397583, 0
u,0.8962463736534119, 0.4772326350212097, 0
u,0.8828060626983643, 0.4689866304397583, 0
u,0.8956342339515686, 0.4784877896308899, 0
u,0.910943329334259, 0.48219484090805054, 0
u,0.8956342339515686, 0.4784877896308899, 0
u,0.9107440710067749, 0.4835403561592102, 0
u,0.8301975131034851, 0.8945138528943062, 0
u,0.8264877796173096, 0.9098208323121071, 0
u,0.8281844854354858, 0.9100570008158684, 0
u,0.8109908103942871, 0.9875133205205202, 0
u,0.8145554661750793, 0.9718587268143892, 0
u,0.8097951412200928, 0.9870028952136636, 0
u,0.8291595578193665, 0.7550599724054337, 0
u,0.8253673315048218, 0.7394254207611084, 0
u,0.8278341889381409, 0.7552579045295715, 0
u,0.8329280614852905, 0.8634682297706604, 0
u,0.8307086825370789, 0.8788817003369331, 0
u,0.8318102955818176, 0.8790108487010002, 0
u,0.8194836974143982, 0.9567744918167591, 0
u,0.8214097619056702, 0.9409730322659016, 0
u,0.8183160424232483, 0.9565636701881886, 0
u,0.8339712619781494, 0.8170750141143799, 0
u,0.8327986598014832, 0.8324389010667801, 0
u,0.8338728547096252, 0.8325020223855972, 0
u,0.8234631419181824, 0.72308349609375, 0
u,0.8185788989067078, 0.7071282863616943, 0
u,0.8223161101341248, 0.7233420014381409, 0
u,0.8326155543327332, 0.7861458510160446, 0
u,0.8324745297431946, 0.8016070872545242, 0
u,0.8335002064704895, 0.8016115725040436, 0
u,0.8338728547096252, 0.8325020223855972, 0
u,0.8323653340339661, 0.8479193598031998, 0
u,0.8336716890335083, 0.8479880839586258, 0
u,0.8257089853286743, 0.9256772324442863, 0
u,0.8264877796173096, 0.9098208323121071, 0
u,0.8243833780288696, 0.9254692643880844, 0
u,0.8158752918243408, 0.690472275018692, 0
u,0.8096712231636047, 0.674619048833847, 0
u,0.8146156668663025, 0.6908659338951111, 0
u,0.8291595578193665, 0.7550599724054337, 0
u,0.8300715088844299, 0.7707996815443039, 0
u,0.831211268901825, 0.7706652134656906, 0
u,0.8318102955818176, 0.8790108487010002, 0
u,0.8287803530693054, 0.8943106159567833, 0
u,0.8301975131034851, 0.8945138528943062, 0
u,0.8158180117607117, 0.9721719194203615, 0
u,0.8183160424232483, 0.9565636701881886, 0
u,0.8145554661750793, 0.9718587268143892, 0
u,0.826561689376831, 0.7392065525054932, 0
u,0.8223161101341248, 0.7233420014381409, 0
u,0.8253673315048218, 0.7394254207611084, 0
u,0.8335002064704895, 0.8016115725040436, 0
u,0.8327239751815796, 0.8170143514871597, 0
u,0.8339712619781494, 0.8170750141143799, 0
u,0.8336716890335083, 0.8479880839586258, 0
u,0.8319455981254578, 0.8633754104375839, 0
u,0.8329280614852905, 0.8634682297706604, 0
u,0.8228618502616882, 0.9412184543907642, 0
u,0.8243833780288696, 0.9254692643880844, 0
u,0.8214097619056702, 0.9409730322659016, 0
u,0.8199393153190613, 0.7067668735980988, 0
u,0.8146156668663025, 0.6908659338951111, 0
u,0.8185788989067078, 0.7071282863616943, 0
u,0.831211268901825, 0.7706652134656906, 0
u,0.8316869139671326, 0.7862002551555634, 0
u,0.8326155543327332, 0.7861458510160446, 0
u,0.9264551997184753, 0.48237156867980957, 0
u,0.9107440710067749, 0.4835403561592102, 0
u,0.9266113042831421, 0.4834362268447876, 0
u,0.9631393551826477, 0.4268786311149597, 0
u,0.9636779427528381, 0.41131532192230225, 0
u,0.9589995741844177, 0.41363370418548584, 0
u,0.9509689211845398, 0.40231889486312866, 0
u,0.9636779427528381, 0.41131532192230225, 0
u,0.9547020792961121, 0.39866793155670166, 0
u,0.9509689211845398, 0.40231889486312866, 0
u,0.9422605037689209, 0.38941633701324463, 0
u,0.9398379325866699, 0.39403921365737915, 0
u,0.9266946911811829, 0.389599084854126, 0
u,0.9422605037689209, 0.38941633701324463, 0
u,0.9275721311569214, 0.38445109128952026, 0
u,0.9266946911811829, 0.389599084854126, 0
u,0.9120615720748901, 0.3842700719833374, 0
u,0.9128190875053406, 0.38943713903427124, 0
u,0.899573802947998, 0.3935752511024475, 0
u,0.9120615720748901, 0.3842700719833374, 0
u,0.8972559571266174, 0.3888967037200928, 0
u,0.8882565498352051, 0.40160322189331055, 0
u,0.8972559571266174, 0.3888967037200928, 0
u,0.8846063017845154, 0.39786791801452637, 0
u,0.8882565498352051, 0.40160322189331055, 0
u,0.8753449320793152, 0.4103095531463623, 0
u,0.8799700140953064, 0.4127337336540222, 0
u,0.8799700140953064, 0.4127337336540222, 0
u,0.8703837394714355, 0.4250066876411438, 0
u,0.8755316734313965, 0.42588168382644653, 0
u,0.875375509262085, 0.4397570490837097, 0
u,0.8703837394714355, 0.4250066876411438, 0
u,0.8702079653739929, 0.44051581621170044, 0
u,0.8795127272605896, 0.4530014991760254, 0
u,0.8702079653739929, 0.44051581621170044, 0
u,0.8748307824134827, 0.45531928539276123, 0
u,0.8795127272605896, 0.4530014991760254, 0
u,0.8838034868240356, 0.4679707884788513, 0
u,0.8875381946563721, 0.4643216133117676, 0
u,0.8986702561378479, 0.4726073741912842, 0
u,0.8838034868240356, 0.4679707884788513, 0
u,0.8962463736534119, 0.4772326350212097, 0
u,0.8986702561378479, 0.4726073741912842, 0
u,0.910943329334259, 0.48219484090805054, 0
u,0.9118192195892334, 0.47704678773880005, 0
u,0.9256967902183533, 0.4772045612335205, 0
u,0.910943329334259, 0.48219484090805054, 0
u,0.9264551997184753, 0.48237156867980957, 0
u,0.9389432668685913, 0.4730651378631592, 0
u,0.9264551997184753, 0.48237156867980957, 0
u,0.9412621855735779, 0.47774451971054077, 0
u,0.9389432668685913, 0.4730651378631592, 0
u,0.9539111256599426, 0.46876686811447144, 0
u,0.9502604007720947, 0.46503371000289917, 0
u,0.9502604007720947, 0.46503371000289917, 0
u,0.963164746761322, 0.4563230276107788, 0
u,0.9585407972335815, 0.4539003372192383, 0
u,0.9585407972335815, 0.4539003372192383, 0
u,0.9681279063224792, 0.44163066148757935, 0
u,0.9629805684089661, 0.44075465202331543, 0
u,0.9631393551826477, 0.4268786311149597, 0
u,0.9681279063224792, 0.44163066148757935, 0
u,0.9683061242103577, 0.4261200428009033, 0
u,0.899573802947998, 0.3935752511024475, 0
u,0.8882565498352051, 0.40160322189331055, 0
u,0.9192565083503723, 0.4333195090293884, 0
u,0.9502604007720947, 0.46503371000289917, 0
u,0.9585407972335815, 0.4539003372192383, 0
u,0.9192565083503723, 0.4333195090293884, 0
u,0.9398379325866699, 0.39403921365737915, 0
u,0.9266946911811829, 0.389599084854126, 0
u,0.9192565083503723, 0.4333195090293884, 0
u,0.9118192195892334, 0.47704678773880005, 0
u,0.9192565083503723, 0.4333195090293884, 0
u,0.8986702561378479, 0.4726073741912842, 0
u,0.9192565083503723, 0.4333195090293884, 0
u,0.8755316734313965, 0.42588168382644653, 0
u,0.875375509262085, 0.4397570490837097, 0
u,0.8986702561378479, 0.4726073741912842, 0
u,0.9192565083503723, 0.4333195090293884, 0
u,0.8875381946563721, 0.4643216133117676, 0
u,0.875375509262085, 0.4397570490837097, 0
u,0.8795127272605896, 0.4530014991760254, 0
u,0.9192565083503723, 0.4333195090293884, 0
u,0.8755316734313965, 0.42588168382644653, 0
u,0.9192565083503723, 0.4333195090293884, 0
u,0.8799700140953064, 0.4127337336540222, 0
u,0.9192565083503723, 0.4333195090293884, 0
u,0.9266946911811829, 0.389599084854126, 0
u,0.9128190875053406, 0.38943713903427124, 0
u,0.8799700140953064, 0.4127337336540222, 0
u,0.9192565083503723, 0.4333195090293884, 0
u,0.8882565498352051, 0.40160322189331055, 0
u,0.9128190875053406, 0.38943713903427124, 0
u,0.899573802947998, 0.3935752511024475, 0
u,0.9192565083503723, 0.4333195090293884, 0
u,0.9585407972335815, 0.4539003372192383, 0
u,0.9629805684089661, 0.44075465202331543, 0
u,0.9192565083503723, 0.4333195090293884, 0
u,0.9192565083503723, 0.4333195090293884, 0
u,0.9118192195892334, 0.47704678773880005, 0
u,0.9256967902183533, 0.4772045612335205, 0
u,0.9256967902183533, 0.4772045612335205, 0
u,0.9389432668685913, 0.4730651378631592, 0
u,0.9192565083503723, 0.4333195090293884, 0
u,0.9389432668685913, 0.4730651378631592, 0
u,0.9502604007720947, 0.46503371000289917, 0
u,0.9192565083503723, 0.4333195090293884, 0
u,0.9629805684089661, 0.44075465202331543, 0
u,0.9631393551826477, 0.4268786311149597, 0
u,0.9192565083503723, 0.4333195090293884, 0
u,0.9631393551826477, 0.4268786311149597, 0
u,0.9589995741844177, 0.41363370418548584, 0
u,0.9192565083503723, 0.4333195090293884, 0
u,0.9589995741844177, 0.41363370418548584, 0
u,0.9509689211845398, 0.40231889486312866, 0
u,0.9192565083503723, 0.4333195090293884, 0
u,0.9509689211845398, 0.40231889486312866, 0
u,0.9398379325866699, 0.39403921365737915, 0
u,0.9192565083503723, 0.4333195090293884, 0
u,0.9808696508407593, 0.717139720916748, 0
u,0.9806311130523682, 0.723931223154068, 0
u,0.9879259467124939, 0.7244234681129456, 0
u,0.9806311130523682, 0.723931223154068, 0
u,0.9800552725791931, 0.7306967675685883, 0
u,0.9873107671737671, 0.7315809726715088, 0
u,0.9800552725791931, 0.7306967675685883, 0
u,0.9791342616081238, 0.7374052703380585, 0
u,0.9862953424453735, 0.7386605739593506, 0
u,0.9862953424453735, 0.7386605739593506, 0
u,0.9791342616081238, 0.7374052703380585, 0
u,0.9778737425804138, 0.744030088186264, 0
u,0.9778737425804138, 0.744030088186264, 0
u,0.9762749671936035, 0.7505601346492767, 0
u,0.983163058757782, 0.7525369375944138, 0
u,0.9762749671936035, 0.7505601346492767, 0
u,0.9743421077728271, 0.7569774240255356, 0
u,0.9810457825660706, 0.7592935264110565, 0
u,0.9810457825660706, 0.7592935264110565, 0
u,0.9743421077728271, 0.7569774240255356, 0
u,0.971993625164032, 0.7632047832012177, 0
u,0.978556215763092, 0.7659258246421814, 0
u,0.971993625164032, 0.7632047832012177, 0
u,0.9693515300750732, 0.7692487984895706, 0
u,0.9756104946136475, 0.7723535299301147, 0
u,0.9693515300750732, 0.7692487984895706, 0
u,0.9663131237030029, 0.7749344110488892, 0
u,0.9663131237030029, 0.7749344110488892, 0
u,0.9629622101783752, 0.7802069634199142, 0
u,0.9681825041770935, 0.7841716557741165, 0
u,0.9689512252807617, 0.6486289799213409, 0
u,0.9635109901428223, 0.6527239382266998, 0
u,0.9669986367225647, 0.6581967771053314, 0
u,0.9730550646781921, 0.6544956862926483, 0
u,0.9669986367225647, 0.6581967771053314, 0
u,0.9700713753700256, 0.6641047894954681, 0
u,0.9765602946281433, 0.66091588139534, 0
u,0.9700713753700256, 0.6641047894954681, 0
u,0.972727358341217, 0.670340359210968, 0
u,0.972727358341217, 0.670340359210968, 0
u,0.9750072360038757, 0.6767624914646149, 0
u,0.9819928407669067, 0.6745551824569702, 0
u,0.9750072360038757, 0.6767624914646149, 0
u,0.976898193359375, 0.6833774745464325, 0
u,0.9840160012245178, 0.6815911829471588, 0
u,0.976898193359375, 0.6833774745464325, 0
u,0.978399395942688, 0.6900628805160522, 0
u,0.9856100678443909, 0.6886936724185944, 0
u,0.978399395942688, 0.6900628805160522, 0
u,0.9795385003089905, 0.6968131065368652, 0
u,0.9868019819259644, 0.6958328485488892, 0
u,0.9795385003089905, 0.6968131065368652, 0
u,0.9803223609924316, 0.7035814821720123, 0
u,0.9876169562339783, 0.7029798924922943, 0
u,0.9791342616081238, 0.7374052703380585, 0
u,0.9800552725791931, 0.7306967675685883, 0
u,0.9694483280181885, 0.7295112311840057, 0
u,0.9803223609924316, 0.7035814821720123, 0
u,0.9807684421539307, 0.7103537321090698, 0
u,0.9880999326705933, 0.7101084887981415, 0
u,0.9807684421539307, 0.7103537321090698, 0
u,0.9808696508407593, 0.717139720916748, 0
u,0.9881954193115234, 0.7172481417655945, 0
u,0.9412621855735779, 0.47774451971054077, 0
u,0.9264551997184753, 0.48237156867980957, 0
u,0.9266113042831421, 0.4834362268447876, 0
u,0.847298800945282, 0.8484990000724792, 0
u,0.8507073521614075, 0.8486081212759018, 0
u,0.8511856198310852, 0.8326590955257416, 0
u,0.8501979112625122, 0.8645325303077698, 0
u,0.8507073521614075, 0.8486081212759018, 0
u,0.847298800945282, 0.8484990000724792, 0
u,0.84540855884552, 0.8801767155528069, 0
u,0.8489541411399841, 0.8804588839411736, 0
u,0.8501979112625122, 0.8645325303077698, 0
u,0.8438572883605957, 0.8960584029555321, 0
u,0.8473400473594666, 0.8964347019791603, 0
u,0.8489541411399841, 0.8804588839411736, 0
u,0.8419880867004395, 0.9120310172438622, 0
u,0.8453058004379272, 0.9124826118350029, 0
u,0.8473400473594666, 0.8964347019791603, 0
u,0.8429388403892517, 0.9285569116473198, 0
u,0.8453058004379272, 0.9124826118350029, 0
u,0.8419880867004395, 0.9120310172438622, 0
u,0.840080201625824, 0.94467543810606, 0
u,0.8429388403892517, 0.9285569116473198, 0
u,0.8395764231681824, 0.9280164465308189, 0
u,0.8366202116012573, 0.960726160556078, 0
u,0.840080201625824, 0.94467543810606, 0
u,0.8366639614105225, 0.9439915008842945, 0
u,0.8293869495391846, 0.9757611937820911, 0
u,0.8326033353805542, 0.9766063597053289, 0
u,0.8366202116012573, 0.960726160556078, 0
u,0.8251712918281555, 0.9915017373859882, 0
u,0.8283048868179321, 0.9921307750046253, 0
u,0.8326033353805542, 0.9766063597053289, 0
u,0.8337646722793579, 0.6857911348342896, 0
u,0.8293749094009399, 0.6692906618118286, 0
u,0.8260378241539001, 0.6699221134185791, 0
u,0.8379032611846924, 0.7026482224464417, 0
u,0.8337646722793579, 0.6857911348342896, 0
u,0.8303598165512085, 0.6866793632507324, 0
u,0.8377963900566101, 0.7202029228210449, 0
u,0.8413569331169128, 0.7195192873477936, 0
u,0.8379032611846924, 0.7026482224464417, 0
u,0.8407257795333862, 0.7367912828922272, 0
u,0.844218373298645, 0.736246794462204, 0
u,0.8413569331169128, 0.7195192873477936, 0
u,0.8431931138038635, 0.7531608641147614, 0
u,0.8465717434883118, 0.7527227103710175, 0
u,0.844218373298645, 0.736246794462204, 0
u,0.8450203537940979, 0.7692530155181885, 0
u,0.8483815789222717, 0.7689262330532074, 0
u,0.8465717434883118, 0.7527227103710175, 0
u,0.8462486863136292, 0.7851688265800476, 0
u,0.8498542308807373, 0.7849259078502655, 0
u,0.8483815789222717, 0.7689262330532074, 0
u,0.8470714688301086, 0.8010006844997406, 0
u,0.8506224751472473, 0.8008478730916977, 0
u,0.8498542308807373, 0.7849259078502655, 0
u,0.8509958386421204, 0.8167256265878677, 0
u,0.8506224751472473, 0.8008478730916977, 0
u,0.8470714688301086, 0.8010006844997406, 0
u,0.8511856198310852, 0.8326590955257416, 0
u,0.8509958386421204, 0.8167256265878677, 0
u,0.8475838899612427, 0.816787526011467, 0
u,0.8440210223197937, 0.8325909525156021, 0
u,0.8476683497428894, 0.8326264470815659, 0
u,0.8475838899612427, 0.816787526011467, 0
u,0.8475838899612427, 0.816787526011467, 0
u,0.8470714688301086, 0.8010006844997406, 0
u,0.8435267210006714, 0.801141768693924, 0
u,0.8435267210006714, 0.801141768693924, 0
u,0.8470714688301086, 0.8010006844997406, 0
u,0.8462486863136292, 0.7851688265800476, 0
u,0.8462486863136292, 0.7851688265800476, 0
u,0.8450203537940979, 0.7692530155181885, 0
u,0.8413169980049133, 0.7696237117052078, 0
u,0.8450203537940979, 0.7692530155181885, 0
u,0.8431931138038635, 0.7531608641147614, 0
u,0.8394380211830139, 0.7536446005105972, 0
u,0.8394380211830139, 0.7536446005105972, 0
u,0.8431931138038635, 0.7531608641147614, 0
u,0.8407257795333862, 0.7367912828922272, 0
u,0.8369627594947815, 0.7374014854431152, 0
u,0.8407257795333862, 0.7367912828922272, 0
u,0.8377963900566101, 0.7202029228210449, 0
u,0.8339692950248718, 0.7209399044513702, 0
u,0.8377963900566101, 0.7202029228210449, 0
u,0.8343044519424438, 0.7034567296504974, 0
u,0.8343044519424438, 0.7034567296504974, 0
u,0.8303598165512085, 0.6866793632507324, 0
u,0.8264591097831726, 0.6876804828643799, 0
u,0.8303598165512085, 0.6866793632507324, 0
u,0.8260378241539001, 0.6699221134185791, 0
u,0.8220016360282898, 0.6707591116428375, 0
u,0.8213843703269958, 0.9906558273360133, 0
u,0.8251712918281555, 0.9915017373859882, 0
u,0.8293869495391846, 0.9757611937820911, 0
u,0.8256959319114685, 0.9747860319912434, 0
u,0.8293869495391846, 0.9757611937820911, 0
u,0.8331881761550903, 0.959928173571825, 0
u,0.829536497592926, 0.9590883739292622, 0
u,0.8331881761550903, 0.959928173571825, 0
u,0.8366639614105225, 0.9439915008842945, 0
u,0.8366639614105225, 0.9439915008842945, 0
u,0.8395764231681824, 0.9280164465308189, 0
u,0.8358839750289917, 0.9273963496088982, 0
u,0.8358839750289917, 0.9273963496088982, 0
u,0.8395764231681824, 0.9280164465308189, 0
u,0.8419880867004395, 0.9120310172438622, 0
u,0.8383068442344666, 0.9115240797400475, 0
u,0.8419880867004395, 0.9120310172438622, 0
u,0.8438572883605957, 0.8960584029555321, 0
u,0.8402920365333557, 0.8956621959805489, 0
u,0.8438572883605957, 0.8960584029555321, 0
u,0.84540855884552, 0.8801767155528069, 0
u,0.8418341875076294, 0.8798731490969658, 0
u,0.84540855884552, 0.8801767155528069, 0
u,0.8465622663497925, 0.864324077963829, 0
u,0.8429754376411438, 0.8641046732664108, 0
u,0.8465622663497925, 0.864324077963829, 0
u,0.847298800945282, 0.8484990000724792, 0
u,0.843708872795105, 0.8483718186616898, 0
u,0.847298800945282, 0.8484990000724792, 0
u,0.8476683497428894, 0.8326264470815659, 0
u,0.8391296863555908, 0.848198652267456, 0
u,0.843708872795105, 0.8483718186616898, 0
u,0.8440210223197937, 0.8325909525156021, 0
u,0.8383978605270386, 0.8638380914926529, 0
u,0.8429754376411438, 0.8641046732664108, 0
u,0.843708872795105, 0.8483718186616898, 0
u,0.8418341875076294, 0.8798731490969658, 0
u,0.8429754376411438, 0.8641046732664108, 0
u,0.8383978605270386, 0.8638380914926529, 0
u,0.8402920365333557, 0.8956621959805489, 0
u,0.8418341875076294, 0.8798731490969658, 0
u,0.8372644782066345, 0.879492737352848, 0
u,0.8383068442344666, 0.9115240797400475, 0
u,0.8402920365333557, 0.8956621959805489, 0
u,0.8357099890708923, 0.895154245197773, 0
u,0.831229031085968, 0.9265915974974632, 0
u,0.8358839750289917, 0.9273963496088982, 0
u,0.8383068442344666, 0.9115240797400475, 0
u,0.8283144235610962, 0.9423180110752583, 0
u,0.8329413533210754, 0.9432571418583393, 0
u,0.8358839750289917, 0.9273963496088982, 0
u,0.8249431848526001, 0.9580206163227558, 0
u,0.829536497592926, 0.9590883739292622, 0
u,0.8329413533210754, 0.9432571418583393, 0
u,0.8211680054664612, 0.9735600538551807, 0
u,0.8256959319114685, 0.9747860319912434, 0
u,0.829536497592926, 0.9590883739292622, 0
u,0.8166336417198181, 0.9893877087160945, 0
u,0.8213843703269958, 0.9906558273360133, 0
u,0.8256959319114685, 0.9747860319912434, 0
u,0.8264591097831726, 0.6876804828643799, 0
u,0.8220016360282898, 0.6707591116428375, 0
u,0.816931426525116, 0.6720568239688873, 0
u,0.8255922198295593, 0.7054131627082825, 0
u,0.8304204940795898, 0.7043325901031494, 0
u,0.8264591097831726, 0.6876804828643799, 0
u,0.8291708827018738, 0.7218709886074066, 0
u,0.8339692950248718, 0.7209399044513702, 0
u,0.8304204940795898, 0.7043325901031494, 0
u,0.8322307467460632, 0.7381830215454102, 0
u,0.8369627594947815, 0.7374014854431152, 0
u,0.8339692950248718, 0.7209399044513702, 0
u,0.8347557187080383, 0.7542913258075714, 0
u,0.8394380211830139, 0.7536446005105972, 0
u,0.8369627594947815, 0.7374014854431152, 0
u,0.8413169980049133, 0.7696237117052078, 0
u,0.8394380211830139, 0.7536446005105972, 0
u,0.8347557187080383, 0.7542913258075714, 0
u,0.8426108956336975, 0.7854170501232147, 0
u,0.8413169980049133, 0.7696237117052078, 0
u,0.8366888761520386, 0.7701255232095718, 0
u,0.8435267210006714, 0.801141768693924, 0
u,0.8426108956336975, 0.7854170501232147, 0
u,0.8380322456359863, 0.7857573181390762, 0
u,0.8439977169036865, 0.8168590515851974, 0
u,0.8435267210006714, 0.801141768693924, 0
u,0.8389583230018616, 0.8013414442539215, 0
u,0.8440210223197937, 0.8325909525156021, 0
u,0.8439977169036865, 0.8168590515851974, 0
u,0.8394226431846619, 0.8169538527727127, 0
u,0.8338728547096252, 0.8325020223855972, 0
u,0.8394238352775574, 0.832554280757904, 0
u,0.8394226431846619, 0.8169538527727127, 0
u,0.8394226431846619, 0.8169538527727127, 0
u,0.8389583230018616, 0.8013414442539215, 0
u,0.8335002064704895, 0.8016115725040436, 0
u,0.8389583230018616, 0.8013414442539215, 0
u,0.8380322456359863, 0.7857573181390762, 0
u,0.8326155543327332, 0.7861458510160446, 0
u,0.8326155543327332, 0.7861458510160446, 0
u,0.8380322456359863, 0.7857573181390762, 0
u,0.8366888761520386, 0.7701255232095718, 0
u,0.831211268901825, 0.7706652134656906, 0
u,0.8366888761520386, 0.7701255232095718, 0
u,0.8347557187080383, 0.7542913258075714, 0
u,0.8291595578193665, 0.7550599724054337, 0
u,0.8347557187080383, 0.7542913258075714, 0
u,0.8322307467460632, 0.7381830215454102, 0
u,0.8322307467460632, 0.7381830215454102, 0
u,0.8291708827018738, 0.7218709886074066, 0
u,0.8234631419181824, 0.72308349609375, 0
u,0.8291708827018738, 0.7218709886074066, 0
u,0.8255922198295593, 0.7054131627082825, 0
u,0.8199393153190613, 0.7067668735980988, 0
u,0.8255922198295593, 0.7054131627082825, 0
u,0.8215999603271484, 0.6889345049858093, 0
u,0.8158752918243408, 0.690472275018692, 0
u,0.8158752918243408, 0.690472275018692, 0
u,0.8215999603271484, 0.6889345049858093, 0
u,0.816931426525116, 0.6720568239688873, 0
u,0.8166336417198181, 0.9893877087160945, 0
u,0.8211680054664612, 0.9735600538551807, 0
u,0.8158180117607117, 0.9721719194203615, 0
u,0.8211680054664612, 0.9735600538551807, 0
u,0.8249431848526001, 0.9580206163227558, 0
u,0.8194836974143982, 0.9567744918167591, 0
u,0.8194836974143982, 0.9567744918167591, 0
u,0.8249431848526001, 0.9580206163227558, 0
u,0.8283144235610962, 0.9423180110752583, 0
u,0.8283144235610962, 0.9423180110752583, 0
u,0.831229031085968, 0.9265915974974632, 0
u,0.8257089853286743, 0.9256772324442863, 0
u,0.8257089853286743, 0.9256772324442863, 0
u,0.831229031085968, 0.9265915974974632, 0
u,0.8336707353591919, 0.910880409181118, 0
u,0.8281844854354858, 0.9100570008158684, 0
u,0.8336707353591919, 0.910880409181118, 0
u,0.8357099890708923, 0.895154245197773, 0
u,0.8357099890708923, 0.895154245197773, 0
u,0.8372644782066345, 0.879492737352848, 0
u,0.8318102955818176, 0.8790108487010002, 0
u,0.8318102955818176, 0.8790108487010002, 0
u,0.8372644782066345, 0.879492737352848, 0
u,0.8383978605270386, 0.8638380914926529, 0
u,0.8329280614852905, 0.8634682297706604, 0
u,0.8383978605270386, 0.8638380914926529, 0
u,0.8391296863555908, 0.848198652267456, 0
u,0.8391296863555908, 0.848198652267456, 0
u,0.8394238352775574, 0.832554280757904, 0
u,0.8338728547096252, 0.8325020223855972, 0
u,0.8507073521614075, 0.8486081212759018, 0
u,0.8568055033683777, 0.8487943112850189, 0
u,0.8570228815078735, 0.8327022790908813, 0
u,0.8560720682144165, 0.8648725003004074, 0
u,0.8568055033683777, 0.8487943112850189, 0
u,0.8507073521614075, 0.8486081212759018, 0
u,0.8489541411399841, 0.8804588839411736, 0
u,0.8549451231956482, 0.8809434548020363, 0
u,0.8560720682144165, 0.8648725003004074, 0
u,0.8473400473594666, 0.8964347019791603, 0
u,0.8533288240432739, 0.8970826640725136, 0
u,0.8549451231956482, 0.8809434548020363, 0
u,0.8453058004379272, 0.9124826118350029, 0
u,0.8512763977050781, 0.9132673069834709, 0
u,0.8533288240432739, 0.8970826640725136, 0
u,0.8429388403892517, 0.9285569116473198, 0
u,0.8488888740539551, 0.9295153245329857, 0
u,0.8512763977050781, 0.9132673069834709, 0
u,0.840080201625824, 0.94467543810606, 0
u,0.8460870385169983, 0.9458120688796043, 0
u,0.8488888740539551, 0.9295153245329857, 0
u,0.8366202116012573, 0.960726160556078, 0
u,0.8426670432090759, 0.9621397480368614, 0
u,0.8460870385169983, 0.9458120688796043, 0
u,0.8384149074554443, 0.9782206024974585, 0
u,0.8426670432090759, 0.9621397480368614, 0
u,0.8366202116012573, 0.960726160556078, 0
u,0.8337156176567078, 0.9939919314347208, 0
u,0.8384149074554443, 0.9782206024974585, 0
u,0.8326033353805542, 0.9766063597053289, 0
u,0.8337646722793579, 0.6857911348342896, 0
u,0.8398967981338501, 0.6841624081134796, 0
u,0.835131824016571, 0.6673651337623596, 0
u,0.8379032611846924, 0.7026482224464417, 0
u,0.844272792339325, 0.7012156248092651, 0
u,0.8398967981338501, 0.6841624081134796, 0
u,0.8476611971855164, 0.7183809578418732, 0
u,0.844272792339325, 0.7012156248092651, 0
u,0.8379032611846924, 0.7026482224464417, 0
u,0.8504278659820557, 0.7353147268295288, 0
u,0.8476611971855164, 0.7183809578418732, 0
u,0.8413569331169128, 0.7195192873477936, 0
u,0.8526098132133484, 0.7519872337579727, 0
u,0.8504278659820557, 0.7353147268295288, 0
u,0.844218373298645, 0.736246794462204, 0
u,0.8544192910194397, 0.7683737128973007, 0
u,0.8526098132133484, 0.7519872337579727, 0
u,0.8465717434883118, 0.7527227103710175, 0
u,0.8558573126792908, 0.7845392376184464, 0
u,0.8544192910194397, 0.7683737128973007, 0
u,0.8483815789222717, 0.7689262330532074, 0
u,0.8566338419914246, 0.8006556034088135, 0
u,0.8558573126792908, 0.7845392376184464, 0
u,0.8498542308807373, 0.7849259078502655, 0
u,0.856980562210083, 0.8166832625865936, 0
u,0.8566338419914246, 0.8006556034088135, 0
u,0.8506224751472473, 0.8008478730916977, 0
u,0.8570228815078735, 0.8327022790908813, 0
u,0.856980562210083, 0.8166832625865936, 0
u,0.8509958386421204, 0.8167256265878677, 0
u,0.8568055033683777, 0.8487943112850189, 0
u,0.8596432209014893, 0.8488795459270477, 0
u,0.8598734736442566, 0.832721009850502, 0
u,0.8560720682144165, 0.8648725003004074, 0
u,0.8588983416557312, 0.8650332689285278, 0
u,0.8596432209014893, 0.8488795459270477, 0
u,0.8577814102172852, 0.8811801001429558, 0
u,0.8588983416557312, 0.8650332689285278, 0
u,0.8560720682144165, 0.8648725003004074, 0
u,0.8561981916427612, 0.8974047973752022, 0
u,0.8577814102172852, 0.8811801001429558, 0
u,0.8549451231956482, 0.8809434548020363, 0
u,0.8512763977050781, 0.9132673069834709, 0
u,0.8541762232780457, 0.913663886487484, 0
u,0.8561981916427612, 0.8974047973752022, 0
u,0.8488888740539551, 0.9295153245329857, 0
u,0.8518086671829224, 0.9299838468432426, 0
u,0.8541762232780457, 0.913663886487484, 0
u,0.8460870385169983, 0.9458120688796043, 0
u,0.8490058779716492, 0.9463669881224632, 0
u,0.8518086671829224, 0.9299838468432426, 0
u,0.8455889225006104, 0.9628256484866142, 0
u,0.8490058779716492, 0.9463669881224632, 0
u,0.8460870385169983, 0.9458120688796043, 0
u,0.8384149074554443, 0.9782206024974585, 0
u,0.8412929773330688, 0.9790231492370367, 0
u,0.8455889225006104, 0.9628256484866142, 0
u,0.8366355299949646, 0.9949282016605139, 0
u,0.8412929773330688, 0.9790231492370367, 0
u,0.8384149074554443, 0.9782206024974585, 0
u,0.8429906964302063, 0.6833305954933167, 0
u,0.8382142782211304, 0.6664069592952728, 0
u,0.835131824016571, 0.6673651337623596, 0
u,0.844272792339325, 0.7012156248092651, 0
u,0.8473629355430603, 0.7005160748958588, 0
u,0.8429906964302063, 0.6833305954933167, 0
u,0.850727379322052, 0.717828094959259, 0
u,0.8473629355430603, 0.7005160748958588, 0
u,0.844272792339325, 0.7012156248092651, 0
u,0.853455662727356, 0.7348727285861969, 0
u,0.850727379322052, 0.717828094959259, 0
u,0.8476611971855164, 0.7183809578418732, 0
u,0.8556149005889893, 0.7516249567270279, 0
u,0.853455662727356, 0.7348727285861969, 0
u,0.8504278659820557, 0.7353147268295288, 0
u,0.857330322265625, 0.7680908292531967, 0
u,0.8556149005889893, 0.7516249567270279, 0
u,0.8526098132133484, 0.7519872337579727, 0
u,0.858701229095459, 0.7843466699123383, 0
u,0.857330322265625, 0.7680908292531967, 0
u,0.8544192910194397, 0.7683737128973007, 0
u,0.8594638705253601, 0.8005561679601669, 0
u,0.858701229095459, 0.7843466699123383, 0
u,0.8558573126792908, 0.7845392376184464, 0
u,0.856980562210083, 0.8166832625865936, 0
u,0.8598004579544067, 0.8166500329971313, 0
u,0.8594638705253601, 0.8005561679601669, 0
u,0.8570228815078735, 0.8327022790908813, 0
u,0.8598734736442566, 0.832721009850502, 0
u,0.8598004579544067, 0.8166500329971313, 0
u,0.5376824140548706, 0.11105722188949585, 0
u,0.5546247959136963, 0.11121952533721924, 0
u,0.5559856295585632, 0.10239160060882568, 0
u,0.5172734260559082, 0.10811048746109009, 0
u,0.5214420557022095, 0.1163719892501831, 0
u,0.5376824140548706, 0.11105722188949585, 0
u,0.5074707269668579, 0.1264113187789917, 0
u,0.5214420557022095, 0.1163719892501831, 0
u,0.5172734260559082, 0.10811048746109009, 0
u,0.49753478169441223, 0.14034533500671387, 0
u,0.5074707269668579, 0.1264113187789917, 0
u,0.5009925365447998, 0.12010520696640015, 0
u,0.4924510717391968, 0.1565195918083191, 0
u,0.49753478169441223, 0.14034533500671387, 0
u,0.4894644021987915, 0.13641899824142456, 0
u,0.4925386309623718, 0.17340105772018433, 0
u,0.4924510717391968, 0.1565195918083191, 0
u,0.48363256454467773, 0.1552903652191162, 0
u,0.4899502396583557, 0.19361567497253418, 0
u,0.4980520009994507, 0.1893543004989624, 0
u,0.4925386309623718, 0.17340105772018433, 0
u,0.5080901384353638, 0.20277851819992065, 0
u,0.4980520009994507, 0.1893543004989624, 0
u,0.4899502396583557, 0.19361567497253418, 0
u,0.5216577649116516, 0.21227359771728516, 0
u,0.5080901384353638, 0.20277851819992065, 0
u,0.5019993782043457, 0.20923888683319092, 0
u,0.5372349619865417, 0.21717512607574463, 0
u,0.5216577649116516, 0.21227359771728516, 0
u,0.5178965926170349, 0.22018277645111084, 0
u,0.5547773838043213, 0.22571855783462524, 0
u,0.5535053014755249, 0.21705704927444458, 0
u,0.5372349619865417, 0.21717512607574463, 0
u,0.5731360912322998, 0.21994119882583618, 0
u,0.5692615509033203, 0.21200990676879883, 0
u,0.5535053014755249, 0.21705704927444458, 0
u,0.5890872478485107, 0.20875197649002075, 0
u,0.582756519317627, 0.20229268074035645, 0
u,0.5692615509033203, 0.21200990676879883, 0
u,0.592727541923523, 0.18909025192260742, 0
u,0.582756519317627, 0.20229268074035645, 0
u,0.5890872478485107, 0.20875197649002075, 0
u,0.5982598662376404, 0.17361491918563843, 0
u,0.592727541923523, 0.18909025192260742, 0
u,0.6004892587661743, 0.1931101679801941, 0
u,0.6074445247650146, 0.15614432096481323, 0
u,0.598760724067688, 0.15710502862930298, 0
u,0.5982598662376404, 0.17361491918563843, 0
u,0.6023091673851013, 0.13732099533081055, 0
u,0.5941946506500244, 0.1409897804260254, 0
u,0.598760724067688, 0.15710502862930298, 0
u,0.5912513732910156, 0.12053638696670532, 0
u,0.5845426917076111, 0.1269492506980896, 0
u,0.5941946506500244, 0.1409897804260254, 0
u,0.5708267688751221, 0.11655372381210327, 0
u,0.5845426917076111, 0.1269492506980896, 0
u,0.5912513732910156, 0.12053638696670532, 0
u,0.5546247959136963, 0.11121952533721924, 0
u,0.5708267688751221, 0.11655372381210327, 0
u,0.5749287009239197, 0.10849869251251221, 0
u,0.5376824140548706, 0.11105722188949585, 0
u,0.5389715433120728, 0.11999183893203735, 0
u,0.5531785488128662, 0.12000089883804321, 0
u,0.5254104137420654, 0.12442338466644287, 0
u,0.5389715433120728, 0.11999183893203735, 0
u,0.5376824140548706, 0.11105722188949585, 0
u,0.5074707269668579, 0.1264113187789917, 0
u,0.5139399170875549, 0.13284486532211304, 0
u,0.5254104137420654, 0.12442338466644287, 0
u,0.49753478169441223, 0.14034533500671387, 0
u,0.5056169033050537, 0.14428430795669556, 0
u,0.5139399170875549, 0.13284486532211304, 0
u,0.5013070106506348, 0.15773528814315796, 0
u,0.5056169033050537, 0.14428430795669556, 0
u,0.49753478169441223, 0.14034533500671387, 0
u,0.5013616681098938, 0.171825110912323, 0
u,0.5013070106506348, 0.15773528814315796, 0
u,0.4924510717391968, 0.1565195918083191, 0
u,0.5058310031890869, 0.1851772665977478, 0
u,0.5013616681098938, 0.171825110912323, 0
u,0.4925386309623718, 0.17340105772018433, 0
u,0.514164924621582, 0.19649112224578857, 0
u,0.5058310031890869, 0.1851772665977478, 0
u,0.4980520009994507, 0.1893543004989624, 0
u,0.5216577649116516, 0.21227359771728516, 0
u,0.5255680084228516, 0.20435070991516113, 0
u,0.514164924621582, 0.19649112224578857, 0
u,0.5372349619865417, 0.21717512607574463, 0
u,0.5385411977767944, 0.2085428237915039, 0
u,0.5255680084228516, 0.20435070991516113, 0
u,0.5535053014755249, 0.21705704927444458, 0
u,0.5521906018257141, 0.2083790898323059, 0
u,0.5385411977767944, 0.2085428237915039, 0
u,0.5652613639831543, 0.2040473222732544, 0
u,0.5521906018257141, 0.2083790898323059, 0
u,0.5535053014755249, 0.21705704927444458, 0
u,0.5766857862472534, 0.19605308771133423, 0
u,0.5652613639831543, 0.2040473222732544, 0
u,0.5692615509033203, 0.21200990676879883, 0
u,0.592727541923523, 0.18909025192260742, 0
u,0.585021436214447, 0.18487310409545898, 0
u,0.5766857862472534, 0.19605308771133423, 0
u,0.5982598662376404, 0.17361491918563843, 0
u,0.5896180868148804, 0.17189180850982666, 0
u,0.585021436214447, 0.18487310409545898, 0
u,0.598760724067688, 0.15710502862930298, 0
u,0.5900322198867798, 0.1580888032913208, 0
u,0.5896180868148804, 0.17189180850982666, 0
u,0.5861276388168335, 0.14468902349472046, 0
u,0.5900322198867798, 0.1580888032913208, 0
u,0.598760724067688, 0.15710502862930298, 0
u,0.5845426917076111, 0.1269492506980896, 0
u,0.5780389904975891, 0.1330704689025879, 0
u,0.5861276388168335, 0.14468902349472046, 0
u,0.5708267688751221, 0.11655372381210327, 0
u,0.5666029453277588, 0.12460851669311523, 0
u,0.5780389904975891, 0.1330704689025879, 0
u,0.5546247959136963, 0.11121952533721924, 0
u,0.5531785488128662, 0.12000089883804321, 0
u,0.5666029453277588, 0.12460851669311523, 0
u,0.5402686595916748, 0.1277276873588562, 0
u,0.551960825920105, 0.12777400016784668, 0
u,0.5531785488128662, 0.12000089883804321, 0
u,0.5290225148200989, 0.1313573718070984, 0
u,0.5402686595916748, 0.1277276873588562, 0
u,0.5389715433120728, 0.11999183893203735, 0
u,0.5194147825241089, 0.13830655813217163, 0
u,0.5290225148200989, 0.1313573718070984, 0
u,0.5254104137420654, 0.12442338466644287, 0
u,0.5056169033050537, 0.14428430795669556, 0
u,0.5125541687011719, 0.14786064624786377, 0
u,0.5194147825241089, 0.13830655813217163, 0
u,0.5013070106506348, 0.15773528814315796, 0
u,0.5090322494506836, 0.15892398357391357, 0
u,0.5125541687011719, 0.14786064624786377, 0
u,0.5089975595474243, 0.17050117254257202, 0
u,0.5090322494506836, 0.15892398357391357, 0
u,0.5013070106506348, 0.15773528814315796, 0
u,0.5126187801361084, 0.18158632516860962, 0
u,0.5089975595474243, 0.17050117254257202, 0
u,0.5013616681098938, 0.171825110912323, 0
u,0.514164924621582, 0.19649112224578857, 0
u,0.5195150971412659, 0.1909441351890564, 0
u,0.5126187801361084, 0.18158632516860962, 0
u,0.5288690328598022, 0.19757366180419922, 0
u,0.5195150971412659, 0.1909441351890564, 0
u,0.514164924621582, 0.19649112224578857, 0
u,0.539624810218811, 0.20099347829818726, 0
u,0.5288690328598022, 0.19757366180419922, 0
u,0.5255680084228516, 0.20435070991516113, 0
u,0.5509390830993652, 0.2009272575378418, 0
u,0.539624810218811, 0.20099347829818726, 0
u,0.5385411977767944, 0.2085428237915039, 0
u,0.561792254447937, 0.197254478931427, 0
u,0.5509390830993652, 0.2009272575378418, 0
u,0.5521906018257141, 0.2083790898323059, 0
u,0.5713244080543518, 0.19052577018737793, 0
u,0.561792254447937, 0.197254478931427, 0
u,0.5652613639831543, 0.2040473222732544, 0
u,0.585021436214447, 0.18487310409545898, 0
u,0.5783101320266724, 0.1811908483505249, 0
u,0.5713244080543518, 0.19052577018737793, 0
u,0.5896180868148804, 0.17189180850982666, 0
u,0.5821195840835571, 0.17044782638549805, 0
u,0.5783101320266724, 0.1811908483505249, 0
u,0.5824117064476013, 0.15909737348556519, 0
u,0.5821195840835571, 0.17044782638549805, 0
u,0.5896180868148804, 0.17189180850982666, 0
u,0.5791993141174316, 0.1480143666267395, 0
u,0.5824117064476013, 0.15909737348556519, 0
u,0.5900322198867798, 0.1580888032913208, 0
u,0.5780389904975891, 0.1330704689025879, 0
u,0.5724402070045471, 0.13843417167663574, 0
u,0.5791993141174316, 0.1480143666267395, 0
u,0.5666029453277588, 0.12460851669311523, 0
u,0.562993049621582, 0.1315111517906189, 0
u,0.5724402070045471, 0.13843417167663574, 0
u,0.551960825920105, 0.12777400016784668, 0
u,0.562993049621582, 0.1315111517906189, 0
u,0.5666029453277588, 0.12460851669311523, 0
u,0.5413414239883423, 0.13430243730545044, 0
u,0.5508890151977539, 0.1342930793762207, 0
u,0.551960825920105, 0.12777400016784668, 0
u,0.5320737361907959, 0.13733845949172974, 0
u,0.5413414239883423, 0.13430243730545044, 0
u,0.5402686595916748, 0.1277276873588562, 0
u,0.5241531133651733, 0.1430770754814148, 0
u,0.5320737361907959, 0.13733845949172974, 0
u,0.5290225148200989, 0.1313573718070984, 0
u,0.5125541687011719, 0.14786064624786377, 0
u,0.5183990597724915, 0.15086644887924194, 0
u,0.5241531133651733, 0.1430770754814148, 0
u,0.5154233574867249, 0.15992021560668945, 0
u,0.5183990597724915, 0.15086644887924194, 0
u,0.5125541687011719, 0.14786064624786377, 0
u,0.5154136419296265, 0.16942602396011353, 0
u,0.5154233574867249, 0.15992021560668945, 0
u,0.5090322494506836, 0.15892398357391357, 0
u,0.5183815360069275, 0.17862087488174438, 0
u,0.5154136419296265, 0.16942602396011353, 0
u,0.5089975595474243, 0.17050117254257202, 0
u,0.5195150971412659, 0.1909441351890564, 0
u,0.5240728259086609, 0.1863810420036316, 0
u,0.5183815360069275, 0.17862087488174438, 0
u,0.5288690328598022, 0.19757366180419922, 0
u,0.5317466259002686, 0.191972553730011, 0
u,0.5240728259086609, 0.1863810420036316, 0
u,0.539624810218811, 0.20099347829818726, 0
u,0.540550708770752, 0.19482576847076416, 0
u,0.5317466259002686, 0.191972553730011, 0
u,0.5498391389846802, 0.19470179080963135, 0
u,0.540550708770752, 0.19482576847076416, 0
u,0.539624810218811, 0.20099347829818726, 0
u,0.5587996244430542, 0.19153887033462524, 0
u,0.5498391389846802, 0.19470179080963135, 0
u,0.5509390830993652, 0.2009272575378418, 0
u,0.5713244080543518, 0.19052577018737793, 0
u,0.5667589902877808, 0.18581676483154297, 0
u,0.5587996244430542, 0.19153887033462524, 0
u,0.5783101320266724, 0.1811908483505249, 0
u,0.5726578235626221, 0.17804986238479614, 0
u,0.5667589902877808, 0.18581676483154297, 0
u,0.5821195840835571, 0.17044782638549805, 0
u,0.5758512020111084, 0.16928750276565552, 0
u,0.5726578235626221, 0.17804986238479614, 0
u,0.5824117064476013, 0.15909737348556519, 0
u,0.5761036276817322, 0.15998291969299316, 0
u,0.5758512020111084, 0.16928750276565552, 0
u,0.5732771754264832, 0.15092772245407104, 0
u,0.5761036276817322, 0.15998291969299316, 0
u,0.5824117064476013, 0.15909737348556519, 0
u,0.5724402070045471, 0.13843417167663574, 0
u,0.5677194595336914, 0.14305073022842407, 0
u,0.5732771754264832, 0.15092772245407104, 0
u,0.562993049621582, 0.1315111517906189, 0
u,0.5599302649497986, 0.13732600212097168, 0
u,0.5677194595336914, 0.14305073022842407, 0
u,0.551960825920105, 0.12777400016784668, 0
u,0.5508890151977539, 0.1342930793762207, 0
u,0.5599302649497986, 0.13732600212097168, 0
u,0.5413414239883423, 0.13430243730545044, 0
u,0.5415264964103699, 0.13556689023971558, 0
u,0.5506919026374817, 0.13551074266433716, 0
u,0.5320737361907959, 0.13733845949172974, 0
u,0.5326839089393616, 0.13854873180389404, 0
u,0.5415264964103699, 0.13556689023971558, 0
u,0.5250803828239441, 0.1439892053604126, 0
u,0.5326839089393616, 0.13854873180389404, 0
u,0.5320737361907959, 0.13733845949172974, 0
u,0.5194951891899109, 0.1514093279838562, 0
u,0.5250803828239441, 0.1439892053604126, 0
u,0.5241531133651733, 0.1430770754814148, 0
u,0.5165241956710815, 0.16009420156478882, 0
u,0.5194951891899109, 0.1514093279838562, 0
u,0.5183990597724915, 0.15086644887924194, 0
u,0.5154136419296265, 0.16942602396011353, 0
u,0.51656174659729, 0.16925305128097534, 0
u,0.5165241956710815, 0.16009420156478882, 0
u,0.5183815360069275, 0.17862087488174438, 0
u,0.5194592475891113, 0.17807143926620483, 0
u,0.51656174659729, 0.16925305128097534, 0
u,0.5248461961746216, 0.18558549880981445, 0
u,0.5194592475891113, 0.17807143926620483, 0
u,0.5183815360069275, 0.17862087488174438, 0
u,0.5322674512863159, 0.19101190567016602, 0
u,0.5248461961746216, 0.18558549880981445, 0
u,0.5240728259086609, 0.1863810420036316, 0
u,0.5407077670097351, 0.19376689195632935, 0
u,0.5322674512863159, 0.19101190567016602, 0
u,0.5317466259002686, 0.191972553730011, 0
u,0.5498391389846802, 0.19470179080963135, 0
u,0.5496612787246704, 0.19358819723129272, 0
u,0.5407077670097351, 0.19376689195632935, 0
u,0.5587996244430542, 0.19153887033462524, 0
u,0.5581938028335571, 0.19053173065185547, 0
u,0.5496612787246704, 0.19358819723129272, 0
u,0.5667589902877808, 0.18581676483154297, 0
u,0.5659401416778564, 0.18497008085250854, 0
u,0.5581938028335571, 0.19053173065185547, 0
u,0.571631133556366, 0.17741239070892334, 0
u,0.5659401416778564, 0.18497008085250854, 0
u,0.5667589902877808, 0.18581676483154297, 0
u,0.5747231245040894, 0.16908466815948486, 0
u,0.571631133556366, 0.17741239070892334, 0
u,0.5726578235626221, 0.17804986238479614, 0
u,0.5761036276817322, 0.15998291969299316, 0
u,0.5748828649520874, 0.1601434350013733, 0
u,0.5747231245040894, 0.16908466815948486, 0
u,0.5732771754264832, 0.15092772245407104, 0
u,0.5721062421798706, 0.1514948606491089, 0
u,0.5748828649520874, 0.1601434350013733, 0
u,0.5677194595336914, 0.14305073022842407, 0
u,0.5667640566825867, 0.14400571584701538, 0
u,0.5721062421798706, 0.1514948606491089, 0
u,0.5593480467796326, 0.13847261667251587, 0
u,0.5667640566825867, 0.14400571584701538, 0
u,0.5677194595336914, 0.14305073022842407, 0
u,0.5506919026374817, 0.13551074266433716, 0
u,0.5593480467796326, 0.13847261667251587, 0
u,0.5599302649497986, 0.13732600212097168, 0
u,0.7002188563346863, 0.5061740875244141, 0
u,0.6938623785972595, 0.5153387784957886, 0
u,0.6968258619308472, 0.5182071924209595, 0
u,0.7034249305725098, 0.4955630898475647, 0
u,0.7002188563346863, 0.5061740875244141, 0
u,0.7037953734397888, 0.507856011390686, 0
u,0.707177996635437, 0.48391276597976685, 0
u,0.7032954096794128, 0.48450982570648193, 0
u,0.7034249305725098, 0.4955630898475647, 0
u,0.7034650444984436, 0.47216516733169556, 0
u,0.6999169588088989, 0.47392135858535767, 0
u,0.7032954096794128, 0.48450982570648193, 0
u,0.696304440498352, 0.46206122636795044, 0
u,0.6934619545936584, 0.46483778953552246, 0
u,0.6999169588088989, 0.47392135858535767, 0
u,0.686246931552887, 0.4546468257904053, 0
u,0.684411346912384, 0.4581805467605591, 0
u,0.6934619545936584, 0.46483778953552246, 0
u,0.6743009090423584, 0.45069772005081177, 0
u,0.6736295223236084, 0.4546654224395752, 0
u,0.684411346912384, 0.4581805467605591, 0
u,0.6616438627243042, 0.4506041407585144, 0
u,0.6622503995895386, 0.4546298384666443, 0
u,0.6736295223236084, 0.4546654224395752, 0
u,0.6493882536888123, 0.4544786214828491, 0
u,0.6513450741767883, 0.4581955671310425, 0
u,0.6622503995895386, 0.4546298384666443, 0
u,0.6422001123428345, 0.46508079767227173, 0
u,0.6513450741767883, 0.4581955671310425, 0
u,0.6493882536888123, 0.4544786214828491, 0
u,0.6357488632202148, 0.47445011138916016, 0
u,0.6422001123428345, 0.46508079767227173, 0
u,0.6392994523048401, 0.4623676538467407, 0
u,0.6325377225875854, 0.4852721095085144, 0
u,0.6357488632202148, 0.47445011138916016, 0
u,0.6322226524353027, 0.47278159856796265, 0
u,0.6287636756896973, 0.49723273515701294, 0
u,0.6328058838844299, 0.49650222063064575, 0
u,0.6325377225875854, 0.4852721095085144, 0
u,0.6364361047744751, 0.5071349143981934, 0
u,0.6328058838844299, 0.49650222063064575, 0
u,0.6287636756896973, 0.49723273515701294, 0
u,0.6403625011444092, 0.5189421772956848, 0
u,0.6431356072425842, 0.5161784291267395, 0
u,0.6364361047744751, 0.5071349143981934, 0
u,0.6504797339439392, 0.5264660716056824, 0
u,0.6523151993751526, 0.5227234959602356, 0
u,0.6431356072425842, 0.5161784291267395, 0
u,0.6631654500961304, 0.5259733200073242, 0
u,0.6523151993751526, 0.5227234959602356, 0
u,0.6504797339439392, 0.5264660716056824, 0
u,0.6743855476379395, 0.5256665349006653, 0
u,0.6631654500961304, 0.5259733200073242, 0
u,0.6626655459403992, 0.5299655199050903, 0
u,0.6849466562271118, 0.5220721364021301, 0
u,0.6743855476379395, 0.5256665349006653, 0
u,0.6751332879066467, 0.5295944809913635, 0
u,0.6968258619308472, 0.5182071924209595, 0
u,0.6938623785972595, 0.5153387784957886, 0
u,0.6849466562271118, 0.5220721364021301, 0
u,0.7002188563346863, 0.5061740875244141, 0
u,0.6974178552627563, 0.5047929286956787, 0
u,0.691620945930481, 0.5131815671920776, 0
u,0.7003863453865051, 0.49513334035873413, 0
u,0.6974178552627563, 0.5047929286956787, 0
u,0.7002188563346863, 0.5061740875244141, 0
u,0.7002902030944824, 0.48501479625701904, 0
u,0.7003863453865051, 0.49513334035873413, 0
u,0.7034249305725098, 0.4955630898475647, 0
u,0.6971563100814819, 0.4753543734550476, 0
u,0.7002902030944824, 0.48501479625701904, 0
u,0.7032954096794128, 0.48450982570648193, 0
u,0.6911754608154297, 0.4671226143836975, 0
u,0.6971563100814819, 0.4753543734550476, 0
u,0.6999169588088989, 0.47392135858535767, 0
u,0.684411346912384, 0.4581805467605591, 0
u,0.6828837990760803, 0.4611676335334778, 0
u,0.6911754608154297, 0.4671226143836975, 0
u,0.6731404662132263, 0.45797199010849, 0
u,0.6828837990760803, 0.4611676335334778, 0
u,0.684411346912384, 0.4581805467605591, 0
u,0.6628069877624512, 0.4579383134841919, 0
u,0.6731404662132263, 0.45797199010849, 0
u,0.6736295223236084, 0.4546654224395752, 0
u,0.6529247760772705, 0.4612259268760681, 0
u,0.6628069877624512, 0.4579383134841919, 0
u,0.6622503995895386, 0.4546298384666443, 0
u,0.6422001123428345, 0.46508079767227173, 0
u,0.6446223258972168, 0.46746158599853516, 0
u,0.6529247760772705, 0.4612259268760681, 0
u,0.6357488632202148, 0.47445011138916016, 0
u,0.638710081577301, 0.47591090202331543, 0
u,0.6446223258972168, 0.46746158599853516, 0
u,0.6325377225875854, 0.4852721095085144, 0
u,0.6357136964797974, 0.4857153296470642, 0
u,0.638710081577301, 0.47591090202331543, 0
u,0.6359166502952576, 0.4959617853164673, 0
u,0.6357136964797974, 0.4857153296470642, 0
u,0.6325377225875854, 0.4852721095085144, 0
u,0.6364361047744751, 0.5071349143981934, 0
u,0.6391834020614624, 0.5056850910186768, 0
u,0.6359166502952576, 0.4959617853164673, 0
u,0.6453274488449097, 0.5139035582542419, 0
u,0.6391834020614624, 0.5056850910186768, 0
u,0.6364361047744751, 0.5071349143981934, 0
u,0.653715193271637, 0.5198799967765808, 0
u,0.6453274488449097, 0.5139035582542419, 0
u,0.6431356072425842, 0.5161784291267395, 0
u,0.6631654500961304, 0.5259733200073242, 0
u,0.6635827422142029, 0.5228555202484131, 0
u,0.653715193271637, 0.5198799967765808, 0
u,0.673836886882782, 0.5226564407348633, 0
u,0.6635827422142029, 0.5228555202484131, 0
u,0.6631654500961304, 0.5259733200073242, 0
u,0.6849466562271118, 0.5220721364021301, 0
u,0.683476448059082, 0.5192857980728149, 0
u,0.673836886882782, 0.5226564407348633, 0
u,0.691620945930481, 0.5131815671920776, 0
u,0.683476448059082, 0.5192857980728149, 0
u,0.6849466562271118, 0.5220721364021301, 0
u,0.6974178552627563, 0.5047929286956787, 0
u,0.6942407488822937, 0.5032263994216919, 0
u,0.6890433430671692, 0.5106871128082275, 0
u,0.7003863453865051, 0.49513334035873413, 0
u,0.6968931555747986, 0.494601845741272, 0
u,0.6942407488822937, 0.5032263994216919, 0
u,0.7002902030944824, 0.48501479625701904, 0
u,0.6967977285385132, 0.48559051752090454, 0
u,0.6968931555747986, 0.494601845741272, 0
u,0.6939842700958252, 0.4769732356071472, 0
u,0.6967977285385132, 0.48559051752090454, 0
u,0.7002902030944824, 0.48501479625701904, 0
u,0.6911754608154297, 0.4671226143836975, 0
u,0.6886168718338013, 0.4696570038795471, 0
u,0.6939842700958252, 0.4769732356071472, 0
u,0.6828837990760803, 0.4611676335334778, 0
u,0.6812340617179871, 0.46435803174972534, 0
u,0.6886168718338013, 0.4696570038795471, 0
u,0.6731404662132263, 0.45797199010849, 0
u,0.6725736856460571, 0.46156126260757446, 0
u,0.6812340617179871, 0.46435803174972534, 0
u,0.6634216904640198, 0.46157610416412354, 0
u,0.6725736856460571, 0.46156126260757446, 0
u,0.6731404662132263, 0.45797199010849, 0
u,0.6546803116798401, 0.46450114250183105, 0
u,0.6634216904640198, 0.46157610416412354, 0
u,0.6628069877624512, 0.4579383134841919, 0
u,0.6473068594932556, 0.47002071142196655, 0
u,0.6546803116798401, 0.46450114250183105, 0
u,0.6529247760772705, 0.4612259268760681, 0
u,0.6420352458953857, 0.47753065824508667, 0
u,0.6473068594932556, 0.47002071142196655, 0
u,0.6446223258972168, 0.46746158599853516, 0
u,0.6393378376960754, 0.4862518310546875, 0
u,0.6420352458953857, 0.47753065824508667, 0
u,0.638710081577301, 0.47591090202331543, 0
u,0.6359166502952576, 0.4959617853164673, 0
u,0.6394633650779724, 0.4953800439834595, 0
u,0.6393378376960754, 0.4862518310546875, 0
u,0.6391834020614624, 0.5056850910186768, 0
u,0.6423847079277039, 0.5040338039398193, 0
u,0.6394633650779724, 0.4953800439834595, 0
u,0.6453274488449097, 0.5139035582542419, 0
u,0.6478447318077087, 0.5113264918327332, 0
u,0.6423847079277039, 0.5040338039398193, 0
u,0.6553124785423279, 0.5166324377059937, 0
u,0.6478447318077087, 0.5113264918327332, 0
u,0.6453274488449097, 0.5139035582542419, 0
u,0.6635827422142029, 0.5228555202484131, 0
u,0.6640915870666504, 0.519307553768158, 0
u,0.6553124785423279, 0.5166324377059937, 0
u,0.673836886882782, 0.5226564407348633, 0
u,0.6732083559036255, 0.5191367864608765, 0
u,0.6640915870666504, 0.519307553768158, 0
u,0.6817700266838074, 0.5161442756652832, 0
u,0.6732083559036255, 0.5191367864608765, 0
u,0.673836886882782, 0.5226564407348633, 0
u,0.6890433430671692, 0.5106871128082275, 0
u,0.6817700266838074, 0.5161442756652832, 0
u,0.683476448059082, 0.5192857980728149, 0
u,0.689328134059906, 0.5008673071861267, 0
u,0.6850852370262146, 0.5068936347961426, 0
u,0.6890433430671692, 0.5106871128082275, 0
u,0.6915013790130615, 0.4938511848449707, 0
u,0.689328134059906, 0.5008673071861267, 0
u,0.6942407488822937, 0.5032263994216919, 0
u,0.6914222240447998, 0.48650896549224854, 0
u,0.6915013790130615, 0.4938511848449707, 0
u,0.6968931555747986, 0.494601845741272, 0
u,0.6891209483146667, 0.4795043468475342, 0
u,0.6914222240447998, 0.48650896549224854, 0
u,0.6967977285385132, 0.48559051752090454, 0
u,0.6848061680793762, 0.47352826595306396, 0
u,0.6891209483146667, 0.4795043468475342, 0
u,0.6939842700958252, 0.4769732356071472, 0
u,0.6788194179534912, 0.4692023992538452, 0
u,0.6848061680793762, 0.47352826595306396, 0
u,0.6886168718338013, 0.4696570038795471, 0
u,0.6717640161514282, 0.4669336676597595, 0
u,0.6788194179534912, 0.4692023992538452, 0
u,0.6812340617179871, 0.46435803174972534, 0
u,0.6642995476722717, 0.4669572114944458, 0
u,0.6717640161514282, 0.4669336676597595, 0
u,0.6725736856460571, 0.46156126260757446, 0
u,0.6546803116798401, 0.46450114250183105, 0
u,0.6571984887123108, 0.469346284866333, 0
u,0.6642995476722717, 0.4669572114944458, 0
u,0.6473068594932556, 0.47002071142196655, 0
u,0.6512280702590942, 0.4738265872001648, 0
u,0.6571984887123108, 0.469346284866333, 0
u,0.6469230651855469, 0.4798991084098816, 0
u,0.6512280702590942, 0.4738265872001648, 0
u,0.6473068594932556, 0.47002071142196655, 0
u,0.6446941494941711, 0.48701173067092896, 0
u,0.6469230651855469, 0.4798991084098816, 0
u,0.6420352458953857, 0.47753065824508667, 0
u,0.6394633650779724, 0.4953800439834595, 0
u,0.64485102891922, 0.4944506883621216, 0
u,0.6446941494941711, 0.48701173067092896, 0
u,0.6472211480140686, 0.5015004277229309, 0
u,0.64485102891922, 0.4944506883621216, 0
u,0.6394633650779724, 0.4953800439834595, 0
u,0.6478447318077087, 0.5113264918327332, 0
u,0.6516753435134888, 0.5074469447135925, 0
u,0.6472211480140686, 0.5015004277229309, 0
u,0.6553124785423279, 0.5166324377059937, 0
u,0.6577651500701904, 0.5117098689079285, 0
u,0.6516753435134888, 0.5074469447135925, 0
u,0.6640915870666504, 0.519307553768158, 0
u,0.66487717628479, 0.5138700008392334, 0
u,0.6577651500701904, 0.5117098689079285, 0
u,0.6732083559036255, 0.5191367864608765, 0
u,0.6722620129585266, 0.5137233734130859, 0
u,0.66487717628479, 0.5138700008392334, 0
u,0.6817700266838074, 0.5161442756652832, 0
u,0.679191529750824, 0.5113039016723633, 0
u,0.6722620129585266, 0.5137233734130859, 0
u,0.6850852370262146, 0.5068936347961426, 0
u,0.679191529750824, 0.5113039016723633, 0
u,0.6817700266838074, 0.5161442756652832, 0
u,0.9880999326705933, 0.7101084887981415, 0
u,0.9881954193115234, 0.7172481417655945, 0
u,0.9910581707954407, 0.7172522246837616, 0
u,0.9876169562339783, 0.7029798924922943, 0
u,0.9880999326705933, 0.7101084887981415, 0
u,0.990899920463562, 0.7099915444850922, 0
u,0.9868019819259644, 0.6958328485488892, 0
u,0.9876169562339783, 0.7029798924922943, 0
u,0.9904486536979675, 0.7027426362037659, 0
u,0.9856100678443909, 0.6886936724185944, 0
u,0.9868019819259644, 0.6958328485488892, 0
u,0.9896237850189209, 0.6954490840435028, 0
u,0.9840160012245178, 0.6815911829471588, 0
u,0.9856100678443909, 0.6886936724185944, 0
u,0.9884036779403687, 0.6881590485572815, 0
u,0.9819928407669067, 0.6745551824569702, 0
u,0.9840160012245178, 0.6815911829471588, 0
u,0.9867933988571167, 0.6808929443359375, 0
u,0.9795212149620056, 0.6676395833492279, 0
u,0.9819928407669067, 0.6745551824569702, 0
u,0.9847180247306824, 0.673688679933548, 0
u,0.9765602946281433, 0.66091588139534, 0
u,0.9795212149620056, 0.6676395833492279, 0
u,0.9821652770042419, 0.666595995426178, 0
u,0.9730550646781921, 0.6544956862926483, 0
u,0.9765602946281433, 0.66091588139534, 0
u,0.9791027903556824, 0.6596728563308716, 0
u,0.9689512252807617, 0.6486289799213409, 0
u,0.9730550646781921, 0.6544956862926483, 0
u,0.9754539132118225, 0.6530110538005829, 0
u,0.9744707345962524, 0.779996320605278, 0
u,0.9721734523773193, 0.7785250842571259, 0
u,0.9681825041770935, 0.7841716557741165, 0
u,0.978063702583313, 0.7735909819602966, 0
u,0.9756104946136475, 0.7723535299301147, 0
u,0.9721734523773193, 0.7785250842571259, 0
u,0.9810529947280884, 0.7669730633497238, 0
u,0.978556215763092, 0.7659258246421814, 0
u,0.9756104946136475, 0.7723535299301147, 0
u,0.9836583733558655, 0.7602229714393616, 0
u,0.9810457825660706, 0.7592935264110565, 0
u,0.978556215763092, 0.7659258246421814, 0
u,0.983163058757782, 0.7525369375944138, 0
u,0.9810457825660706, 0.7592935264110565, 0
u,0.9836583733558655, 0.7602229714393616, 0
u,0.9849149584770203, 0.7456505298614502, 0
u,0.983163058757782, 0.7525369375944138, 0
u,0.9858436584472656, 0.7533165514469147, 0
u,0.9862953424453735, 0.7386605739593506, 0
u,0.9849149584770203, 0.7456505298614502, 0
u,0.9876448512077332, 0.7462863922119141, 0
u,0.9901450276374817, 0.731935441493988, 0
u,0.9873107671737671, 0.7315809726715088, 0
u,0.9862953424453735, 0.7386605739593506, 0
u,0.9908298850059509, 0.7246049344539642, 0
u,0.9879259467124939, 0.7244234681129456, 0
u,0.9873107671737671, 0.7315809726715088, 0
u,0.9910581707954407, 0.7172522246837616, 0
u,0.9881954193115234, 0.7172481417655945, 0
u,0.9879259467124939, 0.7244234681129456, 0
u,0.971993625164032, 0.7632047832012177, 0
u,0.9624647498130798, 0.759465217590332, 0
u,0.9602265357971191, 0.7650033831596375, 0
u,0.9806311130523682, 0.723931223154068, 0
u,0.9808696508407593, 0.717139720916748, 0
u,0.9701462388038635, 0.7170285582542419, 0
u,0.972727358341217, 0.670340359210968, 0
u,0.9700713753700256, 0.6641047894954681, 0
u,0.9607305526733398, 0.6683748662471771, 0
u,0.9803223609924316, 0.7035814821720123, 0
u,0.9795385003089905, 0.6968131065368652, 0
u,0.9689419865608215, 0.6982961893081665, 0
u,0.9762749671936035, 0.7505601346492767, 0
u,0.966137707233429, 0.7478505373001099, 0
u,0.9644383788108826, 0.7537452727556229, 0
u,0.9669986367225647, 0.6581967771053314, 0
u,0.9635109901428223, 0.6527239382266998, 0
u,0.9555065035820007, 0.6578669250011444, 0
u,0.976898193359375, 0.6833774745464325, 0
u,0.9665865898132324, 0.6859723627567291, 0
u,0.9679051637649536, 0.6921127140522003, 0
u,0.9791342616081238, 0.7374052703380585, 0
u,0.9686515927314758, 0.7356977164745331, 0
u,0.9675604701042175, 0.7418286502361298, 0
u,0.9663131237030029, 0.7749344110488892, 0
u,0.9693515300750732, 0.7692487984895706, 0
u,0.9602265357971191, 0.7650033831596375, 0
u,0.972727358341217, 0.670340359210968, 0
u,0.9629784822463989, 0.6740337908267975, 0
u,0.9649389386177063, 0.6799361705780029, 0
u,0.9803223609924316, 0.7035814821720123, 0
u,0.9696683287620544, 0.7045258581638336, 0
u,0.9700382947921753, 0.7107767462730408, 0
u,0.9800552725791931, 0.7306967675685883, 0
u,0.9806311130523682, 0.723931223154068, 0
u,0.9699421525001526, 0.7232814431190491, 0
u,0.9743421077728271, 0.7569774240255356, 0
u,0.9644383788108826, 0.7537452727556229, 0
u,0.9624647498130798, 0.759465217590332, 0
u,0.9669986367225647, 0.6581967771053314, 0
u,0.9582280516624451, 0.6629415154457092, 0
u,0.9607305526733398, 0.6683748662471771, 0
u,0.9795385003089905, 0.6968131065368652, 0
u,0.978399395942688, 0.6900628805160522, 0
u,0.9679051637649536, 0.6921127140522003, 0
u,0.9778737425804138, 0.744030088186264, 0
u,0.9675604701042175, 0.7418286502361298, 0
u,0.966137707233429, 0.7478505373001099, 0
u,0.9629622101783752, 0.7802069634199142, 0
u,0.9663131237030029, 0.7749344110488892, 0
u,0.9577810764312744, 0.7702948600053787, 0
u,0.9750072360038757, 0.6767624914646149, 0
u,0.9649389386177063, 0.6799361705780029, 0
u,0.9665865898132324, 0.6859723627567291, 0
u,0.9808696508407593, 0.717139720916748, 0
u,0.9807684421539307, 0.7103537321090698, 0
u,0.9700382947921753, 0.7107767462730408, 0
u,0.9675604701042175, 0.7418286502361298, 0
u,0.9686515927314758, 0.7356977164745331, 0
u,0.9504256844520569, 0.7329613268375397, 0
u,0.9696683287620544, 0.7045258581638336, 0
u,0.9511473774909973, 0.7061572372913361, 0
u,0.9514762163162231, 0.711541473865509, 0
u,0.9582280516624451, 0.6629415154457092, 0
u,0.9423779845237732, 0.6698872447013855, 0
u,0.9441978335380554, 0.6747635006904602, 0
u,0.966137707233429, 0.7478505373001099, 0
u,0.9675604701042175, 0.7418286502361298, 0
u,0.9495639801025391, 0.7382555603981018, 0
u,0.9700382947921753, 0.7107767462730408, 0
u,0.9514762163162231, 0.711541473865509, 0
u,0.9516001343727112, 0.716919481754303, 0
u,0.9607305526733398, 0.6683748662471771, 0
u,0.9441978335380554, 0.6747635006904602, 0
u,0.945864200592041, 0.6797933578491211, 0
u,0.9644383788108826, 0.7537452727556229, 0
u,0.966137707233429, 0.7478505373001099, 0
u,0.9484720826148987, 0.7434964776039124, 0
u,0.9649389386177063, 0.6799361705780029, 0
u,0.9629784822463989, 0.6740337908267975, 0
u,0.945864200592041, 0.6797933578491211, 0
u,0.9624647498130798, 0.759465217590332, 0
u,0.9644383788108826, 0.7537452727556229, 0
u,0.9471634030342102, 0.748654842376709, 0
u,0.9665865898132324, 0.6859723627567291, 0
u,0.9649389386177063, 0.6799361705780029, 0
u,0.9473675489425659, 0.6849242150783539, 0
u,0.9602265357971191, 0.7650033831596375, 0
u,0.9624647498130798, 0.759465217590332, 0
u,0.9456397891044617, 0.7537173628807068, 0
u,0.9701462388038635, 0.7170285582542419, 0
u,0.9516001343727112, 0.716919481754303, 0
u,0.9514474272727966, 0.722287654876709, 0
u,0.9665865898132324, 0.6859723627567291, 0
u,0.9486287832260132, 0.6901463866233826, 0
u,0.9497033357620239, 0.6954512894153595, 0
u,0.9577810764312744, 0.7702948600053787, 0
u,0.9602265357971191, 0.7650033831596375, 0
u,0.94394451379776, 0.758675143122673, 0
u,0.9694483280181885, 0.7295112311840057, 0
u,0.9699421525001526, 0.7232814431190491, 0
u,0.9514474272727966, 0.722287654876709, 0
u,0.9679051637649536, 0.6921127140522003, 0
u,0.9497033357620239, 0.6954512894153595, 0
u,0.9505434036254883, 0.7007903754711151, 0
u,0.9551443457603455, 0.7753008157014847, 0
u,0.9577810764312744, 0.7702948600053787, 0
u,0.9421335458755493, 0.7634752094745636, 0
u,0.9686515927314758, 0.7356977164745331, 0
u,0.9694483280181885, 0.7295112311840057, 0
u,0.9510406255722046, 0.7276360094547272, 0
u,0.9689419865608215, 0.6982961893081665, 0
u,0.9505434036254883, 0.7007903754711151, 0
u,0.9511473774909973, 0.7061572372913361, 0
u,0.9582280516624451, 0.6629415154457092, 0
u,0.9555065035820007, 0.6578669250011444, 0
u,0.9404590129852295, 0.6652116775512695, 0
u,0.9516001343727112, 0.716919481754303, 0
u,0.9373641610145569, 0.7169179022312164, 0
u,0.9372984766960144, 0.7216541171073914, 0
u,0.9497033357620239, 0.6954512894153595, 0
u,0.9486287832260132, 0.6901463866233826, 0
u,0.9349555373191833, 0.6930899620056152, 0
u,0.9421335458755493, 0.7634752094745636, 0
u,0.94394451379776, 0.758675143122673, 0
u,0.9309298992156982, 0.7543303072452545, 0
u,0.9514474272727966, 0.722287654876709, 0
u,0.9372984766960144, 0.7216541171073914, 0
u,0.9370213747024536, 0.7263779640197754, 0
u,0.9505434036254883, 0.7007903754711151, 0
u,0.9497033357620239, 0.6954512894153595, 0
u,0.9358405470848083, 0.6978113055229187, 0
u,0.9421335458755493, 0.7634752094745636, 0
u,0.9293351173400879, 0.7588616460561752, 0
u,0.9276887774467468, 0.7633496820926666, 0
u,0.9504256844520569, 0.7329613268375397, 0
u,0.9510406255722046, 0.7276360094547272, 0
u,0.9370213747024536, 0.7263779640197754, 0
u,0.9511473774909973, 0.7061572372913361, 0
u,0.9505434036254883, 0.7007903754711151, 0
u,0.9365018606185913, 0.7025894224643707, 0
u,0.9404590129852295, 0.6652116775512695, 0
u,0.9277427196502686, 0.6699008643627167, 0
u,0.929458737373352, 0.6744847595691681, 0
u,0.9495639801025391, 0.7382555603981018, 0
u,0.9504256844520569, 0.7329613268375397, 0
u,0.9364505410194397, 0.7310771048069, 0
u,0.9511473774909973, 0.7061572372913361, 0
u,0.9369505643844604, 0.7073855698108673, 0
u,0.9373088479042053, 0.7121583223342896, 0
u,0.9423779845237732, 0.6698872447013855, 0
u,0.929458737373352, 0.6744847595691681, 0
u,0.9310658574104309, 0.6790862381458282, 0
u,0.9484720826148987, 0.7434964776039124, 0
u,0.9495639801025391, 0.7382555603981018, 0
u,0.9356847405433655, 0.7357812225818634, 0
u,0.9516001343727112, 0.716919481754303, 0
u,0.9514762163162231, 0.711541473865509, 0
u,0.9373088479042053, 0.7121583223342896, 0
u,0.9441978335380554, 0.6747635006904602, 0
u,0.9310658574104309, 0.6790862381458282, 0
u,0.9325441718101501, 0.6837218999862671, 0
u,0.9471634030342102, 0.748654842376709, 0
u,0.9484720826148987, 0.7434964776039124, 0
u,0.9347178339958191, 0.7404263615608215, 0
u,0.9473675489425659, 0.6849242150783539, 0
u,0.945864200592041, 0.6797933578491211, 0
u,0.9325441718101501, 0.6837218999862671, 0
u,0.9471634030342102, 0.748654842376709, 0
u,0.9335557818412781, 0.7450596988201141, 0
u,0.9323394894599915, 0.7497060596942902, 0
u,0.9473675489425659, 0.6849242150783539, 0
u,0.9338078498840332, 0.6884093284606934, 0
u,0.9349555373191833, 0.6930899620056152, 0
u,0.9456397891044617, 0.7537173628807068, 0
u,0.9323394894599915, 0.7497060596942902, 0
u,0.9309298992156982, 0.7543303072452545, 0
u,0.2672949433326721, 0.1423572301864624, 0
u,0.2639807462692261, 0.14877325296401978, 0
u,0.2708372175693512, 0.15103483200073242, 0
u,0.26357388496398926, 0.11705845594406128, 0
u,0.2675741910934448, 0.11423724889755249, 0
u,0.26421838998794556, 0.10761493444442749, 0
u,0.2720224857330322, 0.14391285181045532, 0
u,0.2708372175693512, 0.15103483200073242, 0
u,0.27804529666900635, 0.1510636806488037, 0
u,0.2606359124183655, 0.12102067470550537, 0
u,0.26357388496398926, 0.11705845594406128, 0
u,0.25836417078971863, 0.11185336112976074, 0
u,0.2769808769226074, 0.14392054080963135, 0
u,0.27804529666900635, 0.1510636806488037, 0
u,0.2849215865135193, 0.14892953634262085, 0
u,0.25901660323143005, 0.12573397159576416, 0
u,0.2606359124183655, 0.12102067470550537, 0
u,0.25408750772476196, 0.11769139766693115, 0
u,0.2885144352912903, 0.12126964330673218, 0
u,0.29527345299720764, 0.11790937185287476, 0
u,0.29103773832321167, 0.11205649375915527, 0
u,0.2816478908061981, 0.1423501968383789, 0
u,0.2849215865135193, 0.14892953634262085, 0
u,0.2907619774341583, 0.14471524953842163, 0
u,0.2589367926120758, 0.1306810975074768, 0
u,0.25901660323143005, 0.12573397159576416, 0
u,0.25183990597724915, 0.12455576658248901, 0
u,0.2856731116771698, 0.11733978986740112, 0
u,0.29103773832321167, 0.11205649375915527, 0
u,0.28521502017974854, 0.10773485898971558, 0
u,0.2856200039386749, 0.139460027217865, 0
u,0.2907619774341583, 0.14471524953842163, 0
u,0.29509657621383667, 0.13892948627471924, 0
u,0.2603868544101715, 0.1353834867477417, 0
u,0.2589367926120758, 0.1306810975074768, 0
u,0.25177881121635437, 0.1317644715309143, 0
u,0.27711498737335205, 0.11288899183273315, 0
u,0.28173479437828064, 0.11446976661682129, 0
u,0.28521502017974854, 0.10773485898971558, 0
u,0.28851383924484253, 0.13547295331954956, 0
u,0.29509657621383667, 0.13892948627471924, 0
u,0.2973743975162506, 0.13203895092010498, 0
u,0.2632830739021301, 0.13942450284957886, 0
u,0.2603868544101715, 0.1353834867477417, 0
u,0.25395554304122925, 0.13864296674728394, 0
u,0.27221837639808655, 0.1127893328666687, 0
u,0.27711498737335205, 0.11288899183273315, 0
u,0.2783140540122986, 0.10546767711639404, 0
u,0.2900248169898987, 0.1307966113090515, 0
u,0.2973743975162506, 0.13203895092010498, 0
u,0.297410249710083, 0.12481307983398438, 0
u,0.2632830739021301, 0.13942450284957886, 0
u,0.25817734003067017, 0.14449554681777954, 0
u,0.2639807462692261, 0.14877325296401978, 0
u,0.2675741910934448, 0.11423724889755249, 0
u,0.27221837639808655, 0.1127893328666687, 0
u,0.27109622955322266, 0.10545879602432251, 0
u,0.2899896204471588, 0.12590450048446655, 0
u,0.297410249710083, 0.12481307983398438, 0
u,0.29527345299720764, 0.11790937185287476, 0
u,0.25395554304122925, 0.13864296674728394, 0
u,0.25177881121635437, 0.1317644715309143, 0
u,0.24476270377635956, 0.1328831911087036, 0
u,0.28521502017974854, 0.10773485898971558, 0
u,0.2884572744369507, 0.10148733854293823, 0
u,0.2794891595840454, 0.09849739074707031, 0
u,0.29509657621383667, 0.13892948627471924, 0
u,0.3013591766357422, 0.14221632480621338, 0
u,0.3043071925640106, 0.1332370638847351, 0
u,0.25395554304122925, 0.13864296674728394, 0
u,0.2475680112838745, 0.1418522596359253, 0
u,0.25307050347328186, 0.14944696426391602, 0
u,0.2783140540122986, 0.10546767711639404, 0
u,0.2794891595840454, 0.09849739074707031, 0
u,0.27003493905067444, 0.09846901893615723, 0
u,0.2973743975162506, 0.13203895092010498, 0
u,0.3043071925640106, 0.1332370638847351, 0
u,0.3043993413448334, 0.12376493215560913, 0
u,0.25817734003067017, 0.14449554681777954, 0
u,0.25307050347328186, 0.14944696426391602, 0
u,0.2606488764286041, 0.15505272150039673, 0
u,0.26421838998794556, 0.10761493444442749, 0
u,0.27109622955322266, 0.10545879602432251, 0
u,0.27003493905067444, 0.09846901893615723, 0
u,0.29527345299720764, 0.11790937185287476, 0
u,0.297410249710083, 0.12481307983398438, 0
u,0.3043993413448334, 0.12376493215560913, 0
u,0.2708372175693512, 0.15103483200073242, 0
u,0.2639807462692261, 0.14877325296401978, 0
u,0.2606488764286041, 0.15505272150039673, 0
u,0.26421838998794556, 0.10761493444442749, 0
u,0.261039674282074, 0.10124039649963379, 0
u,0.25340351462364197, 0.10674959421157837, 0
u,0.2708372175693512, 0.15103483200073242, 0
u,0.2696433663368225, 0.158003032207489, 0
u,0.27910181879997253, 0.1580730676651001, 0
u,0.25408750772476196, 0.11769139766693115, 0
u,0.25836417078971863, 0.11185336112976074, 0
u,0.25340351462364197, 0.10674959421157837, 0
u,0.2849215865135193, 0.14892953634262085, 0
u,0.27804529666900635, 0.1510636806488037, 0
u,0.27910181879997253, 0.1580730676651001, 0
u,0.25408750772476196, 0.11769139766693115, 0
u,0.24781838059425354, 0.1143951416015625, 0
u,0.24481216073036194, 0.12341248989105225, 0
u,0.29527345299720764, 0.11790937185287476, 0
u,0.30161404609680176, 0.11474400758743286, 0
u,0.29607632756233215, 0.10709834098815918, 0
u,0.2849215865135193, 0.14892953634262085, 0
u,0.2880963683128357, 0.15528064966201782, 0
u,0.2957087457180023, 0.1497611403465271, 0
u,0.25177881121635437, 0.1317644715309143, 0
u,0.25183990597724915, 0.12455576658248901, 0
u,0.24481216073036194, 0.12341248989105225, 0
u,0.28521502017974854, 0.10773485898971558, 0
u,0.29103773832321167, 0.11205649375915527, 0
u,0.29607632756233215, 0.10709834098815918, 0
u,0.29509657621383667, 0.13892948627471924, 0
u,0.2907619774341583, 0.14471524953842163, 0
u,0.2957087457180023, 0.1497611403465271, 0
u,0.25340351462364197, 0.10674959421157837, 0
u,0.24974407255649567, 0.10290265083312988, 0
u,0.24301214516162872, 0.11190956830978394, 0
u,0.2880963683128357, 0.15528064966201782, 0
u,0.27910181879997253, 0.1580730676651001, 0
u,0.2799470126628876, 0.1631736159324646, 0
u,0.24481216073036194, 0.12341248989105225, 0
u,0.24781838059425354, 0.1143951416015625, 0
u,0.24301214516162872, 0.11190956830978394, 0
u,0.30161404609680176, 0.11474400758743286, 0
u,0.30612608790397644, 0.11249369382858276, 0
u,0.29975998401641846, 0.10356301069259644, 0
u,0.2880963683128357, 0.15528064966201782, 0
u,0.29036945104599, 0.15980124473571777, 0
u,0.299250066280365, 0.15345758199691772, 0
u,0.24476270377635956, 0.1328831911087036, 0
u,0.24481216073036194, 0.12341248989105225, 0
u,0.23956604301929474, 0.12264150381088257, 0
u,0.29607632756233215, 0.10709834098815918, 0
u,0.29975998401641846, 0.10356301069259644, 0
u,0.2908511459827423, 0.09687864780426025, 0
u,0.2957087457180023, 0.1497611403465271, 0
u,0.299250066280365, 0.15345758199691772, 0
u,0.30584442615509033, 0.14462673664093018, 0
u,0.2475680112838745, 0.1418522596359253, 0
u,0.24476270377635956, 0.1328831911087036, 0
u,0.23955368995666504, 0.13374251127243042, 0
u,0.2794891595840454, 0.09849739074707031, 0
u,0.2884572744369507, 0.10148733854293823, 0
u,0.2908511459827423, 0.09687864780426025, 0
u,0.3013591766357422, 0.14221632480621338, 0
u,0.30584442615509033, 0.14462673664093018, 0
u,0.30940327048301697, 0.13407409191131592, 0
u,0.2475680112838745, 0.1418522596359253, 0
u,0.24287769198417664, 0.14420652389526367, 0
u,0.2492816299200058, 0.1530969738960266, 0
u,0.27003493905067444, 0.09846901893615723, 0
u,0.2794891595840454, 0.09849739074707031, 0
u,0.2802433669567108, 0.09344750642776489, 0
u,0.3043993413448334, 0.12376493215560913, 0
u,0.3043071925640106, 0.1332370638847351, 0
u,0.30940327048301697, 0.13407409191131592, 0
u,0.25307050347328186, 0.14944696426391602, 0
u,0.2492816299200058, 0.1530969738960266, 0
u,0.2581600844860077, 0.15971553325653076, 0
u,0.261039674282074, 0.10124039649963379, 0
u,0.27003493905067444, 0.09846901893615723, 0
u,0.2692300081253052, 0.09344750642776489, 0
u,0.30161404609680176, 0.11474400758743286, 0
u,0.3043993413448334, 0.12376493215560913, 0
u,0.3094061315059662, 0.12295222282409668, 0
u,0.2606488764286041, 0.15505272150039673, 0
u,0.2581600844860077, 0.15971553325653076, 0
u,0.26879483461380005, 0.1632634401321411, 0
u,0.261039674282074, 0.10124039649963379, 0
u,0.2587822377681732, 0.09662830829620361, 0
u,0.24974407255649567, 0.10290265083312988, 0
u,0.27910181879997253, 0.1580730676651001, 0
u,0.2696433663368225, 0.158003032207489, 0
u,0.26879483461380005, 0.1632634401321411, 0
u,0.8521862030029297, 0.1335943341255188, 0
u,0.8414996862411499, 0.1303349733352661, 0
u,0.8410017490386963, 0.13360309600830078, 0
u,0.8004451990127563, 0.16007888317108154, 0
u,0.8038531541824341, 0.16063731908798218, 0
u,0.8070597648620605, 0.15084493160247803, 0
u,0.8421647548675537, 0.20154672861099243, 0
u,0.8528738021850586, 0.19780659675598145, 0
u,0.8512035608291626, 0.1947351098060608, 0
u,0.8521862030029297, 0.1335943341255188, 0
u,0.850618839263916, 0.13673818111419678, 0
u,0.8588674068450928, 0.14256298542022705, 0
u,0.8040673732757568, 0.14926809072494507, 0
u,0.8070597648620605, 0.15084493160247803, 0
u,0.8130432367324829, 0.14264792203903198, 0
u,0.8306572437286377, 0.20169591903686523, 0
u,0.8421647548675537, 0.20154672861099243, 0
u,0.8415290117263794, 0.1980733871459961, 0
u,0.8680379390716553, 0.14903521537780762, 0
u,0.861327052116394, 0.14004355669021606, 0
u,0.8588674068450928, 0.14256298542022705, 0
u,0.8306572437286377, 0.20169591903686523, 0
u,0.8312016725540161, 0.19816994667053223, 0
u,0.8213533163070679, 0.19503253698349, 0
u,0.8716497421264648, 0.15986663103103638, 0
u,0.8680379390716553, 0.14903521537780762, 0
u,0.8648279905319214, 0.15074628591537476, 0
u,0.8197592496871948, 0.19808703660964966, 0
u,0.8213533163070679, 0.19503253698349, 0
u,0.8130348920822144, 0.18901276588439941, 0
u,0.8716497421264648, 0.15986663103103638, 0
u,0.8680069446563721, 0.16046303510665894, 0
u,0.8681188821792603, 0.1706750988960266, 0
u,0.8197157382965088, 0.13377875089645386, 0
u,0.8106681108474731, 0.14024388790130615, 0
u,0.8130432367324829, 0.14264792203903198, 0
u,0.8039356470108032, 0.1823720932006836, 0
u,0.810657262802124, 0.1914045810699463, 0
u,0.8130348920822144, 0.18901276588439941, 0
u,0.8716788291931152, 0.17125558853149414, 0
u,0.8681188821792603, 0.1706750988960266, 0
u,0.8650944232940674, 0.18034785985946655, 0
u,0.8303666114807129, 0.13033509254455566, 0
u,0.8197157382965088, 0.13377875089645386, 0
u,0.8212682008743286, 0.13679611682891846, 0
u,0.8004124164581299, 0.17154169082641602, 0
u,0.8039356470108032, 0.1823720932006836, 0
u,0.8069887161254883, 0.18076348304748535, 0
u,0.8682825565338135, 0.18195652961730957, 0
u,0.8650944232940674, 0.18034785985946655, 0
u,0.8593355417251587, 0.1886523962020874, 0
u,0.8303666114807129, 0.13033509254455566, 0
u,0.8309018611907959, 0.1337098479270935, 0
u,0.8410017490386963, 0.13360309600830078, 0
u,0.8004451990127563, 0.16007888317108154, 0
u,0.8004124164581299, 0.17154169082641602, 0
u,0.8037879467010498, 0.1709842085838318, 0
u,0.8528738021850586, 0.19780659675598145, 0
u,0.8618621826171875, 0.19109386205673218, 0
u,0.8593355417251587, 0.1886523962020874, 0
u,0.8212682008743286, 0.13679611682891846, 0
u,0.8130432367324829, 0.14264792203903198, 0
u,0.8165463209152222, 0.14618265628814697, 0
u,0.8130348920822144, 0.18901276588439941, 0
u,0.8165843486785889, 0.18545001745224, 0
u,0.81145179271698, 0.1784580945968628, 0
u,0.8681188821792603, 0.1706750988960266, 0
u,0.8631653785705566, 0.16988366842269897, 0
u,0.860628604888916, 0.17809689044952393, 0
u,0.8309018611907959, 0.1337098479270935, 0
u,0.8212682008743286, 0.13679611682891846, 0
u,0.8235464096069336, 0.14118069410324097, 0
u,0.8037879467010498, 0.1709842085838318, 0
u,0.8069887161254883, 0.18076348304748535, 0
u,0.81145179271698, 0.1784580945968628, 0
u,0.8650944232940674, 0.18034785985946655, 0
u,0.860628604888916, 0.17809689044952393, 0
u,0.8557219505310059, 0.18516790866851807, 0
u,0.8309018611907959, 0.1337098479270935, 0
u,0.8316673040390015, 0.13857156038284302, 0
u,0.8401834964752197, 0.13850057125091553, 0
u,0.8038531541824341, 0.16063731908798218, 0
u,0.8037879467010498, 0.1709842085838318, 0
u,0.8087528944015503, 0.17014801502227783, 0
u,0.8512035608291626, 0.1947351098060608, 0
u,0.8593355417251587, 0.1886523962020874, 0
u,0.8557219505310059, 0.18516790866851807, 0
u,0.8410017490386963, 0.13360309600830078, 0
u,0.8401834964752197, 0.13850057125091553, 0
u,0.8483349084854126, 0.14114654064178467, 0
u,0.8038531541824341, 0.16063731908798218, 0
u,0.8088012933731079, 0.1614394187927246, 0
u,0.8114712238311768, 0.15317082405090332, 0
u,0.8415290117263794, 0.1980733871459961, 0
u,0.8512035608291626, 0.1947351098060608, 0
u,0.8488186597824097, 0.19033843278884888, 0
u,0.8588674068450928, 0.14256298542022705, 0
u,0.850618839263916, 0.13673818111419678, 0
u,0.8483349084854126, 0.14114654064178467, 0
u,0.8070597648620605, 0.15084493160247803, 0
u,0.8114712238311768, 0.15317082405090332, 0
u,0.8165463209152222, 0.14618265628814697, 0
u,0.8312016725540161, 0.19816994667053223, 0
u,0.8415290117263794, 0.1980733871459961, 0
u,0.8406280279159546, 0.1931154727935791, 0
u,0.8648279905319214, 0.15074628591537476, 0
u,0.8588674068450928, 0.14256298542022705, 0
u,0.855323314666748, 0.14615470170974731, 0
u,0.8312016725540161, 0.19816994667053223, 0
u,0.8319094181060791, 0.1931842565536499, 0
u,0.8235905170440674, 0.190538227558136, 0
u,0.8680069446563721, 0.16046303510665894, 0
u,0.8648279905319214, 0.15074628591537476, 0
u,0.8603789806365967, 0.15309560298919678, 0
u,0.8130348920822144, 0.18901276588439941, 0
u,0.8213533163070679, 0.19503253698349, 0
u,0.8235905170440674, 0.190538227558136, 0
u,0.8680069446563721, 0.16046303510665894, 0
u,0.8630491495132446, 0.16128182411193848, 0
u,0.8631653785705566, 0.16988366842269897, 0
u,0.8165463209152222, 0.14618265628814697, 0
u,0.8114712238311768, 0.15317082405090332, 0
u,0.8229217529296875, 0.159051775932312, 0
u,0.8319094181060791, 0.1931842565536499, 0
u,0.8406280279159546, 0.1931154727935791, 0
u,0.8385579586029053, 0.18048518896102905, 0
u,0.855323314666748, 0.14615470170974731, 0
u,0.8463031053543091, 0.15514779090881348, 0
u,0.8490395545959473, 0.1589118242263794, 0
u,0.8235905170440674, 0.190538227558136, 0
u,0.8319094181060791, 0.1931842565536499, 0
u,0.833919882774353, 0.18049925565719604, 0
u,0.8603789806365967, 0.15309560298919678, 0
u,0.8490395545959473, 0.1589118242263794, 0
u,0.8504642248153687, 0.1633683443069458, 0
u,0.8235905170440674, 0.190538227558136, 0
u,0.829493522644043, 0.17906111478805542, 0
u,0.8257404565811157, 0.17633885145187378, 0
u,0.8630491495132446, 0.16128182411193848, 0
u,0.8504642248153687, 0.1633683443069458, 0
u,0.8505104780197144, 0.1679997444152832, 0
u,0.8235464096069336, 0.14118069410324097, 0
u,0.8165463209152222, 0.14618265628814697, 0
u,0.8256086111068726, 0.15525680780410767, 0
u,0.8165843486785889, 0.18545001745224, 0
u,0.8257404565811157, 0.17633885145187378, 0
u,0.8229891061782837, 0.17256379127502441, 0
u,0.860628604888916, 0.17809689044952393, 0
u,0.8631653785705566, 0.16988366842269897, 0
u,0.8505104780197144, 0.1679997444152832, 0
u,0.8235464096069336, 0.14118069410324097, 0
u,0.8293516635894775, 0.15257936716079712, 0
u,0.8336279392242432, 0.15122199058532715, 0
u,0.8087528944015503, 0.17014801502227783, 0
u,0.81145179271698, 0.1784580945968628, 0
u,0.8229891061782837, 0.17256379127502441, 0
u,0.8557219505310059, 0.18516790866851807, 0
u,0.860628604888916, 0.17809689044952393, 0
u,0.8492565155029297, 0.17245709896087646, 0
u,0.8316673040390015, 0.13857156038284302, 0
u,0.8336279392242432, 0.15122199058532715, 0
u,0.8381222486495972, 0.15105634927749634, 0
u,0.8087528944015503, 0.17014801502227783, 0
u,0.8215121030807495, 0.1680893898010254, 0
u,0.8215420246124268, 0.16344237327575684, 0
u,0.8488186597824097, 0.19033843278884888, 0
u,0.8557219505310059, 0.18516790866851807, 0
u,0.8466606140136719, 0.1763453483581543, 0
u,0.8401834964752197, 0.13850057125091553, 0
u,0.8381222486495972, 0.15105634927749634, 0
u,0.8425498008728027, 0.15236663818359375, 0
u,0.8114712238311768, 0.15317082405090332, 0
u,0.8088012933731079, 0.1614394187927246, 0
u,0.8215420246124268, 0.16344237327575684, 0
u,0.8406280279159546, 0.1931154727935791, 0
u,0.8488186597824097, 0.19033843278884888, 0
u,0.8429133892059326, 0.17902815341949463, 0
u,0.8483349084854126, 0.14114654064178467, 0
u,0.8425498008728027, 0.15236663818359375, 0
u,0.8463031053543091, 0.15514779090881348, 0
u,0.8215121030807495, 0.1680893898010254, 0
u,0.8229891061782837, 0.17256379127502441, 0
u,0.8248302936553955, 0.17162281274795532, 0
u,0.8466606140136719, 0.1763453483581543, 0
u,0.8492565155029297, 0.17245709896087646, 0
u,0.8475630283355713, 0.17166441679000854, 0
u,0.8381222486495972, 0.15105634927749634, 0
u,0.8336279392242432, 0.15122199058532715, 0
u,0.8339906930923462, 0.153128981590271, 0
u,0.8215121030807495, 0.1680893898010254, 0
u,0.8236440420150757, 0.1677514910697937, 0
u,0.8235403299331665, 0.16374874114990234, 0
u,0.8466606140136719, 0.1763453483581543, 0
u,0.8452885150909424, 0.175001323223114, 0
u,0.8420720100402832, 0.177392840385437, 0
u,0.8425498008728027, 0.15236663818359375, 0
u,0.8381222486495972, 0.15105634927749634, 0
u,0.8378584384918213, 0.15302395820617676, 0
u,0.8229217529296875, 0.159051775932312, 0
u,0.8215420246124268, 0.16344237327575684, 0
u,0.8235403299331665, 0.16374874114990234, 0
u,0.8385579586029053, 0.18048518896102905, 0
u,0.8429133892059326, 0.17902815341949463, 0
u,0.8420720100402832, 0.177392840385437, 0
u,0.8425498008728027, 0.15236663818359375, 0
u,0.8416374921798706, 0.1541837453842163, 0
u,0.8448930978775024, 0.15650945901870728, 0
u,0.8256086111068726, 0.15525680780410767, 0
u,0.8229217529296875, 0.159051775932312, 0
u,0.8247714042663574, 0.1599782109260559, 0
u,0.833919882774353, 0.18049925565719604, 0
u,0.8385579586029053, 0.18048518896102905, 0
u,0.8382484912872314, 0.17859667539596558, 0
u,0.8463031053543091, 0.15514779090881348, 0
u,0.8448930978775024, 0.15650945901870728, 0
u,0.8472576141357422, 0.15977442264556885, 0
u,0.829493522644043, 0.17906111478805542, 0
u,0.833919882774353, 0.18049925565719604, 0
u,0.8342063426971436, 0.1785576343536377, 0
u,0.8490395545959473, 0.1589118242263794, 0
u,0.8472576141357422, 0.15977442264556885, 0
u,0.8485193252563477, 0.1636795997619629, 0
u,0.8257404565811157, 0.17633885145187378, 0
u,0.829493522644043, 0.17906111478805542, 0
u,0.8303813934326172, 0.17728394269943237, 0
u,0.8504642248153687, 0.1633683443069458, 0
u,0.8485193252563477, 0.1636795997619629, 0
u,0.8486804962158203, 0.16776597499847412, 0
u,0.8256086111068726, 0.15525680780410767, 0
u,0.8271176815032959, 0.15676236152648926, 0
u,0.8302750587463379, 0.1543918251991272, 0
u,0.8229891061782837, 0.17256379127502441, 0
u,0.8257404565811157, 0.17633885145187378, 0
u,0.8271516561508179, 0.17490684986114502, 0
u,0.8492565155029297, 0.17245709896087646, 0
u,0.8505104780197144, 0.1679997444152832, 0
u,0.8486804962158203, 0.16776597499847412, 0
u,0.8293516635894775, 0.15257936716079712, 0
u,0.8302750587463379, 0.1543918251991272, 0
u,0.8339906930923462, 0.153128981590271, 0
u,0.023977577686309814, 0.5944227874279022, 0
u,0.02270960807800293, 0.5909576416015625, 0
u,0.02091282606124878, 0.5912807583808899, 0
u,0.036018550395965576, 0.5775265395641327, 0
u,0.039547741413116455, 0.5787530243396759, 0
u,0.04039400815963745, 0.5771000385284424, 0
u,0.023977577686309814, 0.5944227874279022, 0
u,0.022343814373016357, 0.595295250415802, 0
u,0.024953126907348633, 0.5987371802330017, 0
u,0.036018550395965576, 0.5775265395641327, 0
u,0.03630417585372925, 0.5757863819599152, 0
u,0.032063961029052734, 0.5757316052913666, 0
u,0.04289215803146362, 0.5972905158996582, 0
u,0.0442085862159729, 0.5985322892665863, 0
u,0.04658663272857666, 0.5951533615589142, 0
u,0.029364585876464844, 0.5994617342948914, 0
u,0.026287436485290527, 0.5973308384418488, 0
u,0.024953126907348633, 0.5987371802330017, 0
u,0.032270848751068115, 0.5775231719017029, 0
u,0.032063961029052734, 0.5757316052913666, 0
u,0.027966439723968506, 0.576979249715805, 0
u,0.04593479633331299, 0.5908763408660889, 0
u,0.04483461380004883, 0.5943666696548462, 0
u,0.04658663272857666, 0.5951533615589142, 0
u,0.029364585876464844, 0.5994617342948914, 0
u,0.028548777103424072, 0.6011592745780945, 0
u,0.032665908336639404, 0.6024640500545502, 0
u,0.02874690294265747, 0.5785611867904663, 0
u,0.027966439723968506, 0.576979249715805, 0
u,0.024543583393096924, 0.5794593095779419, 0
u,0.04592442512512207, 0.5872484445571899, 0
u,0.04593479633331299, 0.5908763408660889, 0
u,0.047804057598114014, 0.5911317467689514, 0
u,0.03296065330505371, 0.6004948616027832, 0
u,0.032665908336639404, 0.6024640500545502, 0
u,0.0369572639465332, 0.6024240851402283, 0
u,0.02576345205307007, 0.5807191133499146, 0
u,0.024543583393096924, 0.5794593095779419, 0
u,0.02203190326690674, 0.5829203724861145, 0
u,0.04482179880142212, 0.5837835967540741, 0
u,0.04592442512512207, 0.5872484445571899, 0
u,0.04773604869842529, 0.5869354009628296, 0
u,0.040056467056274414, 0.5994217693805695, 0
u,0.03662604093551636, 0.6005333662033081, 0
u,0.0369572639465332, 0.6024240851402283, 0
u,0.022564291954040527, 0.5872896611690521, 0
u,0.02367842197418213, 0.5837160348892212, 0
u,0.02203190326690674, 0.5829203724861145, 0
u,0.04482179880142212, 0.5837835967540741, 0
u,0.04636901617050171, 0.5829773843288422, 0
u,0.04387086629867554, 0.5796061158180237, 0
u,0.04289215803146362, 0.5972905158996582, 0
u,0.040056467056274414, 0.5994217693805695, 0
u,0.04096639156341553, 0.6010818481445312, 0
u,0.022564291954040527, 0.5872896611690521, 0
u,0.02082645893096924, 0.5870487093925476, 0
u,0.02091282606124878, 0.5912807583808899, 0
u,0.0426027774810791, 0.5808840990066528, 0
u,0.04387086629867554, 0.5796061158180237, 0
u,0.04039400815963745, 0.5771000385284424, 0
u,0.7467786073684692, 0.6013211309909821, 0
u,0.7567760944366455, 0.5997568964958191, 0
u,0.7557727694511414, 0.5915545225143433, 0
u,0.7519784569740295, 0.6186316609382629, 0
u,0.7559977173805237, 0.6266061365604401, 0
u,0.7629925012588501, 0.6238664388656616, 0
u,0.7459072470664978, 0.5833568871021271, 0
u,0.745929479598999, 0.5923907160758972, 0
u,0.7557727694511414, 0.5915545225143433, 0
u,0.74870765209198, 0.6101803481578827, 0
u,0.7519784569740295, 0.6186316609382629, 0
u,0.760337769985199, 0.6156415343284607, 0
u,0.5312504768371582, 0.6576480269432068, 0
u,0.529331386089325, 0.6590338945388794, 0
u,0.5328760147094727, 0.6659374237060547, 0
u,0.056709110736846924, 0.6104919612407684, 0
u,0.06210494041442871, 0.6024062931537628, 0
u,0.05416440963745117, 0.5987725555896759, 0
u,0.74870765209198, 0.6101803481578827, 0
u,0.7583054900169373, 0.6076986789703369, 0
u,0.7567760944366455, 0.5997568964958191, 0
u,0.5426918268203735, 0.6689793467521667, 0
u,0.536768913269043, 0.6631317734718323, 0
u,0.5328760147094727, 0.6659374237060547, 0
u,0.047804057598114014, 0.5911317467689514, 0
u,0.04658663272857666, 0.5951533615589142, 0
u,0.05416440963745117, 0.5987725555896759, 0
u,0.529331386089325, 0.6590338945388794, 0
u,0.5270808935165405, 0.659757673740387, 0
u,0.5283061265945435, 0.6673943996429443, 0
u,0.06210494041442871, 0.6024062931537628, 0
u,0.06466442346572876, 0.593198150396347, 0
u,0.05610048770904541, 0.5922093987464905, 0
u,0.7567760944366455, 0.5997568964958191, 0
u,0.7583054900169373, 0.6076986789703369, 0
u,0.7670689225196838, 0.6060456335544586, 0
u,0.5328760147094727, 0.6659374237060547, 0
u,0.5283061265945435, 0.6673943996429443, 0
u,0.5296742916107178, 0.6757052540779114, 0
u,0.04773604869842529, 0.5869354009628296, 0
u,0.047804057598114014, 0.5911317467689514, 0
u,0.05610048770904541, 0.5922093987464905, 0
u,0.7567760944366455, 0.5997568964958191, 0
u,0.7660306692123413, 0.59850013256073, 0
u,0.765158474445343, 0.5906534492969513, 0
u,0.7629925012588501, 0.6238664388656616, 0
u,0.7702022194862366, 0.6218582987785339, 0
u,0.7684773802757263, 0.6137396991252899, 0
u,0.7557727694511414, 0.5915545225143433, 0
u,0.765158474445343, 0.5906534492969513, 0
u,0.7644002437591553, 0.5819492936134338, 0
u,0.760337769985199, 0.6156415343284607, 0
u,0.7684773802757263, 0.6137396991252899, 0
u,0.7670689225196838, 0.6060456335544586, 0
u,0.7684773802757263, 0.6137396991252899, 0
u,0.7702022194862366, 0.6218582987785339, 0
u,0.7775132656097412, 0.620719313621521, 0
u,0.7644002437591553, 0.5819492936134338, 0
u,0.765158474445343, 0.5906534492969513, 0
u,0.7743175029754639, 0.5898384153842926, 0
u,0.7684773802757263, 0.6137396991252899, 0
u,0.7764664888381958, 0.6124861538410187, 0
u,0.7756062746047974, 0.6049685478210449, 0
u,0.5283061265945435, 0.6673943996429443, 0
u,0.5270808935165405, 0.659757673740387, 0
u,0.5247179865837097, 0.6597749590873718, 0
u,0.05610048770904541, 0.5922093987464905, 0
u,0.06466442346572876, 0.593198150396347, 0
u,0.06431269645690918, 0.5837947428226471, 0
u,0.7670689225196838, 0.6060456335544586, 0
u,0.7756062746047974, 0.6049685478210449, 0
u,0.7748829126358032, 0.5975448191165924, 0
u,0.5296742916107178, 0.6757052540779114, 0
u,0.5283061265945435, 0.6673943996429443, 0
u,0.5235040187835693, 0.6674729585647583, 0
u,0.04636901617050171, 0.5829773843288422, 0
u,0.04773604869842529, 0.5869354009628296, 0
u,0.05593132972717285, 0.5854158103466034, 0
u,0.765158474445343, 0.5906534492969513, 0
u,0.7660306692123413, 0.59850013256073, 0
u,0.7748829126358032, 0.5975448191165924, 0
u,0.5235040187835693, 0.6674729585647583, 0
u,0.5189302563667297, 0.6659759879112244, 0
u,0.5152036547660828, 0.6734734773635864, 0
u,0.04387086629867554, 0.5796061158180237, 0
u,0.04636901617050171, 0.5829773843288422, 0
u,0.053740739822387695, 0.5790109932422638, 0
u,0.7743175029754639, 0.5898384153842926, 0
u,0.7748829126358032, 0.5975448191165924, 0
u,0.783625602722168, 0.5969066619873047, 0
u,0.7764664888381958, 0.6124861538410187, 0
u,0.7775132656097412, 0.620719313621521, 0
u,0.7849199175834656, 0.620110958814621, 0
u,0.7737584710121155, 0.5813035368919373, 0
u,0.7743175029754639, 0.5898384153842926, 0
u,0.7833330035209656, 0.5893141329288483, 0
u,0.7756062746047974, 0.6049685478210449, 0
u,0.7764664888381958, 0.6124861538410187, 0
u,0.7844032049179077, 0.6117948591709137, 0
u,0.5235040187835693, 0.6674729585647583, 0
u,0.5247179865837097, 0.6597749590873718, 0
u,0.522459864616394, 0.6590539813041687, 0
u,0.06431269645690918, 0.5837947428226471, 0
u,0.061228275299072266, 0.5750184655189514, 0
u,0.053740739822387695, 0.5790109932422638, 0
u,0.7748829126358032, 0.5975448191165924, 0
u,0.7756062746047974, 0.6049685478210449, 0
u,0.7840001583099365, 0.6042420268058777, 0
u,0.7840001583099365, 0.6042420268058777, 0
u,0.7844032049179077, 0.6117948591709137, 0
u,0.7923722267150879, 0.6115877032279968, 0
u,0.5189302563667297, 0.6659759879112244, 0
u,0.522459864616394, 0.6590539813041687, 0
u,0.5205330848693848, 0.6576654314994812, 0
u,0.053740739822387695, 0.5790109932422638, 0
u,0.061228275299072266, 0.5750184655189514, 0
u,0.055684447288513184, 0.5674025416374207, 0
u,0.7840001583099365, 0.6042420268058777, 0
u,0.7923510670661926, 0.6039861142635345, 0
u,0.7923182845115662, 0.5966478884220123, 0
u,0.5189302563667297, 0.6659759879112244, 0
u,0.5150730609893799, 0.663152277469635, 0
u,0.5091381072998047, 0.6691371202468872, 0
u,0.04039400815963745, 0.5771000385284424, 0
u,0.04387086629867554, 0.5796061158180237, 0
u,0.049604058265686035, 0.5736424922943115, 0
u,0.7833330035209656, 0.5893141329288483, 0
u,0.783625602722168, 0.5969066619873047, 0
u,0.7923182845115662, 0.5966478884220123, 0
u,0.7844032049179077, 0.6117948591709137, 0
u,0.7849199175834656, 0.620110958814621, 0
u,0.7924049496650696, 0.6199540495872498, 0
u,0.7830182313919067, 0.5808831751346588, 0
u,0.7833330035209656, 0.5893141329288483, 0
u,0.7922590374946594, 0.589096873998642, 0
u,0.7923722267150879, 0.6115877032279968, 0
u,0.7924049496650696, 0.6199540495872498, 0
u,0.7999347448348999, 0.6202138960361481, 0
u,0.7921875715255737, 0.5807309448719025, 0
u,0.7922590374946594, 0.589096873998642, 0
u,0.8011964559555054, 0.5891193747520447, 0
u,0.7923722267150879, 0.6115877032279968, 0
u,0.800377607345581, 0.6117766499519348, 0
u,0.8007217049598694, 0.6041616797447205, 0
u,0.5205330848693848, 0.6576654314994812, 0
u,0.519142746925354, 0.6557374596595764, 0
u,0.5121951103210449, 0.6592923402786255, 0
u,0.055684447288513184, 0.5674025416374207, 0
u,0.04790157079696655, 0.5618750751018524, 0
u,0.04409307241439819, 0.5696440637111664, 0
u,0.7923182845115662, 0.5966478884220123, 0
u,0.7923510670661926, 0.6039861142635345, 0
u,0.8007217049598694, 0.6041616797447205, 0
u,0.5091381072998047, 0.6691371202468872, 0
u,0.5150730609893799, 0.663152277469635, 0
u,0.5121951103210449, 0.6592923402786255, 0
u,0.03630417585372925, 0.5757863819599152, 0
u,0.04039400815963745, 0.5771000385284424, 0
u,0.04409307241439819, 0.5696440637111664, 0
u,0.7923182845115662, 0.5966478884220123, 0
u,0.8010411858558655, 0.5967764556407928, 0
u,0.8011964559555054, 0.5891193747520447, 0
u,0.8010411858558655, 0.5967764556407928, 0
u,0.8007217049598694, 0.6041616797447205, 0
u,0.8092273473739624, 0.604741781949997, 0
u,0.5121951103210449, 0.6592923402786255, 0
u,0.5107672214508057, 0.6547033190727234, 0
u,0.5023942589759827, 0.656017541885376, 0
u,0.032063961029052734, 0.5757316052913666, 0
u,0.03630417585372925, 0.5757863819599152, 0
u,0.037601590156555176, 0.5675268769264221, 0
u,0.8010411858558655, 0.5967764556407928, 0
u,0.8098530173301697, 0.5972377359867096, 0
u,0.8102337121963501, 0.589496374130249, 0
u,0.7999347448348999, 0.6202138960361481, 0
u,0.8074853420257568, 0.6209248006343842, 0
u,0.8084537386894226, 0.6124140024185181, 0
u,0.8011964559555054, 0.5891193747520447, 0
u,0.8102337121963501, 0.589496374130249, 0
u,0.8105744123458862, 0.5808371305465698, 0
u,0.800377607345581, 0.6117766499519348, 0
u,0.8084537386894226, 0.6124140024185181, 0
u,0.8092273473739624, 0.604741781949997, 0
u,0.519142746925354, 0.6557374596595764, 0
u,0.5184212327003479, 0.653481662273407, 0
u,0.5107672214508057, 0.6547033190727234, 0
u,0.04790157079696655, 0.5618750751018524, 0
u,0.03886902332305908, 0.5590205192565918, 0
u,0.037601590156555176, 0.5675268769264221, 0
u,0.8084537386894226, 0.6124140024185181, 0
u,0.8166763782501221, 0.6135669350624084, 0
u,0.8179327845573425, 0.6056735515594482, 0
u,0.5107672214508057, 0.6547033190727234, 0
u,0.5184212327003479, 0.653481662273407, 0
u,0.5184083580970764, 0.65111243724823, 0
u,0.03886902332305908, 0.5590205192565918, 0
u,0.029458045959472656, 0.5590205192565918, 0
u,0.030748605728149414, 0.5674504041671753, 0
u,0.8098530173301697, 0.5972377359867096, 0
u,0.8092273473739624, 0.604741781949997, 0
u,0.8179327845573425, 0.6056735515594482, 0
u,0.5023942589759827, 0.656017541885376, 0
u,0.5107672214508057, 0.6547033190727234, 0
u,0.5107339024543762, 0.6499037146568298, 0
u,0.027966439723968506, 0.576979249715805, 0
u,0.032063961029052734, 0.5757316052913666, 0
u,0.030748605728149414, 0.5674504041671753, 0
u,0.8098530173301697, 0.5972377359867096, 0
u,0.8188513517379761, 0.5979827642440796, 0
u,0.8194820284843445, 0.5899968147277832, 0
u,0.8084537386894226, 0.6124140024185181, 0
u,0.8074853420257568, 0.6209248006343842, 0
u,0.8150728940963745, 0.6221423745155334, 0
u,0.8105744123458862, 0.5808371305465698, 0
u,0.8102337121963501, 0.589496374130249, 0
u,0.8194820284843445, 0.5899968147277832, 0
u,0.8194820284843445, 0.5899968147277832, 0
u,0.8188513517379761, 0.5979827642440796, 0
u,0.8282349109649658, 0.5989243686199188, 0
u,0.8166763782501221, 0.6135669350624084, 0
u,0.8150728940963745, 0.6221423745155334, 0
u,0.8226388096809387, 0.6239692866802216, 0
u,0.8199470043182373, 0.5813966393470764, 0
u,0.8194820284843445, 0.5899968147277832, 0
u,0.8289726376533508, 0.590581625699997, 0
u,0.8179327845573425, 0.6056735515594482, 0
u,0.8166763782501221, 0.6135669350624084, 0
u,0.8251604437828064, 0.6153531670570374, 0
u,0.5184083580970764, 0.65111243724823, 0
u,0.5191527605056763, 0.6488618850708008, 0
u,0.5122255086898804, 0.6453287601470947, 0
u,0.030748605728149414, 0.5674504041671753, 0
u,0.029458045959472656, 0.5590205192565918, 0
u,0.020347535610198975, 0.5617890357971191, 0
u,0.8188513517379761, 0.5979827642440796, 0
u,0.8179327845573425, 0.6056735515594482, 0
u,0.8270281553268433, 0.6070838272571564, 0
u,0.5107339024543762, 0.6499037146568298, 0
u,0.5122255086898804, 0.6453287601470947, 0
u,0.5047755837440491, 0.6414011716842651, 0
u,0.024543583393096924, 0.5794593095779419, 0
u,0.027966439723968506, 0.576979249715805, 0
u,0.02419811487197876, 0.5696125328540802, 0
u,0.8270281553268433, 0.6070838272571564, 0
u,0.8368418216705322, 0.6093178391456604, 0
u,0.838614821434021, 0.6002057492733002, 0
u,0.5047755837440491, 0.6414011716842651, 0
u,0.5122255086898804, 0.6453287601470947, 0
u,0.5150514841079712, 0.6414344906806946, 0
u,0.02203190326690674, 0.5829203724861145, 0
u,0.024543583393096924, 0.5794593095779419, 0
u,0.01868915557861328, 0.5736996531486511, 0
u,0.8289726376533508, 0.590581625699997, 0
u,0.8282349109649658, 0.5989243686199188, 0
u,0.838614821434021, 0.6002057492733002, 0
u,0.8251604437828064, 0.6153531670570374, 0
u,0.8226388096809387, 0.6239692866802216, 0
u,0.830009937286377, 0.6266395747661591, 0
u,0.8292136192321777, 0.5818989276885986, 0
u,0.8289726376533508, 0.590581625699997, 0
u,0.8390264511108398, 0.5909808278083801, 0
u,0.8251604437828064, 0.6153531670570374, 0
u,0.833871603012085, 0.6180899143218994, 0
u,0.8368418216705322, 0.6093178391456604, 0
u,0.5122255086898804, 0.6453287601470947, 0
u,0.5191527605056763, 0.6488618850708008, 0
u,0.520537793636322, 0.6469406485557556, 0
u,0.02419811487197876, 0.5696125328540802, 0
u,0.020347535610198975, 0.5617890357971191, 0
u,0.01238340139389038, 0.5674161612987518, 0
u,0.9886954426765442, 0.37517035007476807, 0
u,0.9890788793563843, 0.36598455905914307, 0
u,0.9790144562721252, 0.36641669273376465, 0
u,0.9869678616523743, 0.34761661291122437, 0
u,0.983907163143158, 0.3387695550918579, 0
u,0.9751405119895935, 0.3415767550468445, 0
u,0.520537793636322, 0.6469406485557556, 0
u,0.5224530100822449, 0.6455402374267578, 0
u,0.5189218521118164, 0.638616681098938, 0
u,0.01238340139389038, 0.5674161612987518, 0
u,0.006777465343475342, 0.5754182636737823, 0
u,0.014621555805206299, 0.5792509317398071, 0
u,0.9869678616523743, 0.34761661291122437, 0
u,0.9770013689994812, 0.3498328924179077, 0
u,0.9782995581626892, 0.3580232858657837, 0
u,0.5092116594314575, 0.6354175806045532, 0
u,0.5150514841079712, 0.6414344906806946, 0
u,0.5189218521118164, 0.638616681098938, 0
u,0.02082645893096924, 0.5870487093925476, 0
u,0.02203190326690674, 0.5829203724861145, 0
u,0.014621555805206299, 0.5792509317398071, 0
u,0.9886008501052856, 0.3568084239959717, 0
u,0.9782995581626892, 0.3580232858657837, 0
u,0.9790144562721252, 0.36641669273376465, 0
u,0.9799613952636719, 0.33022308349609375, 0
u,0.9725829362869263, 0.33295565843582153, 0
u,0.9751405119895935, 0.3415767550468445, 0
u,0.9782995581626892, 0.3580232858657837, 0
u,0.9688394069671631, 0.3589838147163391, 0
u,0.9694543480873108, 0.36696857213974, 0
u,0.9725829362869263, 0.33295565843582153, 0
u,0.965033769607544, 0.33483660221099854, 0
u,0.9666910171508789, 0.34336918592453003, 0
u,0.9790144562721252, 0.36641669273376465, 0
u,0.9694543480873108, 0.36696857213974, 0
u,0.9698851108551025, 0.3757767677307129, 0
u,0.9770013689994812, 0.3498328924179077, 0
u,0.9751405119895935, 0.3415767550468445, 0
u,0.9666910171508789, 0.34336918592453003, 0
u,0.5224530100822449, 0.6455402374267578, 0
u,0.5247131586074829, 0.6448180079460144, 0
u,0.5234930515289307, 0.6371187567710876, 0
u,0.006777465343475342, 0.5754182636737823, 0
u,0.004021644592285156, 0.5845315456390381, 0
u,0.012508928775787354, 0.5858016908168793, 0
u,0.9770013689994812, 0.3498328924179077, 0
u,0.9679067134857178, 0.35131382942199707, 0
u,0.9688394069671631, 0.3589838147163391, 0
u,0.5152487754821777, 0.6311461925506592, 0
u,0.5189218521118164, 0.638616681098938, 0
u,0.5234930515289307, 0.6371187567710876, 0
u,0.012622594833374023, 0.5926832258701324, 0
u,0.02091282606124878, 0.5912807583808899, 0
u,0.02082645893096924, 0.5870487093925476, 0
u,0.012508928775787354, 0.5858016908168793, 0
u,0.004021644592285156, 0.5845315456390381, 0
u,0.004017353057861328, 0.5940209329128265, 0
u,0.9679067134857178, 0.35131382942199707, 0
u,0.9592484831809998, 0.35221850872039795, 0
u,0.9598177075386047, 0.3597177267074585, 0
u,0.5234930515289307, 0.6371187567710876, 0
u,0.5282908082008362, 0.6371713280677795, 0
u,0.5295737385749817, 0.6289539337158203, 0
u,0.014849364757537842, 0.5992418527603149, 0
u,0.022343814373016357, 0.595295250415802, 0
u,0.02091282606124878, 0.5912807583808899, 0
u,0.9694543480873108, 0.36696857213974, 0
u,0.9688394069671631, 0.3589838147163391, 0
u,0.9598177075386047, 0.3597177267074585, 0
u,0.965033769607544, 0.33483660221099854, 0
u,0.9574753642082214, 0.33611810207366943, 0
u,0.9584684371948242, 0.34452366828918457, 0
u,0.9698851108551025, 0.3757767677307129, 0
u,0.9694543480873108, 0.36696857213974, 0
u,0.9601702094078064, 0.367501437664032, 0
u,0.9666910171508789, 0.34336918592453003, 0
u,0.9584684371948242, 0.34452366828918457, 0
u,0.9592484831809998, 0.35221850872039795, 0
u,0.5247131586074829, 0.6448180079460144, 0
u,0.5270787477493286, 0.6448296308517456, 0
u,0.5282908082008362, 0.6371713280677795, 0
u,0.9604323506355286, 0.37604212760925293, 0
u,0.9601702094078064, 0.367501437664032, 0
u,0.9511162638664246, 0.367800235748291, 0
u,0.9584684371948242, 0.34452366828918457, 0
u,0.9504415392875671, 0.3451269865036011, 0
u,0.9507991671562195, 0.3527495861053467, 0
u,0.5270787477493286, 0.6448296308517456, 0
u,0.5293217301368713, 0.6455720067024231, 0
u,0.5328258275985718, 0.6386945843696594, 0
u,0.012622594833374023, 0.5926832258701324, 0
u,0.004017353057861328, 0.5940209329128265, 0
u,0.006955623626708984, 0.60323166847229, 0
u,0.9598177075386047, 0.3597177267074585, 0
u,0.9592484831809998, 0.35221850872039795, 0
u,0.9507991671562195, 0.3527495861053467, 0
u,0.5282908082008362, 0.6371713280677795, 0
u,0.5328258275985718, 0.6386945843696594, 0
u,0.536613404750824, 0.6312252879142761, 0
u,0.01904994249343872, 0.60479936003685, 0
u,0.024953126907348633, 0.5987371802330017, 0
u,0.022343814373016357, 0.595295250415802, 0
u,0.9601702094078064, 0.367501437664032, 0
u,0.9598177075386047, 0.3597177267074585, 0
u,0.9509950280189514, 0.3601364493370056, 0
u,0.9574753642082214, 0.33611810207366943, 0
u,0.9500153660774231, 0.3369007706642151, 0
u,0.9504415392875671, 0.3451269865036011, 0
u,0.024709701538085938, 0.6089270114898682, 0
u,0.028548777103424072, 0.6011592745780945, 0
u,0.024953126907348633, 0.5987371802330017, 0
u,0.9511162638664246, 0.367800235748291, 0
u,0.9509950280189514, 0.3601364493370056, 0
u,0.9422856569290161, 0.3602169156074524, 0
u,0.9504415392875671, 0.3451269865036011, 0
u,0.9500153660774231, 0.3369007706642151, 0
u,0.9425622820854187, 0.33692336082458496, 0
u,0.9511162638664246, 0.367800235748291, 0
u,0.9421724677085876, 0.3677343726158142, 0
u,0.9420221447944641, 0.37624597549438477, 0
u,0.9504415392875671, 0.3451269865036011, 0
u,0.9424695372581482, 0.3453027009963989, 0
u,0.9424219727516174, 0.3528698682785034, 0
u,0.5328258275985718, 0.6386945843696594, 0
u,0.5293217301368713, 0.6455720067024231, 0
u,0.5312399864196777, 0.6469502449035645, 0
u,0.014849364757537842, 0.5992418527603149, 0
u,0.006955623626708984, 0.60323166847229, 0
u,0.01274484395980835, 0.6112068295478821, 0
u,0.9509950280189514, 0.3601364493370056, 0
u,0.9507991671562195, 0.3527495861053467, 0
u,0.9424219727516174, 0.3528698682785034, 0
u,0.536613404750824, 0.6312252879142761, 0
u,0.5328258275985718, 0.6386945843696594, 0
u,0.5367323160171509, 0.6414426565170288, 0
u,0.5312399864196777, 0.6469502449035645, 0
u,0.5326223969459534, 0.6488675475120544, 0
u,0.5395280122756958, 0.6453365683555603, 0
u,0.01274484395980835, 0.6112068295478821, 0
u,0.020834028720855713, 0.616784930229187, 0
u,0.024709701538085938, 0.6089270114898682, 0
u,0.9422856569290161, 0.3602169156074524, 0
u,0.9424219727516174, 0.3528698682785034, 0
u,0.9340521097183228, 0.3525902032852173, 0
u,0.5367323160171509, 0.6414426565170288, 0
u,0.5395280122756958, 0.6453365683555603, 0
u,0.5468927621841431, 0.6414858102798462, 0
u,0.03139805793762207, 0.6109592914581299, 0
u,0.032665908336639404, 0.6024640500545502, 0
u,0.028548777103424072, 0.6011592745780945, 0
u,0.9422856569290161, 0.3602169156074524, 0
u,0.9336051940917969, 0.3599167466163635, 0
u,0.9332736730575562, 0.367515504360199, 0
u,0.9424695372581482, 0.3453027009963989, 0
u,0.9425622820854187, 0.33692336082458496, 0
u,0.9349966645240784, 0.33650046586990356, 0
u,0.9420221447944641, 0.37624597549438477, 0
u,0.9421724677085876, 0.3677343726158142, 0
u,0.9332736730575562, 0.367515504360199, 0
u,0.9424695372581482, 0.3453027009963989, 0
u,0.9344661831855774, 0.3450471758842468, 0
u,0.9340521097183228, 0.3525902032852173, 0
u,0.9332736730575562, 0.367515504360199, 0
u,0.9243398308753967, 0.36693882942199707, 0
u,0.923780620098114, 0.37532752752304077, 0
u,0.9340521097183228, 0.3525902032852173, 0
u,0.9344661831855774, 0.3450471758842468, 0
u,0.926460325717926, 0.34431856870651245, 0
u,0.5395280122756958, 0.6453365683555603, 0
u,0.5326223969459534, 0.6488675475120544, 0
u,0.5333680510520935, 0.6511126160621643, 0
u,0.024709701538085938, 0.6089270114898682, 0
u,0.020834028720855713, 0.616784930229187, 0
u,0.030076682567596436, 0.6196475327014923, 0
u,0.9336051940917969, 0.3599167466163635, 0
u,0.9340521097183228, 0.3525902032852173, 0
u,0.925632894039154, 0.35190463066101074, 0
u,0.5468927621841431, 0.6414858102798462, 0
u,0.5395280122756958, 0.6453365683555603, 0
u,0.5410133004188538, 0.6498851776123047, 0
u,0.0369572639465332, 0.6024240851402283, 0
u,0.032665908336639404, 0.6024640500545502, 0
u,0.03139805793762207, 0.6109592914581299, 0
u,0.9336051940917969, 0.3599167466163635, 0
u,0.9249191284179688, 0.3592911958694458, 0
u,0.9243398308753967, 0.36693882942199707, 0
u,0.9344661831855774, 0.3450471758842468, 0
u,0.9349966645240784, 0.33650046586990356, 0
u,0.9274535179138184, 0.33600175380706787, 0
u,0.5410133004188538, 0.6498851776123047, 0
u,0.5410093665122986, 0.6546642184257507, 0
u,0.549287736415863, 0.6558678150177002, 0
u,0.04096639156341553, 0.6010818481445312, 0
u,0.0369572639465332, 0.6024240851402283, 0
u,0.038374364376068115, 0.610808402299881, 0
u,0.9249191284179688, 0.3592911958694458, 0
u,0.916103184223175, 0.35828453302383423, 0
u,0.9152299165725708, 0.3661431670188904, 0
u,0.9274535179138184, 0.33600175380706787, 0
u,0.9201246500015259, 0.33496540784835815, 0
u,0.9184610247612, 0.3430786728858948, 0
u,0.9243398308753967, 0.36693882942199707, 0
u,0.9152299165725708, 0.3661431670188904, 0
u,0.9145469665527344, 0.37470030784606934, 0
u,0.925632894039154, 0.35190463066101074, 0
u,0.926460325717926, 0.34431856870651245, 0
u,0.9184610247612, 0.3430786728858948, 0
u,0.5410133004188538, 0.6498851776123047, 0
u,0.5333680510520935, 0.6511126160621643, 0
u,0.5333608984947205, 0.6534786224365234, 0
u,0.03139805793762207, 0.6109592914581299, 0
u,0.030076682567596436, 0.6196475327014923, 0
u,0.03979372978210449, 0.6194941997528076, 0
u,0.925632894039154, 0.35190463066101074, 0
u,0.9171218872070312, 0.35074567794799805, 0
u,0.916103184223175, 0.35828453302383423, 0
u,0.5410093665122986, 0.6546642184257507, 0
u,0.5333608984947205, 0.6534786224365234, 0
u,0.5326250195503235, 0.6557233929634094, 0
u,0.038374364376068115, 0.610808402299881, 0
u,0.03979372978210449, 0.6194941997528076, 0
u,0.04895216226577759, 0.6163407862186432, 0
u,0.9171218872070312, 0.35074567794799805, 0
u,0.9083346724510193, 0.34905683994293213, 0
u,0.9068847894668579, 0.35700690746307373, 0
u,0.5410093665122986, 0.6546642184257507, 0
u,0.5395118594169617, 0.6592108607292175, 0
u,0.547045111656189, 0.6629723906517029, 0
u,0.05026036500930786, 0.604332447052002, 0
u,0.0442085862159729, 0.5985322892665863, 0
u,0.04096639156341553, 0.6010818481445312, 0
u,0.9152299165725708, 0.3661431670188904, 0
u,0.916103184223175, 0.35828453302383423, 0
u,0.9068847894668579, 0.35700690746307373, 0
u,0.9184610247612, 0.3430786728858948, 0
u,0.9201246500015259, 0.33496540784835815, 0
u,0.9129906296730042, 0.3330450654029846, 0
u,0.9152299165725708, 0.3661431670188904, 0
u,0.9058583378791809, 0.3651818037033081, 0
u,0.90522301197052, 0.37399929761886597, 0
u,0.9184610247612, 0.3430786728858948, 0
u,0.9103705883026123, 0.3411906957626343, 0
u,0.9083346724510193, 0.34905683994293213, 0
u,0.9103705883026123, 0.3411906957626343, 0
u,0.9129906296730042, 0.3330450654029846, 0
u,0.9060541987419128, 0.3302677869796753, 0
u,0.90522301197052, 0.37399929761886597, 0
u,0.9058583378791809, 0.3651818037033081, 0
u,0.8959141373634338, 0.3644184470176697, 0
u,0.9103705883026123, 0.3411906957626343, 0
u,0.9020939469337463, 0.3382711410522461, 0
u,0.8989118933677673, 0.3465592861175537, 0
u,0.5395118594169617, 0.6592108607292175, 0
u,0.5326250195503235, 0.6557233929634094, 0
u,0.5312504768371582, 0.6576480269432068, 0
u,0.04488497972488403, 0.6085107028484344, 0
u,0.04895216226577759, 0.6163407862186432, 0
u,0.056709110736846924, 0.6104919612407684, 0
u,0.9083346724510193, 0.34905683994293213, 0
u,0.8989118933677673, 0.3465592861175537, 0
u,0.8967565298080444, 0.35535913705825806, 0
u,0.547045111656189, 0.6629723906517029, 0
u,0.5395118594169617, 0.6592108607292175, 0
u,0.536768913269043, 0.6631317734718323, 0
u,0.9058583378791809, 0.3651818037033081, 0
u,0.9068847894668579, 0.35700690746307373, 0
u,0.8967565298080444, 0.35535913705825806, 0
u,0.05416440963745117, 0.5987725555896759, 0
u,0.04658663272857666, 0.5951533615589142, 0
u,0.0442085862159729, 0.5985322892665863, 0
u,0.9412621855735779, 0.47774451971054077, 0
u,0.9418695569038391, 0.4790138006210327, 0
u,0.9549500346183777, 0.469901978969574, 0
u,0.9539111256599426, 0.46876686811447144, 0
u,0.9549500346183777, 0.469901978969574, 0
u,0.9645651578903198, 0.45708584785461426, 0
u,0.963164746761322, 0.4563230276107788, 0
u,0.9645651578903198, 0.45708584785461426, 0
u,0.9695112109184265, 0.44189274311065674, 0
u,0.9681279063224792, 0.44163066148757935, 0
u,0.9695112109184265, 0.44189274311065674, 0
u,0.9696401357650757, 0.4259833097457886, 0
u,0.9683061242103577, 0.4261200428009033, 0
u,0.9696401357650757, 0.4259833097457886, 0
u,0.9649805426597595, 0.41075366735458374, 0
u,0.9636779427528381, 0.41131532192230225, 0
u,0.9649805426597595, 0.41075366735458374, 0
u,0.9558045864105225, 0.39767807722091675, 0
u,0.9547020792961121, 0.39866793155670166, 0
u,0.9558045864105225, 0.39767807722091675, 0
u,0.9429869651794434, 0.3880828619003296, 0
u,0.9422605037689209, 0.38941633701324463, 0
u,0.9429869651794434, 0.3880828619003296, 0
u,0.9278202652931213, 0.3830564022064209, 0
u,0.9275721311569214, 0.38445109128952026, 0
u,0.9278202652931213, 0.3830564022064209, 0
u,0.9118795394897461, 0.3830564022064209, 0
u,0.8972559571266174, 0.3888967037200928, 0
u,0.9120615720748901, 0.3842700719833374, 0
u,0.9118795394897461, 0.3830564022064209, 0
u,0.8846063017845154, 0.39786791801452637, 0
u,0.8972559571266174, 0.3888967037200928, 0
u,0.8966119885444641, 0.3876035809516907, 0
u,0.8753449320793152, 0.4103095531463623, 0
u,0.8846063017845154, 0.39786791801452637, 0
u,0.88357013463974, 0.39684367179870605, 0
u,0.8703837394714355, 0.4250066876411438, 0
u,0.8753449320793152, 0.4103095531463623, 0
u,0.8740519881248474, 0.4096987247467041, 0
u,0.8702079653739929, 0.44051581621170044, 0
u,0.8703837394714355, 0.4250066876411438, 0
u,0.8690637350082397, 0.4248507618904114, 0
u,0.8748307824134827, 0.45531928539276123, 0
u,0.8702079653739929, 0.44051581621170044, 0
u,0.8688011169433594, 0.4407772421836853, 0
u,0.8838034868240356, 0.4679707884788513, 0
u,0.8748307824134827, 0.45531928539276123, 0
u,0.873555600643158, 0.455994188785553, 0
u,0.8962463736534119, 0.4772326350212097, 0
u,0.8838034868240356, 0.4679707884788513, 0
u,0.8828060626983643, 0.4689866304397583, 0
u,0.910943329334259, 0.48219484090805054, 0
u,0.8962463736534119, 0.4772326350212097, 0
u,0.8956342339515686, 0.4784877896308899, 0
u,0.8301975131034851, 0.8945138528943062, 0
u,0.8287803530693054, 0.8943106159567833, 0
u,0.8264877796173096, 0.9098208323121071, 0
u,0.8109908103942871, 0.9875133205205202, 0
u,0.8158180117607117, 0.9721719194203615, 0
u,0.8145554661750793, 0.9718587268143892, 0
u,0.8291595578193665, 0.7550599724054337, 0
u,0.826561689376831, 0.7392065525054932, 0
u,0.8253673315048218, 0.7394254207611084, 0
u,0.8329280614852905, 0.8634682297706604, 0
u,0.8319455981254578, 0.8633754104375839, 0
u,0.8307086825370789, 0.8788817003369331, 0
u,0.8194836974143982, 0.9567744918167591, 0
u,0.8228618502616882, 0.9412184543907642, 0
u,0.8214097619056702, 0.9409730322659016, 0
u,0.8339712619781494, 0.8170750141143799, 0
u,0.8327239751815796, 0.8170143514871597, 0
u,0.8327986598014832, 0.8324389010667801, 0
u,0.8234631419181824, 0.72308349609375, 0
u,0.8199393153190613, 0.7067668735980988, 0
u,0.8185788989067078, 0.7071282863616943, 0
u,0.8326155543327332, 0.7861458510160446, 0
u,0.8316869139671326, 0.7862002551555634, 0
u,0.8324745297431946, 0.8016070872545242, 0
u,0.8338728547096252, 0.8325020223855972, 0
u,0.8327986598014832, 0.8324389010667801, 0
u,0.8323653340339661, 0.8479193598031998, 0
u,0.8257089853286743, 0.9256772324442863, 0
u,0.8281844854354858, 0.9100570008158684, 0
u,0.8264877796173096, 0.9098208323121071, 0
u,0.8158752918243408, 0.690472275018692, 0
u,0.8109347820281982, 0.6739533841609955, 0
u,0.8096712231636047, 0.674619048833847, 0
u,0.8291595578193665, 0.7550599724054337, 0
u,0.8278341889381409, 0.7552579045295715, 0
u,0.8300715088844299, 0.7707996815443039, 0
u,0.8318102955818176, 0.8790108487010002, 0
u,0.8307086825370789, 0.8788817003369331, 0
u,0.8287803530693054, 0.8943106159567833, 0
u,0.8158180117607117, 0.9721719194203615, 0
u,0.8194836974143982, 0.9567744918167591, 0
u,0.8183160424232483, 0.9565636701881886, 0
u,0.826561689376831, 0.7392065525054932, 0
u,0.8234631419181824, 0.72308349609375, 0
u,0.8223161101341248, 0.7233420014381409, 0
u,0.8335002064704895, 0.8016115725040436, 0
u,0.8324745297431946, 0.8016070872545242, 0
u,0.8327239751815796, 0.8170143514871597, 0
u,0.8336716890335083, 0.8479880839586258, 0
u,0.8323653340339661, 0.8479193598031998, 0
u,0.8319455981254578, 0.8633754104375839, 0
u,0.8228618502616882, 0.9412184543907642, 0
u,0.8257089853286743, 0.9256772324442863, 0
u,0.8243833780288696, 0.9254692643880844, 0
u,0.8199393153190613, 0.7067668735980988, 0
u,0.8158752918243408, 0.690472275018692, 0
u,0.8146156668663025, 0.6908659338951111, 0
u,0.831211268901825, 0.7706652134656906, 0
u,0.8300715088844299, 0.7707996815443039, 0
u,0.8316869139671326, 0.7862002551555634, 0
u,0.9264551997184753, 0.48237156867980957, 0
u,0.910943329334259, 0.48219484090805054, 0
u,0.9107440710067749, 0.4835403561592102, 0
u,0.9631393551826477, 0.4268786311149597, 0
u,0.9683061242103577, 0.4261200428009033, 0
u,0.9636779427528381, 0.41131532192230225, 0
u,0.9509689211845398, 0.40231889486312866, 0
u,0.9589995741844177, 0.41363370418548584, 0
u,0.9636779427528381, 0.41131532192230225, 0
u,0.9509689211845398, 0.40231889486312866, 0
u,0.9547020792961121, 0.39866793155670166, 0
u,0.9422605037689209, 0.38941633701324463, 0
u,0.9266946911811829, 0.389599084854126, 0
u,0.9398379325866699, 0.39403921365737915, 0
u,0.9422605037689209, 0.38941633701324463, 0
u,0.9266946911811829, 0.389599084854126, 0
u,0.9275721311569214, 0.38445109128952026, 0
u,0.9120615720748901, 0.3842700719833374, 0
u,0.899573802947998, 0.3935752511024475, 0
u,0.9128190875053406, 0.38943713903427124, 0
u,0.9120615720748901, 0.3842700719833374, 0
u,0.8882565498352051, 0.40160322189331055, 0
u,0.899573802947998, 0.3935752511024475, 0
u,0.8972559571266174, 0.3888967037200928, 0
u,0.8882565498352051, 0.40160322189331055, 0
u,0.8846063017845154, 0.39786791801452637, 0
u,0.8753449320793152, 0.4103095531463623, 0
u,0.8799700140953064, 0.4127337336540222, 0
u,0.8753449320793152, 0.4103095531463623, 0
u,0.8703837394714355, 0.4250066876411438, 0
u,0.875375509262085, 0.4397570490837097, 0
u,0.8755316734313965, 0.42588168382644653, 0
u,0.8703837394714355, 0.4250066876411438, 0
u,0.8795127272605896, 0.4530014991760254, 0
u,0.875375509262085, 0.4397570490837097, 0
u,0.8702079653739929, 0.44051581621170044, 0
u,0.8795127272605896, 0.4530014991760254, 0
u,0.8748307824134827, 0.45531928539276123, 0
u,0.8838034868240356, 0.4679707884788513, 0
u,0.8986702561378479, 0.4726073741912842, 0
u,0.8875381946563721, 0.4643216133117676, 0
u,0.8838034868240356, 0.4679707884788513, 0
u,0.8986702561378479, 0.4726073741912842, 0
u,0.8962463736534119, 0.4772326350212097, 0
u,0.910943329334259, 0.48219484090805054, 0
u,0.9256967902183533, 0.4772045612335205, 0
u,0.9118192195892334, 0.47704678773880005, 0
u,0.910943329334259, 0.48219484090805054, 0
u,0.9389432668685913, 0.4730651378631592, 0
u,0.9256967902183533, 0.4772045612335205, 0
u,0.9264551997184753, 0.48237156867980957, 0
u,0.9389432668685913, 0.4730651378631592, 0
u,0.9412621855735779, 0.47774451971054077, 0
u,0.9539111256599426, 0.46876686811447144, 0
u,0.9502604007720947, 0.46503371000289917, 0
u,0.9539111256599426, 0.46876686811447144, 0
u,0.963164746761322, 0.4563230276107788, 0
u,0.9585407972335815, 0.4539003372192383, 0
u,0.963164746761322, 0.4563230276107788, 0
u,0.9681279063224792, 0.44163066148757935, 0
u,0.9631393551826477, 0.4268786311149597, 0
u,0.9629805684089661, 0.44075465202331543, 0
u,0.9681279063224792, 0.44163066148757935, 0
