v,-4.924592733601685e-09, 0.05209589749574661, 0.035382360219955444
v,-5.068606423463962e-09, 0.050810083746910095, 0.037391193211078644
v,-5.0073323265564795e-09, 0.05220562964677811, 0.03738495707511902
v,-4.924592733601685e-09, 0.05209589749574661, 0.035382360219955444
v,-4.977966483465934e-09, 0.050892047584056854, 0.035399556159973145
v,-5.068606423463962e-09, 0.050810083746910095, 0.037391193211078644
v,-4.924592733601685e-09, 0.05209589749574661, 0.035382360219955444
v,-5.1875597151251895e-09, 0.04607752710580826, 0.03537997230887413
v,-4.977966483465934e-09, 0.050892047584056854, 0.035399556159973145
v,-4.924592733601685e-09, 0.05209589749574661, 0.035382360219955444
v,-5.136479686029816e-09, 0.04609324038028717, 0.03422711417078972
v,-5.1875597151251895e-09, 0.04607752710580826, 0.03537997230887413
v,-4.611548476418648e-09, 0.05909883975982666, 0.03522368147969246
v,-5.136479686029816e-09, 0.04609324038028717, 0.03422711417078972
v,-4.924592733601685e-09, 0.05209589749574661, 0.035382360219955444
v,-4.561620414733625e-09, 0.05906451493501663, 0.03404713049530983
v,-4.8778234784663255e-09, 0.05208095908164978, 0.03429747000336647
v,-4.611548476418648e-09, 0.05909883975982666, 0.03522368147969246
v,-4.8778234784663255e-09, 0.05208095908164978, 0.03429747000336647
v,-4.931048014356065e-09, 0.050888724625110626, 0.03432286158204079
v,-4.611548476418648e-09, 0.05909883975982666, 0.03522368147969246
v,-4.931048014356065e-09, 0.050888724625110626, 0.03432286158204079
v,-5.136479686029816e-09, 0.04609324038028717, 0.03422711417078972
v,-4.611548476418648e-09, 0.05909883975982666, 0.03522368147969246
v,-4.8778234784663255e-09, 0.05208095908164978, 0.03429747000336647
v,-4.818508259063492e-09, 0.05079177767038345, 0.03165130689740181
v,-4.931048014356065e-09, 0.050888724625110626, 0.03432286158204079
v,-4.809324494203793e-09, 0.05206715315580368, 0.03271658346056938
v,-4.818508259063492e-09, 0.05079177767038345, 0.03165130689740181
v,-4.8778234784663255e-09, 0.05208095908164978, 0.03429747000336647
v,-4.762020999748984e-09, 0.053358256816864014, 0.03292551636695862
v,-4.818508259063492e-09, 0.05079177767038345, 0.03165130689740181
v,-4.809324494203793e-09, 0.05206715315580368, 0.03271658346056938
v,-4.66295890788615e-09, 0.05493553727865219, 0.03223651275038719
v,-4.818508259063492e-09, 0.05079177767038345, 0.03165130689740181
v,-4.762020999748984e-09, 0.053358256816864014, 0.03292551636695862
v,-4.727187086217555e-09, 0.05311131477355957, 0.0318816639482975
v,-4.818508259063492e-09, 0.05079177767038345, 0.03165130689740181
v,-4.66295890788615e-09, 0.05493553727865219, 0.03223651275038719
v,-4.576939272027403e-09, 0.05573917180299759, 0.03107224963605404
v,-4.727187086217555e-09, 0.05311131477355957, 0.0318816639482975
v,-4.66295890788615e-09, 0.05493553727865219, 0.03223651275038719
v,-4.7545691828077e-09, 0.0520356222987175, 0.031432390213012695
v,-4.818508259063492e-09, 0.05079177767038345, 0.03165130689740181
v,-4.727187086217555e-09, 0.05311131477355957, 0.0318816639482975
v,-4.576939272027403e-09, 0.05573917180299759, 0.03107224963605404
v,-4.663741393073906e-09, 0.05414482206106186, 0.03146369755268097
v,-4.727187086217555e-09, 0.05311131477355957, 0.0318816639482975
v,-4.576939272027403e-09, 0.05573917180299759, 0.03107224963605404
v,-4.612585868812857e-09, 0.054615385830402374, 0.03076397068798542
v,-4.663741393073906e-09, 0.05414482206106186, 0.03146369755268097
v,-4.737362946372059e-09, 0.05168711394071579, 0.030690262094140053
v,-4.818508259063492e-09, 0.05079177767038345, 0.03165130689740181
v,-4.7545691828077e-09, 0.0520356222987175, 0.031432390213012695
v,-4.737362946372059e-09, 0.05168711394071579, 0.030690262094140053
v,-4.776862017052963e-09, 0.050375767052173615, 0.03028254210948944
v,-4.818508259063492e-09, 0.05079177767038345, 0.03165130689740181
v,-4.505976480828622e-09, 0.05583736300468445, 0.02954700030386448
v,-4.612585868812857e-09, 0.054615385830402374, 0.03076397068798542
v,-4.576939272027403e-09, 0.05573917180299759, 0.03107224963605404
v,-4.505976480828622e-09, 0.05583736300468445, 0.02954700030386448
v,-4.568751155176187e-09, 0.05467496067285538, 0.02982071042060852
v,-4.612585868812857e-09, 0.054615385830402374, 0.03076397068798542
v,-4.676488973842652e-09, 0.051845721900463104, 0.029456237331032753
v,-4.776862017052963e-09, 0.050375767052173615, 0.03028254210948944
v,-4.737362946372059e-09, 0.05168711394071579, 0.030690262094140053
v,-4.676488973842652e-09, 0.051845721900463104, 0.029456237331032753
v,-4.700915656741245e-09, 0.0504436194896698, 0.02861294150352478
v,-4.776862017052963e-09, 0.050375767052173615, 0.03028254210948944
v,-4.505976480828622e-09, 0.05583736300468445, 0.02954700030386448
v,-4.553262211715037e-09, 0.05430822819471359, 0.029099643230438232
v,-4.568751155176187e-09, 0.05467496067285538, 0.02982071042060852
v,-4.613017079435622e-09, 0.052530914545059204, 0.028689362108707428
v,-4.700915656741245e-09, 0.0504436194896698, 0.02861294150352478
v,-4.676488973842652e-09, 0.051845721900463104, 0.029456237331032753
v,-4.477848314365929e-09, 0.0550139918923378, 0.028080133721232414
v,-4.553262211715037e-09, 0.05430822819471359, 0.029099643230438232
v,-4.505976480828622e-09, 0.05583736300468445, 0.02954700030386448
v,-4.477848314365929e-09, 0.0550139918923378, 0.028080133721232414
v,-4.564925326633329e-09, 0.0536307618021965, 0.02868899330496788
v,-4.553262211715037e-09, 0.05430822819471359, 0.029099643230438232
v,-4.477848314365929e-09, 0.0550139918923378, 0.028080133721232414
v,-4.613017079435622e-09, 0.052530914545059204, 0.028689362108707428
v,-4.564925326633329e-09, 0.0536307618021965, 0.02868899330496788
v,-4.477848314365929e-09, 0.0550139918923378, 0.028080133721232414
v,-4.700915656741245e-09, 0.0504436194896698, 0.02861294150352478
v,-4.613017079435622e-09, 0.052530914545059204, 0.028689362108707428
v,-4.477848314365929e-09, 0.0550139918923378, 0.028080133721232414
v,-4.60775151367443e-09, 0.051929496228694916, 0.027967482805252075
v,-4.700915656741245e-09, 0.0504436194896698, 0.02861294150352478
v,-4.60775151367443e-09, 0.051929496228694916, 0.027967482805252075
v,-4.589778779262588e-09, 0.0511411651968956, 0.026767965406179428
v,-4.700915656741245e-09, 0.0504436194896698, 0.02861294150352478
v,-4.477848314365929e-09, 0.0550139918923378, 0.028080133721232414
v,-4.566523603699579e-09, 0.05254967510700226, 0.02764446847140789
v,-4.60775151367443e-09, 0.051929496228694916, 0.027967482805252075
v,-4.519498997268556e-09, 0.05351781100034714, 0.027536805719137192
v,-4.566523603699579e-09, 0.05254967510700226, 0.02764446847140789
v,-4.477848314365929e-09, 0.0550139918923378, 0.028080133721232414
v,-4.505631867601778e-09, 0.05289524048566818, 0.02659699134528637
v,-4.589778779262588e-09, 0.0511411651968956, 0.026767965406179428
v,-4.60775151367443e-09, 0.051929496228694916, 0.027967482805252075
v,-4.505631867601778e-09, 0.05289524048566818, 0.02659699134528637
v,-4.429628219781989e-09, 0.053021423518657684, 0.024984417483210564
v,-4.589778779262588e-09, 0.0511411651968956, 0.026767965406179428
v,-4.3765364665659945e-09, 0.05480726808309555, 0.02555565908551216
v,-4.429628219781989e-09, 0.053021423518657684, 0.024984417483210564
v,-4.505631867601778e-09, 0.05289524048566818, 0.02659699134528637
v,-4.3054555476373935e-09, 0.056081995368003845, 0.025204245001077652
v,-4.429628219781989e-09, 0.053021423518657684, 0.024984417483210564
v,-4.3765364665659945e-09, 0.05480726808309555, 0.02555565908551216
v,-4.306138556842143e-09, 0.05503465235233307, 0.024172533303499222
v,-4.429628219781989e-09, 0.053021423518657684, 0.024984417483210564
v,-4.3054555476373935e-09, 0.056081995368003845, 0.025204245001077652
v,-4.305764633727449e-09, 0.06689377874135971, 0.0360231027007103
v,-4.4537928900467705e-09, 0.06253806501626968, 0.035053886473178864
v,-4.508537543301827e-09, 0.06253815442323685, 0.03630637750029564
v,-3.9198311263533014e-09, 0.07497282326221466, 0.03527301549911499
v,-4.4537928900467705e-09, 0.06253806501626968, 0.035053886473178864
v,-4.305764633727449e-09, 0.06689377874135971, 0.0360231027007103
v,-3.870848530596049e-09, 0.07484083622694016, 0.03402044624090195
v,-4.226671457274733e-09, 0.06753981113433838, 0.03485970199108124
v,-3.9198311263533014e-09, 0.07497282326221466, 0.03527301549911499
v,-4.226671457274733e-09, 0.06753981113433838, 0.03485970199108124
v,-4.3306043195912025e-09, 0.06524255126714706, 0.034940142184495926
v,-3.9198311263533014e-09, 0.07497282326221466, 0.03527301549911499
v,-4.3306043195912025e-09, 0.06524255126714706, 0.034940142184495926
v,-4.4537928900467705e-09, 0.06253806501626968, 0.035053886473178864
v,-3.9198311263533014e-09, 0.07497282326221466, 0.03527301549911499
v,-4.129518949014255e-09, 0.06876016408205032, 0.03385745361447334
v,-4.3306043195912025e-09, 0.06524255126714706, 0.034940142184495926
v,-4.226671457274733e-09, 0.06753981113433838, 0.03485970199108124
v,-4.129518949014255e-09, 0.06876016408205032, 0.03385745361447334
v,-4.19350953961839e-09, 0.06730205565690994, 0.033863283693790436
v,-4.3306043195912025e-09, 0.06524255126714706, 0.034940142184495926
v,-4.000744624477193e-09, 0.06992713361978531, 0.03207841515541077
v,-4.19350953961839e-09, 0.06730205565690994, 0.033863283693790436
v,-4.129518949014255e-09, 0.06876016408205032, 0.03385745361447334
v,-4.000744624477193e-09, 0.06992713361978531, 0.03207841515541077
v,-4.055202840191896e-09, 0.0686613991856575, 0.032058537006378174
v,-4.19350953961839e-09, 0.06730205565690994, 0.033863283693790436
v,-4.223121408131192e-09, 0.06554757803678513, 0.03278623893857002
v,-4.235024775312013e-09, 0.06348109245300293, 0.03099207580089569
v,-4.271420106505275e-09, 0.0647868737578392, 0.03313048928976059
v,-4.2876067141151e-09, 0.06252986192703247, 0.031243786215782166
v,-4.3760124412983714e-09, 0.06305056065320969, 0.033786971122026443
v,-4.3268930660644855e-09, 0.06381592154502869, 0.033428601920604706
v,-4.2876067141151e-09, 0.06252986192703247, 0.031243786215782166
v,-4.339835601996356e-09, 0.061722010374069214, 0.03163078799843788
v,-4.3760124412983714e-09, 0.06305056065320969, 0.033786971122026443
v,-4.181615054221766e-09, 0.06429722905158997, 0.03058634139597416
v,-4.235024775312013e-09, 0.06348109245300293, 0.03099207580089569
v,-4.223121408131192e-09, 0.06554757803678513, 0.03278623893857002
v,-3.870252118787221e-09, 0.07048369944095612, 0.029649658128619194
v,-4.055202840191896e-09, 0.0686613991856575, 0.032058537006378174
v,-4.000744624477193e-09, 0.06992713361978531, 0.03207841515541077
v,-3.870252118787221e-09, 0.07048369944095612, 0.029649658128619194
v,-3.936315273733726e-09, 0.06922642141580582, 0.029903732240200043
v,-4.055202840191896e-09, 0.0686613991856575, 0.032058537006378174
v,-3.870252118787221e-09, 0.07048369944095612, 0.029649658128619194
v,-3.8660679102520135e-09, 0.06861534714698792, 0.027685584500432014
v,-3.936315273733726e-09, 0.06922642141580582, 0.029903732240200043
v,-3.8017518022570584e-09, 0.07005458325147629, 0.02765343338251114
v,-3.8660679102520135e-09, 0.06861534714698792, 0.027685584500432014
v,-3.870252118787221e-09, 0.07048369944095612, 0.029649658128619194
v,-3.782252733230962e-09, 0.06882593780755997, 0.025978699326515198
v,-3.8660679102520135e-09, 0.06861534714698792, 0.027685584500432014
v,-3.8017518022570584e-09, 0.07005458325147629, 0.02765343338251114
v,-3.782252733230962e-09, 0.06882593780755997, 0.025978699326515198
v,-3.886509336581412e-09, 0.06674513965845108, 0.02628302574157715
v,-3.8660679102520135e-09, 0.06861534714698792, 0.027685584500432014
v,-3.782252733230962e-09, 0.06882593780755997, 0.025978699326515198
v,-3.988925634246243e-09, 0.06381483376026154, 0.02569572813808918
v,-3.886509336581412e-09, 0.06674513965845108, 0.02628302574157715
v,-3.782252733230962e-09, 0.06882593780755997, 0.025978699326515198
v,-3.915292534628634e-09, 0.0642419084906578, 0.024438276886940002
v,-3.988925634246243e-09, 0.06381483376026154, 0.02569572813808918
v,-3.842439255663521e-09, 0.06614481657743454, 0.024674491956830025
v,-3.915292534628634e-09, 0.0642419084906578, 0.024438276886940002
v,-3.782252733230962e-09, 0.06882593780755997, 0.025978699326515198
v,-3.6882092935286437e-09, 0.08245886117219925, 0.037460170686244965
v,-3.840712636815624e-09, 0.07856237143278122, 0.037052541971206665
v,-3.845542995151163e-09, 0.07935355603694916, 0.037954241037368774
v,-3.332380149601022e-09, 0.09002689272165298, 0.03688777610659599
v,-3.840712636815624e-09, 0.07856237143278122, 0.037052541971206665
v,-3.6882092935286437e-09, 0.08245886117219925, 0.037460170686244965
v,-3.332380149601022e-09, 0.09002689272165298, 0.03688777610659599
v,-3.5944531795450985e-09, 0.08351554721593857, 0.03637196496129036
v,-3.840712636815624e-09, 0.07856237143278122, 0.037052541971206665
v,-3.332380149601022e-09, 0.09002689272165298, 0.03688777610659599
v,-3.5400649078809465e-09, 0.08467301726341248, 0.036285169422626495
v,-3.5944531795450985e-09, 0.08351554721593857, 0.03637196496129036
v,-3.5400649078809465e-09, 0.08467301726341248, 0.036285169422626495
v,-3.481398946902914e-09, 0.0835161879658699, 0.03378622233867645
v,-3.5944531795450985e-09, 0.08351554721593857, 0.03637196496129036
v,-3.304799767178679e-09, 0.08977825939655304, 0.03600818291306496
v,-3.5400649078809465e-09, 0.08467301726341248, 0.036285169422626495
v,-3.332380149601022e-09, 0.09002689272165298, 0.03688777610659599
v,-3.4308351715139906e-09, 0.0846729576587677, 0.03378622233867645
v,-3.481398946902914e-09, 0.0835161879658699, 0.03378622233867645
v,-3.5400649078809465e-09, 0.08467301726341248, 0.036285169422626495
v,-3.304799767178679e-09, 0.08977825939655304, 0.03600818291306496
v,-3.4029736806218125e-09, 0.08761961758136749, 0.03609549626708031
v,-3.5400649078809465e-09, 0.08467301726341248, 0.036285169422626495
v,-3.3445866076675657e-09, 0.08859457820653915, 0.035734713077545166
v,-3.387454983183602e-09, 0.0867815613746643, 0.034902408719062805
v,-3.4029736806218125e-09, 0.08761961758136749, 0.03609549626708031
v,-3.725527886189184e-09, 0.08049605041742325, 0.03635110706090927
v,-3.6059752961392633e-09, 0.08068215101957321, 0.03380216658115387
v,-3.765676215294889e-09, 0.07926344126462936, 0.036036983132362366
v,-3.305953955035079e-09, 0.08746420592069626, 0.033720530569553375
v,-3.387454983183602e-09, 0.0867815613746643, 0.034902408719062805
v,-3.3445866076675657e-09, 0.08859457820653915, 0.035734713077545166
v,-3.559786909690388e-09, 0.08184487372636795, 0.03390822187066078
v,-3.6059752961392633e-09, 0.08068215101957321, 0.03380216658115387
v,-3.725527886189184e-09, 0.08049605041742325, 0.03635110706090927
v,-3.305953955035079e-09, 0.08746420592069626, 0.033720530569553375
v,-3.366769307788786e-09, 0.08639004826545715, 0.034037668257951736
v,-3.387454983183602e-09, 0.0867815613746643, 0.034902408719062805
v,-3.1144682388628553e-09, 0.09091013669967651, 0.032785773277282715
v,-3.305953955035079e-09, 0.08746420592069626, 0.033720530569553375
v,-3.1581994797136304e-09, 0.09091013669967651, 0.03378622233867645
v,-3.1144682388628553e-09, 0.09091013669967651, 0.032785773277282715
v,-3.4308351715139906e-09, 0.0846729576587677, 0.03378622233867645
v,-3.305953955035079e-09, 0.08746420592069626, 0.033720530569553375
v,-3.1144682388628553e-09, 0.09091013669967651, 0.032785773277282715
v,-3.481398946902914e-09, 0.0835161879658699, 0.03378622233867645
v,-3.4308351715139906e-09, 0.0846729576587677, 0.03378622233867645
v,-3.1144682388628553e-09, 0.09091013669967651, 0.032785773277282715
v,-3.559786909690388e-09, 0.08184487372636795, 0.03390822187066078
v,-3.481398946902914e-09, 0.0835161879658699, 0.03378622233867645
v,-3.1144682388628553e-09, 0.09091013669967651, 0.032785773277282715
v,-3.6059752961392633e-09, 0.08068215101957321, 0.03380216658115387
v,-3.559786909690388e-09, 0.08184487372636795, 0.03390822187066078
v,-3.1144682388628553e-09, 0.09091013669967651, 0.032785773277282715
v,-3.759500710742714e-09, 0.07715395838022232, 0.03378622233867645
v,-3.6059752961392633e-09, 0.08068215101957321, 0.03380216658115387
v,-3.1144682388628553e-09, 0.09091013669967651, 0.032785773277282715
v,-3.7157696919365435e-09, 0.07715395838022232, 0.032785773277282715
v,-3.759500710742714e-09, 0.07715395838022232, 0.03378622233867645
v,-3.3338065641430603e-09, 0.08589225262403488, 0.032785773277282715
v,-3.7157696919365435e-09, 0.07715395838022232, 0.032785773277282715
v,-3.1144682388628553e-09, 0.09091013669967651, 0.032785773277282715
v,-3.303736173521088e-09, 0.0862622857093811, 0.03246786817908287
v,-3.4916483038216484e-09, 0.08228126168251038, 0.032785773277282715
v,-3.3338065641430603e-09, 0.08589225262403488, 0.032785773277282715
v,-3.4916483038216484e-09, 0.08228126168251038, 0.032785773277282715
v,-3.7157696919365435e-09, 0.07715395838022232, 0.032785773277282715
v,-3.3338065641430603e-09, 0.08589225262403488, 0.032785773277282715
v,-3.303736173521088e-09, 0.0862622857093811, 0.03246786817908287
v,-3.377263579906753e-09, 0.08467330783605576, 0.03256100416183472
v,-3.4916483038216484e-09, 0.08228126168251038, 0.032785773277282715
v,-3.377263579906753e-09, 0.08467330783605576, 0.03256100416183472
v,-3.430552286687316e-09, 0.08351574093103409, 0.03262254223227501
v,-3.4916483038216484e-09, 0.08228126168251038, 0.032785773277282715
v,-3.430552286687316e-09, 0.08351574093103409, 0.03262254223227501
v,-3.5030691680759674e-09, 0.08115480095148087, 0.03192059323191643
v,-3.4916483038216484e-09, 0.08228126168251038, 0.032785773277282715
v,-3.377263579906753e-09, 0.08467330783605576, 0.03256100416183472
v,-3.31945737563899e-09, 0.0835161879658699, 0.030081436038017273
v,-3.430552286687316e-09, 0.08351574093103409, 0.03262254223227501
v,-3.268893600250067e-09, 0.0846729576587677, 0.030081436038017273
v,-3.31945737563899e-09, 0.0835161879658699, 0.030081436038017273
v,-3.377263579906753e-09, 0.08467330783605576, 0.03256100416183472
v,-3.180432139870959e-09, 0.08789464831352234, 0.031279366463422775
v,-3.377263579906753e-09, 0.08467330783605576, 0.03256100416183472
v,-3.303736173521088e-09, 0.0862622857093811, 0.03246786817908287
v,-3.435590922862275e-09, 0.08225349336862564, 0.03147555887699127
v,-3.5030691680759674e-09, 0.08115480095148087, 0.03192059323191643
v,-3.430552286687316e-09, 0.08351574093103409, 0.03262254223227501
v,-3.180432139870959e-09, 0.08789464831352234, 0.031279366463422775
v,-3.276235727156518e-09, 0.08588400483131409, 0.03146044909954071
v,-3.377263579906753e-09, 0.08467330783605576, 0.03256100416183472
v,-3.435590922862275e-09, 0.08225349336862564, 0.03147555887699127
v,-3.547160565275931e-09, 0.07896332442760468, 0.03073781169950962
v,-3.5030691680759674e-09, 0.08115480095148087, 0.03192059323191643
v,-3.476363863441634e-09, 0.07966199517250061, 0.029816843569278717
v,-3.547160565275931e-09, 0.07896332442760468, 0.03073781169950962
v,-3.435590922862275e-09, 0.08225349336862564, 0.03147555887699127
v,-3.180432139870959e-09, 0.08789464831352234, 0.031279366463422775
v,-3.095829814725448e-09, 0.08836295455694199, 0.029812196269631386
v,-3.276235727156518e-09, 0.08588400483131409, 0.03146044909954071
v,-2.96380053832479e-09, 0.09128382802009583, 0.02971259132027626
v,-3.095829814725448e-09, 0.08836295455694199, 0.029812196269631386
v,-3.180432139870959e-09, 0.08789464831352234, 0.031279366463422775
v,-3.476363863441634e-09, 0.07966199517250061, 0.029816843569278717
v,-3.607901088997778e-09, 0.0767483115196228, 0.02991238236427307
v,-3.547160565275931e-09, 0.07896332442760468, 0.03073781169950962
v,-3.476363863441634e-09, 0.07966199517250061, 0.029816843569278717
v,-3.585767016645036e-09, 0.0769977942109108, 0.029655493795871735
v,-3.607901088997778e-09, 0.0767483115196228, 0.02991238236427307
v,-2.96380053832479e-09, 0.09128382802009583, 0.02971259132027626
v,-3.476363863441634e-09, 0.07966199517250061, 0.029816843569278717
v,-3.095829814725448e-09, 0.08836295455694199, 0.029812196269631386
v,-2.96380053832479e-09, 0.09128382802009583, 0.02971259132027626
v,-3.585767016645036e-09, 0.0769977942109108, 0.029655493795871735
v,-3.476363863441634e-09, 0.07966199517250061, 0.029816843569278717
v,-2.9575970561523945e-09, 0.09053228795528412, 0.02881913259625435
v,-3.0602715916927536e-09, 0.08890959620475769, 0.029545361176133156
v,-2.96380053832479e-09, 0.09128382802009583, 0.02971259132027626
v,-3.0602715916927536e-09, 0.08890959620475769, 0.029545361176133156
v,-3.585767016645036e-09, 0.0769977942109108, 0.029655493795871735
v,-2.96380053832479e-09, 0.09128382802009583, 0.02971259132027626
v,-2.8069846447209557e-09, 0.08890923112630844, 0.023750469088554382
v,-3.079620336521316e-09, 0.08778372406959534, 0.028862137347459793
v,-3.0602715916927536e-09, 0.08890959620475769, 0.029545361176133156
v,-3.079620336521316e-09, 0.08778372406959534, 0.028862137347459793
v,-3.4935470072383623e-09, 0.07895132899284363, 0.02949928119778633
v,-3.0602715916927536e-09, 0.08890959620475769, 0.029545361176133156
v,-3.4935470072383623e-09, 0.07895132899284363, 0.02949928119778633
v,-3.585767016645036e-09, 0.0769977942109108, 0.029655493795871735
v,-3.0602715916927536e-09, 0.08890959620475769, 0.029545361176133156
v,-3.079620336521316e-09, 0.08778372406959534, 0.028862137347459793
v,-3.216962918273225e-09, 0.08464169502258301, 0.028862137347459793
v,-3.4935470072383623e-09, 0.07895132899284363, 0.02949928119778633
v,-3.216962918273225e-09, 0.08464169502258301, 0.028862137347459793
v,-3.2661602311634397e-09, 0.0835161879658699, 0.028862137347459793
v,-3.4935470072383623e-09, 0.07895132899284363, 0.02949928119778633
v,-3.2661602311634397e-09, 0.0835161879658699, 0.028862137347459793
v,-3.4144358451726475e-09, 0.08012404292821884, 0.028862137347459793
v,-3.4935470072383623e-09, 0.07895132899284363, 0.02949928119778633
v,-3.4144358451726475e-09, 0.08012404292821884, 0.028862137347459793
v,-3.2449782860766163e-09, 0.0789516344666481, 0.023812996223568916
v,-3.4935470072383623e-09, 0.07895132899284363, 0.02949928119778633
v,-3.4935470072383623e-09, 0.07895132899284363, 0.02949928119778633
v,-3.5303879819537087e-09, 0.07754382491111755, 0.028934601694345474
v,-3.585767016645036e-09, 0.0769977942109108, 0.029655493795871735
v,-2.8069846447209557e-09, 0.08890923112630844, 0.023750469088554382
v,-3.020173444667762e-09, 0.08778372406959534, 0.0275021530687809
v,-3.079620336521316e-09, 0.08778372406959534, 0.028862137347459793
v,-3.157516026419671e-09, 0.08464169502258301, 0.0275021530687809
v,-3.2661602311634397e-09, 0.0835161879658699, 0.028862137347459793
v,-3.216962918273225e-09, 0.08464169502258301, 0.028862137347459793
v,-3.157516026419671e-09, 0.08464169502258301, 0.0275021530687809
v,-3.2067133393098857e-09, 0.0835161879658699, 0.0275021530687809
v,-3.2661602311634397e-09, 0.0835161879658699, 0.028862137347459793
v,-3.3549889533190935e-09, 0.08012404292821884, 0.0275021530687809
v,-3.2449782860766163e-09, 0.0789516344666481, 0.023812996223568916
v,-3.4144358451726475e-09, 0.08012404292821884, 0.028862137347459793
v,-2.8069846447209557e-09, 0.08890923112630844, 0.023750469088554382
v,-2.983958635738304e-09, 0.08778372406959534, 0.026673655956983566
v,-3.020173444667762e-09, 0.08778372406959534, 0.0275021530687809
v,-2.983958635738304e-09, 0.08778372406959534, 0.026673655956983566
v,-3.157516026419671e-09, 0.08464169502258301, 0.0275021530687809
v,-3.020173444667762e-09, 0.08778372406959534, 0.0275021530687809
v,-2.983958635738304e-09, 0.08778372406959534, 0.026673655956983566
v,-3.2067133393098857e-09, 0.0835161879658699, 0.0275021530687809
v,-3.157516026419671e-09, 0.08464169502258301, 0.0275021530687809
v,-2.983958635738304e-09, 0.08778372406959534, 0.026673655956983566
v,-3.3549889533190935e-09, 0.08012404292821884, 0.0275021530687809
v,-3.2067133393098857e-09, 0.0835161879658699, 0.0275021530687809
v,-2.983958635738304e-09, 0.08778372406959534, 0.026673655956983566
v,-3.1213012174902133e-09, 0.08464169502258301, 0.026673655956983566
v,-3.3549889533190935e-09, 0.08012404292821884, 0.0275021530687809
v,-3.1213012174902133e-09, 0.08464169502258301, 0.026673655956983566
v,-3.170498530380428e-09, 0.0835161879658699, 0.026673655956983566
v,-3.3549889533190935e-09, 0.08012404292821884, 0.0275021530687809
v,-3.170498530380428e-09, 0.0835161879658699, 0.026673655956983566
v,-3.3187741443896357e-09, 0.08012404292821884, 0.026673655956983566
v,-3.3549889533190935e-09, 0.08012404292821884, 0.0275021530687809
v,-3.3187741443896357e-09, 0.08012404292821884, 0.026673655956983566
v,-3.2449782860766163e-09, 0.0789516344666481, 0.023812996223568916
v,-3.3549889533190935e-09, 0.08012404292821884, 0.0275021530687809
v,-2.8069846447209557e-09, 0.08890923112630844, 0.023750469088554382
v,-2.9204121343440193e-09, 0.08778372406959534, 0.025219878181815147
v,-2.983958635738304e-09, 0.08778372406959534, 0.026673655956983566
v,-3.0577547160959284e-09, 0.08464169502258301, 0.025219878181815147
v,-3.170498530380428e-09, 0.0835161879658699, 0.026673655956983566
v,-3.1213012174902133e-09, 0.08464169502258301, 0.026673655956983566
v,-3.0577547160959284e-09, 0.08464169502258301, 0.025219878181815147
v,-3.106952028986143e-09, 0.0835161879658699, 0.025219878181815147
v,-3.170498530380428e-09, 0.0835161879658699, 0.026673655956983566
v,-3.255227642995351e-09, 0.08012404292821884, 0.025219878181815147
v,-3.2449782860766163e-09, 0.0789516344666481, 0.023812996223568916
v,-3.3187741443896357e-09, 0.08012404292821884, 0.026673655956983566
v,-2.8069846447209557e-09, 0.08890923112630844, 0.023750469088554382
v,-2.8800974938292256e-09, 0.08778372406959534, 0.02429758943617344
v,-2.9204121343440193e-09, 0.08778372406959534, 0.025219878181815147
v,-2.8800974938292256e-09, 0.08778372406959534, 0.02429758943617344
v,-3.0577547160959284e-09, 0.08464169502258301, 0.025219878181815147
v,-2.9204121343440193e-09, 0.08778372406959534, 0.025219878181815147
v,-2.8800974938292256e-09, 0.08778372406959534, 0.02429758943617344
v,-3.106952028986143e-09, 0.0835161879658699, 0.025219878181815147
v,-3.0577547160959284e-09, 0.08464169502258301, 0.025219878181815147
v,-2.8800974938292256e-09, 0.08778372406959534, 0.02429758943617344
v,-3.255227642995351e-09, 0.08012404292821884, 0.025219878181815147
v,-3.106952028986143e-09, 0.0835161879658699, 0.025219878181815147
v,-2.8800974938292256e-09, 0.08778372406959534, 0.02429758943617344
v,-3.2149130024805572e-09, 0.08012404292821884, 0.02429758943617344
v,-3.255227642995351e-09, 0.08012404292821884, 0.025219878181815147
v,-3.2149130024805572e-09, 0.08012404292821884, 0.02429758943617344
v,-3.2449782860766163e-09, 0.0789516344666481, 0.023812996223568916
v,-3.255227642995351e-09, 0.08012404292821884, 0.025219878181815147
v,-2.8069846447209557e-09, 0.08890923112630844, 0.023750469088554382
v,-2.856182179655775e-09, 0.08778372406959534, 0.023750469088554382
v,-2.8800974938292256e-09, 0.08778372406959534, 0.02429758943617344
v,-3.193730835349129e-09, 0.08012404292821884, 0.023812996223568916
v,-3.2449782860766163e-09, 0.0789516344666481, 0.023812996223568916
v,-3.2149130024805572e-09, 0.08012404292821884, 0.02429758943617344
v,-2.7876807529025882e-09, 0.1015506163239479, 0.03595023602247238
v,-3.0152877972255965e-09, 0.0954616591334343, 0.035068314522504807
v,-2.9550413227497074e-09, 0.09795862436294556, 0.03618700057268143
v,-2.5768331912701115e-09, 0.10449038445949554, 0.034066371619701385
v,-2.8167530530254226e-09, 0.10002362728118896, 0.03508833423256874
v,-2.7876807529025882e-09, 0.1015506163239479, 0.03595023602247238
v,-2.8167530530254226e-09, 0.10002362728118896, 0.03508833423256874
v,-2.873621784971192e-09, 0.0987405776977539, 0.03510628640651703
v,-2.7876807529025882e-09, 0.1015506163239479, 0.03595023602247238
v,-2.873621784971192e-09, 0.0987405776977539, 0.03510628640651703
v,-3.0152877972255965e-09, 0.0954616591334343, 0.035068314522504807
v,-2.7876807529025882e-09, 0.1015506163239479, 0.03595023602247238
v,-2.92280888380958e-09, 0.09724113345146179, 0.034732118248939514
v,-3.0152877972255965e-09, 0.0954616591334343, 0.035068314522504807
v,-2.873621784971192e-09, 0.0987405776977539, 0.03510628640651703
v,-2.5768331912701115e-09, 0.10449038445949554, 0.034066371619701385
v,-2.679441557518203e-09, 0.10236724466085434, 0.03429063409566879
v,-2.8167530530254226e-09, 0.10002362728118896, 0.03508833423256874
v,-2.945395927156369e-09, 0.0958344042301178, 0.033842120319604874
v,-3.0152877972255965e-09, 0.0954616591334343, 0.035068314522504807
v,-2.92280888380958e-09, 0.09724113345146179, 0.034732118248939514
v,-2.945395927156369e-09, 0.0958344042301178, 0.033842120319604874
v,-3.0101379167035702e-09, 0.09422346204519272, 0.03371230512857437
v,-3.0152877972255965e-09, 0.0954616591334343, 0.035068314522504807
v,-2.5768331912701115e-09, 0.10449038445949554, 0.034066371619701385
v,-2.5188913177487393e-09, 0.10419635474681854, 0.03244677931070328
v,-2.679441557518203e-09, 0.10236724466085434, 0.03429063409566879
v,-2.8167530530254226e-09, 0.10002362728118896, 0.03508833423256874
v,-2.6982955869669922e-09, 0.09936624020338058, 0.03172096237540245
v,-2.873621784971192e-09, 0.0987405776977539, 0.03510628640651703
v,-2.945395927156369e-09, 0.0958344042301178, 0.033842120319604874
v,-2.959367195742857e-09, 0.09335573762655258, 0.03168307617306709
v,-3.0101379167035702e-09, 0.09422346204519272, 0.03371230512857437
v,-2.5637831857494575e-09, 0.10103222727775574, 0.030309662222862244
v,-2.6982955869669922e-09, 0.09936624020338058, 0.03172096237540245
v,-2.8167530530254226e-09, 0.10002362728118896, 0.03508833423256874
v,-2.911533458771487e-09, 0.09474485367536545, 0.03197788819670677
v,-2.959367195742857e-09, 0.09335573762655258, 0.03168307617306709
v,-2.945395927156369e-09, 0.0958344042301178, 0.033842120319604874
v,-2.4270918608237935e-09, 0.10576445609331131, 0.031914759427309036
v,-2.5188913177487393e-09, 0.10419635474681854, 0.03244677931070328
v,-2.5768331912701115e-09, 0.10449038445949554, 0.034066371619701385
v,-2.4270918608237935e-09, 0.10576445609331131, 0.031914759427309036
v,-2.39603270557609e-09, 0.10491818189620972, 0.030357932671904564
v,-2.5188913177487393e-09, 0.10419635474681854, 0.03244677931070328
v,-2.3293391659962026e-09, 0.10614585876464844, 0.030059833079576492
v,-2.39603270557609e-09, 0.10491818189620972, 0.030357932671904564
v,-2.4270918608237935e-09, 0.10576445609331131, 0.031914759427309036
v,-2.81049694628166e-09, 0.09462852030992508, 0.029550109058618546
v,-2.959367195742857e-09, 0.09335573762655258, 0.03168307617306709
v,-2.911533458771487e-09, 0.09474485367536545, 0.03197788819670677
v,-2.5637831857494575e-09, 0.10103222727775574, 0.030309662222862244
v,-2.520642805592388e-09, 0.1003522127866745, 0.02864270843565464
v,-2.6982955869669922e-09, 0.09936624020338058, 0.03172096237540245
v,-2.81049694628166e-09, 0.09462852030992508, 0.029550109058618546
v,-2.8140245689201038e-09, 0.0935315191745758, 0.02853381261229515
v,-2.959367195742857e-09, 0.09335573762655258, 0.03168307617306709
v,-2.3293391659962026e-09, 0.10614585876464844, 0.030059833079576492
v,-2.3243016400442684e-09, 0.1047116219997406, 0.028510358184576035
v,-2.39603270557609e-09, 0.10491818189620972, 0.030357932671904564
v,-2.2470512117678254e-09, 0.10582458972930908, 0.027856042608618736
v,-2.3243016400442684e-09, 0.1047116219997406, 0.028510358184576035
v,-2.3293391659962026e-09, 0.10614585876464844, 0.030059833079576492
v,-2.682524424812982e-09, 0.09557972103357315, 0.027573641389608383
v,-2.8140245689201038e-09, 0.0935315191745758, 0.02853381261229515
v,-2.81049694628166e-09, 0.09462852030992508, 0.029550109058618546
v,-2.3771467017041914e-09, 0.10248221457004547, 0.02748989686369896
v,-2.520642805592388e-09, 0.1003522127866745, 0.02864270843565464
v,-2.5637831857494575e-09, 0.10103222727775574, 0.030309662222862244
v,-2.2470512117678254e-09, 0.10582458972930908, 0.027856042608618736
v,-2.3061776932564726e-09, 0.10411245375871658, 0.02749655768275261
v,-2.3243016400442684e-09, 0.1047116219997406, 0.028510358184576035
v,-2.3771467017041914e-09, 0.10248221457004547, 0.02748989686369896
v,-2.3822461781008997e-09, 0.10151791572570801, 0.026642272248864174
v,-2.520642805592388e-09, 0.1003522127866745, 0.02864270843565464
v,-2.682524424812982e-09, 0.09557972103357315, 0.027573641389608383
v,-2.667066789641126e-09, 0.09480984508991241, 0.02645013853907585
v,-2.8140245689201038e-09, 0.0935315191745758, 0.02853381261229515
v,-2.2470512117678254e-09, 0.10582458972930908, 0.027856042608618736
v,-2.3226374157303553e-09, 0.10336194932460785, 0.027122609317302704
v,-2.3061776932564726e-09, 0.10411245375871658, 0.02749655768275261
v,-2.3226374157303553e-09, 0.10336194932460785, 0.027122609317302704
v,-2.3822461781008997e-09, 0.10151791572570801, 0.026642272248864174
v,-2.3771467017041914e-09, 0.10248221457004547, 0.02748989686369896
v,-2.2224144746729735e-09, 0.10482975095510483, 0.02629758045077324
v,-2.3226374157303553e-09, 0.10336194932460785, 0.027122609317302704
v,-2.2470512117678254e-09, 0.10582458972930908, 0.027856042608618736
v,-2.2224144746729735e-09, 0.10482975095510483, 0.02629758045077324
v,-2.3822461781008997e-09, 0.10151791572570801, 0.026642272248864174
v,-2.3226374157303553e-09, 0.10336194932460785, 0.027122609317302704
v,-2.5528890112980207e-09, 0.09727396070957184, 0.026302162557840347
v,-2.667066789641126e-09, 0.09480984508991241, 0.02645013853907585
v,-2.682524424812982e-09, 0.09557972103357315, 0.027573641389608383
v,-2.2224144746729735e-09, 0.10482975095510483, 0.02629758045077324
v,-2.308528479488814e-09, 0.1024666279554367, 0.025904519483447075
v,-2.3822461781008997e-09, 0.10151791572570801, 0.026642272248864174
v,-2.4127231323944898e-09, 0.09984193742275238, 0.025663523003458977
v,-2.667066789641126e-09, 0.09480984508991241, 0.02645013853907585
v,-2.5528890112980207e-09, 0.09727396070957184, 0.026302162557840347
v,-2.253262909590603e-09, 0.10349830985069275, 0.02567186951637268
v,-2.308528479488814e-09, 0.1024666279554367, 0.025904519483447075
v,-2.2224144746729735e-09, 0.10482975095510483, 0.02629758045077324
v,-2.4127231323944898e-09, 0.09984193742275238, 0.025663523003458977
v,-2.510483376738648e-09, 0.09696934372186661, 0.02502741850912571
v,-2.667066789641126e-09, 0.09480984508991241, 0.02645013853907585
v,-2.3929065395833504e-09, 0.09916383773088455, 0.024532068520784378
v,-2.510483376738648e-09, 0.09696934372186661, 0.02502741850912571
v,-2.4127231323944898e-09, 0.09984193742275238, 0.025663523003458977
v,-2.1039741060491224e-09, 0.11770696192979813, 0.03646519035100937
v,-2.2063073590317117e-09, 0.11621687561273575, 0.0373162142932415
v,-2.147126476614858e-09, 0.11769655346870422, 0.03744198754429817
v,-2.1039741060491224e-09, 0.11770696192979813, 0.03646519035100937
v,-2.0788566423846078e-09, 0.1167193204164505, 0.03490293025970459
v,-2.2063073590317117e-09, 0.11621687561273575, 0.0373162142932415
v,-2.01878380678977e-09, 0.11797596514225006, 0.03478526696562767
v,-2.0788566423846078e-09, 0.1167193204164505, 0.03490293025970459
v,-2.1039741060491224e-09, 0.11770696192979813, 0.03646519035100937
v,-2.0788566423846078e-09, 0.1167193204164505, 0.03490293025970459
v,-2.1794981375222733e-09, 0.1137249618768692, 0.03421097248792648
v,-2.233348617153297e-09, 0.11372636258602142, 0.03544433414936066
v,-2.01878380678977e-09, 0.11797596514225006, 0.03478526696562767
v,-2.1794981375222733e-09, 0.1137249618768692, 0.03421097248792648
v,-2.0788566423846078e-09, 0.1167193204164505, 0.03490293025970459
v,-1.812452521399166e-09, 0.12149792909622192, 0.03358691558241844
v,-1.9287023089731292e-09, 0.11994602531194687, 0.034694500267505646
v,-1.863942999946744e-09, 0.12154868990182877, 0.03481564298272133
v,-1.9287023089731292e-09, 0.11994602531194687, 0.034694500267505646
v,-2.1794981375222733e-09, 0.1137249618768692, 0.03421097248792648
v,-2.01878380678977e-09, 0.11797596514225006, 0.03478526696562767
v,-1.812452521399166e-09, 0.12149792909622192, 0.03358691558241844
v,-2.1794981375222733e-09, 0.1137249618768692, 0.03421097248792648
v,-1.9287023089731292e-09, 0.11994602531194687, 0.034694500267505646
v,-1.812452521399166e-09, 0.12149792909622192, 0.03358691558241844
v,-2.015612343697626e-09, 0.11696508526802063, 0.033701829612255096
v,-2.1794981375222733e-09, 0.1137249618768692, 0.03421097248792648
v,-1.812452521399166e-09, 0.12149792909622192, 0.03358691558241844
v,-1.9531833927999287e-09, 0.11825475841760635, 0.03356329724192619
v,-2.015612343697626e-09, 0.11696508526802063, 0.033701829612255096
v,-1.7802587182202956e-09, 0.11904484778642654, 0.030397331342101097
v,-2.015612343697626e-09, 0.11696508526802063, 0.033701829612255096
v,-1.9531833927999287e-09, 0.11825475841760635, 0.03356329724192619
v,-1.7802587182202956e-09, 0.11904484778642654, 0.030397331342101097
v,-1.8154668879333258e-09, 0.1178726851940155, 0.030030634254217148
v,-2.015612343697626e-09, 0.11696508526802063, 0.033701829612255096
v,-2.0631101271817442e-09, 0.11473295092582703, 0.03255631402134895
v,-2.306161484000313e-09, 0.10916832089424133, 0.03255205601453781
v,-2.211136829188831e-09, 0.1115076094865799, 0.03271743282675743
v,-2.013582633964006e-09, 0.11472709476947784, 0.03141740337014198
v,-2.306161484000313e-09, 0.10916832089424133, 0.03255205601453781
v,-2.0631101271817442e-09, 0.11473295092582703, 0.03255631402134895
v,-2.013582633964006e-09, 0.11472709476947784, 0.03141740337014198
v,-2.1642496683682566e-09, 0.11142300814390182, 0.03156018257141113
v,-2.306161484000313e-09, 0.10916832089424133, 0.03255205601453781
v,-2.1642496683682566e-09, 0.11142300814390182, 0.03156018257141113
v,-2.2531141397053034e-09, 0.10920018702745438, 0.031370341777801514
v,-2.306161484000313e-09, 0.10916832089424133, 0.03255205601453781
v,-1.8611010510483084e-09, 0.11562371253967285, 0.028825657442212105
v,-1.8540075030770709e-09, 0.11461834609508514, 0.027658000588417053
v,-1.9107888604708023e-09, 0.11441324651241302, 0.028751913458108902
v,-1.4455814323355298e-09, 0.12122420966625214, 0.024920163676142693
v,-1.8154668879333258e-09, 0.1178726851940155, 0.030030634254217148
v,-1.7802587182202956e-09, 0.11904484778642654, 0.030397331342101097
v,-1.8611010510483084e-09, 0.11562371253967285, 0.028825657442212105
v,-1.8156924852519296e-09, 0.1145053431391716, 0.026668455451726913
v,-1.8540075030770709e-09, 0.11461834609508514, 0.027658000588417053
v,-1.750588896065608e-09, 0.11579076945781708, 0.026464490219950676
v,-1.8156924852519296e-09, 0.1145053431391716, 0.026668455451726913
v,-1.8611010510483084e-09, 0.11562371253967285, 0.028825657442212105
v,-1.4455814323355298e-09, 0.12122420966625214, 0.024920163676142693
v,-1.4841728956938027e-09, 0.1198701560497284, 0.02444898895919323
v,-1.8154668879333258e-09, 0.1178726851940155, 0.030030634254217148
v,-1.750588896065608e-09, 0.11579076945781708, 0.026464490219950676
v,-1.8331915985214664e-09, 0.11344106495380402, 0.026004508137702942
v,-1.8156924852519296e-09, 0.1145053431391716, 0.026668455451726913
v,-1.928575743548322e-09, 0.11115692555904388, 0.025902509689331055
v,-1.9811137175196336e-09, 0.10898218303918839, 0.024929692968726158
v,-2.0381019094628527e-09, 0.10893745720386505, 0.026188699528574944
v,-1.7361078130662122e-09, 0.11504727602005005, 0.02538970857858658
v,-1.8331915985214664e-09, 0.11344106495380402, 0.026004508137702942
v,-1.750588896065608e-09, 0.11579076945781708, 0.026464490219950676
v,-1.7361078130662122e-09, 0.11504727602005005, 0.02538970857858658
v,-1.928575743548322e-09, 0.11115692555904388, 0.025902509689331055
v,-1.8331915985214664e-09, 0.11344106495380402, 0.026004508137702942
v,-1.7361078130662122e-09, 0.11504727602005005, 0.02538970857858658
v,-1.9811137175196336e-09, 0.10898218303918839, 0.024929692968726158
v,-1.928575743548322e-09, 0.11115692555904388, 0.025902509689331055
v,-1.7787827877313589e-09, 0.11349044740200043, 0.02480916492640972
v,-1.9811137175196336e-09, 0.10898218303918839, 0.024929692968726158
v,-1.7361078130662122e-09, 0.11504727602005005, 0.02538970857858658
v,-1.7787827877313589e-09, 0.11349044740200043, 0.02480916492640972
v,-1.87700166520699e-09, 0.11116039007902145, 0.02472609281539917
v,-1.9811137175196336e-09, 0.10898218303918839, 0.024929692968726158
v,-1.4798626768453005e-09, 0.1330423355102539, 0.03752255439758301
v,-1.4015403282385819e-09, 0.13231030106544495, 0.03499872237443924
v,-1.5339776116007897e-09, 0.13171030580997467, 0.03742853179574013
v,-1.3402361442871324e-09, 0.13356150686740875, 0.0348474495112896
v,-1.4015403282385819e-09, 0.13231030106544495, 0.03499872237443924
v,-1.4798626768453005e-09, 0.1330423355102539, 0.03752255439758301
v,-1.4015403282385819e-09, 0.13231030106544495, 0.03499872237443924
v,-1.4836423201103344e-09, 0.12983489036560059, 0.03440157696604729
v,-1.5320021917730742e-09, 0.1298767477273941, 0.035549793392419815
v,-1.3402361442871324e-09, 0.13356150686740875, 0.0348474495112896
v,-1.4836423201103344e-09, 0.12983489036560059, 0.03440157696604729
v,-1.4015403282385819e-09, 0.13231030106544495, 0.03499872237443924
v,-1.5405656750289154e-09, 0.12846967577934265, 0.03433861583471298
v,-1.6572515582069514e-09, 0.12559369206428528, 0.03413210064172745
v,-1.6102587041544325e-09, 0.12782882153987885, 0.03529215604066849
v,-1.1326324322880055e-09, 0.13716347515583038, 0.033699993044137955
v,-1.240797020685136e-09, 0.13574443757534027, 0.03475548326969147
v,-1.1807068656111142e-09, 0.1372433602809906, 0.034879691898822784
v,-1.240797020685136e-09, 0.13574443757534027, 0.03475548326969147
v,-1.4836423201103344e-09, 0.12983489036560059, 0.03440157696604729
v,-1.3402361442871324e-09, 0.13356150686740875, 0.0348474495112896
v,-1.1326324322880055e-09, 0.13716347515583038, 0.033699993044137955
v,-1.4836423201103344e-09, 0.12983489036560059, 0.03440157696604729
v,-1.240797020685136e-09, 0.13574443757534027, 0.03475548326969147
v,-1.1326324322880055e-09, 0.13716347515583038, 0.033699993044137955
v,-1.3337769777521657e-09, 0.13266997039318085, 0.0338081493973732
v,-1.4836423201103344e-09, 0.12983489036560059, 0.03440157696604729
v,-1.584924747000116e-09, 0.12630558013916016, 0.03318933770060539
v,-1.6572515582069514e-09, 0.12559369206428528, 0.03413210064172745
v,-1.5405656750289154e-09, 0.12846967577934265, 0.03433861583471298
v,-1.1326324322880055e-09, 0.13716347515583038, 0.033699993044137955
v,-1.2719872932720477e-09, 0.13395769894123077, 0.03368228301405907
v,-1.3337769777521657e-09, 0.13266997039318085, 0.0338081493973732
v,-1.584924747000116e-09, 0.12630558013916016, 0.03318933770060539
v,-1.6783464618086441e-09, 0.12418926507234573, 0.03321026638150215
v,-1.6572515582069514e-09, 0.12559369206428528, 0.03413210064172745
v,-1.0870948585761653e-09, 0.1352919042110443, 0.030786655843257904
v,-1.3337769777521657e-09, 0.13266997039318085, 0.0338081493973732
v,-1.2719872932720477e-09, 0.13395769894123077, 0.03368228301405907
v,-1.584924747000116e-09, 0.12630558013916016, 0.03318933770060539
v,-1.6025673010844343e-09, 0.12489217519760132, 0.03217955306172371
v,-1.6783464618086441e-09, 0.12418926507234573, 0.03321026638150215
v,-1.0870948585761653e-09, 0.1352919042110443, 0.030786655843257904
v,-1.0915609527373249e-09, 0.1343589872121811, 0.029955904930830002
v,-1.3337769777521657e-09, 0.13266997039318085, 0.0338081493973732
v,-1.2664918003224557e-09, 0.1290743350982666, 0.028673196211457253
v,-1.4823942073860508e-09, 0.12804651260375977, 0.032584648579359055
v,-1.4307752760345238e-09, 0.129240944981575, 0.03259817510843277
v,-1.2664918003224557e-09, 0.1290743350982666, 0.028673196211457253
v,-1.3025828193846678e-09, 0.1279265582561493, 0.028351090848445892
v,-1.4823942073860508e-09, 0.12804651260375977, 0.032584648579359055
v,-8.724768130186078e-10, 0.13726967573165894, 0.02785452827811241
v,-1.0915609527373249e-09, 0.1343589872121811, 0.029955904930830002
v,-1.0870948585761653e-09, 0.1352919042110443, 0.030786655843257904
v,-1.1810320499350269e-09, 0.13120326399803162, 0.028847040608525276
v,-1.3025828193846678e-09, 0.1279265582561493, 0.028351090848445892
v,-1.2664918003224557e-09, 0.1290743350982666, 0.028673196211457253
v,-1.0687214446747362e-09, 0.1330040991306305, 0.028078503906726837
v,-1.3025828193846678e-09, 0.1279265582561493, 0.028351090848445892
v,-1.1810320499350269e-09, 0.13120326399803162, 0.028847040608525276
v,-1.0687214446747362e-09, 0.1330040991306305, 0.028078503906726837
v,-1.3454155567416137e-09, 0.1260787844657898, 0.02748321183025837
v,-1.3025828193846678e-09, 0.1279265582561493, 0.028351090848445892
v,-8.724768130186078e-10, 0.13726967573165894, 0.02785452827811241
v,-8.973053411409637e-10, 0.13608109951019287, 0.02723396196961403
v,-1.0915609527373249e-09, 0.1343589872121811, 0.029955904930830002
v,-1.1502124808160374e-09, 0.13092906773090363, 0.027867773547768593
v,-1.3454155567416137e-09, 0.1260787844657898, 0.02748321183025837
v,-1.0687214446747362e-09, 0.1330040991306305, 0.028078503906726837
v,-1.2215857214670223e-09, 0.12904441356658936, 0.027615943923592567
v,-1.3454155567416137e-09, 0.1260787844657898, 0.02748321183025837
v,-1.1502124808160374e-09, 0.13092906773090363, 0.027867773547768593
v,-9.909991716128275e-10, 0.13369688391685486, 0.02699320577085018
v,-1.1502124808160374e-09, 0.13092906773090363, 0.027867773547768593
v,-1.0687214446747362e-09, 0.1330040991306305, 0.028078503906726837
v,-9.909991716128275e-10, 0.13369688391685486, 0.02699320577085018
v,-1.0773716363488006e-09, 0.13214465975761414, 0.02741696685552597
v,-1.1502124808160374e-09, 0.13092906773090363, 0.027867773547768593
v,-1.1744872852048616e-09, 0.12903691828250885, 0.02653096616268158
v,-1.25196608635747e-09, 0.12787966430187225, 0.027146220207214355
v,-1.2215857214670223e-09, 0.12904441356658936, 0.027615943923592567
v,-1.25196608635747e-09, 0.12787966430187225, 0.027146220207214355
v,-1.3454155567416137e-09, 0.1260787844657898, 0.02748321183025837
v,-1.2215857214670223e-09, 0.12904441356658936, 0.027615943923592567
v,-9.909991716128275e-10, 0.13369688391685486, 0.02699320577085018
v,-1.0346982159958884e-09, 0.132550910115242, 0.026846950873732567
v,-1.0773716363488006e-09, 0.13214465975761414, 0.02741696685552597
v,-1.1744872852048616e-09, 0.12903691828250885, 0.02653096616268158
v,-1.200043509008708e-09, 0.12789158523082733, 0.02597029320895672
v,-1.25196608635747e-09, 0.12787966430187225, 0.027146220207214355
v,-1.2733849530377483e-09, 0.1266929805278778, 0.026449542492628098
v,-1.3454155567416137e-09, 0.1260787844657898, 0.02748321183025837
v,-1.25196608635747e-09, 0.12787966430187225, 0.027146220207214355
v,-1.2733849530377483e-09, 0.1266929805278778, 0.026449542492628098
v,-1.3597613035543077e-09, 0.12467528879642487, 0.026407910510897636
v,-1.3454155567416137e-09, 0.1260787844657898, 0.02748321183025837
v,-9.909991716128275e-10, 0.13369688391685486, 0.02699320577085018
v,-9.995325678247013e-10, 0.13241711258888245, 0.02590866945683956
v,-1.0346982159958884e-09, 0.132550910115242, 0.026846950873732567
v,-9.398370970359338e-10, 0.13363096117973328, 0.025756843388080597
v,-9.995325678247013e-10, 0.13241711258888245, 0.02590866945683956
v,-9.909991716128275e-10, 0.13369688391685486, 0.02699320577085018
v,-1.2733849530377483e-09, 0.1266929805278778, 0.026449542492628098
v,-1.2840567498173527e-09, 0.12534628808498383, 0.025346990674734116
v,-1.3597613035543077e-09, 0.12467528879642487, 0.026407910510897636
v,-1.131894689088142e-09, 0.12932932376861572, 0.02584897354245186
v,-1.200043509008708e-09, 0.12789158523082733, 0.02597029320895672
v,-1.1744872852048616e-09, 0.12903691828250885, 0.02653096616268158
v,-1.0769848346470212e-09, 0.13011863827705383, 0.025382092222571373
v,-1.200043509008708e-09, 0.12789158523082733, 0.02597029320895672
v,-1.131894689088142e-09, 0.12932932376861572, 0.02584897354245186
v,-1.0769848346470212e-09, 0.13011863827705383, 0.025382092222571373
v,-1.1348060269256166e-09, 0.12838178873062134, 0.024968041107058525
v,-1.200043509008708e-09, 0.12789158523082733, 0.02597029320895672
v,-9.398370970359338e-10, 0.13363096117973328, 0.025756843388080597
v,-1.0186247401122728e-09, 0.13147184252738953, 0.025400172919034958
v,-9.995325678247013e-10, 0.13241711258888245, 0.02590866945683956
v,-9.284972790624124e-10, 0.13299725949764252, 0.0248637143522501
v,-1.0186247401122728e-09, 0.13147184252738953, 0.025400172919034958
v,-9.398370970359338e-10, 0.13363096117973328, 0.025756843388080597
v,-9.284972790624124e-10, 0.13299725949764252, 0.0248637143522501
v,-1.0769848346470212e-09, 0.13011863827705383, 0.025382092222571373
v,-1.0186247401122728e-09, 0.13147184252738953, 0.025400172919034958
v,-9.284972790624124e-10, 0.13299725949764252, 0.0248637143522501
v,-1.1348060269256166e-09, 0.12838178873062134, 0.024968041107058525
v,-1.0769848346470212e-09, 0.13011863827705383, 0.025382092222571373
v,-9.284972790624124e-10, 0.13299725949764252, 0.0248637143522501
v,-1.049196285407561e-09, 0.12964500486850739, 0.024272728711366653
v,-1.1348060269256166e-09, 0.12838178873062134, 0.024968041107058525
v,-9.615293006248748e-10, 0.13167917728424072, 0.02430131286382675
v,-1.049196285407561e-09, 0.12964500486850739, 0.024272728711366653
v,-9.284972790624124e-10, 0.13299725949764252, 0.0248637143522501
v,-8.07874878105963e-10, 0.14831286668777466, 0.03741979971528053
v,-7.637888099765178e-10, 0.14738906919956207, 0.035487424582242966
v,-8.618854518971375e-10, 0.14703816175460815, 0.037380706518888474
v,-7.123682199683401e-10, 0.14849860966205597, 0.03542060777544975
v,-7.637888099765178e-10, 0.14738906919956207, 0.035487424582242966
v,-8.07874878105963e-10, 0.14831286668777466, 0.03741979971528053
v,-7.637888099765178e-10, 0.14738906919956207, 0.035487424582242966
v,-9.83151671185567e-10, 0.141887828707695, 0.035004623234272
v,-1.0290950314129077e-09, 0.14193350076675415, 0.036101363599300385
v,-5.144101811183077e-10, 0.15209363400936127, 0.034486882388591766
v,-7.123682199683401e-10, 0.14849860966205597, 0.03542060777544975
v,-5.637624256316087e-10, 0.15211807191371918, 0.03564037010073662
v,-7.123682199683401e-10, 0.14849860966205597, 0.03542060777544975
v,-9.83151671185567e-10, 0.141887828707695, 0.035004623234272
v,-7.637888099765178e-10, 0.14738906919956207, 0.035487424582242966
v,-5.144101811183077e-10, 0.15209363400936127, 0.034486882388591766
v,-9.83151671185567e-10, 0.141887828707695, 0.035004623234272
v,-7.123682199683401e-10, 0.14849860966205597, 0.03542060777544975
v,-5.144101811183077e-10, 0.15209363400936127, 0.034486882388591766
v,-7.089759335165979e-10, 0.14753955602645874, 0.034383952617645264
v,-9.83151671185567e-10, 0.141887828707695, 0.035004623234272
v,-6.600531787803732e-10, 0.14861971139907837, 0.034344885498285294
v,-7.089759335165979e-10, 0.14753955602645874, 0.034383952617645264
v,-5.144101811183077e-10, 0.15209363400936127, 0.034486882388591766
v,-7.774547672312337e-10, 0.1444714516401291, 0.032882459461688995
v,-8.727998324076225e-10, 0.14303715527057648, 0.0336294025182724
v,-8.330229839259573e-10, 0.14424987137317657, 0.03393213078379631
v,-6.600531787803732e-10, 0.14861971139907837, 0.034344885498285294
v,-6.205143066040364e-10, 0.14768555760383606, 0.03250618651509285
v,-7.089759335165979e-10, 0.14753955602645874, 0.034383952617645264
v,-7.774547672312337e-10, 0.1444714516401291, 0.032882459461688995
v,-8.171546217461412e-10, 0.14335846900939941, 0.03267770633101463
v,-8.727998324076225e-10, 0.14303715527057648, 0.0336294025182724
v,-7.071058183427681e-10, 0.1460571140050888, 0.03285872936248779
v,-8.171546217461412e-10, 0.14335846900939941, 0.03267770633101463
v,-7.774547672312337e-10, 0.1444714516401291, 0.032882459461688995
v,-5.554730564405475e-10, 0.14878123998641968, 0.03211388736963272
v,-6.205143066040364e-10, 0.14768555760383606, 0.03250618651509285
v,-6.600531787803732e-10, 0.14861971139907837, 0.034344885498285294
v,-7.071058183427681e-10, 0.1460571140050888, 0.03285872936248779
v,-8.488356684210885e-10, 0.14221270382404327, 0.03225671872496605
v,-8.171546217461412e-10, 0.14335846900939941, 0.03267770633101463
v,-6.205143066040364e-10, 0.14768555760383606, 0.03250618651509285
v,-8.488356684210885e-10, 0.14221270382404327, 0.03225671872496605
v,-7.071058183427681e-10, 0.1460571140050888, 0.03285872936248779
v,-5.554730564405475e-10, 0.14878123998641968, 0.03211388736963272
v,-8.488356684210885e-10, 0.14221270382404327, 0.03225671872496605
v,-6.205143066040364e-10, 0.14768555760383606, 0.03250618651509285
v,-6.706790123267581e-10, 0.14591021835803986, 0.031878482550382614
v,-7.204508101210649e-10, 0.14480292797088623, 0.03190983831882477
v,-5.554730564405475e-10, 0.14878123998641968, 0.03211388736963272
v,-7.204508101210649e-10, 0.14480292797088623, 0.03190983831882477
v,-8.488356684210885e-10, 0.14221270382404327, 0.03225671872496605
v,-5.554730564405475e-10, 0.14878123998641968, 0.03211388736963272
v,-7.616027808410308e-10, 0.14368005096912384, 0.03172840550541878
v,-8.488356684210885e-10, 0.14221270382404327, 0.03225671872496605
v,-7.204508101210649e-10, 0.14480292797088623, 0.03190983831882477
v,-7.616027808410308e-10, 0.14368005096912384, 0.03172840550541878
v,-8.56898496603975e-10, 0.1409110128879547, 0.03113948367536068
v,-8.488356684210885e-10, 0.14221270382404327, 0.03225671872496605
v,-4.2877645878292014e-10, 0.1505599468946457, 0.030994124710559845
v,-6.706790123267581e-10, 0.14591021835803986, 0.031878482550382614
v,-5.554730564405475e-10, 0.14878123998641968, 0.03211388736963272
v,-7.835789239685198e-10, 0.14285673201084137, 0.03140784054994583
v,-8.56898496603975e-10, 0.1409110128879547, 0.03113948367536068
v,-7.616027808410308e-10, 0.14368005096912384, 0.03172840550541878
v,-4.2877645878292014e-10, 0.1505599468946457, 0.030994124710559845
v,-5.716578321823818e-10, 0.14772233366966248, 0.03142525255680084
v,-6.706790123267581e-10, 0.14591021835803986, 0.031878482550382614
v,-6.071205760349585e-10, 0.14562886953353882, 0.030143072828650475
v,-7.616027808410308e-10, 0.14368005096912384, 0.03172840550541878
v,-7.204508101210649e-10, 0.14480292797088623, 0.03190983831882477
v,-4.980927892361819e-10, 0.14888818562030792, 0.030908137559890747
v,-5.716578321823818e-10, 0.14772233366966248, 0.03142525255680084
v,-4.2877645878292014e-10, 0.1505599468946457, 0.030994124710559845
v,-7.874051966005879e-10, 0.1418226957321167, 0.03046134114265442
v,-8.56898496603975e-10, 0.1409110128879547, 0.03113948367536068
v,-7.835789239685198e-10, 0.14285673201084137, 0.03140784054994583
v,-4.980927892361819e-10, 0.14888818562030792, 0.030908137559890747
v,-5.016400073110105e-10, 0.1477075219154358, 0.029808612540364265
v,-5.716578321823818e-10, 0.14772233366966248, 0.03142525255680084
v,-6.071205760349585e-10, 0.14562886953353882, 0.030143072828650475
v,-5.461011087781742e-10, 0.1454024612903595, 0.028520716354250908
v,-7.616027808410308e-10, 0.14368005096912384, 0.03172840550541878
v,-7.874051966005879e-10, 0.1418226957321167, 0.03046134114265442
v,-8.195094602925224e-10, 0.1402696669101715, 0.029642773792147636
v,-8.56898496603975e-10, 0.1409110128879547, 0.03113948367536068
v,-4.2877645878292014e-10, 0.1505599468946457, 0.030994124710559845
v,-3.8172437433203754e-10, 0.1503625363111496, 0.029720284044742584
v,-4.980927892361819e-10, 0.14888818562030792, 0.030908137559890747
v,-2.6679056186473815e-10, 0.1522418111562729, 0.028970185667276382
v,-3.8172437433203754e-10, 0.1503625363111496, 0.029720284044742584
v,-4.2877645878292014e-10, 0.1505599468946457, 0.030994124710559845
v,-7.468113905062523e-10, 0.14142131805419922, 0.029131276533007622
v,-8.195094602925224e-10, 0.1402696669101715, 0.029642773792147636
v,-7.874051966005879e-10, 0.1418226957321167, 0.03046134114265442
v,-4.27292978777416e-10, 0.147450253367424, 0.02785048633813858
v,-5.461011087781742e-10, 0.1454024612903595, 0.028520716354250908
v,-6.071205760349585e-10, 0.14562886953353882, 0.030143072828650475
v,-2.6679056186473815e-10, 0.1522418111562729, 0.028970185667276382
v,-2.708430701936493e-10, 0.15135617554187775, 0.028177250176668167
v,-3.8172437433203754e-10, 0.1503625363111496, 0.029720284044742584
v,-4.980927892361819e-10, 0.14888818562030792, 0.030908137559890747
v,-4.27292978777416e-10, 0.147450253367424, 0.02785048633813858
v,-5.016400073110105e-10, 0.1477075219154358, 0.029808612540364265
v,-7.468113905062523e-10, 0.14142131805419922, 0.029131276533007622
v,-7.240651411777321e-10, 0.1404123604297638, 0.027601948007941246
v,-8.195094602925224e-10, 0.1402696669101715, 0.029642773792147636
v,-6.813810626837835e-10, 0.14166124165058136, 0.02787434123456478
v,-7.240651411777321e-10, 0.1404123604297638, 0.027601948007941246
v,-7.468113905062523e-10, 0.14142131805419922, 0.029131276533007622
v,-3.4973898777046486e-10, 0.14846402406692505, 0.027090027928352356
v,-4.27292978777416e-10, 0.147450253367424, 0.02785048633813858
v,-4.980927892361819e-10, 0.14888818562030792, 0.030908137559890747
v,-1.5678612574898665e-10, 0.15271414816379547, 0.02692590281367302
v,-2.708430701936493e-10, 0.15135617554187775, 0.028177250176668167
v,-2.6679056186473815e-10, 0.1522418111562729, 0.028970185667276382
v,-3.4973898777046486e-10, 0.14846402406692505, 0.027090027928352356
v,-5.461011087781742e-10, 0.1454024612903595, 0.028520716354250908
v,-4.27292978777416e-10, 0.147450253367424, 0.02785048633813858
v,-5.960540394589486e-10, 0.1424289345741272, 0.02668997459113598
v,-7.240651411777321e-10, 0.1404123604297638, 0.027601948007941246
v,-6.813810626837835e-10, 0.14166124165058136, 0.02787434123456478
v,-1.5678612574898665e-10, 0.15271414816379547, 0.02692590281367302
v,-2.0470508621528438e-10, 0.15146245062351227, 0.026770468801259995
v,-2.708430701936493e-10, 0.15135617554187775, 0.028177250176668167
v,-3.4973898777046486e-10, 0.14846402406692505, 0.027090027928352356
v,-3.862106190410941e-10, 0.14718689024448395, 0.02664727158844471
v,-5.461011087781742e-10, 0.1454024612903595, 0.028520716354250908
v,-2.8749044811426927e-10, 0.149346724152565, 0.026548655703663826
v,-3.862106190410941e-10, 0.14718689024448395, 0.02664727158844471
v,-3.4973898777046486e-10, 0.14846402406692505, 0.027090027928352356
v,-5.960540394589486e-10, 0.1424289345741272, 0.02668997459113598
v,-6.269281760395984e-10, 0.14123444259166718, 0.026201803237199783
v,-7.240651411777321e-10, 0.1404123604297638, 0.027601948007941246
v,-1.5678612574898665e-10, 0.15271414816379547, 0.02692590281367302
v,-2.083629796478803e-10, 0.15085038542747498, 0.02624209225177765
v,-2.0470508621528438e-10, 0.15146245062351227, 0.026770468801259995
v,-1.2003893712364544e-10, 0.15233319997787476, 0.0257042795419693
v,-2.083629796478803e-10, 0.15085038542747498, 0.02624209225177765
v,-1.5678612574898665e-10, 0.15271414816379547, 0.02692590281367302
v,-2.083629796478803e-10, 0.15085038542747498, 0.02624209225177765
v,-3.862106190410941e-10, 0.14718689024448395, 0.02664727158844471
v,-2.8749044811426927e-10, 0.149346724152565, 0.026548655703663826
v,-1.2003893712364544e-10, 0.15233319997787476, 0.0257042795419693
v,-3.862106190410941e-10, 0.14718689024448395, 0.02664727158844471
v,-2.083629796478803e-10, 0.15085038542747498, 0.02624209225177765
v,-4.6470724490710325e-10, 0.1443413347005844, 0.025597507134079933
v,-6.269281760395984e-10, 0.14123444259166718, 0.026201803237199783
v,-5.960540394589486e-10, 0.1424289345741272, 0.02668997459113598
v,-1.2003893712364544e-10, 0.15233319997787476, 0.0257042795419693
v,-3.0934535488746917e-10, 0.14818790555000305, 0.025889819487929344
v,-3.862106190410941e-10, 0.14718689024448395, 0.02664727158844471
v,-4.6470724490710325e-10, 0.1443413347005844, 0.025597507134079933
v,-5.340736186632e-10, 0.14237937331199646, 0.025222457945346832
v,-6.269281760395984e-10, 0.14123444259166718, 0.026201803237199783
v,-2.8356833547960036e-10, 0.14793573319911957, 0.025047926232218742
v,-3.862106190410941e-10, 0.14718689024448395, 0.02664727158844471
v,-3.0934535488746917e-10, 0.14818790555000305, 0.025889819487929344
v,-2.8356833547960036e-10, 0.14793573319911957, 0.025047926232218742
v,-3.4775687884902595e-10, 0.14681096374988556, 0.025391625240445137
v,-3.862106190410941e-10, 0.14718689024448395, 0.02664727158844471
v,-1.2003893712364544e-10, 0.15233319997787476, 0.0257042795419693
v,-1.8884897812210255e-10, 0.15015371143817902, 0.025098983198404312
v,-3.0934535488746917e-10, 0.14818790555000305, 0.025889819487929344
v,-1.3253179109717905e-10, 0.15147839486598969, 0.02513527311384678
v,-1.8884897812210255e-10, 0.15015371143817902, 0.025098983198404312
v,-1.2003893712364544e-10, 0.15233319997787476, 0.0257042795419693
v,-3.7718003720321747e-10, 0.14602862298488617, 0.02528240531682968
v,-5.340736186632e-10, 0.14237937331199646, 0.025222457945346832
v,-4.6470724490710325e-10, 0.1443413347005844, 0.025597507134079933
v,-3.6129108038629454e-10, 0.14528299868106842, 0.02417328953742981
v,-5.340736186632e-10, 0.14237937331199646, 0.025222457945346832
v,-3.7718003720321747e-10, 0.14602862298488617, 0.02528240531682968
n,-63.971275329589844, 2.79627329291543e-06, -2.79627329291543e-06
n,-63.971275329589844, 2.79627329291543e-06, -2.79627329291543e-06
n,-63.971275329589844, 2.79627329291543e-06, -2.79627329291543e-06
n,-63.971275329589844, 2.79627329291543e-06, -2.79627329291543e-06
n,-63.971275329589844, 2.79627329291543e-06, -2.79627329291543e-06
n,-63.971275329589844, 2.79627329291543e-06, -2.79627329291543e-06
n,-63.971275329589844, 2.79627329291543e-06, -2.79627329291543e-06
n,-63.971275329589844, 2.79627329291543e-06, -2.79627329291543e-06
n,-63.971275329589844, 2.79627329291543e-06, -2.79627329291543e-06
n,-63.971275329589844, 2.79627329291543e-06, -2.79627329291543e-06
n,-63.971275329589844, 2.79627329291543e-06, -2.79627329291543e-06
n,-63.971275329589844, 2.79627329291543e-06, -2.79627329291543e-06
n,-63.971275329589844, 2.79627329291543e-06, -2.79627329291543e-06
n,-63.971275329589844, 2.79627329291543e-06, -2.79627329291543e-06
n,-63.971275329589844, 2.79627329291543e-06, -2.79627329291543e-06
n,-63.971275329589844, 2.79627329291543e-06, -2.79627329291543e-06
n,-63.971275329589844, 2.79627329291543e-06, -2.79627329291543e-06
n,-63.971275329589844, 2.79627329291543e-06, -2.79627329291543e-06
n,-63.971275329589844, 2.79627329291543e-06, -2.79627329291543e-06
n,-63.971275329589844, 2.79627329291543e-06, -2.79627329291543e-06
n,-63.971275329589844, 2.79627329291543e-06, -2.79627329291543e-06
n,-63.971275329589844, 2.79627329291543e-06, -2.79627329291543e-06
n,-63.971275329589844, 2.79627329291543e-06, -2.79627329291543e-06
n,-63.971275329589844, 2.79627329291543e-06, -2.79627329291543e-06
n,-63.971275329589844, 2.79627329291543e-06, -2.79627329291543e-06
n,-63.971275329589844, 2.79627329291543e-06, -2.79627329291543e-06
n,-63.971275329589844, 2.79627329291543e-06, -2.79627329291543e-06
n,-63.971275329589844, 2.79627329291543e-06, -2.79627329291543e-06
n,-63.971275329589844, 2.79627329291543e-06, -2.79627329291543e-06
n,-63.971275329589844, 2.79627329291543e-06, -2.79627329291543e-06
n,-63.971275329589844, 2.79627329291543e-06, -2.79627329291543e-06
n,-63.971275329589844, 2.79627329291543e-06, -2.79627329291543e-06
n,-63.971275329589844, 2.79627329291543e-06, -2.79627329291543e-06
n,-63.971275329589844, 2.79627329291543e-06, -2.79627329291543e-06
n,-63.971275329589844, 2.79627329291543e-06, -2.79627329291543e-06
n,-63.971275329589844, 2.79627329291543e-06, -2.79627329291543e-06
n,-63.971275329589844, 2.79627329291543e-06, -2.79627329291543e-06
n,-63.971275329589844, 2.79627329291543e-06, -2.79627329291543e-06
n,-63.971275329589844, 2.79627329291543e-06, -2.79627329291543e-06
n,-63.971275329589844, 2.79627329291543e-06, -2.79627329291543e-06
n,-63.971275329589844, 2.79627329291543e-06, -2.79627329291543e-06
n,-63.971275329589844, 2.79627329291543e-06, -2.79627329291543e-06
n,-63.971275329589844, 2.79627329291543e-06, -2.79627329291543e-06
n,-63.971275329589844, 2.79627329291543e-06, -2.79627329291543e-06
n,-63.971275329589844, 2.79627329291543e-06, -2.79627329291543e-06
n,-63.971275329589844, 2.79627329291543e-06, -2.79627329291543e-06
n,-63.971275329589844, 2.79627329291543e-06, -2.79627329291543e-06
n,-63.971275329589844, 2.79627329291543e-06, -2.79627329291543e-06
n,-63.971275329589844, 2.79627329291543e-06, -2.79627329291543e-06
n,-63.971275329589844, 2.79627329291543e-06, -2.79627329291543e-06
n,-63.971275329589844, 2.79627329291543e-06, -2.79627329291543e-06
n,-63.971275329589844, 2.79627329291543e-06, -2.79627329291543e-06
n,-63.971275329589844, 2.79627329291543e-06, -2.79627329291543e-06
n,-63.971275329589844, 2.79627329291543e-06, -2.79627329291543e-06
n,-63.971275329589844, 2.79627329291543e-06, -2.79627329291543e-06
n,-63.971275329589844, 2.79627329291543e-06, -2.79627329291543e-06
n,-63.971275329589844, 2.79627329291543e-06, -2.79627329291543e-06
n,-63.971275329589844, 2.79627329291543e-06, -2.79627329291543e-06
n,-63.971275329589844, 2.79627329291543e-06, -2.79627329291543e-06
n,-63.971275329589844, 2.79627329291543e-06, -2.79627329291543e-06
n,-63.971275329589844, 2.79627329291543e-06, -2.79627329291543e-06
n,-63.971275329589844, 2.79627329291543e-06, -2.79627329291543e-06
n,-63.971275329589844, 2.79627329291543e-06, -2.79627329291543e-06
n,-63.971275329589844, 2.79627329291543e-06, -2.79627329291543e-06
n,-63.971275329589844, 2.79627329291543e-06, -2.79627329291543e-06
n,-63.971275329589844, 2.79627329291543e-06, -2.79627329291543e-06
n,-63.971275329589844, 2.79627329291543e-06, -2.79627329291543e-06
n,-63.971275329589844, 2.79627329291543e-06, -2.79627329291543e-06
n,-63.971275329589844, 2.79627329291543e-06, -2.79627329291543e-06
n,-63.971275329589844, 2.79627329291543e-06, -2.79627329291543e-06
n,-63.971275329589844, 2.79627329291543e-06, -2.79627329291543e-06
n,-63.971275329589844, 2.79627329291543e-06, -2.79627329291543e-06
n,-63.971275329589844, 2.79627329291543e-06, -2.79627329291543e-06
n,-63.971275329589844, 2.79627329291543e-06, -2.79627329291543e-06
n,-63.971275329589844, 2.79627329291543e-06, -2.79627329291543e-06
n,-63.971275329589844, 2.79627329291543e-06, -2.79627329291543e-06
n,-63.971275329589844, 2.79627329291543e-06, -2.79627329291543e-06
n,-63.971275329589844, 2.79627329291543e-06, -2.79627329291543e-06
n,-63.971275329589844, 2.79627329291543e-06, -2.79627329291543e-06
n,-63.971275329589844, 2.79627329291543e-06, -2.79627329291543e-06
n,-63.971275329589844, 2.79627329291543e-06, -2.79627329291543e-06
n,-63.971275329589844, 2.79627329291543e-06, -2.79627329291543e-06
n,-63.971275329589844, 2.79627329291543e-06, -2.79627329291543e-06
n,-63.971275329589844, 2.79627329291543e-06, -2.79627329291543e-06
n,-63.971275329589844, 2.79627329291543e-06, -2.79627329291543e-06
n,-63.971275329589844, 2.79627329291543e-06, -2.79627329291543e-06
n,-63.971275329589844, 2.79627329291543e-06, -2.79627329291543e-06
n,-63.971275329589844, 2.79627329291543e-06, -2.79627329291543e-06
n,-63.971275329589844, 2.79627329291543e-06, -2.79627329291543e-06
n,-63.971275329589844, 2.79627329291543e-06, -2.79627329291543e-06
n,-63.971275329589844, 2.79627329291543e-06, -2.79627329291543e-06
n,-63.971275329589844, 2.79627329291543e-06, -2.79627329291543e-06
n,-63.971275329589844, 2.79627329291543e-06, -2.79627329291543e-06
n,-63.971275329589844, 2.79627329291543e-06, -2.79627329291543e-06
n,-63.971275329589844, 2.79627329291543e-06, -2.79627329291543e-06
n,-63.971275329589844, 2.79627329291543e-06, -2.79627329291543e-06
n,-63.971275329589844, 2.79627329291543e-06, -2.79627329291543e-06
n,-63.971275329589844, 2.79627329291543e-06, -2.79627329291543e-06
n,-63.971275329589844, 2.79627329291543e-06, -2.79627329291543e-06
n,-63.971275329589844, 2.79627329291543e-06, -2.79627329291543e-06
n,-63.971275329589844, 2.79627329291543e-06, -2.79627329291543e-06
n,-63.971275329589844, 2.79627329291543e-06, -2.79627329291543e-06
n,-63.971275329589844, 2.79627329291543e-06, -2.79627329291543e-06
n,-63.971275329589844, 2.79627329291543e-06, -2.79627329291543e-06
n,-63.971275329589844, 2.79627329291543e-06, -2.79627329291543e-06
n,-63.971275329589844, 2.79627329291543e-06, -2.79627329291543e-06
n,-63.971275329589844, 2.79627329291543e-06, -2.79627329291543e-06
n,-63.971275329589844, 2.79627329291543e-06, -2.79627329291543e-06
n,-63.971275329589844, 2.79627329291543e-06, -2.79627329291543e-06
n,-63.971275329589844, 2.79627329291543e-06, -2.79627329291543e-06
n,-63.971275329589844, 2.79627329291543e-06, -2.79627329291543e-06
n,-63.971275329589844, 2.79627329291543e-06, -2.79627329291543e-06
n,-63.971275329589844, 2.79627329291543e-06, -2.79627329291543e-06
n,-63.971275329589844, 2.79627329291543e-06, -2.79627329291543e-06
n,-63.971275329589844, 2.79627329291543e-06, -2.79627329291543e-06
n,-63.971275329589844, 2.79627329291543e-06, -2.79627329291543e-06
n,-63.971275329589844, 2.79627329291543e-06, -2.79627329291543e-06
n,-63.971275329589844, 2.79627329291543e-06, -2.79627329291543e-06
n,-63.971275329589844, 2.79627329291543e-06, -2.79627329291543e-06
n,-63.971275329589844, 2.79627329291543e-06, -2.79627329291543e-06
n,-63.971275329589844, 2.79627329291543e-06, -2.79627329291543e-06
n,-63.971275329589844, 2.79627329291543e-06, -2.79627329291543e-06
n,-63.971275329589844, 2.79627329291543e-06, -2.79627329291543e-06
n,-63.971275329589844, 2.79627329291543e-06, -2.79627329291543e-06
n,-63.971275329589844, 2.79627329291543e-06, -2.79627329291543e-06
n,-63.971275329589844, 2.79627329291543e-06, -2.79627329291543e-06
n,-63.971275329589844, 2.79627329291543e-06, -2.79627329291543e-06
n,-63.971275329589844, 2.79627329291543e-06, -2.79627329291543e-06
n,-63.971275329589844, 2.79627329291543e-06, -2.79627329291543e-06
n,-63.971275329589844, 2.79627329291543e-06, -2.79627329291543e-06
n,-63.971275329589844, 2.79627329291543e-06, -2.79627329291543e-06
n,-63.971275329589844, 2.79627329291543e-06, -2.79627329291543e-06
n,-63.971275329589844, 2.79627329291543e-06, -2.79627329291543e-06
n,-63.971275329589844, 2.79627329291543e-06, -2.79627329291543e-06
n,-63.971275329589844, 2.79627329291543e-06, -2.79627329291543e-06
n,-63.971275329589844, 2.79627329291543e-06, -2.79627329291543e-06
n,-63.971275329589844, 2.79627329291543e-06, -2.79627329291543e-06
n,-63.971275329589844, 2.79627329291543e-06, -2.79627329291543e-06
n,-63.971275329589844, 2.79627329291543e-06, -2.79627329291543e-06
n,-63.971275329589844, 2.79627329291543e-06, -2.79627329291543e-06
n,-63.971275329589844, 2.79627329291543e-06, -2.79627329291543e-06
n,-63.971275329589844, 2.79627329291543e-06, -2.79627329291543e-06
n,-63.971275329589844, 2.79627329291543e-06, -2.79627329291543e-06
n,-63.971275329589844, 2.79627329291543e-06, -2.79627329291543e-06
n,-63.971275329589844, 2.79627329291543e-06, -2.79627329291543e-06
n,-63.971275329589844, 2.79627329291543e-06, -2.79627329291543e-06
n,-63.971275329589844, 2.79627329291543e-06, -2.79627329291543e-06
n,-63.971275329589844, 2.79627329291543e-06, -2.79627329291543e-06
n,-63.971275329589844, 2.79627329291543e-06, -2.79627329291543e-06
n,-63.971275329589844, 2.79627329291543e-06, -2.79627329291543e-06
n,-63.971275329589844, 2.79627329291543e-06, -2.79627329291543e-06
n,-63.971275329589844, 2.79627329291543e-06, -2.79627329291543e-06
n,-63.971275329589844, 2.79627329291543e-06, -2.79627329291543e-06
n,-63.971275329589844, 2.79627329291543e-06, -2.79627329291543e-06
n,-63.971275329589844, 2.79627329291543e-06, -2.79627329291543e-06
n,-63.971275329589844, 2.79627329291543e-06, -2.79627329291543e-06
n,-63.971275329589844, 2.79627329291543e-06, -2.79627329291543e-06
n,-63.971275329589844, 2.79627329291543e-06, -2.79627329291543e-06
n,-63.971275329589844, 2.79627329291543e-06, -2.79627329291543e-06
n,-63.971275329589844, 2.79627329291543e-06, -2.79627329291543e-06
n,-63.971275329589844, 2.79627329291543e-06, -2.79627329291543e-06
n,-63.971275329589844, 2.79627329291543e-06, -2.79627329291543e-06
n,-63.971275329589844, 2.79627329291543e-06, -2.79627329291543e-06
n,-63.971275329589844, 2.79627329291543e-06, -2.79627329291543e-06
n,-63.971275329589844, 2.79627329291543e-06, -2.79627329291543e-06
n,-63.971275329589844, 2.79627329291543e-06, -2.79627329291543e-06
n,-63.971275329589844, 2.79627329291543e-06, -2.79627329291543e-06
n,-63.971275329589844, 2.79627329291543e-06, -2.79627329291543e-06
n,-63.971275329589844, 2.79627329291543e-06, -2.79627329291543e-06
n,-63.971275329589844, 2.79627329291543e-06, -2.79627329291543e-06
n,-63.971275329589844, 2.79627329291543e-06, -2.79627329291543e-06
n,-63.971275329589844, 2.79627329291543e-06, -2.79627329291543e-06
n,-63.971275329589844, 2.79627329291543e-06, -2.79627329291543e-06
n,-63.971275329589844, 2.79627329291543e-06, -2.79627329291543e-06
n,-63.971275329589844, 2.79627329291543e-06, -2.79627329291543e-06
n,-63.971275329589844, 2.79627329291543e-06, -2.79627329291543e-06
n,-63.971275329589844, 2.79627329291543e-06, -2.79627329291543e-06
n,-63.971275329589844, 2.79627329291543e-06, -2.79627329291543e-06
n,-63.971275329589844, 2.79627329291543e-06, -2.79627329291543e-06
n,-63.971275329589844, 2.79627329291543e-06, -2.79627329291543e-06
n,-63.971275329589844, 2.79627329291543e-06, -2.79627329291543e-06
n,-63.971275329589844, 2.79627329291543e-06, -2.79627329291543e-06
n,-63.971275329589844, 2.79627329291543e-06, -2.79627329291543e-06
n,-63.971275329589844, 2.79627329291543e-06, -2.79627329291543e-06
n,-63.971275329589844, 2.79627329291543e-06, -2.79627329291543e-06
n,-63.971275329589844, 2.79627329291543e-06, -2.79627329291543e-06
n,-63.971275329589844, 2.79627329291543e-06, -2.79627329291543e-06
n,-63.971275329589844, 2.79627329291543e-06, -2.79627329291543e-06
n,-63.971275329589844, 2.79627329291543e-06, -2.79627329291543e-06
n,-63.971275329589844, 2.79627329291543e-06, -2.79627329291543e-06
n,-63.971275329589844, 2.79627329291543e-06, -2.79627329291543e-06
n,-63.971275329589844, 2.79627329291543e-06, -2.79627329291543e-06
n,-63.971275329589844, 2.79627329291543e-06, -2.79627329291543e-06
n,-63.971275329589844, 2.79627329291543e-06, -2.79627329291543e-06
n,-63.971275329589844, 2.79627329291543e-06, -2.79627329291543e-06
n,-63.971275329589844, 2.79627329291543e-06, -2.79627329291543e-06
n,-63.971275329589844, 2.79627329291543e-06, -2.79627329291543e-06
n,-63.971275329589844, 2.79627329291543e-06, -2.79627329291543e-06
n,-63.971275329589844, 2.79627329291543e-06, -2.79627329291543e-06
n,-63.971275329589844, 2.79627329291543e-06, -2.79627329291543e-06
n,-63.971275329589844, 2.79627329291543e-06, -2.79627329291543e-06
n,-63.971275329589844, 2.79627329291543e-06, -2.79627329291543e-06
n,-63.971275329589844, 2.79627329291543e-06, -2.79627329291543e-06
n,-63.971275329589844, 2.79627329291543e-06, -2.79627329291543e-06
n,-63.971275329589844, 2.79627329291543e-06, -2.79627329291543e-06
n,-63.971275329589844, 2.79627329291543e-06, -2.79627329291543e-06
n,-63.971275329589844, 2.79627329291543e-06, -2.79627329291543e-06
n,-63.971275329589844, 2.79627329291543e-06, -2.79627329291543e-06
n,-63.971275329589844, 2.79627329291543e-06, -2.79627329291543e-06
n,-63.971275329589844, 2.79627329291543e-06, -2.79627329291543e-06
n,-63.971275329589844, 2.79627329291543e-06, -2.79627329291543e-06
n,-63.971275329589844, 2.79627329291543e-06, -2.79627329291543e-06
n,-63.971275329589844, 2.79627329291543e-06, -2.79627329291543e-06
n,-63.971275329589844, 2.79627329291543e-06, -2.79627329291543e-06
n,-63.971275329589844, 2.79627329291543e-06, -2.79627329291543e-06
n,-63.971275329589844, 2.79627329291543e-06, -2.79627329291543e-06
n,-63.971275329589844, 2.79627329291543e-06, -2.79627329291543e-06
n,-63.971275329589844, 2.79627329291543e-06, -2.79627329291543e-06
n,-63.971275329589844, 2.79627329291543e-06, -2.79627329291543e-06
n,-63.971275329589844, 2.79627329291543e-06, -2.79627329291543e-06
n,-63.971275329589844, 2.79627329291543e-06, -2.79627329291543e-06
n,-63.971275329589844, 2.79627329291543e-06, -2.79627329291543e-06
n,-63.971275329589844, 2.79627329291543e-06, -2.79627329291543e-06
n,-63.971275329589844, 2.79627329291543e-06, -2.79627329291543e-06
n,-63.971275329589844, 2.79627329291543e-06, -2.79627329291543e-06
n,-63.971275329589844, 2.79627329291543e-06, -2.79627329291543e-06
n,-63.971275329589844, 2.79627329291543e-06, -2.79627329291543e-06
n,-63.971275329589844, 2.79627329291543e-06, -2.79627329291543e-06
n,-63.971275329589844, 2.79627329291543e-06, -2.79627329291543e-06
n,-63.971275329589844, 2.79627329291543e-06, -2.79627329291543e-06
n,-63.971275329589844, 2.79627329291543e-06, -2.79627329291543e-06
n,-63.971275329589844, 2.79627329291543e-06, -2.79627329291543e-06
n,-63.971275329589844, 2.79627329291543e-06, -2.79627329291543e-06
n,-63.971275329589844, 2.79627329291543e-06, -2.79627329291543e-06
n,-63.971275329589844, 2.79627329291543e-06, -2.79627329291543e-06
n,-63.971275329589844, 2.79627329291543e-06, -2.79627329291543e-06
n,-63.971275329589844, 2.79627329291543e-06, -2.79627329291543e-06
n,-63.971275329589844, 2.79627329291543e-06, -2.79627329291543e-06
n,-63.971275329589844, 2.79627329291543e-06, -2.79627329291543e-06
n,-63.971275329589844, 2.79627329291543e-06, -2.79627329291543e-06
n,-63.971275329589844, 2.79627329291543e-06, -2.79627329291543e-06
n,-63.971275329589844, 2.79627329291543e-06, -2.79627329291543e-06
n,-63.971275329589844, 2.79627329291543e-06, -2.79627329291543e-06
n,-63.971275329589844, 2.79627329291543e-06, -2.79627329291543e-06
n,-63.971275329589844, 2.79627329291543e-06, -2.79627329291543e-06
n,-63.971275329589844, 2.79627329291543e-06, -2.79627329291543e-06
n,-63.971275329589844, 2.79627329291543e-06, -2.79627329291543e-06
n,-63.971275329589844, 2.79627329291543e-06, -2.79627329291543e-06
n,-63.971275329589844, 2.79627329291543e-06, -2.79627329291543e-06
n,-63.971275329589844, 2.79627329291543e-06, -2.79627329291543e-06
n,-63.971275329589844, 2.79627329291543e-06, -2.79627329291543e-06
n,-63.971275329589844, 2.79627329291543e-06, -2.79627329291543e-06
n,-63.971275329589844, 2.79627329291543e-06, -2.79627329291543e-06
n,-63.971275329589844, 2.79627329291543e-06, -2.79627329291543e-06
n,-63.971275329589844, 2.79627329291543e-06, -2.79627329291543e-06
n,-63.971275329589844, 2.79627329291543e-06, -2.79627329291543e-06
n,-63.971275329589844, 2.79627329291543e-06, -2.79627329291543e-06
n,-63.971275329589844, 2.79627329291543e-06, -2.79627329291543e-06
n,-63.971275329589844, 2.79627329291543e-06, -2.79627329291543e-06
n,-63.971275329589844, 2.79627329291543e-06, -2.79627329291543e-06
n,-63.971275329589844, 2.79627329291543e-06, -2.79627329291543e-06
n,-63.971275329589844, 2.79627329291543e-06, -2.79627329291543e-06
n,-63.971275329589844, 2.79627329291543e-06, -2.79627329291543e-06
n,-63.971275329589844, 2.79627329291543e-06, -2.79627329291543e-06
n,-63.971275329589844, 2.79627329291543e-06, -2.79627329291543e-06
n,-63.971275329589844, 2.79627329291543e-06, -2.79627329291543e-06
n,-63.971275329589844, 2.79627329291543e-06, -2.79627329291543e-06
n,-63.971275329589844, 2.79627329291543e-06, -2.79627329291543e-06
n,-63.971275329589844, 2.79627329291543e-06, -2.79627329291543e-06
n,-63.971275329589844, 2.79627329291543e-06, -2.79627329291543e-06
n,-63.971275329589844, 2.79627329291543e-06, -2.79627329291543e-06
n,-63.971275329589844, 2.79627329291543e-06, -2.79627329291543e-06
n,-63.971275329589844, 2.79627329291543e-06, -2.79627329291543e-06
n,-63.971275329589844, 2.79627329291543e-06, -2.79627329291543e-06
n,-63.971275329589844, 2.79627329291543e-06, -2.79627329291543e-06
n,-63.971275329589844, 2.79627329291543e-06, -2.79627329291543e-06
n,-63.971275329589844, 2.79627329291543e-06, -2.79627329291543e-06
n,-63.971275329589844, 2.79627329291543e-06, -2.79627329291543e-06
n,-63.971275329589844, 2.79627329291543e-06, -2.79627329291543e-06
n,-63.971275329589844, 2.79627329291543e-06, -2.79627329291543e-06
n,-63.971275329589844, 2.79627329291543e-06, -2.79627329291543e-06
n,-63.971275329589844, 2.79627329291543e-06, -2.79627329291543e-06
n,-63.971275329589844, 2.79627329291543e-06, -2.79627329291543e-06
n,-63.971275329589844, 2.79627329291543e-06, -2.79627329291543e-06
n,-63.971275329589844, 2.79627329291543e-06, -2.79627329291543e-06
n,-63.971275329589844, 2.79627329291543e-06, -2.79627329291543e-06
n,-63.971275329589844, 2.79627329291543e-06, -2.79627329291543e-06
n,-63.971275329589844, 2.79627329291543e-06, -2.79627329291543e-06
n,-63.971275329589844, 2.79627329291543e-06, -2.79627329291543e-06
n,-63.971275329589844, 2.79627329291543e-06, -2.79627329291543e-06
n,-63.971275329589844, 2.79627329291543e-06, -2.79627329291543e-06
n,-63.971275329589844, 2.79627329291543e-06, -2.79627329291543e-06
n,-63.971275329589844, 2.79627329291543e-06, -2.79627329291543e-06
n,-63.971275329589844, 2.79627329291543e-06, -2.79627329291543e-06
n,-63.971275329589844, 2.79627329291543e-06, -2.79627329291543e-06
n,-63.971275329589844, 2.79627329291543e-06, -2.79627329291543e-06
n,-63.971275329589844, 2.79627329291543e-06, -2.79627329291543e-06
n,-63.971275329589844, 2.79627329291543e-06, -2.79627329291543e-06
n,-63.971275329589844, 2.79627329291543e-06, -2.79627329291543e-06
n,-63.971275329589844, 2.79627329291543e-06, -2.79627329291543e-06
n,-63.971275329589844, 2.79627329291543e-06, -2.79627329291543e-06
n,-63.971275329589844, 2.79627329291543e-06, -2.79627329291543e-06
n,-63.971275329589844, 2.79627329291543e-06, -2.79627329291543e-06
n,-63.971275329589844, 2.79627329291543e-06, -2.79627329291543e-06
n,-63.971275329589844, 2.79627329291543e-06, -2.79627329291543e-06
n,-63.971275329589844, 2.79627329291543e-06, -2.79627329291543e-06
n,-63.971275329589844, 2.79627329291543e-06, -2.79627329291543e-06
n,-63.971275329589844, 2.79627329291543e-06, -2.79627329291543e-06
n,-63.971275329589844, 2.79627329291543e-06, -2.79627329291543e-06
n,-63.971275329589844, 2.79627329291543e-06, -2.79627329291543e-06
n,-63.971275329589844, 2.79627329291543e-06, -2.79627329291543e-06
n,-63.971275329589844, 2.79627329291543e-06, -2.79627329291543e-06
n,-63.971275329589844, 2.79627329291543e-06, -2.79627329291543e-06
n,-63.971275329589844, 2.79627329291543e-06, -2.79627329291543e-06
n,-63.971275329589844, 2.79627329291543e-06, -2.79627329291543e-06
n,-63.971275329589844, 2.79627329291543e-06, -2.79627329291543e-06
n,-63.971275329589844, 2.79627329291543e-06, -2.79627329291543e-06
n,-63.971275329589844, 2.79627329291543e-06, -2.79627329291543e-06
n,-63.971275329589844, 2.79627329291543e-06, -2.79627329291543e-06
n,-63.971275329589844, 2.79627329291543e-06, -2.79627329291543e-06
n,-63.971275329589844, 2.79627329291543e-06, -2.79627329291543e-06
n,-63.971275329589844, 2.79627329291543e-06, -2.79627329291543e-06
n,-63.971275329589844, 2.79627329291543e-06, -2.79627329291543e-06
n,-63.971275329589844, 2.79627329291543e-06, -2.79627329291543e-06
n,-63.971275329589844, 2.79627329291543e-06, -2.79627329291543e-06
n,-63.971275329589844, 2.79627329291543e-06, -2.79627329291543e-06
n,-63.971275329589844, 2.79627329291543e-06, -2.79627329291543e-06
n,-63.971275329589844, 2.79627329291543e-06, -2.79627329291543e-06
n,-63.971275329589844, 2.79627329291543e-06, -2.79627329291543e-06
n,-63.971275329589844, 2.79627329291543e-06, -2.79627329291543e-06
n,-63.971275329589844, 2.79627329291543e-06, -2.79627329291543e-06
n,-63.971275329589844, 2.79627329291543e-06, -2.79627329291543e-06
n,-63.971275329589844, 2.79627329291543e-06, -2.79627329291543e-06
n,-63.971275329589844, 2.79627329291543e-06, -2.79627329291543e-06
n,-63.971275329589844, 2.79627329291543e-06, -2.79627329291543e-06
n,-63.971275329589844, 2.79627329291543e-06, -2.79627329291543e-06
n,-63.971275329589844, 2.79627329291543e-06, -2.79627329291543e-06
n,-63.971275329589844, 2.79627329291543e-06, -2.79627329291543e-06
n,-63.971275329589844, 2.79627329291543e-06, -2.79627329291543e-06
n,-63.971275329589844, 2.79627329291543e-06, -2.79627329291543e-06
n,-63.971275329589844, 2.79627329291543e-06, -2.79627329291543e-06
n,-63.971275329589844, 2.79627329291543e-06, -2.79627329291543e-06
n,-63.971275329589844, 2.79627329291543e-06, -2.79627329291543e-06
n,-63.971275329589844, 2.79627329291543e-06, -2.79627329291543e-06
n,-63.971275329589844, 2.79627329291543e-06, -2.79627329291543e-06
n,-63.971275329589844, 2.79627329291543e-06, -2.79627329291543e-06
n,-63.971275329589844, 2.79627329291543e-06, -2.79627329291543e-06
n,-63.971275329589844, 2.79627329291543e-06, -2.79627329291543e-06
n,-63.971275329589844, 2.79627329291543e-06, -2.79627329291543e-06
n,-63.971275329589844, 2.79627329291543e-06, -2.79627329291543e-06
n,-63.971275329589844, 2.79627329291543e-06, -2.79627329291543e-06
n,-63.971275329589844, 2.79627329291543e-06, -2.79627329291543e-06
n,-63.971275329589844, 2.79627329291543e-06, -2.79627329291543e-06
n,-63.971275329589844, 2.79627329291543e-06, -2.79627329291543e-06
n,-63.971275329589844, 2.79627329291543e-06, -2.79627329291543e-06
n,-63.971275329589844, 2.79627329291543e-06, -2.79627329291543e-06
n,-63.971275329589844, 2.79627329291543e-06, -2.79627329291543e-06
n,-63.971275329589844, 2.79627329291543e-06, -2.79627329291543e-06
n,-63.971275329589844, 2.79627329291543e-06, -2.79627329291543e-06
n,-63.971275329589844, 2.79627329291543e-06, -2.79627329291543e-06
n,-63.971275329589844, 2.79627329291543e-06, -2.79627329291543e-06
n,-63.971275329589844, 2.79627329291543e-06, -2.79627329291543e-06
n,-63.971275329589844, 2.79627329291543e-06, -2.79627329291543e-06
n,-63.971275329589844, 2.79627329291543e-06, -2.79627329291543e-06
n,-63.971275329589844, 2.79627329291543e-06, -2.79627329291543e-06
n,-63.971275329589844, 2.79627329291543e-06, -2.79627329291543e-06
n,-63.971275329589844, 2.79627329291543e-06, -2.79627329291543e-06
n,-63.971275329589844, 2.79627329291543e-06, -2.79627329291543e-06
n,-63.971275329589844, 2.79627329291543e-06, -2.79627329291543e-06
n,-63.971275329589844, 2.79627329291543e-06, -2.79627329291543e-06
n,-63.971275329589844, 2.79627329291543e-06, -2.79627329291543e-06
n,-63.971275329589844, 2.79627329291543e-06, -2.79627329291543e-06
n,-63.971275329589844, 2.79627329291543e-06, -2.79627329291543e-06
n,-63.971275329589844, 2.79627329291543e-06, -2.79627329291543e-06
n,-63.971275329589844, 2.79627329291543e-06, -2.79627329291543e-06
n,-63.971275329589844, 2.79627329291543e-06, -2.79627329291543e-06
n,-63.971275329589844, 2.79627329291543e-06, -2.79627329291543e-06
n,-63.971275329589844, 2.79627329291543e-06, -2.79627329291543e-06
n,-63.971275329589844, 2.79627329291543e-06, -2.79627329291543e-06
n,-63.971275329589844, 2.79627329291543e-06, -2.79627329291543e-06
n,-63.971275329589844, 2.79627329291543e-06, -2.79627329291543e-06
n,-63.971275329589844, 2.79627329291543e-06, -2.79627329291543e-06
n,-63.971275329589844, 2.79627329291543e-06, -2.79627329291543e-06
n,-63.971275329589844, 2.79627329291543e-06, -2.79627329291543e-06
n,-63.971275329589844, 2.79627329291543e-06, -2.79627329291543e-06
n,-63.971275329589844, 2.79627329291543e-06, -2.79627329291543e-06
n,-63.971275329589844, 2.79627329291543e-06, -2.79627329291543e-06
n,-63.971275329589844, 2.79627329291543e-06, -2.79627329291543e-06
n,-63.971275329589844, 2.79627329291543e-06, -2.79627329291543e-06
n,-63.971275329589844, 2.79627329291543e-06, -2.79627329291543e-06
n,-63.971275329589844, 2.79627329291543e-06, -2.79627329291543e-06
n,-63.971275329589844, 2.79627329291543e-06, -2.79627329291543e-06
n,-63.971275329589844, 2.79627329291543e-06, -2.79627329291543e-06
n,-63.971275329589844, 2.79627329291543e-06, -2.79627329291543e-06
n,-63.971275329589844, 2.79627329291543e-06, -2.79627329291543e-06
n,-63.971275329589844, 2.79627329291543e-06, -2.79627329291543e-06
n,-63.971275329589844, 2.79627329291543e-06, -2.79627329291543e-06
n,-63.971275329589844, 2.79627329291543e-06, -2.79627329291543e-06
n,-63.971275329589844, 2.79627329291543e-06, -2.79627329291543e-06
n,-63.971275329589844, 2.79627329291543e-06, -2.79627329291543e-06
n,-63.971275329589844, 2.79627329291543e-06, -2.79627329291543e-06
n,-63.971275329589844, 2.79627329291543e-06, -2.79627329291543e-06
n,-63.971275329589844, 2.79627329291543e-06, -2.79627329291543e-06
n,-63.971275329589844, 2.79627329291543e-06, -2.79627329291543e-06
n,-63.971275329589844, 2.79627329291543e-06, -2.79627329291543e-06
n,-63.971275329589844, 2.79627329291543e-06, -2.79627329291543e-06
n,-63.971275329589844, 2.79627329291543e-06, -2.79627329291543e-06
n,-63.971275329589844, 2.79627329291543e-06, -2.79627329291543e-06
n,-63.971275329589844, 2.79627329291543e-06, -2.79627329291543e-06
n,-63.971275329589844, 2.79627329291543e-06, -2.79627329291543e-06
n,-63.971275329589844, 2.79627329291543e-06, -2.79627329291543e-06
n,-63.971275329589844, 2.79627329291543e-06, -2.79627329291543e-06
n,-63.971275329589844, 2.79627329291543e-06, -2.79627329291543e-06
n,-63.971275329589844, 2.79627329291543e-06, -2.79627329291543e-06
n,-63.971275329589844, 2.79627329291543e-06, -2.79627329291543e-06
n,-63.971275329589844, 2.79627329291543e-06, -2.79627329291543e-06
n,-63.971275329589844, 2.79627329291543e-06, -2.79627329291543e-06
n,-63.971275329589844, 2.79627329291543e-06, -2.79627329291543e-06
n,-63.971275329589844, 2.79627329291543e-06, -2.79627329291543e-06
n,-63.971275329589844, 2.79627329291543e-06, -2.79627329291543e-06
n,-63.971275329589844, 2.79627329291543e-06, -2.79627329291543e-06
n,-63.971275329589844, 2.79627329291543e-06, -2.79627329291543e-06
n,-63.971275329589844, 2.79627329291543e-06, -2.79627329291543e-06
n,-63.971275329589844, 2.79627329291543e-06, -2.79627329291543e-06
n,-63.971275329589844, 2.79627329291543e-06, -2.79627329291543e-06
n,-63.971275329589844, 2.79627329291543e-06, -2.79627329291543e-06
n,-63.971275329589844, 2.79627329291543e-06, -2.79627329291543e-06
n,-63.971275329589844, 2.79627329291543e-06, -2.79627329291543e-06
n,-63.971275329589844, 2.79627329291543e-06, -2.79627329291543e-06
n,-63.971275329589844, 2.79627329291543e-06, -2.79627329291543e-06
n,-63.971275329589844, 2.79627329291543e-06, -2.79627329291543e-06
n,-63.971275329589844, 2.79627329291543e-06, -2.79627329291543e-06
n,-63.971275329589844, 2.79627329291543e-06, -2.79627329291543e-06
n,-63.971275329589844, 2.79627329291543e-06, -2.79627329291543e-06
n,-63.971275329589844, 2.79627329291543e-06, -2.79627329291543e-06
n,-63.971275329589844, 2.79627329291543e-06, -2.79627329291543e-06
n,-63.971275329589844, 2.79627329291543e-06, -2.79627329291543e-06
n,-63.971275329589844, 2.79627329291543e-06, -2.79627329291543e-06
n,-63.971275329589844, 2.79627329291543e-06, -2.79627329291543e-06
n,-63.971275329589844, 2.79627329291543e-06, -2.79627329291543e-06
n,-63.971275329589844, 2.79627329291543e-06, -2.79627329291543e-06
n,-63.971275329589844, 2.79627329291543e-06, -2.79627329291543e-06
n,-63.971275329589844, 2.79627329291543e-06, -2.79627329291543e-06
n,-63.971275329589844, 2.79627329291543e-06, -2.79627329291543e-06
n,-63.971275329589844, 2.79627329291543e-06, -2.79627329291543e-06
n,-63.971275329589844, 2.79627329291543e-06, -2.79627329291543e-06
n,-63.971275329589844, 2.79627329291543e-06, -2.79627329291543e-06
n,-63.971275329589844, 2.79627329291543e-06, -2.79627329291543e-06
n,-63.971275329589844, 2.79627329291543e-06, -2.79627329291543e-06
n,-63.971275329589844, 2.79627329291543e-06, -2.79627329291543e-06
n,-63.971275329589844, 2.79627329291543e-06, -2.79627329291543e-06
n,-63.971275329589844, 2.79627329291543e-06, -2.79627329291543e-06
n,-63.971275329589844, 2.79627329291543e-06, -2.79627329291543e-06
n,-63.971275329589844, 2.79627329291543e-06, -2.79627329291543e-06
n,-63.971275329589844, 2.79627329291543e-06, -2.79627329291543e-06
n,-63.971275329589844, 2.79627329291543e-06, -2.79627329291543e-06
n,-63.971275329589844, 2.79627329291543e-06, -2.79627329291543e-06
n,-63.971275329589844, 2.79627329291543e-06, -2.79627329291543e-06
n,-63.971275329589844, 2.79627329291543e-06, -2.79627329291543e-06
n,-63.971275329589844, 2.79627329291543e-06, -2.79627329291543e-06
n,-63.971275329589844, 2.79627329291543e-06, -2.79627329291543e-06
n,-63.971275329589844, 2.79627329291543e-06, -2.79627329291543e-06
n,-63.971275329589844, 2.79627329291543e-06, -2.79627329291543e-06
n,-63.971275329589844, 2.79627329291543e-06, -2.79627329291543e-06
n,-63.971275329589844, 2.79627329291543e-06, -2.79627329291543e-06
n,-63.971275329589844, 2.79627329291543e-06, -2.79627329291543e-06
n,-63.971275329589844, 2.79627329291543e-06, -2.79627329291543e-06
n,-63.971275329589844, 2.79627329291543e-06, -2.79627329291543e-06
n,-63.971275329589844, 2.79627329291543e-06, -2.79627329291543e-06
n,-63.971275329589844, 2.79627329291543e-06, -2.79627329291543e-06
n,-63.971275329589844, 2.79627329291543e-06, -2.79627329291543e-06
n,-63.971275329589844, 2.79627329291543e-06, -2.79627329291543e-06
n,-63.971275329589844, 2.79627329291543e-06, -2.79627329291543e-06
n,-63.971275329589844, 2.79627329291543e-06, -2.79627329291543e-06
n,-63.971275329589844, 2.79627329291543e-06, -2.79627329291543e-06
n,-63.971275329589844, 2.79627329291543e-06, -2.79627329291543e-06
n,-63.971275329589844, 2.79627329291543e-06, -2.79627329291543e-06
n,-63.971275329589844, 2.79627329291543e-06, -2.79627329291543e-06
n,-63.971275329589844, 2.79627329291543e-06, -2.79627329291543e-06
n,-63.971275329589844, 2.79627329291543e-06, -2.79627329291543e-06
n,-63.971275329589844, 2.79627329291543e-06, -2.79627329291543e-06
n,-63.971275329589844, 2.79627329291543e-06, -2.79627329291543e-06
n,-63.971275329589844, 2.79627329291543e-06, -2.79627329291543e-06
n,-63.971275329589844, 2.79627329291543e-06, -2.79627329291543e-06
n,-63.971275329589844, 2.79627329291543e-06, -2.79627329291543e-06
n,-63.971275329589844, 2.79627329291543e-06, -2.79627329291543e-06
n,-63.971275329589844, 2.79627329291543e-06, -2.79627329291543e-06
n,-63.971275329589844, 2.79627329291543e-06, -2.79627329291543e-06
n,-63.971275329589844, 2.79627329291543e-06, -2.79627329291543e-06
n,-63.971275329589844, 2.79627329291543e-06, -2.79627329291543e-06
n,-63.971275329589844, 2.79627329291543e-06, -2.79627329291543e-06
n,-63.971275329589844, 2.79627329291543e-06, -2.79627329291543e-06
n,-63.971275329589844, 2.79627329291543e-06, -2.79627329291543e-06
n,-63.971275329589844, 2.79627329291543e-06, -2.79627329291543e-06
n,-63.971275329589844, 2.79627329291543e-06, -2.79627329291543e-06
n,-63.971275329589844, 2.79627329291543e-06, -2.79627329291543e-06
n,-63.971275329589844, 2.79627329291543e-06, -2.79627329291543e-06
n,-63.971275329589844, 2.79627329291543e-06, -2.79627329291543e-06
n,-63.971275329589844, 2.79627329291543e-06, -2.79627329291543e-06
n,-63.971275329589844, 2.79627329291543e-06, -2.79627329291543e-06
n,-63.971275329589844, 2.79627329291543e-06, -2.79627329291543e-06
n,-63.971275329589844, 2.79627329291543e-06, -2.79627329291543e-06
n,-63.971275329589844, 2.79627329291543e-06, -2.79627329291543e-06
n,-63.971275329589844, 2.79627329291543e-06, -2.79627329291543e-06
n,-63.971275329589844, 2.79627329291543e-06, -2.79627329291543e-06
n,-63.971275329589844, 2.79627329291543e-06, -2.79627329291543e-06
n,-63.971275329589844, 2.79627329291543e-06, -2.79627329291543e-06
n,-63.971275329589844, 2.79627329291543e-06, -2.79627329291543e-06
n,-63.971275329589844, 2.79627329291543e-06, -2.79627329291543e-06
n,-63.971275329589844, 2.79627329291543e-06, -2.79627329291543e-06
n,-63.971275329589844, 2.79627329291543e-06, -2.79627329291543e-06
n,-63.971275329589844, 2.79627329291543e-06, -2.79627329291543e-06
n,-63.971275329589844, 2.79627329291543e-06, -2.79627329291543e-06
n,-63.971275329589844, 2.79627329291543e-06, -2.79627329291543e-06
n,-63.971275329589844, 2.79627329291543e-06, -2.79627329291543e-06
n,-63.971275329589844, 2.79627329291543e-06, -2.79627329291543e-06
n,-63.971275329589844, 2.79627329291543e-06, -2.79627329291543e-06
n,-63.971275329589844, 2.79627329291543e-06, -2.79627329291543e-06
n,-63.971275329589844, 2.79627329291543e-06, -2.79627329291543e-06
n,-63.971275329589844, 2.79627329291543e-06, -2.79627329291543e-06
n,-63.971275329589844, 2.79627329291543e-06, -2.79627329291543e-06
n,-63.971275329589844, 2.79627329291543e-06, -2.79627329291543e-06
n,-63.971275329589844, 2.79627329291543e-06, -2.79627329291543e-06
n,-63.971275329589844, 2.79627329291543e-06, -2.79627329291543e-06
n,-63.971275329589844, 2.79627329291543e-06, -2.79627329291543e-06
n,-63.971275329589844, 2.79627329291543e-06, -2.79627329291543e-06
n,-63.971275329589844, 2.79627329291543e-06, -2.79627329291543e-06
n,-63.971275329589844, 2.79627329291543e-06, -2.79627329291543e-06
n,-63.971275329589844, 2.79627329291543e-06, -2.79627329291543e-06
n,-63.971275329589844, 2.79627329291543e-06, -2.79627329291543e-06
n,-63.971275329589844, 2.79627329291543e-06, -2.79627329291543e-06
n,-63.971275329589844, 2.79627329291543e-06, -2.79627329291543e-06
n,-63.971275329589844, 2.79627329291543e-06, -2.79627329291543e-06
n,-63.971275329589844, 2.79627329291543e-06, -2.79627329291543e-06
n,-63.971275329589844, 2.79627329291543e-06, -2.79627329291543e-06
n,-63.971275329589844, 2.79627329291543e-06, -2.79627329291543e-06
n,-63.971275329589844, 2.79627329291543e-06, -2.79627329291543e-06
n,-63.971275329589844, 2.79627329291543e-06, -2.79627329291543e-06
n,-63.971275329589844, 2.79627329291543e-06, -2.79627329291543e-06
n,-63.971275329589844, 2.79627329291543e-06, -2.79627329291543e-06
n,-63.971275329589844, 2.79627329291543e-06, -2.79627329291543e-06
n,-63.971275329589844, 2.79627329291543e-06, -2.79627329291543e-06
n,-63.971275329589844, 2.79627329291543e-06, -2.79627329291543e-06
n,-63.971275329589844, 2.79627329291543e-06, -2.79627329291543e-06
n,-63.971275329589844, 2.79627329291543e-06, -2.79627329291543e-06
n,-63.971275329589844, 2.79627329291543e-06, -2.79627329291543e-06
n,-63.971275329589844, 2.79627329291543e-06, -2.79627329291543e-06
n,-63.971275329589844, 2.79627329291543e-06, -2.79627329291543e-06
n,-63.971275329589844, 2.79627329291543e-06, -2.79627329291543e-06
n,-63.971275329589844, 2.79627329291543e-06, -2.79627329291543e-06
n,-63.971275329589844, 2.79627329291543e-06, -2.79627329291543e-06
n,-63.971275329589844, 2.79627329291543e-06, -2.79627329291543e-06
n,-63.971275329589844, 2.79627329291543e-06, -2.79627329291543e-06
n,-63.971275329589844, 2.79627329291543e-06, -2.79627329291543e-06
n,-63.971275329589844, 2.79627329291543e-06, -2.79627329291543e-06
n,-63.971275329589844, 2.79627329291543e-06, -2.79627329291543e-06
n,-63.971275329589844, 2.79627329291543e-06, -2.79627329291543e-06
n,-63.971275329589844, 2.79627329291543e-06, -2.79627329291543e-06
n,-63.971275329589844, 2.79627329291543e-06, -2.79627329291543e-06
n,-63.971275329589844, 2.79627329291543e-06, -2.79627329291543e-06
n,-63.971275329589844, 2.79627329291543e-06, -2.79627329291543e-06
n,-63.971275329589844, 2.79627329291543e-06, -2.79627329291543e-06
n,-63.971275329589844, 2.79627329291543e-06, -2.79627329291543e-06
n,-63.971275329589844, 2.79627329291543e-06, -2.79627329291543e-06
n,-63.971275329589844, 2.79627329291543e-06, -2.79627329291543e-06
n,-63.971275329589844, 2.79627329291543e-06, -2.79627329291543e-06
n,-63.971275329589844, 2.79627329291543e-06, -2.79627329291543e-06
n,-63.971275329589844, 2.79627329291543e-06, -2.79627329291543e-06
n,-63.971275329589844, 2.79627329291543e-06, -2.79627329291543e-06
n,-63.971275329589844, 2.79627329291543e-06, -2.79627329291543e-06
n,-63.971275329589844, 2.79627329291543e-06, -2.79627329291543e-06
n,-63.971275329589844, 2.79627329291543e-06, -2.79627329291543e-06
n,-63.971275329589844, 2.79627329291543e-06, -2.79627329291543e-06
n,-63.971275329589844, 2.79627329291543e-06, -2.79627329291543e-06
n,-63.971275329589844, 2.79627329291543e-06, -2.79627329291543e-06
n,-63.971275329589844, 2.79627329291543e-06, -2.79627329291543e-06
n,-63.971275329589844, 2.79627329291543e-06, -2.79627329291543e-06
n,-63.971275329589844, 2.79627329291543e-06, -2.79627329291543e-06
n,-63.971275329589844, 2.79627329291543e-06, -2.79627329291543e-06
n,-63.971275329589844, 2.79627329291543e-06, -2.79627329291543e-06
n,-63.971275329589844, 2.79627329291543e-06, -2.79627329291543e-06
n,-63.971275329589844, 2.79627329291543e-06, -2.79627329291543e-06
n,-63.971275329589844, 2.79627329291543e-06, -2.79627329291543e-06
n,-63.971275329589844, 2.79627329291543e-06, -2.79627329291543e-06
n,-63.971275329589844, 2.79627329291543e-06, -2.79627329291543e-06
n,-63.971275329589844, 2.79627329291543e-06, -2.79627329291543e-06
n,-63.971275329589844, 2.79627329291543e-06, -2.79627329291543e-06
n,-63.971275329589844, 2.79627329291543e-06, -2.79627329291543e-06
n,-63.971275329589844, 2.79627329291543e-06, -2.79627329291543e-06
n,-63.971275329589844, 2.79627329291543e-06, -2.79627329291543e-06
n,-63.971275329589844, 2.79627329291543e-06, -2.79627329291543e-06
n,-63.971275329589844, 2.79627329291543e-06, -2.79627329291543e-06
n,-63.971275329589844, 2.79627329291543e-06, -2.79627329291543e-06
n,-63.971275329589844, 2.79627329291543e-06, -2.79627329291543e-06
n,-63.971275329589844, 2.79627329291543e-06, -2.79627329291543e-06
n,-63.971275329589844, 2.79627329291543e-06, -2.79627329291543e-06
n,-63.971275329589844, 2.79627329291543e-06, -2.79627329291543e-06
n,-63.971275329589844, 2.79627329291543e-06, -2.79627329291543e-06
n,-63.971275329589844, 2.79627329291543e-06, -2.79627329291543e-06
n,-63.971275329589844, 2.79627329291543e-06, -2.79627329291543e-06
n,-63.971275329589844, 2.79627329291543e-06, -2.79627329291543e-06
n,-63.971275329589844, 2.79627329291543e-06, -2.79627329291543e-06
n,-63.971275329589844, 2.79627329291543e-06, -2.79627329291543e-06
n,-63.971275329589844, 2.79627329291543e-06, -2.79627329291543e-06
n,-63.971275329589844, 2.79627329291543e-06, -2.79627329291543e-06
n,-63.971275329589844, 2.79627329291543e-06, -2.79627329291543e-06
n,-63.971275329589844, 2.79627329291543e-06, -2.79627329291543e-06
n,-63.971275329589844, 2.79627329291543e-06, -2.79627329291543e-06
n,-63.971275329589844, 2.79627329291543e-06, -2.79627329291543e-06
n,-63.971275329589844, 2.79627329291543e-06, -2.79627329291543e-06
n,-63.971275329589844, 2.79627329291543e-06, -2.79627329291543e-06
n,-63.971275329589844, 2.79627329291543e-06, -2.79627329291543e-06
n,-63.971275329589844, 2.79627329291543e-06, -2.79627329291543e-06
n,-63.971275329589844, 2.79627329291543e-06, -2.79627329291543e-06
n,-63.971275329589844, 2.79627329291543e-06, -2.79627329291543e-06
n,-63.971275329589844, 2.79627329291543e-06, -2.79627329291543e-06
n,-63.971275329589844, 2.79627329291543e-06, -2.79627329291543e-06
n,-63.971275329589844, 2.79627329291543e-06, -2.79627329291543e-06
n,-63.971275329589844, 2.79627329291543e-06, -2.79627329291543e-06
n,-63.971275329589844, 2.79627329291543e-06, -2.79627329291543e-06
n,-63.971275329589844, 2.79627329291543e-06, -2.79627329291543e-06
n,-63.971275329589844, 2.79627329291543e-06, -2.79627329291543e-06
n,-63.971275329589844, 2.79627329291543e-06, -2.79627329291543e-06
n,-63.971275329589844, 2.79627329291543e-06, -2.79627329291543e-06
n,-63.971275329589844, 2.79627329291543e-06, -2.79627329291543e-06
n,-63.971275329589844, 2.79627329291543e-06, -2.79627329291543e-06
n,-63.971275329589844, 2.79627329291543e-06, -2.79627329291543e-06
n,-63.971275329589844, 2.79627329291543e-06, -2.79627329291543e-06
n,-63.971275329589844, 2.79627329291543e-06, -2.79627329291543e-06
n,-63.971275329589844, 2.79627329291543e-06, -2.79627329291543e-06
n,-63.971275329589844, 2.79627329291543e-06, -2.79627329291543e-06
n,-63.971275329589844, 2.79627329291543e-06, -2.79627329291543e-06
n,-63.971275329589844, 2.79627329291543e-06, -2.79627329291543e-06
n,-63.971275329589844, 2.79627329291543e-06, -2.79627329291543e-06
n,-63.971275329589844, 2.79627329291543e-06, -2.79627329291543e-06
n,-63.971275329589844, 2.79627329291543e-06, -2.79627329291543e-06
n,-63.971275329589844, 2.79627329291543e-06, -2.79627329291543e-06
n,-63.971275329589844, 2.79627329291543e-06, -2.79627329291543e-06
n,-63.971275329589844, 2.79627329291543e-06, -2.79627329291543e-06
n,-63.971275329589844, 2.79627329291543e-06, -2.79627329291543e-06
n,-63.971275329589844, 2.79627329291543e-06, -2.79627329291543e-06
n,-63.971275329589844, 2.79627329291543e-06, -2.79627329291543e-06
n,-63.971275329589844, 2.79627329291543e-06, -2.79627329291543e-06
n,-63.971275329589844, 2.79627329291543e-06, -2.79627329291543e-06
n,-63.971275329589844, 2.79627329291543e-06, -2.79627329291543e-06
n,-63.971275329589844, 2.79627329291543e-06, -2.79627329291543e-06
n,-63.971275329589844, 2.79627329291543e-06, -2.79627329291543e-06
n,-63.971275329589844, 2.79627329291543e-06, -2.79627329291543e-06
n,-63.971275329589844, 2.79627329291543e-06, -2.79627329291543e-06
n,-63.971275329589844, 2.79627329291543e-06, -2.79627329291543e-06
n,-63.971275329589844, 2.79627329291543e-06, -2.79627329291543e-06
n,-63.971275329589844, 2.79627329291543e-06, -2.79627329291543e-06
n,-63.971275329589844, 2.79627329291543e-06, -2.79627329291543e-06
n,-63.971275329589844, 2.79627329291543e-06, -2.79627329291543e-06
n,-63.971275329589844, 2.79627329291543e-06, -2.79627329291543e-06
n,-63.971275329589844, 2.79627329291543e-06, -2.79627329291543e-06
n,-63.971275329589844, 2.79627329291543e-06, -2.79627329291543e-06
n,-63.971275329589844, 2.79627329291543e-06, -2.79627329291543e-06
n,-63.971275329589844, 2.79627329291543e-06, -2.79627329291543e-06
n,-63.971275329589844, 2.79627329291543e-06, -2.79627329291543e-06
n,-63.971275329589844, 2.79627329291543e-06, -2.79627329291543e-06
n,-63.971275329589844, 2.79627329291543e-06, -2.79627329291543e-06
n,-63.971275329589844, 2.79627329291543e-06, -2.79627329291543e-06
n,-63.971275329589844, 2.79627329291543e-06, -2.79627329291543e-06
n,-63.971275329589844, 2.79627329291543e-06, -2.79627329291543e-06
n,-63.971275329589844, 2.79627329291543e-06, -2.79627329291543e-06
n,-63.971275329589844, 2.79627329291543e-06, -2.79627329291543e-06
n,-63.971275329589844, 2.79627329291543e-06, -2.79627329291543e-06
n,-63.971275329589844, 2.79627329291543e-06, -2.79627329291543e-06
n,-63.971275329589844, 2.79627329291543e-06, -2.79627329291543e-06
n,-63.971275329589844, 2.79627329291543e-06, -2.79627329291543e-06
n,-63.971275329589844, 2.79627329291543e-06, -2.79627329291543e-06
n,-63.971275329589844, 2.79627329291543e-06, -2.79627329291543e-06
n,-63.971275329589844, 2.79627329291543e-06, -2.79627329291543e-06
n,-63.971275329589844, 2.79627329291543e-06, -2.79627329291543e-06
n,-63.971275329589844, 2.79627329291543e-06, -2.79627329291543e-06
n,-63.971275329589844, 2.79627329291543e-06, -2.79627329291543e-06
n,-63.971275329589844, 2.79627329291543e-06, -2.79627329291543e-06
n,-63.971275329589844, 2.79627329291543e-06, -2.79627329291543e-06
n,-63.971275329589844, 2.79627329291543e-06, -2.79627329291543e-06
n,-63.971275329589844, 2.79627329291543e-06, -2.79627329291543e-06
n,-63.971275329589844, 2.79627329291543e-06, -2.79627329291543e-06
n,-63.971275329589844, 2.79627329291543e-06, -2.79627329291543e-06
n,-63.971275329589844, 2.79627329291543e-06, -2.79627329291543e-06
n,-63.971275329589844, 2.79627329291543e-06, -2.79627329291543e-06
n,-63.971275329589844, 2.79627329291543e-06, -2.79627329291543e-06
n,-63.971275329589844, 2.79627329291543e-06, -2.79627329291543e-06
n,-63.971275329589844, 2.79627329291543e-06, -2.79627329291543e-06
n,-63.971275329589844, 2.79627329291543e-06, -2.79627329291543e-06
n,-63.971275329589844, 2.79627329291543e-06, -2.79627329291543e-06
n,-63.971275329589844, 2.79627329291543e-06, -2.79627329291543e-06
n,-63.971275329589844, 2.79627329291543e-06, -2.79627329291543e-06
n,-63.971275329589844, 2.79627329291543e-06, -2.79627329291543e-06
n,-63.971275329589844, 2.79627329291543e-06, -2.79627329291543e-06
n,-63.971275329589844, 2.79627329291543e-06, -2.79627329291543e-06
n,-63.971275329589844, 2.79627329291543e-06, -2.79627329291543e-06
n,-63.971275329589844, 2.79627329291543e-06, -2.79627329291543e-06
n,-63.971275329589844, 2.79627329291543e-06, -2.79627329291543e-06
n,-63.971275329589844, 2.79627329291543e-06, -2.79627329291543e-06
n,-63.971275329589844, 2.79627329291543e-06, -2.79627329291543e-06
n,-63.971275329589844, 2.79627329291543e-06, -2.79627329291543e-06
n,-63.971275329589844, 2.79627329291543e-06, -2.79627329291543e-06
n,-63.971275329589844, 2.79627329291543e-06, -2.79627329291543e-06
n,-63.971275329589844, 2.79627329291543e-06, -2.79627329291543e-06
n,-63.971275329589844, 2.79627329291543e-06, -2.79627329291543e-06
n,-63.971275329589844, 2.79627329291543e-06, -2.79627329291543e-06
n,-63.971275329589844, 2.79627329291543e-06, -2.79627329291543e-06
n,-63.971275329589844, 2.79627329291543e-06, -2.79627329291543e-06
n,-63.971275329589844, 2.79627329291543e-06, -2.79627329291543e-06
n,-63.971275329589844, 2.79627329291543e-06, -2.79627329291543e-06
n,-63.971275329589844, 2.79627329291543e-06, -2.79627329291543e-06
n,-63.971275329589844, 2.79627329291543e-06, -2.79627329291543e-06
n,-63.971275329589844, 2.79627329291543e-06, -2.79627329291543e-06
n,-63.971275329589844, 2.79627329291543e-06, -2.79627329291543e-06
n,-63.971275329589844, 2.79627329291543e-06, -2.79627329291543e-06
n,-63.971275329589844, 2.79627329291543e-06, -2.79627329291543e-06
n,-63.971275329589844, 2.79627329291543e-06, -2.79627329291543e-06
n,-63.971275329589844, 2.79627329291543e-06, -2.79627329291543e-06
n,-63.971275329589844, 2.79627329291543e-06, -2.79627329291543e-06
n,-63.971275329589844, 2.79627329291543e-06, -2.79627329291543e-06
n,-63.971275329589844, 2.79627329291543e-06, -2.79627329291543e-06
n,-63.971275329589844, 2.79627329291543e-06, -2.79627329291543e-06
n,-63.971275329589844, 2.79627329291543e-06, -2.79627329291543e-06
n,-63.971275329589844, 2.79627329291543e-06, -2.79627329291543e-06
n,-63.971275329589844, 2.79627329291543e-06, -2.79627329291543e-06
n,-63.971275329589844, 2.79627329291543e-06, -2.79627329291543e-06
n,-63.971275329589844, 2.79627329291543e-06, -2.79627329291543e-06
n,-63.971275329589844, 2.79627329291543e-06, -2.79627329291543e-06
n,-63.971275329589844, 2.79627329291543e-06, -2.79627329291543e-06
n,-63.971275329589844, 2.79627329291543e-06, -2.79627329291543e-06
n,-63.971275329589844, 2.79627329291543e-06, -2.79627329291543e-06
n,-63.971275329589844, 2.79627329291543e-06, -2.79627329291543e-06
n,-63.971275329589844, 2.79627329291543e-06, -2.79627329291543e-06
n,-63.971275329589844, 2.79627329291543e-06, -2.79627329291543e-06
n,-63.971275329589844, 2.79627329291543e-06, -2.79627329291543e-06
n,-63.971275329589844, 2.79627329291543e-06, -2.79627329291543e-06
n,-63.971275329589844, 2.79627329291543e-06, -2.79627329291543e-06
n,-63.971275329589844, 2.79627329291543e-06, -2.79627329291543e-06
n,-63.971275329589844, 2.79627329291543e-06, -2.79627329291543e-06
n,-63.971275329589844, 2.79627329291543e-06, -2.79627329291543e-06
n,-63.971275329589844, 2.79627329291543e-06, -2.79627329291543e-06
n,-63.971275329589844, 2.79627329291543e-06, -2.79627329291543e-06
n,-63.971275329589844, 2.79627329291543e-06, -2.79627329291543e-06
n,-63.971275329589844, 2.79627329291543e-06, -2.79627329291543e-06
n,-63.971275329589844, 2.79627329291543e-06, -2.79627329291543e-06
n,-63.971275329589844, 2.79627329291543e-06, -2.79627329291543e-06
n,-63.971275329589844, 2.79627329291543e-06, -2.79627329291543e-06
n,-63.971275329589844, 2.79627329291543e-06, -2.79627329291543e-06
n,-63.971275329589844, 2.79627329291543e-06, -2.79627329291543e-06
n,-63.971275329589844, 2.79627329291543e-06, -2.79627329291543e-06
n,-63.971275329589844, 2.79627329291543e-06, -2.79627329291543e-06
n,-63.971275329589844, 2.79627329291543e-06, -2.79627329291543e-06
n,-63.971275329589844, 2.79627329291543e-06, -2.79627329291543e-06
n,-63.971275329589844, 2.79627329291543e-06, -2.79627329291543e-06
n,-63.971275329589844, 2.79627329291543e-06, -2.79627329291543e-06
n,-63.971275329589844, 2.79627329291543e-06, -2.79627329291543e-06
n,-63.971275329589844, 2.79627329291543e-06, -2.79627329291543e-06
n,-63.971275329589844, 2.79627329291543e-06, -2.79627329291543e-06
n,-63.971275329589844, 2.79627329291543e-06, -2.79627329291543e-06
n,-63.971275329589844, 2.79627329291543e-06, -2.79627329291543e-06
n,-63.971275329589844, 2.79627329291543e-06, -2.79627329291543e-06
n,-63.971275329589844, 2.79627329291543e-06, -2.79627329291543e-06
n,-63.971275329589844, 2.79627329291543e-06, -2.79627329291543e-06
n,-63.971275329589844, 2.79627329291543e-06, -2.79627329291543e-06
n,-63.971275329589844, 2.79627329291543e-06, -2.79627329291543e-06
n,-63.971275329589844, 2.79627329291543e-06, -2.79627329291543e-06
n,-63.971275329589844, 2.79627329291543e-06, -2.79627329291543e-06
n,-63.971275329589844, 2.79627329291543e-06, -2.79627329291543e-06
n,-63.971275329589844, 2.79627329291543e-06, -2.79627329291543e-06
n,-63.971275329589844, 2.79627329291543e-06, -2.79627329291543e-06
n,-63.971275329589844, 2.79627329291543e-06, -2.79627329291543e-06
n,-63.971275329589844, 2.79627329291543e-06, -2.79627329291543e-06
n,-63.971275329589844, 2.79627329291543e-06, -2.79627329291543e-06
n,-63.971275329589844, 2.79627329291543e-06, -2.79627329291543e-06
n,-63.971275329589844, 2.79627329291543e-06, -2.79627329291543e-06
n,-63.971275329589844, 2.79627329291543e-06, -2.79627329291543e-06
n,-63.971275329589844, 2.79627329291543e-06, -2.79627329291543e-06
n,-63.971275329589844, 2.79627329291543e-06, -2.79627329291543e-06
n,-63.971275329589844, 2.79627329291543e-06, -2.79627329291543e-06
n,-63.971275329589844, 2.79627329291543e-06, -2.79627329291543e-06
n,-63.971275329589844, 2.79627329291543e-06, -2.79627329291543e-06
n,-63.971275329589844, 2.79627329291543e-06, -2.79627329291543e-06
n,-63.971275329589844, 2.79627329291543e-06, -2.79627329291543e-06
n,-63.971275329589844, 2.79627329291543e-06, -2.79627329291543e-06
n,-63.971275329589844, 2.79627329291543e-06, -2.79627329291543e-06
n,-63.971275329589844, 2.79627329291543e-06, -2.79627329291543e-06
n,-63.971275329589844, 2.79627329291543e-06, -2.79627329291543e-06
n,-63.971275329589844, 2.79627329291543e-06, -2.79627329291543e-06
n,-63.971275329589844, 2.79627329291543e-06, -2.79627329291543e-06
n,-63.971275329589844, 2.79627329291543e-06, -2.79627329291543e-06
n,-63.971275329589844, 2.79627329291543e-06, -2.79627329291543e-06
n,-63.971275329589844, 2.79627329291543e-06, -2.79627329291543e-06
n,-63.971275329589844, 2.79627329291543e-06, -2.79627329291543e-06
n,-63.971275329589844, 2.79627329291543e-06, -2.79627329291543e-06
n,-63.971275329589844, 2.79627329291543e-06, -2.79627329291543e-06
n,-63.971275329589844, 2.79627329291543e-06, -2.79627329291543e-06
n,-63.971275329589844, 2.79627329291543e-06, -2.79627329291543e-06
n,-63.971275329589844, 2.79627329291543e-06, -2.79627329291543e-06
n,-63.971275329589844, 2.79627329291543e-06, -2.79627329291543e-06
n,-63.971275329589844, 2.79627329291543e-06, -2.79627329291543e-06
n,-63.971275329589844, 2.79627329291543e-06, -2.79627329291543e-06
n,-63.971275329589844, 2.79627329291543e-06, -2.79627329291543e-06
n,-63.971275329589844, 2.79627329291543e-06, -2.79627329291543e-06
n,-63.971275329589844, 2.79627329291543e-06, -2.79627329291543e-06
n,-63.971275329589844, 2.79627329291543e-06, -2.79627329291543e-06
n,-63.971275329589844, 2.79627329291543e-06, -2.79627329291543e-06
n,-63.971275329589844, 2.79627329291543e-06, -2.79627329291543e-06
n,-63.971275329589844, 2.79627329291543e-06, -2.79627329291543e-06
n,-63.971275329589844, 2.79627329291543e-06, -2.79627329291543e-06
n,-63.971275329589844, 2.79627329291543e-06, -2.79627329291543e-06
n,-63.971275329589844, 2.79627329291543e-06, -2.79627329291543e-06
n,-63.971275329589844, 2.79627329291543e-06, -2.79627329291543e-06
n,-63.971275329589844, 2.79627329291543e-06, -2.79627329291543e-06
n,-63.971275329589844, 2.79627329291543e-06, -2.79627329291543e-06
n,-63.971275329589844, 2.79627329291543e-06, -2.79627329291543e-06
n,-63.971275329589844, 2.79627329291543e-06, -2.79627329291543e-06
n,-63.971275329589844, 2.79627329291543e-06, -2.79627329291543e-06
n,-63.971275329589844, 2.79627329291543e-06, -2.79627329291543e-06
n,-63.971275329589844, 2.79627329291543e-06, -2.79627329291543e-06
n,-63.971275329589844, 2.79627329291543e-06, -2.79627329291543e-06
n,-63.971275329589844, 2.79627329291543e-06, -2.79627329291543e-06
n,-63.971275329589844, 2.79627329291543e-06, -2.79627329291543e-06
n,-63.971275329589844, 2.79627329291543e-06, -2.79627329291543e-06
n,-63.971275329589844, 2.79627329291543e-06, -2.79627329291543e-06
n,-63.971275329589844, 2.79627329291543e-06, -2.79627329291543e-06
n,-63.971275329589844, 2.79627329291543e-06, -2.79627329291543e-06
n,-63.971275329589844, 2.79627329291543e-06, -2.79627329291543e-06
n,-63.971275329589844, 2.79627329291543e-06, -2.79627329291543e-06
n,-63.971275329589844, 2.79627329291543e-06, -2.79627329291543e-06
n,-63.971275329589844, 2.79627329291543e-06, -2.79627329291543e-06
n,-63.971275329589844, 2.79627329291543e-06, -2.79627329291543e-06
n,-63.971275329589844, 2.79627329291543e-06, -2.79627329291543e-06
n,-63.971275329589844, 2.79627329291543e-06, -2.79627329291543e-06
n,-63.971275329589844, 2.79627329291543e-06, -2.79627329291543e-06
n,-63.971275329589844, 2.79627329291543e-06, -2.79627329291543e-06
n,-63.971275329589844, 2.79627329291543e-06, -2.79627329291543e-06
n,-63.971275329589844, 2.79627329291543e-06, -2.79627329291543e-06
n,-63.971275329589844, 2.79627329291543e-06, -2.79627329291543e-06
n,-63.971275329589844, 2.79627329291543e-06, -2.79627329291543e-06
n,-63.971275329589844, 2.79627329291543e-06, -2.79627329291543e-06
n,-63.971275329589844, 2.79627329291543e-06, -2.79627329291543e-06
n,-63.971275329589844, 2.79627329291543e-06, -2.79627329291543e-06
n,-63.971275329589844, 2.79627329291543e-06, -2.79627329291543e-06
n,-63.971275329589844, 2.79627329291543e-06, -2.79627329291543e-06
n,-63.971275329589844, 2.79627329291543e-06, -2.79627329291543e-06
n,-63.971275329589844, 2.79627329291543e-06, -2.79627329291543e-06
n,-63.971275329589844, 2.79627329291543e-06, -2.79627329291543e-06
n,-63.971275329589844, 2.79627329291543e-06, -2.79627329291543e-06
n,-63.971275329589844, 2.79627329291543e-06, -2.79627329291543e-06
n,-63.971275329589844, 2.79627329291543e-06, -2.79627329291543e-06
n,-63.971275329589844, 2.79627329291543e-06, -2.79627329291543e-06
n,-63.971275329589844, 2.79627329291543e-06, -2.79627329291543e-06
n,-63.971275329589844, 2.79627329291543e-06, -2.79627329291543e-06
n,-63.971275329589844, 2.79627329291543e-06, -2.79627329291543e-06
n,-63.971275329589844, 2.79627329291543e-06, -2.79627329291543e-06
n,-63.971275329589844, 2.79627329291543e-06, -2.79627329291543e-06
n,-63.971275329589844, 2.79627329291543e-06, -2.79627329291543e-06
n,-63.971275329589844, 2.79627329291543e-06, -2.79627329291543e-06
n,-63.971275329589844, 2.79627329291543e-06, -2.79627329291543e-06
n,-63.971275329589844, 2.79627329291543e-06, -2.79627329291543e-06
n,-63.971275329589844, 2.79627329291543e-06, -2.79627329291543e-06
n,-63.971275329589844, 2.79627329291543e-06, -2.79627329291543e-06
n,-63.971275329589844, 2.79627329291543e-06, -2.79627329291543e-06
n,-63.971275329589844, 2.79627329291543e-06, -2.79627329291543e-06
n,-63.971275329589844, 2.79627329291543e-06, -2.79627329291543e-06
n,-63.971275329589844, 2.79627329291543e-06, -2.79627329291543e-06
n,-63.971275329589844, 2.79627329291543e-06, -2.79627329291543e-06
n,-63.971275329589844, 2.79627329291543e-06, -2.79627329291543e-06
n,-63.971275329589844, 2.79627329291543e-06, -2.79627329291543e-06
n,-63.971275329589844, 2.79627329291543e-06, -2.79627329291543e-06
n,-63.971275329589844, 2.79627329291543e-06, -2.79627329291543e-06
n,-63.971275329589844, 2.79627329291543e-06, -2.79627329291543e-06
n,-63.971275329589844, 2.79627329291543e-06, -2.79627329291543e-06
n,-63.971275329589844, 2.79627329291543e-06, -2.79627329291543e-06
n,-63.971275329589844, 2.79627329291543e-06, -2.79627329291543e-06
n,-63.971275329589844, 2.79627329291543e-06, -2.79627329291543e-06
n,-63.971275329589844, 2.79627329291543e-06, -2.79627329291543e-06
n,-63.971275329589844, 2.79627329291543e-06, -2.79627329291543e-06
n,-63.971275329589844, 2.79627329291543e-06, -2.79627329291543e-06
n,-63.971275329589844, 2.79627329291543e-06, -2.79627329291543e-06
n,-63.971275329589844, 2.79627329291543e-06, -2.79627329291543e-06
n,-63.971275329589844, 2.79627329291543e-06, -2.79627329291543e-06
n,-63.971275329589844, 2.79627329291543e-06, -2.79627329291543e-06
n,-63.971275329589844, 2.79627329291543e-06, -2.79627329291543e-06
n,-63.971275329589844, 2.79627329291543e-06, -2.79627329291543e-06
n,-63.971275329589844, 2.79627329291543e-06, -2.79627329291543e-06
n,-63.971275329589844, 2.79627329291543e-06, -2.79627329291543e-06
n,-63.971275329589844, 2.79627329291543e-06, -2.79627329291543e-06
n,-63.971275329589844, 2.79627329291543e-06, -2.79627329291543e-06
n,-63.971275329589844, 2.79627329291543e-06, -2.79627329291543e-06
n,-63.971275329589844, 2.79627329291543e-06, -2.79627329291543e-06
n,-63.971275329589844, 2.79627329291543e-06, -2.79627329291543e-06
n,-63.971275329589844, 2.79627329291543e-06, -2.79627329291543e-06
n,-63.971275329589844, 2.79627329291543e-06, -2.79627329291543e-06
n,-63.971275329589844, 2.79627329291543e-06, -2.79627329291543e-06
n,-63.971275329589844, 2.79627329291543e-06, -2.79627329291543e-06
n,-63.971275329589844, 2.79627329291543e-06, -2.79627329291543e-06
u,0.9483571648597717, 1.0, 0
u,0.8822084665298462, 1.0, 0
u,0.8881685137748718, 1.0, 0
u,0.9483571648597717, 1.0, 0
u,0.8215949535369873, 1.0, 0
u,0.8822084665298462, 1.0, 0
u,0.9483571648597717, 1.0, 0
u,0.7605636119842529, 1.0, 0
u,0.8215949535369873, 1.0, 0
u,0.9483571648597717, 1.0, 0
u,0.7558640241622925, 1.0, 0
u,0.7605636119842529, 1.0, 0
u,0.22540630400180817, 1.0, 0
u,0.7558640241622925, 1.0, 0
u,0.9483571648597717, 1.0, 0
u,0.23008686304092407, 1.0, 0
u,0.2863801419734955, 1.0, 0
u,0.22540630400180817, 1.0, 0
u,0.2863801419734955, 1.0, 0
u,0.6948723793029785, 1.0, 0
u,0.22540630400180817, 1.0, 0
u,0.6948723793029785, 1.0, 0
u,0.7558640241622925, 1.0, 0
u,0.22540630400180817, 1.0, 0
u,0.2863801419734955, 1.0, 0
u,0.6873708963394165, 1.0, 0
u,0.6948723793029785, 1.0, 0
u,0.29137036204338074, 1.0, 0
u,0.6873708963394165, 1.0, 0
u,0.2863801419734955, 1.0, 0
u,0.3453872799873352, 1.0, 0
u,0.6873708963394165, 1.0, 0
u,0.29137036204338074, 1.0, 0
u,0.3732852339744568, 1.0, 0
u,0.6873708963394165, 1.0, 0
u,0.3453872799873352, 1.0, 0
u,0.17039577662944794, 1.0, 0
u,0.6873708963394165, 1.0, 0
u,0.3732852339744568, 1.0, 0
u,0.392082154750824, 1.0, 0
u,0.17039577662944794, 1.0, 0
u,0.3732852339744568, 1.0, 0
u,0.2059599757194519, 1.0, 0
u,0.6873708963394165, 1.0, 0
u,0.17039577662944794, 1.0, 0
u,0.392082154750824, 1.0, 0
u,0.1431279182434082, 1.0, 0
u,0.17039577662944794, 1.0, 0
u,0.392082154750824, 1.0, 0
u,0.12450568377971649, 1.0, 0
u,0.1431279182434082, 1.0, 0
u,0.001962037989869714, 1.0, 0
u,0.6873708963394165, 1.0, 0
u,0.2059599757194519, 1.0, 0
u,0.001962037989869714, 1.0, 0
u,0.6478760242462158, 1.0, 0
u,0.6873708963394165, 1.0, 0
u,0.4110492765903473, 1.0, 0
u,0.12450568377971649, 1.0, 0
u,0.392082154750824, 1.0, 0
u,0.4110492765903473, 1.0, 0
u,0.10534565150737762, 1.0, 0
u,0.12450568377971649, 1.0, 0
u,0.02186615951359272, 1.0, 0
u,0.6478760242462158, 1.0, 0
u,0.001962037989869714, 1.0, 0
u,0.02186615951359272, 1.0, 0
u,0.6241109371185303, 1.0, 0
u,0.6478760242462158, 1.0, 0
u,0.4110492765903473, 1.0, 0
u,0.08697795122861862, 1.0, 0
u,0.10534565150737762, 1.0, 0
u,0.04400554671883583, 1.0, 0
u,0.6241109371185303, 1.0, 0
u,0.02186615951359272, 1.0, 0
u,0.43395835161209106, 1.0, 0
u,0.08697795122861862, 1.0, 0
u,0.4110492765903473, 1.0, 0
u,0.43395835161209106, 1.0, 0
u,0.06834038347005844, 1.0, 0
u,0.08697795122861862, 1.0, 0
u,0.43395835161209106, 1.0, 0
u,0.04400554671883583, 1.0, 0
u,0.06834038347005844, 1.0, 0
u,0.43395835161209106, 1.0, 0
u,0.6241109371185303, 1.0, 0
u,0.04400554671883583, 1.0, 0
u,0.43395835161209106, 1.0, 0
u,0.5154309272766113, 1.0, 0
u,0.6241109371185303, 1.0, 0
u,0.5154309272766113, 1.0, 0
u,0.6078742742538452, 1.0, 0
u,0.6241109371185303, 1.0, 0
u,0.43395835161209106, 1.0, 0
u,0.48866552114486694, 1.0, 0
u,0.5154309272766113, 1.0, 0
u,0.45797640085220337, 1.0, 0
u,0.48866552114486694, 1.0, 0
u,0.43395835161209106, 1.0, 0
u,0.5366671681404114, 1.0, 0
u,0.6078742742538452, 1.0, 0
u,0.5154309272766113, 1.0, 0
u,0.5366671681404114, 1.0, 0
u,0.58970046043396, 1.0, 0
u,0.6078742742538452, 1.0, 0
u,0.5603375434875488, 1.0, 0
u,0.58970046043396, 1.0, 0
u,0.5366671681404114, 1.0, 0
u,0.5727699398994446, 1.0, 0
u,0.58970046043396, 1.0, 0
u,0.5603375434875488, 1.0, 0
u,0.577464759349823, 1.0, 0
u,0.58970046043396, 1.0, 0
u,0.5727699398994446, 1.0, 0
u,0.53220534324646, 1.0, 0
u,0.4567890763282776, 1.0, 0
u,0.46296223998069763, 1.0, 0
u,0.014001449570059776, 1.0, 0
u,0.4567890763282776, 1.0, 0
u,0.53220534324646, 1.0, 0
u,0.006460053846240044, 1.0, 0
u,0.08060167729854584, 1.0, 0
u,0.014001449570059776, 1.0, 0
u,0.08060167729854584, 1.0, 0
u,0.3938964009284973, 1.0, 0
u,0.014001449570059776, 1.0, 0
u,0.3938964009284973, 1.0, 0
u,0.4567890763282776, 1.0, 0
u,0.014001449570059776, 1.0, 0
u,0.1017303317785263, 1.0, 0
u,0.3938964009284973, 1.0, 0
u,0.08060167729854584, 1.0, 0
u,0.1017303317785263, 1.0, 0
u,0.3616063594818115, 1.0, 0
u,0.3938964009284973, 1.0, 0
u,0.12684926390647888, 1.0, 0
u,0.3616063594818115, 1.0, 0
u,0.1017303317785263, 1.0, 0
u,0.12684926390647888, 1.0, 0
u,0.336370587348938, 1.0, 0
u,0.3616063594818115, 1.0, 0
u,0.6919854879379272, 1.0, 0
u,0.7721430063247681, 1.0, 0
u,0.685520589351654, 1.0, 0
u,0.9258888959884644, 1.0, 0
u,0.8478252291679382, 1.0, 0
u,0.8523924946784973, 1.0, 0
u,0.9258888959884644, 1.0, 0
u,0.9321009516716003, 1.0, 0
u,0.8478252291679382, 1.0, 0
u,0.7654029726982117, 1.0, 0
u,0.7721430063247681, 1.0, 0
u,0.6919854879379272, 1.0, 0
u,0.15275481343269348, 1.0, 0
u,0.336370587348938, 1.0, 0
u,0.12684926390647888, 1.0, 0
u,0.15275481343269348, 1.0, 0
u,0.3103850781917572, 1.0, 0
u,0.336370587348938, 1.0, 0
u,0.15275481343269348, 1.0, 0
u,0.2874879240989685, 1.0, 0
u,0.3103850781917572, 1.0, 0
u,0.16969481110572815, 1.0, 0
u,0.2874879240989685, 1.0, 0
u,0.15275481343269348, 1.0, 0
u,0.18737947940826416, 1.0, 0
u,0.2874879240989685, 1.0, 0
u,0.16969481110572815, 1.0, 0
u,0.18737947940826416, 1.0, 0
u,0.2636573314666748, 1.0, 0
u,0.2874879240989685, 1.0, 0
u,0.18737947940826416, 1.0, 0
u,0.23478887975215912, 1.0, 0
u,0.2636573314666748, 1.0, 0
u,0.18737947940826416, 1.0, 0
u,0.22839505970478058, 1.0, 0
u,0.23478887975215912, 1.0, 0
u,0.2124076783657074, 1.0, 0
u,0.22839505970478058, 1.0, 0
u,0.18737947940826416, 1.0, 0
u,0.7222675085067749, 1.0, 0
u,0.7009469866752625, 1.0, 0
u,0.7051069736480713, 1.0, 0
u,0.7570465207099915, 1.0, 0
u,0.7009469866752625, 1.0, 0
u,0.7222675085067749, 1.0, 0
u,0.7570465207099915, 1.0, 0
u,0.6495695114135742, 1.0, 0
u,0.7009469866752625, 1.0, 0
u,0.7570465207099915, 1.0, 0
u,0.11110720038414001, 1.0, 0
u,0.6495695114135742, 1.0, 0
u,0.11110720038414001, 1.0, 0
u,0.6452991366386414, 1.0, 0
u,0.6495695114135742, 1.0, 0
u,0.8076232671737671, 1.0, 0
u,0.11110720038414001, 1.0, 0
u,0.7570465207099915, 1.0, 0
u,0.0, 1.0, 0
u,0.6452991366386414, 1.0, 0
u,0.11110720038414001, 1.0, 0
u,0.8076232671737671, 1.0, 0
u,0.08197237551212311, 1.0, 0
u,0.11110720038414001, 1.0, 0
u,0.11608106642961502, 1.0, 0
u,0.030198557302355766, 1.0, 0
u,0.08197237551212311, 1.0, 0
u,0.5859730839729309, 1.0, 0
u,0.5307733416557312, 1.0, 0
u,0.5812005996704102, 1.0, 0
u,0.1541544795036316, 1.0, 0
u,0.030198557302355766, 1.0, 0
u,0.11608106642961502, 1.0, 0
u,0.6366997957229614, 1.0, 0
u,0.5307733416557312, 1.0, 0
u,0.5859730839729309, 1.0, 0
u,0.1541544795036316, 1.0, 0
u,0.0085586067289114, 1.0, 0
u,0.030198557302355766, 1.0, 0
u,0.17521367967128754, 1.0, 0
u,0.1541544795036316, 1.0, 0
u,0.17094017565250397, 1.0, 0
u,0.17521367967128754, 1.0, 0
u,0.0, 1.0, 0
u,0.1541544795036316, 1.0, 0
u,0.17521367967128754, 1.0, 0
u,0.6452991366386414, 1.0, 0
u,0.0, 1.0, 0
u,0.17521367967128754, 1.0, 0
u,0.6366997957229614, 1.0, 0
u,0.6452991366386414, 1.0, 0
u,0.17521367967128754, 1.0, 0
u,0.5307733416557312, 1.0, 0
u,0.6366997957229614, 1.0, 0
u,0.17521367967128754, 1.0, 0
u,0.5256410241127014, 1.0, 0
u,0.5307733416557312, 1.0, 0
u,0.17521367967128754, 1.0, 0
u,0.5213675498962402, 1.0, 0
u,0.5256410241127014, 1.0, 0
u,0.1794871836900711, 1.0, 0
u,0.5213675498962402, 1.0, 0
u,0.17521367967128754, 1.0, 0
u,0.18376068770885468, 1.0, 0
u,0.5170940160751343, 1.0, 0
u,0.1794871836900711, 1.0, 0
u,0.5170940160751343, 1.0, 0
u,0.5213675498962402, 1.0, 0
u,0.1794871836900711, 1.0, 0
u,0.18376068770885468, 1.0, 0
u,0.8176454305648804, 1.0, 0
u,0.5170940160751343, 1.0, 0
u,0.8176454305648804, 1.0, 0
u,0.8291189074516296, 1.0, 0
u,0.5170940160751343, 1.0, 0
u,0.8291189074516296, 1.0, 0
u,0.5050191879272461, 1.0, 0
u,0.5170940160751343, 1.0, 0
u,0.8176454305648804, 1.0, 0
u,0.8247863054275513, 1.0, 0
u,0.8291189074516296, 1.0, 0
u,0.8205128312110901, 1.0, 0
u,0.8247863054275513, 1.0, 0
u,0.8176454305648804, 1.0, 0
u,0.2002338469028473, 1.0, 0
u,0.8176454305648804, 1.0, 0
u,0.18376068770885468, 1.0, 0
u,0.8476778268814087, 1.0, 0
u,0.5050191879272461, 1.0, 0
u,0.8291189074516296, 1.0, 0
u,0.2002338469028473, 1.0, 0
u,0.9173113107681274, 1.0, 0
u,0.8176454305648804, 1.0, 0
u,0.8476778268814087, 1.0, 0
u,0.48507827520370483, 1.0, 0
u,0.5050191879272461, 1.0, 0
u,0.87935471534729, 1.0, 0
u,0.48507827520370483, 1.0, 0
u,0.8476778268814087, 1.0, 0
u,0.2002338469028473, 1.0, 0
u,0.8853922486305237, 1.0, 0
u,0.9173113107681274, 1.0, 0
u,0.2307230681180954, 1.0, 0
u,0.8853922486305237, 1.0, 0
u,0.2002338469028473, 1.0, 0
u,0.87935471534729, 1.0, 0
u,0.46585917472839355, 1.0, 0
u,0.48507827520370483, 1.0, 0
u,0.87935471534729, 1.0, 0
u,0.4499680995941162, 1.0, 0
u,0.46585917472839355, 1.0, 0
u,0.2307230681180954, 1.0, 0
u,0.87935471534729, 1.0, 0
u,0.8853922486305237, 1.0, 0
u,0.2307230681180954, 1.0, 0
u,0.4499680995941162, 1.0, 0
u,0.87935471534729, 1.0, 0
u,0.2823219299316406, 1.0, 0
u,0.3332691192626953, 1.0, 0
u,0.2307230681180954, 1.0, 0
u,0.3332691192626953, 1.0, 0
u,0.4499680995941162, 1.0, 0
u,0.2307230681180954, 1.0, 0
u,0.33760684728622437, 1.0, 0
u,0.9572649598121643, 1.0, 0
u,0.3332691192626953, 1.0, 0
u,0.9572649598121643, 1.0, 0
u,0.3633066415786743, 1.0, 0
u,0.3332691192626953, 1.0, 0
u,0.3633066415786743, 1.0, 0
u,0.4499680995941162, 1.0, 0
u,0.3332691192626953, 1.0, 0
u,0.9572649598121643, 1.0, 0
u,0.9615384340286255, 1.0, 0
u,0.3633066415786743, 1.0, 0
u,0.9615384340286255, 1.0, 0
u,0.995726466178894, 1.0, 0
u,0.3633066415786743, 1.0, 0
u,0.995726466178894, 1.0, 0
u,1.0, 1.0, 0
u,0.3633066415786743, 1.0, 0
u,1.0, 1.0, 0
u,0.3589743673801422, 1.0, 0
u,0.3633066415786743, 1.0, 0
u,0.3633066415786743, 1.0, 0
u,0.4143509566783905, 1.0, 0
u,0.4499680995941162, 1.0, 0
u,0.33760684728622437, 1.0, 0
u,0.9529914259910583, 1.0, 0
u,0.9572649598121643, 1.0, 0
u,0.9658119678497314, 1.0, 0
u,0.995726466178894, 1.0, 0
u,0.9615384340286255, 1.0, 0
u,0.9658119678497314, 1.0, 0
u,0.9914529919624329, 1.0, 0
u,0.995726466178894, 1.0, 0
u,0.9871794581413269, 1.0, 0
u,0.3589743673801422, 1.0, 0
u,1.0, 1.0, 0
u,0.33760684728622437, 1.0, 0
u,0.9358974099159241, 1.0, 0
u,0.9529914259910583, 1.0, 0
u,0.9358974099159241, 1.0, 0
u,0.9658119678497314, 1.0, 0
u,0.9529914259910583, 1.0, 0
u,0.9358974099159241, 1.0, 0
u,0.9914529919624329, 1.0, 0
u,0.9658119678497314, 1.0, 0
u,0.9358974099159241, 1.0, 0
u,0.9871794581413269, 1.0, 0
u,0.9914529919624329, 1.0, 0
u,0.9358974099159241, 1.0, 0
u,0.94017094373703, 1.0, 0
u,0.9871794581413269, 1.0, 0
u,0.94017094373703, 1.0, 0
u,0.9829059839248657, 1.0, 0
u,0.9871794581413269, 1.0, 0
u,0.9829059839248657, 1.0, 0
u,0.9700854420661926, 1.0, 0
u,0.9871794581413269, 1.0, 0
u,0.9700854420661926, 1.0, 0
u,0.3589743673801422, 1.0, 0
u,0.9871794581413269, 1.0, 0
u,0.33760684728622437, 1.0, 0
u,0.9487179517745972, 1.0, 0
u,0.9358974099159241, 1.0, 0
u,0.9444444179534912, 1.0, 0
u,0.9829059839248657, 1.0, 0
u,0.94017094373703, 1.0, 0
u,0.9444444179534912, 1.0, 0
u,0.9786324501037598, 1.0, 0
u,0.9829059839248657, 1.0, 0
u,0.9743589758872986, 1.0, 0
u,0.3589743673801422, 1.0, 0
u,0.9700854420661926, 1.0, 0
u,0.33760684728622437, 1.0, 0
u,0.3461538553237915, 1.0, 0
u,0.9487179517745972, 1.0, 0
u,0.3461538553237915, 1.0, 0
u,0.9444444179534912, 1.0, 0
u,0.9487179517745972, 1.0, 0
u,0.3461538553237915, 1.0, 0
u,0.9786324501037598, 1.0, 0
u,0.9444444179534912, 1.0, 0
u,0.3461538553237915, 1.0, 0
u,0.9743589758872986, 1.0, 0
u,0.9786324501037598, 1.0, 0
u,0.3461538553237915, 1.0, 0
u,0.3504273593425751, 1.0, 0
u,0.9743589758872986, 1.0, 0
u,0.3504273593425751, 1.0, 0
u,0.3589743673801422, 1.0, 0
u,0.9743589758872986, 1.0, 0
u,0.33760684728622437, 1.0, 0
u,0.34188035130500793, 1.0, 0
u,0.3461538553237915, 1.0, 0
u,0.35470086336135864, 1.0, 0
u,0.3589743673801422, 1.0, 0
u,0.3504273593425751, 1.0, 0
u,0.7146702408790588, 1.0, 0
u,0.6666485667228699, 1.0, 0
u,0.6888188123703003, 1.0, 0
u,0.7405273914337158, 1.0, 0
u,-0.003058298025280237, 1.0, 0
u,0.7146702408790588, 1.0, 0
u,-0.003058298025280237, 1.0, 0
u,0.30866503715515137, 1.0, 0
u,0.7146702408790588, 1.0, 0
u,0.30866503715515137, 1.0, 0
u,0.6666485667228699, 1.0, 0
u,0.7146702408790588, 1.0, 0
u,0.3237958252429962, 1.0, 0
u,0.6666485667228699, 1.0, 0
u,0.30866503715515137, 1.0, 0
u,0.7405273914337158, 1.0, 0
u,0.2854732573032379, 1.0, 0
u,-0.003058298025280237, 1.0, 0
u,0.34287652373313904, 1.0, 0
u,0.6666485667228699, 1.0, 0
u,0.3237958252429962, 1.0, 0
u,0.34287652373313904, 1.0, 0
u,0.6506751775741577, 1.0, 0
u,0.6666485667228699, 1.0, 0
u,0.7405273914337158, 1.0, 0
u,0.25949662923812866, 1.0, 0
u,0.2854732573032379, 1.0, 0
u,-0.003058298025280237, 1.0, 0
u,0.9494325518608093, 1.0, 0
u,0.30866503715515137, 1.0, 0
u,0.34287652373313904, 1.0, 0
u,0.6317214965820312, 1.0, 0
u,0.6506751775741577, 1.0, 0
u,0.07955232262611389, 1.0, 0
u,0.9494325518608093, 1.0, 0
u,-0.003058298025280237, 1.0, 0
u,0.3682575821876526, 1.0, 0
u,0.6317214965820312, 1.0, 0
u,0.34287652373313904, 1.0, 0
u,0.7597020864486694, 1.0, 0
u,0.25949662923812866, 1.0, 0
u,0.7405273914337158, 1.0, 0
u,0.7597020864486694, 1.0, 0
u,0.23492400348186493, 1.0, 0
u,0.25949662923812866, 1.0, 0
u,0.7746768593788147, 1.0, 0
u,0.23492400348186493, 1.0, 0
u,0.7597020864486694, 1.0, 0
u,0.39464902877807617, 1.0, 0
u,0.6317214965820312, 1.0, 0
u,0.3682575821876526, 1.0, 0
u,0.07955232262611389, 1.0, 0
u,0.9120423197746277, 1.0, 0
u,0.9494325518608093, 1.0, 0
u,0.39464902877807617, 1.0, 0
u,0.6053441762924194, 1.0, 0
u,0.6317214965820312, 1.0, 0
u,0.7746768593788147, 1.0, 0
u,0.20756059885025024, 1.0, 0
u,0.23492400348186493, 1.0, 0
u,0.7985914945602417, 1.0, 0
u,0.20756059885025024, 1.0, 0
u,0.7746768593788147, 1.0, 0
u,0.4194045662879944, 1.0, 0
u,0.6053441762924194, 1.0, 0
u,0.39464902877807617, 1.0, 0
u,0.12893609702587128, 1.0, 0
u,0.9120423197746277, 1.0, 0
u,0.07955232262611389, 1.0, 0
u,0.7985914945602417, 1.0, 0
u,0.18190565705299377, 1.0, 0
u,0.20756059885025024, 1.0, 0
u,0.12893609702587128, 1.0, 0
u,0.886231541633606, 1.0, 0
u,0.9120423197746277, 1.0, 0
u,0.4194045662879944, 1.0, 0
u,0.5835052728652954, 1.0, 0
u,0.6053441762924194, 1.0, 0
u,0.7985914945602417, 1.0, 0
u,0.15627530217170715, 1.0, 0
u,0.18190565705299377, 1.0, 0
u,0.15627530217170715, 1.0, 0
u,0.886231541633606, 1.0, 0
u,0.12893609702587128, 1.0, 0
u,0.8244427442550659, 1.0, 0
u,0.15627530217170715, 1.0, 0
u,0.7985914945602417, 1.0, 0
u,0.8244427442550659, 1.0, 0
u,0.886231541633606, 1.0, 0
u,0.15627530217170715, 1.0, 0
u,0.44501516222953796, 1.0, 0
u,0.5835052728652954, 1.0, 0
u,0.4194045662879944, 1.0, 0
u,0.8244427442550659, 1.0, 0
u,0.8683154582977295, 1.0, 0
u,0.886231541633606, 1.0, 0
u,0.5355493426322937, 1.0, 0
u,0.5835052728652954, 1.0, 0
u,0.44501516222953796, 1.0, 0
u,0.8496484756469727, 1.0, 0
u,0.8683154582977295, 1.0, 0
u,0.8244427442550659, 1.0, 0
u,0.5355493426322937, 1.0, 0
u,0.5616641640663147, 1.0, 0
u,0.5835052728652954, 1.0, 0
u,0.5448718070983887, 1.0, 0
u,0.5616641640663147, 1.0, 0
u,0.5355493426322937, 1.0, 0
u,0.909204363822937, 1.0, 0
u,0.873043417930603, 1.0, 0
u,0.8768585324287415, 1.0, 0
u,0.909204363822937, 1.0, 0
u,0.8274906277656555, 1.0, 0
u,0.873043417930603, 1.0, 0
u,0.9612141847610474, 1.0, 0
u,0.8274906277656555, 1.0, 0
u,0.909204363822937, 1.0, 0
u,0.8274906277656555, 1.0, 0
u,0.7815161943435669, 1.0, 0
u,0.7854325175285339, 1.0, 0
u,0.9612141847610474, 1.0, 0
u,0.7815161943435669, 1.0, 0
u,0.8274906277656555, 1.0, 0
u,0.48250672221183777, 1.0, 0
u,0.6532172560691833, 1.0, 0
u,0.4788643419742584, 1.0, 0
u,0.6532172560691833, 1.0, 0
u,0.7815161943435669, 1.0, 0
u,0.9612141847610474, 1.0, 0
u,0.48250672221183777, 1.0, 0
u,0.7815161943435669, 1.0, 0
u,0.6532172560691833, 1.0, 0
u,0.48250672221183777, 1.0, 0
u,0.7394330501556396, 1.0, 0
u,0.7815161943435669, 1.0, 0
u,0.48250672221183777, 1.0, 0
u,0.5667038559913635, 1.0, 0
u,0.7394330501556396, 1.0, 0
u,0.6148892641067505, 1.0, 0
u,0.7394330501556396, 1.0, 0
u,0.5667038559913635, 1.0, 0
u,0.6148892641067505, 1.0, 0
u,0.6907342672348022, 1.0, 0
u,0.7394330501556396, 1.0, 0
u,0.00024812688934616745, 1.0, 0
u,0.09155048429965973, 1.0, 0
u,0.1277536153793335, 1.0, 0
u,0.0036421159747987986, 1.0, 0
u,0.09155048429965973, 1.0, 0
u,0.00024812688934616745, 1.0, 0
u,0.0036421159747987986, 1.0, 0
u,0.052222840487957, 1.0, 0
u,0.09155048429965973, 1.0, 0
u,0.052222840487957, 1.0, 0
u,0.08800303936004639, 1.0, 0
u,0.09155048429965973, 1.0, 0
u,0.1805572360754013, 1.0, 0
u,0.40440863370895386, 1.0, 0
u,0.17816707491874695, 1.0, 0
u,0.6512443423271179, 1.0, 0
u,0.6907342672348022, 1.0, 0
u,0.6148892641067505, 1.0, 0
u,0.1805572360754013, 1.0, 0
u,0.38162583112716675, 1.0, 0
u,0.40440863370895386, 1.0, 0
u,0.22715407609939575, 1.0, 0
u,0.38162583112716675, 1.0, 0
u,0.1805572360754013, 1.0, 0
u,0.6512443423271179, 1.0, 0
u,0.6549971103668213, 1.0, 0
u,0.6907342672348022, 1.0, 0
u,0.22715407609939575, 1.0, 0
u,0.3641687035560608, 1.0, 0
u,0.38162583112716675, 1.0, 0
u,0.340851366519928, 1.0, 0
u,0.3062969744205475, 1.0, 0
u,0.309952050447464, 1.0, 0
u,0.2405572533607483, 1.0, 0
u,0.3641687035560608, 1.0, 0
u,0.22715407609939575, 1.0, 0
u,0.2405572533607483, 1.0, 0
u,0.340851366519928, 1.0, 0
u,0.3641687035560608, 1.0, 0
u,0.2405572533607483, 1.0, 0
u,0.3062969744205475, 1.0, 0
u,0.340851366519928, 1.0, 0
u,0.254427045583725, 1.0, 0
u,0.3062969744205475, 1.0, 0
u,0.2405572533607483, 1.0, 0
u,0.254427045583725, 1.0, 0
u,0.2748997211456299, 1.0, 0
u,0.3062969744205475, 1.0, 0
u,0.5910075306892395, 1.0, 0
u,0.9631908535957336, 1.0, 0
u,0.5874287486076355, 1.0, 0
u,0.6308505535125732, 1.0, 0
u,0.9631908535957336, 1.0, 0
u,0.5910075306892395, 1.0, 0
u,0.9631908535957336, 1.0, 0
u,0.919409453868866, 1.0, 0
u,0.9231507182121277, 1.0, 0
u,0.6308505535125732, 1.0, 0
u,0.919409453868866, 1.0, 0
u,0.9631908535957336, 1.0, 0
u,0.046996794641017914, 1.0, 0
u,0.020563414320349693, 1.0, 0
u,0.04360862448811531, 1.0, 0
u,0.7148112654685974, 1.0, 0
u,0.6790432929992676, 1.0, 0
u,0.7114055156707764, 1.0, 0
u,0.6790432929992676, 1.0, 0
u,0.919409453868866, 1.0, 0
u,0.6308505535125732, 1.0, 0
u,0.7148112654685974, 1.0, 0
u,0.919409453868866, 1.0, 0
u,0.6790432929992676, 1.0, 0
u,0.7148112654685974, 1.0, 0
u,0.8790724873542786, 1.0, 0
u,0.919409453868866, 1.0, 0
u,0.07024013996124268, 1.0, 0
u,0.020563414320349693, 1.0, 0
u,0.046996794641017914, 1.0, 0
u,0.7148112654685974, 1.0, 0
u,0.7947697639465332, 1.0, 0
u,0.8790724873542786, 1.0, 0
u,0.07024013996124268, 1.0, 0
u,0.003359389491379261, 1.0, 0
u,0.020563414320349693, 1.0, 0
u,0.8145195245742798, 1.0, 0
u,0.8790724873542786, 1.0, 0
u,0.7947697639465332, 1.0, 0
u,0.07024013996124268, 1.0, 0
u,0.0001813582784961909, 1.0, 0
u,0.003359389491379261, 1.0, 0
u,0.8145195245742798, 1.0, 0
u,0.8568092584609985, 1.0, 0
u,0.8790724873542786, 1.0, 0
u,0.29537370800971985, 1.0, 0
u,0.25585994124412537, 1.0, 0
u,0.25503334403038025, 1.0, 0
u,0.29537370800971985, 1.0, 0
u,0.5436388254165649, 1.0, 0
u,0.25585994124412537, 1.0, 0
u,0.8355231881141663, 1.0, 0
u,0.8568092584609985, 1.0, 0
u,0.8145195245742798, 1.0, 0
u,0.33841589093208313, 1.0, 0
u,0.5436388254165649, 1.0, 0
u,0.29537370800971985, 1.0, 0
u,0.3577616214752197, 1.0, 0
u,0.5436388254165649, 1.0, 0
u,0.33841589093208313, 1.0, 0
u,0.3577616214752197, 1.0, 0
u,0.5231349468231201, 1.0, 0
u,0.5436388254165649, 1.0, 0
u,0.8355231881141663, 1.0, 0
u,0.8389337658882141, 1.0, 0
u,0.8568092584609985, 1.0, 0
u,0.20947891473770142, 1.0, 0
u,0.5231349468231201, 1.0, 0
u,0.3577616214752197, 1.0, 0
u,0.09184461832046509, 1.0, 0
u,0.5231349468231201, 1.0, 0
u,0.20947891473770142, 1.0, 0
u,0.37072908878326416, 1.0, 0
u,0.20947891473770142, 1.0, 0
u,0.3577616214752197, 1.0, 0
u,0.37072908878326416, 1.0, 0
u,0.1891116499900818, 1.0, 0
u,0.20947891473770142, 1.0, 0
u,0.09647159278392792, 1.0, 0
u,0.45971381664276123, 1.0, 0
u,0.09184461832046509, 1.0, 0
u,0.45971381664276123, 1.0, 0
u,0.5231349468231201, 1.0, 0
u,0.09184461832046509, 1.0, 0
u,0.37072908878326416, 1.0, 0
u,0.17622298002243042, 1.0, 0
u,0.1891116499900818, 1.0, 0
u,0.09647159278392792, 1.0, 0
u,0.4506625533103943, 1.0, 0
u,0.45971381664276123, 1.0, 0
u,0.4765952229499817, 1.0, 0
u,0.5231349468231201, 1.0, 0
u,0.45971381664276123, 1.0, 0
u,0.4765952229499817, 1.0, 0
u,0.5033556818962097, 1.0, 0
u,0.5231349468231201, 1.0, 0
u,0.37072908878326416, 1.0, 0
u,0.15797041356563568, 1.0, 0
u,0.17622298002243042, 1.0, 0
u,0.38264477252960205, 1.0, 0
u,0.15797041356563568, 1.0, 0
u,0.37072908878326416, 1.0, 0
u,0.4765952229499817, 1.0, 0
u,0.4999932050704956, 1.0, 0
u,0.5033556818962097, 1.0, 0
u,0.1091889962553978, 1.0, 0
u,0.4506625533103943, 1.0, 0
u,0.09647159278392792, 1.0, 0
u,0.1231384426355362, 1.0, 0
u,0.4506625533103943, 1.0, 0
u,0.1091889962553978, 1.0, 0
u,0.1231384426355362, 1.0, 0
u,0.43794021010398865, 1.0, 0
u,0.4506625533103943, 1.0, 0
u,0.38264477252960205, 1.0, 0
u,0.1398913711309433, 1.0, 0
u,0.15797041356563568, 1.0, 0
u,0.3937978744506836, 1.0, 0
u,0.1398913711309433, 1.0, 0
u,0.38264477252960205, 1.0, 0
u,0.3937978744506836, 1.0, 0
u,0.1231384426355362, 1.0, 0
u,0.1398913711309433, 1.0, 0
u,0.3937978744506836, 1.0, 0
u,0.43794021010398865, 1.0, 0
u,0.1231384426355362, 1.0, 0
u,0.3937978744506836, 1.0, 0
u,0.42372554540634155, 1.0, 0
u,0.43794021010398865, 1.0, 0
u,0.4071847200393677, 1.0, 0
u,0.42372554540634155, 1.0, 0
u,0.3937978744506836, 1.0, 0
u,0.3416469991207123, 1.0, 0
u,0.3000090420246124, 1.0, 0
u,0.3371066749095917, 1.0, 0
u,0.37949880957603455, 1.0, 0
u,0.3000090420246124, 1.0, 0
u,0.3416469991207123, 1.0, 0
u,0.3000090420246124, 1.0, 0
u,0.2617361843585968, 1.0, 0
u,0.2650150656700134, 1.0, 0
u,0.42059433460235596, 1.0, 0
u,0.37949880957603455, 1.0, 0
u,0.4175015985965729, 1.0, 0
u,0.37949880957603455, 1.0, 0
u,0.2617361843585968, 1.0, 0
u,0.3000090420246124, 1.0, 0
u,0.42059433460235596, 1.0, 0
u,0.2617361843585968, 1.0, 0
u,0.37949880957603455, 1.0, 0
u,0.42059433460235596, 1.0, 0
u,0.22640974819660187, 1.0, 0
u,0.2617361843585968, 1.0, 0
u,0.4588244557380676, 1.0, 0
u,0.22640974819660187, 1.0, 0
u,0.42059433460235596, 1.0, 0
u,0.15277685225009918, 1.0, 0
u,0.12067528069019318, 1.0, 0
u,0.11505111306905746, 1.0, 0
u,0.4588244557380676, 1.0, 0
u,0.1911679208278656, 1.0, 0
u,0.22640974819660187, 1.0, 0
u,0.15277685225009918, 1.0, 0
u,0.8206153512001038, 1.0, 0
u,0.12067528069019318, 1.0, 0
u,0.169469952583313, 1.0, 0
u,0.8206153512001038, 1.0, 0
u,0.15277685225009918, 1.0, 0
u,0.49409180879592896, 1.0, 0
u,0.1911679208278656, 1.0, 0
u,0.4588244557380676, 1.0, 0
u,0.169469952583313, 1.0, 0
u,0.8130608797073364, 1.0, 0
u,0.8206153512001038, 1.0, 0
u,0.1911679208278656, 1.0, 0
u,0.8130608797073364, 1.0, 0
u,0.169469952583313, 1.0, 0
u,0.49409180879592896, 1.0, 0
u,0.8130608797073364, 1.0, 0
u,0.1911679208278656, 1.0, 0
u,0.09872560203075409, 1.0, 0
u,-1.1881274986080825e-05, 1.0, 0
u,0.49409180879592896, 1.0, 0
u,-1.1881274986080825e-05, 1.0, 0
u,0.8130608797073364, 1.0, 0
u,0.49409180879592896, 1.0, 0
u,0.6764628291130066, 1.0, 0
u,0.8130608797073364, 1.0, 0
u,-1.1881274986080825e-05, 1.0, 0
u,0.6764628291130066, 1.0, 0
u,0.8013924956321716, 1.0, 0
u,0.8130608797073364, 1.0, 0
u,0.5045042634010315, 1.0, 0
u,0.09872560203075409, 1.0, 0
u,0.49409180879592896, 1.0, 0
u,0.6840051412582397, 1.0, 0
u,0.8013924956321716, 1.0, 0
u,0.6764628291130066, 1.0, 0
u,0.5045042634010315, 1.0, 0
u,0.07362434267997742, 1.0, 0
u,0.09872560203075409, 1.0, 0
u,0.013169221580028534, 1.0, 0
u,0.6764628291130066, 1.0, 0
u,-1.1881274986080825e-05, 1.0, 0
u,0.8579383492469788, 1.0, 0
u,0.07362434267997742, 1.0, 0
u,0.5045042634010315, 1.0, 0
u,0.6971703171730042, 1.0, 0
u,0.8013924956321716, 1.0, 0
u,0.6840051412582397, 1.0, 0
u,0.8579383492469788, 1.0, 0
u,0.059082720428705215, 1.0, 0
u,0.07362434267997742, 1.0, 0
u,0.013169221580028534, 1.0, 0
u,0.656967282295227, 1.0, 0
u,0.6764628291130066, 1.0, 0
u,0.6971703171730042, 1.0, 0
u,0.7897685170173645, 1.0, 0
u,0.8013924956321716, 1.0, 0
u,0.5045042634010315, 1.0, 0
u,0.9895665049552917, 1.0, 0
u,0.8579383492469788, 1.0, 0
u,0.5181849002838135, 1.0, 0
u,0.9895665049552917, 1.0, 0
u,0.5045042634010315, 1.0, 0
u,0.7105177640914917, 1.0, 0
u,0.7897685170173645, 1.0, 0
u,0.6971703171730042, 1.0, 0
u,0.035462889820337296, 1.0, 0
u,0.656967282295227, 1.0, 0
u,0.013169221580028534, 1.0, 0
u,0.5181849002838135, 1.0, 0
u,0.9757436513900757, 1.0, 0
u,0.9895665049552917, 1.0, 0
u,0.8579383492469788, 1.0, 0
u,0.035462889820337296, 1.0, 0
u,0.059082720428705215, 1.0, 0
u,0.7105177640914917, 1.0, 0
u,0.777762770652771, 1.0, 0
u,0.7897685170173645, 1.0, 0
u,0.7191070914268494, 1.0, 0
u,0.777762770652771, 1.0, 0
u,0.7105177640914917, 1.0, 0
u,0.897092878818512, 1.0, 0
u,0.035462889820337296, 1.0, 0
u,0.8579383492469788, 1.0, 0
u,0.5309117436408997, 1.0, 0
u,0.9757436513900757, 1.0, 0
u,0.5181849002838135, 1.0, 0
u,0.897092878818512, 1.0, 0
u,0.656967282295227, 1.0, 0
u,0.035462889820337296, 1.0, 0
u,0.7276302576065063, 1.0, 0
u,0.777762770652771, 1.0, 0
u,0.7191070914268494, 1.0, 0
u,0.5309117436408997, 1.0, 0
u,0.9575443267822266, 1.0, 0
u,0.9757436513900757, 1.0, 0
u,0.897092878818512, 1.0, 0
u,0.6410870552062988, 1.0, 0
u,0.656967282295227, 1.0, 0
u,0.9111207723617554, 1.0, 0
u,0.6410870552062988, 1.0, 0
u,0.897092878818512, 1.0, 0
u,0.7276302576065063, 1.0, 0
u,0.7691495418548584, 1.0, 0
u,0.777762770652771, 1.0, 0
u,0.5309117436408997, 1.0, 0
u,0.9380435943603516, 1.0, 0
u,0.9575443267822266, 1.0, 0
u,0.5442367196083069, 1.0, 0
u,0.9380435943603516, 1.0, 0
u,0.5309117436408997, 1.0, 0
u,0.9380435943603516, 1.0, 0
u,0.6410870552062988, 1.0, 0
u,0.9111207723617554, 1.0, 0
u,0.5442367196083069, 1.0, 0
u,0.6410870552062988, 1.0, 0
u,0.9380435943603516, 1.0, 0
u,0.7393275499343872, 1.0, 0
u,0.7691495418548584, 1.0, 0
u,0.7276302576065063, 1.0, 0
u,0.5442367196083069, 1.0, 0
u,0.5997858643531799, 1.0, 0
u,0.6410870552062988, 1.0, 0
u,0.7393275499343872, 1.0, 0
u,0.7619688510894775, 1.0, 0
u,0.7691495418548584, 1.0, 0
u,0.6029411554336548, 1.0, 0
u,0.6410870552062988, 1.0, 0
u,0.5997858643531799, 1.0, 0
u,0.6029411554336548, 1.0, 0
u,0.6058830618858337, 1.0, 0
u,0.6410870552062988, 1.0, 0
u,0.5442367196083069, 1.0, 0
u,0.5737441778182983, 1.0, 0
u,0.5997858643531799, 1.0, 0
u,0.5570648908615112, 1.0, 0
u,0.5737441778182983, 1.0, 0
u,0.5442367196083069, 1.0, 0
u,0.7470588088035583, 1.0, 0
u,0.7619688510894775, 1.0, 0
u,0.7393275499343872, 1.0, 0
u,0.750202476978302, 1.0, 0
u,0.7619688510894775, 1.0, 0
u,0.7470588088035583, 1.0, 0
