v,0.0022684147115796804, -0.0009396982495673001, 0.005789118353277445
v,0.002390117384493351, -0.001150493393652141, 0.005875675473362207
v,0.0024970402009785175, -0.0013356894487515092, 0.005631279665976763
v,0.002149399137124419, -0.0007335572736337781, 0.005705955903977156
v,0.0022684147115796804, -0.0009396982495673001, 0.005789118353277445
v,0.0024970402009785175, -0.0013356894487515092, 0.005631279665976763
v,0.002033070893958211, -0.0005320706986822188, 0.005626187659800053
v,0.002149399137124419, -0.0007335572736337781, 0.005705955903977156
v,0.0024970402009785175, -0.0013356894487515092, 0.005631279665976763
v,0.002033070893958211, -0.0005320706986822188, 0.005626187659800053
v,0.0024970402009785175, -0.0013356894487515092, 0.005631279665976763
v,0.0024540447629988194, -0.0012612190330401063, 0.005332432687282562
v,0.001919429749250412, -0.00033523861202411354, 0.005549814086407423
v,0.002033070893958211, -0.0005320706986822188, 0.005626187659800053
v,0.0024540447629988194, -0.0012612190330401063, 0.005332432687282562
v,0.001808475935831666, -0.00014306086814031005, 0.005476835183799267
v,0.001919429749250412, -0.00033523861202411354, 0.005549814086407423
v,0.0024540447629988194, -0.0012612190330401063, 0.005332432687282562
v,0.0017002093372866511, 4.44624965894036e-05, 0.005407250020653009
v,0.001808475935831666, -0.00014306086814031005, 0.005476835183799267
v,0.0024540447629988194, -0.0012612190330401063, 0.005332432687282562
v,0.0015946298372000456, 0.00022733144578523934, 0.005341059993952513
v,0.0017002093372866511, 4.44624965894036e-05, 0.005407250020653009
v,0.0024540447629988194, -0.0012612190330401063, 0.005332432687282562
v,0.001491737668402493, 0.0004055460449308157, 0.005278263706713915
v,0.0015946298372000456, 0.00022733144578523934, 0.005341059993952513
v,0.0024540447629988194, -0.0012612190330401063, 0.005332432687282562
v,0.001491737668402493, 0.0004055460449308157, 0.005278263706713915
v,0.0024540447629988194, -0.0012612190330401063, 0.005332432687282562
v,0.0024116151034832, -0.0011877284850925207, 0.005033302586525679
v,0.0013915325980633497, 0.0005791062139905989, 0.00521886209025979
v,0.001491737668402493, 0.0004055460449308157, 0.005278263706713915
v,0.0024116151034832, -0.0011877284850925207, 0.005033302586525679
v,0.0012940148590132594, 0.0007480119820684195, 0.005162854678928852
v,0.0013915325980633497, 0.0005791062139905989, 0.00521886209025979
v,0.0024116151034832, -0.0011877284850925207, 0.005033302586525679
v,0.0011991843348369002, 0.0009122633491642773, 0.005110241938382387
v,0.0012940148590132594, 0.0007480119820684195, 0.005162854678928852
v,0.0024116151034832, -0.0011877284850925207, 0.005033302586525679
v,0.0011070409091189504, 0.0010718603152781725, 0.005061022937297821
v,0.0011991843348369002, 0.0009122633491642773, 0.005110241938382387
v,0.0024116151034832, -0.0011877284850925207, 0.005033302586525679
v,0.0011049549793824553, 0.0010754733812063932, 0.0049120234325528145
v,0.0011070409091189504, 0.0010718603152781725, 0.005061022937297821
v,0.0024116151034832, -0.0011877284850925207, 0.005033302586525679
v,0.0011049549793824553, 0.0010754733812063932, 0.0049120234325528145
v,0.0024116151034832, -0.0011877284850925207, 0.005033302586525679
v,0.002369750989601016, -0.0011152178049087524, 0.004733889363706112
v,0.0011003937106579542, 0.0010833736741915345, 0.0047467597760260105
v,0.0011049549793824553, 0.0010754733812063932, 0.0049120234325528145
v,0.002369750989601016, -0.0011152178049087524, 0.004733889363706112
v,0.0010933574521914124, 0.001095560728572309, 0.0045652310363948345
v,0.0011003937106579542, 0.0010833736741915345, 0.0047467597760260105
v,0.002369750989601016, -0.0011152178049087524, 0.004733889363706112
v,0.0010933574521914124, 0.001095560728572309, 0.0045652310363948345
v,0.002369750989601016, -0.0011152178049087524, 0.004733889363706112
v,0.0023284528870135546, -0.0010436872253194451, 0.004434193950146437
v,0.00108384620398283, 0.001112035010010004, 0.004367438144981861
v,0.0010933574521914124, 0.001095560728572309, 0.0045652310363948345
v,0.0023284528870135546, -0.0010436872253194451, 0.004434193950146437
v,0.00108384620398283, 0.001112035010010004, 0.004367438144981861
v,0.0023284528870135546, -0.0010436872253194451, 0.004434193950146437
v,0.0022877203300595284, -0.0009731363970786333, 0.004134215414524078
v,0.0010718597332015634, 0.0011327960528433323, 0.004153379704803228
v,0.00108384620398283, 0.001112035010010004, 0.004367438144981861
v,0.0022877203300595284, -0.0009731363970786333, 0.004134215414524078
v,0.001057398272678256, 0.0011578440899029374, 0.003923056647181511
v,0.0010718597332015634, 0.0011327960528433323, 0.004153379704803228
v,0.0022877203300595284, -0.0009731363970786333, 0.004134215414524078
v,0.001057398272678256, 0.0011578440899029374, 0.003923056647181511
v,0.0022877203300595284, -0.0009731363970786333, 0.004134215414524078
v,0.002247553551569581, -0.0009035654366016388, 0.003833953756839037
v,0.0010404617059975863, 0.0011871791211888194, 0.0036764689721167088
v,0.001057398272678256, 0.0011578440899029374, 0.003923056647181511
v,0.002247553551569581, -0.0009035654366016388, 0.003833953756839037
v,0.0010404617059975863, 0.0011871791211888194, 0.0036764689721167088
v,0.002247553551569581, -0.0009035654366016388, 0.003833953756839037
v,0.002207952318713069, -0.0008349742274731398, 0.003533409908413887
v,0.0010210501495748758, 0.0012208010302856565, 0.003413616679608822
v,0.0010404617059975863, 0.0011871791211888194, 0.0036764689721167088
v,0.002207952318713069, -0.0008349742274731398, 0.003533409908413887
v,0.0010210501495748758, 0.0012208010302856565, 0.003413616679608822
v,0.002207952318713069, -0.0008349742274731398, 0.003533409908413887
v,0.0021689170971512794, -0.0007673630025237799, 0.0032325824722647667
v,0.0009991633705794811, 0.0012587099336087704, 0.003134499303996563
v,0.0010210501495748758, 0.0012208010302856565, 0.003413616679608822
v,0.0021689170971512794, -0.0007673630025237799, 0.0032325824722647667
v,0.0009991633705794811, 0.0012587099336087704, 0.003134499303996563
v,0.0021689170971512794, -0.0007673630025237799, 0.0032325824722647667
v,0.002130447421222925, -0.0007007314707152545, 0.0029314726125448942
v,0.0009748016600497067, 0.0013009057147428393, 0.002839117543771863
v,0.0009991633705794811, 0.0012587099336087704, 0.003134499303996563
v,0.002130447421222925, -0.0007007314707152545, 0.0029314726125448942
v,0.0009748016600497067, 0.0013009057147428393, 0.002839117543771863
v,0.002130447421222925, -0.0007007314707152545, 0.0029314726125448942
v,0.00209254352375865, -0.0006350800395011902, 0.0026300796307623386
v,0.0009479648433625698, 0.0013473884901031852, 0.0025274704676121473
v,0.0009748016600497067, 0.0013009057147428393, 0.002839117543771863
v,0.00209254352375865, -0.0006350800395011902, 0.0026300796307623386
v,0.0009479648433625698, 0.0013473884901031852, 0.0025274704676121473
v,0.00209254352375865, -0.0006350800395011902, 0.0026300796307623386
v,0.0020552051719278097, -0.0005704084178432822, 0.002328404225409031
v,0.0009186529205180705, 0.001398158143274486, 0.0021995590068399906
v,0.0009479648433625698, 0.0013473884901031852, 0.0025274704676121473
v,0.0020552051719278097, -0.0005704084178432822, 0.002328404225409031
v,0.0009186529205180705, 0.001398158143274486, 0.0021995590068399906
v,0.0020552051719278097, -0.0005704084178432822, 0.002328404225409031
v,0.002018432831391692, -0.0005067164893262088, 0.00202644569799304
v,0.0008014053455553949, 0.0016012369887903333, 0.0021200031042099
v,0.0009186529205180705, 0.001398158143274486, 0.0021995590068399906
v,0.002018432831391692, -0.0005067164893262088, 0.00202644569799304
v,0.0006872692611068487, 0.0017989265033975244, 0.0020442658569663763
v,0.0008014053455553949, 0.0016012369887903333, 0.0021200031042099
v,0.002018432831391692, -0.0005067164893262088, 0.00202644569799304
v,0.003378696274012327, -0.0028627621941268444, 0.002094898372888565
v,0.003433890175074339, -0.0029583608265966177, 0.0021079103462398052
v,0.0034746224991977215, -0.0030289110727608204, 0.00202644569799304
v,0.003320037154480815, -0.002761161420494318, 0.0020830181892961264
v,0.003378696274012327, -0.0028627621941268444, 0.002094898372888565
v,0.0034746224991977215, -0.0030289110727608204, 0.00202644569799304
v,0.0032579125836491585, -0.002653558738529682, 0.0020722695626318455
v,0.003320037154480815, -0.002761161420494318, 0.0020830181892961264
v,0.0034746224991977215, -0.0030289110727608204, 0.00202644569799304
v,0.003192323260009289, -0.002539954613894224, 0.0020626522600650787
v,0.0032579125836491585, -0.002653558738529682, 0.0020722695626318455
v,0.0034746224991977215, -0.0030289110727608204, 0.00202644569799304
v,0.0031232687178999186, -0.0024203485809266567, 0.00205416651442647
v,0.003192323260009289, -0.002539954613894224, 0.0020626522600650787
v,0.0034746224991977215, -0.0030289110727608204, 0.00202644569799304
v,0.0030507491901516914, -0.002294741105288267, 0.002046812092885375
v,0.0031232687178999186, -0.0024203485809266567, 0.00205416651442647
v,0.0034746224991977215, -0.0030289110727608204, 0.00202644569799304
v,0.0029747644439339638, -0.002163131721317768, 0.002040589228272438
v,0.0030507491901516914, -0.002294741105288267, 0.002046812092885375
v,0.0034746224991977215, -0.0030289110727608204, 0.00202644569799304
v,0.000576244667172432, 0.001991226803511381, 0.0019723474979400635
v,0.0006872692611068487, 0.0017989265033975244, 0.0020442658569663763
v,0.002018432831391692, -0.0005067164893262088, 0.00202644569799304
v,0.0028953147120773792, -0.0020255206618458033, 0.0020354976877570152
v,0.0029747644439339638, -0.002163131721317768, 0.002040589228272438
v,0.0034746224991977215, -0.0030289110727608204, 0.00202644569799304
v,0.002812399994581938, -0.0018819081597030163, 0.0020315374713391066
v,0.0028953147120773792, -0.0020255206618458033, 0.0020354976877570152
v,0.0034746224991977215, -0.0030289110727608204, 0.00202644569799304
v,0.002726020058616996, -0.0017322937492281199, 0.0020287088118493557
v,0.002812399994581938, -0.0018819081597030163, 0.0020315374713391066
v,0.0034746224991977215, -0.0030289110727608204, 0.00202644569799304
v,0.0026361749041825533, -0.001576677430421114, 0.002027011476457119
v,0.002726020058616996, -0.0017322937492281199, 0.0020287088118493557
v,0.0034746224991977215, -0.0030289110727608204, 0.00202644569799304
v,0.002542864764109254, -0.0014150594361126423, 0.00202644569799304
v,0.0026361749041825533, -0.001576677430421114, 0.002027011476457119
v,0.0034746224991977215, -0.0030289110727608204, 0.00202644569799304
v,0.000576244667172432, 0.001991226803511381, 0.0019723474979400635
v,0.002018432831391692, -0.0005067164893262088, 0.00202644569799304
v,0.002542864764109254, -0.0014150594361126423, 0.00202644569799304
v,0.000576244667172432, 0.001991226803511381, 0.0019723474979400635
v,0.002542864764109254, -0.0014150594361126423, 0.00202644569799304
v,0.0034746224991977215, -0.0030289110727608204, 0.00202644569799304
v,0.000576244667172432, 0.001991226803511381, 0.0019723474979400635
v,0.0034746224991977215, -0.0030289110727608204, 0.00202644569799304
v,0.0034033404663205147, -0.002905447268858552, 0.0015071051893755794
v,0.0004683316219598055, 0.00217813765630126, 0.001904247677884996
v,0.000576244667172432, 0.001991226803511381, 0.0019723474979400635
v,0.0034033404663205147, -0.002905447268858552, 0.0015071051893755794
v,0.0003635300090536475, 0.0023596591781824827, 0.0018399666296318173
v,0.0004683316219598055, 0.00217813765630126, 0.001904247677884996
v,0.0034033404663205147, -0.002905447268858552, 0.0015071051893755794
v,0.00026183994486927986, 0.002535791601985693, 0.0017795040039345622
v,0.0003635300090536475, 0.0023596591781824827, 0.0018399666296318173
v,0.0034033404663205147, -0.002905447268858552, 0.0015071051893755794
v,0.00016326156037393957, 0.002706534694880247, 0.0017228604992851615
v,0.00026183994486927986, 0.002535791601985693, 0.0017795040039345622
v,0.0034033404663205147, -0.002905447268858552, 0.0015071051893755794
v,6.779447721783072e-05, 0.0028718882240355015, 0.0016700354171916842
v,0.00016326156037393957, 0.002706534694880247, 0.0017228604992851615
v,0.0034033404663205147, -0.002905447268858552, 0.0015071051893755794
v,-2.4561051759519614e-05, 0.0030318526551127434, 0.0016210292233154178
v,6.779447721783072e-05, 0.0028718882240355015, 0.0016700354171916842
v,0.0034033404663205147, -0.002905447268858552, 0.0015071051893755794
v,-0.00011380491923773661, 0.003186427755281329, 0.0015758414519950747
v,-2.4561051759519614e-05, 0.0030318526551127434, 0.0016210292233154178
v,0.0034033404663205147, -0.002905447268858552, 0.0015071051893755794
v,-0.0001999373489525169, 0.003335613524541259, 0.0015344723360612988
v,-0.00011380491923773661, 0.003186427755281329, 0.0015758414519950747
v,0.0034033404663205147, -0.002905447268858552, 0.0015071051893755794
v,-0.00028295835363678634, 0.003479410195723176, 0.0014969221083447337
v,-0.0001999373489525169, 0.003335613524541259, 0.0015344723360612988
v,0.0034033404663205147, -0.002905447268858552, 0.0015071051893755794
v,-0.00028295835363678634, 0.003479410195723176, 0.0014969221083447337
v,0.0034033404663205147, -0.002905447268858552, 0.0015071051893755794
v,0.003395101986825466, -0.0028911775443702936, 0.0014496833318844438
v,-0.00035424024099484086, 0.0036028739996254444, 0.0009368484606966376
v,-0.00028295835363678634, 0.003479410195723176, 0.0014969221083447337
v,0.003395101986825466, -0.0028911775443702936, 0.0014496833318844438
v,-0.00035424024099484086, 0.0036028739996254444, 0.0009368484606966376
v,0.003395101986825466, -0.0028911775443702936, 0.0014496833318844438
v,0.0033873585052788258, -0.002877765567973256, 0.0013928274856880307
v,-0.00035424024099484086, 0.0036028739996254444, 0.0009368484606966376
v,0.0033873585052788258, -0.002877765567973256, 0.0013928274856880307
v,0.0033801100216805935, -0.002865210874006152, 0.001336537185125053
v,-0.00035424024099484086, 0.0036028739996254444, 0.0009368484606966376
v,0.0033801100216805935, -0.002865210874006152, 0.001336537185125053
v,0.0033733565360307693, -0.0028535136952996254, 0.0012808128958567977
v,-0.00035424024099484086, 0.0036028739996254444, 0.0009368484606966376
v,0.0033733565360307693, -0.0028535136952996254, 0.0012808128958567977
v,0.003367098281159997, -0.002842673799023032, 0.001225653919391334
v,-0.00035424024099484086, 0.0036028739996254444, 0.0009368484606966376
v,0.003367098281159997, -0.002842673799023032, 0.001225653919391334
v,0.0033613350242376328, -0.002832691418007016, 0.001171060954220593
v,-0.00035424024099484086, 0.0036028739996254444, 0.0009368484606966376
v,0.0033613350242376328, -0.002832691418007016, 0.001171060954220593
v,0.0033560667652636766, -0.0028235665522515774, 0.0011170337675139308
v,-0.00035424024099484086, 0.0036028739996254444, 0.0009368484606966376
v,0.0033560667652636766, -0.0028235665522515774, 0.0011170337675139308
v,0.003351293271407485, -0.0028152987360954285, 0.0010635723592713475
v,-0.00035424024099484086, 0.0036028739996254444, 0.0009368484606966376
v,0.003351293271407485, -0.0028152987360954285, 0.0010635723592713475
v,0.0033470147754997015, -0.002807888202369213, 0.0010106763802468777
v,-0.00035424024099484086, 0.0036028739996254444, 0.0009368484606966376
v,0.0033470147754997015, -0.002807888202369213, 0.0010106763802468777
v,0.0033432315103709698, -0.002801335183903575, 0.000958346645347774
v,-0.00035424024099484086, 0.0036028739996254444, 0.0009368484606966376
v,0.0033432315103709698, -0.002801335183903575, 0.000958346645347774
v,0.0007760889129713178, 0.0016450864495709538, 0.0009368484606966376
v,0.0007760889129713178, 0.0016450864495709538, 0.0009368484606966376
v,0.0033432315103709698, -0.002801335183903575, 0.000958346645347774
v,0.0024461247958242893, -0.001247500884346664, 0.0009368484606966376
v,0.0024461247958242893, -0.001247500884346664, 0.0009368484606966376
v,0.0033432315103709698, -0.002801335183903575, 0.000958346645347774
v,0.002519987989217043, -0.0013754356186836958, 0.0009362825658172369
v,0.002519987989217043, -0.0013754356186836958, 0.0009362825658172369
v,0.0033432315103709698, -0.002801335183903575, 0.000958346645347774
v,0.0025939219631254673, -0.0015034929383546114, 0.0009345855796709657
v,0.0025939219631254673, -0.0015034929383546114, 0.0009345855796709657
v,0.0033432315103709698, -0.002801335183903575, 0.000958346645347774
v,0.0033399430103600025, -0.002795639680698514, 0.0009065823396667838
v,0.0007662239368073642, 0.0016621731920167804, 0.0008273088606074452
v,0.0007760889129713178, 0.0016450864495709538, 0.0009368484606966376
v,0.0019013265846297145, -0.0003038824943359941, 0.0009368484606966376
v,0.0019013265846297145, -0.0003038824943359941, 0.0009368484606966376
v,0.0007760889129713178, 0.0016450864495709538, 0.0009368484606966376
v,0.0024461247958242893, -0.001247500884346664, 0.0009368484606966376
v,0.0007662239368073642, 0.0016621731920167804, 0.0008273088606074452
v,0.0019013265846297145, -0.0003038824943359941, 0.0009368484606966376
v,0.0018717318307608366, -0.00025262284907512367, 0.0007295790128409863
v,0.002667926484718919, -0.0016316726105287671, 0.0009317569201812148
v,0.0025939219631254673, -0.0015034929383546114, 0.0009345855796709657
v,0.0033399430103600025, -0.002795639680698514, 0.0009065823396667838
v,0.002742001786828041, -0.0017599748680368066, 0.000927796820178628
v,0.002667926484718919, -0.0016316726105287671, 0.0009317569201812148
v,0.0033399430103600025, -0.002795639680698514, 0.0009065823396667838
v,0.002816147869452834, -0.001888399594463408, 0.0009227052796632051
v,0.002742001786828041, -0.0017599748680368066, 0.000927796820178628
v,0.0033399430103600025, -0.002795639680698514, 0.0009065823396667838
v,0.0028903644997626543, -0.0020169466733932495, 0.0009164822986349463
v,0.002816147869452834, -0.001888399594463408, 0.0009227052796632051
v,0.0033399430103600025, -0.002795639680698514, 0.0009065823396667838
v,0.002964652143418789, -0.0021456165704876184, 0.0009091278770938516
v,0.0028903644997626543, -0.0020169466733932495, 0.0009164822986349463
v,0.0033399430103600025, -0.002795639680698514, 0.0009065823396667838
v,0.0030390103347599506, -0.0022744087036699057, 0.0009006417822092772
v,0.002964652143418789, -0.0021456165704876184, 0.0009091278770938516
v,0.0033399430103600025, -0.002795639680698514, 0.0009065823396667838
v,0.0030390103347599506, -0.0022744087036699057, 0.0009006417822092772
v,0.0033399430103600025, -0.002795639680698514, 0.0009065823396667838
v,0.0031134390737861395, -0.002403323305770755, 0.0008910245960578322
v,0.0031134390737861395, -0.002403323305770755, 0.0008910245960578322
v,0.0033399430103600025, -0.002795639680698514, 0.0009065823396667838
v,0.003187938593327999, -0.0025323601439595222, 0.0008802757365629077
v,0.003187938593327999, -0.0025323601439595222, 0.0008802757365629077
v,0.0033399430103600025, -0.002795639680698514, 0.0009065823396667838
v,0.0032625088933855295, -0.0026615196838974953, 0.000868395552970469
v,0.0032625088933855295, -0.0026615196838974953, 0.000868395552970469
v,0.0033399430103600025, -0.002795639680698514, 0.0009065823396667838
v,0.0033371499739587307, -0.002790801925584674, 0.0008553838124498725
v,0.0007536010816693306, 0.0016840365715324879, 0.0006955646676942706
v,0.0007662239368073642, 0.0016621731920167804, 0.0008273088606074452
v,0.0018717318307608366, -0.00025262284907512367, 0.0007295790128409863
v,0.0007536010816693306, 0.0016840365715324879, 0.0006955646676942706
v,0.0018717318307608366, -0.00025262284907512367, 0.0007295790128409863
v,0.0018406519666314125, -0.00019879100727848709, 0.0005015190690755844
v,0.000738220289349556, 0.00171067682094872, 0.0005416154162958264
v,0.0007536010816693306, 0.0016840365715324879, 0.0006955646676942706
v,0.0018406519666314125, -0.00019879100727848709, 0.0005015190690755844
v,0.0007200815598480403, 0.0017420940566807985, 0.0003654611064121127
v,0.000738220289349556, 0.00171067682094872, 0.0005416154162958264
v,0.0018406519666314125, -0.00019879100727848709, 0.0005015190690755844
v,0.0007200815598480403, 0.0017420940566807985, 0.0003654611064121127
v,0.0018406519666314125, -0.00019879100727848709, 0.0005015190690755844
v,0.0018080872250720859, -0.0001423870271537453, 0.0002526685129851103
v,0.0006991849513724446, 0.0017782881623134017, 0.00016710198542568833
v,0.0007200815598480403, 0.0017420940566807985, 0.0003654611064121127
v,0.0018080872250720859, -0.0001423870271537453, 0.0002526685129851103
v,0.0006991849513724446, 0.0017782881623134017, 0.00016710198542568833
v,0.0018080872250720859, -0.0001423870271537453, 0.0002526685129851103
v,0.0017740372568368912, -8.341084321727976e-05, -1.6972819139482453e-05
v,0.000675530347507447, 0.0018192591378465295, -5.346221223589964e-05
v,0.0006991849513724446, 0.0017782881623134017, 0.00016710198542568833
v,0.0017740372568368912, -8.341084321727976e-05, -1.6972819139482453e-05
v,0.000675530347507447, 0.0018192591378465295, -5.346221223589964e-05
v,0.0017740372568368912, -8.341084321727976e-05, -1.6972819139482453e-05
v,0.001738502411171794, -2.1862550056539476e-05, -0.0003074046107940376
v,0.0006491178646683693, 0.0018650069832801819, -0.0002962312428280711
v,0.000675530347507447, 0.0018192591378465295, -5.346221223589964e-05
v,0.001738502411171794, -2.1862550056539476e-05, -0.0003074046107940376
v,0.0006199474446475506, 0.001915531582199037, -0.0005612052045762539
v,0.0006491178646683693, 0.0018650069832801819, -0.0002962312428280711
v,0.001738502411171794, -2.1862550056539476e-05, -0.0003074046107940376
v,0.0006199474446475506, 0.001915531582199037, -0.0005612052045762539
v,0.001738502411171794, -2.1862550056539476e-05, -0.0003074046107940376
v,0.0017014823388308287, 4.225796874379739e-05, -0.0006186270038597286
v,0.00058801902923733, 0.0019708331674337387, -0.0008483842248097062
v,0.0006199474446475506, 0.001915531582199037, -0.0005612052045762539
v,0.0017014823388308287, 4.225796874379739e-05, -0.0006186270038597286
v,0.00058801902923733, 0.0019708331674337387, -0.0008483842248097062
v,0.0017014823388308287, 4.225796874379739e-05, -0.0006186270038597286
v,0.0016629773890599608, 0.00010895061132032424, -0.0009506400092504919
v,0.0005533326184377074, 0.0020309118553996086, -0.0011577680706977844
v,0.00058801902923733, 0.0019708331674337387, -0.0008483842248097062
v,0.0016629773890599608, 0.00010895061132032424, -0.0009506400092504919
v,0.0005533326184377074, 0.0020309118553996086, -0.0011577680706977844
v,0.0016629773890599608, 0.00010895061132032424, -0.0009506400092504919
v,0.0016229873290285468, 0.00017821545770857483, -0.0013034435687586665
v,0.0005158883286640048, 0.0020957672968506813, -0.0014893568586558104
v,0.0005533326184377074, 0.0020309118553996086, -0.0011577680706977844
v,0.0016229873290285468, 0.00017821545770857483, -0.0013034435687586665
v,0.0005158883286640048, 0.0020957672968506813, -0.0014893568586558104
v,0.0016229873290285468, 0.00017821545770857483, -0.0013034435687586665
v,0.0015815122751519084, 0.0002500524278730154, -0.0016770377987995744
v,0.00047568618902005255, 0.002165399491786957, -0.0018431504722684622
v,0.0005158883286640048, 0.0020957672968506813, -0.0014893568586558104
v,0.0015815122751519084, 0.0002500524278730154, -0.0016770377987995744
v,0.00047568618902005255, 0.002165399491786957, -0.0018431504722684622
v,0.0015815122751519084, 0.0002500524278730154, -0.0016770377987995744
v,0.0015385521110147238, 0.00032446160912513733, -0.0020714225247502327
v,0.00041439273627474904, 0.002271563047543168, -0.0023797452449798584
v,0.00047568618902005255, 0.002165399491786957, -0.0018431504722684622
v,0.0015385521110147238, 0.00032446160912513733, -0.0020714225247502327
v,0.00041439273627474904, 0.002271563047543168, -0.0023797452449798584
v,0.0015385521110147238, 0.00032446160912513733, -0.0020714225247502327
v,0.0014941069530323148, 0.0004014429578091949, -0.002486597979441285
v,0.0003578019968699664, 0.0023695810232311487, -0.0028761737048625946
v,0.00041439273627474904, 0.002271563047543168, -0.0023797452449798584
v,0.0014941069530323148, 0.0004014429578091949, -0.002486597979441285
v,0.0003578019968699664, 0.0023695810232311487, -0.0028761737048625946
v,0.0014941069530323148, 0.0004014429578091949, -0.002486597979441285
v,0.0014481766847893596, 0.0004809964448213577, -0.0029225635807961226
v,0.00030591394170187414, 0.002459453884512186, -0.00333243515342474
v,0.0003578019968699664, 0.0023695810232311487, -0.0028761737048625946
v,0.0014481766847893596, 0.0004809964448213577, -0.0029225635807961226
v,0.00030591394170187414, 0.002459453884512186, -0.00333243515342474
v,0.0014481766847893596, 0.0004809964448213577, -0.0029225635807961226
v,0.0014132075011730194, 0.0005415648920461535, -0.003257758915424347
v,0.00030591394170187414, 0.002459453884512186, -0.00333243515342474
v,0.0014132075011730194, 0.0005415648920461535, -0.003257758915424347
v,0.0013812790857627988, 0.0005968665354885161, -0.0035708907525986433
v,0.0002587285125628114, 0.0025411813985556364, -0.0037485298234969378
v,0.00030591394170187414, 0.002459453884512186, -0.00333243515342474
v,0.0013812790857627988, 0.0005968665354885161, -0.0035708907525986433
v,0.0002587285125628114, 0.0025411813985556364, -0.0037485298234969378
v,0.0013812790857627988, 0.0005968665354885161, -0.0035708907525986433
v,0.0013523915549740195, 0.0006469013751484454, -0.003861958859488368
v,0.00021624576766043901, 0.0026147637981921434, -0.004124457947909832
v,0.0002587285125628114, 0.0025411813985556364, -0.0037485298234969378
v,0.0013523915549740195, 0.0006469013751484454, -0.003861958859488368
v,0.00021624576766043901, 0.0026147637981921434, -0.004124457947909832
v,0.0013523915549740195, 0.0006469013751484454, -0.003861958859488368
v,0.001326544675976038, 0.0006916694110259414, -0.004130963701754808
v,0.00017846563423518091, 0.002680201083421707, -0.004460218828171492
v,0.00021624576766043901, 0.0026147637981921434, -0.004124457947909832
v,0.001326544675976038, 0.0006916694110259414, -0.004130963701754808
v,0.00017846563423518091, 0.002680201083421707, -0.004460218828171492
v,0.001326544675976038, 0.0006916694110259414, -0.004130963701754808
v,0.0013037386815994978, 0.0007311705267056823, -0.004377904813736677
v,0.00017846563423518091, 0.002680201083421707, -0.004460218828171492
v,0.0013037386815994978, 0.0007311705267056823, -0.004377904813736677
v,0.001283973571844399, 0.0007654048968106508, -0.004602782893925905
v,0.00014538809773512185, 0.002737493021413684, -0.004755813162773848
v,0.00017846563423518091, 0.002680201083421707, -0.004460218828171492
v,0.001283973571844399, 0.0007654048968106508, -0.004602782893925905
v,0.00014538809773512185, 0.002737493021413684, -0.004755813162773848
v,0.001283973571844399, 0.0007654048968106508, -0.004602782893925905
v,0.0012672491138800979, 0.0007943724049255252, -0.004805597476661205
v,0.0025804860051721334, -0.0014802208170294762, -0.004817266017198563
v,0.002639604965224862, -0.0015826176386326551, -0.004714798182249069
v,0.002761802403256297, -0.0017942700069397688, -0.005285053979605436
v,0.00011701326729962602, 0.0027866396121680737, -0.005011240020394325
v,0.00014538809773512185, 0.002737493021413684, -0.004755813162773848
v,0.0012672491138800979, 0.0007943724049255252, -0.004805597476661205
v,0.00011701326729962602, 0.0027866396121680737, -0.005011240020394325
v,0.0012672491138800979, 0.0007943724049255252, -0.004805597476661205
v,0.0012535655405372381, 0.0008180731092579663, -0.00498634809628129
v,0.0025202357210218906, -0.0013758642598986626, -0.004917612299323082
v,0.0025804860051721334, -0.0014802208170294762, -0.004817266017198563
v,0.002761802403256297, -0.0017942700069397688, -0.005285053979605436
v,0.0024588541127741337, -0.0012695479672402143, -0.005015837028622627
v,0.0025202357210218906, -0.0013758642598986626, -0.004917612299323082
v,0.002761802403256297, -0.0017942700069397688, -0.005285053979605436
v,0.00011701326729962602, 0.0027866396121680737, -0.005011240020394325
v,0.0012535655405372381, 0.0008180731092579663, -0.00498634809628129
v,0.001242922735400498, 0.0008365070098079741, -0.005145035218447447
v,9.33409173740074e-05, 0.0028276413213461637, -0.005226500332355499
v,0.00011701326729962602, 0.0027866396121680737, -0.005011240020394325
v,0.001242922735400498, 0.0008365070098079741, -0.005145035218447447
v,0.0023963407147675753, -0.0011612718226388097, -0.005111940670758486
v,0.0024588541127741337, -0.0012695479672402143, -0.005015837028622627
v,0.002761802403256297, -0.0017942700069397688, -0.005285053979605436
v,0.0023326962254941463, -0.0010510360589250922, -0.005205922294408083
v,0.0023963407147675753, -0.0011612718226388097, -0.005111940670758486
v,0.002761802403256297, -0.0017942700069397688, -0.005285053979605436
v,9.33409173740074e-05, 0.0028276413213461637, -0.005226500332355499
v,0.001242922735400498, 0.0008365070098079741, -0.005145035218447447
v,0.0012353206984698772, 0.0008496740483678877, -0.005281659308820963
v,0.0022679201792925596, -0.0009388405596837401, -0.005297782830893993
v,0.0023326962254941463, -0.0010510360589250922, -0.005205922294408083
v,0.002761802403256297, -0.0017942700069397688, -0.005285053979605436
v,7.437139720423147e-05, 0.002860497683286667, -0.00540159409865737
v,9.33409173740074e-05, 0.0028276413213461637, -0.005226500332355499
v,0.0012353206984698772, 0.0008496740483678877, -0.005281659308820963
v,7.437139720423147e-05, 0.002860497683286667, -0.00540159409865737
v,0.0012353206984698772, 0.0008496740483678877, -0.005281659308820963
v,0.001230759546160698, 0.000857574341353029, -0.005396219901740551
v,0.0022679201792925596, -0.0009388405596837401, -0.005297782830893993
v,0.002761802403256297, -0.0017942700069397688, -0.005285053979605436
v,0.001998066669330001, -0.00047144072595983744, -0.006405200343579054
v,0.0022020123433321714, -0.0008246852084994316, -0.00538752181455493
v,0.0022679201792925596, -0.0009388405596837401, -0.005297782830893993
v,0.001998066669330001, -0.00047144072595983744, -0.006405200343579054
v,0.0021349734161049128, -0.0007085701217874885, -0.005475139245390892
v,0.0022020123433321714, -0.0008246852084994316, -0.00538752181455493
v,0.001998066669330001, -0.00047144072595983744, -0.006405200343579054
v,7.437139720423147e-05, 0.002860497683286667, -0.00540159409865737
v,0.001230759546160698, 0.000857574341353029, -0.005396219901740551
v,0.0012292391620576382, 0.0008602077723480761, -0.005488716997206211
v,6.010435754433274e-05, 0.002885208697989583, -0.005536521319299936
v,7.437139720423147e-05, 0.002860497683286667, -0.00540159409865737
v,0.0012292391620576382, 0.0008602077723480761, -0.005488716997206211
v,0.0020668029319494963, -0.0005904953577555716, -0.00556063512340188
v,0.0021349734161049128, -0.0007085701217874885, -0.005475139245390892
v,0.001998066669330001, -0.00047144072595983744, -0.006405200343579054
v,6.010435754433274e-05, 0.002885208697989583, -0.005536521319299936
v,0.0012292391620576382, 0.0008602077723480761, -0.005488716997206211
v,0.0012297341600060463, 0.0008593503735028207, -0.005532030947506428
v,6.010435754433274e-05, 0.002885208697989583, -0.005536521319299936
v,0.0012297341600060463, 0.0008593503735028207, -0.005532030947506428
v,0.0012312192702665925, 0.0008567781769670546, -0.005573717877268791
v,5.0540027586976066e-05, 0.002901774598285556, -0.005631281062960625
v,6.010435754433274e-05, 0.002885208697989583, -0.005536521319299936
v,0.0012312192702665925, 0.0008567781769670546, -0.005573717877268791
v,0.001997500890865922, -0.0004704607999883592, -0.005644009914249182
v,0.0020668029319494963, -0.0005904953577555716, -0.00556063512340188
v,0.001998066669330001, -0.00047144072595983744, -0.006405200343579054
v,5.0540027586976066e-05, 0.002901774598285556, -0.005631281062960625
v,0.0012312192702665925, 0.0008567781769670546, -0.005573717877268791
v,0.0012336942600086331, 0.0008524912409484386, -0.005613778717815876
v,5.0540027586976066e-05, 0.002901774598285556, -0.005631281062960625
v,0.0012336942600086331, 0.0008524912409484386, -0.005613778717815876
v,0.0012371593620628119, 0.0008464895072393119, -0.005652212537825108
v,4.362740583019331e-05, 0.0029137476813048124, -0.005705179646611214
v,5.0540027586976066e-05, 0.002901774598285556, -0.005631281062960625
v,0.0012371593620628119, 0.0008464895072393119, -0.005652212537825108
v,0.0019270675256848335, -0.0003484664484858513, -0.005725262686610222
v,0.001997500890865922, -0.0004704607999883592, -0.005644009914249182
v,0.001998066669330001, -0.00047144072595983744, -0.006405200343579054
v,4.362740583019331e-05, 0.0029137476813048124, -0.005705179646611214
v,0.0012371593620628119, 0.0008464895072393119, -0.005652212537825108
v,0.0012416144600138068, 0.0008387730340473354, -0.0056890202686190605
v,4.362740583019331e-05, 0.0029137476813048124, -0.005705179646611214
v,0.0012416144600138068, 0.0008387730340473354, -0.0056890202686190605
v,0.0012470596702769399, 0.0008293417631648481, -0.005724201910197735
v,3.731594915734604e-05, 0.002924679545685649, -0.0057775224559009075
v,4.362740583019331e-05, 0.0029137476813048124, -0.005705179646611214
v,0.0012470596702769399, 0.0008293417631648481, -0.005724201910197735
v,3.731594915734604e-05, 0.002924679545685649, -0.0057775224559009075
v,0.0012470596702769399, 0.0008293417631648481, -0.005724201910197735
v,0.0012534948764368892, 0.00081819569459185, -0.005757756996899843
v,0.0018555026035755873, -0.00022451237600762397, -0.005804394371807575
v,0.0019270675256848335, -0.0003484664484858513, -0.005725262686610222
v,0.001998066669330001, -0.00047144072595983744, -0.006405200343579054
v,3.731594915734604e-05, 0.002924679545685649, -0.0057775224559009075
v,0.0012534948764368892, 0.00081819569459185, -0.005757756996899843
v,0.0012609200784936547, 0.0008053348283283412, -0.005789685528725386
v,3.160554842907004e-05, 0.0029345701914280653, -0.005848309490829706
v,3.731594915734604e-05, 0.002924679545685649, -0.0057775224559009075
v,0.0012609200784936547, 0.0008053348283283412, -0.005789685528725386
v,3.160554842907004e-05, 0.0029345701914280653, -0.005848309490829706
v,0.0012609200784936547, 0.0008053348283283412, -0.005789685528725386
v,0.0012693352764472365, 0.0007907592225819826, -0.005819987505674362
v,0.0018186593661084771, -0.00016069806588348, -0.005843429360538721
v,0.0018555026035755873, -0.00022451237600762397, -0.005804394371807575
v,0.001998066669330001, -0.00047144072595983744, -0.006405200343579054
v,3.160554842907004e-05, 0.0029345701914280653, -0.005848309490829706
v,0.0012693352764472365, 0.0007907592225819826, -0.005819987505674362
v,0.0012787405867129564, 0.0007744688191451132, -0.005848662927746773
v,0.001782806240953505, -9.859863348538056e-05, -0.005879070609807968
v,0.0018186593661084771, -0.00016069806588348, -0.005843429360538721
v,0.001998066669330001, -0.00047144072595983744, -0.006405200343579054
v,2.6496316422708333e-05, 0.0029434196185320616, -0.00591754075139761
v,3.160554842907004e-05, 0.0029345701914280653, -0.005848309490829706
v,0.0012787405867129564, 0.0007744688191451132, -0.005848662927746773
v,2.6496316422708333e-05, 0.0029434196185320616, -0.00591754075139761
v,0.0012787405867129564, 0.0007744688191451132, -0.005848662927746773
v,0.0012891357764601707, 0.000756463676225394, -0.005875712260603905
v,2.6496316422708333e-05, 0.0029434196185320616, -0.00591754075139761
v,0.0012891357764601707, 0.000756463676225394, -0.005875712260603905
v,0.001300521194934845, 0.000736743735615164, -0.0059011345729231834
v,0.0017479431116953492, -3.82139187422581e-05, -0.005911317653954029
v,0.001782806240953505, -9.859863348538056e-05, -0.005879070609807968
v,0.001998066669330001, -0.00047144072595983744, -0.006405200343579054
v,2.6496316422708333e-05, 0.0029434196185320616, -0.00591754075139761
v,0.001300521194934845, 0.000736743735615164, -0.0059011345729231834
v,0.0013126489939168096, 0.0007157376385293901, -0.005924717988818884
v,0.0017140699783340096, 2.0455998310353607e-05, -0.005940169561654329
v,0.0017479431116953492, -3.82139187422581e-05, -0.005911317653954029
v,0.001998066669330001, -0.00047144072595983744, -0.006405200343579054
v,2.1988251319271512e-05, 0.0029512278269976377, -0.005985216237604618
v,2.6496316422708333e-05, 0.0029434196185320616, -0.00591754075139761
v,0.0013126489939168096, 0.0007157376385293901, -0.005924717988818884
v,2.1988251319271512e-05, 0.0029512278269976377, -0.005985216237604618
v,0.0013126489939168096, 0.0007157376385293901, -0.005924717988818884
v,0.001325271907262504, 0.0006938742008060217, -0.005946251098066568
v,0.0016811869572848082, 7.741111767245457e-05, -0.005965627264231443
v,0.0017140699783340096, 2.0455998310353607e-05, -0.005940169561654329
v,0.001998066669330001, -0.00047144072595983744, -0.006405200343579054
v,2.1988251319271512e-05, 0.0029512278269976377, -0.005985216237604618
v,0.001325271907262504, 0.0006938742008060217, -0.005946251098066568
v,0.001338389702141285, 0.0006711533642373979, -0.00596573343500495
v,0.001649293932132423, 0.00013265149027574807, -0.005987690761685371
v,0.0016811869572848082, 7.741111767245457e-05, -0.005965627264231443
v,0.001998066669330001, -0.00047144072595983744, -0.006405200343579054
v,2.1988251319271512e-05, 0.0029512278269976377, -0.005985216237604618
v,0.001338389702141285, 0.0006711533642373979, -0.00596573343500495
v,0.0013520026113837957, 0.0006475751870311797, -0.005983165465295315
v,2.1988251319271512e-05, 0.0029512278269976377, -0.005985216237604618
v,0.0013520026113837957, 0.0006475751870311797, -0.005983165465295315
v,0.0013661105185747147, 0.0006231395527720451, -0.005998546257615089
v,1.808124034141656e-05, 0.0029579950496554375, -0.006051335949450731
v,2.1988251319271512e-05, 0.0029512278269976377, -0.005985216237604618
v,0.0013661105185747147, 0.0006231395527720451, -0.005998546257615089
v,0.001618390902876854, 0.00018617707246448845, -0.006006360054016113
v,0.001649293932132423, 0.00013265149027574807, -0.005987690761685371
v,0.001998066669330001, -0.00047144072595983744, -0.006405200343579054
v,1.808124034141656e-05, 0.0029579950496554375, -0.006051335949450731
v,0.0013661105185747147, 0.0006231395527720451, -0.005998546257615089
v,0.0013807134237140417, 0.0005978465196676552, -0.0060118758119642735
v,0.001588477985933423, 0.0002379878715146333, -0.006021634675562382
v,0.001618390902876854, 0.00018617707246448845, -0.006006360054016113
v,0.001998066669330001, -0.00047144072595983744, -0.006405200343579054
v,1.808124034141656e-05, 0.0029579950496554375, -0.006051335949450731
v,0.0013807134237140417, 0.0005978465196676552, -0.0060118758119642735
v,0.0013958114432170987, 0.00057169608771801, -0.0060231550596654415
v,0.0015595549484714866, 0.0002880839165300131, -0.006033515091985464
v,0.001588477985933423, 0.0002379878715146333, -0.006021634675562382
v,0.001998066669330001, -0.00047144072595983744, -0.006405200343579054
v,1.808124034141656e-05, 0.0029579950496554375, -0.006051335949450731
v,0.0013958114432170987, 0.00057169608771801, -0.0060231550596654415
v,0.001411404344253242, 0.0005446883151307702, -0.006032383535057306
v,1.808124034141656e-05, 0.0029579950496554375, -0.006051335949450731
v,0.001411404344253242, 0.0005446883151307702, -0.006032383535057306
v,0.0014274923596531153, 0.0005168231436982751, -0.006039561703801155
v,0.0015316220233216882, 0.0003364651638548821, -0.00604200130328536
v,0.0015595549484714866, 0.0002880839165300131, -0.006033515091985464
v,0.001998066669330001, -0.00047144072595983744, -0.006405200343579054
v,1.808124034141656e-05, 0.0029579950496554375, -0.006051335949450731
v,0.0014274923596531153, 0.0005168231436982751, -0.006039561703801155
v,0.0014440753730013967, 0.0004881005734205246, -0.006044688634574413
v,0.0015046792104840279, 0.0003831316134892404, -0.006047092843800783
v,0.0015316220233216882, 0.0003364651638548821, -0.00604200130328536
v,0.001998066669330001, -0.00047144072595983744, -0.006405200343579054
v,1.808124034141656e-05, 0.0029579950496554375, -0.006051335949450731
v,0.0014440753730013967, 0.0004881005734205246, -0.006044688634574413
v,0.0014611532678827643, 0.0004585206334013492, -0.006047764327377081
v,0.001478726277127862, 0.00042808332364074886, -0.0060487897135317326
v,0.0015046792104840279, 0.0003831316134892404, -0.006047092843800783
v,0.001998066669330001, -0.00047144072595983744, -0.006405200343579054
v,1.808124034141656e-05, 0.0029579950496554375, -0.006051335949450731
v,0.0014611532678827643, 0.0004585206334013492, -0.006047764327377081
v,0.001478726277127862, 0.00042808332364074886, -0.0060487897135317326
v,1.808124034141656e-05, 0.0029579950496554375, -0.006051335949450731
v,0.001478726277127862, 0.00042808332364074886, -0.0060487897135317326
v,0.001998066669330001, -0.00047144072595983744, -0.006405200343579054
v,1.4775163435842842e-05, 0.0029637212865054607, -0.006115899421274662
v,1.808124034141656e-05, 0.0029579950496554375, -0.006051335949450731
v,0.001998066669330001, -0.00047144072595983744, -0.006405200343579054
v,1.2070255252183415e-05, 0.002968406304717064, -0.006178908050060272
v,1.4775163435842842e-05, 0.0029637212865054607, -0.006115899421274662
v,0.001998066669330001, -0.00047144072595983744, -0.006405200343579054
v,9.966400284611154e-06, 0.002972050104290247, -0.0062403604388237
v,1.2070255252183415e-05, 0.002968406304717064, -0.006178908050060272
v,0.001998066669330001, -0.00047144072595983744, -0.006405200343579054
v,8.463713129458483e-06, 0.0029746529180556536, -0.0063002570532262325
v,9.966400284611154e-06, 0.002972050104290247, -0.0062403604388237
v,0.001998066669330001, -0.00047144072595983744, -0.006405200343579054
v,7.5621956057148054e-06, 0.00297621451318264, -0.006358598358929157
v,8.463713129458483e-06, 0.0029746529180556536, -0.0063002570532262325
v,0.001998066669330001, -0.00047144072595983744, -0.006405200343579054
v,7.261613063747063e-06, 0.00297673512250185, -0.0064153834246098995
v,7.5621956057148054e-06, 0.00297621451318264, -0.006358598358929157
v,0.001998066669330001, -0.00047144072595983744, -0.006405200343579054
v,7.261613063747063e-06, 0.00297673512250185, -0.0064153834246098995
v,0.001998066669330001, -0.00047144072595983744, -0.006405200343579054
v,0.001901574432849884, -0.00030431104823946953, -0.006535530090332031
v,8.35778428154299e-06, 0.0029748366214334965, -0.0065186298452317715
v,7.261613063747063e-06, 0.00297673512250185, -0.0064153834246098995
v,0.001901574432849884, -0.00030431104823946953, -0.006535530090332031
v,1.1646171515167225e-05, 0.002969140885397792, -0.006617915350943804
v,8.35778428154299e-06, 0.0029748366214334965, -0.0065186298452317715
v,0.001901574432849884, -0.00030431104823946953, -0.006535530090332031
v,1.1646171515167225e-05, 0.002969140885397792, -0.006617915350943804
v,0.001901574432849884, -0.00030431104823946953, -0.006535530090332031
v,0.0018089713994413614, -0.000143918048706837, -0.006658364087343216
v,1.712665834929794e-05, 0.0029596483800560236, -0.006713240873068571
v,1.1646171515167225e-05, 0.002969140885397792, -0.006617915350943804
v,0.0018089713994413614, -0.000143918048706837, -0.006658364087343216
v,1.712665834929794e-05, 0.0029596483800560236, -0.006713240873068571
v,0.0018089713994413614, -0.000143918048706837, -0.006658364087343216
v,0.0017202579183503985, 9.738385415403172e-06, -0.006773702334612608
v,2.4799363018246368e-05, 0.002946358872577548, -0.006804605945944786
v,1.712665834929794e-05, 0.0029596483800560236, -0.006713240873068571
v,0.0017202579183503985, 9.738385415403172e-06, -0.006773702334612608
v,2.4799363018246368e-05, 0.002946358872577548, -0.006804605945944786
v,0.0017202579183503985, 9.738385415403172e-06, -0.006773702334612608
v,0.00163543364033103, 0.00015665822138544172, -0.006881544832140207
v,3.4664284612517804e-05, 0.002929272362962365, -0.006892011500895023
v,2.4799363018246368e-05, 0.002946358872577548, -0.006804605945944786
v,0.00163543364033103, 0.00015665822138544172, -0.006881544832140207
v,3.4664284612517804e-05, 0.002929272362962365, -0.006892011500895023
v,0.00163543364033103, 0.00015665822138544172, -0.006881544832140207
v,0.001554498914629221, 0.0002968413755297661, -0.006981891114264727
v,4.672142313211225e-05, 0.002908388851210475, -0.006975456606596708
v,3.4664284612517804e-05, 0.002929272362962365, -0.006892011500895023
v,0.001554498914629221, 0.0002968413755297661, -0.006981891114264727
v,6.0970778577029705e-05, 0.002883708104491234, -0.007054941263049841
v,4.672142313211225e-05, 0.002908388851210475, -0.006975456606596708
v,0.001554498914629221, 0.0002968413755297661, -0.006981891114264727
v,6.0970778577029705e-05, 0.002883708104491234, -0.007054941263049841
v,0.001554498914629221, 0.0002968413755297661, -0.006981891114264727
v,0.001477453508414328, 0.00043028793879784644, -0.007074741646647453
v,7.741234730929136e-05, 0.002855230588465929, -0.007130466401576996
v,6.0970778577029705e-05, 0.002883708104491234, -0.007054941263049841
v,0.001477453508414328, 0.00043028793879784644, -0.007074741646647453
v,7.741234730929136e-05, 0.002855230588465929, -0.007130466401576996
v,0.001477453508414328, 0.00043028793879784644, -0.007074741646647453
v,0.0014042975381016731, 0.0005569978966377676, -0.007160096429288387
v,9.604602382751182e-05, 0.002822956070303917, -0.0072020310908555984
v,7.741234730929136e-05, 0.002855230588465929, -0.007130466401576996
v,0.0014042975381016731, 0.0005569978966377676, -0.007160096429288387
v,9.604602382751182e-05, 0.002822956070303917, -0.0072020310908555984
v,0.0014042975381016731, 0.0005569978966377676, -0.007160096429288387
v,0.0013350308872759342, 0.000676971219945699, -0.007237954530864954
v,0.0001168720264104195, 0.0027868845500051975, -0.007269635330885649
v,9.604602382751182e-05, 0.002822956070303917, -0.0072020310908555984
v,0.0013350308872759342, 0.000676971219945699, -0.007237954530864954
v,0.0001168720264104195, 0.0027868845500051975, -0.007269635330885649
v,0.0013350308872759342, 0.000676971219945699, -0.007237954530864954
v,0.0012696536723524332, 0.0007902078796178102, -0.007308317814022303
v,0.00013989002036396414, 0.002747016027569771, -0.007333280518651009
v,0.0001168720264104195, 0.0027868845500051975, -0.007269635330885649
v,0.0012696536723524332, 0.0007902078796178102, -0.007308317814022303
v,0.00013989002036396414, 0.002747016027569771, -0.007333280518651009
v,0.0012696536723524332, 0.0007902078796178102, -0.007308317814022303
v,0.0012081657769158483, 0.0008967079338617623, -0.007371184881776571
v,0.00016510045679751784, 0.002703350270166993, -0.007392964791506529
v,0.00013989002036396414, 0.002747016027569771, -0.007333280518651009
v,0.0012081657769158483, 0.0008967079338617623, -0.007371184881776571
v,0.00016510045679751784, 0.002703350270166993, -0.007392964791506529
v,0.0012081657769158483, 0.0008967079338617623, -0.007371184881776571
v,0.0011505673173815012, 0.000996471382677555, -0.007426556199789047
v,0.00019211405015084893, 0.0026565613225102425, -0.007448266260325909
v,0.00016510045679751784, 0.002703350270166993, -0.007392964791506529
v,0.0011505673173815012, 0.000996471382677555, -0.007426556199789047
v,0.00019211405015084893, 0.0026565613225102425, -0.007448266260325909
v,0.0011505673173815012, 0.000996471382677555, -0.007426556199789047
v,0.001096858293749392, 0.0010894981678575277, -0.007474430371075869
v,0.00022054197324905545, 0.0026073227636516094, -0.007498757913708687
v,0.00019211405015084893, 0.0026565613225102425, -0.007448266260325909
v,0.001096858293749392, 0.0010894981678575277, -0.007474430371075869
v,0.00022054197324905545, 0.0026073227636516094, -0.007498757913708687
v,0.001096858293749392, 0.0010894981678575277, -0.007474430371075869
v,0.0010458366014063358, 0.0011778705520555377, -0.007516718935221434
v,0.0002503842406440526, 0.0025556343607604504, -0.007544440217316151
v,0.00022054197324905545, 0.0026073227636516094, -0.007498757913708687
v,0.0010458366014063358, 0.0011778705520555377, -0.007516718935221434
v,0.0002503842406440526, 0.0025556343607604504, -0.007544440217316151
v,0.0010458366014063358, 0.0011778705520555377, -0.007516718935221434
v,0.0009962997864931822, 0.0012636706233024597, -0.007555330637842417
v,0.00028164093964733183, 0.002501496346667409, -0.007585314102470875
v,0.0002503842406440526, 0.0025556343607604504, -0.007544440217316151
v,0.0009962997864931822, 0.0012636706233024597, -0.007555330637842417
v,0.00028164093964733183, 0.002501496346667409, -0.007585314102470875
v,0.0009962997864931822, 0.0012636706233024597, -0.007555330637842417
v,0.0009482480236329138, 0.0013468987308442593, -0.007590264547616243
v,0.00031431185198016465, 0.0024449084885418415, -0.007621379103511572
v,0.00028164093964733183, 0.002501496346667409, -0.007585314102470875
v,0.0009482480236329138, 0.0013468987308442593, -0.007590264547616243
v,0.00031431185198016465, 0.0024449084885418415, -0.007621379103511572
v,0.0009482480236329138, 0.0013468987308442593, -0.007590264547616243
v,0.0009016813710331917, 0.0014275546418502927, -0.007621521130204201
v,0.0003483972104731947, 0.0023858710192143917, -0.007652635686099529
v,0.00031431185198016465, 0.0024449084885418415, -0.007621379103511572
v,0.0009016813710331917, 0.0014275546418502927, -0.007621521130204201
v,0.0003483972104731947, 0.0023858710192143917, -0.007652635686099529
v,0.0009016813710331917, 0.0014275546418502927, -0.007621521130204201
v,0.0008565997122786939, 0.00150563835632056, -0.007649099919945002
v,0.0003483972104731947, 0.0023858710192143917, -0.007652635686099529
v,0.0008565997122786939, 0.00150563835632056, -0.007649099919945002
v,0.0008130031055770814, 0.0015811498742550611, -0.0076730018481612206
v,0.00038389666588045657, 0.002324384171515703, -0.007679083850234747
v,0.0003483972104731947, 0.0023858710192143917, -0.007652635686099529
v,0.0008130031055770814, 0.0015811498742550611, -0.0076730018481612206
v,0.00038389666588045657, 0.002324384171515703, -0.007679083850234747
v,0.0008130031055770814, 0.0015811498742550611, -0.0076730018481612206
v,0.0007708914927206933, 0.001654089312069118, -0.00769322644919157
v,0.0004208105674479157, 0.002260447246953845, -0.007700723130255938
v,0.00038389666588045657, 0.002324384171515703, -0.007679083850234747
v,0.0007708914927206933, 0.001654089312069118, -0.00769322644919157
v,0.0004208105674479157, 0.002260447246953845, -0.007700723130255938
v,0.0007708914927206933, 0.001654089312069118, -0.00769322644919157
v,0.0007302649901248515, 0.0017244565533474088, -0.007709773723036051
v,0.0004591387987602502, 0.002194060944020748, -0.007717553526163101
v,0.0004208105674479157, 0.002260447246953845, -0.007700723130255938
v,0.0007302649901248515, 0.0017244565533474088, -0.007709773723036051
v,0.0004591387987602502, 0.002194060944020748, -0.007717553526163101
v,0.0007302649901248515, 0.0017244565533474088, -0.007709773723036051
v,0.000691123481374234, 0.0017922515980899334, -0.007722643669694662
v,0.0004988813307136297, 0.0021252247970551252, -0.007729575503617525
v,0.0004591387987602502, 0.002194060944020748, -0.007717553526163101
v,0.000691123481374234, 0.0017922515980899334, -0.007722643669694662
v,0.0004988813307136297, 0.0021252247970551252, -0.007729575503617525
v,0.000691123481374234, 0.0017922515980899334, -0.007722643669694662
v,0.0006534670828841627, 0.001857474446296692, -0.0077318367548286915
v,0.0005400382215157151, 0.00205393903888762, -0.007736788131296635
v,0.0004988813307136297, 0.0021252247970551252, -0.007729575503617525
v,0.0006534670828841627, 0.001857474446296692, -0.0077318367548286915
v,0.0005400382215157151, 0.00205393903888762, -0.007736788131296635
v,0.0006534670828841627, 0.001857474446296692, -0.0077318367548286915
v,0.0006172957364469767, 0.0019201249815523624, -0.007737352512776852
v,0.000582609442062676, 0.0019802034366875887, -0.0077391923405230045
v,0.0005400382215157151, 0.00205393903888762, -0.007736788131296635
v,0.0006172957364469767, 0.0019201249815523624, -0.007737352512776852
v,-0.0004718508862424642, -0.002521791262552142, 0.0057891178876161575
v,-0.00024322526587639004, -0.0029177824035286903, 0.0056312792003154755
v,-0.00035014821332879364, -0.0027325863484293222, 0.00587567500770092
v,-0.000590866373386234, -0.0023156502284109592, 0.005705955438315868
v,-0.00024322526587639004, -0.0029177824035286903, 0.0056312792003154755
v,-0.0004718508862424642, -0.002521791262552142, 0.0057891178876161575
v,-0.0007071946747601032, -0.002114163711667061, 0.005626187194138765
v,-0.00024322526587639004, -0.0029177824035286903, 0.0056312792003154755
v,-0.000590866373386234, -0.0023156502284109592, 0.005705955438315868
v,-0.0007071946747601032, -0.002114163711667061, 0.005626187194138765
v,-0.0002862207475118339, -0.0028433119878172874, 0.005332432221621275
v,-0.00024322526587639004, -0.0029177824035286903, 0.0056312792003154755
v,-0.0008208357612602413, -0.0019173315959051251, 0.005549813620746136
v,-0.0002862207475118339, -0.0028433119878172874, 0.005332432221621275
v,-0.0007071946747601032, -0.002114163711667061, 0.005626187194138765
v,-0.0009317896328866482, -0.0017251537647098303, 0.0054768347181379795
v,-0.0002862207475118339, -0.0028433119878172874, 0.005332432221621275
v,-0.0008208357612602413, -0.0019173315959051251, 0.005549813620746136
v,-0.001040056231431663, -0.00153763045091182, 0.005407249554991722
v,-0.0002862207475118339, -0.0028433119878172874, 0.005332432221621275
v,-0.0009317896328866482, -0.0017251537647098303, 0.0054768347181379795
v,-0.0011456357315182686, -0.0013547615380957723, 0.005341059528291225
v,-0.0002862207475118339, -0.0028433119878172874, 0.005332432221621275
v,-0.001040056231431663, -0.00153763045091182, 0.005407249554991722
v,-0.0012485279003158212, -0.0011765469098463655, 0.0052782632410526276
v,-0.0002862207475118339, -0.0028433119878172874, 0.005332432221621275
v,-0.0011456357315182686, -0.0013547615380957723, 0.005341059528291225
v,-0.0012485279003158212, -0.0011765469098463655, 0.0052782632410526276
v,-0.000328650523442775, -0.0027698215562850237, 0.005033302120864391
v,-0.0002862207475118339, -0.0028433119878172874, 0.005332432221621275
v,-0.0013487329706549644, -0.0010029866825789213, 0.005218861624598503
v,-0.000328650523442775, -0.0027698215562850237, 0.005033302120864391
v,-0.0012485279003158212, -0.0011765469098463655, 0.0052782632410526276
v,-0.0014462507097050548, -0.0008340809727087617, 0.005162854213267565
v,-0.000328650523442775, -0.0027698215562850237, 0.005033302120864391
v,-0.0013487329706549644, -0.0010029866825789213, 0.005218861624598503
v,-0.001541081233881414, -0.0006698296056129038, 0.0051102414727211
v,-0.000328650523442775, -0.0027698215562850237, 0.005033302120864391
v,-0.0014462507097050548, -0.0008340809727087617, 0.005162854213267565
v,-0.0016332246595993638, -0.0005102326394990087, 0.005061022471636534
v,-0.000328650523442775, -0.0027698215562850237, 0.005033302120864391
v,-0.001541081233881414, -0.0006698296056129038, 0.0051102414727211
v,-0.0016353105893358588, -0.0005066195735707879, 0.004912022966891527
v,-0.000328650523442775, -0.0027698215562850237, 0.005033302120864391
v,-0.0016332246595993638, -0.0005102326394990087, 0.005061022471636534
v,-0.0016353105893358588, -0.0005066195735707879, 0.004912022966891527
v,-0.00037051455001346767, -0.0026973108761012554, 0.004733888898044825
v,-0.000328650523442775, -0.0027698215562850237, 0.005033302120864391
v,-0.00163987185806036, -0.0004987192805856466, 0.004746759310364723
v,-0.00037051455001346767, -0.0026973108761012554, 0.004733888898044825
v,-0.0016353105893358588, -0.0005066195735707879, 0.004912022966891527
v,-0.0016469081165269017, -0.0004865321679972112, 0.004565230570733547
v,-0.00037051455001346767, -0.0026973108761012554, 0.004733888898044825
v,-0.00163987185806036, -0.0004987192805856466, 0.004746759310364723
v,-0.0016469081165269017, -0.0004865321679972112, 0.004565230570733547
v,-0.00041181276901625097, -0.0026257801800966263, 0.004434193484485149
v,-0.00037051455001346767, -0.0026973108761012554, 0.004733888898044825
v,-0.0016564193647354841, -0.000470058002974838, 0.004367437679320574
v,-0.00041181276901625097, -0.0026257801800966263, 0.004434193484485149
v,-0.0016469081165269017, -0.0004865321679972112, 0.004565230570733547
v,-0.0016564193647354841, -0.000470058002974838, 0.004367437679320574
v,-0.0004525453259702772, -0.0025552292354404926, 0.004134214948862791
v,-0.00041181276901625097, -0.0026257801800966263, 0.004434193484485149
v,-0.0016684058355167508, -0.00044929696014150977, 0.004153379239141941
v,-0.0004525453259702772, -0.0025552292354404926, 0.004134214948862791
v,-0.0016564193647354841, -0.000470058002974838, 0.004367437679320574
v,-0.0016828672960400581, -0.00042424892308190465, 0.003923056181520224
v,-0.0004525453259702772, -0.0025552292354404926, 0.004134214948862791
v,-0.0016684058355167508, -0.00044929696014150977, 0.004153379239141941
v,-0.0016828672960400581, -0.00042424892308190465, 0.003923056181520224
v,-0.000492712075356394, -0.002485658274963498, 0.0038339535240083933
v,-0.0004525453259702772, -0.0025552292354404926, 0.004134214948862791
v,-0.001699803862720728, -0.0003949138626921922, 0.003676468739286065
v,-0.000492712075356394, -0.002485658274963498, 0.0038339535240083933
v,-0.0016828672960400581, -0.00042424892308190465, 0.003923056181520224
v,-0.001699803862720728, -0.0003949138626921922, 0.003676468739286065
v,-0.0005323131917975843, -0.002417067065834999, 0.0035334096755832434
v,-0.000492712075356394, -0.002485658274963498, 0.0038339535240083933
v,-0.0017192154191434383, -0.00036129195359535515, 0.003413616446778178
v,-0.0005323131917975843, -0.002417067065834999, 0.0035334096755832434
v,-0.001699803862720728, -0.0003949138626921922, 0.003676468739286065
v,-0.0017192154191434383, -0.00036129195359535515, 0.003413616446778178
v,-0.0005713485879823565, -0.002349455840885639, 0.003232582239434123
v,-0.0005323131917975843, -0.002417067065834999, 0.0035334096755832434
v,-0.001741102198138833, -0.0003233829920645803, 0.0031344990711659193
v,-0.0005713485879823565, -0.002349455840885639, 0.003232582239434123
v,-0.0017192154191434383, -0.00036129195359535515, 0.003413616446778178
v,-0.001741102198138833, -0.0003233829920645803, 0.0031344990711659193
v,-0.0006098182639107108, -0.0022828243672847748, 0.0029314723797142506
v,-0.0005713485879823565, -0.002349455840885639, 0.003232582239434123
v,-0.0017654639668762684, -0.00028118721093051136, 0.0028391173109412193
v,-0.0006098182639107108, -0.0022828243672847748, 0.0029314723797142506
v,-0.001741102198138833, -0.0003233829920645803, 0.0031344990711659193
v,-0.0017654639668762684, -0.00028118721093051136, 0.0028391173109412193
v,-0.0006477221031673253, -0.002217173110693693, 0.002630079397931695
v,-0.0006098182639107108, -0.0022828243672847748, 0.0029314723797142506
v,-0.0017923007253557444, -0.0002347044210182503, 0.0025274702347815037
v,-0.0006477221031673253, -0.002217173110693693, 0.002630079397931695
v,-0.0017654639668762684, -0.00028118721093051136, 0.0028391173109412193
v,-0.0017923007253557444, -0.0002347044210182503, 0.0025274702347815037
v,-0.0006850602803751826, -0.0021525013726204634, 0.0023284039925783873
v,-0.0006477221031673253, -0.002217173110693693, 0.002630079397931695
v,-0.0018216127064079046, -0.0001839347678469494, 0.002199558774009347
v,-0.0006850602803751826, -0.0021525013726204634, 0.0023284039925783873
v,-0.0017923007253557444, -0.0002347044210182503, 0.0025274702347815037
v,-0.0018216127064079046, -0.0001839347678469494, 0.002199558774009347
v,-0.0007218327955342829, -0.002088809385895729, 0.0020264454651623964
v,-0.0006850602803751826, -0.0021525013726204634, 0.0023284039925783873
v,-0.0019388601649552584, 1.9144083125866018e-05, 0.0021200028713792562
v,-0.0007218327955342829, -0.002088809385895729, 0.0020264454651623964
v,-0.0018216127064079046, -0.0001839347678469494, 0.002199558774009347
v,-0.0020529963076114655, 0.00021683360682800412, 0.0020442656241357327
v,-0.0007218327955342829, -0.002088809385895729, 0.0020264454651623964
v,-0.0019388601649552584, 1.9144083125866018e-05, 0.0021200028713792562
v,0.000638430705294013, -0.004444855265319347, 0.0020948981400579214
v,0.0007343568140640855, -0.004611004143953323, 0.0020264454651623964
v,0.0006936244899407029, -0.004540453664958477, 0.0021079101134091616
v,0.0005797714693471789, -0.004343254491686821, 0.0020830179564654827
v,0.0007343568140640855, -0.004611004143953323, 0.0020264454651623964
v,0.000638430705294013, -0.004444855265319347, 0.0020948981400579214
v,0.0005176470149308443, -0.004235651809722185, 0.002072269329801202
v,0.0007343568140640855, -0.004611004143953323, 0.0020264454651623964
v,0.0005797714693471789, -0.004343254491686821, 0.0020830179564654827
v,0.0004520575748756528, -0.004122047685086727, 0.002062652027234435
v,0.0007343568140640855, -0.004611004143953323, 0.0020264454651623964
v,0.0005176470149308443, -0.004235651809722185, 0.002072269329801202
v,0.0003830031491816044, -0.00400244165211916, 0.002054166281595826
v,0.0007343568140640855, -0.004611004143953323, 0.0020264454651623964
v,0.0004520575748756528, -0.004122047685086727, 0.002062652027234435
v,0.00031048350501805544, -0.0038768339436501265, 0.0020468118600547314
v,0.0007343568140640855, -0.004611004143953323, 0.0020264454651623964
v,0.0003830031491816044, -0.00400244165211916, 0.002054166281595826
v,0.0002344988752156496, -0.0037452245596796274, 0.0020405889954417944
v,0.0007343568140640855, -0.004611004143953323, 0.0020264454651623964
v,0.00031048350501805544, -0.0038768339436501265, 0.0020468118600547314
v,-0.0021640209015458822, 0.0004091337905265391, 0.00197234726510942
v,-0.0007218327955342829, -0.002088809385895729, 0.0020264454651623964
v,-0.0020529963076114655, 0.00021683360682800412, 0.0020442656241357327
v,0.00015504914335906506, -0.0036076135002076626, 0.0020354974549263716
v,0.0007343568140640855, -0.004611004143953323, 0.0020264454651623964
v,0.0002344988752156496, -0.0037452245596796274, 0.0020405889954417944
v,7.213443313958123e-05, -0.0034640009980648756, 0.002031537238508463
v,0.0007343568140640855, -0.004611004143953323, 0.0020264454651623964
v,0.00015504914335906506, -0.0036076135002076626, 0.0020354974549263716
v,-1.4245621969166677e-05, -0.003314386587589979, 0.002028708579018712
v,0.0007343568140640855, -0.004611004143953323, 0.0020264454651623964
v,7.213443313958123e-05, -0.0034640009980648756, 0.002031537238508463
v,-0.00010409065725980327, -0.0031587702687829733, 0.0020270112436264753
v,0.0007343568140640855, -0.004611004143953323, 0.0020264454651623964
v,-1.4245621969166677e-05, -0.003314386587589979, 0.002028708579018712
v,-0.0001974008046090603, -0.0029971522744745016, 0.0020264454651623964
v,0.0007343568140640855, -0.004611004143953323, 0.0020264454651623964
v,-0.00010409065725980327, -0.0031587702687829733, 0.0020270112436264753
v,-0.0021640209015458822, 0.0004091337905265391, 0.00197234726510942
v,-0.0001974008046090603, -0.0029971522744745016, 0.0020264454651623964
v,-0.0007218327955342829, -0.002088809385895729, 0.0020264454651623964
v,-0.0021640209015458822, 0.0004091337905265391, 0.00197234726510942
v,0.0007343568140640855, -0.004611004143953323, 0.0020264454651623964
v,-0.0001974008046090603, -0.0029971522744745016, 0.0020264454651623964
v,-0.0021640209015458822, 0.0004091337905265391, 0.00197234726510942
v,0.0006630748976022005, -0.004487540107220411, 0.0015071050729602575
v,0.0007343568140640855, -0.004611004143953323, 0.0020264454651623964
v,-0.0022719339467585087, 0.0005960446433164179, 0.0019042475614696741
v,0.0006630748976022005, -0.004487540107220411, 0.0015071050729602575
v,-0.0021640209015458822, 0.0004091337905265391, 0.00197234726510942
v,-0.002376735443249345, 0.0007775662816129625, 0.0018399665132164955
v,0.0006630748976022005, -0.004487540107220411, 0.0015071050729602575
v,-0.0022719339467585087, 0.0005960446433164179, 0.0019042475614696741
v,-0.0024784256238490343, 0.0009536987054161727, 0.0017795038875192404
v,0.0006630748976022005, -0.004487540107220411, 0.0015071050729602575
v,-0.002376735443249345, 0.0007775662816129625, 0.0018399665132164955
v,-0.00257700402289629, 0.0011244418565183878, 0.0017228603828698397
v,0.0006630748976022005, -0.004487540107220411, 0.0015071050729602575
v,-0.0024784256238490343, 0.0009536987054161727, 0.0017795038875192404
v,-0.0026724711060523987, 0.0012897953856736422, 0.0016700353007763624
v,0.0006630748976022005, -0.004487540107220411, 0.0015071050729602575
v,-0.00257700402289629, 0.0011244418565183878, 0.0017228603828698397
v,-0.0027648266404867172, 0.001449759816750884, 0.001621029106900096
v,0.0006630748976022005, -0.004487540107220411, 0.0015071050729602575
v,-0.0026724711060523987, 0.0012897953856736422, 0.0016700353007763624
v,-0.002854070393368602, 0.0016043349169194698, 0.001575841335579753
v,0.0006630748976022005, -0.004487540107220411, 0.0015071050729602575
v,-0.0027648266404867172, 0.001449759816750884, 0.001621029106900096
v,-0.0029402028303593397, 0.0017535206861793995, 0.001534472219645977
v,0.0006630748976022005, -0.004487540107220411, 0.0015071050729602575
v,-0.002854070393368602, 0.0016043349169194698, 0.001575841335579753
v,-0.003023223951458931, 0.0018973173573613167, 0.0014969219919294119
v,0.0006630748976022005, -0.004487540107220411, 0.0015071050729602575
v,-0.0029402028303593397, 0.0017535206861793995, 0.001534472219645977
v,-0.003023223951458931, 0.0018973173573613167, 0.0014969219919294119
v,0.0006548363016918302, -0.004473270382732153, 0.001449683215469122
v,0.0006630748976022005, -0.004487540107220411, 0.0015071050729602575
v,-0.003094505751505494, 0.002020781161263585, 0.0009368483442813158
v,0.0006548363016918302, -0.004473270382732153, 0.001449683215469122
v,-0.003023223951458931, 0.0018973173573613167, 0.0014969219919294119
v,-0.003094505751505494, 0.002020781161263585, 0.0009368483442813158
v,0.0006470928201451898, -0.004459858406335115, 0.001392827369272709
v,0.0006548363016918302, -0.004473270382732153, 0.001449683215469122
v,-0.003094505751505494, 0.002020781161263585, 0.0009368483442813158
v,0.0006398445111699402, -0.0044473037123680115, 0.001336537068709731
v,0.0006470928201451898, -0.004459858406335115, 0.001392827369272709
v,-0.003094505751505494, 0.002020781161263585, 0.0009368483442813158
v,0.0006330910255201161, -0.004435606766492128, 0.0012808127794414759
v,0.0006398445111699402, -0.0044473037123680115, 0.001336537068709731
v,-0.003094505751505494, 0.002020781161263585, 0.0009368483442813158
v,0.0006268327706493437, -0.0044247666373848915, 0.0012256538029760122
v,0.0006330910255201161, -0.004435606766492128, 0.0012808127794414759
v,-0.003094505751505494, 0.002020781161263585, 0.0009368483442813158
v,0.0006210693973116577, -0.0044147842563688755, 0.0011710608378052711
v,0.0006268327706493437, -0.0044247666373848915, 0.0012256538029760122
v,-0.003094505751505494, 0.002020781161263585, 0.0009368483442813158
v,0.0006158011383377016, -0.00440565962344408, 0.001117033651098609
v,0.0006210693973116577, -0.0044147842563688755, 0.0011710608378052711
v,-0.003094505751505494, 0.002020781161263585, 0.0009368483442813158
v,0.0006110276444815099, -0.0043973918072879314, 0.0010635722428560257
v,0.0006158011383377016, -0.00440565962344408, 0.001117033651098609
v,-0.003094505751505494, 0.002020781161263585, 0.0009368483442813158
v,0.0006067492649890482, -0.004389981273561716, 0.0010106762638315558
v,0.0006110276444815099, -0.0043973918072879314, 0.0010635722428560257
v,-0.003094505751505494, 0.002020781161263585, 0.0009368483442813158
v,0.0006029658834449947, -0.004383428022265434, 0.0009583465289324522
v,0.0006067492649890482, -0.004389981273561716, 0.0010106762638315558
v,-0.003094505751505494, 0.002020781161263585, 0.0009368483442813158
v,-0.0019641767721623182, 6.299345113802701e-05, 0.0009368483442813158
v,0.0006029658834449947, -0.004383428022265434, 0.0009583465289324522
v,-0.0019641767721623182, 6.299345113802701e-05, 0.0009368483442813158
v,-0.000294140656478703, -0.002829593839123845, 0.0009368483442813158
v,0.0006029658834449947, -0.004383428022265434, 0.0009583465289324522
v,-0.000294140656478703, -0.002829593839123845, 0.0009368483442813158
v,-0.00022027753584552556, -0.0029575286898761988, 0.0009362824494019151
v,0.0006029658834449947, -0.004383428022265434, 0.0009583465289324522
v,-0.00022027753584552556, -0.0029575286898761988, 0.0009362824494019151
v,-0.00014634356193710119, -0.0030855860095471144, 0.0009345854632556438
v,0.0006029658834449947, -0.004383428022265434, 0.0009583465289324522
v,-0.00014634356193710119, -0.0030855860095471144, 0.0009345854632556438
v,0.0005996774998493493, -0.004377732519060373, 0.000906582223251462
v,0.0006029658834449947, -0.004383428022265434, 0.0009583465289324522
v,-0.001974041573703289, 8.008020085981116e-05, 0.0008273087441921234
v,-0.0008389389840885997, -0.0018859754782170057, 0.0009368483442813158
v,-0.0019641767721623182, 6.299345113802701e-05, 0.0009368483442813158
v,-0.0008389389840885997, -0.0018859754782170057, 0.0009368483442813158
v,-0.000294140656478703, -0.002829593839123845, 0.0009368483442813158
v,-0.0019641767721623182, 6.299345113802701e-05, 0.0009368483442813158
v,-0.001974041573703289, 8.008020085981116e-05, 0.0008273087441921234
v,-0.0008685337379574776, -0.0018347158329561353, 0.0007295788964256644
v,-0.0008389389840885997, -0.0018859754782170057, 0.0009368483442813158
v,-7.233904034364969e-05, -0.0032137655653059483, 0.000931756803765893
v,0.0005996774998493493, -0.004377732519060373, 0.000906582223251462
v,-0.00014634356193710119, -0.0030855860095471144, 0.0009345854632556438
v,1.736264152896183e-06, -0.0033420678228139877, 0.0009277967037633061
v,0.0005996774998493493, -0.004377732519060373, 0.000906582223251462
v,-7.233904034364969e-05, -0.0032137655653059483, 0.000931756803765893
v,7.588234439026564e-05, -0.003470492549240589, 0.0009227051632478833
v,0.0005996774998493493, -0.004377732519060373, 0.000906582223251462
v,1.736264152896183e-06, -0.0033420678228139877, 0.0009277967037633061
v,0.00015009897470008582, -0.003599039511755109, 0.0009164821822196245
v,0.0005996774998493493, -0.004377732519060373, 0.000906582223251462
v,7.588234439026564e-05, -0.003470492549240589, 0.0009227051632478833
v,0.0002243865019408986, -0.0037277094088494778, 0.0009091277606785297
v,0.0005996774998493493, -0.004377732519060373, 0.000906582223251462
v,0.00015009897470008582, -0.003599039511755109, 0.0009164821822196245
v,0.00029874470783397555, -0.003856501542031765, 0.0009006416657939553
v,0.0005996774998493493, -0.004377732519060373, 0.000906582223251462
v,0.0002243865019408986, -0.0037277094088494778, 0.0009091277606785297
v,0.00029874470783397555, -0.003856501542031765, 0.0009006416657939553
v,0.00037317356327548623, -0.003985416144132614, 0.0008910244796425104
v,0.0005996774998493493, -0.004377732519060373, 0.000906582223251462
v,0.00037317356327548623, -0.003985416144132614, 0.0008910244796425104
v,0.00044767308281734586, -0.004114453215152025, 0.0008802756201475859
v,0.0005996774998493493, -0.004377732519060373, 0.000906582223251462
v,0.00044767308281734586, -0.004114453215152025, 0.0008802756201475859
v,0.0005222433828748763, -0.004243612755089998, 0.0008683954365551472
v,0.0005996774998493493, -0.004377732519060373, 0.000906582223251462
v,0.0005222433828748763, -0.004243612755089998, 0.0008683954365551472
v,0.0005968844634480774, -0.004372894763946533, 0.0008553836960345507
v,0.0005996774998493493, -0.004377732519060373, 0.000906582223251462
v,-0.0019866644870489836, 0.00010194358037551865, 0.0006955645512789488
v,-0.0008685337379574776, -0.0018347158329561353, 0.0007295788964256644
v,-0.001974041573703289, 8.008020085981116e-05, 0.0008273087441921234
v,-0.0019866644870489836, 0.00010194358037551865, 0.0006955645512789488
v,-0.0008996135438792408, -0.0017808839911594987, 0.0005015189526602626
v,-0.0008685337379574776, -0.0018347158329561353, 0.0007295788964256644
v,-0.002002045279368758, 0.00012858383706770837, 0.0005416152998805046
v,-0.0008996135438792408, -0.0017808839911594987, 0.0005015189526602626
v,-0.0019866644870489836, 0.00010194358037551865, 0.0006955645512789488
v,-0.002020183950662613, 0.00016000107279978693, 0.0003654609899967909
v,-0.0008996135438792408, -0.0017808839911594987, 0.0005015189526602626
v,-0.002002045279368758, 0.00012858383706770837, 0.0005416152998805046
v,-0.002020183950662613, 0.00016000107279978693, 0.0003654609899967909
v,-0.0009321784018538892, -0.001724479952827096, 0.00025266839656978846
v,-0.0008996135438792408, -0.0017808839911594987, 0.0005015189526602626
v,-0.0020410805009305477, 0.0001961951784323901, 0.00016710183990653604
v,-0.0009321784018538892, -0.001724479952827096, 0.00025266839656978846
v,-0.002020183950662613, 0.00016000107279978693, 0.0003654609899967909
v,-0.0020410805009305477, 0.0001961951784323901, 0.00016710183990653604
v,-0.000966228311881423, -0.001665503834374249, -1.6972957382677123e-05
v,-0.0009321784018538892, -0.001724479952827096, 0.00025266839656978846
v,-0.0020647351630032063, 0.0002371661685174331, -5.346235047909431e-05
v,-0.000966228311881423, -0.001665503834374249, -1.6972957382677123e-05
v,-0.0020410805009305477, 0.0001961951784323901, 0.00016710183990653604
v,-0.0020647351630032063, 0.0002371661685174331, -5.346235047909431e-05
v,-0.0010017631575465202, -0.0016039555193856359, -0.0003074047272093594
v,-0.000966228311881423, -0.001665503834374249, -1.6972957382677123e-05
v,-0.002091147704049945, 0.00028291402850300074, -0.00029623135924339294
v,-0.0010017631575465202, -0.0016039555193856359, -0.0003074047272093594
v,-0.0020647351630032063, 0.0002371661685174331, -5.346235047909431e-05
v,-0.0021203181240707636, 0.0003334386274218559, -0.0005612053791992366
v,-0.0010017631575465202, -0.0016039555193856359, -0.0003074047272093594
v,-0.002091147704049945, 0.00028291402850300074, -0.00029623135924339294
v,-0.0021203181240707636, 0.0003334386274218559, -0.0005612053791992366
v,-0.0010387832298874855, -0.0015398350078612566, -0.0006186271202750504
v,-0.0010017631575465202, -0.0016039555193856359, -0.0003074047272093594
v,-0.002152246655896306, 0.00038874021265655756, -0.000848384341225028
v,-0.0010387832298874855, -0.0015398350078612566, -0.0006186271202750504
v,-0.0021203181240707636, 0.0003334386274218559, -0.0005612053791992366
v,-0.002152246655896306, 0.00038874021265655756, -0.000848384341225028
v,-0.0010772881796583533, -0.0014731422998011112, -0.0009506401256658137
v,-0.0010387832298874855, -0.0015398350078612566, -0.0006186271202750504
v,-0.002186932833865285, 0.00044881890062242746, -0.0011577681871131063
v,-0.0010772881796583533, -0.0014731422998011112, -0.0009506401256658137
v,-0.002152246655896306, 0.00038874021265655756, -0.000848384341225028
v,-0.002186932833865285, 0.00044881890062242746, -0.0011577681871131063
v,-0.0011172782396897674, -0.0014038775116205215, -0.0013034436851739883
v,-0.0010772881796583533, -0.0014731422998011112, -0.0009506401256658137
v,-0.0022243771236389875, 0.0005136743420735002, -0.0014893569750711322
v,-0.0011172782396897674, -0.0014038775116205215, -0.0013034436851739883
v,-0.002186932833865285, 0.00044881890062242746, -0.0011577681871131063
v,-0.0022243771236389875, 0.0005136743420735002, -0.0014893569750711322
v,-0.0011587532935664058, -0.0013320405269041657, -0.001677038031630218
v,-0.0011172782396897674, -0.0014038775116205215, -0.0013034436851739883
v,-0.0022645792923867702, 0.0005833065370097756, -0.0018431507050991058
v,-0.0011587532935664058, -0.0013320405269041657, -0.001677038031630218
v,-0.0022243771236389875, 0.0005136743420735002, -0.0014893569750711322
v,-0.0022645792923867702, 0.0005833065370097756, -0.0018431507050991058
v,-0.0012017134577035904, -0.0012576313456520438, -0.0020714227575808764
v,-0.0011587532935664058, -0.0013320405269041657, -0.001677038031630218
v,-0.002325872890651226, 0.000689470034558326, -0.002379745477810502
v,-0.0012017134577035904, -0.0012576313456520438, -0.0020714227575808764
v,-0.0022645792923867702, 0.0005833065370097756, -0.0018431507050991058
v,-0.002325872890651226, 0.000689470034558326, -0.002379745477810502
v,-0.0012461586156859994, -0.0011806499678641558, -0.002486598212271929
v,-0.0012017134577035904, -0.0012576313456520438, -0.0020714227575808764
v,-0.0023824635427445173, 0.0007874880102463067, -0.0028761739376932383
v,-0.0012461586156859994, -0.0011806499678641558, -0.002486598212271929
v,-0.002325872890651226, 0.000689470034558326, -0.002379745477810502
v,-0.0023824635427445173, 0.0007874880102463067, -0.0028761739376932383
v,-0.0012920888839289546, -0.0011010965099558234, -0.002922563813626766
v,-0.0012461586156859994, -0.0011806499678641558, -0.002486598212271929
v,-0.0024343517143279314, 0.000877360871527344, -0.0033324353862553835
v,-0.0012920888839289546, -0.0011010965099558234, -0.002922563813626766
v,-0.0023824635427445173, 0.0007874880102463067, -0.0028761739376932383
v,-0.0024343517143279314, 0.000877360871527344, -0.0033324353862553835
v,-0.0013270580675452948, -0.0010405280627310276, -0.0032577591482549906
v,-0.0012920888839289546, -0.0011010965099558234, -0.002922563813626766
v,-0.0024343517143279314, 0.000877360871527344, -0.0033324353862553835
v,-0.0013589864829555154, -0.0009852263610810041, -0.003570890985429287
v,-0.0013270580675452948, -0.0010405280627310276, -0.0032577591482549906
v,-0.0024815371725708246, 0.0009590883855707943, -0.0037485300563275814
v,-0.0013589864829555154, -0.0009852263610810041, -0.003570890985429287
v,-0.0024343517143279314, 0.000877360871527344, -0.0033324353862553835
v,-0.0024815371725708246, 0.0009590883855707943, -0.0037485300563275814
v,-0.0013878740137442946, -0.0009351915796287358, -0.0038619590923190117
v,-0.0013589864829555154, -0.0009852263610810041, -0.003570890985429287
v,-0.0025240196846425533, 0.0010326708434149623, -0.004124457947909832
v,-0.0013878740137442946, -0.0009351915796287358, -0.0038619590923190117
v,-0.0024815371725708246, 0.0009590883855707943, -0.0037485300563275814
v,-0.0025240196846425533, 0.0010326708434149623, -0.004124457947909832
v,-0.0014137208927422762, -0.0008904235437512398, -0.004130964167416096
v,-0.0013878740137442946, -0.0009351915796287358, -0.0038619590923190117
v,-0.0025617999490350485, 0.001098108128644526, -0.004460219293832779
v,-0.0014137208927422762, -0.0008904235437512398, -0.004130964167416096
v,-0.0025240196846425533, 0.0010326708434149623, -0.004124457947909832
v,-0.0025617999490350485, 0.001098108128644526, -0.004460219293832779
v,-0.0014365268871188164, -0.0008509224280714989, -0.0043779052793979645
v,-0.0014137208927422762, -0.0008904235437512398, -0.004130964167416096
v,-0.0025617999490350485, 0.001098108128644526, -0.004460219293832779
v,-0.0014562919968739152, -0.0008166880579665303, -0.0046027833595871925
v,-0.0014365268871188164, -0.0008509224280714989, -0.0043779052793979645
v,-0.0025948775000870228, 0.0011554000666365027, -0.004755813162773848
v,-0.0014562919968739152, -0.0008166880579665303, -0.0046027833595871925
v,-0.0025617999490350485, 0.001098108128644526, -0.004460219293832779
v,-0.0025948775000870228, 0.0011554000666365027, -0.004755813162773848
v,-0.0014730164548382163, -0.000787720549851656, -0.004805597476661205
v,-0.0014562919968739152, -0.0008166880579665303, -0.0046027833595871925
v,-0.00015977953444235027, -0.003062313888221979, -0.004817266017198563
v,2.1536883650696836e-05, -0.0033763630781322718, -0.005285054445266724
v,-0.00010066069080494344, -0.003164710709825158, -0.004714798182249069
v,-0.0026232523377984762, 0.0012045466573908925, -0.0050112404860556126
v,-0.0014730164548382163, -0.000787720549851656, -0.004805597476661205
v,-0.0025948775000870228, 0.0011554000666365027, -0.004755813162773848
v,-0.0026232523377984762, 0.0012045466573908925, -0.0050112404860556126
v,-0.001486700028181076, -0.0007640198455192149, -0.004986348561942577
v,-0.0014730164548382163, -0.000787720549851656, -0.004805597476661205
v,-0.00022002981859259307, -0.0029579573310911655, -0.004917612764984369
v,2.1536883650696836e-05, -0.0033763630781322718, -0.005285054445266724
v,-0.00015977953444235027, -0.003062313888221979, -0.004817266017198563
v,-0.00028141148504801095, -0.0028516410384327173, -0.0050158374942839146
v,2.1536883650696836e-05, -0.0033763630781322718, -0.005285054445266724
v,-0.00022002981859259307, -0.0029579573310911655, -0.004917612764984369
v,-0.0026232523377984762, 0.0012045466573908925, -0.0050112404860556126
v,-0.0014973428333178163, -0.000745585944969207, -0.005145035684108734
v,-0.001486700028181076, -0.0007640198455192149, -0.004986348561942577
v,-0.0026469246950000525, 0.0012455483665689826, -0.005226500798016787
v,-0.0014973428333178163, -0.000745585944969207, -0.005145035684108734
v,-0.0026232523377984762, 0.0012045466573908925, -0.0050112404860556126
v,-0.00034392476663924754, -0.002743364777415991, -0.005111941136419773
v,2.1536883650696836e-05, -0.0033763630781322718, -0.005285054445266724
v,-0.00028141148504801095, -0.0028516410384327173, -0.0050158374942839146
v,-0.00040756940143182874, -0.0026331290137022734, -0.00520592276006937
v,2.1536883650696836e-05, -0.0033763630781322718, -0.005285054445266724
v,-0.00034392476663924754, -0.002743364777415991, -0.005111941136419773
v,-0.0026469246950000525, 0.0012455483665689826, -0.005226500798016787
v,-0.001504944870248437, -0.0007324189064092934, -0.00528165977448225
v,-0.0014973428333178163, -0.000745585944969207, -0.005145035684108734
v,-0.00047234544763341546, -0.0025209335144609213, -0.005297783296555281
v,2.1536883650696836e-05, -0.0033763630781322718, -0.005285054445266724
v,-0.00040756940143182874, -0.0026331290137022734, -0.00520592276006937
v,-0.002665894106030464, 0.0012784047285094857, -0.005401594564318657
v,-0.001504944870248437, -0.0007324189064092934, -0.00528165977448225
v,-0.0026469246950000525, 0.0012455483665689826, -0.005226500798016787
v,-0.002665894106030464, 0.0012784047285094857, -0.005401594564318657
v,-0.0015095060225576162, -0.0007245186134241521, -0.005396220367401838
v,-0.001504944870248437, -0.0007324189064092934, -0.00528165977448225
v,-0.00047234544763341546, -0.0025209335144609213, -0.005297783296555281
v,-0.0007421988411806524, -0.0020535336807370186, -0.006405200809240341
v,2.1536883650696836e-05, -0.0033763630781322718, -0.005285054445266724
v,-0.0005382531089708209, -0.0024067782796919346, -0.005387522280216217
v,-0.0007421988411806524, -0.0020535336807370186, -0.006405200809240341
v,-0.00047234544763341546, -0.0025209335144609213, -0.005297783296555281
v,-0.0006052921526134014, -0.0022906630765646696, -0.005475139711052179
v,-0.0007421988411806524, -0.0020535336807370186, -0.006405200809240341
v,-0.0005382531089708209, -0.0024067782796919346, -0.005387522280216217
v,-0.002665894106030464, 0.0012784047285094857, -0.005401594564318657
v,-0.001511026406660676, -0.000721885182429105, -0.005488717462867498
v,-0.0015095060225576162, -0.0007245186134241521, -0.005396220367401838
v,-0.0026801612693816423, 0.0013031157432124019, -0.005536521784961224
v,-0.001511026406660676, -0.000721885182429105, -0.005488717462867498
v,-0.002665894106030464, 0.0012784047285094857, -0.005401594564318657
v,-0.0006734626367688179, -0.0021725883707404137, -0.005560635589063168
v,-0.0007421988411806524, -0.0020535336807370186, -0.006405200809240341
v,-0.0006052921526134014, -0.0022906630765646696, -0.005475139711052179
v,-0.0026801612693816423, 0.0013031157432124019, -0.005536521784961224
v,-0.0015105314087122679, -0.0007227425812743604, -0.005532031413167715
v,-0.001511026406660676, -0.000721885182429105, -0.005488717462867498
v,-0.0026801612693816423, 0.0013031157432124019, -0.005536521784961224
v,-0.0015090462984517217, -0.0007253147778101265, -0.0055737183429300785
v,-0.0015105314087122679, -0.0007227425812743604, -0.005532031413167715
v,-0.002689725486561656, 0.0013196816435083747, -0.005631281528621912
v,-0.0015090462984517217, -0.0007253147778101265, -0.0055737183429300785
v,-0.0026801612693816423, 0.0013031157432124019, -0.005536521784961224
v,-0.0007427646196447313, -0.0020525536965578794, -0.005644010379910469
v,-0.0007421988411806524, -0.0020535336807370186, -0.006405200809240341
v,-0.0006734626367688179, -0.0021725883707404137, -0.005560635589063168
v,-0.002689725486561656, 0.0013196816435083747, -0.005631281528621912
v,-0.001506571308709681, -0.0007296017138287425, -0.005613779183477163
v,-0.0015090462984517217, -0.0007253147778101265, -0.0055737183429300785
v,-0.002689725486561656, 0.0013196816435083747, -0.005631281528621912
v,-0.0015031062066555023, -0.0007356034475378692, -0.005652213003486395
v,-0.001506571308709681, -0.0007296017138287425, -0.005613779183477163
v,-0.0026966382283717394, 0.0013316547265276313, -0.005705180112272501
v,-0.0015031062066555023, -0.0007356034475378692, -0.005652213003486395
v,-0.002689725486561656, 0.0013196816435083747, -0.005631281528621912
v,-0.0008131981012411416, -0.0019305594032630324, -0.005725263152271509
v,-0.0007421988411806524, -0.0020535336807370186, -0.006405200809240341
v,-0.0007427646196447313, -0.0020525536965578794, -0.005644010379910469
v,-0.0026966382283717394, 0.0013316547265276313, -0.005705180112272501
v,-0.0014986511087045074, -0.0007433199207298458, -0.005689020734280348
v,-0.0015031062066555023, -0.0007356034475378692, -0.005652213003486395
v,-0.0026966382283717394, 0.0013316547265276313, -0.005705180112272501
v,-0.0014932058984413743, -0.0007527511916123331, -0.005724202375859022
v,-0.0014986511087045074, -0.0007433199207298458, -0.005689020734280348
v,-0.002702949568629265, 0.0013425865909084678, -0.005777522921562195
v,-0.0014932058984413743, -0.0007527511916123331, -0.005724202375859022
v,-0.0026966382283717394, 0.0013316547265276313, -0.005705180112272501
v,-0.002702949568629265, 0.0013425865909084678, -0.005777522921562195
v,-0.001486770692281425, -0.0007638972601853311, -0.0057577574625611305
v,-0.0014932058984413743, -0.0007527511916123331, -0.005724202375859022
v,-0.0008847630233503878, -0.0018066053744405508, -0.0058043948374688625
v,-0.0007421988411806524, -0.0020535336807370186, -0.006405200809240341
v,-0.0008131981012411416, -0.0019305594032630324, -0.005725263152271509
v,-0.002702949568629265, 0.0013425865909084678, -0.005777522921562195
v,-0.0014793454902246594, -0.0007767581264488399, -0.005789685994386673
v,-0.001486770692281425, -0.0007638972601853311, -0.0057577574625611305
v,-0.0027086599729955196, 0.0013524772366508842, -0.0058483099564909935
v,-0.0014793454902246594, -0.0007767581264488399, -0.005789685994386673
v,-0.002702949568629265, 0.0013425865909084678, -0.005777522921562195
v,-0.0027086599729955196, 0.0013524772366508842, -0.0058483099564909935
v,-0.0014709302922710776, -0.0007913337321951985, -0.0058199879713356495
v,-0.0014793454902246594, -0.0007767581264488399, -0.005789685994386673
v,-0.0009216062026098371, -0.0017427910352125764, -0.005843429826200008
v,-0.0007421988411806524, -0.0020535336807370186, -0.006405200809240341
v,-0.0008847630233503878, -0.0018066053744405508, -0.0058043948374688625
v,-0.0027086599729955196, 0.0013524772366508842, -0.0058483099564909935
v,-0.0014615249820053577, -0.0008076241356320679, -0.00584866339340806
v,-0.0014709302922710776, -0.0007913337321951985, -0.0058199879713356495
v,-0.0009574593277648091, -0.0016806916100904346, -0.0058790710754692554
v,-0.0007421988411806524, -0.0020535336807370186, -0.006405200809240341
v,-0.0009216062026098371, -0.0017427910352125764, -0.005843429826200008
v,-0.00271376920863986, 0.0013613266637548804, -0.005917541217058897
v,-0.0014615249820053577, -0.0008076241356320679, -0.00584866339340806
v,-0.0027086599729955196, 0.0013524772366508842, -0.0058483099564909935
v,-0.00271376920863986, 0.0013613266637548804, -0.005917541217058897
v,-0.0014511297922581434, -0.0008256292785517871, -0.005875712726265192
v,-0.0014615249820053577, -0.0008076241356320679, -0.00584866339340806
v,-0.00271376920863986, 0.0013613266637548804, -0.005917541217058897
v,-0.0014397443737834692, -0.0008453492191620171, -0.005901135038584471
v,-0.0014511297922581434, -0.0008256292785517871, -0.005875712726265192
v,-0.000992322457022965, -0.0016203068662434816, -0.005911318119615316
v,-0.0007421988411806524, -0.0020535336807370186, -0.006405200809240341
v,-0.0009574593277648091, -0.0016806916100904346, -0.0058790710754692554
v,-0.00271376920863986, 0.0013613266637548804, -0.005917541217058897
v,-0.0014276165748015046, -0.000866355316247791, -0.005924718454480171
v,-0.0014397443737834692, -0.0008453492191620171, -0.005901135038584471
v,-0.0010261955903843045, -0.0015616369200870395, -0.005940170027315617
v,-0.0007421988411806524, -0.0020535336807370186, -0.006405200809240341
v,-0.000992322457022965, -0.0016203068662434816, -0.005911318119615316
v,-0.0027182772755622864, 0.0013691348722204566, -0.005985216703265905
v,-0.0014276165748015046, -0.000866355316247791, -0.005924718454480171
v,-0.00271376920863986, 0.0013613266637548804, -0.005917541217058897
v,-0.0027182772755622864, 0.0013691348722204566, -0.005985216703265905
v,-0.00141499366145581, -0.0008882187539711595, -0.005946251563727856
v,-0.0014276165748015046, -0.000866355316247791, -0.005924718454480171
v,-0.001059078611433506, -0.0015046818880364299, -0.005965627729892731
v,-0.0007421988411806524, -0.0020535336807370186, -0.006405200809240341
v,-0.0010261955903843045, -0.0015616369200870395, -0.005940170027315617
v,-0.0027182772755622864, 0.0013691348722204566, -0.005985216703265905
v,-0.0014018758665770292, -0.0009109395905397832, -0.005965733900666237
v,-0.00141499366145581, -0.0008882187539711595, -0.005946251563727856
v,-0.0010909716365858912, -0.0014494414208456874, -0.005987691227346659
v,-0.0007421988411806524, -0.0020535336807370186, -0.006405200809240341
v,-0.001059078611433506, -0.0015046818880364299, -0.005965627729892731
v,-0.0027182772755622864, 0.0013691348722204566, -0.005985216703265905
v,-0.0013882629573345184, -0.0009345177677460015, -0.005983165930956602
v,-0.0014018758665770292, -0.0009109395905397832, -0.005965733900666237
v,-0.0027182772755622864, 0.0013691348722204566, -0.005985216703265905
v,-0.0013741550501435995, -0.000958953402005136, -0.005998546723276377
v,-0.0013882629573345184, -0.0009345177677460015, -0.005983165930956602
v,-0.002722184406593442, 0.0013759020948782563, -0.006051336415112019
v,-0.0013741550501435995, -0.000958953402005136, -0.005998546723276377
v,-0.0027182772755622864, 0.0013691348722204566, -0.005985216703265905
v,-0.0011218746658414602, -0.0013959158677607775, -0.006006360519677401
v,-0.0007421988411806524, -0.0020535336807370186, -0.006405200809240341
v,-0.0010909716365858912, -0.0014494414208456874, -0.005987691227346659
v,-0.002722184406593442, 0.0013759020948782563, -0.006051336415112019
v,-0.0013595521450042725, -0.0009842464933171868, -0.006011876277625561
v,-0.0013741550501435995, -0.000958953402005136, -0.005998546723276377
v,-0.0011517875827848911, -0.0013441051123663783, -0.006021635141223669
v,-0.0007421988411806524, -0.0020535336807370186, -0.006405200809240341
v,-0.0011218746658414602, -0.0013959158677607775, -0.006006360519677401
v,-0.002722184406593442, 0.0013759020948782563, -0.006051336415112019
v,-0.0013444541255012155, -0.0010103968670591712, -0.006023155525326729
v,-0.0013595521450042725, -0.0009842464933171868, -0.006011876277625561
v,-0.0011807106202468276, -0.001294009038247168, -0.006033515557646751
v,-0.0007421988411806524, -0.0020535336807370186, -0.006405200809240341
v,-0.0011517875827848911, -0.0013441051123663783, -0.006021635141223669
v,-0.002722184406593442, 0.0013759020948782563, -0.006051336415112019
v,-0.0013288612244650722, -0.001037404639646411, -0.006032384000718594
v,-0.0013444541255012155, -0.0010103968670591712, -0.006023155525326729
v,-0.002722184406593442, 0.0013759020948782563, -0.006051336415112019
v,-0.001312773209065199, -0.001065269811078906, -0.006039562169462442
v,-0.0013288612244650722, -0.001037404639646411, -0.006032384000718594
v,-0.001208643545396626, -0.0012456277618184686, -0.006042001768946648
v,-0.0007421988411806524, -0.0020535336807370186, -0.006405200809240341
v,-0.0011807106202468276, -0.001294009038247168, -0.006033515557646751
v,-0.002722184406593442, 0.0013759020948782563, -0.006051336415112019
v,-0.0012961901957169175, -0.0010939923813566566, -0.006044689100235701
v,-0.001312773209065199, -0.001065269811078906, -0.006039562169462442
v,-0.0012355863582342863, -0.0011989612830802798, -0.0060470933094620705
v,-0.0007421988411806524, -0.0020535336807370186, -0.006405200809240341
v,-0.001208643545396626, -0.0012456277618184686, -0.006042001768946648
v,-0.002722184406593442, 0.0013759020948782563, -0.006051336415112019
v,-0.0012791123008355498, -0.0011235723504796624, -0.006047764793038368
v,-0.0012961901957169175, -0.0010939923813566566, -0.006044689100235701
v,-0.0012615392915904522, -0.0011540096020326018, -0.00604879017919302
v,-0.0007421988411806524, -0.0020535336807370186, -0.006405200809240341
v,-0.0012355863582342863, -0.0011989612830802798, -0.0060470933094620705
v,-0.002722184406593442, 0.0013759020948782563, -0.006051336415112019
v,-0.0012615392915904522, -0.0011540096020326018, -0.00604879017919302
v,-0.0012791123008355498, -0.0011235723504796624, -0.006047764793038368
v,-0.002722184406593442, 0.0013759020948782563, -0.006051336415112019
v,-0.0007421988411806524, -0.0020535336807370186, -0.006405200809240341
v,-0.0012615392915904522, -0.0011540096020326018, -0.00604879017919302
v,-0.0027254903689026833, 0.0013816283317282796, -0.006115899886935949
v,-0.0007421988411806524, -0.0020535336807370186, -0.006405200809240341
v,-0.002722184406593442, 0.0013759020948782563, -0.006051336415112019
v,-0.002728195395320654, 0.0013863133499398828, -0.0061789085157215595
v,-0.0007421988411806524, -0.0020535336807370186, -0.006405200809240341
v,-0.0027254903689026833, 0.0013816283317282796, -0.006115899886935949
v,-0.0027302992530167103, 0.0013899571495130658, -0.006240360904484987
v,-0.0007421988411806524, -0.0020535336807370186, -0.006405200809240341
v,-0.002728195395320654, 0.0013863133499398828, -0.0061789085157215595
v,-0.0027318019419908524, 0.0013925599632784724, -0.00630025751888752
v,-0.0007421988411806524, -0.0020535336807370186, -0.006405200809240341
v,-0.0027302992530167103, 0.0013899571495130658, -0.006240360904484987
v,-0.00273270346224308, 0.001394121558405459, -0.0063585988245904446
v,-0.0007421988411806524, -0.0020535336807370186, -0.006405200809240341
v,-0.0027318019419908524, 0.0013925599632784724, -0.00630025751888752
v,-0.0027330040466040373, 0.001394642167724669, -0.006415383890271187
v,-0.0007421988411806524, -0.0020535336807370186, -0.006405200809240341
v,-0.00273270346224308, 0.001394121558405459, -0.0063585988245904446
v,-0.0027330040466040373, 0.001394642167724669, -0.006415383890271187
v,-0.000838691194076091, -0.0018864040030166507, -0.0065355305559933186
v,-0.0007421988411806524, -0.0020535336807370186, -0.006405200809240341
v,-0.002731907879933715, 0.0013927436666563153, -0.006518630310893059
v,-0.000838691194076091, -0.0018864040030166507, -0.0065355305559933186
v,-0.0027330040466040373, 0.001394642167724669, -0.006415383890271187
v,-0.0027286193799227476, 0.0013870479306206107, -0.006617915816605091
v,-0.000838691194076091, -0.0018864040030166507, -0.0065355305559933186
v,-0.002731907879933715, 0.0013927436666563153, -0.006518630310893059
v,-0.0027286193799227476, 0.0013870479306206107, -0.006617915816605091
v,-0.0009312941110692918, -0.0017260110471397638, -0.006658364553004503
v,-0.000838691194076091, -0.0018864040030166507, -0.0065355305559933186
v,-0.002723139012232423, 0.0013775554252788424, -0.006713241338729858
v,-0.0009312941110692918, -0.0017260110471397638, -0.006658364553004503
v,-0.0027286193799227476, 0.0013870479306206107, -0.006617915816605091
v,-0.002723139012232423, 0.0013775554252788424, -0.006713241338729858
v,-0.0010200076503679156, -0.0015723545802757144, -0.006773702800273895
v,-0.0009312941110692918, -0.0017260110471397638, -0.006658364553004503
v,-0.002715466311201453, 0.0013642659178003669, -0.006804606411606073
v,-0.0010200076503679156, -0.0015723545802757144, -0.006773702800273895
v,-0.002723139012232423, 0.0013775554252788424, -0.006713241338729858
v,-0.002715466311201453, 0.0013642659178003669, -0.006804606411606073
v,-0.0011048319283872843, -0.0014254347188398242, -0.006881545297801495
v,-0.0010200076503679156, -0.0015723545802757144, -0.006773702800273895
v,-0.0027056012768298388, 0.001347179408185184, -0.006892011966556311
v,-0.0011048319283872843, -0.0014254347188398242, -0.006881545297801495
v,-0.002715466311201453, 0.0013642659178003669, -0.006804606411606073
v,-0.0027056012768298388, 0.001347179408185184, -0.006892011966556311
v,-0.0011857666540890932, -0.001285251579247415, -0.006981891579926014
v,-0.0011048319283872843, -0.0014254347188398242, -0.006881545297801495
v,-0.002693544141948223, 0.0013262958964332938, -0.006975457072257996
v,-0.0011857666540890932, -0.001285251579247415, -0.006981891579926014
v,-0.0027056012768298388, 0.001347179408185184, -0.006892011966556311
v,-0.0026792949065566063, 0.0013016151497140527, -0.007054941728711128
v,-0.0011857666540890932, -0.001285251579247415, -0.006981891579926014
v,-0.002693544141948223, 0.0013262958964332938, -0.006975457072257996
v,-0.0026792949065566063, 0.0013016151497140527, -0.007054941728711128
v,-0.001262812060303986, -0.0011518050450831652, -0.007074742112308741
v,-0.0011857666540890932, -0.001285251579247415, -0.006981891579926014
v,-0.002662853104993701, 0.0012731376336887479, -0.007130466867238283
v,-0.001262812060303986, -0.0011518050450831652, -0.007074742112308741
v,-0.0026792949065566063, 0.0013016151497140527, -0.007054941728711128
v,-0.002662853104993701, 0.0012731376336887479, -0.007130466867238283
v,-0.001335968030616641, -0.0010250949999317527, -0.007160096894949675
v,-0.001262812060303986, -0.0011518050450831652, -0.007074742112308741
v,-0.002644219435751438, 0.0012408631155267358, -0.007202031556516886
v,-0.001335968030616641, -0.0010250949999317527, -0.007160096894949675
v,-0.002662853104993701, 0.0012731376336887479, -0.007130466867238283
v,-0.002644219435751438, 0.0012408631155267358, -0.007202031556516886
v,-0.00140523468144238, -0.0009051217348314822, -0.007237954996526241
v,-0.001335968030616641, -0.0010250949999317527, -0.007160096894949675
v,-0.0026233934331685305, 0.0012047915952280164, -0.007269635796546936
v,-0.00140523468144238, -0.0009051217348314822, -0.007237954996526241
v,-0.002644219435751438, 0.0012408631155267358, -0.007202031556516886
v,-0.0026233934331685305, 0.0012047915952280164, -0.007269635796546936
v,-0.001470611896365881, -0.0007918850751593709, -0.00730831827968359
v,-0.00140523468144238, -0.0009051217348314822, -0.007237954996526241
v,-0.0026003755629062653, 0.0011649230727925897, -0.007333280984312296
v,-0.001470611896365881, -0.0007918850751593709, -0.00730831827968359
v,-0.0026233934331685305, 0.0012047915952280164, -0.007269635796546936
v,-0.0026003755629062653, 0.0011649230727925897, -0.007333280984312296
v,-0.001532099791802466, -0.0006853850209154189, -0.007371185347437859
v,-0.001470611896365881, -0.0007918850751593709, -0.00730831827968359
v,-0.0025751651264727116, 0.001121257315389812, -0.007392965257167816
v,-0.001532099791802466, -0.0006853850209154189, -0.007371185347437859
v,-0.0026003755629062653, 0.0011649230727925897, -0.007333280984312296
v,-0.0025751651264727116, 0.001121257315389812, -0.007392965257167816
v,-0.001589698251336813, -0.0005856215720996261, -0.0074265566654503345
v,-0.001532099791802466, -0.0006853850209154189, -0.007371185347437859
v,-0.0025481514167040586, 0.0010744683677330613, -0.007448266725987196
v,-0.001589698251336813, -0.0005856215720996261, -0.0074265566654503345
v,-0.0025751651264727116, 0.001121257315389812, -0.007392965257167816
v,-0.0025481514167040586, 0.0010744683677330613, -0.007448266725987196
v,-0.0016434072749689221, -0.0004925947869196534, -0.007474430836737156
v,-0.001589698251336813, -0.0005856215720996261, -0.0074265566654503345
v,-0.002519723493605852, 0.0010252298088744283, -0.007498758379369974
v,-0.0016434072749689221, -0.0004925947869196534, -0.007474430836737156
v,-0.0025481514167040586, 0.0010744683677330613, -0.007448266725987196
v,-0.002519723493605852, 0.0010252298088744283, -0.007498758379369974
v,-0.0016944289673119783, -0.0004042224318254739, -0.007516719400882721
v,-0.0016434072749689221, -0.0004925947869196534, -0.007474430836737156
v,-0.002489881357178092, 0.0009735414059832692, -0.007544440682977438
v,-0.0016944289673119783, -0.0004042224318254739, -0.007516719400882721
v,-0.002519723493605852, 0.0010252298088744283, -0.007498758379369974
v,-0.002489881357178092, 0.0009735414059832692, -0.007544440682977438
v,-0.001743965782225132, -0.000318422302370891, -0.007555331103503704
v,-0.0016944289673119783, -0.0004042224318254739, -0.007516719400882721
v,-0.002458624541759491, 0.0009194033918902278, -0.007585314568132162
v,-0.001743965782225132, -0.000318422302370891, -0.007555331103503704
v,-0.002489881357178092, 0.0009735414059832692, -0.007544440682977438
v,-0.002458624541759491, 0.0009194033918902278, -0.007585314568132162
v,-0.0017920174868777394, -0.00023519419482909143, -0.007590265013277531
v,-0.001743965782225132, -0.000318422302370891, -0.007555331103503704
v,-0.00242595374584198, 0.0008628155919723213, -0.007621379569172859
v,-0.0017920174868777394, -0.00023519419482909143, -0.007590265013277531
v,-0.002458624541759491, 0.0009194033918902278, -0.007585314568132162
v,-0.00242595374584198, 0.0008628155919723213, -0.007621379569172859
v,-0.0018385841976851225, -0.000154538283823058, -0.007621521595865488
v,-0.0017920174868777394, -0.00023519419482909143, -0.007590265013277531
v,-0.002391868270933628, 0.0008037781226448715, -0.007652636151760817
v,-0.0018385841976851225, -0.000154538283823058, -0.007621521595865488
v,-0.00242595374584198, 0.0008628155919723213, -0.007621379569172859
v,-0.002391868270933628, 0.0008037781226448715, -0.007652636151760817
v,-0.0018836657982319593, -7.645456935279071e-05, -0.007649100385606289
v,-0.0018385841976851225, -0.000154538283823058, -0.007621521595865488
v,-0.002391868270933628, 0.0008037781226448715, -0.007652636151760817
v,-0.0019272624049335718, -9.430495993001387e-07, -0.007673002313822508
v,-0.0018836657982319593, -7.645456935279071e-05, -0.007649100385606289
v,-0.0023563688155263662, 0.000742291274946183, -0.007679084315896034
v,-0.0019272624049335718, -9.430495993001387e-07, -0.007673002313822508
v,-0.002391868270933628, 0.0008037781226448715, -0.007652636151760817
v,-0.0023563688155263662, 0.000742291274946183, -0.007679084315896034
v,-0.00196937401778996, 7.199638639576733e-05, -0.007693226914852858
v,-0.0019272624049335718, -9.430495993001387e-07, -0.007673002313822508
v,-0.002319454913958907, 0.0006783543503843248, -0.007700723595917225
v,-0.00196937401778996, 7.199638639576733e-05, -0.007693226914852858
v,-0.0023563688155263662, 0.000742291274946183, -0.007679084315896034
v,-0.002319454913958907, 0.0006783543503843248, -0.007700723595917225
v,-0.0020100006368011236, 0.00014236362767405808, -0.007709774188697338
v,-0.00196937401778996, 7.199638639576733e-05, -0.007693226914852858
v,-0.0022811267990618944, 0.0006119680474512279, -0.0077175539918243885
v,-0.0020100006368011236, 0.00014236362767405808, -0.007709774188697338
v,-0.002319454913958907, 0.0006783543503843248, -0.007700723595917225
v,-0.0022811267990618944, 0.0006119680474512279, -0.0077175539918243885
v,-0.0020491420291364193, 0.0002101586724165827, -0.007722644135355949
v,-0.0020100006368011236, 0.00014236362767405808, -0.007709774188697338
v,-0.0022413842380046844, 0.000543131900485605, -0.007729575969278812
v,-0.0020491420291364193, 0.0002101586724165827, -0.007722644135355949
v,-0.0022811267990618944, 0.0006119680474512279, -0.0077175539918243885
v,-0.0022413842380046844, 0.000543131900485605, -0.007729575969278812
v,-0.0020867984276264906, 0.0002753815206233412, -0.007731837220489979
v,-0.0020491420291364193, 0.0002101586724165827, -0.007722644135355949
v,-0.0022002272307872772, 0.00047184599679894745, -0.007736788596957922
v,-0.0020867984276264906, 0.0002753815206233412, -0.007731837220489979
v,-0.0022413842380046844, 0.000543131900485605, -0.007729575969278812
v,-0.0022002272307872772, 0.00047184599679894745, -0.007736788596957922
v,-0.0021229698322713375, 0.00033803205587901175, -0.007737352978438139
v,-0.0020867984276264906, 0.0002753815206233412, -0.007731837220489979
v,-0.0021576560102403164, 0.000398110511014238, -0.007739192806184292
v,-0.0021229698322713375, 0.00033803205587901175, -0.007737352978438139
v,-0.0022002272307872772, 0.00047184599679894745, -0.007736788596957922
v,0.0012535655405372381, 0.0008180731092579663, -0.00498634809628129
v,-0.0014973428333178163, -0.000745585944969207, -0.005145035684108734
v,0.001242922735400498, 0.0008365070098079741, -0.005145035218447447
v,9.33409173740074e-05, 0.0028276413213461637, -0.005226500332355499
v,-0.0026232523377984762, 0.0012045466573908925, -0.0050112404860556126
v,0.00011701326729962602, 0.0027866396121680737, -0.005011240020394325
v,0.0023963407147675753, -0.0011612718226388097, -0.005111940670758486
v,-0.00028141148504801095, -0.0028516410384327173, -0.0050158374942839146
v,0.0024588541127741337, -0.0012695479672402143, -0.005015837028622627
v,0.0023326962254941463, -0.0010510360589250922, -0.005205922294408083
v,-0.00034392476663924754, -0.002743364777415991, -0.005111941136419773
v,0.0023963407147675753, -0.0011612718226388097, -0.005111940670758486
v,0.001242922735400498, 0.0008365070098079741, -0.005145035218447447
v,-0.001504944870248437, -0.0007324189064092934, -0.00528165977448225
v,0.0012353206984698772, 0.0008496740483678877, -0.005281659308820963
v,0.0022679201792925596, -0.0009388405596837401, -0.005297782830893993
v,-0.00040756940143182874, -0.0026331290137022734, -0.00520592276006937
v,0.0023326962254941463, -0.0010510360589250922, -0.005205922294408083
v,7.437139720423147e-05, 0.002860497683286667, -0.00540159409865737
v,-0.0026469246950000525, 0.0012455483665689826, -0.005226500798016787
v,9.33409173740074e-05, 0.0028276413213461637, -0.005226500332355499
v,0.0012353206984698772, 0.0008496740483678877, -0.005281659308820963
v,-0.0015095060225576162, -0.0007245186134241521, -0.005396220367401838
v,0.001230759546160698, 0.000857574341353029, -0.005396219901740551
v,0.002761802403256297, -0.0017942700069397688, -0.005285053979605436
v,-0.0007421988411806524, -0.0020535336807370186, -0.006405200809240341
v,0.001998066669330001, -0.00047144072595983744, -0.006405200343579054
v,0.0022020123433321714, -0.0008246852084994316, -0.00538752181455493
v,-0.00047234544763341546, -0.0025209335144609213, -0.005297783296555281
v,0.0022679201792925596, -0.0009388405596837401, -0.005297782830893993
v,0.0021349734161049128, -0.0007085701217874885, -0.005475139245390892
v,-0.0005382531089708209, -0.0024067782796919346, -0.005387522280216217
v,0.0022020123433321714, -0.0008246852084994316, -0.00538752181455493
v,0.001230759546160698, 0.000857574341353029, -0.005396219901740551
v,-0.001511026406660676, -0.000721885182429105, -0.005488717462867498
v,0.0012292391620576382, 0.0008602077723480761, -0.005488716997206211
v,6.010435754433274e-05, 0.002885208697989583, -0.005536521319299936
v,-0.002665894106030464, 0.0012784047285094857, -0.005401594564318657
v,7.437139720423147e-05, 0.002860497683286667, -0.00540159409865737
v,0.0020668029319494963, -0.0005904953577555716, -0.00556063512340188
v,-0.0006052921526134014, -0.0022906630765646696, -0.005475139711052179
v,0.0021349734161049128, -0.0007085701217874885, -0.005475139245390892
v,0.0012292391620576382, 0.0008602077723480761, -0.005488716997206211
v,-0.0015105314087122679, -0.0007227425812743604, -0.005532031413167715
v,0.0012297341600060463, 0.0008593503735028207, -0.005532030947506428
v,0.0012297341600060463, 0.0008593503735028207, -0.005532030947506428
v,-0.0015090462984517217, -0.0007253147778101265, -0.0055737183429300785
v,0.0012312192702665925, 0.0008567781769670546, -0.005573717877268791
v,5.0540027586976066e-05, 0.002901774598285556, -0.005631281062960625
v,-0.0026801612693816423, 0.0013031157432124019, -0.005536521784961224
v,6.010435754433274e-05, 0.002885208697989583, -0.005536521319299936
v,0.001997500890865922, -0.0004704607999883592, -0.005644009914249182
v,-0.0006734626367688179, -0.0021725883707404137, -0.005560635589063168
v,0.0020668029319494963, -0.0005904953577555716, -0.00556063512340188
v,0.0012312192702665925, 0.0008567781769670546, -0.005573717877268791
v,-0.001506571308709681, -0.0007296017138287425, -0.005613779183477163
v,0.0012336942600086331, 0.0008524912409484386, -0.005613778717815876
v,0.0012336942600086331, 0.0008524912409484386, -0.005613778717815876
v,-0.0015031062066555023, -0.0007356034475378692, -0.005652213003486395
v,0.0012371593620628119, 0.0008464895072393119, -0.005652212537825108
v,4.362740583019331e-05, 0.0029137476813048124, -0.005705179646611214
v,-0.002689725486561656, 0.0013196816435083747, -0.005631281528621912
v,5.0540027586976066e-05, 0.002901774598285556, -0.005631281062960625
v,0.0019270675256848335, -0.0003484664484858513, -0.005725262686610222
v,-0.0007427646196447313, -0.0020525536965578794, -0.005644010379910469
v,0.001997500890865922, -0.0004704607999883592, -0.005644009914249182
v,0.0012371593620628119, 0.0008464895072393119, -0.005652212537825108
v,-0.0014986511087045074, -0.0007433199207298458, -0.005689020734280348
v,0.0012416144600138068, 0.0008387730340473354, -0.0056890202686190605
v,0.0012416144600138068, 0.0008387730340473354, -0.0056890202686190605
v,-0.0014932058984413743, -0.0007527511916123331, -0.005724202375859022
v,0.0012470596702769399, 0.0008293417631648481, -0.005724201910197735
v,3.731594915734604e-05, 0.002924679545685649, -0.0057775224559009075
v,-0.0026966382283717394, 0.0013316547265276313, -0.005705180112272501
v,4.362740583019331e-05, 0.0029137476813048124, -0.005705179646611214
v,0.0012470596702769399, 0.0008293417631648481, -0.005724201910197735
v,-0.001486770692281425, -0.0007638972601853311, -0.0057577574625611305
v,0.0012534948764368892, 0.00081819569459185, -0.005757756996899843
v,0.0018555026035755873, -0.00022451237600762397, -0.005804394371807575
v,-0.0008131981012411416, -0.0019305594032630324, -0.005725263152271509
v,0.0019270675256848335, -0.0003484664484858513, -0.005725262686610222
v,0.0012534948764368892, 0.00081819569459185, -0.005757756996899843
v,-0.0014793454902246594, -0.0007767581264488399, -0.005789685994386673
v,0.0012609200784936547, 0.0008053348283283412, -0.005789685528725386
v,3.160554842907004e-05, 0.0029345701914280653, -0.005848309490829706
v,-0.002702949568629265, 0.0013425865909084678, -0.005777522921562195
v,3.731594915734604e-05, 0.002924679545685649, -0.0057775224559009075
v,0.0012609200784936547, 0.0008053348283283412, -0.005789685528725386
v,-0.0014709302922710776, -0.0007913337321951985, -0.0058199879713356495
v,0.0012693352764472365, 0.0007907592225819826, -0.005819987505674362
v,0.0018186593661084771, -0.00016069806588348, -0.005843429360538721
v,-0.0008847630233503878, -0.0018066053744405508, -0.0058043948374688625
v,0.0018555026035755873, -0.00022451237600762397, -0.005804394371807575
v,0.0012693352764472365, 0.0007907592225819826, -0.005819987505674362
v,-0.0014615249820053577, -0.0008076241356320679, -0.00584866339340806
v,0.0012787405867129564, 0.0007744688191451132, -0.005848662927746773
v,0.001782806240953505, -9.859863348538056e-05, -0.005879070609807968
v,-0.0009216062026098371, -0.0017427910352125764, -0.005843429826200008
v,0.0018186593661084771, -0.00016069806588348, -0.005843429360538721
v,2.6496316422708333e-05, 0.0029434196185320616, -0.00591754075139761
v,-0.0027086599729955196, 0.0013524772366508842, -0.0058483099564909935
v,3.160554842907004e-05, 0.0029345701914280653, -0.005848309490829706
v,0.0012787405867129564, 0.0007744688191451132, -0.005848662927746773
v,-0.0014511297922581434, -0.0008256292785517871, -0.005875712726265192
v,0.0012891357764601707, 0.000756463676225394, -0.005875712260603905
v,0.0012891357764601707, 0.000756463676225394, -0.005875712260603905
v,-0.0014397443737834692, -0.0008453492191620171, -0.005901135038584471
v,0.001300521194934845, 0.000736743735615164, -0.0059011345729231834
v,0.0017479431116953492, -3.82139187422581e-05, -0.005911317653954029
v,-0.0009574593277648091, -0.0016806916100904346, -0.0058790710754692554
v,0.001782806240953505, -9.859863348538056e-05, -0.005879070609807968
v,0.001300521194934845, 0.000736743735615164, -0.0059011345729231834
v,-0.0014276165748015046, -0.000866355316247791, -0.005924718454480171
v,0.0013126489939168096, 0.0007157376385293901, -0.005924717988818884
v,0.0017140699783340096, 2.0455998310353607e-05, -0.005940169561654329
v,-0.000992322457022965, -0.0016203068662434816, -0.005911318119615316
v,0.0017479431116953492, -3.82139187422581e-05, -0.005911317653954029
v,2.1988251319271512e-05, 0.0029512278269976377, -0.005985216237604618
v,-0.00271376920863986, 0.0013613266637548804, -0.005917541217058897
v,2.6496316422708333e-05, 0.0029434196185320616, -0.00591754075139761
v,0.0013126489939168096, 0.0007157376385293901, -0.005924717988818884
v,-0.00141499366145581, -0.0008882187539711595, -0.005946251563727856
v,0.001325271907262504, 0.0006938742008060217, -0.005946251098066568
v,0.0016811869572848082, 7.741111767245457e-05, -0.005965627264231443
v,-0.0010261955903843045, -0.0015616369200870395, -0.005940170027315617
v,0.0017140699783340096, 2.0455998310353607e-05, -0.005940169561654329
v,0.001325271907262504, 0.0006938742008060217, -0.005946251098066568
v,-0.0014018758665770292, -0.0009109395905397832, -0.005965733900666237
v,0.001338389702141285, 0.0006711533642373979, -0.00596573343500495
v,0.001649293932132423, 0.00013265149027574807, -0.005987690761685371
v,-0.001059078611433506, -0.0015046818880364299, -0.005965627729892731
v,0.0016811869572848082, 7.741111767245457e-05, -0.005965627264231443
v,0.001338389702141285, 0.0006711533642373979, -0.00596573343500495
v,-0.0013882629573345184, -0.0009345177677460015, -0.005983165930956602
v,0.0013520026113837957, 0.0006475751870311797, -0.005983165465295315
v,0.0013520026113837957, 0.0006475751870311797, -0.005983165465295315
v,-0.0013741550501435995, -0.000958953402005136, -0.005998546723276377
v,0.0013661105185747147, 0.0006231395527720451, -0.005998546257615089
v,1.808124034141656e-05, 0.0029579950496554375, -0.006051335949450731
v,-0.0027182772755622864, 0.0013691348722204566, -0.005985216703265905
v,2.1988251319271512e-05, 0.0029512278269976377, -0.005985216237604618
v,0.001618390902876854, 0.00018617707246448845, -0.006006360054016113
v,-0.0010909716365858912, -0.0014494414208456874, -0.005987691227346659
v,0.001649293932132423, 0.00013265149027574807, -0.005987690761685371
v,0.0013661105185747147, 0.0006231395527720451, -0.005998546257615089
v,-0.0013595521450042725, -0.0009842464933171868, -0.006011876277625561
v,0.0013807134237140417, 0.0005978465196676552, -0.0060118758119642735
v,0.001588477985933423, 0.0002379878715146333, -0.006021634675562382
v,-0.0011218746658414602, -0.0013959158677607775, -0.006006360519677401
v,0.001618390902876854, 0.00018617707246448845, -0.006006360054016113
v,0.0013807134237140417, 0.0005978465196676552, -0.0060118758119642735
v,-0.0013444541255012155, -0.0010103968670591712, -0.006023155525326729
v,0.0013958114432170987, 0.00057169608771801, -0.0060231550596654415
v,0.0015595549484714866, 0.0002880839165300131, -0.006033515091985464
v,-0.0011517875827848911, -0.0013441051123663783, -0.006021635141223669
v,0.001588477985933423, 0.0002379878715146333, -0.006021634675562382
v,0.0013958114432170987, 0.00057169608771801, -0.0060231550596654415
v,-0.0013288612244650722, -0.001037404639646411, -0.006032384000718594
v,0.001411404344253242, 0.0005446883151307702, -0.006032383535057306
v,0.001411404344253242, 0.0005446883151307702, -0.006032383535057306
v,-0.001312773209065199, -0.001065269811078906, -0.006039562169462442
v,0.0014274923596531153, 0.0005168231436982751, -0.006039561703801155
v,0.0015316220233216882, 0.0003364651638548821, -0.00604200130328536
v,-0.0011807106202468276, -0.001294009038247168, -0.006033515557646751
v,0.0015595549484714866, 0.0002880839165300131, -0.006033515091985464
v,0.0014274923596531153, 0.0005168231436982751, -0.006039561703801155
v,-0.0012961901957169175, -0.0010939923813566566, -0.006044689100235701
v,0.0014440753730013967, 0.0004881005734205246, -0.006044688634574413
v,0.0015046792104840279, 0.0003831316134892404, -0.006047092843800783
v,-0.001208643545396626, -0.0012456277618184686, -0.006042001768946648
v,0.0015316220233216882, 0.0003364651638548821, -0.00604200130328536
v,0.0014440753730013967, 0.0004881005734205246, -0.006044688634574413
v,-0.0012791123008355498, -0.0011235723504796624, -0.006047764793038368
v,0.0014611532678827643, 0.0004585206334013492, -0.006047764327377081
v,0.001478726277127862, 0.00042808332364074886, -0.0060487897135317326
v,-0.0012355863582342863, -0.0011989612830802798, -0.0060470933094620705
v,0.0015046792104840279, 0.0003831316134892404, -0.006047092843800783
v,0.0014611532678827643, 0.0004585206334013492, -0.006047764327377081
v,-0.0012615392915904522, -0.0011540096020326018, -0.00604879017919302
v,0.001478726277127862, 0.00042808332364074886, -0.0060487897135317326
v,1.4775163435842842e-05, 0.0029637212865054607, -0.006115899421274662
v,-0.002722184406593442, 0.0013759020948782563, -0.006051336415112019
v,1.808124034141656e-05, 0.0029579950496554375, -0.006051335949450731
v,1.2070255252183415e-05, 0.002968406304717064, -0.006178908050060272
v,-0.0027254903689026833, 0.0013816283317282796, -0.006115899886935949
v,1.4775163435842842e-05, 0.0029637212865054607, -0.006115899421274662
v,9.966400284611154e-06, 0.002972050104290247, -0.0062403604388237
v,-0.002728195395320654, 0.0013863133499398828, -0.0061789085157215595
v,1.2070255252183415e-05, 0.002968406304717064, -0.006178908050060272
v,8.463713129458483e-06, 0.0029746529180556536, -0.0063002570532262325
v,-0.0027302992530167103, 0.0013899571495130658, -0.006240360904484987
v,9.966400284611154e-06, 0.002972050104290247, -0.0062403604388237
v,7.5621956057148054e-06, 0.00297621451318264, -0.006358598358929157
v,-0.0027318019419908524, 0.0013925599632784724, -0.00630025751888752
v,8.463713129458483e-06, 0.0029746529180556536, -0.0063002570532262325
v,7.261613063747063e-06, 0.00297673512250185, -0.0064153834246098995
v,-0.00273270346224308, 0.001394121558405459, -0.0063585988245904446
v,7.5621956057148054e-06, 0.00297621451318264, -0.006358598358929157
v,0.001998066669330001, -0.00047144072595983744, -0.006405200343579054
v,-0.000838691194076091, -0.0018864040030166507, -0.0065355305559933186
v,0.001901574432849884, -0.00030431104823946953, -0.006535530090332031
v,8.35778428154299e-06, 0.0029748366214334965, -0.0065186298452317715
v,-0.0027330040466040373, 0.001394642167724669, -0.006415383890271187
v,7.261613063747063e-06, 0.00297673512250185, -0.0064153834246098995
v,1.1646171515167225e-05, 0.002969140885397792, -0.006617915350943804
v,-0.002731907879933715, 0.0013927436666563153, -0.006518630310893059
v,8.35778428154299e-06, 0.0029748366214334965, -0.0065186298452317715
v,0.001901574432849884, -0.00030431104823946953, -0.006535530090332031
v,-0.0009312941110692918, -0.0017260110471397638, -0.006658364553004503
v,0.0018089713994413614, -0.000143918048706837, -0.006658364087343216
v,1.712665834929794e-05, 0.0029596483800560236, -0.006713240873068571
v,-0.0027286193799227476, 0.0013870479306206107, -0.006617915816605091
v,1.1646171515167225e-05, 0.002969140885397792, -0.006617915350943804
v,0.0022684147115796804, -0.0009396982495673001, 0.005789118353277445
v,-0.00035014821332879364, -0.0027325863484293222, 0.00587567500770092
v,0.002390117384493351, -0.001150493393652141, 0.005875675473362207
v,0.0018089713994413614, -0.000143918048706837, -0.006658364087343216
v,-0.0010200076503679156, -0.0015723545802757144, -0.006773702800273895
v,0.0017202579183503985, 9.738385415403172e-06, -0.006773702334612608
v,0.002390117384493351, -0.001150493393652141, 0.005875675473362207
v,-0.00024322526587639004, -0.0029177824035286903, 0.0056312792003154755
v,0.0024970402009785175, -0.0013356894487515092, 0.005631279665976763
v,2.4799363018246368e-05, 0.002946358872577548, -0.006804605945944786
v,-0.002723139012232423, 0.0013775554252788424, -0.006713241338729858
v,1.712665834929794e-05, 0.0029596483800560236, -0.006713240873068571
v,0.002149399137124419, -0.0007335572736337781, 0.005705955903977156
v,-0.0004718508862424642, -0.002521791262552142, 0.0057891178876161575
v,0.0022684147115796804, -0.0009396982495673001, 0.005789118353277445
v,0.002033070893958211, -0.0005320706986822188, 0.005626187659800053
v,-0.000590866373386234, -0.0023156502284109592, 0.005705955438315868
v,0.002149399137124419, -0.0007335572736337781, 0.005705955903977156
v,0.0017202579183503985, 9.738385415403172e-06, -0.006773702334612608
v,-0.0011048319283872843, -0.0014254347188398242, -0.006881545297801495
v,0.00163543364033103, 0.00015665822138544172, -0.006881544832140207
v,3.4664284612517804e-05, 0.002929272362962365, -0.006892011500895023
v,-0.002715466311201453, 0.0013642659178003669, -0.006804606411606073
v,2.4799363018246368e-05, 0.002946358872577548, -0.006804605945944786
v,0.0024970402009785175, -0.0013356894487515092, 0.005631279665976763
v,-0.0002862207475118339, -0.0028433119878172874, 0.005332432221621275
v,0.0024540447629988194, -0.0012612190330401063, 0.005332432687282562
v,0.001919429749250412, -0.00033523861202411354, 0.005549814086407423
v,-0.0007071946747601032, -0.002114163711667061, 0.005626187194138765
v,0.002033070893958211, -0.0005320706986822188, 0.005626187659800053
v,0.00163543364033103, 0.00015665822138544172, -0.006881544832140207
v,-0.0011857666540890932, -0.001285251579247415, -0.006981891579926014
v,0.001554498914629221, 0.0002968413755297661, -0.006981891114264727
v,4.672142313211225e-05, 0.002908388851210475, -0.006975456606596708
v,-0.0027056012768298388, 0.001347179408185184, -0.006892011966556311
v,3.4664284612517804e-05, 0.002929272362962365, -0.006892011500895023
v,0.001808475935831666, -0.00014306086814031005, 0.005476835183799267
v,-0.0008208357612602413, -0.0019173315959051251, 0.005549813620746136
v,0.001919429749250412, -0.00033523861202411354, 0.005549814086407423
v,6.0970778577029705e-05, 0.002883708104491234, -0.007054941263049841
v,-0.002693544141948223, 0.0013262958964332938, -0.006975457072257996
v,4.672142313211225e-05, 0.002908388851210475, -0.006975456606596708
v,0.0017002093372866511, 4.44624965894036e-05, 0.005407250020653009
v,-0.0009317896328866482, -0.0017251537647098303, 0.0054768347181379795
v,0.001808475935831666, -0.00014306086814031005, 0.005476835183799267
v,0.0015946298372000456, 0.00022733144578523934, 0.005341059993952513
v,-0.001040056231431663, -0.00153763045091182, 0.005407249554991722
v,0.0017002093372866511, 4.44624965894036e-05, 0.005407250020653009
v,0.001554498914629221, 0.0002968413755297661, -0.006981891114264727
v,-0.001262812060303986, -0.0011518050450831652, -0.007074742112308741
v,0.001477453508414328, 0.00043028793879784644, -0.007074741646647453
v,7.741234730929136e-05, 0.002855230588465929, -0.007130466401576996
v,-0.0026792949065566063, 0.0013016151497140527, -0.007054941728711128
v,6.0970778577029705e-05, 0.002883708104491234, -0.007054941263049841
v,0.001491737668402493, 0.0004055460449308157, 0.005278263706713915
v,-0.0011456357315182686, -0.0013547615380957723, 0.005341059528291225
v,0.0015946298372000456, 0.00022733144578523934, 0.005341059993952513
v,0.001477453508414328, 0.00043028793879784644, -0.007074741646647453
v,-0.001335968030616641, -0.0010250949999317527, -0.007160096894949675
v,0.0014042975381016731, 0.0005569978966377676, -0.007160096429288387
v,0.0024540447629988194, -0.0012612190330401063, 0.005332432687282562
v,-0.000328650523442775, -0.0027698215562850237, 0.005033302120864391
v,0.0024116151034832, -0.0011877284850925207, 0.005033302586525679
v,9.604602382751182e-05, 0.002822956070303917, -0.0072020310908555984
v,-0.002662853104993701, 0.0012731376336887479, -0.007130466867238283
v,7.741234730929136e-05, 0.002855230588465929, -0.007130466401576996
v,0.0013915325980633497, 0.0005791062139905989, 0.00521886209025979
v,-0.0012485279003158212, -0.0011765469098463655, 0.0052782632410526276
v,0.001491737668402493, 0.0004055460449308157, 0.005278263706713915
v,0.0012940148590132594, 0.0007480119820684195, 0.005162854678928852
v,-0.0013487329706549644, -0.0010029866825789213, 0.005218861624598503
v,0.0013915325980633497, 0.0005791062139905989, 0.00521886209025979
v,0.0014042975381016731, 0.0005569978966377676, -0.007160096429288387
v,-0.00140523468144238, -0.0009051217348314822, -0.007237954996526241
v,0.0013350308872759342, 0.000676971219945699, -0.007237954530864954
v,0.0001168720264104195, 0.0027868845500051975, -0.007269635330885649
v,-0.002644219435751438, 0.0012408631155267358, -0.007202031556516886
v,9.604602382751182e-05, 0.002822956070303917, -0.0072020310908555984
v,0.0011991843348369002, 0.0009122633491642773, 0.005110241938382387
v,-0.0014462507097050548, -0.0008340809727087617, 0.005162854213267565
v,0.0012940148590132594, 0.0007480119820684195, 0.005162854678928852
v,0.0011070409091189504, 0.0010718603152781725, 0.005061022937297821
v,-0.001541081233881414, -0.0006698296056129038, 0.0051102414727211
v,0.0011991843348369002, 0.0009122633491642773, 0.005110241938382387
v,0.0013350308872759342, 0.000676971219945699, -0.007237954530864954
v,-0.001470611896365881, -0.0007918850751593709, -0.00730831827968359
v,0.0012696536723524332, 0.0007902078796178102, -0.007308317814022303
v,0.00013989002036396414, 0.002747016027569771, -0.007333280518651009
v,-0.0026233934331685305, 0.0012047915952280164, -0.007269635796546936
v,0.0001168720264104195, 0.0027868845500051975, -0.007269635330885649
v,0.0011049549793824553, 0.0010754733812063932, 0.0049120234325528145
v,-0.0016332246595993638, -0.0005102326394990087, 0.005061022471636534
v,0.0011070409091189504, 0.0010718603152781725, 0.005061022937297821
v,0.0012696536723524332, 0.0007902078796178102, -0.007308317814022303
v,-0.001532099791802466, -0.0006853850209154189, -0.007371185347437859
v,0.0012081657769158483, 0.0008967079338617623, -0.007371184881776571
v,0.0024116151034832, -0.0011877284850925207, 0.005033302586525679
v,-0.00037051455001346767, -0.0026973108761012554, 0.004733888898044825
v,0.002369750989601016, -0.0011152178049087524, 0.004733889363706112
v,0.00016510045679751784, 0.002703350270166993, -0.007392964791506529
v,-0.0026003755629062653, 0.0011649230727925897, -0.007333280984312296
v,0.00013989002036396414, 0.002747016027569771, -0.007333280518651009
v,0.0011003937106579542, 0.0010833736741915345, 0.0047467597760260105
v,-0.0016353105893358588, -0.0005066195735707879, 0.004912022966891527
v,0.0011049549793824553, 0.0010754733812063932, 0.0049120234325528145
v,0.0010933574521914124, 0.001095560728572309, 0.0045652310363948345
v,-0.00163987185806036, -0.0004987192805856466, 0.004746759310364723
v,0.0011003937106579542, 0.0010833736741915345, 0.0047467597760260105
v,0.0012081657769158483, 0.0008967079338617623, -0.007371184881776571
v,-0.001589698251336813, -0.0005856215720996261, -0.0074265566654503345
v,0.0011505673173815012, 0.000996471382677555, -0.007426556199789047
v,0.00019211405015084893, 0.0026565613225102425, -0.007448266260325909
v,-0.0025751651264727116, 0.001121257315389812, -0.007392965257167816
v,0.00016510045679751784, 0.002703350270166993, -0.007392964791506529
v,0.002369750989601016, -0.0011152178049087524, 0.004733889363706112
v,-0.00041181276901625097, -0.0026257801800966263, 0.004434193484485149
v,0.0023284528870135546, -0.0010436872253194451, 0.004434193950146437
v,0.00108384620398283, 0.001112035010010004, 0.004367438144981861
v,-0.0016469081165269017, -0.0004865321679972112, 0.004565230570733547
v,0.0010933574521914124, 0.001095560728572309, 0.0045652310363948345
v,0.0011505673173815012, 0.000996471382677555, -0.007426556199789047
v,-0.0016434072749689221, -0.0004925947869196534, -0.007474430836737156
v,0.001096858293749392, 0.0010894981678575277, -0.007474430371075869
v,0.00022054197324905545, 0.0026073227636516094, -0.007498757913708687
v,-0.0025481514167040586, 0.0010744683677330613, -0.007448266725987196
v,0.00019211405015084893, 0.0026565613225102425, -0.007448266260325909
v,0.0023284528870135546, -0.0010436872253194451, 0.004434193950146437
v,-0.0004525453259702772, -0.0025552292354404926, 0.004134214948862791
v,0.0022877203300595284, -0.0009731363970786333, 0.004134215414524078
v,0.0010718597332015634, 0.0011327960528433323, 0.004153379704803228
v,-0.0016564193647354841, -0.000470058002974838, 0.004367437679320574
v,0.00108384620398283, 0.001112035010010004, 0.004367438144981861
v,0.001096858293749392, 0.0010894981678575277, -0.007474430371075869
v,-0.0016944289673119783, -0.0004042224318254739, -0.007516719400882721
v,0.0010458366014063358, 0.0011778705520555377, -0.007516718935221434
v,0.0002503842406440526, 0.0025556343607604504, -0.007544440217316151
v,-0.002519723493605852, 0.0010252298088744283, -0.007498758379369974
v,0.00022054197324905545, 0.0026073227636516094, -0.007498757913708687
v,0.001057398272678256, 0.0011578440899029374, 0.003923056647181511
v,-0.0016684058355167508, -0.00044929696014150977, 0.004153379239141941
v,0.0010718597332015634, 0.0011327960528433323, 0.004153379704803228
v,0.0010458366014063358, 0.0011778705520555377, -0.007516718935221434
v,-0.001743965782225132, -0.000318422302370891, -0.007555331103503704
v,0.0009962997864931822, 0.0012636706233024597, -0.007555330637842417
v,0.0022877203300595284, -0.0009731363970786333, 0.004134215414524078
v,-0.000492712075356394, -0.002485658274963498, 0.0038339535240083933
v,0.002247553551569581, -0.0009035654366016388, 0.003833953756839037
v,0.00028164093964733183, 0.002501496346667409, -0.007585314102470875
v,-0.002489881357178092, 0.0009735414059832692, -0.007544440682977438
v,0.0002503842406440526, 0.0025556343607604504, -0.007544440217316151
v,0.0010404617059975863, 0.0011871791211888194, 0.0036764689721167088
v,-0.0016828672960400581, -0.00042424892308190465, 0.003923056181520224
v,0.001057398272678256, 0.0011578440899029374, 0.003923056647181511
v,0.0009962997864931822, 0.0012636706233024597, -0.007555330637842417
v,-0.0017920174868777394, -0.00023519419482909143, -0.007590265013277531
v,0.0009482480236329138, 0.0013468987308442593, -0.007590264547616243
v,0.002247553551569581, -0.0009035654366016388, 0.003833953756839037
v,-0.0005323131917975843, -0.002417067065834999, 0.0035334096755832434
v,0.002207952318713069, -0.0008349742274731398, 0.003533409908413887
v,0.00031431185198016465, 0.0024449084885418415, -0.007621379103511572
v,-0.002458624541759491, 0.0009194033918902278, -0.007585314568132162
v,0.00028164093964733183, 0.002501496346667409, -0.007585314102470875
v,0.0010210501495748758, 0.0012208010302856565, 0.003413616679608822
v,-0.001699803862720728, -0.0003949138626921922, 0.003676468739286065
v,0.0010404617059975863, 0.0011871791211888194, 0.0036764689721167088
v,0.0009482480236329138, 0.0013468987308442593, -0.007590264547616243
v,-0.0018385841976851225, -0.000154538283823058, -0.007621521595865488
v,0.0009016813710331917, 0.0014275546418502927, -0.007621521130204201
v,0.002207952318713069, -0.0008349742274731398, 0.003533409908413887
v,-0.0005713485879823565, -0.002349455840885639, 0.003232582239434123
v,0.0021689170971512794, -0.0007673630025237799, 0.0032325824722647667
v,0.0003483972104731947, 0.0023858710192143917, -0.007652635686099529
v,-0.00242595374584198, 0.0008628155919723213, -0.007621379569172859
v,0.00031431185198016465, 0.0024449084885418415, -0.007621379103511572
v,0.0009991633705794811, 0.0012587099336087704, 0.003134499303996563
v,-0.0017192154191434383, -0.00036129195359535515, 0.003413616446778178
v,0.0010210501495748758, 0.0012208010302856565, 0.003413616679608822
v,0.0009016813710331917, 0.0014275546418502927, -0.007621521130204201
v,-0.0018836657982319593, -7.645456935279071e-05, -0.007649100385606289
v,0.0008565997122786939, 0.00150563835632056, -0.007649099919945002
v,0.0021689170971512794, -0.0007673630025237799, 0.0032325824722647667
v,-0.0006098182639107108, -0.0022828243672847748, 0.0029314723797142506
v,0.002130447421222925, -0.0007007314707152545, 0.0029314726125448942
v,0.0009748016600497067, 0.0013009057147428393, 0.002839117543771863
v,-0.001741102198138833, -0.0003233829920645803, 0.0031344990711659193
v,0.0009991633705794811, 0.0012587099336087704, 0.003134499303996563
v,0.0008565997122786939, 0.00150563835632056, -0.007649099919945002
v,-0.0019272624049335718, -9.430495993001387e-07, -0.007673002313822508
v,0.0008130031055770814, 0.0015811498742550611, -0.0076730018481612206
v,0.00038389666588045657, 0.002324384171515703, -0.007679083850234747
v,-0.002391868270933628, 0.0008037781226448715, -0.007652636151760817
v,0.0003483972104731947, 0.0023858710192143917, -0.007652635686099529
v,0.002130447421222925, -0.0007007314707152545, 0.0029314726125448942
v,-0.0006477221031673253, -0.002217173110693693, 0.002630079397931695
v,0.00209254352375865, -0.0006350800395011902, 0.0026300796307623386
v,0.0009479648433625698, 0.0013473884901031852, 0.0025274704676121473
v,-0.0017654639668762684, -0.00028118721093051136, 0.0028391173109412193
v,0.0009748016600497067, 0.0013009057147428393, 0.002839117543771863
v,0.0008130031055770814, 0.0015811498742550611, -0.0076730018481612206
v,-0.00196937401778996, 7.199638639576733e-05, -0.007693226914852858
v,0.0007708914927206933, 0.001654089312069118, -0.00769322644919157
v,0.0004208105674479157, 0.002260447246953845, -0.007700723130255938
v,-0.0023563688155263662, 0.000742291274946183, -0.007679084315896034
v,0.00038389666588045657, 0.002324384171515703, -0.007679083850234747
v,0.00209254352375865, -0.0006350800395011902, 0.0026300796307623386
v,-0.0006850602803751826, -0.0021525013726204634, 0.0023284039925783873
v,0.0020552051719278097, -0.0005704084178432822, 0.002328404225409031
v,0.0009186529205180705, 0.001398158143274486, 0.0021995590068399906
v,-0.0017923007253557444, -0.0002347044210182503, 0.0025274702347815037
v,0.0009479648433625698, 0.0013473884901031852, 0.0025274704676121473
v,0.0007708914927206933, 0.001654089312069118, -0.00769322644919157
v,-0.0020100006368011236, 0.00014236362767405808, -0.007709774188697338
v,0.0007302649901248515, 0.0017244565533474088, -0.007709773723036051
v,0.0004591387987602502, 0.002194060944020748, -0.007717553526163101
v,-0.002319454913958907, 0.0006783543503843248, -0.007700723595917225
v,0.0004208105674479157, 0.002260447246953845, -0.007700723130255938
v,0.0020552051719278097, -0.0005704084178432822, 0.002328404225409031
v,-0.0007218327955342829, -0.002088809385895729, 0.0020264454651623964
v,0.002018432831391692, -0.0005067164893262088, 0.00202644569799304
v,0.0008014053455553949, 0.0016012369887903333, 0.0021200031042099
v,-0.0018216127064079046, -0.0001839347678469494, 0.002199558774009347
v,0.0009186529205180705, 0.001398158143274486, 0.0021995590068399906
v,0.0007302649901248515, 0.0017244565533474088, -0.007709773723036051
v,-0.0020491420291364193, 0.0002101586724165827, -0.007722644135355949
v,0.000691123481374234, 0.0017922515980899334, -0.007722643669694662
v,0.0004988813307136297, 0.0021252247970551252, -0.007729575503617525
v,-0.0022811267990618944, 0.0006119680474512279, -0.0077175539918243885
v,0.0004591387987602502, 0.002194060944020748, -0.007717553526163101
v,0.0006872692611068487, 0.0017989265033975244, 0.0020442658569663763
v,-0.0019388601649552584, 1.9144083125866018e-05, 0.0021200028713792562
v,0.0008014053455553949, 0.0016012369887903333, 0.0021200031042099
v,0.003378696274012327, -0.0028627621941268444, 0.002094898372888565
v,0.0006936244899407029, -0.004540453664958477, 0.0021079101134091616
v,0.003433890175074339, -0.0029583608265966177, 0.0021079103462398052
v,0.000691123481374234, 0.0017922515980899334, -0.007722643669694662
v,-0.0020867984276264906, 0.0002753815206233412, -0.007731837220489979
v,0.0006534670828841627, 0.001857474446296692, -0.0077318367548286915
v,0.0005400382215157151, 0.00205393903888762, -0.007736788131296635
v,-0.0022413842380046844, 0.000543131900485605, -0.007729575969278812
v,0.0004988813307136297, 0.0021252247970551252, -0.007729575503617525
v,0.003433890175074339, -0.0029583608265966177, 0.0021079103462398052
v,0.0007343568140640855, -0.004611004143953323, 0.0020264454651623964
v,0.0034746224991977215, -0.0030289110727608204, 0.00202644569799304
v,0.003320037154480815, -0.002761161420494318, 0.0020830181892961264
v,0.000638430705294013, -0.004444855265319347, 0.0020948981400579214
v,0.003378696274012327, -0.0028627621941268444, 0.002094898372888565
v,0.0006534670828841627, 0.001857474446296692, -0.0077318367548286915
v,-0.0021229698322713375, 0.00033803205587901175, -0.007737352978438139
v,0.0006172957364469767, 0.0019201249815523624, -0.007737352512776852
v,0.0032579125836491585, -0.002653558738529682, 0.0020722695626318455
v,0.0005797714693471789, -0.004343254491686821, 0.0020830179564654827
v,0.003320037154480815, -0.002761161420494318, 0.0020830181892961264
v,0.000582609442062676, 0.0019802034366875887, -0.0077391923405230045
v,-0.0022002272307872772, 0.00047184599679894745, -0.007736788596957922
v,0.0005400382215157151, 0.00205393903888762, -0.007736788131296635
v,0.0006172957364469767, 0.0019201249815523624, -0.007737352512776852
v,-0.0021576560102403164, 0.000398110511014238, -0.007739192806184292
v,0.000582609442062676, 0.0019802034366875887, -0.0077391923405230045
v,0.003192323260009289, -0.002539954613894224, 0.0020626522600650787
v,0.0005176470149308443, -0.004235651809722185, 0.002072269329801202
v,0.0032579125836491585, -0.002653558738529682, 0.0020722695626318455
v,0.0031232687178999186, -0.0024203485809266567, 0.00205416651442647
v,0.0004520575748756528, -0.004122047685086727, 0.002062652027234435
v,0.003192323260009289, -0.002539954613894224, 0.0020626522600650787
v,0.0030507491901516914, -0.002294741105288267, 0.002046812092885375
v,0.0003830031491816044, -0.00400244165211916, 0.002054166281595826
v,0.0031232687178999186, -0.0024203485809266567, 0.00205416651442647
v,0.0029747644439339638, -0.002163131721317768, 0.002040589228272438
v,0.00031048350501805544, -0.0038768339436501265, 0.0020468118600547314
v,0.0030507491901516914, -0.002294741105288267, 0.002046812092885375
v,0.000576244667172432, 0.001991226803511381, 0.0019723474979400635
v,-0.0020529963076114655, 0.00021683360682800412, 0.0020442656241357327
v,0.0006872692611068487, 0.0017989265033975244, 0.0020442658569663763
v,0.0028953147120773792, -0.0020255206618458033, 0.0020354976877570152
v,0.0002344988752156496, -0.0037452245596796274, 0.0020405889954417944
v,0.0029747644439339638, -0.002163131721317768, 0.002040589228272438
v,0.002812399994581938, -0.0018819081597030163, 0.0020315374713391066
v,0.00015504914335906506, -0.0036076135002076626, 0.0020354974549263716
v,0.0028953147120773792, -0.0020255206618458033, 0.0020354976877570152
v,0.002726020058616996, -0.0017322937492281199, 0.0020287088118493557
v,7.213443313958123e-05, -0.0034640009980648756, 0.002031537238508463
v,0.002812399994581938, -0.0018819081597030163, 0.0020315374713391066
v,0.0026361749041825533, -0.001576677430421114, 0.002027011476457119
v,-1.4245621969166677e-05, -0.003314386587589979, 0.002028708579018712
v,0.002726020058616996, -0.0017322937492281199, 0.0020287088118493557
v,0.002542864764109254, -0.0014150594361126423, 0.00202644569799304
v,-0.00010409065725980327, -0.0031587702687829733, 0.0020270112436264753
v,0.0026361749041825533, -0.001576677430421114, 0.002027011476457119
v,0.002018432831391692, -0.0005067164893262088, 0.00202644569799304
v,-0.0001974008046090603, -0.0029971522744745016, 0.0020264454651623964
v,0.002542864764109254, -0.0014150594361126423, 0.00202644569799304
v,0.0034746224991977215, -0.0030289110727608204, 0.00202644569799304
v,0.0006630748976022005, -0.004487540107220411, 0.0015071050729602575
v,0.0034033404663205147, -0.002905447268858552, 0.0015071051893755794
v,0.0004683316219598055, 0.00217813765630126, 0.001904247677884996
v,-0.0021640209015458822, 0.0004091337905265391, 0.00197234726510942
v,0.000576244667172432, 0.001991226803511381, 0.0019723474979400635
v,0.0003635300090536475, 0.0023596591781824827, 0.0018399666296318173
v,-0.0022719339467585087, 0.0005960446433164179, 0.0019042475614696741
v,0.0004683316219598055, 0.00217813765630126, 0.001904247677884996
v,0.00026183994486927986, 0.002535791601985693, 0.0017795040039345622
v,-0.002376735443249345, 0.0007775662816129625, 0.0018399665132164955
v,0.0003635300090536475, 0.0023596591781824827, 0.0018399666296318173
v,0.00016326156037393957, 0.002706534694880247, 0.0017228604992851615
v,-0.0024784256238490343, 0.0009536987054161727, 0.0017795038875192404
v,0.00026183994486927986, 0.002535791601985693, 0.0017795040039345622
v,6.779447721783072e-05, 0.0028718882240355015, 0.0016700354171916842
v,-0.00257700402289629, 0.0011244418565183878, 0.0017228603828698397
v,0.00016326156037393957, 0.002706534694880247, 0.0017228604992851615
v,-2.4561051759519614e-05, 0.0030318526551127434, 0.0016210292233154178
v,-0.0026724711060523987, 0.0012897953856736422, 0.0016700353007763624
v,6.779447721783072e-05, 0.0028718882240355015, 0.0016700354171916842
v,-0.00011380491923773661, 0.003186427755281329, 0.0015758414519950747
v,-0.0027648266404867172, 0.001449759816750884, 0.001621029106900096
v,-2.4561051759519614e-05, 0.0030318526551127434, 0.0016210292233154178
v,-0.0001999373489525169, 0.003335613524541259, 0.0015344723360612988
v,-0.002854070393368602, 0.0016043349169194698, 0.001575841335579753
v,-0.00011380491923773661, 0.003186427755281329, 0.0015758414519950747
v,-0.00028295835363678634, 0.003479410195723176, 0.0014969221083447337
v,-0.0029402028303593397, 0.0017535206861793995, 0.001534472219645977
v,-0.0001999373489525169, 0.003335613524541259, 0.0015344723360612988
v,0.0034033404663205147, -0.002905447268858552, 0.0015071051893755794
v,0.0006548363016918302, -0.004473270382732153, 0.001449683215469122
v,0.003395101986825466, -0.0028911775443702936, 0.0014496833318844438
v,-0.00035424024099484086, 0.0036028739996254444, 0.0009368484606966376
v,-0.003023223951458931, 0.0018973173573613167, 0.0014969219919294119
v,-0.00028295835363678634, 0.003479410195723176, 0.0014969221083447337
v,0.003395101986825466, -0.0028911775443702936, 0.0014496833318844438
v,0.0006470928201451898, -0.004459858406335115, 0.001392827369272709
v,0.0033873585052788258, -0.002877765567973256, 0.0013928274856880307
v,0.0033873585052788258, -0.002877765567973256, 0.0013928274856880307
v,0.0006398445111699402, -0.0044473037123680115, 0.001336537068709731
v,0.0033801100216805935, -0.002865210874006152, 0.001336537185125053
v,0.0033801100216805935, -0.002865210874006152, 0.001336537185125053
v,0.0006330910255201161, -0.004435606766492128, 0.0012808127794414759
v,0.0033733565360307693, -0.0028535136952996254, 0.0012808128958567977
v,0.0033733565360307693, -0.0028535136952996254, 0.0012808128958567977
v,0.0006268327706493437, -0.0044247666373848915, 0.0012256538029760122
v,0.003367098281159997, -0.002842673799023032, 0.001225653919391334
v,0.003367098281159997, -0.002842673799023032, 0.001225653919391334
v,0.0006210693973116577, -0.0044147842563688755, 0.0011710608378052711
v,0.0033613350242376328, -0.002832691418007016, 0.001171060954220593
v,0.0033613350242376328, -0.002832691418007016, 0.001171060954220593
v,0.0006158011383377016, -0.00440565962344408, 0.001117033651098609
v,0.0033560667652636766, -0.0028235665522515774, 0.0011170337675139308
v,0.0033560667652636766, -0.0028235665522515774, 0.0011170337675139308
v,0.0006110276444815099, -0.0043973918072879314, 0.0010635722428560257
v,0.003351293271407485, -0.0028152987360954285, 0.0010635723592713475
v,0.003351293271407485, -0.0028152987360954285, 0.0010635723592713475
v,0.0006067492649890482, -0.004389981273561716, 0.0010106762638315558
v,0.0033470147754997015, -0.002807888202369213, 0.0010106763802468777
v,0.0033470147754997015, -0.002807888202369213, 0.0010106763802468777
v,0.0006029658834449947, -0.004383428022265434, 0.0009583465289324522
v,0.0033432315103709698, -0.002801335183903575, 0.000958346645347774
v,0.0007760889129713178, 0.0016450864495709538, 0.0009368484606966376
v,-0.003094505751505494, 0.002020781161263585, 0.0009368483442813158
v,-0.00035424024099484086, 0.0036028739996254444, 0.0009368484606966376
v,0.002519987989217043, -0.0013754356186836958, 0.0009362825658172369
v,-0.000294140656478703, -0.002829593839123845, 0.0009368483442813158
v,0.0024461247958242893, -0.001247500884346664, 0.0009368484606966376
v,0.0025939219631254673, -0.0015034929383546114, 0.0009345855796709657
v,-0.00022027753584552556, -0.0029575286898761988, 0.0009362824494019151
v,0.002519987989217043, -0.0013754356186836958, 0.0009362825658172369
v,0.0033432315103709698, -0.002801335183903575, 0.000958346645347774
v,0.0005996774998493493, -0.004377732519060373, 0.000906582223251462
v,0.0033399430103600025, -0.002795639680698514, 0.0009065823396667838
v,0.0007662239368073642, 0.0016621731920167804, 0.0008273088606074452
v,-0.0019641767721623182, 6.299345113802701e-05, 0.0009368483442813158
v,0.0007760889129713178, 0.0016450864495709538, 0.0009368484606966376
v,0.0024461247958242893, -0.001247500884346664, 0.0009368484606966376
v,-0.0008389389840885997, -0.0018859754782170057, 0.0009368483442813158
v,0.0019013265846297145, -0.0003038824943359941, 0.0009368484606966376
v,0.0019013265846297145, -0.0003038824943359941, 0.0009368484606966376
v,-0.0008685337379574776, -0.0018347158329561353, 0.0007295788964256644
v,0.0018717318307608366, -0.00025262284907512367, 0.0007295790128409863
v,0.002667926484718919, -0.0016316726105287671, 0.0009317569201812148
v,-0.00014634356193710119, -0.0030855860095471144, 0.0009345854632556438
v,0.0025939219631254673, -0.0015034929383546114, 0.0009345855796709657
v,0.002742001786828041, -0.0017599748680368066, 0.000927796820178628
v,-7.233904034364969e-05, -0.0032137655653059483, 0.000931756803765893
v,0.002667926484718919, -0.0016316726105287671, 0.0009317569201812148
v,0.002816147869452834, -0.001888399594463408, 0.0009227052796632051
v,1.736264152896183e-06, -0.0033420678228139877, 0.0009277967037633061
v,0.002742001786828041, -0.0017599748680368066, 0.000927796820178628
v,0.0028903644997626543, -0.0020169466733932495, 0.0009164822986349463
v,7.588234439026564e-05, -0.003470492549240589, 0.0009227051632478833
v,0.002816147869452834, -0.001888399594463408, 0.0009227052796632051
v,0.002964652143418789, -0.0021456165704876184, 0.0009091278770938516
v,0.00015009897470008582, -0.003599039511755109, 0.0009164821822196245
v,0.0028903644997626543, -0.0020169466733932495, 0.0009164822986349463
v,0.0030390103347599506, -0.0022744087036699057, 0.0009006417822092772
v,0.0002243865019408986, -0.0037277094088494778, 0.0009091277606785297
v,0.002964652143418789, -0.0021456165704876184, 0.0009091278770938516
v,0.0031134390737861395, -0.002403323305770755, 0.0008910245960578322
v,0.00029874470783397555, -0.003856501542031765, 0.0009006416657939553
v,0.0030390103347599506, -0.0022744087036699057, 0.0009006417822092772
v,0.003187938593327999, -0.0025323601439595222, 0.0008802757365629077
v,0.00037317356327548623, -0.003985416144132614, 0.0008910244796425104
v,0.0031134390737861395, -0.002403323305770755, 0.0008910245960578322
v,0.0032625088933855295, -0.0026615196838974953, 0.000868395552970469
v,0.00044767308281734586, -0.004114453215152025, 0.0008802756201475859
v,0.003187938593327999, -0.0025323601439595222, 0.0008802757365629077
v,0.0033371499739587307, -0.002790801925584674, 0.0008553838124498725
v,0.0005222433828748763, -0.004243612755089998, 0.0008683954365551472
v,0.0032625088933855295, -0.0026615196838974953, 0.000868395552970469
v,0.0033399430103600025, -0.002795639680698514, 0.0009065823396667838
v,0.0005968844634480774, -0.004372894763946533, 0.0008553836960345507
v,0.0033371499739587307, -0.002790801925584674, 0.0008553838124498725
v,0.0007536010816693306, 0.0016840365715324879, 0.0006955646676942706
v,-0.001974041573703289, 8.008020085981116e-05, 0.0008273087441921234
v,0.0007662239368073642, 0.0016621731920167804, 0.0008273088606074452
v,0.0018717318307608366, -0.00025262284907512367, 0.0007295790128409863
v,-0.0008996135438792408, -0.0017808839911594987, 0.0005015189526602626
v,0.0018406519666314125, -0.00019879100727848709, 0.0005015190690755844
v,0.000738220289349556, 0.00171067682094872, 0.0005416154162958264
v,-0.0019866644870489836, 0.00010194358037551865, 0.0006955645512789488
v,0.0007536010816693306, 0.0016840365715324879, 0.0006955646676942706
v,0.0007200815598480403, 0.0017420940566807985, 0.0003654611064121127
v,-0.002002045279368758, 0.00012858383706770837, 0.0005416152998805046
v,0.000738220289349556, 0.00171067682094872, 0.0005416154162958264
v,0.0018406519666314125, -0.00019879100727848709, 0.0005015190690755844
v,-0.0009321784018538892, -0.001724479952827096, 0.00025266839656978846
v,0.0018080872250720859, -0.0001423870271537453, 0.0002526685129851103
v,0.0006991849513724446, 0.0017782881623134017, 0.00016710198542568833
v,-0.002020183950662613, 0.00016000107279978693, 0.0003654609899967909
v,0.0007200815598480403, 0.0017420940566807985, 0.0003654611064121127
v,0.0018080872250720859, -0.0001423870271537453, 0.0002526685129851103
v,-0.000966228311881423, -0.001665503834374249, -1.6972957382677123e-05
v,0.0017740372568368912, -8.341084321727976e-05, -1.6972819139482453e-05
v,0.000675530347507447, 0.0018192591378465295, -5.346221223589964e-05
v,-0.0020410805009305477, 0.0001961951784323901, 0.00016710183990653604
v,0.0006991849513724446, 0.0017782881623134017, 0.00016710198542568833
v,0.0017740372568368912, -8.341084321727976e-05, -1.6972819139482453e-05
v,-0.0010017631575465202, -0.0016039555193856359, -0.0003074047272093594
v,0.001738502411171794, -2.1862550056539476e-05, -0.0003074046107940376
v,0.0006491178646683693, 0.0018650069832801819, -0.0002962312428280711
v,-0.0020647351630032063, 0.0002371661685174331, -5.346235047909431e-05
v,0.000675530347507447, 0.0018192591378465295, -5.346221223589964e-05
v,0.0006199474446475506, 0.001915531582199037, -0.0005612052045762539
v,-0.002091147704049945, 0.00028291402850300074, -0.00029623135924339294
v,0.0006491178646683693, 0.0018650069832801819, -0.0002962312428280711
v,0.001738502411171794, -2.1862550056539476e-05, -0.0003074046107940376
v,-0.0010387832298874855, -0.0015398350078612566, -0.0006186271202750504
v,0.0017014823388308287, 4.225796874379739e-05, -0.0006186270038597286
v,0.00058801902923733, 0.0019708331674337387, -0.0008483842248097062
v,-0.0021203181240707636, 0.0003334386274218559, -0.0005612053791992366
v,0.0006199474446475506, 0.001915531582199037, -0.0005612052045762539
v,0.0017014823388308287, 4.225796874379739e-05, -0.0006186270038597286
v,-0.0010772881796583533, -0.0014731422998011112, -0.0009506401256658137
v,0.0016629773890599608, 0.00010895061132032424, -0.0009506400092504919
v,0.0005533326184377074, 0.0020309118553996086, -0.0011577680706977844
v,-0.002152246655896306, 0.00038874021265655756, -0.000848384341225028
v,0.00058801902923733, 0.0019708331674337387, -0.0008483842248097062
v,0.0016629773890599608, 0.00010895061132032424, -0.0009506400092504919
v,-0.0011172782396897674, -0.0014038775116205215, -0.0013034436851739883
v,0.0016229873290285468, 0.00017821545770857483, -0.0013034435687586665
v,0.0005158883286640048, 0.0020957672968506813, -0.0014893568586558104
v,-0.002186932833865285, 0.00044881890062242746, -0.0011577681871131063
v,0.0005533326184377074, 0.0020309118553996086, -0.0011577680706977844
v,0.0016229873290285468, 0.00017821545770857483, -0.0013034435687586665
v,-0.0011587532935664058, -0.0013320405269041657, -0.001677038031630218
v,0.0015815122751519084, 0.0002500524278730154, -0.0016770377987995744
v,0.00047568618902005255, 0.002165399491786957, -0.0018431504722684622
v,-0.0022243771236389875, 0.0005136743420735002, -0.0014893569750711322
v,0.0005158883286640048, 0.0020957672968506813, -0.0014893568586558104
v,0.0015815122751519084, 0.0002500524278730154, -0.0016770377987995744
v,-0.0012017134577035904, -0.0012576313456520438, -0.0020714227575808764
v,0.0015385521110147238, 0.00032446160912513733, -0.0020714225247502327
v,0.00041439273627474904, 0.002271563047543168, -0.0023797452449798584
v,-0.0022645792923867702, 0.0005833065370097756, -0.0018431507050991058
v,0.00047568618902005255, 0.002165399491786957, -0.0018431504722684622
v,0.0015385521110147238, 0.00032446160912513733, -0.0020714225247502327
v,-0.0012461586156859994, -0.0011806499678641558, -0.002486598212271929
v,0.0014941069530323148, 0.0004014429578091949, -0.002486597979441285
v,0.0003578019968699664, 0.0023695810232311487, -0.0028761737048625946
v,-0.002325872890651226, 0.000689470034558326, -0.002379745477810502
v,0.00041439273627474904, 0.002271563047543168, -0.0023797452449798584
v,0.0014941069530323148, 0.0004014429578091949, -0.002486597979441285
v,-0.0012920888839289546, -0.0011010965099558234, -0.002922563813626766
v,0.0014481766847893596, 0.0004809964448213577, -0.0029225635807961226
v,0.00030591394170187414, 0.002459453884512186, -0.00333243515342474
v,-0.0023824635427445173, 0.0007874880102463067, -0.0028761739376932383
v,0.0003578019968699664, 0.0023695810232311487, -0.0028761737048625946
v,0.0014481766847893596, 0.0004809964448213577, -0.0029225635807961226
v,-0.0013270580675452948, -0.0010405280627310276, -0.0032577591482549906
v,0.0014132075011730194, 0.0005415648920461535, -0.003257758915424347
v,0.0014132075011730194, 0.0005415648920461535, -0.003257758915424347
v,-0.0013589864829555154, -0.0009852263610810041, -0.003570890985429287
v,0.0013812790857627988, 0.0005968665354885161, -0.0035708907525986433
v,0.0002587285125628114, 0.0025411813985556364, -0.0037485298234969378
v,-0.0024343517143279314, 0.000877360871527344, -0.0033324353862553835
v,0.00030591394170187414, 0.002459453884512186, -0.00333243515342474
v,0.0013812790857627988, 0.0005968665354885161, -0.0035708907525986433
v,-0.0013878740137442946, -0.0009351915796287358, -0.0038619590923190117
v,0.0013523915549740195, 0.0006469013751484454, -0.003861958859488368
v,0.00021624576766043901, 0.0026147637981921434, -0.004124457947909832
v,-0.0024815371725708246, 0.0009590883855707943, -0.0037485300563275814
v,0.0002587285125628114, 0.0025411813985556364, -0.0037485298234969378
v,0.0013523915549740195, 0.0006469013751484454, -0.003861958859488368
v,-0.0014137208927422762, -0.0008904235437512398, -0.004130964167416096
v,0.001326544675976038, 0.0006916694110259414, -0.004130963701754808
v,0.00017846563423518091, 0.002680201083421707, -0.004460218828171492
v,-0.0025240196846425533, 0.0010326708434149623, -0.004124457947909832
v,0.00021624576766043901, 0.0026147637981921434, -0.004124457947909832
v,0.001326544675976038, 0.0006916694110259414, -0.004130963701754808
v,-0.0014365268871188164, -0.0008509224280714989, -0.0043779052793979645
v,0.0013037386815994978, 0.0007311705267056823, -0.004377904813736677
v,0.0013037386815994978, 0.0007311705267056823, -0.004377904813736677
v,-0.0014562919968739152, -0.0008166880579665303, -0.0046027833595871925
v,0.001283973571844399, 0.0007654048968106508, -0.004602782893925905
v,0.00014538809773512185, 0.002737493021413684, -0.004755813162773848
v,-0.0025617999490350485, 0.001098108128644526, -0.004460219293832779
v,0.00017846563423518091, 0.002680201083421707, -0.004460218828171492
v,0.001283973571844399, 0.0007654048968106508, -0.004602782893925905
v,-0.0014730164548382163, -0.000787720549851656, -0.004805597476661205
v,0.0012672491138800979, 0.0007943724049255252, -0.004805597476661205
v,0.0025804860051721334, -0.0014802208170294762, -0.004817266017198563
v,-0.00010066069080494344, -0.003164710709825158, -0.004714798182249069
v,0.002639604965224862, -0.0015826176386326551, -0.004714798182249069
v,0.002639604965224862, -0.0015826176386326551, -0.004714798182249069
v,2.1536883650696836e-05, -0.0033763630781322718, -0.005285054445266724
v,0.002761802403256297, -0.0017942700069397688, -0.005285053979605436
v,0.00011701326729962602, 0.0027866396121680737, -0.005011240020394325
v,-0.0025948775000870228, 0.0011554000666365027, -0.004755813162773848
v,0.00014538809773512185, 0.002737493021413684, -0.004755813162773848
v,0.0012672491138800979, 0.0007943724049255252, -0.004805597476661205
v,-0.001486700028181076, -0.0007640198455192149, -0.004986348561942577
v,0.0012535655405372381, 0.0008180731092579663, -0.00498634809628129
v,0.0025202357210218906, -0.0013758642598986626, -0.004917612299323082
v,-0.00015977953444235027, -0.003062313888221979, -0.004817266017198563
v,0.0025804860051721334, -0.0014802208170294762, -0.004817266017198563
v,0.0024588541127741337, -0.0012695479672402143, -0.005015837028622627
v,-0.00022002981859259307, -0.0029579573310911655, -0.004917612764984369
v,0.0025202357210218906, -0.0013758642598986626, -0.004917612299323082
v,0.0012535655405372381, 0.0008180731092579663, -0.00498634809628129
v,-0.001486700028181076, -0.0007640198455192149, -0.004986348561942577
v,-0.0014973428333178163, -0.000745585944969207, -0.005145035684108734
v,9.33409173740074e-05, 0.0028276413213461637, -0.005226500332355499
v,-0.0026469246950000525, 0.0012455483665689826, -0.005226500798016787
v,-0.0026232523377984762, 0.0012045466573908925, -0.0050112404860556126
v,0.0023963407147675753, -0.0011612718226388097, -0.005111940670758486
v,-0.00034392476663924754, -0.002743364777415991, -0.005111941136419773
v,-0.00028141148504801095, -0.0028516410384327173, -0.0050158374942839146
v,0.0023326962254941463, -0.0010510360589250922, -0.005205922294408083
v,-0.00040756940143182874, -0.0026331290137022734, -0.00520592276006937
v,-0.00034392476663924754, -0.002743364777415991, -0.005111941136419773
v,0.001242922735400498, 0.0008365070098079741, -0.005145035218447447
v,-0.0014973428333178163, -0.000745585944969207, -0.005145035684108734
v,-0.001504944870248437, -0.0007324189064092934, -0.00528165977448225
v,0.0022679201792925596, -0.0009388405596837401, -0.005297782830893993
v,-0.00047234544763341546, -0.0025209335144609213, -0.005297783296555281
v,-0.00040756940143182874, -0.0026331290137022734, -0.00520592276006937
v,7.437139720423147e-05, 0.002860497683286667, -0.00540159409865737
v,-0.002665894106030464, 0.0012784047285094857, -0.005401594564318657
v,-0.0026469246950000525, 0.0012455483665689826, -0.005226500798016787
v,0.0012353206984698772, 0.0008496740483678877, -0.005281659308820963
v,-0.001504944870248437, -0.0007324189064092934, -0.00528165977448225
v,-0.0015095060225576162, -0.0007245186134241521, -0.005396220367401838
v,0.002761802403256297, -0.0017942700069397688, -0.005285053979605436
v,2.1536883650696836e-05, -0.0033763630781322718, -0.005285054445266724
v,-0.0007421988411806524, -0.0020535336807370186, -0.006405200809240341
v,0.0022020123433321714, -0.0008246852084994316, -0.00538752181455493
v,-0.0005382531089708209, -0.0024067782796919346, -0.005387522280216217
v,-0.00047234544763341546, -0.0025209335144609213, -0.005297783296555281
v,0.0021349734161049128, -0.0007085701217874885, -0.005475139245390892
v,-0.0006052921526134014, -0.0022906630765646696, -0.005475139711052179
v,-0.0005382531089708209, -0.0024067782796919346, -0.005387522280216217
v,0.001230759546160698, 0.000857574341353029, -0.005396219901740551
v,-0.0015095060225576162, -0.0007245186134241521, -0.005396220367401838
v,-0.001511026406660676, -0.000721885182429105, -0.005488717462867498
v,6.010435754433274e-05, 0.002885208697989583, -0.005536521319299936
v,-0.0026801612693816423, 0.0013031157432124019, -0.005536521784961224
v,-0.002665894106030464, 0.0012784047285094857, -0.005401594564318657
v,0.0020668029319494963, -0.0005904953577555716, -0.00556063512340188
v,-0.0006734626367688179, -0.0021725883707404137, -0.005560635589063168
v,-0.0006052921526134014, -0.0022906630765646696, -0.005475139711052179
v,0.0012292391620576382, 0.0008602077723480761, -0.005488716997206211
v,-0.001511026406660676, -0.000721885182429105, -0.005488717462867498
v,-0.0015105314087122679, -0.0007227425812743604, -0.005532031413167715
v,0.0012297341600060463, 0.0008593503735028207, -0.005532030947506428
v,-0.0015105314087122679, -0.0007227425812743604, -0.005532031413167715
v,-0.0015090462984517217, -0.0007253147778101265, -0.0055737183429300785
v,5.0540027586976066e-05, 0.002901774598285556, -0.005631281062960625
v,-0.002689725486561656, 0.0013196816435083747, -0.005631281528621912
v,-0.0026801612693816423, 0.0013031157432124019, -0.005536521784961224
v,0.001997500890865922, -0.0004704607999883592, -0.005644009914249182
v,-0.0007427646196447313, -0.0020525536965578794, -0.005644010379910469
v,-0.0006734626367688179, -0.0021725883707404137, -0.005560635589063168
v,0.0012312192702665925, 0.0008567781769670546, -0.005573717877268791
v,-0.0015090462984517217, -0.0007253147778101265, -0.0055737183429300785
v,-0.001506571308709681, -0.0007296017138287425, -0.005613779183477163
v,0.0012336942600086331, 0.0008524912409484386, -0.005613778717815876
v,-0.001506571308709681, -0.0007296017138287425, -0.005613779183477163
v,-0.0015031062066555023, -0.0007356034475378692, -0.005652213003486395
v,4.362740583019331e-05, 0.0029137476813048124, -0.005705179646611214
v,-0.0026966382283717394, 0.0013316547265276313, -0.005705180112272501
v,-0.002689725486561656, 0.0013196816435083747, -0.005631281528621912
v,0.0019270675256848335, -0.0003484664484858513, -0.005725262686610222
v,-0.0008131981012411416, -0.0019305594032630324, -0.005725263152271509
v,-0.0007427646196447313, -0.0020525536965578794, -0.005644010379910469
v,0.0012371593620628119, 0.0008464895072393119, -0.005652212537825108
v,-0.0015031062066555023, -0.0007356034475378692, -0.005652213003486395
v,-0.0014986511087045074, -0.0007433199207298458, -0.005689020734280348
v,0.0012416144600138068, 0.0008387730340473354, -0.0056890202686190605
v,-0.0014986511087045074, -0.0007433199207298458, -0.005689020734280348
v,-0.0014932058984413743, -0.0007527511916123331, -0.005724202375859022
v,3.731594915734604e-05, 0.002924679545685649, -0.0057775224559009075
v,-0.002702949568629265, 0.0013425865909084678, -0.005777522921562195
v,-0.0026966382283717394, 0.0013316547265276313, -0.005705180112272501
v,0.0012470596702769399, 0.0008293417631648481, -0.005724201910197735
v,-0.0014932058984413743, -0.0007527511916123331, -0.005724202375859022
v,-0.001486770692281425, -0.0007638972601853311, -0.0057577574625611305
v,0.0018555026035755873, -0.00022451237600762397, -0.005804394371807575
v,-0.0008847630233503878, -0.0018066053744405508, -0.0058043948374688625
v,-0.0008131981012411416, -0.0019305594032630324, -0.005725263152271509
v,0.0012534948764368892, 0.00081819569459185, -0.005757756996899843
v,-0.001486770692281425, -0.0007638972601853311, -0.0057577574625611305
v,-0.0014793454902246594, -0.0007767581264488399, -0.005789685994386673
v,3.160554842907004e-05, 0.0029345701914280653, -0.005848309490829706
v,-0.0027086599729955196, 0.0013524772366508842, -0.0058483099564909935
v,-0.002702949568629265, 0.0013425865909084678, -0.005777522921562195
v,0.0012609200784936547, 0.0008053348283283412, -0.005789685528725386
v,-0.0014793454902246594, -0.0007767581264488399, -0.005789685994386673
v,-0.0014709302922710776, -0.0007913337321951985, -0.0058199879713356495
v,0.0018186593661084771, -0.00016069806588348, -0.005843429360538721
v,-0.0009216062026098371, -0.0017427910352125764, -0.005843429826200008
v,-0.0008847630233503878, -0.0018066053744405508, -0.0058043948374688625
v,0.0012693352764472365, 0.0007907592225819826, -0.005819987505674362
v,-0.0014709302922710776, -0.0007913337321951985, -0.0058199879713356495
v,-0.0014615249820053577, -0.0008076241356320679, -0.00584866339340806
v,0.001782806240953505, -9.859863348538056e-05, -0.005879070609807968
v,-0.0009574593277648091, -0.0016806916100904346, -0.0058790710754692554
v,-0.0009216062026098371, -0.0017427910352125764, -0.005843429826200008
v,2.6496316422708333e-05, 0.0029434196185320616, -0.00591754075139761
v,-0.00271376920863986, 0.0013613266637548804, -0.005917541217058897
v,-0.0027086599729955196, 0.0013524772366508842, -0.0058483099564909935
v,0.0012787405867129564, 0.0007744688191451132, -0.005848662927746773
v,-0.0014615249820053577, -0.0008076241356320679, -0.00584866339340806
v,-0.0014511297922581434, -0.0008256292785517871, -0.005875712726265192
v,0.0012891357764601707, 0.000756463676225394, -0.005875712260603905
v,-0.0014511297922581434, -0.0008256292785517871, -0.005875712726265192
v,-0.0014397443737834692, -0.0008453492191620171, -0.005901135038584471
v,0.0017479431116953492, -3.82139187422581e-05, -0.005911317653954029
v,-0.000992322457022965, -0.0016203068662434816, -0.005911318119615316
v,-0.0009574593277648091, -0.0016806916100904346, -0.0058790710754692554
v,0.001300521194934845, 0.000736743735615164, -0.0059011345729231834
v,-0.0014397443737834692, -0.0008453492191620171, -0.005901135038584471
v,-0.0014276165748015046, -0.000866355316247791, -0.005924718454480171
v,0.0017140699783340096, 2.0455998310353607e-05, -0.005940169561654329
v,-0.0010261955903843045, -0.0015616369200870395, -0.005940170027315617
v,-0.000992322457022965, -0.0016203068662434816, -0.005911318119615316
v,2.1988251319271512e-05, 0.0029512278269976377, -0.005985216237604618
v,-0.0027182772755622864, 0.0013691348722204566, -0.005985216703265905
v,-0.00271376920863986, 0.0013613266637548804, -0.005917541217058897
v,0.0013126489939168096, 0.0007157376385293901, -0.005924717988818884
v,-0.0014276165748015046, -0.000866355316247791, -0.005924718454480171
v,-0.00141499366145581, -0.0008882187539711595, -0.005946251563727856
v,0.0016811869572848082, 7.741111767245457e-05, -0.005965627264231443
v,-0.001059078611433506, -0.0015046818880364299, -0.005965627729892731
v,-0.0010261955903843045, -0.0015616369200870395, -0.005940170027315617
v,0.001325271907262504, 0.0006938742008060217, -0.005946251098066568
v,-0.00141499366145581, -0.0008882187539711595, -0.005946251563727856
v,-0.0014018758665770292, -0.0009109395905397832, -0.005965733900666237
v,0.001649293932132423, 0.00013265149027574807, -0.005987690761685371
v,-0.0010909716365858912, -0.0014494414208456874, -0.005987691227346659
v,-0.001059078611433506, -0.0015046818880364299, -0.005965627729892731
v,0.001338389702141285, 0.0006711533642373979, -0.00596573343500495
v,-0.0014018758665770292, -0.0009109395905397832, -0.005965733900666237
v,-0.0013882629573345184, -0.0009345177677460015, -0.005983165930956602
v,0.0013520026113837957, 0.0006475751870311797, -0.005983165465295315
v,-0.0013882629573345184, -0.0009345177677460015, -0.005983165930956602
v,-0.0013741550501435995, -0.000958953402005136, -0.005998546723276377
v,1.808124034141656e-05, 0.0029579950496554375, -0.006051335949450731
v,-0.002722184406593442, 0.0013759020948782563, -0.006051336415112019
v,-0.0027182772755622864, 0.0013691348722204566, -0.005985216703265905
v,0.001618390902876854, 0.00018617707246448845, -0.006006360054016113
v,-0.0011218746658414602, -0.0013959158677607775, -0.006006360519677401
v,-0.0010909716365858912, -0.0014494414208456874, -0.005987691227346659
v,0.0013661105185747147, 0.0006231395527720451, -0.005998546257615089
v,-0.0013741550501435995, -0.000958953402005136, -0.005998546723276377
v,-0.0013595521450042725, -0.0009842464933171868, -0.006011876277625561
v,0.001588477985933423, 0.0002379878715146333, -0.006021634675562382
v,-0.0011517875827848911, -0.0013441051123663783, -0.006021635141223669
v,-0.0011218746658414602, -0.0013959158677607775, -0.006006360519677401
v,0.0013807134237140417, 0.0005978465196676552, -0.0060118758119642735
v,-0.0013595521450042725, -0.0009842464933171868, -0.006011876277625561
v,-0.0013444541255012155, -0.0010103968670591712, -0.006023155525326729
v,0.0015595549484714866, 0.0002880839165300131, -0.006033515091985464
v,-0.0011807106202468276, -0.001294009038247168, -0.006033515557646751
v,-0.0011517875827848911, -0.0013441051123663783, -0.006021635141223669
v,0.0013958114432170987, 0.00057169608771801, -0.0060231550596654415
v,-0.0013444541255012155, -0.0010103968670591712, -0.006023155525326729
v,-0.0013288612244650722, -0.001037404639646411, -0.006032384000718594
v,0.001411404344253242, 0.0005446883151307702, -0.006032383535057306
v,-0.0013288612244650722, -0.001037404639646411, -0.006032384000718594
v,-0.001312773209065199, -0.001065269811078906, -0.006039562169462442
v,0.0015316220233216882, 0.0003364651638548821, -0.00604200130328536
v,-0.001208643545396626, -0.0012456277618184686, -0.006042001768946648
v,-0.0011807106202468276, -0.001294009038247168, -0.006033515557646751
v,0.0014274923596531153, 0.0005168231436982751, -0.006039561703801155
v,-0.001312773209065199, -0.001065269811078906, -0.006039562169462442
v,-0.0012961901957169175, -0.0010939923813566566, -0.006044689100235701
v,0.0015046792104840279, 0.0003831316134892404, -0.006047092843800783
v,-0.0012355863582342863, -0.0011989612830802798, -0.0060470933094620705
v,-0.001208643545396626, -0.0012456277618184686, -0.006042001768946648
v,0.0014440753730013967, 0.0004881005734205246, -0.006044688634574413
v,-0.0012961901957169175, -0.0010939923813566566, -0.006044689100235701
v,-0.0012791123008355498, -0.0011235723504796624, -0.006047764793038368
v,0.001478726277127862, 0.00042808332364074886, -0.0060487897135317326
v,-0.0012615392915904522, -0.0011540096020326018, -0.00604879017919302
v,-0.0012355863582342863, -0.0011989612830802798, -0.0060470933094620705
v,0.0014611532678827643, 0.0004585206334013492, -0.006047764327377081
v,-0.0012791123008355498, -0.0011235723504796624, -0.006047764793038368
v,-0.0012615392915904522, -0.0011540096020326018, -0.00604879017919302
v,1.4775163435842842e-05, 0.0029637212865054607, -0.006115899421274662
v,-0.0027254903689026833, 0.0013816283317282796, -0.006115899886935949
v,-0.002722184406593442, 0.0013759020948782563, -0.006051336415112019
v,1.2070255252183415e-05, 0.002968406304717064, -0.006178908050060272
v,-0.002728195395320654, 0.0013863133499398828, -0.0061789085157215595
v,-0.0027254903689026833, 0.0013816283317282796, -0.006115899886935949
v,9.966400284611154e-06, 0.002972050104290247, -0.0062403604388237
v,-0.0027302992530167103, 0.0013899571495130658, -0.006240360904484987
v,-0.002728195395320654, 0.0013863133499398828, -0.0061789085157215595
v,8.463713129458483e-06, 0.0029746529180556536, -0.0063002570532262325
v,-0.0027318019419908524, 0.0013925599632784724, -0.00630025751888752
v,-0.0027302992530167103, 0.0013899571495130658, -0.006240360904484987
v,7.5621956057148054e-06, 0.00297621451318264, -0.006358598358929157
v,-0.00273270346224308, 0.001394121558405459, -0.0063585988245904446
v,-0.0027318019419908524, 0.0013925599632784724, -0.00630025751888752
v,7.261613063747063e-06, 0.00297673512250185, -0.0064153834246098995
v,-0.0027330040466040373, 0.001394642167724669, -0.006415383890271187
v,-0.00273270346224308, 0.001394121558405459, -0.0063585988245904446
v,0.001998066669330001, -0.00047144072595983744, -0.006405200343579054
v,-0.0007421988411806524, -0.0020535336807370186, -0.006405200809240341
v,-0.000838691194076091, -0.0018864040030166507, -0.0065355305559933186
v,8.35778428154299e-06, 0.0029748366214334965, -0.0065186298452317715
v,-0.002731907879933715, 0.0013927436666563153, -0.006518630310893059
v,-0.0027330040466040373, 0.001394642167724669, -0.006415383890271187
v,1.1646171515167225e-05, 0.002969140885397792, -0.006617915350943804
v,-0.0027286193799227476, 0.0013870479306206107, -0.006617915816605091
v,-0.002731907879933715, 0.0013927436666563153, -0.006518630310893059
v,0.001901574432849884, -0.00030431104823946953, -0.006535530090332031
v,-0.000838691194076091, -0.0018864040030166507, -0.0065355305559933186
v,-0.0009312941110692918, -0.0017260110471397638, -0.006658364553004503
v,1.712665834929794e-05, 0.0029596483800560236, -0.006713240873068571
v,-0.002723139012232423, 0.0013775554252788424, -0.006713241338729858
v,-0.0027286193799227476, 0.0013870479306206107, -0.006617915816605091
v,0.0022684147115796804, -0.0009396982495673001, 0.005789118353277445
v,-0.0004718508862424642, -0.002521791262552142, 0.0057891178876161575
v,-0.00035014821332879364, -0.0027325863484293222, 0.00587567500770092
v,0.0018089713994413614, -0.000143918048706837, -0.006658364087343216
v,-0.0009312941110692918, -0.0017260110471397638, -0.006658364553004503
v,-0.0010200076503679156, -0.0015723545802757144, -0.006773702800273895
v,0.002390117384493351, -0.001150493393652141, 0.005875675473362207
v,-0.00035014821332879364, -0.0027325863484293222, 0.00587567500770092
v,-0.00024322526587639004, -0.0029177824035286903, 0.0056312792003154755
v,2.4799363018246368e-05, 0.002946358872577548, -0.006804605945944786
v,-0.002715466311201453, 0.0013642659178003669, -0.006804606411606073
v,-0.002723139012232423, 0.0013775554252788424, -0.006713241338729858
v,0.002149399137124419, -0.0007335572736337781, 0.005705955903977156
v,-0.000590866373386234, -0.0023156502284109592, 0.005705955438315868
v,-0.0004718508862424642, -0.002521791262552142, 0.0057891178876161575
v,0.002033070893958211, -0.0005320706986822188, 0.005626187659800053
v,-0.0007071946747601032, -0.002114163711667061, 0.005626187194138765
v,-0.000590866373386234, -0.0023156502284109592, 0.005705955438315868
v,0.0017202579183503985, 9.738385415403172e-06, -0.006773702334612608
v,-0.0010200076503679156, -0.0015723545802757144, -0.006773702800273895
v,-0.0011048319283872843, -0.0014254347188398242, -0.006881545297801495
v,3.4664284612517804e-05, 0.002929272362962365, -0.006892011500895023
v,-0.0027056012768298388, 0.001347179408185184, -0.006892011966556311
v,-0.002715466311201453, 0.0013642659178003669, -0.006804606411606073
v,0.0024970402009785175, -0.0013356894487515092, 0.005631279665976763
v,-0.00024322526587639004, -0.0029177824035286903, 0.0056312792003154755
v,-0.0002862207475118339, -0.0028433119878172874, 0.005332432221621275
v,0.001919429749250412, -0.00033523861202411354, 0.005549814086407423
v,-0.0008208357612602413, -0.0019173315959051251, 0.005549813620746136
v,-0.0007071946747601032, -0.002114163711667061, 0.005626187194138765
v,0.00163543364033103, 0.00015665822138544172, -0.006881544832140207
v,-0.0011048319283872843, -0.0014254347188398242, -0.006881545297801495
v,-0.0011857666540890932, -0.001285251579247415, -0.006981891579926014
v,4.672142313211225e-05, 0.002908388851210475, -0.006975456606596708
v,-0.002693544141948223, 0.0013262958964332938, -0.006975457072257996
v,-0.0027056012768298388, 0.001347179408185184, -0.006892011966556311
v,0.001808475935831666, -0.00014306086814031005, 0.005476835183799267
v,-0.0009317896328866482, -0.0017251537647098303, 0.0054768347181379795
v,-0.0008208357612602413, -0.0019173315959051251, 0.005549813620746136
v,6.0970778577029705e-05, 0.002883708104491234, -0.007054941263049841
v,-0.0026792949065566063, 0.0013016151497140527, -0.007054941728711128
v,-0.002693544141948223, 0.0013262958964332938, -0.006975457072257996
v,0.0017002093372866511, 4.44624965894036e-05, 0.005407250020653009
v,-0.001040056231431663, -0.00153763045091182, 0.005407249554991722
v,-0.0009317896328866482, -0.0017251537647098303, 0.0054768347181379795
v,0.0015946298372000456, 0.00022733144578523934, 0.005341059993952513
v,-0.0011456357315182686, -0.0013547615380957723, 0.005341059528291225
v,-0.001040056231431663, -0.00153763045091182, 0.005407249554991722
v,0.001554498914629221, 0.0002968413755297661, -0.006981891114264727
v,-0.0011857666540890932, -0.001285251579247415, -0.006981891579926014
v,-0.001262812060303986, -0.0011518050450831652, -0.007074742112308741
v,7.741234730929136e-05, 0.002855230588465929, -0.007130466401576996
v,-0.002662853104993701, 0.0012731376336887479, -0.007130466867238283
v,-0.0026792949065566063, 0.0013016151497140527, -0.007054941728711128
v,0.001491737668402493, 0.0004055460449308157, 0.005278263706713915
v,-0.0012485279003158212, -0.0011765469098463655, 0.0052782632410526276
v,-0.0011456357315182686, -0.0013547615380957723, 0.005341059528291225
v,0.001477453508414328, 0.00043028793879784644, -0.007074741646647453
v,-0.001262812060303986, -0.0011518050450831652, -0.007074742112308741
v,-0.001335968030616641, -0.0010250949999317527, -0.007160096894949675
v,0.0024540447629988194, -0.0012612190330401063, 0.005332432687282562
v,-0.0002862207475118339, -0.0028433119878172874, 0.005332432221621275
v,-0.000328650523442775, -0.0027698215562850237, 0.005033302120864391
v,9.604602382751182e-05, 0.002822956070303917, -0.0072020310908555984
v,-0.002644219435751438, 0.0012408631155267358, -0.007202031556516886
v,-0.002662853104993701, 0.0012731376336887479, -0.007130466867238283
v,0.0013915325980633497, 0.0005791062139905989, 0.00521886209025979
v,-0.0013487329706549644, -0.0010029866825789213, 0.005218861624598503
v,-0.0012485279003158212, -0.0011765469098463655, 0.0052782632410526276
v,0.0012940148590132594, 0.0007480119820684195, 0.005162854678928852
v,-0.0014462507097050548, -0.0008340809727087617, 0.005162854213267565
v,-0.0013487329706549644, -0.0010029866825789213, 0.005218861624598503
v,0.0014042975381016731, 0.0005569978966377676, -0.007160096429288387
v,-0.001335968030616641, -0.0010250949999317527, -0.007160096894949675
v,-0.00140523468144238, -0.0009051217348314822, -0.007237954996526241
v,0.0001168720264104195, 0.0027868845500051975, -0.007269635330885649
v,-0.0026233934331685305, 0.0012047915952280164, -0.007269635796546936
v,-0.002644219435751438, 0.0012408631155267358, -0.007202031556516886
v,0.0011991843348369002, 0.0009122633491642773, 0.005110241938382387
v,-0.001541081233881414, -0.0006698296056129038, 0.0051102414727211
v,-0.0014462507097050548, -0.0008340809727087617, 0.005162854213267565
v,0.0011070409091189504, 0.0010718603152781725, 0.005061022937297821
v,-0.0016332246595993638, -0.0005102326394990087, 0.005061022471636534
v,-0.001541081233881414, -0.0006698296056129038, 0.0051102414727211
v,0.0013350308872759342, 0.000676971219945699, -0.007237954530864954
v,-0.00140523468144238, -0.0009051217348314822, -0.007237954996526241
v,-0.001470611896365881, -0.0007918850751593709, -0.00730831827968359
v,0.00013989002036396414, 0.002747016027569771, -0.007333280518651009
v,-0.0026003755629062653, 0.0011649230727925897, -0.007333280984312296
v,-0.0026233934331685305, 0.0012047915952280164, -0.007269635796546936
v,0.0011049549793824553, 0.0010754733812063932, 0.0049120234325528145
v,-0.0016353105893358588, -0.0005066195735707879, 0.004912022966891527
v,-0.0016332246595993638, -0.0005102326394990087, 0.005061022471636534
v,0.0012696536723524332, 0.0007902078796178102, -0.007308317814022303
v,-0.001470611896365881, -0.0007918850751593709, -0.00730831827968359
v,-0.001532099791802466, -0.0006853850209154189, -0.007371185347437859
v,0.0024116151034832, -0.0011877284850925207, 0.005033302586525679
v,-0.000328650523442775, -0.0027698215562850237, 0.005033302120864391
v,-0.00037051455001346767, -0.0026973108761012554, 0.004733888898044825
v,0.00016510045679751784, 0.002703350270166993, -0.007392964791506529
v,-0.0025751651264727116, 0.001121257315389812, -0.007392965257167816
v,-0.0026003755629062653, 0.0011649230727925897, -0.007333280984312296
v,0.0011003937106579542, 0.0010833736741915345, 0.0047467597760260105
v,-0.00163987185806036, -0.0004987192805856466, 0.004746759310364723
v,-0.0016353105893358588, -0.0005066195735707879, 0.004912022966891527
v,0.0010933574521914124, 0.001095560728572309, 0.0045652310363948345
v,-0.0016469081165269017, -0.0004865321679972112, 0.004565230570733547
v,-0.00163987185806036, -0.0004987192805856466, 0.004746759310364723
v,0.0012081657769158483, 0.0008967079338617623, -0.007371184881776571
v,-0.001532099791802466, -0.0006853850209154189, -0.007371185347437859
v,-0.001589698251336813, -0.0005856215720996261, -0.0074265566654503345
v,0.00019211405015084893, 0.0026565613225102425, -0.007448266260325909
v,-0.0025481514167040586, 0.0010744683677330613, -0.007448266725987196
v,-0.0025751651264727116, 0.001121257315389812, -0.007392965257167816
v,0.002369750989601016, -0.0011152178049087524, 0.004733889363706112
v,-0.00037051455001346767, -0.0026973108761012554, 0.004733888898044825
v,-0.00041181276901625097, -0.0026257801800966263, 0.004434193484485149
v,0.00108384620398283, 0.001112035010010004, 0.004367438144981861
v,-0.0016564193647354841, -0.000470058002974838, 0.004367437679320574
v,-0.0016469081165269017, -0.0004865321679972112, 0.004565230570733547
v,0.0011505673173815012, 0.000996471382677555, -0.007426556199789047
v,-0.001589698251336813, -0.0005856215720996261, -0.0074265566654503345
v,-0.0016434072749689221, -0.0004925947869196534, -0.007474430836737156
v,0.00022054197324905545, 0.0026073227636516094, -0.007498757913708687
v,-0.002519723493605852, 0.0010252298088744283, -0.007498758379369974
v,-0.0025481514167040586, 0.0010744683677330613, -0.007448266725987196
v,0.0023284528870135546, -0.0010436872253194451, 0.004434193950146437
v,-0.00041181276901625097, -0.0026257801800966263, 0.004434193484485149
v,-0.0004525453259702772, -0.0025552292354404926, 0.004134214948862791
v,0.0010718597332015634, 0.0011327960528433323, 0.004153379704803228
v,-0.0016684058355167508, -0.00044929696014150977, 0.004153379239141941
v,-0.0016564193647354841, -0.000470058002974838, 0.004367437679320574
v,0.001096858293749392, 0.0010894981678575277, -0.007474430371075869
v,-0.0016434072749689221, -0.0004925947869196534, -0.007474430836737156
v,-0.0016944289673119783, -0.0004042224318254739, -0.007516719400882721
v,0.0002503842406440526, 0.0025556343607604504, -0.007544440217316151
v,-0.002489881357178092, 0.0009735414059832692, -0.007544440682977438
v,-0.002519723493605852, 0.0010252298088744283, -0.007498758379369974
v,0.001057398272678256, 0.0011578440899029374, 0.003923056647181511
v,-0.0016828672960400581, -0.00042424892308190465, 0.003923056181520224
v,-0.0016684058355167508, -0.00044929696014150977, 0.004153379239141941
v,0.0010458366014063358, 0.0011778705520555377, -0.007516718935221434
v,-0.0016944289673119783, -0.0004042224318254739, -0.007516719400882721
v,-0.001743965782225132, -0.000318422302370891, -0.007555331103503704
v,0.0022877203300595284, -0.0009731363970786333, 0.004134215414524078
v,-0.0004525453259702772, -0.0025552292354404926, 0.004134214948862791
v,-0.000492712075356394, -0.002485658274963498, 0.0038339535240083933
v,0.00028164093964733183, 0.002501496346667409, -0.007585314102470875
v,-0.002458624541759491, 0.0009194033918902278, -0.007585314568132162
v,-0.002489881357178092, 0.0009735414059832692, -0.007544440682977438
v,0.0010404617059975863, 0.0011871791211888194, 0.0036764689721167088
v,-0.001699803862720728, -0.0003949138626921922, 0.003676468739286065
v,-0.0016828672960400581, -0.00042424892308190465, 0.003923056181520224
v,0.0009962997864931822, 0.0012636706233024597, -0.007555330637842417
v,-0.001743965782225132, -0.000318422302370891, -0.007555331103503704
v,-0.0017920174868777394, -0.00023519419482909143, -0.007590265013277531
v,0.002247553551569581, -0.0009035654366016388, 0.003833953756839037
v,-0.000492712075356394, -0.002485658274963498, 0.0038339535240083933
v,-0.0005323131917975843, -0.002417067065834999, 0.0035334096755832434
v,0.00031431185198016465, 0.0024449084885418415, -0.007621379103511572
v,-0.00242595374584198, 0.0008628155919723213, -0.007621379569172859
v,-0.002458624541759491, 0.0009194033918902278, -0.007585314568132162
v,0.0010210501495748758, 0.0012208010302856565, 0.003413616679608822
v,-0.0017192154191434383, -0.00036129195359535515, 0.003413616446778178
v,-0.001699803862720728, -0.0003949138626921922, 0.003676468739286065
v,0.0009482480236329138, 0.0013468987308442593, -0.007590264547616243
v,-0.0017920174868777394, -0.00023519419482909143, -0.007590265013277531
v,-0.0018385841976851225, -0.000154538283823058, -0.007621521595865488
v,0.002207952318713069, -0.0008349742274731398, 0.003533409908413887
v,-0.0005323131917975843, -0.002417067065834999, 0.0035334096755832434
v,-0.0005713485879823565, -0.002349455840885639, 0.003232582239434123
v,0.0003483972104731947, 0.0023858710192143917, -0.007652635686099529
v,-0.002391868270933628, 0.0008037781226448715, -0.007652636151760817
v,-0.00242595374584198, 0.0008628155919723213, -0.007621379569172859
v,0.0009991633705794811, 0.0012587099336087704, 0.003134499303996563
v,-0.001741102198138833, -0.0003233829920645803, 0.0031344990711659193
v,-0.0017192154191434383, -0.00036129195359535515, 0.003413616446778178
v,0.0009016813710331917, 0.0014275546418502927, -0.007621521130204201
v,-0.0018385841976851225, -0.000154538283823058, -0.007621521595865488
v,-0.0018836657982319593, -7.645456935279071e-05, -0.007649100385606289
v,0.0021689170971512794, -0.0007673630025237799, 0.0032325824722647667
v,-0.0005713485879823565, -0.002349455840885639, 0.003232582239434123
v,-0.0006098182639107108, -0.0022828243672847748, 0.0029314723797142506
v,0.0009748016600497067, 0.0013009057147428393, 0.002839117543771863
v,-0.0017654639668762684, -0.00028118721093051136, 0.0028391173109412193
v,-0.001741102198138833, -0.0003233829920645803, 0.0031344990711659193
v,0.0008565997122786939, 0.00150563835632056, -0.007649099919945002
v,-0.0018836657982319593, -7.645456935279071e-05, -0.007649100385606289
v,-0.0019272624049335718, -9.430495993001387e-07, -0.007673002313822508
v,0.00038389666588045657, 0.002324384171515703, -0.007679083850234747
v,-0.0023563688155263662, 0.000742291274946183, -0.007679084315896034
v,-0.002391868270933628, 0.0008037781226448715, -0.007652636151760817
v,0.002130447421222925, -0.0007007314707152545, 0.0029314726125448942
v,-0.0006098182639107108, -0.0022828243672847748, 0.0029314723797142506
v,-0.0006477221031673253, -0.002217173110693693, 0.002630079397931695
v,0.0009479648433625698, 0.0013473884901031852, 0.0025274704676121473
v,-0.0017923007253557444, -0.0002347044210182503, 0.0025274702347815037
v,-0.0017654639668762684, -0.00028118721093051136, 0.0028391173109412193
v,0.0008130031055770814, 0.0015811498742550611, -0.0076730018481612206
v,-0.0019272624049335718, -9.430495993001387e-07, -0.007673002313822508
v,-0.00196937401778996, 7.199638639576733e-05, -0.007693226914852858
v,0.0004208105674479157, 0.002260447246953845, -0.007700723130255938
v,-0.002319454913958907, 0.0006783543503843248, -0.007700723595917225
v,-0.0023563688155263662, 0.000742291274946183, -0.007679084315896034
v,0.00209254352375865, -0.0006350800395011902, 0.0026300796307623386
v,-0.0006477221031673253, -0.002217173110693693, 0.002630079397931695
v,-0.0006850602803751826, -0.0021525013726204634, 0.0023284039925783873
v,0.0009186529205180705, 0.001398158143274486, 0.0021995590068399906
v,-0.0018216127064079046, -0.0001839347678469494, 0.002199558774009347
v,-0.0017923007253557444, -0.0002347044210182503, 0.0025274702347815037
v,0.0007708914927206933, 0.001654089312069118, -0.00769322644919157
v,-0.00196937401778996, 7.199638639576733e-05, -0.007693226914852858
v,-0.0020100006368011236, 0.00014236362767405808, -0.007709774188697338
v,0.0004591387987602502, 0.002194060944020748, -0.007717553526163101
v,-0.0022811267990618944, 0.0006119680474512279, -0.0077175539918243885
v,-0.002319454913958907, 0.0006783543503843248, -0.007700723595917225
v,0.0020552051719278097, -0.0005704084178432822, 0.002328404225409031
v,-0.0006850602803751826, -0.0021525013726204634, 0.0023284039925783873
v,-0.0007218327955342829, -0.002088809385895729, 0.0020264454651623964
v,0.0008014053455553949, 0.0016012369887903333, 0.0021200031042099
v,-0.0019388601649552584, 1.9144083125866018e-05, 0.0021200028713792562
v,-0.0018216127064079046, -0.0001839347678469494, 0.002199558774009347
v,0.0007302649901248515, 0.0017244565533474088, -0.007709773723036051
v,-0.0020100006368011236, 0.00014236362767405808, -0.007709774188697338
v,-0.0020491420291364193, 0.0002101586724165827, -0.007722644135355949
v,0.0004988813307136297, 0.0021252247970551252, -0.007729575503617525
v,-0.0022413842380046844, 0.000543131900485605, -0.007729575969278812
v,-0.0022811267990618944, 0.0006119680474512279, -0.0077175539918243885
v,0.0006872692611068487, 0.0017989265033975244, 0.0020442658569663763
v,-0.0020529963076114655, 0.00021683360682800412, 0.0020442656241357327
v,-0.0019388601649552584, 1.9144083125866018e-05, 0.0021200028713792562
v,0.003378696274012327, -0.0028627621941268444, 0.002094898372888565
v,0.000638430705294013, -0.004444855265319347, 0.0020948981400579214
v,0.0006936244899407029, -0.004540453664958477, 0.0021079101134091616
v,0.000691123481374234, 0.0017922515980899334, -0.007722643669694662
v,-0.0020491420291364193, 0.0002101586724165827, -0.007722644135355949
v,-0.0020867984276264906, 0.0002753815206233412, -0.007731837220489979
v,0.0005400382215157151, 0.00205393903888762, -0.007736788131296635
v,-0.0022002272307872772, 0.00047184599679894745, -0.007736788596957922
v,-0.0022413842380046844, 0.000543131900485605, -0.007729575969278812
v,0.003433890175074339, -0.0029583608265966177, 0.0021079103462398052
v,0.0006936244899407029, -0.004540453664958477, 0.0021079101134091616
v,0.0007343568140640855, -0.004611004143953323, 0.0020264454651623964
v,0.003320037154480815, -0.002761161420494318, 0.0020830181892961264
v,0.0005797714693471789, -0.004343254491686821, 0.0020830179564654827
v,0.000638430705294013, -0.004444855265319347, 0.0020948981400579214
v,0.0006534670828841627, 0.001857474446296692, -0.0077318367548286915
v,-0.0020867984276264906, 0.0002753815206233412, -0.007731837220489979
v,-0.0021229698322713375, 0.00033803205587901175, -0.007737352978438139
v,0.0032579125836491585, -0.002653558738529682, 0.0020722695626318455
v,0.0005176470149308443, -0.004235651809722185, 0.002072269329801202
v,0.0005797714693471789, -0.004343254491686821, 0.0020830179564654827
v,0.000582609442062676, 0.0019802034366875887, -0.0077391923405230045
v,-0.0021576560102403164, 0.000398110511014238, -0.007739192806184292
v,-0.0022002272307872772, 0.00047184599679894745, -0.007736788596957922
v,0.0006172957364469767, 0.0019201249815523624, -0.007737352512776852
v,-0.0021229698322713375, 0.00033803205587901175, -0.007737352978438139
v,-0.0021576560102403164, 0.000398110511014238, -0.007739192806184292
v,0.003192323260009289, -0.002539954613894224, 0.0020626522600650787
v,0.0004520575748756528, -0.004122047685086727, 0.002062652027234435
v,0.0005176470149308443, -0.004235651809722185, 0.002072269329801202
v,0.0031232687178999186, -0.0024203485809266567, 0.00205416651442647
v,0.0003830031491816044, -0.00400244165211916, 0.002054166281595826
v,0.0004520575748756528, -0.004122047685086727, 0.002062652027234435
v,0.0030507491901516914, -0.002294741105288267, 0.002046812092885375
v,0.00031048350501805544, -0.0038768339436501265, 0.0020468118600547314
v,0.0003830031491816044, -0.00400244165211916, 0.002054166281595826
v,0.0029747644439339638, -0.002163131721317768, 0.002040589228272438
v,0.0002344988752156496, -0.0037452245596796274, 0.0020405889954417944
v,0.00031048350501805544, -0.0038768339436501265, 0.0020468118600547314
v,0.000576244667172432, 0.001991226803511381, 0.0019723474979400635
v,-0.0021640209015458822, 0.0004091337905265391, 0.00197234726510942
v,-0.0020529963076114655, 0.00021683360682800412, 0.0020442656241357327
v,0.0028953147120773792, -0.0020255206618458033, 0.0020354976877570152
v,0.00015504914335906506, -0.0036076135002076626, 0.0020354974549263716
v,0.0002344988752156496, -0.0037452245596796274, 0.0020405889954417944
v,0.002812399994581938, -0.0018819081597030163, 0.0020315374713391066
v,7.213443313958123e-05, -0.0034640009980648756, 0.002031537238508463
v,0.00015504914335906506, -0.0036076135002076626, 0.0020354974549263716
v,0.002726020058616996, -0.0017322937492281199, 0.0020287088118493557
v,-1.4245621969166677e-05, -0.003314386587589979, 0.002028708579018712
v,7.213443313958123e-05, -0.0034640009980648756, 0.002031537238508463
v,0.0026361749041825533, -0.001576677430421114, 0.002027011476457119
v,-0.00010409065725980327, -0.0031587702687829733, 0.0020270112436264753
v,-1.4245621969166677e-05, -0.003314386587589979, 0.002028708579018712
v,0.002542864764109254, -0.0014150594361126423, 0.00202644569799304
v,-0.0001974008046090603, -0.0029971522744745016, 0.0020264454651623964
v,-0.00010409065725980327, -0.0031587702687829733, 0.0020270112436264753
v,0.002018432831391692, -0.0005067164893262088, 0.00202644569799304
v,-0.0007218327955342829, -0.002088809385895729, 0.0020264454651623964
v,-0.0001974008046090603, -0.0029971522744745016, 0.0020264454651623964
v,0.0034746224991977215, -0.0030289110727608204, 0.00202644569799304
v,0.0007343568140640855, -0.004611004143953323, 0.0020264454651623964
v,0.0006630748976022005, -0.004487540107220411, 0.0015071050729602575
v,0.0004683316219598055, 0.00217813765630126, 0.001904247677884996
v,-0.0022719339467585087, 0.0005960446433164179, 0.0019042475614696741
v,-0.0021640209015458822, 0.0004091337905265391, 0.00197234726510942
v,0.0003635300090536475, 0.0023596591781824827, 0.0018399666296318173
v,-0.002376735443249345, 0.0007775662816129625, 0.0018399665132164955
v,-0.0022719339467585087, 0.0005960446433164179, 0.0019042475614696741
v,0.00026183994486927986, 0.002535791601985693, 0.0017795040039345622
v,-0.0024784256238490343, 0.0009536987054161727, 0.0017795038875192404
v,-0.002376735443249345, 0.0007775662816129625, 0.0018399665132164955
v,0.00016326156037393957, 0.002706534694880247, 0.0017228604992851615
v,-0.00257700402289629, 0.0011244418565183878, 0.0017228603828698397
v,-0.0024784256238490343, 0.0009536987054161727, 0.0017795038875192404
v,6.779447721783072e-05, 0.0028718882240355015, 0.0016700354171916842
v,-0.0026724711060523987, 0.0012897953856736422, 0.0016700353007763624
v,-0.00257700402289629, 0.0011244418565183878, 0.0017228603828698397
v,-2.4561051759519614e-05, 0.0030318526551127434, 0.0016210292233154178
v,-0.0027648266404867172, 0.001449759816750884, 0.001621029106900096
v,-0.0026724711060523987, 0.0012897953856736422, 0.0016700353007763624
v,-0.00011380491923773661, 0.003186427755281329, 0.0015758414519950747
v,-0.002854070393368602, 0.0016043349169194698, 0.001575841335579753
v,-0.0027648266404867172, 0.001449759816750884, 0.001621029106900096
v,-0.0001999373489525169, 0.003335613524541259, 0.0015344723360612988
v,-0.0029402028303593397, 0.0017535206861793995, 0.001534472219645977
v,-0.002854070393368602, 0.0016043349169194698, 0.001575841335579753
v,-0.00028295835363678634, 0.003479410195723176, 0.0014969221083447337
v,-0.003023223951458931, 0.0018973173573613167, 0.0014969219919294119
v,-0.0029402028303593397, 0.0017535206861793995, 0.001534472219645977
v,0.0034033404663205147, -0.002905447268858552, 0.0015071051893755794
v,0.0006630748976022005, -0.004487540107220411, 0.0015071050729602575
v,0.0006548363016918302, -0.004473270382732153, 0.001449683215469122
v,-0.00035424024099484086, 0.0036028739996254444, 0.0009368484606966376
v,-0.003094505751505494, 0.002020781161263585, 0.0009368483442813158
v,-0.003023223951458931, 0.0018973173573613167, 0.0014969219919294119
v,0.003395101986825466, -0.0028911775443702936, 0.0014496833318844438
v,0.0006548363016918302, -0.004473270382732153, 0.001449683215469122
v,0.0006470928201451898, -0.004459858406335115, 0.001392827369272709
v,0.0033873585052788258, -0.002877765567973256, 0.0013928274856880307
v,0.0006470928201451898, -0.004459858406335115, 0.001392827369272709
v,0.0006398445111699402, -0.0044473037123680115, 0.001336537068709731
v,0.0033801100216805935, -0.002865210874006152, 0.001336537185125053
v,0.0006398445111699402, -0.0044473037123680115, 0.001336537068709731
v,0.0006330910255201161, -0.004435606766492128, 0.0012808127794414759
v,0.0033733565360307693, -0.0028535136952996254, 0.0012808128958567977
v,0.0006330910255201161, -0.004435606766492128, 0.0012808127794414759
v,0.0006268327706493437, -0.0044247666373848915, 0.0012256538029760122
v,0.003367098281159997, -0.002842673799023032, 0.001225653919391334
v,0.0006268327706493437, -0.0044247666373848915, 0.0012256538029760122
v,0.0006210693973116577, -0.0044147842563688755, 0.0011710608378052711
v,0.0033613350242376328, -0.002832691418007016, 0.001171060954220593
v,0.0006210693973116577, -0.0044147842563688755, 0.0011710608378052711
v,0.0006158011383377016, -0.00440565962344408, 0.001117033651098609
v,0.0033560667652636766, -0.0028235665522515774, 0.0011170337675139308
v,0.0006158011383377016, -0.00440565962344408, 0.001117033651098609
v,0.0006110276444815099, -0.0043973918072879314, 0.0010635722428560257
v,0.003351293271407485, -0.0028152987360954285, 0.0010635723592713475
v,0.0006110276444815099, -0.0043973918072879314, 0.0010635722428560257
v,0.0006067492649890482, -0.004389981273561716, 0.0010106762638315558
v,0.0033470147754997015, -0.002807888202369213, 0.0010106763802468777
v,0.0006067492649890482, -0.004389981273561716, 0.0010106762638315558
v,0.0006029658834449947, -0.004383428022265434, 0.0009583465289324522
v,0.0007760889129713178, 0.0016450864495709538, 0.0009368484606966376
v,-0.0019641767721623182, 6.299345113802701e-05, 0.0009368483442813158
v,-0.003094505751505494, 0.002020781161263585, 0.0009368483442813158
v,0.002519987989217043, -0.0013754356186836958, 0.0009362825658172369
v,-0.00022027753584552556, -0.0029575286898761988, 0.0009362824494019151
v,-0.000294140656478703, -0.002829593839123845, 0.0009368483442813158
v,0.0025939219631254673, -0.0015034929383546114, 0.0009345855796709657
v,-0.00014634356193710119, -0.0030855860095471144, 0.0009345854632556438
v,-0.00022027753584552556, -0.0029575286898761988, 0.0009362824494019151
v,0.0033432315103709698, -0.002801335183903575, 0.000958346645347774
v,0.0006029658834449947, -0.004383428022265434, 0.0009583465289324522
v,0.0005996774998493493, -0.004377732519060373, 0.000906582223251462
v,0.0007662239368073642, 0.0016621731920167804, 0.0008273088606074452
v,-0.001974041573703289, 8.008020085981116e-05, 0.0008273087441921234
v,-0.0019641767721623182, 6.299345113802701e-05, 0.0009368483442813158
v,0.0024461247958242893, -0.001247500884346664, 0.0009368484606966376
v,-0.000294140656478703, -0.002829593839123845, 0.0009368483442813158
v,-0.0008389389840885997, -0.0018859754782170057, 0.0009368483442813158
v,0.0019013265846297145, -0.0003038824943359941, 0.0009368484606966376
v,-0.0008389389840885997, -0.0018859754782170057, 0.0009368483442813158
v,-0.0008685337379574776, -0.0018347158329561353, 0.0007295788964256644
v,0.002667926484718919, -0.0016316726105287671, 0.0009317569201812148
v,-7.233904034364969e-05, -0.0032137655653059483, 0.000931756803765893
v,-0.00014634356193710119, -0.0030855860095471144, 0.0009345854632556438
v,0.002742001786828041, -0.0017599748680368066, 0.000927796820178628
v,1.736264152896183e-06, -0.0033420678228139877, 0.0009277967037633061
v,-7.233904034364969e-05, -0.0032137655653059483, 0.000931756803765893
v,0.002816147869452834, -0.001888399594463408, 0.0009227052796632051
v,7.588234439026564e-05, -0.003470492549240589, 0.0009227051632478833
v,1.736264152896183e-06, -0.0033420678228139877, 0.0009277967037633061
v,0.0028903644997626543, -0.0020169466733932495, 0.0009164822986349463
v,0.00015009897470008582, -0.003599039511755109, 0.0009164821822196245
v,7.588234439026564e-05, -0.003470492549240589, 0.0009227051632478833
v,0.002964652143418789, -0.0021456165704876184, 0.0009091278770938516
v,0.0002243865019408986, -0.0037277094088494778, 0.0009091277606785297
v,0.00015009897470008582, -0.003599039511755109, 0.0009164821822196245
v,0.0030390103347599506, -0.0022744087036699057, 0.0009006417822092772
v,0.00029874470783397555, -0.003856501542031765, 0.0009006416657939553
v,0.0002243865019408986, -0.0037277094088494778, 0.0009091277606785297
v,0.0031134390737861395, -0.002403323305770755, 0.0008910245960578322
v,0.00037317356327548623, -0.003985416144132614, 0.0008910244796425104
v,0.00029874470783397555, -0.003856501542031765, 0.0009006416657939553
v,0.003187938593327999, -0.0025323601439595222, 0.0008802757365629077
v,0.00044767308281734586, -0.004114453215152025, 0.0008802756201475859
v,0.00037317356327548623, -0.003985416144132614, 0.0008910244796425104
v,0.0032625088933855295, -0.0026615196838974953, 0.000868395552970469
v,0.0005222433828748763, -0.004243612755089998, 0.0008683954365551472
v,0.00044767308281734586, -0.004114453215152025, 0.0008802756201475859
v,0.0033371499739587307, -0.002790801925584674, 0.0008553838124498725
v,0.0005968844634480774, -0.004372894763946533, 0.0008553836960345507
v,0.0005222433828748763, -0.004243612755089998, 0.0008683954365551472
v,0.0033399430103600025, -0.002795639680698514, 0.0009065823396667838
v,0.0005996774998493493, -0.004377732519060373, 0.000906582223251462
v,0.0005968844634480774, -0.004372894763946533, 0.0008553836960345507
v,0.0007536010816693306, 0.0016840365715324879, 0.0006955646676942706
v,-0.0019866644870489836, 0.00010194358037551865, 0.0006955645512789488
v,-0.001974041573703289, 8.008020085981116e-05, 0.0008273087441921234
v,0.0018717318307608366, -0.00025262284907512367, 0.0007295790128409863
v,-0.0008685337379574776, -0.0018347158329561353, 0.0007295788964256644
v,-0.0008996135438792408, -0.0017808839911594987, 0.0005015189526602626
v,0.000738220289349556, 0.00171067682094872, 0.0005416154162958264
v,-0.002002045279368758, 0.00012858383706770837, 0.0005416152998805046
v,-0.0019866644870489836, 0.00010194358037551865, 0.0006955645512789488
v,0.0007200815598480403, 0.0017420940566807985, 0.0003654611064121127
v,-0.002020183950662613, 0.00016000107279978693, 0.0003654609899967909
v,-0.002002045279368758, 0.00012858383706770837, 0.0005416152998805046
v,0.0018406519666314125, -0.00019879100727848709, 0.0005015190690755844
v,-0.0008996135438792408, -0.0017808839911594987, 0.0005015189526602626
v,-0.0009321784018538892, -0.001724479952827096, 0.00025266839656978846
v,0.0006991849513724446, 0.0017782881623134017, 0.00016710198542568833
v,-0.0020410805009305477, 0.0001961951784323901, 0.00016710183990653604
v,-0.002020183950662613, 0.00016000107279978693, 0.0003654609899967909
v,0.0018080872250720859, -0.0001423870271537453, 0.0002526685129851103
v,-0.0009321784018538892, -0.001724479952827096, 0.00025266839656978846
v,-0.000966228311881423, -0.001665503834374249, -1.6972957382677123e-05
v,0.000675530347507447, 0.0018192591378465295, -5.346221223589964e-05
v,-0.0020647351630032063, 0.0002371661685174331, -5.346235047909431e-05
v,-0.0020410805009305477, 0.0001961951784323901, 0.00016710183990653604
v,0.0017740372568368912, -8.341084321727976e-05, -1.6972819139482453e-05
v,-0.000966228311881423, -0.001665503834374249, -1.6972957382677123e-05
v,-0.0010017631575465202, -0.0016039555193856359, -0.0003074047272093594
v,0.0006491178646683693, 0.0018650069832801819, -0.0002962312428280711
v,-0.002091147704049945, 0.00028291402850300074, -0.00029623135924339294
v,-0.0020647351630032063, 0.0002371661685174331, -5.346235047909431e-05
v,0.0006199474446475506, 0.001915531582199037, -0.0005612052045762539
v,-0.0021203181240707636, 0.0003334386274218559, -0.0005612053791992366
v,-0.002091147704049945, 0.00028291402850300074, -0.00029623135924339294
v,0.001738502411171794, -2.1862550056539476e-05, -0.0003074046107940376
v,-0.0010017631575465202, -0.0016039555193856359, -0.0003074047272093594
v,-0.0010387832298874855, -0.0015398350078612566, -0.0006186271202750504
v,0.00058801902923733, 0.0019708331674337387, -0.0008483842248097062
v,-0.002152246655896306, 0.00038874021265655756, -0.000848384341225028
v,-0.0021203181240707636, 0.0003334386274218559, -0.0005612053791992366
v,0.0017014823388308287, 4.225796874379739e-05, -0.0006186270038597286
v,-0.0010387832298874855, -0.0015398350078612566, -0.0006186271202750504
v,-0.0010772881796583533, -0.0014731422998011112, -0.0009506401256658137
v,0.0005533326184377074, 0.0020309118553996086, -0.0011577680706977844
v,-0.002186932833865285, 0.00044881890062242746, -0.0011577681871131063
v,-0.002152246655896306, 0.00038874021265655756, -0.000848384341225028
v,0.0016629773890599608, 0.00010895061132032424, -0.0009506400092504919
v,-0.0010772881796583533, -0.0014731422998011112, -0.0009506401256658137
v,-0.0011172782396897674, -0.0014038775116205215, -0.0013034436851739883
v,0.0005158883286640048, 0.0020957672968506813, -0.0014893568586558104
v,-0.0022243771236389875, 0.0005136743420735002, -0.0014893569750711322
v,-0.002186932833865285, 0.00044881890062242746, -0.0011577681871131063
v,0.0016229873290285468, 0.00017821545770857483, -0.0013034435687586665
v,-0.0011172782396897674, -0.0014038775116205215, -0.0013034436851739883
v,-0.0011587532935664058, -0.0013320405269041657, -0.001677038031630218
v,0.00047568618902005255, 0.002165399491786957, -0.0018431504722684622
v,-0.0022645792923867702, 0.0005833065370097756, -0.0018431507050991058
v,-0.0022243771236389875, 0.0005136743420735002, -0.0014893569750711322
v,0.0015815122751519084, 0.0002500524278730154, -0.0016770377987995744
v,-0.0011587532935664058, -0.0013320405269041657, -0.001677038031630218
v,-0.0012017134577035904, -0.0012576313456520438, -0.0020714227575808764
v,0.00041439273627474904, 0.002271563047543168, -0.0023797452449798584
v,-0.002325872890651226, 0.000689470034558326, -0.002379745477810502
v,-0.0022645792923867702, 0.0005833065370097756, -0.0018431507050991058
v,0.0015385521110147238, 0.00032446160912513733, -0.0020714225247502327
v,-0.0012017134577035904, -0.0012576313456520438, -0.0020714227575808764
v,-0.0012461586156859994, -0.0011806499678641558, -0.002486598212271929
v,0.0003578019968699664, 0.0023695810232311487, -0.0028761737048625946
v,-0.0023824635427445173, 0.0007874880102463067, -0.0028761739376932383
v,-0.002325872890651226, 0.000689470034558326, -0.002379745477810502
v,0.0014941069530323148, 0.0004014429578091949, -0.002486597979441285
v,-0.0012461586156859994, -0.0011806499678641558, -0.002486598212271929
v,-0.0012920888839289546, -0.0011010965099558234, -0.002922563813626766
v,0.00030591394170187414, 0.002459453884512186, -0.00333243515342474
v,-0.0024343517143279314, 0.000877360871527344, -0.0033324353862553835
v,-0.0023824635427445173, 0.0007874880102463067, -0.0028761739376932383
v,0.0014481766847893596, 0.0004809964448213577, -0.0029225635807961226
v,-0.0012920888839289546, -0.0011010965099558234, -0.002922563813626766
v,-0.0013270580675452948, -0.0010405280627310276, -0.0032577591482549906
v,0.0014132075011730194, 0.0005415648920461535, -0.003257758915424347
v,-0.0013270580675452948, -0.0010405280627310276, -0.0032577591482549906
v,-0.0013589864829555154, -0.0009852263610810041, -0.003570890985429287
v,0.0002587285125628114, 0.0025411813985556364, -0.0037485298234969378
v,-0.0024815371725708246, 0.0009590883855707943, -0.0037485300563275814
v,-0.0024343517143279314, 0.000877360871527344, -0.0033324353862553835
v,0.0013812790857627988, 0.0005968665354885161, -0.0035708907525986433
v,-0.0013589864829555154, -0.0009852263610810041, -0.003570890985429287
v,-0.0013878740137442946, -0.0009351915796287358, -0.0038619590923190117
v,0.00021624576766043901, 0.0026147637981921434, -0.004124457947909832
v,-0.0025240196846425533, 0.0010326708434149623, -0.004124457947909832
v,-0.0024815371725708246, 0.0009590883855707943, -0.0037485300563275814
v,0.0013523915549740195, 0.0006469013751484454, -0.003861958859488368
v,-0.0013878740137442946, -0.0009351915796287358, -0.0038619590923190117
v,-0.0014137208927422762, -0.0008904235437512398, -0.004130964167416096
v,0.00017846563423518091, 0.002680201083421707, -0.004460218828171492
v,-0.0025617999490350485, 0.001098108128644526, -0.004460219293832779
v,-0.0025240196846425533, 0.0010326708434149623, -0.004124457947909832
v,0.001326544675976038, 0.0006916694110259414, -0.004130963701754808
v,-0.0014137208927422762, -0.0008904235437512398, -0.004130964167416096
v,-0.0014365268871188164, -0.0008509224280714989, -0.0043779052793979645
v,0.0013037386815994978, 0.0007311705267056823, -0.004377904813736677
v,-0.0014365268871188164, -0.0008509224280714989, -0.0043779052793979645
v,-0.0014562919968739152, -0.0008166880579665303, -0.0046027833595871925
v,0.00014538809773512185, 0.002737493021413684, -0.004755813162773848
v,-0.0025948775000870228, 0.0011554000666365027, -0.004755813162773848
v,-0.0025617999490350485, 0.001098108128644526, -0.004460219293832779
v,0.001283973571844399, 0.0007654048968106508, -0.004602782893925905
v,-0.0014562919968739152, -0.0008166880579665303, -0.0046027833595871925
v,-0.0014730164548382163, -0.000787720549851656, -0.004805597476661205
v,0.0025804860051721334, -0.0014802208170294762, -0.004817266017198563
v,-0.00015977953444235027, -0.003062313888221979, -0.004817266017198563
v,-0.00010066069080494344, -0.003164710709825158, -0.004714798182249069
v,0.002639604965224862, -0.0015826176386326551, -0.004714798182249069
v,-0.00010066069080494344, -0.003164710709825158, -0.004714798182249069
v,2.1536883650696836e-05, -0.0033763630781322718, -0.005285054445266724
v,0.00011701326729962602, 0.0027866396121680737, -0.005011240020394325
v,-0.0026232523377984762, 0.0012045466573908925, -0.0050112404860556126
v,-0.0025948775000870228, 0.0011554000666365027, -0.004755813162773848
v,0.0012672491138800979, 0.0007943724049255252, -0.004805597476661205
v,-0.0014730164548382163, -0.000787720549851656, -0.004805597476661205
v,-0.001486700028181076, -0.0007640198455192149, -0.004986348561942577
v,0.0025202357210218906, -0.0013758642598986626, -0.004917612299323082
v,-0.00022002981859259307, -0.0029579573310911655, -0.004917612764984369
v,-0.00015977953444235027, -0.003062313888221979, -0.004817266017198563
v,0.0024588541127741337, -0.0012695479672402143, -0.005015837028622627
v,-0.00028141148504801095, -0.0028516410384327173, -0.0050158374942839146
v,-0.00022002981859259307, -0.0029579573310911655, -0.004917612764984369
n,30.265113830566406, 17.473569869995117, 1.5275880969056743e-06
n,30.265113830566406, 17.473569869995117, 1.5275880969056743e-06
n,30.265113830566406, 17.473569869995117, 1.5275880969056743e-06
n,30.265113830566406, 17.473569869995117, 1.5275880969056743e-06
n,30.265113830566406, 17.473569869995117, 1.5275880969056743e-06
n,30.265113830566406, 17.473569869995117, 1.5275880969056743e-06
n,30.265113830566406, 17.473569869995117, 1.5275880969056743e-06
n,30.265113830566406, 17.473569869995117, 1.5275880969056743e-06
n,30.265113830566406, 17.473569869995117, 1.5275880969056743e-06
n,30.265113830566406, 17.473569869995117, 1.5275880969056743e-06
n,30.265113830566406, 17.473569869995117, 1.5275880969056743e-06
n,30.265113830566406, 17.473569869995117, 1.5275880969056743e-06
n,30.265113830566406, 17.473569869995117, 1.5275880969056743e-06
n,30.265113830566406, 17.473569869995117, 1.5275880969056743e-06
n,30.265113830566406, 17.473569869995117, 1.5275880969056743e-06
n,30.265113830566406, 17.473569869995117, 1.5275880969056743e-06
n,30.265113830566406, 17.473569869995117, 1.5275880969056743e-06
n,30.265113830566406, 17.473569869995117, 1.5275880969056743e-06
n,30.265113830566406, 17.473569869995117, 1.5275880969056743e-06
n,30.265113830566406, 17.473569869995117, 1.5275880969056743e-06
n,30.265113830566406, 17.473569869995117, 1.5275880969056743e-06
n,30.265113830566406, 17.473569869995117, 1.5275880969056743e-06
n,30.265113830566406, 17.473569869995117, 1.5275880969056743e-06
n,30.265113830566406, 17.473569869995117, 1.5275880969056743e-06
n,30.265113830566406, 17.473569869995117, 1.5275880969056743e-06
n,30.265113830566406, 17.473569869995117, 1.5275880969056743e-06
n,30.265113830566406, 17.473569869995117, 1.5275880969056743e-06
n,30.265113830566406, 17.473569869995117, 1.5275880969056743e-06
n,30.265113830566406, 17.473569869995117, 1.5275880969056743e-06
n,30.265113830566406, 17.473569869995117, 1.5275880969056743e-06
n,30.265113830566406, 17.473569869995117, 1.5275880969056743e-06
n,30.265113830566406, 17.473569869995117, 1.5275880969056743e-06
n,30.265113830566406, 17.473569869995117, 1.5275880969056743e-06
n,30.265113830566406, 17.473569869995117, 1.5275880969056743e-06
n,30.265113830566406, 17.473569869995117, 1.5275880969056743e-06
n,30.265113830566406, 17.473569869995117, 1.5275880969056743e-06
n,30.265113830566406, 17.473569869995117, 1.5275880969056743e-06
n,30.265113830566406, 17.473569869995117, 1.5275880969056743e-06
n,30.265113830566406, 17.473569869995117, 1.5275880969056743e-06
n,30.265113830566406, 17.473569869995117, 1.5275880969056743e-06
n,30.265113830566406, 17.473569869995117, 1.5275880969056743e-06
n,30.265113830566406, 17.473569869995117, 1.5275880969056743e-06
n,30.265113830566406, 17.473569869995117, 1.5275880969056743e-06
n,30.265113830566406, 17.473569869995117, 1.5275880969056743e-06
n,30.265113830566406, 17.473569869995117, 1.5275880969056743e-06
n,30.265113830566406, 17.473569869995117, 1.5275880969056743e-06
n,30.265113830566406, 17.473569869995117, 1.5275880969056743e-06
n,30.265113830566406, 17.473569869995117, 1.5275880969056743e-06
n,30.265113830566406, 17.473569869995117, 1.5275880969056743e-06
n,30.265113830566406, 17.473569869995117, 1.5275880969056743e-06
n,30.265113830566406, 17.473569869995117, 1.5275880969056743e-06
n,30.265113830566406, 17.473569869995117, 1.5275880969056743e-06
n,30.265113830566406, 17.473569869995117, 1.5275880969056743e-06
n,30.265113830566406, 17.473569869995117, 1.5275880969056743e-06
n,30.265113830566406, 17.473569869995117, 1.5275880969056743e-06
n,30.265113830566406, 17.473569869995117, 1.5275880969056743e-06
n,30.265113830566406, 17.473569869995117, 1.5275880969056743e-06
n,30.265113830566406, 17.473569869995117, 1.5275880969056743e-06
n,30.265113830566406, 17.473569869995117, 1.5275880969056743e-06
n,30.265113830566406, 17.473569869995117, 1.5275880969056743e-06
n,30.265113830566406, 17.473569869995117, 1.5275880969056743e-06
n,30.265113830566406, 17.473569869995117, 1.5275880969056743e-06
n,30.265113830566406, 17.473569869995117, 1.5275880969056743e-06
n,30.265113830566406, 17.473569869995117, 1.5275880969056743e-06
n,30.265113830566406, 17.473569869995117, 1.5275880969056743e-06
n,30.265113830566406, 17.473569869995117, 1.5275880969056743e-06
n,30.265113830566406, 17.473569869995117, 1.5275880969056743e-06
n,30.265113830566406, 17.473569869995117, 1.5275880969056743e-06
n,30.265113830566406, 17.473569869995117, 1.5275880969056743e-06
n,30.265113830566406, 17.473569869995117, 1.5275880969056743e-06
n,30.265113830566406, 17.473569869995117, 1.5275880969056743e-06
n,30.265113830566406, 17.473569869995117, 1.5275880969056743e-06
n,30.265113830566406, 17.473569869995117, 1.5275880969056743e-06
n,30.265113830566406, 17.473569869995117, 1.5275880969056743e-06
n,30.265113830566406, 17.473569869995117, 1.5275880969056743e-06
n,30.265113830566406, 17.473569869995117, 1.5275880969056743e-06
n,30.265113830566406, 17.473569869995117, 1.5275880969056743e-06
n,30.265113830566406, 17.473569869995117, 1.5275880969056743e-06
n,30.265113830566406, 17.473569869995117, 1.5275880969056743e-06
n,30.265113830566406, 17.473569869995117, 1.5275880969056743e-06
n,-30.265113830566406, -17.473569869995117, -1.5275880969056743e-06
n,30.265113830566406, 17.473569869995117, 1.5275880969056743e-06
n,30.265113830566406, 17.473569869995117, 1.5275880969056743e-06
n,30.265113830566406, 17.473569869995117, 1.5275880969056743e-06
n,30.265113830566406, 17.473569869995117, 1.5275880969056743e-06
n,30.265113830566406, 17.473569869995117, 1.5275880969056743e-06
n,30.265113830566406, 17.473569869995117, 1.5275880969056743e-06
n,30.265113830566406, 17.473569869995117, 1.5275880969056743e-06
n,30.265113830566406, 17.473569869995117, 1.5275880969056743e-06
n,30.265113830566406, 17.473569869995117, 1.5275880969056743e-06
n,30.265113830566406, 17.473569869995117, 1.5275880969056743e-06
n,30.265113830566406, 17.473569869995117, 1.5275880969056743e-06
n,30.265113830566406, 17.473569869995117, 1.5275880969056743e-06
n,30.265113830566406, 17.473569869995117, 1.5275880969056743e-06
n,30.265113830566406, 17.473569869995117, 1.5275880969056743e-06
n,30.265113830566406, 17.473569869995117, 1.5275880969056743e-06
n,30.265113830566406, 17.473569869995117, 1.5275880969056743e-06
n,30.265113830566406, 17.473569869995117, 1.5275880969056743e-06
n,30.265113830566406, 17.473569869995117, 1.5275880969056743e-06
n,30.265113830566406, 17.473569869995117, 1.5275880969056743e-06
n,30.265113830566406, 17.473569869995117, 1.5275880969056743e-06
n,30.265113830566406, 17.473569869995117, 1.5275880969056743e-06
n,30.265113830566406, 17.473569869995117, 1.5275880969056743e-06
n,30.265113830566406, 17.473569869995117, 1.5275880969056743e-06
n,30.265113830566406, 17.473569869995117, 1.5275880969056743e-06
n,30.265113830566406, 17.473569869995117, 1.5275880969056743e-06
n,30.265113830566406, 17.473569869995117, 1.5275880969056743e-06
n,30.265113830566406, 17.473569869995117, 1.5275880969056743e-06
n,30.265113830566406, 17.473569869995117, 1.5275880969056743e-06
n,30.265113830566406, 17.473569869995117, 1.5275880969056743e-06
n,30.265113830566406, 17.473569869995117, 1.5275880969056743e-06
n,30.265113830566406, 17.473569869995117, 1.5275880969056743e-06
n,30.265113830566406, 17.473569869995117, 1.5275880969056743e-06
n,30.265113830566406, 17.473569869995117, 1.5275880969056743e-06
n,30.265113830566406, 17.473569869995117, 1.5275880969056743e-06
n,30.265113830566406, 17.473569869995117, 1.5275880969056743e-06
n,30.265113830566406, 17.473569869995117, 1.5275880969056743e-06
n,30.265113830566406, 17.473569869995117, 1.5275880969056743e-06
n,30.265113830566406, 17.473569869995117, 1.5275880969056743e-06
n,30.265113830566406, 17.473569869995117, 1.5275880969056743e-06
n,30.265113830566406, 17.473569869995117, 1.5275880969056743e-06
n,30.265113830566406, 17.473569869995117, 1.5275880969056743e-06
n,30.265113830566406, 17.473569869995117, 1.5275880969056743e-06
n,30.265113830566406, 17.473569869995117, 1.5275880969056743e-06
n,30.265113830566406, 17.473569869995117, 1.5275880969056743e-06
n,30.265113830566406, 17.473569869995117, 1.5275880969056743e-06
n,30.265113830566406, 17.473569869995117, 1.5275880969056743e-06
n,30.265113830566406, 17.473569869995117, 1.5275880969056743e-06
n,30.265113830566406, 17.473569869995117, 1.5275880969056743e-06
n,30.265113830566406, 17.473569869995117, 1.5275880969056743e-06
n,30.265113830566406, 17.473569869995117, 1.5275880969056743e-06
n,30.265113830566406, 17.473569869995117, 1.5275880969056743e-06
n,30.265113830566406, 17.473569869995117, 1.5275880969056743e-06
n,30.265113830566406, 17.473569869995117, 1.5275880969056743e-06
n,30.265113830566406, 17.473569869995117, 1.5275880969056743e-06
n,30.265113830566406, 17.473569869995117, 1.5275880969056743e-06
n,30.265113830566406, 17.473569869995117, 1.5275880969056743e-06
n,30.265113830566406, 17.473569869995117, 1.5275880969056743e-06
n,30.265113830566406, 17.473569869995117, 1.5275880969056743e-06
n,30.265113830566406, 17.473569869995117, 1.5275880969056743e-06
n,30.265113830566406, 17.473569869995117, 1.5275880969056743e-06
n,30.265113830566406, 17.473569869995117, 1.5275880969056743e-06
n,30.265113830566406, 17.473569869995117, 1.5275880969056743e-06
n,30.265113830566406, 17.473569869995117, 1.5275880969056743e-06
n,30.265113830566406, 17.473569869995117, 1.5275880969056743e-06
n,30.265113830566406, 17.473569869995117, 1.5275880969056743e-06
n,30.265113830566406, 17.473569869995117, 1.5275880969056743e-06
n,30.265113830566406, 17.473569869995117, 1.5275880969056743e-06
n,30.265113830566406, 17.473569869995117, 1.5275880969056743e-06
n,30.265113830566406, 17.473569869995117, 1.5275880969056743e-06
n,30.265113830566406, 17.473569869995117, 1.5275880969056743e-06
n,30.265113830566406, 17.473569869995117, 1.5275880969056743e-06
n,30.265113830566406, 17.473569869995117, 1.5275880969056743e-06
n,30.265113830566406, 17.473569869995117, 1.5275880969056743e-06
n,30.265113830566406, 17.473569869995117, 1.5275880969056743e-06
n,30.265113830566406, 17.473569869995117, 1.5275880969056743e-06
n,30.265113830566406, 17.473569869995117, 1.5275880969056743e-06
n,30.265113830566406, 17.473569869995117, 1.5275880969056743e-06
n,30.265113830566406, 17.473569869995117, 1.5275880969056743e-06
n,30.265113830566406, 17.473569869995117, 1.5275880969056743e-06
n,30.265113830566406, 17.473569869995117, 1.5275880969056743e-06
n,30.265113830566406, 17.473569869995117, 1.5275880969056743e-06
n,30.265113830566406, 17.473569869995117, 1.5275880969056743e-06
n,30.265113830566406, 17.473569869995117, 1.5275880969056743e-06
n,30.265113830566406, 17.473569869995117, 1.5275880969056743e-06
n,30.265113830566406, 17.473569869995117, 1.5275880969056743e-06
n,30.265113830566406, 17.473569869995117, 1.5275880969056743e-06
n,30.265113830566406, 17.473569869995117, 1.5275880969056743e-06
n,30.265113830566406, 17.473569869995117, 1.5275880969056743e-06
n,30.265113830566406, 17.473569869995117, 1.5275880969056743e-06
n,30.265113830566406, 17.473569869995117, 1.5275880969056743e-06
n,30.265113830566406, 17.473569869995117, 1.5275880969056743e-06
n,30.265113830566406, 17.473569869995117, 1.5275880969056743e-06
n,30.265113830566406, 17.473569869995117, 1.5275880969056743e-06
n,30.265113830566406, 17.473569869995117, 1.5275880969056743e-06
n,30.265113830566406, 17.473569869995117, 1.5275880969056743e-06
n,30.265113830566406, 17.473569869995117, 1.5275880969056743e-06
n,30.265113830566406, 17.473569869995117, 1.5275880969056743e-06
n,30.265113830566406, 17.473569869995117, 1.5275880969056743e-06
n,30.265113830566406, 17.473569869995117, 1.5275880969056743e-06
n,30.265113830566406, 17.473569869995117, 1.5275880969056743e-06
n,30.265113830566406, 17.473569869995117, 1.5275880969056743e-06
n,30.265113830566406, 17.473569869995117, 1.5275880969056743e-06
n,30.265113830566406, 17.473569869995117, 1.5275880969056743e-06
n,30.265113830566406, 17.473569869995117, 1.5275880969056743e-06
n,30.265113830566406, 17.473569869995117, 1.5275880969056743e-06
n,30.265113830566406, 17.473569869995117, 1.5275880969056743e-06
n,30.265113830566406, 17.473569869995117, 1.5275880969056743e-06
n,30.265113830566406, 17.473569869995117, 1.5275880969056743e-06
n,30.265113830566406, 17.473569869995117, 1.5275880969056743e-06
n,30.265113830566406, 17.473569869995117, 1.5275880969056743e-06
n,30.265113830566406, 17.473569869995117, 1.5275880969056743e-06
n,30.265113830566406, 17.473569869995117, 1.5275880969056743e-06
n,30.265113830566406, 17.473569869995117, 1.5275880969056743e-06
n,30.265113830566406, 17.473569869995117, 1.5275880969056743e-06
n,30.265113830566406, 17.473569869995117, 1.5275880969056743e-06
n,30.265113830566406, 17.473569869995117, 1.5275880969056743e-06
n,30.265113830566406, 17.473569869995117, 1.5275880969056743e-06
n,30.265113830566406, 17.473569869995117, 1.5275880969056743e-06
n,30.265113830566406, 17.473569869995117, 1.5275880969056743e-06
n,30.265113830566406, 17.473569869995117, 1.5275880969056743e-06
n,30.265113830566406, 17.473569869995117, 1.5275880969056743e-06
n,30.265113830566406, 17.473569869995117, 1.5275880969056743e-06
n,30.265113830566406, 17.473569869995117, 1.5275880969056743e-06
n,30.265113830566406, 17.473569869995117, 1.5275880969056743e-06
n,30.265113830566406, 17.473569869995117, 1.5275880969056743e-06
n,30.265113830566406, 17.473569869995117, 1.5275880969056743e-06
n,30.265113830566406, 17.473569869995117, 1.5275880969056743e-06
n,30.265113830566406, 17.473569869995117, 1.5275880969056743e-06
n,30.265113830566406, 17.473569869995117, 1.5275880969056743e-06
n,30.265113830566406, 17.473569869995117, 1.5275880969056743e-06
n,30.265113830566406, 17.473569869995117, 1.5275880969056743e-06
n,30.265113830566406, 17.473569869995117, 1.5275880969056743e-06
n,30.265113830566406, 17.473569869995117, 1.5275880969056743e-06
n,30.265113830566406, 17.473569869995117, 1.5275880969056743e-06
n,30.265113830566406, 17.473569869995117, 1.5275880969056743e-06
n,30.265113830566406, 17.473569869995117, 1.5275880969056743e-06
n,30.265113830566406, 17.473569869995117, 1.5275880969056743e-06
n,30.265113830566406, 17.473569869995117, 1.5275880969056743e-06
n,30.265113830566406, 17.473569869995117, 1.5275880969056743e-06
n,30.265113830566406, 17.473569869995117, 1.5275880969056743e-06
n,30.265113830566406, 17.473569869995117, 1.5275880969056743e-06
n,30.265113830566406, 17.473569869995117, 1.5275880969056743e-06
n,30.265113830566406, 17.473569869995117, 1.5275880969056743e-06
n,30.265113830566406, 17.473569869995117, 1.5275880969056743e-06
n,30.265113830566406, 17.473569869995117, 1.5275880969056743e-06
n,30.265113830566406, 17.473569869995117, 1.5275880969056743e-06
n,30.265113830566406, 17.473569869995117, 1.5275880969056743e-06
n,30.265113830566406, 17.473569869995117, 1.5275880969056743e-06
n,30.265113830566406, 17.473569869995117, 1.5275880969056743e-06
n,30.265113830566406, 17.473569869995117, 1.5275880969056743e-06
n,30.265113830566406, 17.473569869995117, 1.5275880969056743e-06
n,30.265113830566406, 17.473569869995117, 1.5275880969056743e-06
n,30.265113830566406, 17.473569869995117, 1.5275880969056743e-06
n,30.265113830566406, 17.473569869995117, 1.5275880969056743e-06
n,30.265113830566406, 17.473569869995117, 1.5275880969056743e-06
n,30.265113830566406, 17.473569869995117, 1.5275880969056743e-06
n,30.265113830566406, 17.473569869995117, 1.5275880969056743e-06
n,30.265113830566406, 17.473569869995117, 1.5275880969056743e-06
n,30.265113830566406, 17.473569869995117, 1.5275880969056743e-06
n,30.265113830566406, 17.473569869995117, 1.5275880969056743e-06
n,30.265113830566406, 17.473569869995117, 1.5275880969056743e-06
n,30.265113830566406, 17.473569869995117, 1.5275880969056743e-06
n,30.265113830566406, 17.473569869995117, 1.5275880969056743e-06
n,30.265113830566406, 17.473569869995117, 1.5275880969056743e-06
n,30.265113830566406, 17.473569869995117, 1.5275880969056743e-06
n,30.265113830566406, 17.473569869995117, 1.5275880969056743e-06
n,-30.265113830566406, -17.473569869995117, -1.5275880969056743e-06
n,-30.265113830566406, -17.473569869995117, -1.5275880969056743e-06
n,-30.265113830566406, -17.473569869995117, -1.5275880969056743e-06
n,-30.265113830566406, -17.473569869995117, -1.5275880969056743e-06
n,-30.265113830566406, -17.473569869995117, -1.5275880969056743e-06
n,-30.265113830566406, -17.473569869995117, -1.5275880969056743e-06
n,-30.265113830566406, -17.473569869995117, -1.5275880969056743e-06
n,-30.265113830566406, -17.473569869995117, -1.5275880969056743e-06
n,-30.265113830566406, -17.473569869995117, -1.5275880969056743e-06
n,-30.265113830566406, -17.473569869995117, -1.5275880969056743e-06
n,-30.265113830566406, -17.473569869995117, -1.5275880969056743e-06
n,-30.265113830566406, -17.473569869995117, -1.5275880969056743e-06
n,-30.265113830566406, -17.473569869995117, -1.5275880969056743e-06
n,-30.265113830566406, -17.473569869995117, -1.5275880969056743e-06
n,-30.265113830566406, -17.473569869995117, -1.5275880969056743e-06
n,-30.265113830566406, -17.473569869995117, -1.5275880969056743e-06
n,-30.265113830566406, -17.473569869995117, -1.5275880969056743e-06
n,-30.265113830566406, -17.473569869995117, -1.5275880969056743e-06
n,-30.265113830566406, -17.473569869995117, -1.5275880969056743e-06
n,-30.265113830566406, -17.473569869995117, -1.5275880969056743e-06
n,-30.265113830566406, -17.473569869995117, -1.5275880969056743e-06
n,-30.265113830566406, -17.473569869995117, -1.5275880969056743e-06
n,-30.265113830566406, -17.473569869995117, -1.5275880969056743e-06
n,-30.265113830566406, -17.473569869995117, -1.5275880969056743e-06
n,-30.265113830566406, -17.473569869995117, -1.5275880969056743e-06
n,-30.265113830566406, -17.473569869995117, -1.5275880969056743e-06
n,-30.265113830566406, -17.473569869995117, -1.5275880969056743e-06
n,-30.265113830566406, -17.473569869995117, -1.5275880969056743e-06
n,-30.265113830566406, -17.473569869995117, -1.5275880969056743e-06
n,-30.265113830566406, -17.473569869995117, -1.5275880969056743e-06
n,-30.265113830566406, -17.473569869995117, -1.5275880969056743e-06
n,-30.265113830566406, -17.473569869995117, -1.5275880969056743e-06
n,-30.265113830566406, -17.473569869995117, -1.5275880969056743e-06
n,-30.265113830566406, -17.473569869995117, -1.5275880969056743e-06
n,-30.265113830566406, -17.473569869995117, -1.5275880969056743e-06
n,-30.265113830566406, -17.473569869995117, -1.5275880969056743e-06
n,-30.265113830566406, -17.473569869995117, -1.5275880969056743e-06
n,-30.265113830566406, -17.473569869995117, -1.5275880969056743e-06
n,-30.265113830566406, -17.473569869995117, -1.5275880969056743e-06
n,-30.265113830566406, -17.473569869995117, -1.5275880969056743e-06
n,-30.265113830566406, -17.473569869995117, -1.5275880969056743e-06
n,-30.265113830566406, -17.473569869995117, -1.5275880969056743e-06
n,-30.265113830566406, -17.473569869995117, -1.5275880969056743e-06
n,-30.265113830566406, -17.473569869995117, -1.5275880969056743e-06
n,-30.265113830566406, -17.473569869995117, -1.5275880969056743e-06
n,-30.265113830566406, -17.473569869995117, -1.5275880969056743e-06
n,-30.265113830566406, -17.473569869995117, -1.5275880969056743e-06
n,-30.265113830566406, -17.473569869995117, -1.5275880969056743e-06
n,-30.265113830566406, -17.473569869995117, -1.5275880969056743e-06
n,-30.265113830566406, -17.473569869995117, -1.5275880969056743e-06
n,-30.265113830566406, -17.473569869995117, -1.5275880969056743e-06
n,-30.265113830566406, -17.473569869995117, -1.5275880969056743e-06
n,-30.265113830566406, -17.473569869995117, -1.5275880969056743e-06
n,-30.265113830566406, -17.473569869995117, -1.5275880969056743e-06
n,-30.265113830566406, -17.473569869995117, -1.5275880969056743e-06
n,-30.265113830566406, -17.473569869995117, -1.5275880969056743e-06
n,-30.265113830566406, -17.473569869995117, -1.5275880969056743e-06
n,-30.265113830566406, -17.473569869995117, -1.5275880969056743e-06
n,-30.265113830566406, -17.473569869995117, -1.5275880969056743e-06
n,-30.265113830566406, -17.473569869995117, -1.5275880969056743e-06
n,-30.265113830566406, -17.473569869995117, -1.5275880969056743e-06
n,-30.265113830566406, -17.473569869995117, -1.5275880969056743e-06
n,-30.265113830566406, -17.473569869995117, -1.5275880969056743e-06
n,-30.265113830566406, -17.473569869995117, -1.5275880969056743e-06
n,-30.265113830566406, -17.473569869995117, -1.5275880969056743e-06
n,-30.265113830566406, -17.473569869995117, -1.5275880969056743e-06
n,-30.265113830566406, -17.473569869995117, -1.5275880969056743e-06
n,-30.265113830566406, -17.473569869995117, -1.5275880969056743e-06
n,-30.265113830566406, -17.473569869995117, -1.5275880969056743e-06
n,-30.265113830566406, -17.473569869995117, -1.5275880969056743e-06
n,-30.265113830566406, -17.473569869995117, -1.5275880969056743e-06
n,-30.265113830566406, -17.473569869995117, -1.5275880969056743e-06
n,-30.265113830566406, -17.473569869995117, -1.5275880969056743e-06
n,-30.265113830566406, -17.473569869995117, -1.5275880969056743e-06
n,-30.265113830566406, -17.473569869995117, -1.5275880969056743e-06
n,-30.265113830566406, -17.473569869995117, -1.5275880969056743e-06
n,-30.265113830566406, -17.473569869995117, -1.5275880969056743e-06
n,-30.265113830566406, -17.473569869995117, -1.5275880969056743e-06
n,-30.265113830566406, -17.473569869995117, -1.5275880969056743e-06
n,-30.265113830566406, -17.473569869995117, -1.5275880969056743e-06
n,-30.265113830566406, -17.473569869995117, -1.5275880969056743e-06
n,-30.265113830566406, -17.473569869995117, -1.5275880969056743e-06
n,-30.265113830566406, -17.473569869995117, -1.5275880969056743e-06
n,-30.265113830566406, -17.473569869995117, -1.5275880969056743e-06
n,-30.265113830566406, -17.473569869995117, -1.5275880969056743e-06
n,-30.265113830566406, -17.473569869995117, -1.5275880969056743e-06
n,-30.265113830566406, -17.473569869995117, -1.5275880969056743e-06
n,-30.265113830566406, -17.473569869995117, -1.5275880969056743e-06
n,-30.265113830566406, -17.473569869995117, -1.5275880969056743e-06
n,-30.265113830566406, -17.473569869995117, -1.5275880969056743e-06
n,-30.265113830566406, -17.473569869995117, -1.5275880969056743e-06
n,-30.265113830566406, -17.473569869995117, -1.5275880969056743e-06
n,-30.265113830566406, -17.473569869995117, -1.5275880969056743e-06
n,-30.265113830566406, -17.473569869995117, -1.5275880969056743e-06
n,-30.265113830566406, -17.473569869995117, -1.5275880969056743e-06
n,-30.265113830566406, -17.473569869995117, -1.5275880969056743e-06
n,-30.265113830566406, -17.473569869995117, -1.5275880969056743e-06
n,-30.265113830566406, -17.473569869995117, -1.5275880969056743e-06
n,-30.265113830566406, -17.473569869995117, -1.5275880969056743e-06
n,-30.265113830566406, -17.473569869995117, -1.5275880969056743e-06
n,-30.265113830566406, -17.473569869995117, -1.5275880969056743e-06
n,-30.265113830566406, -17.473569869995117, -1.5275880969056743e-06
n,-30.265113830566406, -17.473569869995117, -1.5275880969056743e-06
n,-30.265113830566406, -17.473569869995117, -1.5275880969056743e-06
n,-30.265113830566406, -17.473569869995117, -1.5275880969056743e-06
n,-30.265113830566406, -17.473569869995117, -1.5275880969056743e-06
n,-30.265113830566406, -17.473569869995117, -1.5275880969056743e-06
n,-30.265113830566406, -17.473569869995117, -1.5275880969056743e-06
n,-30.265113830566406, -17.473569869995117, -1.5275880969056743e-06
n,-30.265113830566406, -17.473569869995117, -1.5275880969056743e-06
n,-30.265113830566406, -17.473569869995117, -1.5275880969056743e-06
n,-30.265113830566406, -17.473569869995117, -1.5275880969056743e-06
n,-30.265113830566406, -17.473569869995117, -1.5275880969056743e-06
n,-30.265113830566406, -17.473569869995117, -1.5275880969056743e-06
n,-30.265113830566406, -17.473569869995117, -1.5275880969056743e-06
n,-30.265113830566406, -17.473569869995117, -1.5275880969056743e-06
n,-30.265113830566406, -17.473569869995117, -1.5275880969056743e-06
n,-30.265113830566406, -17.473569869995117, -1.5275880969056743e-06
n,-30.265113830566406, -17.473569869995117, -1.5275880969056743e-06
n,-30.265113830566406, -17.473569869995117, -1.5275880969056743e-06
n,-30.265113830566406, -17.473569869995117, -1.5275880969056743e-06
n,-30.265113830566406, -17.473569869995117, -1.5275880969056743e-06
n,-30.265113830566406, -17.473569869995117, -1.5275880969056743e-06
n,-30.265113830566406, -17.473569869995117, -1.5275880969056743e-06
n,-30.265113830566406, -17.473569869995117, -1.5275880969056743e-06
n,-30.265113830566406, -17.473569869995117, -1.5275880969056743e-06
n,-30.265113830566406, -17.473569869995117, -1.5275880969056743e-06
n,-30.265113830566406, -17.473569869995117, -1.5275880969056743e-06
n,-30.265113830566406, -17.473569869995117, -1.5275880969056743e-06
n,-30.265113830566406, -17.473569869995117, -1.5275880969056743e-06
n,-30.265113830566406, -17.473569869995117, -1.5275880969056743e-06
n,-30.265113830566406, -17.473569869995117, -1.5275880969056743e-06
n,-30.265113830566406, -17.473569869995117, -1.5275880969056743e-06
n,-30.265113830566406, -17.473569869995117, -1.5275880969056743e-06
n,-30.265113830566406, -17.473569869995117, -1.5275880969056743e-06
n,-30.265113830566406, -17.473569869995117, -1.5275880969056743e-06
n,-30.265113830566406, -17.473569869995117, -1.5275880969056743e-06
n,-30.265113830566406, -17.473569869995117, -1.5275880969056743e-06
n,-30.265113830566406, -17.473569869995117, -1.5275880969056743e-06
n,-30.265113830566406, -17.473569869995117, -1.5275880969056743e-06
n,-30.265113830566406, -17.473569869995117, -1.5275880969056743e-06
n,-30.265113830566406, -17.473569869995117, -1.5275880969056743e-06
n,-30.265113830566406, -17.473569869995117, -1.5275880969056743e-06
n,-30.265113830566406, -17.473569869995117, -1.5275880969056743e-06
n,-30.265113830566406, -17.473569869995117, -1.5275880969056743e-06
n,-30.265113830566406, -17.473569869995117, -1.5275880969056743e-06
n,-30.265113830566406, -17.473569869995117, -1.5275880969056743e-06
n,-30.265113830566406, -17.473569869995117, -1.5275880969056743e-06
n,-30.265113830566406, -17.473569869995117, -1.5275880969056743e-06
n,-30.265113830566406, -17.473569869995117, -1.5275880969056743e-06
n,-30.265113830566406, -17.473569869995117, -1.5275880969056743e-06
n,-30.265113830566406, -17.473569869995117, -1.5275880969056743e-06
n,-30.265113830566406, -17.473569869995117, -1.5275880969056743e-06
n,-30.265113830566406, -17.473569869995117, -1.5275880969056743e-06
n,-30.265113830566406, -17.473569869995117, -1.5275880969056743e-06
n,-30.265113830566406, -17.473569869995117, -1.5275880969056743e-06
n,-30.265113830566406, -17.473569869995117, -1.5275880969056743e-06
n,-30.265113830566406, -17.473569869995117, -1.5275880969056743e-06
n,-30.265113830566406, -17.473569869995117, -1.5275880969056743e-06
n,-30.265113830566406, -17.473569869995117, -1.5275880969056743e-06
n,-30.265113830566406, -17.473569869995117, -1.5275880969056743e-06
n,-30.265113830566406, -17.473569869995117, -1.5275880969056743e-06
n,-30.265113830566406, -17.473569869995117, -1.5275880969056743e-06
n,-30.265113830566406, -17.473569869995117, -1.5275880969056743e-06
n,-30.265113830566406, -17.473569869995117, -1.5275880969056743e-06
n,-30.265113830566406, -17.473569869995117, -1.5275880969056743e-06
n,-30.265113830566406, -17.473569869995117, -1.5275880969056743e-06
n,-30.265113830566406, -17.473569869995117, -1.5275880969056743e-06
n,-30.265113830566406, -17.473569869995117, -1.5275880969056743e-06
n,-30.265113830566406, -17.473569869995117, -1.5275880969056743e-06
n,-30.265113830566406, -17.473569869995117, -1.5275880969056743e-06
n,-30.265113830566406, -17.473569869995117, -1.5275880969056743e-06
n,-30.265113830566406, -17.473569869995117, -1.5275880969056743e-06
n,-30.265113830566406, -17.473569869995117, -1.5275880969056743e-06
n,-30.265113830566406, -17.473569869995117, -1.5275880969056743e-06
n,-30.265113830566406, -17.473569869995117, -1.5275880969056743e-06
n,-30.265113830566406, -17.473569869995117, -1.5275880969056743e-06
n,-30.265113830566406, -17.473569869995117, -1.5275880969056743e-06
n,-30.265113830566406, -17.473569869995117, -1.5275880969056743e-06
n,-30.265113830566406, -17.473569869995117, -1.5275880969056743e-06
n,-30.265113830566406, -17.473569869995117, -1.5275880969056743e-06
n,-30.265113830566406, -17.473569869995117, -1.5275880969056743e-06
n,-30.265113830566406, -17.473569869995117, -1.5275880969056743e-06
n,-30.265113830566406, -17.473569869995117, -1.5275880969056743e-06
n,-30.265113830566406, -17.473569869995117, -1.5275880969056743e-06
n,-30.265113830566406, -17.473569869995117, -1.5275880969056743e-06
n,-30.265113830566406, -17.473569869995117, -1.5275880969056743e-06
n,-30.265113830566406, -17.473569869995117, -1.5275880969056743e-06
n,-30.265113830566406, -17.473569869995117, -1.5275880969056743e-06
n,-30.265113830566406, -17.473569869995117, -1.5275880969056743e-06
n,-30.265113830566406, -17.473569869995117, -1.5275880969056743e-06
n,-30.265113830566406, -17.473569869995117, -1.5275880969056743e-06
n,-30.265113830566406, -17.473569869995117, -1.5275880969056743e-06
n,-30.265113830566406, -17.473569869995117, -1.5275880969056743e-06
n,-30.265113830566406, -17.473569869995117, -1.5275880969056743e-06
n,-30.265113830566406, -17.473569869995117, -1.5275880969056743e-06
n,-30.265113830566406, -17.473569869995117, -1.5275880969056743e-06
n,-30.265113830566406, -17.473569869995117, -1.5275880969056743e-06
n,-30.265113830566406, -17.473569869995117, -1.5275880969056743e-06
n,-30.265113830566406, -17.473569869995117, -1.5275880969056743e-06
n,-30.265113830566406, -17.473569869995117, -1.5275880969056743e-06
n,-30.265113830566406, -17.473569869995117, -1.5275880969056743e-06
n,-30.265113830566406, -17.473569869995117, -1.5275880969056743e-06
n,-30.265113830566406, -17.473569869995117, -1.5275880969056743e-06
n,-30.265113830566406, -17.473569869995117, -1.5275880969056743e-06
n,-30.265113830566406, -17.473569869995117, -1.5275880969056743e-06
n,-30.265113830566406, -17.473569869995117, -1.5275880969056743e-06
n,-30.265113830566406, -17.473569869995117, -1.5275880969056743e-06
n,-30.265113830566406, -17.473569869995117, -1.5275880969056743e-06
n,-30.265113830566406, -17.473569869995117, -1.5275880969056743e-06
n,-30.265113830566406, -17.473569869995117, -1.5275880969056743e-06
n,-30.265113830566406, -17.473569869995117, -1.5275880969056743e-06
n,-30.265113830566406, -17.473569869995117, -1.5275880969056743e-06
n,-30.265113830566406, -17.473569869995117, -1.5275880969056743e-06
n,-30.265113830566406, -17.473569869995117, -1.5275880969056743e-06
n,-30.265113830566406, -17.473569869995117, -1.5275880969056743e-06
n,-30.265113830566406, -17.473569869995117, -1.5275880969056743e-06
n,-30.265113830566406, -17.473569869995117, -1.5275880969056743e-06
n,-30.265113830566406, -17.473569869995117, -1.5275880969056743e-06
n,-30.265113830566406, -17.473569869995117, -1.5275880969056743e-06
n,-30.265113830566406, -17.473569869995117, -1.5275880969056743e-06
n,-30.265113830566406, -17.473569869995117, -1.5275880969056743e-06
n,-30.265113830566406, -17.473569869995117, -1.5275880969056743e-06
n,-30.265113830566406, -17.473569869995117, -1.5275880969056743e-06
n,-30.265113830566406, -17.473569869995117, -1.5275880969056743e-06
n,-30.265113830566406, -17.473569869995117, -1.5275880969056743e-06
n,-30.265113830566406, -17.473569869995117, -1.5275880969056743e-06
n,-30.265113830566406, -17.473569869995117, -1.5275880969056743e-06
n,-30.265113830566406, -17.473569869995117, -1.5275880969056743e-06
n,-30.265113830566406, -17.473569869995117, -1.5275880969056743e-06
n,-30.265113830566406, -17.473569869995117, -1.5275880969056743e-06
n,-30.265113830566406, -17.473569869995117, -1.5275880969056743e-06
n,-30.265113830566406, -17.473569869995117, -1.5275880969056743e-06
n,-30.265113830566406, -17.473569869995117, -1.5275880969056743e-06
n,-30.265113830566406, -17.473569869995117, -1.5275880969056743e-06
n,-30.265113830566406, -17.473569869995117, -1.5275880969056743e-06
n,-30.265113830566406, -17.473569869995117, -1.5275880969056743e-06
n,-30.265113830566406, -17.473569869995117, -1.5275880969056743e-06
n,-30.265113830566406, -17.473569869995117, -1.5275880969056743e-06
n,-30.265113830566406, -17.473569869995117, -1.5275880969056743e-06
n,-30.265113830566406, -17.473569869995117, -1.5275880969056743e-06
n,-30.265113830566406, -17.473569869995117, -1.5275880969056743e-06
n,-30.265113830566406, -17.473569869995117, -1.5275880969056743e-06
n,-30.265113830566406, -17.473569869995117, -1.5275880969056743e-06
n,-30.265113830566406, -17.473569869995117, -1.5275880969056743e-06
n,-30.265113830566406, -17.473569869995117, -1.5275880969056743e-06
n,-30.265113830566406, -17.473569869995117, -1.5275880969056743e-06
n,17.318464279174805, -29.996463775634766, -4.6460394859313965
n,-17.065675735473633, 29.558622360229492, 7.506887912750244
n,-10.648900985717773, 18.444438934326172, 27.707515716552734
n,-10.378872871398926, 17.976736068725586, 28.11438751220703
n,17.36636734008789, -30.07943344116211, -3.8651835918426514
n,-10.106938362121582, 17.50572967529297, 28.507930755615234
n,-17.07727813720703, 29.578716278076172, 7.400594234466553
n,17.418432235717773, -30.169612884521484, -2.774048328399658
n,10.33323860168457, -17.897693634033203, -28.181547164916992
n,-9.833383560180664, 17.031919479370117, 28.888078689575195
n,-9.55865478515625, 16.556076049804688, 29.254594802856445
n,17.464134216308594, -30.24877166748047, -1.1482552289962769
n,-17.095474243164062, 29.610233306884766, 7.230592250823975
n,-9.283063888549805, 16.078739166259766, 29.607460021972656
n,17.46900749206543, -30.257211685180664, 0.7985835075378418
n,17.42938995361328, -30.18859100341797, 2.483590602874756
n,-17.12807273864746, 29.66669464111328, 6.91513729095459
n,-9.006918907165527, 15.600440979003906, 29.94669532775879
n,17.3416805267334, -30.03667449951172, 4.285676956176758
n,17.19625473022461, -29.7847900390625, 6.201444625854492
n,-17.17557716369629, 29.74897575378418, 6.426570892333984
n,-8.730627059936523, 15.121888160705566, 30.2722225189209
n,16.983047485351562, -29.415504455566406, 8.222341537475586
n,16.692150115966797, -28.91165542602539, 10.333971977233887
n,-17.2134952545166, 29.814651489257812, 6.007065296173096
n,16.314632415771484, -28.257776260375977, 12.51533317565918
n,-8.454450607299805, 14.643537521362305, 30.584177017211914
n,15.843674659729004, -27.442054748535156, 14.738200187683105
n,-17.2504940032959, 29.87873649597168, 5.566349029541016
n,15.275490760803223, -26.457929611206055, 16.96879768371582
n,-8.179733276367188, 14.167712211608887, 30.88155746459961
n,14.610584259033203, -25.3062801361084, 19.16835594177246
n,-7.777402877807617, 13.470855712890625, 31.294584274291992
n,-17.28628921508789, 29.940732955932617, 5.1028971672058105
n,13.854012489318848, -23.995859146118164, 21.297134399414062
n,13.015826225280762, -22.544076919555664, 23.316425323486328
n,-7.334697723388672, 12.704066276550293, 31.71926498413086
n,12.18091869354248, -21.09797477722168, 25.056007385253906
n,-6.846696853637695, 11.858824729919434, 32.15266418457031
n,-17.32052993774414, 30.00004005432129, 4.61514949798584
n,11.339433670043945, -19.640478134155273, 26.58893394470215
n,-6.307823657989502, 10.925468444824219, 32.59061813354492
n,10.417437553405762, -18.043533325195312, 28.05727195739746
n,-5.712052345275879, 9.893562316894531, 33.02715301513672
n,9.421964645385742, -16.319324493408203, 29.43143081665039
n,8.363204002380371, -14.485498428344727, 30.684358596801758
n,-17.352811813354492, 30.055953979492188, 4.10152530670166
n,-5.0525970458984375, 8.751352310180664, 33.45426940917969
n,7.2551679611206055, -12.566324234008789, 31.792341232299805
n,-4.322644233703613, 7.487037181854248, 33.86091995239258
n,6.114401340484619, -10.590457916259766, 32.73773193359375
n,-3.5153911113739014, 6.088833808898926, 34.232601165771484
n,4.958166122436523, -8.587800025939941, 33.5107307434082
n,3.8045191764831543, -6.589624404907227, 34.10873031616211
n,-2.624140501022339, 4.54514217376709, 34.55080795288086
n,2.6694295406341553, -4.62359094619751, 34.53692626953125
n,-1.6437158584594727, 2.846996784210205, 34.792179107666016
n,1.5672746896743774, -2.714602470397949, 34.8062858581543
n,-0.5709876418113708, 0.9889767169952393, 34.92848205566406
n,0.5096166729927063, -0.882685124874115, 34.93227767944336
n,-17.382652282714844, 30.107641220092773, 3.560356378555298
n,-17.40951919555664, 30.154172897338867, 2.989535093307495
n,-17.432754516601562, 30.194421768188477, 2.3872337341308594
n,-17.451614379882812, 30.227087020874023, 1.7513236999511719
n,-17.465229034423828, 30.250667572021484, 1.0796340703964233
n,-17.472591400146484, 30.263418197631836, 0.36985069513320923
n,9.779351234436035, -16.93833351135254, -28.96135139465332
n,-17.46963119506836, 30.25829315185547, -0.7418858408927917
n,-17.435361862182617, 30.19893455505371, -2.3098294734954834
n,9.657913208007812, -16.727996826171875, -29.1239013671875
n,-17.359189987182617, 30.067001342773438, -3.992109775543213
n,-5.854592323303223, 10.140448570251465, 32.927162170410156
n,9.523494720458984, -16.495176315307617, -29.30042839050293
n,13.150205612182617, -22.77682876586914, 23.012840270996094
n,-17.232206344604492, 29.847061157226562, -5.788515567779541
n,-5.763242721557617, 9.982226371765137, 32.99155807495117
n,-5.667107582092285, 9.815715789794922, 33.05810546875
n,9.373979568481445, -16.236207962036133, -29.49265480041504
n,-17.04472541809082, 29.52233123779297, -7.694938659667969
n,16.79222869873047, -29.084997177124023, -9.663676261901855
n,-5.565805435180664, 9.640254974365234, 33.12687683105469
n,9.206682205200195, -15.946439743041992, -29.702709197998047
n,-16.786678314208984, 29.07538414001465, -9.70217227935791
n,-5.458921909332275, 9.455127716064453, 33.19794464111328
n,-16.448287963867188, 28.489273071289062, -11.794824600219727
n,-5.346026420593262, 9.259586334228516, 33.2713508605957
n,-5.226552486419678, 9.052652359008789, 33.34719467163086
n,9.018348693847656, -15.620237350463867, -29.93292999267578
n,-16.020906448364258, 27.749027252197266, -13.950796127319336
n,-5.09996223449707, 8.833391189575195, 33.42550277709961
n,8.804880142211914, -15.250499725341797, -30.18607521057129
n,16.810224533081055, -29.116167068481445, -9.53770923614502
n,-15.498068809509277, 26.843446731567383, -16.141307830810547
n,-4.96566104888916, 8.600774765014648, 33.50629425048828
n,-4.822878837585449, 8.353468894958496, 33.58961486816406
n,8.561038970947266, -14.828152656555176, -30.46534538269043
n,-14.876681327819824, 25.76717185974121, -18.331396102905273
n,-4.670860767364502, 8.090165138244629, 33.675437927246094
n,-4.508759021759033, 7.809397220611572, 33.76369857788086
n,8.280282974243164, -14.341870307922363, -30.77418327331543
n,-14.1580171585083, 24.522409439086914, -20.481815338134766
n,-17.466724395751953, 30.25325584411621, 0.9781462550163269
n,7.953710079193115, -13.776227951049805, -31.116823196411133
n,16.827987670898438, -29.14693260192871, -9.411592483520508
n,-13.348071098327637, 23.11954116821289, -22.552576065063477
n,-17.447010040283203, 30.2191104888916, 1.9261229038238525
n,-17.42129898071289, 30.174577713012695, 2.701080799102783
n,7.569877624511719, -13.111410140991211, -31.497472763061523
n,-12.49881649017334, 21.648590087890625, -24.42173194885254
n,16.845518112182617, -29.177297592163086, -9.285293579101562
n,-17.393314361572266, 30.126108169555664, 3.345595121383667
n,7.113190174102783, -12.320404052734375, -31.92041778564453
n,-11.60277271270752, 20.096595764160156, -26.130542755126953
n,16.86281394958496, -29.20725440979004, -9.158853530883789
n,-17.36501121520996, 30.077083587646484, 3.8894808292388916
n,6.689658164978027, -11.586825370788574, -32.28462219238281
n,-10.620420455932617, 18.395111083984375, -27.751203536987305
n,-17.337406158447266, 30.02927017211914, 4.354315757751465
n,6.34505558013916, -10.98995590209961, -32.56169128417969
n,16.879873275756836, -29.23680305480957, -9.032273292541504
n,-9.562372207641602, 16.562517166137695, -29.249732971191406
n,-17.311004638671875, 29.983543395996094, 4.755945205688477
n,5.969589710235596, -10.339630126953125, -32.84446716308594
n,16.896699905395508, -29.265945434570312, -8.90555477142334
n,-8.443655014038086, 14.624842643737793, -30.596101760864258
n,-17.286035537719727, 29.940296173095703, 5.106289863586426
n,5.559513568878174, -9.62935733795166, -33.131103515625
n,16.913288116455078, -29.294677734375, -8.778684616088867
n,-7.282626152038574, 12.613883018493652, -31.7672176361084
n,-17.262571334838867, 29.899654388427734, 5.414510250091553
n,5.111032009124756, -8.852564811706543, -33.418739318847656
n,16.92963981628418, -29.322998046875, -8.651693344116211
n,-17.2405948638916, 29.861589431762695, 5.687709331512451
n,4.619513988494873, -8.001230239868164, -33.70375442504883
n,-6.0996880531311035, 10.564973831176758, -32.74871063232422
n,16.945755004882812, -29.35091209411621, -8.52455997467041
n,-17.220048904418945, 29.826004028320312, 5.931471824645996
n,4.079964637756348, -7.0667033195495605, -33.98114776611328
n,-4.914837837219238, 8.5127534866333, -33.536251068115234
n,16.96162986755371, -29.378408432006836, -8.397321701049805
n,-17.200843811035156, 29.792739868164062, 6.150310516357422
n,3.4869654178619385, -6.0395989418029785, -34.24422836303711
n,-3.7472031116485596, 6.490349769592285, -34.134098052978516
n,16.977264404296875, -29.405488967895508, -8.269972801208496
n,-5.613880157470703, 9.723523139953613, 33.09441375732422
n,2.8347067832946777, -4.909853458404541, -34.48420715332031
n,-2.61306095123291, 4.5259575843811035, -34.554168701171875
n,-5.502504348754883, 9.530614852905273, 33.169151306152344
n,-2.045541763305664, 3.5429792404174805, 34.70685577392578
n,2.117183208465576, -3.6670658588409424, -34.68967056274414
n,-1.5252948999404907, 2.6418914794921875, -34.813743591308594
n,12.35567855834961, -21.400667190551758, 24.711360931396484
n,-1.7604366540908813, 3.0491631031036377, 34.76932907104492
n,1.328426480293274, -2.3008995056152344, -34.846004486083984
n,-1.506004810333252, 2.6084742546081543, 34.81710433959961
n,-0.49316778779029846, 0.8541948199272156, -34.933223724365234
n,0.46315982937812805, -0.8022134304046631, -34.93486785888672
n,-1.2776308059692383, 2.212918758392334, 34.853599548339844
n,-1.0716084241867065, 1.8560774326324463, 34.88136291503906
n,-0.8848845362663269, 1.5326621532440186, 34.90230178833008
n,-0.7149248719215393, 1.238283395767212, 34.91788101196289
n,-5.384069442749023, 9.325479507446289, 33.24680709838867
n,-0.559611439704895, 0.9692724943161011, 34.92921829223633
n,-0.4171617031097412, 0.7225422859191895, 34.93718338012695
n,-0.28606605529785156, 0.49547794461250305, 34.94245910644531
n,-0.16503943502902985, 0.28585362434387207, 34.945587158203125
n,-0.05297984182834625, 0.09176072478294373, 34.946983337402344
n,-1.3229301885075984e-06, -7.637940484528372e-07, 34.9471435546875
n,16.8502197265625, -29.185440063476562, -9.2510986328125
n,-5.257924556732178, 9.106989860534668, 33.32746124267578
n,-5.1232781410217285, 8.873775482177734, 33.41123962402344
n,-4.979308605194092, 8.624412536621094, 33.498191833496094
n,-4.825002193450928, 8.357146263122559, 33.58839416503906
n,-4.659314155578613, 8.07016658782959, 33.68183517456055
n,-4.48093843460083, 7.7612104415893555, 33.77851104736328
n,-4.28847599029541, 7.427855491638184, 33.878292083740234
n,-4.0802435874938965, 7.06718635559082, 33.981014251708984
n,-3.8543150424957275, 6.675867080688477, 34.086360931396484
n,16.7957706451416, -29.09113311767578, -9.639026641845703
n,-16.9335880279541, 29.329837799072266, 8.620722770690918
n,16.859312057495117, -29.201187133789062, -9.184610366821289
n,16.921419143676758, -29.308759689331055, -8.71578311920166
n,16.98183822631836, -29.413410186767578, -8.232335090637207
n,17.04034423828125, -29.514745712280273, -7.73363733291626
n,17.096647262573242, -29.612266540527344, -7.219490051269531
n,17.150463104248047, -29.705476760864258, -6.68947696685791
n,17.201452255249023, -29.793790817260742, -6.143523216247559
n,17.249332427978516, -29.87672233581543, -5.580744743347168
n,17.293712615966797, -29.95359230041504, -5.001251220703125
n,1.3229301885075984e-06, 7.637940484528372e-07, -34.9471435546875
n,-0.06692547351121902, 0.11592140048742294, -34.9468879699707
n,-0.20052470266819, 0.3473220765590668, -34.94483947753906
n,17.334228515625, -30.023765563964844, -4.404628276824951
n,-17.19684410095215, 29.785810470581055, 6.194904804229736
n,1.3229301885075984e-06, 7.637940484528372e-07, -34.9471435546875
n,16.801904678344727, -29.101755142211914, -9.596176147460938
n,-0.33388420939445496, 0.5783075094223022, -34.940765380859375
n,-0.4669058620929718, 0.8087077736854553, -34.93466567993164
n,-0.5995922088623047, 1.038527250289917, -34.92656326293945
n,-0.73192298412323, 1.2677308320999146, -34.91646957397461
n,-0.863875150680542, 1.4962787628173828, -34.9044075012207
n,-0.9954548478126526, 1.7241815328598022, -34.89038848876953
n,-1.1265658140182495, 1.9512724876403809, -34.87443542480469
n,-1.2572875022888184, 2.1776890754699707, -34.85655975341797
n,-1.387498378753662, 2.4032208919525146, -34.836795806884766
n,-1.5172802209854126, 2.628009796142578, -34.81514358520508
n,17.370481491088867, -30.086559295654297, -3.7905075550079346
n,-17.16132164001465, 29.724285125732422, 6.577123165130615
n,16.85858917236328, -29.19993782043457, -9.189899444580078
n,-17.134849548339844, 29.67843246459961, 6.8476481437683105
n,-17.114412307739258, 29.643033981323242, 7.049139976501465
n,16.904203414916992, -29.278940200805664, -8.848406791687012
n,-17.098176956176758, 29.614913940429688, 7.205000877380371
n,16.941608428955078, -29.343730926513672, -8.557449340820312
n,-17.084978103637695, 29.592052459716797, 7.329174041748047
n,16.97279167175293, -29.39773941040039, -8.306624412536621
n,-17.07404136657715, 29.573108673095703, 7.430420398712158
n,-17.064836502075195, 29.557165145874023, 7.514519214630127
n,16.999143600463867, -29.443382263183594, -8.088213920593262
n,-17.056978225708008, 29.543556213378906, 7.585542678833008
n,17.021682739257812, -29.482421875, -7.896318435668945
n,-17.050195693969727, 29.531808853149414, 7.64629602432251
n,17.041162490844727, -29.516162872314453, -7.726423263549805
n,-17.04428482055664, 29.521570205688477, 7.6988301277160645
n,17.058155059814453, -29.545595169067383, -7.574941635131836
n,-17.039085388183594, 29.51256561279297, 7.74472713470459
n,17.07309913635254, -29.57147789001465, -7.439062118530273
n,-17.034696578979492, 29.504961013793945, 7.783267974853516
n,17.08633804321289, -29.59440803527832, -7.3164801597595215
n,-17.036401748657227, 29.507915496826172, 7.768317699432373
n,17.0981388092041, -29.614849090576172, -7.205350399017334
n,-17.03840446472168, 29.511383056640625, 7.750733375549316
n,17.105201721191406, -29.6270809173584, -7.137994766235352
n,17.121185302734375, -29.65476417541504, -6.983031749725342
n,-17.040786743164062, 29.51551055908203, 7.72974967956543
n,17.139190673828125, -29.68595314025879, -6.804047584533691
n,-17.043672561645508, 29.5205078125, 7.704266548156738
n,17.159608840942383, -29.721315383911133, -6.594995975494385
n,-17.047229766845703, 29.52667236328125, 7.672691822052002
n,17.182912826538086, -29.761680603027344, -6.347641944885254
n,17.209697723388672, -29.808073043823242, -6.05045223236084
n,-17.051742553710938, 29.534486770629883, 7.632485866546631
n,17.240673065185547, -29.861722946166992, -5.686777591705322
n,-11.443666458129883, 19.82101058959961, 26.409709930419922
n,16.060747146606445, -27.81803321838379, 13.766345977783203
n,-17.057641983032227, 29.544706344604492, 7.579587459564209
n,17.276662826538086, -29.924060821533203, -5.23166561126709
n,-11.181663513183594, 19.367210388183594, 26.854875564575195
n,-10.916607856750488, 18.908119201660156, 27.28761100769043
n,17.318464279174805, -29.996463775634766, -4.6460394859313965
n,-17.065675735473633, 29.558622360229492, 7.506887912750244
n,-10.648900985717773, 18.444438934326172, 27.707515716552734
n,-10.378872871398926, 17.976736068725586, 28.11438751220703
n,17.36636734008789, -30.07943344116211, -3.8651835918426514
n,-10.106938362121582, 17.50572967529297, 28.507930755615234
n,-17.07727813720703, 29.578716278076172, 7.400594234466553
n,17.418432235717773, -30.169612884521484, -2.774048328399658
n,10.33323860168457, -17.897693634033203, -28.181547164916992
n,-9.833383560180664, 17.031919479370117, 28.888078689575195
n,-9.55865478515625, 16.556076049804688, 29.254594802856445
n,17.464134216308594, -30.24877166748047, -1.1482552289962769
n,-17.095474243164062, 29.610233306884766, 7.230592250823975
n,-9.283063888549805, 16.078739166259766, 29.607460021972656
n,17.46900749206543, -30.257211685180664, 0.7985835075378418
n,17.42938995361328, -30.18859100341797, 2.483590602874756
n,-17.12807273864746, 29.66669464111328, 6.91513729095459
n,-9.006918907165527, 15.600440979003906, 29.94669532775879
n,17.3416805267334, -30.03667449951172, 4.285676956176758
n,17.19625473022461, -29.7847900390625, 6.201444625854492
n,-17.17557716369629, 29.74897575378418, 6.426570892333984
n,-8.730627059936523, 15.121888160705566, 30.2722225189209
n,16.983047485351562, -29.415504455566406, 8.222341537475586
n,16.692150115966797, -28.91165542602539, 10.333971977233887
n,-17.2134952545166, 29.814651489257812, 6.007065296173096
n,16.314632415771484, -28.257776260375977, 12.51533317565918
n,-8.454450607299805, 14.643537521362305, 30.584177017211914
n,15.843674659729004, -27.442054748535156, 14.738200187683105
n,-17.2504940032959, 29.87873649597168, 5.566349029541016
n,15.275490760803223, -26.457929611206055, 16.96879768371582
n,-8.179733276367188, 14.167712211608887, 30.88155746459961
n,14.610584259033203, -25.3062801361084, 19.16835594177246
n,-7.777402877807617, 13.470855712890625, 31.294584274291992
n,-17.28628921508789, 29.940732955932617, 5.1028971672058105
n,13.854012489318848, -23.995859146118164, 21.297134399414062
n,13.015826225280762, -22.544076919555664, 23.316425323486328
n,-7.334697723388672, 12.704066276550293, 31.71926498413086
n,12.18091869354248, -21.09797477722168, 25.056007385253906
n,-6.846696853637695, 11.858824729919434, 32.15266418457031
n,-17.32052993774414, 30.00004005432129, 4.61514949798584
n,11.339433670043945, -19.640478134155273, 26.58893394470215
n,-6.307823657989502, 10.925468444824219, 32.59061813354492
n,10.417437553405762, -18.043533325195312, 28.05727195739746
n,-5.712052345275879, 9.893562316894531, 33.02715301513672
n,9.421964645385742, -16.319324493408203, 29.43143081665039
n,8.363204002380371, -14.485498428344727, 30.684358596801758
n,-17.352811813354492, 30.055953979492188, 4.10152530670166
n,-5.0525970458984375, 8.751352310180664, 33.45426940917969
n,7.2551679611206055, -12.566324234008789, 31.792341232299805
n,-4.322644233703613, 7.487037181854248, 33.86091995239258
n,6.114401340484619, -10.590457916259766, 32.73773193359375
n,-3.5153911113739014, 6.088833808898926, 34.232601165771484
n,4.958166122436523, -8.587800025939941, 33.5107307434082
n,3.8045191764831543, -6.589624404907227, 34.10873031616211
n,-2.624140501022339, 4.54514217376709, 34.55080795288086
n,2.6694295406341553, -4.62359094619751, 34.53692626953125
n,-1.6437158584594727, 2.846996784210205, 34.792179107666016
n,1.5672746896743774, -2.714602470397949, 34.8062858581543
n,-0.5709876418113708, 0.9889767169952393, 34.92848205566406
n,0.5096166729927063, -0.882685124874115, 34.93227767944336
n,-17.382652282714844, 30.107641220092773, 3.560356378555298
n,-17.40951919555664, 30.154172897338867, 2.989535093307495
n,-17.432754516601562, 30.194421768188477, 2.3872337341308594
n,-17.451614379882812, 30.227087020874023, 1.7513236999511719
n,-17.465229034423828, 30.250667572021484, 1.0796340703964233
n,-17.472591400146484, 30.263418197631836, 0.36985069513320923
n,9.779351234436035, -16.93833351135254, -28.96135139465332
n,-17.46963119506836, 30.25829315185547, -0.7418858408927917
n,-17.435361862182617, 30.19893455505371, -2.3098294734954834
n,9.657913208007812, -16.727996826171875, -29.1239013671875
n,-17.359189987182617, 30.067001342773438, -3.992109775543213
n,-5.854592323303223, 10.140448570251465, 32.927162170410156
n,9.523494720458984, -16.495176315307617, -29.30042839050293
n,13.150205612182617, -22.77682876586914, 23.012840270996094
n,-17.232206344604492, 29.847061157226562, -5.788515567779541
n,-5.763242721557617, 9.982226371765137, 32.99155807495117
n,-5.667107582092285, 9.815715789794922, 33.05810546875
n,9.373979568481445, -16.236207962036133, -29.49265480041504
n,-17.04472541809082, 29.52233123779297, -7.694938659667969
n,16.79222869873047, -29.084997177124023, -9.663676261901855
n,-5.565805435180664, 9.640254974365234, 33.12687683105469
n,9.206682205200195, -15.946439743041992, -29.702709197998047
n,-16.786678314208984, 29.07538414001465, -9.70217227935791
n,-5.458921909332275, 9.455127716064453, 33.19794464111328
n,-16.448287963867188, 28.489273071289062, -11.794824600219727
n,-5.346026420593262, 9.259586334228516, 33.2713508605957
n,-5.226552486419678, 9.052652359008789, 33.34719467163086
n,9.018348693847656, -15.620237350463867, -29.93292999267578
n,-16.020906448364258, 27.749027252197266, -13.950796127319336
n,-5.09996223449707, 8.833391189575195, 33.42550277709961
n,8.804880142211914, -15.250499725341797, -30.18607521057129
n,16.810224533081055, -29.116167068481445, -9.53770923614502
n,-15.498068809509277, 26.843446731567383, -16.141307830810547
n,-4.96566104888916, 8.600774765014648, 33.50629425048828
n,-4.822878837585449, 8.353468894958496, 33.58961486816406
n,8.561038970947266, -14.828152656555176, -30.46534538269043
n,-14.876681327819824, 25.76717185974121, -18.331396102905273
n,-4.670860767364502, 8.090165138244629, 33.675437927246094
n,-4.508759021759033, 7.809397220611572, 33.76369857788086
n,8.280282974243164, -14.341870307922363, -30.77418327331543
n,-14.1580171585083, 24.522409439086914, -20.481815338134766
n,-17.466724395751953, 30.25325584411621, 0.9781462550163269
n,7.953710079193115, -13.776227951049805, -31.116823196411133
n,16.827987670898438, -29.14693260192871, -9.411592483520508
n,-13.348071098327637, 23.11954116821289, -22.552576065063477
n,-17.447010040283203, 30.2191104888916, 1.9261229038238525
n,-17.42129898071289, 30.174577713012695, 2.701080799102783
n,7.569877624511719, -13.111410140991211, -31.497472763061523
n,-12.49881649017334, 21.648590087890625, -24.42173194885254
n,16.845518112182617, -29.177297592163086, -9.285293579101562
n,-17.393314361572266, 30.126108169555664, 3.345595121383667
n,7.113190174102783, -12.320404052734375, -31.92041778564453
n,-11.60277271270752, 20.096595764160156, -26.130542755126953
n,16.86281394958496, -29.20725440979004, -9.158853530883789
n,-17.36501121520996, 30.077083587646484, 3.8894808292388916
n,6.689658164978027, -11.586825370788574, -32.28462219238281
n,-10.620420455932617, 18.395111083984375, -27.751203536987305
n,-17.337406158447266, 30.02927017211914, 4.354315757751465
n,6.34505558013916, -10.98995590209961, -32.56169128417969
n,16.879873275756836, -29.23680305480957, -9.032273292541504
n,-9.562372207641602, 16.562517166137695, -29.249732971191406
n,-17.311004638671875, 29.983543395996094, 4.755945205688477
n,5.969589710235596, -10.339630126953125, -32.84446716308594
n,16.896699905395508, -29.265945434570312, -8.90555477142334
n,-8.443655014038086, 14.624842643737793, -30.596101760864258
n,-17.286035537719727, 29.940296173095703, 5.106289863586426
n,5.559513568878174, -9.62935733795166, -33.131103515625
n,16.913288116455078, -29.294677734375, -8.778684616088867
n,-7.282626152038574, 12.613883018493652, -31.7672176361084
n,-17.262571334838867, 29.899654388427734, 5.414510250091553
n,5.111032009124756, -8.852564811706543, -33.418739318847656
n,16.92963981628418, -29.322998046875, -8.651693344116211
n,-17.2405948638916, 29.861589431762695, 5.687709331512451
n,4.619513988494873, -8.001230239868164, -33.70375442504883
n,-6.0996880531311035, 10.564973831176758, -32.74871063232422
n,16.945755004882812, -29.35091209411621, -8.52455997467041
n,-17.220048904418945, 29.826004028320312, 5.931471824645996
n,4.079964637756348, -7.0667033195495605, -33.98114776611328
n,-4.914837837219238, 8.5127534866333, -33.536251068115234
n,16.96162986755371, -29.378408432006836, -8.397321701049805
n,-17.200843811035156, 29.792739868164062, 6.150310516357422
n,3.4869654178619385, -6.0395989418029785, -34.24422836303711
n,-3.7472031116485596, 6.490349769592285, -34.134098052978516
n,16.977264404296875, -29.405488967895508, -8.269972801208496
n,-5.613880157470703, 9.723523139953613, 33.09441375732422
n,2.8347067832946777, -4.909853458404541, -34.48420715332031
n,-2.61306095123291, 4.5259575843811035, -34.554168701171875
n,-5.502504348754883, 9.530614852905273, 33.169151306152344
n,-2.045541763305664, 3.5429792404174805, 34.70685577392578
n,2.117183208465576, -3.6670658588409424, -34.68967056274414
n,-1.5252948999404907, 2.6418914794921875, -34.813743591308594
n,12.35567855834961, -21.400667190551758, 24.711360931396484
n,-1.7604366540908813, 3.0491631031036377, 34.76932907104492
n,1.328426480293274, -2.3008995056152344, -34.846004486083984
n,-1.506004810333252, 2.6084742546081543, 34.81710433959961
n,-0.49316778779029846, 0.8541948199272156, -34.933223724365234
n,0.46315982937812805, -0.8022134304046631, -34.93486785888672
n,-1.2776308059692383, 2.212918758392334, 34.853599548339844
n,-1.0716084241867065, 1.8560774326324463, 34.88136291503906
n,-0.8848845362663269, 1.5326621532440186, 34.90230178833008
n,-0.7149248719215393, 1.238283395767212, 34.91788101196289
n,-5.384069442749023, 9.325479507446289, 33.24680709838867
n,-0.559611439704895, 0.9692724943161011, 34.92921829223633
n,-0.4171617031097412, 0.7225422859191895, 34.93718338012695
n,-0.28606605529785156, 0.49547794461250305, 34.94245910644531
n,-0.16503943502902985, 0.28585362434387207, 34.945587158203125
n,-0.05297984182834625, 0.09176072478294373, 34.946983337402344
n,-1.3229301885075984e-06, -7.637940484528372e-07, 34.9471435546875
n,16.8502197265625, -29.185440063476562, -9.2510986328125
n,-5.257924556732178, 9.106989860534668, 33.32746124267578
n,-5.1232781410217285, 8.873775482177734, 33.41123962402344
n,-4.979308605194092, 8.624412536621094, 33.498191833496094
n,-4.825002193450928, 8.357146263122559, 33.58839416503906
n,-4.659314155578613, 8.07016658782959, 33.68183517456055
n,-4.48093843460083, 7.7612104415893555, 33.77851104736328
n,-4.28847599029541, 7.427855491638184, 33.878292083740234
n,-4.0802435874938965, 7.06718635559082, 33.981014251708984
n,-3.8543150424957275, 6.675867080688477, 34.086360931396484
n,16.7957706451416, -29.09113311767578, -9.639026641845703
n,-16.9335880279541, 29.329837799072266, 8.620722770690918
n,16.859312057495117, -29.201187133789062, -9.184610366821289
n,16.921419143676758, -29.308759689331055, -8.71578311920166
n,16.98183822631836, -29.413410186767578, -8.232335090637207
n,17.04034423828125, -29.514745712280273, -7.73363733291626
n,17.096647262573242, -29.612266540527344, -7.219490051269531
n,17.150463104248047, -29.705476760864258, -6.68947696685791
n,17.201452255249023, -29.793790817260742, -6.143523216247559
n,17.249332427978516, -29.87672233581543, -5.580744743347168
n,17.293712615966797, -29.95359230041504, -5.001251220703125
n,1.3229301885075984e-06, 7.637940484528372e-07, -34.9471435546875
n,-0.06692547351121902, 0.11592140048742294, -34.9468879699707
n,-0.20052470266819, 0.3473220765590668, -34.94483947753906
n,17.334228515625, -30.023765563964844, -4.404628276824951
n,-17.19684410095215, 29.785810470581055, 6.194904804229736
n,1.3229301885075984e-06, 7.637940484528372e-07, -34.9471435546875
n,16.801904678344727, -29.101755142211914, -9.596176147460938
n,-0.33388420939445496, 0.5783075094223022, -34.940765380859375
n,-0.4669058620929718, 0.8087077736854553, -34.93466567993164
n,-0.5995922088623047, 1.038527250289917, -34.92656326293945
n,-0.73192298412323, 1.2677308320999146, -34.91646957397461
n,-0.863875150680542, 1.4962787628173828, -34.9044075012207
n,-0.9954548478126526, 1.7241815328598022, -34.89038848876953
n,-1.1265658140182495, 1.9512724876403809, -34.87443542480469
n,-1.2572875022888184, 2.1776890754699707, -34.85655975341797
n,-1.387498378753662, 2.4032208919525146, -34.836795806884766
n,-1.5172802209854126, 2.628009796142578, -34.81514358520508
n,17.370481491088867, -30.086559295654297, -3.7905075550079346
n,-17.16132164001465, 29.724285125732422, 6.577123165130615
n,16.85858917236328, -29.19993782043457, -9.189899444580078
n,-17.134849548339844, 29.67843246459961, 6.8476481437683105
n,-17.114412307739258, 29.643033981323242, 7.049139976501465
n,16.904203414916992, -29.278940200805664, -8.848406791687012
n,-17.098176956176758, 29.614913940429688, 7.205000877380371
n,16.941608428955078, -29.343730926513672, -8.557449340820312
n,-17.084978103637695, 29.592052459716797, 7.329174041748047
n,16.97279167175293, -29.39773941040039, -8.306624412536621
n,-17.07404136657715, 29.573108673095703, 7.430420398712158
n,-17.064836502075195, 29.557165145874023, 7.514519214630127
n,16.999143600463867, -29.443382263183594, -8.088213920593262
n,-17.056978225708008, 29.543556213378906, 7.585542678833008
n,17.021682739257812, -29.482421875, -7.896318435668945
n,-17.050195693969727, 29.531808853149414, 7.64629602432251
n,17.041162490844727, -29.516162872314453, -7.726423263549805
n,-17.04428482055664, 29.521570205688477, 7.6988301277160645
n,17.058155059814453, -29.545595169067383, -7.574941635131836
n,-17.039085388183594, 29.51256561279297, 7.74472713470459
n,17.07309913635254, -29.57147789001465, -7.439062118530273
n,-17.034696578979492, 29.504961013793945, 7.783267974853516
n,17.08633804321289, -29.59440803527832, -7.3164801597595215
n,-17.036401748657227, 29.507915496826172, 7.768317699432373
n,17.0981388092041, -29.614849090576172, -7.205350399017334
n,-17.03840446472168, 29.511383056640625, 7.750733375549316
n,17.105201721191406, -29.6270809173584, -7.137994766235352
n,17.121185302734375, -29.65476417541504, -6.983031749725342
n,-17.040786743164062, 29.51551055908203, 7.72974967956543
n,17.139190673828125, -29.68595314025879, -6.804047584533691
n,-17.043672561645508, 29.5205078125, 7.704266548156738
n,17.159608840942383, -29.721315383911133, -6.594995975494385
n,-17.047229766845703, 29.52667236328125, 7.672691822052002
n,17.182912826538086, -29.761680603027344, -6.347641944885254
n,17.209697723388672, -29.808073043823242, -6.05045223236084
n,-17.051742553710938, 29.534486770629883, 7.632485866546631
n,17.240673065185547, -29.861722946166992, -5.686777591705322
n,-11.443666458129883, 19.82101058959961, 26.409709930419922
n,16.060747146606445, -27.81803321838379, 13.766345977783203
n,-17.057641983032227, 29.544706344604492, 7.579587459564209
n,17.276662826538086, -29.924060821533203, -5.23166561126709
n,-11.181663513183594, 19.367210388183594, 26.854875564575195
n,-10.916607856750488, 18.908119201660156, 27.28761100769043
u,0.5290619134902954, 0.31521785259246826, 0
u,0.5267339944839478, 0.3215422034263611, 0
u,0.5330474972724915, 0.32719069719314575, 0
u,0.5312997102737427, 0.30903273820877075, 0
u,0.5290619134902954, 0.31521785259246826, 0
u,0.5330474972724915, 0.32719069719314575, 0
u,0.5334474444389343, 0.30298686027526855, 0
u,0.5312997102737427, 0.30903273820877075, 0
u,0.5330474972724915, 0.32719069719314575, 0
u,0.5334474444389343, 0.30298686027526855, 0
u,0.5330474972724915, 0.32719069719314575, 0
u,0.5408676862716675, 0.32503366470336914, 0
u,0.5355050563812256, 0.2970801591873169, 0
u,0.5334474444389343, 0.30298686027526855, 0
u,0.5408676862716675, 0.32503366470336914, 0
u,0.5374726057052612, 0.29131269454956055, 0
u,0.5355050563812256, 0.2970801591873169, 0
u,0.5408676862716675, 0.32503366470336914, 0
u,0.5393500328063965, 0.2856844663619995, 0
u,0.5374726057052612, 0.29131269454956055, 0
u,0.5408676862716675, 0.32503366470336914, 0
u,0.5411373972892761, 0.280195415019989, 0
u,0.5393500328063965, 0.2856844663619995, 0
u,0.5408676862716675, 0.32503366470336914, 0
u,0.5428346395492554, 0.27484560012817383, 0
u,0.5411373972892761, 0.280195415019989, 0
u,0.5408676862716675, 0.32503366470336914, 0
u,0.5428346395492554, 0.27484560012817383, 0
u,0.5408676862716675, 0.32503366470336914, 0
u,0.5486949682235718, 0.3229061961174011, 0
u,0.544441819190979, 0.26963502168655396, 0
u,0.5428346395492554, 0.27484560012817383, 0
u,0.5486949682235718, 0.3229061961174011, 0
u,0.545958936214447, 0.2645636200904846, 0
u,0.544441819190979, 0.26963502168655396, 0
u,0.5486949682235718, 0.3229061961174011, 0
u,0.5473859310150146, 0.2596314549446106, 0
u,0.545958936214447, 0.2645636200904846, 0
u,0.5486949682235718, 0.3229061961174011, 0
u,0.5487228631973267, 0.2548385262489319, 0
u,0.5473859310150146, 0.2596314549446106, 0
u,0.5486949682235718, 0.3229061961174011, 0
u,0.5526106953620911, 0.2547725439071655, 0
u,0.5487228631973267, 0.2548385262489319, 0
u,0.5486949682235718, 0.3229061961174011, 0
u,0.5526106953620911, 0.2547725439071655, 0
u,0.5486949682235718, 0.3229061961174011, 0
u,0.5565292239189148, 0.3208082914352417, 0
u,0.5569242238998413, 0.25458216667175293, 0
u,0.5526106953620911, 0.2547725439071655, 0
u,0.5565292239189148, 0.3208082914352417, 0
u,0.5616634488105774, 0.2542673349380493, 0
u,0.5569242238998413, 0.25458216667175293, 0
u,0.5565292239189148, 0.3208082914352417, 0
u,0.5616634488105774, 0.2542673349380493, 0
u,0.5565292239189148, 0.3208082914352417, 0
u,0.5643705725669861, 0.3187400698661804, 0
u,0.5668283700942993, 0.2538280487060547, 0
u,0.5616634488105774, 0.2542673349380493, 0
u,0.5643705725669861, 0.3187400698661804, 0
u,0.5668283700942993, 0.2538280487060547, 0
u,0.5643705725669861, 0.3187400698661804, 0
u,0.5722189545631409, 0.31670135259628296, 0
u,0.5724189877510071, 0.2532643675804138, 0
u,0.5668283700942993, 0.2538280487060547, 0
u,0.5722189545631409, 0.31670135259628296, 0
u,0.5784353017807007, 0.25257617235183716, 0
u,0.5724189877510071, 0.2532643675804138, 0
u,0.5722189545631409, 0.31670135259628296, 0
u,0.5784353017807007, 0.25257617235183716, 0
u,0.5722189545631409, 0.31670135259628296, 0
u,0.5800744295120239, 0.31469231843948364, 0
u,0.5848773121833801, 0.25176358222961426, 0
u,0.5784353017807007, 0.25257617235183716, 0
u,0.5800744295120239, 0.31469231843948364, 0
u,0.5848773121833801, 0.25176358222961426, 0
u,0.5800744295120239, 0.31469231843948364, 0
u,0.5879369378089905, 0.31271278858184814, 0
u,0.5917449593544006, 0.25082653760910034, 0
u,0.5848773121833801, 0.25176358222961426, 0
u,0.5879369378089905, 0.31271278858184814, 0
u,0.5917449593544006, 0.25082653760910034, 0
u,0.5879369378089905, 0.31271278858184814, 0
u,0.5958064794540405, 0.3107629418373108, 0
u,0.5990383625030518, 0.2497650384902954, 0
u,0.5917449593544006, 0.25082653760910034, 0
u,0.5958064794540405, 0.3107629418373108, 0
u,0.5990383625030518, 0.2497650384902954, 0
u,0.5958064794540405, 0.3107629418373108, 0
u,0.6036831140518188, 0.30884259939193726, 0
u,0.6067574620246887, 0.24857908487319946, 0
u,0.5990383625030518, 0.2497650384902954, 0
u,0.6036831140518188, 0.30884259939193726, 0
u,0.6067574620246887, 0.24857908487319946, 0
u,0.6036831140518188, 0.30884259939193726, 0
u,0.6115667223930359, 0.30695194005966187, 0
u,0.6149021983146667, 0.24726873636245728, 0
u,0.6067574620246887, 0.24857908487319946, 0
u,0.6115667223930359, 0.30695194005966187, 0
u,0.6149021983146667, 0.24726873636245728, 0
u,0.6115667223930359, 0.30695194005966187, 0
u,0.619457483291626, 0.30509084463119507, 0
u,0.6234726905822754, 0.24583393335342407, 0
u,0.6149021983146667, 0.24726873636245728, 0
u,0.619457483291626, 0.30509084463119507, 0
u,0.6234726905822754, 0.24583393335342407, 0
u,0.619457483291626, 0.30509084463119507, 0
u,0.6273552179336548, 0.30325931310653687, 0
u,0.6256153583526611, 0.2397400140762329, 0
u,0.6234726905822754, 0.24583393335342407, 0
u,0.6273552179336548, 0.30325931310653687, 0
u,0.6276566982269287, 0.23380732536315918, 0
u,0.6256153583526611, 0.2397400140762329, 0
u,0.6273552179336548, 0.30325931310653687, 0
u,0.6247865557670593, 0.3742046356201172, 0
u,0.624415397644043, 0.3770803213119507, 0
u,0.6265169382095337, 0.37922877073287964, 0
u,0.6251302361488342, 0.3711478114128113, 0
u,0.6247865557670593, 0.3742046356201172, 0
u,0.6265169382095337, 0.37922877073287964, 0
u,0.6254463791847229, 0.36790984869003296, 0
u,0.6251302361488342, 0.3711478114128113, 0
u,0.6265169382095337, 0.37922877073287964, 0
u,0.6257349848747253, 0.364490807056427, 0
u,0.6254463791847229, 0.36790984869003296, 0
u,0.6265169382095337, 0.37922877073287964, 0
u,0.6259961128234863, 0.3608906865119934, 0
u,0.6257349848747253, 0.364490807056427, 0
u,0.6265169382095337, 0.37922877073287964, 0
u,0.6262297034263611, 0.3571094274520874, 0
u,0.6259961128234863, 0.3608906865119934, 0
u,0.6265169382095337, 0.37922877073287964, 0
u,0.6264357566833496, 0.35314708948135376, 0
u,0.6262297034263611, 0.3571094274520874, 0
u,0.6265169382095337, 0.37922877073287964, 0
u,0.6295965909957886, 0.22803586721420288, 0
u,0.6276566982269287, 0.23380732536315918, 0
u,0.6273552179336548, 0.30325931310653687, 0
u,0.6266143321990967, 0.3490036725997925, 0
u,0.6264357566833496, 0.35314708948135376, 0
u,0.6265169382095337, 0.37922877073287964, 0
u,0.6267653107643127, 0.34467917680740356, 0
u,0.6266143321990967, 0.3490036725997925, 0
u,0.6265169382095337, 0.37922877073287964, 0
u,0.6268888711929321, 0.34017354249954224, 0
u,0.6267653107643127, 0.34467917680740356, 0
u,0.6265169382095337, 0.37922877073287964, 0
u,0.6269848346710205, 0.3354867696762085, 0
u,0.6268888711929321, 0.34017354249954224, 0
u,0.6265169382095337, 0.37922877073287964, 0
u,0.6270533204078674, 0.3306189775466919, 0
u,0.6269848346710205, 0.3354867696762085, 0
u,0.6265169382095337, 0.37922877073287964, 0
u,0.6295965909957886, 0.22803586721420288, 0
u,0.6273552179336548, 0.30325931310653687, 0
u,0.6270533204078674, 0.3306189775466919, 0
u,0.6295965909957886, 0.22803586721420288, 0
u,0.6270533204078674, 0.3306189775466919, 0
u,0.6265169382095337, 0.37922877073287964, 0
u,0.6295965909957886, 0.22803586721420288, 0
u,0.6265169382095337, 0.37922877073287964, 0
u,0.6401050090789795, 0.3756595253944397, 0
u,0.6314350962638855, 0.222425639629364, 0
u,0.6295965909957886, 0.22803586721420288, 0
u,0.6401050090789795, 0.3756595253944397, 0
u,0.6331722140312195, 0.21697664260864258, 0
u,0.6314350962638855, 0.222425639629364, 0
u,0.6401050090789795, 0.3756595253944397, 0
u,0.6348078846931458, 0.21168887615203857, 0
u,0.6331722140312195, 0.21697664260864258, 0
u,0.6401050090789795, 0.3756595253944397, 0
u,0.6363422274589539, 0.20656228065490723, 0
u,0.6348078846931458, 0.21168887615203857, 0
u,0.6401050090789795, 0.3756595253944397, 0
u,0.6377751231193542, 0.20159697532653809, 0
u,0.6363422274589539, 0.20656228065490723, 0
u,0.6401050090789795, 0.3756595253944397, 0
u,0.6391065716743469, 0.19679290056228638, 0
u,0.6377751231193542, 0.20159697532653809, 0
u,0.6401050090789795, 0.3756595253944397, 0
u,0.6403366923332214, 0.1921500563621521, 0
u,0.6391065716743469, 0.19679290056228638, 0
u,0.6401050090789795, 0.3756595253944397, 0
u,0.6414653658866882, 0.18766844272613525, 0
u,0.6403366923332214, 0.1921500563621521, 0
u,0.6401050090789795, 0.3756595253944397, 0
u,0.6424927115440369, 0.18334800004959106, 0
u,0.6414653658866882, 0.18766844272613525, 0
u,0.6401050090789795, 0.3756595253944397, 0
u,0.6424927115440369, 0.18334800004959106, 0
u,0.6401050090789795, 0.3756595253944397, 0
u,0.6416075825691223, 0.37524622678756714, 0
u,0.657143235206604, 0.1797904372215271, 0
u,0.6424927115440369, 0.18334800004959106, 0
u,0.6416075825691223, 0.37524622678756714, 0
u,0.657143235206604, 0.1797904372215271, 0
u,0.6416075825691223, 0.37524622678756714, 0
u,0.6430951356887817, 0.3748586177825928, 0
u,0.657143235206604, 0.1797904372215271, 0
u,0.6430951356887817, 0.3748586177825928, 0
u,0.644567608833313, 0.3744966387748718, 0
u,0.657143235206604, 0.1797904372215271, 0
u,0.644567608833313, 0.3744966387748718, 0
u,0.6460250616073608, 0.3741603493690491, 0
u,0.657143235206604, 0.1797904372215271, 0
u,0.6460250616073608, 0.3741603493690491, 0
u,0.6474674940109253, 0.3738497495651245, 0
u,0.657143235206604, 0.1797904372215271, 0
u,0.6474674940109253, 0.3738497495651245, 0
u,0.6488949060440063, 0.37356477975845337, 0
u,0.657143235206604, 0.1797904372215271, 0
u,0.6488949060440063, 0.37356477975845337, 0
u,0.6503072381019592, 0.3733054995536804, 0
u,0.657143235206604, 0.1797904372215271, 0
u,0.6503072381019592, 0.3733054995536804, 0
u,0.6517044901847839, 0.3730718493461609, 0
u,0.657143235206604, 0.1797904372215271, 0
u,0.6517044901847839, 0.3730718493461609, 0
u,0.65308678150177, 0.37286388874053955, 0
u,0.657143235206604, 0.1797904372215271, 0
u,0.65308678150177, 0.37286388874053955, 0
u,0.6544539928436279, 0.37268155813217163, 0
u,0.657143235206604, 0.1797904372215271, 0
u,0.6544539928436279, 0.37268155813217163, 0
u,0.6564925909042358, 0.23875975608825684, 0
u,0.6564925909042358, 0.23875975608825684, 0
u,0.6544539928436279, 0.37268155813217163, 0
u,0.6555311679840088, 0.3258856534957886, 0
u,0.6555311679840088, 0.3258856534957886, 0
u,0.6544539928436279, 0.37268155813217163, 0
u,0.6555033922195435, 0.3297392725944519, 0
u,0.6555033922195435, 0.3297392725944519, 0
u,0.6544539928436279, 0.37268155813217163, 0
u,0.6555051207542419, 0.3335968852043152, 0
u,0.6555051207542419, 0.3335968852043152, 0
u,0.6544539928436279, 0.37268155813217163, 0
u,0.6558061242103577, 0.3725249171257019, 0
u,0.5845744609832764, 0.38184571266174316, 0
u,0.5833166241645813, 0.3792288303375244, 0
u,0.5267338752746582, 0.39487940073013306, 0
u,0.2728162109851837, 0.5962214171886444, 0
u,0.2728162109851837, 0.5962214171886444, 0
u,0.2728162109851837, 0.5962214171886444, 0
u,0.5845744609832764, 0.38184571266174316, 0
u,0.5267338752746582, 0.39487940073013306, 0
u,0.5296635031700134, 0.3996790647506714, 0
u,0.6555362939834595, 0.3374584913253784, 0
u,0.6555051207542419, 0.3335968852043152, 0
u,0.6558061242103577, 0.3725249171257019, 0
u,0.6555969715118408, 0.3413241505622864, 0
u,0.6555362939834595, 0.3374584913253784, 0
u,0.6558061242103577, 0.3725249171257019, 0
u,0.6556870937347412, 0.34519386291503906, 0
u,0.6555969715118408, 0.3413241505622864, 0
u,0.6558061242103577, 0.3725249171257019, 0
u,0.6558067202568054, 0.3490675091743469, 0
u,0.6556870937347412, 0.34519386291503906, 0
u,0.6558061242103577, 0.3725249171257019, 0
u,0.6559557914733887, 0.3529452085494995, 0
u,0.6558067202568054, 0.3490675091743469, 0
u,0.6558061242103577, 0.3725249171257019, 0
u,0.656134307384491, 0.3568269610404968, 0
u,0.6559557914733887, 0.3529452085494995, 0
u,0.6558061242103577, 0.3725249171257019, 0
u,0.656134307384491, 0.3568269610404968, 0
u,0.6558061242103577, 0.3725249171257019, 0
u,0.6563423275947571, 0.3607126474380493, 0
u,0.6563423275947571, 0.3607126474380493, 0
u,0.6558061242103577, 0.3725249171257019, 0
u,0.656579852104187, 0.36460238695144653, 0
u,0.656579852104187, 0.36460238695144653, 0
u,0.6558061242103577, 0.3725249171257019, 0
u,0.656846821308136, 0.3684961795806885, 0
u,0.656846821308136, 0.3684961795806885, 0
u,0.6558061242103577, 0.3725249171257019, 0
u,0.657143235206604, 0.3723939061164856, 0
u,0.586125373840332, 0.3849825859069824, 0
u,0.5845744609832764, 0.38184571266174316, 0
u,0.5296635031700134, 0.3996790647506714, 0
u,0.586125373840332, 0.3849825859069824, 0
u,0.5296635031700134, 0.3996790647506714, 0
u,0.5328123569488525, 0.40498077869415283, 0
u,0.5879694223403931, 0.38863933086395264, 0
u,0.586125373840332, 0.3849825859069824, 0
u,0.5328123569488525, 0.40498077869415283, 0
u,0.5901065468788147, 0.3928160071372986, 0
u,0.5879694223403931, 0.38863933086395264, 0
u,0.5328123569488525, 0.40498077869415283, 0
u,0.5901065468788147, 0.3928160071372986, 0
u,0.5328123569488525, 0.40498077869415283, 0
u,0.5361804366111755, 0.41078460216522217, 0
u,0.5925368070602417, 0.39751261472702026, 0
u,0.5901065468788147, 0.3928160071372986, 0
u,0.5361804366111755, 0.41078460216522217, 0
u,0.5925368070602417, 0.39751261472702026, 0
u,0.5361804366111755, 0.41078460216522217, 0
u,0.539767861366272, 0.4170904755592346, 0
u,0.5952601432800293, 0.4027291536331177, 0
u,0.5925368070602417, 0.39751261472702026, 0
u,0.539767861366272, 0.4170904755592346, 0
u,0.5952601432800293, 0.4027291536331177, 0
u,0.539767861366272, 0.4170904755592346, 0
u,0.5435744524002075, 0.42389845848083496, 0
u,0.5982766151428223, 0.4084656238555908, 0
u,0.5952601432800293, 0.4027291536331177, 0
u,0.5435744524002075, 0.42389845848083496, 0
u,0.6015861630439758, 0.4147220253944397, 0
u,0.5982766151428223, 0.4084656238555908, 0
u,0.5435744524002075, 0.42389845848083496, 0
u,0.6015861630439758, 0.4147220253944397, 0
u,0.5435744524002075, 0.42389845848083496, 0
u,0.5476003885269165, 0.4312084913253784, 0
u,0.6051888465881348, 0.4214983582496643, 0
u,0.6015861630439758, 0.4147220253944397, 0
u,0.5476003885269165, 0.4312084913253784, 0
u,0.6051888465881348, 0.4214983582496643, 0
u,0.5476003885269165, 0.4312084913253784, 0
u,0.5518455505371094, 0.439020574092865, 0
u,0.6090846061706543, 0.42879462242126465, 0
u,0.6051888465881348, 0.4214983582496643, 0
u,0.5518455505371094, 0.439020574092865, 0
u,0.6090846061706543, 0.42879462242126465, 0
u,0.5518455505371094, 0.439020574092865, 0
u,0.5563099384307861, 0.44733476638793945, 0
u,0.6132735013961792, 0.4366108179092407, 0
u,0.6090846061706543, 0.42879462242126465, 0
u,0.5563099384307861, 0.44733476638793945, 0
u,0.6132735013961792, 0.4366108179092407, 0
u,0.5563099384307861, 0.44733476638793945, 0
u,0.5609936118125916, 0.45615100860595703, 0
u,0.6177554726600647, 0.44494694471359253, 0
u,0.6132735013961792, 0.4366108179092407, 0
u,0.5609936118125916, 0.45615100860595703, 0
u,0.6177554726600647, 0.44494694471359253, 0
u,0.5609936118125916, 0.45615100860595703, 0
u,0.5658965706825256, 0.4654693007469177, 0
u,0.6245692372322083, 0.45758581161499023, 0
u,0.6177554726600647, 0.44494694471359253, 0
u,0.5658965706825256, 0.4654693007469177, 0
u,0.6245692372322083, 0.45758581161499023, 0
u,0.5658965706825256, 0.4654693007469177, 0
u,0.5710187554359436, 0.4752897024154663, 0
u,0.6308672428131104, 0.4692801833152771, 0
u,0.6245692372322083, 0.45758581161499023, 0
u,0.5710187554359436, 0.4752897024154663, 0
u,0.6308672428131104, 0.4692801833152771, 0
u,0.5710187554359436, 0.4752897024154663, 0
u,0.5763602256774902, 0.4856122136116028, 0
u,0.6366494297981262, 0.4800300598144531, 0
u,0.6308672428131104, 0.4692801833152771, 0
u,0.5763602256774902, 0.4856122136116028, 0
u,0.6366494297981262, 0.4800300598144531, 0
u,0.5763602256774902, 0.4856122136116028, 0
u,0.5804497003555298, 0.4935535192489624, 0
u,0.6366494297981262, 0.4800300598144531, 0
u,0.5804497003555298, 0.4935535192489624, 0
u,0.5842328667640686, 0.5009823441505432, 0
u,0.6419158577919006, 0.4898355007171631, 0
u,0.6366494297981262, 0.4800300598144531, 0
u,0.5842328667640686, 0.5009823441505432, 0
u,0.6419158577919006, 0.4898355007171631, 0
u,0.5842328667640686, 0.5009823441505432, 0
u,0.5877096652984619, 0.5078987777233124, 0
u,0.646666407585144, 0.49869638681411743, 0
u,0.6419158577919006, 0.4898355007171631, 0
u,0.5877096652984619, 0.5078987777233124, 0
u,0.646666407585144, 0.49869638681411743, 0
u,0.5877096652984619, 0.5078987777233124, 0
u,0.5908800959587097, 0.5143027305603027, 0
u,0.650901198387146, 0.5066128075122833, 0
u,0.646666407585144, 0.49869638681411743, 0
u,0.5908800959587097, 0.5143027305603027, 0
u,0.650901198387146, 0.5066128075122833, 0
u,0.5908800959587097, 0.5143027305603027, 0
u,0.5937442183494568, 0.5201942622661591, 0
u,0.650901198387146, 0.5066128075122833, 0
u,0.5937442183494568, 0.5201942622661591, 0
u,0.5963020324707031, 0.5255733728408813, 0
u,0.6546201705932617, 0.5135847628116608, 0
u,0.650901198387146, 0.5066128075122833, 0
u,0.5963020324707031, 0.5255733728408813, 0
u,0.6546201705932617, 0.5135847628116608, 0
u,0.5963020324707031, 0.5255733728408813, 0
u,0.5985534191131592, 0.5304400324821472, 0
u,0.5325982570648193, 0.5489987730979919, 0
u,0.5289129018783569, 0.5472447276115417, 0
u,0.526733934879303, 0.5632820427417755, 0
u,0.6578233242034912, 0.519612193107605, 0
u,0.6546201705932617, 0.5135847628116608, 0
u,0.5985534191131592, 0.5304400324821472, 0
u,0.6578233242034912, 0.519612193107605, 0
u,0.5985534191131592, 0.5304400324821472, 0
u,0.6004984974861145, 0.5347942411899567, 0
u,0.5363258123397827, 0.5506837368011475, 0
u,0.5325982570648193, 0.5489987730979919, 0
u,0.526733934879303, 0.5632820427417755, 0
u,0.5400955080986023, 0.5522996187210083, 0
u,0.5363258123397827, 0.5506837368011475, 0
u,0.526733934879303, 0.5632820427417755, 0
u,0.6578233242034912, 0.519612193107605, 0
u,0.6004984974861145, 0.5347942411899567, 0
u,0.6021372675895691, 0.5386360287666321, 0
u,0.6605106592178345, 0.5246951282024384, 0
u,0.6578233242034912, 0.519612193107605, 0
u,0.6021372675895691, 0.5386360287666321, 0
u,0.5439072847366333, 0.5538464486598969, 0
u,0.5400955080986023, 0.5522996187210083, 0
u,0.526733934879303, 0.5632820427417755, 0
u,0.5477612614631653, 0.5553241670131683, 0
u,0.5439072847366333, 0.5538464486598969, 0
u,0.526733934879303, 0.5632820427417755, 0
u,0.6605106592178345, 0.5246951282024384, 0
u,0.6021372675895691, 0.5386360287666321, 0
u,0.6034696698188782, 0.5419653654098511, 0
u,0.5516573786735535, 0.5567328333854675, 0
u,0.5477612614631653, 0.5553241670131683, 0
u,0.526733934879303, 0.5632820427417755, 0
u,0.6626822352409363, 0.5288335978984833, 0
u,0.6605106592178345, 0.5246951282024384, 0
u,0.6034696698188782, 0.5419653654098511, 0
u,0.6626822352409363, 0.5288335978984833, 0
u,0.6034696698188782, 0.5419653654098511, 0
u,0.6044957041740417, 0.544782280921936, 0
u,0.5516573786735535, 0.5567328333854675, 0
u,0.526733934879303, 0.5632820427417755, 0
u,0.5729283094406128, 0.5808228552341461, 0
u,0.5555956363677979, 0.558072417974472, 0
u,0.5516573786735535, 0.5567328333854675, 0
u,0.5729283094406128, 0.5808228552341461, 0
u,0.5595760345458984, 0.5593429207801819, 0
u,0.5555956363677979, 0.558072417974472, 0
u,0.5729283094406128, 0.5808228552341461, 0
u,0.6626822352409363, 0.5288335978984833, 0
u,0.6044957041740417, 0.544782280921936, 0
u,0.6052154302597046, 0.5470867455005646, 0
u,0.6643379330635071, 0.5320275723934174, 0
u,0.6626822352409363, 0.5288335978984833, 0
u,0.6052154302597046, 0.5470867455005646, 0
u,0.5635985732078552, 0.560544341802597, 0
u,0.5595760345458984, 0.5593429207801819, 0
u,0.5729283094406128, 0.5808228552341461, 0
u,0.6643379330635071, 0.5320275723934174, 0
u,0.6052154302597046, 0.5470867455005646, 0
u,0.6054917573928833, 0.5481826663017273, 0
u,0.6643379330635071, 0.5320275723934174, 0
u,0.6054917573928833, 0.5481826663017273, 0
u,0.6057069897651672, 0.5492514371871948, 0
u,0.6654778718948364, 0.5342770516872406, 0
u,0.6643379330635071, 0.5320275723934174, 0
u,0.6057069897651672, 0.5492514371871948, 0
u,0.5676631927490234, 0.5616767108440399, 0
u,0.5635985732078552, 0.560544341802597, 0
u,0.5729283094406128, 0.5808228552341461, 0
u,0.6654778718948364, 0.5342770516872406, 0
u,0.6057069897651672, 0.5492514371871948, 0
u,0.6058611273765564, 0.5502930879592896, 0
u,0.6654778718948364, 0.5342770516872406, 0
u,0.6058611273765564, 0.5502930879592896, 0
u,0.6059541702270508, 0.5513076186180115, 0
u,0.6663393974304199, 0.5360389053821564, 0
u,0.6654778718948364, 0.5342770516872406, 0
u,0.6059541702270508, 0.5513076186180115, 0
u,0.5717700123786926, 0.5627399682998657, 0
u,0.5676631927490234, 0.5616767108440399, 0
u,0.5729283094406128, 0.5808228552341461, 0
u,0.6663393974304199, 0.5360389053821564, 0
u,0.6059541702270508, 0.5513076186180115, 0
u,0.6059860587120056, 0.5522950291633606, 0
u,0.6663393974304199, 0.5360389053821564, 0
u,0.6059860587120056, 0.5522950291633606, 0
u,0.6059569716453552, 0.5532553195953369, 0
u,0.6671598553657532, 0.537770003080368, 0
u,0.6663393974304199, 0.5360389053821564, 0
u,0.6059569716453552, 0.5532553195953369, 0
u,0.6671598553657532, 0.537770003080368, 0
u,0.6059569716453552, 0.5532553195953369, 0
u,0.6058666706085205, 0.554188460111618, 0
u,0.575918972492218, 0.5637341737747192, 0
u,0.5717700123786926, 0.5627399682998657, 0
u,0.5729283094406128, 0.5808228552341461, 0
u,0.6671598553657532, 0.537770003080368, 0
u,0.6058666706085205, 0.554188460111618, 0
u,0.6057153940200806, 0.5550945103168488, 0
u,0.667939305305481, 0.5394703447818756, 0
u,0.6671598553657532, 0.537770003080368, 0
u,0.6057153940200806, 0.5550945103168488, 0
u,0.667939305305481, 0.5394703447818756, 0
u,0.6057153940200806, 0.5550945103168488, 0
u,0.6055029034614563, 0.5559734106063843, 0
u,0.5780431032180786, 0.5642031729221344, 0
u,0.575918972492218, 0.5637341737747192, 0
u,0.5729283094406128, 0.5808228552341461, 0
u,0.667939305305481, 0.5394703447818756, 0
u,0.6055029034614563, 0.5559734106063843, 0
u,0.6052294373512268, 0.5568252205848694, 0
u,0.5800938606262207, 0.5646006166934967, 0
u,0.5780431032180786, 0.5642031729221344, 0
u,0.5729283094406128, 0.5808228552341461, 0
u,0.6686776876449585, 0.5411399304866791, 0
u,0.667939305305481, 0.5394703447818756, 0
u,0.6052294373512268, 0.5568252205848694, 0
u,0.6686776876449585, 0.5411399304866791, 0
u,0.6052294373512268, 0.5568252205848694, 0
u,0.6048948168754578, 0.5576498806476593, 0
u,0.6686776876449585, 0.5411399304866791, 0
u,0.6048948168754578, 0.5576498806476593, 0
u,0.6044990420341492, 0.5584474205970764, 0
u,0.5820711851119995, 0.5649264752864838, 0
u,0.5800938606262207, 0.5646006166934967, 0
u,0.5729283094406128, 0.5808228552341461, 0
u,0.6686776876449585, 0.5411399304866791, 0
u,0.6044990420341492, 0.5584474205970764, 0
u,0.604053258895874, 0.5592090487480164, 0
u,0.5839751958847046, 0.565180778503418, 0
u,0.5820711851119995, 0.5649264752864838, 0
u,0.5729283094406128, 0.5808228552341461, 0
u,0.6693750023841858, 0.5427787899971008, 0
u,0.6686776876449585, 0.5411399304866791, 0
u,0.604053258895874, 0.5592090487480164, 0
u,0.6693750023841858, 0.5427787899971008, 0
u,0.604053258895874, 0.5592090487480164, 0
u,0.6035682559013367, 0.5599260330200195, 0
u,0.5858057141304016, 0.5653634965419769, 0
u,0.5839751958847046, 0.565180778503418, 0
u,0.5729283094406128, 0.5808228552341461, 0
u,0.6693750023841858, 0.5427787899971008, 0
u,0.6035682559013367, 0.5599260330200195, 0
u,0.6030440926551819, 0.5605983138084412, 0
u,0.5875629186630249, 0.5654746294021606, 0
u,0.5858057141304016, 0.5653634965419769, 0
u,0.5729283094406128, 0.5808228552341461, 0
u,0.6693750023841858, 0.5427787899971008, 0
u,0.6030440926551819, 0.5605983138084412, 0
u,0.6024807691574097, 0.5612259209156036, 0
u,0.6693750023841858, 0.5427787899971008, 0
u,0.6024807691574097, 0.5612259209156036, 0
u,0.6018783450126648, 0.561808854341507, 0
u,0.6700313091278076, 0.5443868637084961, 0
u,0.6693750023841858, 0.5427787899971008, 0
u,0.6018783450126648, 0.561808854341507, 0
u,0.5892466902732849, 0.5655142068862915, 0
u,0.5875629186630249, 0.5654746294021606, 0
u,0.5729283094406128, 0.5808228552341461, 0
u,0.6700313091278076, 0.5443868637084961, 0
u,0.6018783450126648, 0.561808854341507, 0
u,0.6012367010116577, 0.5623471140861511, 0
u,0.5908571481704712, 0.5654821991920471, 0
u,0.5892466902732849, 0.5655142068862915, 0
u,0.5729283094406128, 0.5808228552341461, 0
u,0.6700313091278076, 0.5443868637084961, 0
u,0.6012367010116577, 0.5623471140861511, 0
u,0.600555956363678, 0.5628407001495361, 0
u,0.5923941135406494, 0.5653786361217499, 0
u,0.5908571481704712, 0.5654821991920471, 0
u,0.5729283094406128, 0.5808228552341461, 0
u,0.6700313091278076, 0.5443868637084961, 0
u,0.600555956363678, 0.5628407001495361, 0
u,0.5998360514640808, 0.563289612531662, 0
u,0.6700313091278076, 0.5443868637084961, 0
u,0.5998360514640808, 0.563289612531662, 0
u,0.5990769863128662, 0.5636938214302063, 0
u,0.5938577651977539, 0.5652034878730774, 0
u,0.5923941135406494, 0.5653786361217499, 0
u,0.5729283094406128, 0.5808228552341461, 0
u,0.6700313091278076, 0.5443868637084961, 0
u,0.5990769863128662, 0.5636938214302063, 0
u,0.5982787609100342, 0.5640533864498138, 0
u,0.5952479839324951, 0.5649567544460297, 0
u,0.5938577651977539, 0.5652034878730774, 0
u,0.5729283094406128, 0.5808228552341461, 0
u,0.6700313091278076, 0.5443868637084961, 0
u,0.5982787609100342, 0.5640533864498138, 0
u,0.5974413752555847, 0.5643682479858398, 0
u,0.5965648293495178, 0.5646384656429291, 0
u,0.5952479839324951, 0.5649567544460297, 0
u,0.5729283094406128, 0.5808228552341461, 0
u,0.6700313091278076, 0.5443868637084961, 0
u,0.5974413752555847, 0.5643682479858398, 0
u,0.5965648293495178, 0.5646384656429291, 0
u,0.6700313091278076, 0.5443868637084961, 0
u,0.5965648293495178, 0.5646384656429291, 0
u,0.5729283094406128, 0.5808228552341461, 0
u,0.6706465482711792, 0.5459641814231873, 0
u,0.6700313091278076, 0.5443868637084961, 0
u,0.5729283094406128, 0.5808228552341461, 0
u,0.6712207198143005, 0.5475107431411743, 0
u,0.6706465482711792, 0.5459641814231873, 0
u,0.5729283094406128, 0.5808228552341461, 0
u,0.6717538833618164, 0.5490265488624573, 0
u,0.6712207198143005, 0.5475107431411743, 0
u,0.5729283094406128, 0.5808228552341461, 0
u,0.672245979309082, 0.5505115985870361, 0
u,0.6717538833618164, 0.5490265488624573, 0
u,0.5729283094406128, 0.5808228552341461, 0
u,0.6726970672607422, 0.5519659221172333, 0
u,0.672245979309082, 0.5505115985870361, 0
u,0.5729283094406128, 0.5808228552341461, 0
u,0.6731070280075073, 0.5533894598484039, 0
u,0.6726970672607422, 0.5519659221172333, 0
u,0.5729283094406128, 0.5808228552341461, 0
u,0.6731070280075073, 0.5533894598484039, 0
u,0.5729283094406128, 0.5808228552341461, 0
u,0.5786868333816528, 0.5827575922012329, 0
u,0.6737699508666992, 0.5560005903244019, 0
u,0.6731070280075073, 0.5533894598484039, 0
u,0.5786868333816528, 0.5827575922012329, 0
u,0.6742950677871704, 0.5585426092147827, 0
u,0.6737699508666992, 0.5560005903244019, 0
u,0.5786868333816528, 0.5827575922012329, 0
u,0.6742950677871704, 0.5585426092147827, 0
u,0.5786868333816528, 0.5827575922012329, 0
u,0.5841975808143616, 0.584557980298996, 0
u,0.6746823787689209, 0.5610155761241913, 0
u,0.6742950677871704, 0.5585426092147827, 0
u,0.5841975808143616, 0.584557980298996, 0
u,0.6746823787689209, 0.5610155761241913, 0
u,0.5841975808143616, 0.584557980298996, 0
u,0.5894606709480286, 0.5862239897251129, 0
u,0.6749319434165955, 0.5634194314479828, 0
u,0.6746823787689209, 0.5610155761241913, 0
u,0.5894606709480286, 0.5862239897251129, 0
u,0.6749319434165955, 0.5634194314479828, 0
u,0.5894606709480286, 0.5862239897251129, 0
u,0.594476044178009, 0.5877556204795837, 0
u,0.6750437617301941, 0.565754234790802, 0
u,0.6749319434165955, 0.5634194314479828, 0
u,0.594476044178009, 0.5877556204795837, 0
u,0.6750437617301941, 0.565754234790802, 0
u,0.594476044178009, 0.5877556204795837, 0
u,0.599243700504303, 0.5891529023647308, 0
u,0.675017774105072, 0.5680199563503265, 0
u,0.6750437617301941, 0.565754234790802, 0
u,0.599243700504303, 0.5891529023647308, 0
u,0.6748539805412292, 0.5702165961265564, 0
u,0.675017774105072, 0.5680199563503265, 0
u,0.599243700504303, 0.5891529023647308, 0
u,0.6748539805412292, 0.5702165961265564, 0
u,0.599243700504303, 0.5891529023647308, 0
u,0.6037636399269104, 0.5904158055782318, 0
u,0.6745524406433105, 0.572344183921814, 0
u,0.6748539805412292, 0.5702165961265564, 0
u,0.6037636399269104, 0.5904158055782318, 0
u,0.6745524406433105, 0.572344183921814, 0
u,0.6037636399269104, 0.5904158055782318, 0
u,0.6080359220504761, 0.5915443301200867, 0
u,0.6741131544113159, 0.5744026601314545, 0
u,0.6745524406433105, 0.572344183921814, 0
u,0.6080359220504761, 0.5915443301200867, 0
u,0.6741131544113159, 0.5744026601314545, 0
u,0.6080359220504761, 0.5915443301200867, 0
u,0.6120604276657104, 0.5925385057926178, 0
u,0.6735360622406006, 0.5763920843601227, 0
u,0.6741131544113159, 0.5744026601314545, 0
u,0.6120604276657104, 0.5925385057926178, 0
u,0.6735360622406006, 0.5763920843601227, 0
u,0.6120604276657104, 0.5925385057926178, 0
u,0.6158372759819031, 0.5933983027935028, 0
u,0.6728211641311646, 0.5783124268054962, 0
u,0.6735360622406006, 0.5763920843601227, 0
u,0.6158372759819031, 0.5933983027935028, 0
u,0.6728211641311646, 0.5783124268054962, 0
u,0.6158372759819031, 0.5933983027935028, 0
u,0.6193664073944092, 0.5941237211227417, 0
u,0.6719685196876526, 0.5801636874675751, 0
u,0.6728211641311646, 0.5783124268054962, 0
u,0.6193664073944092, 0.5941237211227417, 0
u,0.6719685196876526, 0.5801636874675751, 0
u,0.6193664073944092, 0.5941237211227417, 0
u,0.6226478219032288, 0.5947147905826569, 0
u,0.670994758605957, 0.5819298326969147, 0
u,0.6719685196876526, 0.5801636874675751, 0
u,0.6226478219032288, 0.5947147905826569, 0
u,0.670994758605957, 0.5819298326969147, 0
u,0.6226478219032288, 0.5947147905826569, 0
u,0.6256815195083618, 0.5951714515686035, 0
u,0.6699163913726807, 0.5835947096347809, 0
u,0.670994758605957, 0.5819298326969147, 0
u,0.6256815195083618, 0.5951714515686035, 0
u,0.6699163913726807, 0.5835947096347809, 0
u,0.6256815195083618, 0.5951714515686035, 0
u,0.6285412311553955, 0.5955250561237335, 0
u,0.6687334179878235, 0.5851583480834961, 0
u,0.6699163913726807, 0.5835947096347809, 0
u,0.6285412311553955, 0.5955250561237335, 0
u,0.6687334179878235, 0.5851583480834961, 0
u,0.6285412311553955, 0.5955250561237335, 0
u,0.631300687789917, 0.5958068370819092, 0
u,0.667445957660675, 0.5866207778453827, 0
u,0.6687334179878235, 0.5851583480834961, 0
u,0.631300687789917, 0.5958068370819092, 0
u,0.667445957660675, 0.5866207778453827, 0
u,0.631300687789917, 0.5958068370819092, 0
u,0.633959949016571, 0.5960168540477753, 0
u,0.6660538911819458, 0.5879819393157959, 0
u,0.667445957660675, 0.5866207778453827, 0
u,0.633959949016571, 0.5960168540477753, 0
u,0.6660538911819458, 0.5879819393157959, 0
u,0.633959949016571, 0.5960168540477753, 0
u,0.6365188956260681, 0.5961550176143646, 0
u,0.6645572781562805, 0.5892418920993805, 0
u,0.6660538911819458, 0.5879819393157959, 0
u,0.6365188956260681, 0.5961550176143646, 0
u,0.6645572781562805, 0.5892418920993805, 0
u,0.6365188956260681, 0.5961550176143646, 0
u,0.6389776468276978, 0.5962214171886444, 0
u,0.6645572781562805, 0.5892418920993805, 0
u,0.6389776468276978, 0.5962214171886444, 0
u,0.6413361430168152, 0.5962159931659698, 0
u,0.6629561185836792, 0.5904006063938141, 0
u,0.6645572781562805, 0.5892418920993805, 0
u,0.6413361430168152, 0.5962159931659698, 0
u,0.6629561185836792, 0.5904006063938141, 0
u,0.6413361430168152, 0.5962159931659698, 0
u,0.6435943841934204, 0.5961387753486633, 0
u,0.6612503528594971, 0.5914581120014191, 0
u,0.6629561185836792, 0.5904006063938141, 0
u,0.6435943841934204, 0.5961387753486633, 0
u,0.6612503528594971, 0.5914581120014191, 0
u,0.6435943841934204, 0.5961387753486633, 0
u,0.6457523703575134, 0.5959897637367249, 0
u,0.6594401001930237, 0.5924143493175507, 0
u,0.6612503528594971, 0.5914581120014191, 0
u,0.6457523703575134, 0.5959897637367249, 0
u,0.6594401001930237, 0.5924143493175507, 0
u,0.6457523703575134, 0.5959897637367249, 0
u,0.6478101015090942, 0.595768928527832, 0
u,0.6575252413749695, 0.5932693779468536, 0
u,0.6594401001930237, 0.5924143493175507, 0
u,0.6478101015090942, 0.595768928527832, 0
u,0.6575252413749695, 0.5932693779468536, 0
u,0.6478101015090942, 0.595768928527832, 0
u,0.6497675776481628, 0.5954763293266296, 0
u,0.6555057764053345, 0.5940231680870056, 0
u,0.6575252413749695, 0.5932693779468536, 0
u,0.6497675776481628, 0.5954763293266296, 0
u,0.6555057764053345, 0.5940231680870056, 0
u,0.6497675776481628, 0.5954763293266296, 0
u,0.6516247987747192, 0.5951119065284729, 0
u,0.6533818244934082, 0.5946757197380066, 0
u,0.6555057764053345, 0.5940231680870056, 0
u,0.6516247987747192, 0.5951119065284729, 0
u,0.8220236301422119, 0.9359890520572662, 0
u,0.8180380463600159, 0.9479618929326534, 0
u,0.8243515491485596, 0.9423133693635464, 0
u,0.8197858333587646, 0.9298039376735687, 0
u,0.8180380463600159, 0.9479618929326534, 0
u,0.8220236301422119, 0.9359890520572662, 0
u,0.817638099193573, 0.9237580448389053, 0
u,0.8180380463600159, 0.9479618929326534, 0
u,0.8197858333587646, 0.9298039376735687, 0
u,0.817638099193573, 0.9237580448389053, 0
u,0.8102178573608398, 0.9458048343658447, 0
u,0.8180380463600159, 0.9479618929326534, 0
u,0.8155804872512817, 0.9178513661026955, 0
u,0.8102178573608398, 0.9458048343658447, 0
u,0.817638099193573, 0.9237580448389053, 0
u,0.8136129379272461, 0.9120839089155197, 0
u,0.8102178573608398, 0.9458048343658447, 0
u,0.8155804872512817, 0.9178513661026955, 0
u,0.8117355108261108, 0.9064556583762169, 0
u,0.8102178573608398, 0.9458048343658447, 0
u,0.8136129379272461, 0.9120839089155197, 0
u,0.8099481463432312, 0.9009666219353676, 0
u,0.8102178573608398, 0.9458048343658447, 0
u,0.8117355108261108, 0.9064556583762169, 0
u,0.808250904083252, 0.8956168070435524, 0
u,0.8102178573608398, 0.9458048343658447, 0
u,0.8099481463432312, 0.9009666219353676, 0
u,0.808250904083252, 0.8956168070435524, 0
u,0.8023905754089355, 0.943677369505167, 0
u,0.8102178573608398, 0.9458048343658447, 0
u,0.8066437244415283, 0.8904062062501907, 0
u,0.8023905754089355, 0.943677369505167, 0
u,0.808250904083252, 0.8956168070435524, 0
u,0.8051266074180603, 0.8853348195552826, 0
u,0.8023905754089355, 0.943677369505167, 0
u,0.8066437244415283, 0.8904062062501907, 0
u,0.8036996126174927, 0.880402646958828, 0
u,0.8023905754089355, 0.943677369505167, 0
u,0.8051266074180603, 0.8853348195552826, 0
u,0.8023626804351807, 0.8756096884608269, 0
u,0.8023905754089355, 0.943677369505167, 0
u,0.8036996126174927, 0.880402646958828, 0
u,0.7984748482704163, 0.8755437433719635, 0
u,0.8023905754089355, 0.943677369505167, 0
u,0.8023626804351807, 0.8756096884608269, 0
u,0.7984748482704163, 0.8755437433719635, 0
u,0.7945563197135925, 0.9415794983506203, 0
u,0.8023905754089355, 0.943677369505167, 0
u,0.794161319732666, 0.8753533586859703, 0
u,0.7945563197135925, 0.9415794983506203, 0
u,0.7984748482704163, 0.8755437433719635, 0
u,0.7894220948219299, 0.8750385269522667, 0
u,0.7945563197135925, 0.9415794983506203, 0
u,0.794161319732666, 0.8753533586859703, 0
u,0.7894220948219299, 0.8750385269522667, 0
u,0.7867149710655212, 0.9395112283527851, 0
u,0.7945563197135925, 0.9415794983506203, 0
u,0.784257173538208, 0.8745992481708527, 0
u,0.7867149710655212, 0.9395112283527851, 0
u,0.7894220948219299, 0.8750385269522667, 0
u,0.784257173538208, 0.8745992481708527, 0
u,0.7788665890693665, 0.9374725520610809, 0
u,0.7867149710655212, 0.9395112283527851, 0
u,0.7786665558815002, 0.8740355372428894, 0
u,0.7788665890693665, 0.9374725520610809, 0
u,0.784257173538208, 0.8745992481708527, 0
u,0.7726502418518066, 0.8733473718166351, 0
u,0.7788665890693665, 0.9374725520610809, 0
u,0.7786665558815002, 0.8740355372428894, 0
u,0.7726502418518066, 0.8733473718166351, 0
u,0.7710111141204834, 0.935463473200798, 0
u,0.7788665890693665, 0.9374725520610809, 0
u,0.7662082314491272, 0.872534766793251, 0
u,0.7710111141204834, 0.935463473200798, 0
u,0.7726502418518066, 0.8733473718166351, 0
u,0.7662082314491272, 0.872534766793251, 0
u,0.7631486058235168, 0.9334839880466461, 0
u,0.7710111141204834, 0.935463473200798, 0
u,0.7593405842781067, 0.8715977221727371, 0
u,0.7631486058235168, 0.9334839880466461, 0
u,0.7662082314491272, 0.872534766793251, 0
u,0.7593405842781067, 0.8715977221727371, 0
u,0.7552790641784668, 0.9315341040492058, 0
u,0.7631486058235168, 0.9334839880466461, 0
u,0.7520471811294556, 0.8705362230539322, 0
u,0.7552790641784668, 0.9315341040492058, 0
u,0.7593405842781067, 0.8715977221727371, 0
u,0.7520471811294556, 0.8705362230539322, 0
u,0.7474024295806885, 0.9296138063073158, 0
u,0.7552790641784668, 0.9315341040492058, 0
u,0.7443280816078186, 0.8693502843379974, 0
u,0.7474024295806885, 0.9296138063073158, 0
u,0.7520471811294556, 0.8705362230539322, 0
u,0.7443280816078186, 0.8693502843379974, 0
u,0.7395188212394714, 0.9277231097221375, 0
u,0.7474024295806885, 0.9296138063073158, 0
u,0.7361833453178406, 0.868039920926094, 0
u,0.7395188212394714, 0.9277231097221375, 0
u,0.7443280816078186, 0.8693502843379974, 0
u,0.7361833453178406, 0.868039920926094, 0
u,0.7316280603408813, 0.9258620068430901, 0
u,0.7395188212394714, 0.9277231097221375, 0
u,0.7276128530502319, 0.8666050881147385, 0
u,0.7316280603408813, 0.9258620068430901, 0
u,0.7361833453178406, 0.868039920926094, 0
u,0.7276128530502319, 0.8666050881147385, 0
u,0.7237303256988525, 0.9240304976701736, 0
u,0.7316280603408813, 0.9258620068430901, 0
u,0.7254701852798462, 0.8605111837387085, 0
u,0.7237303256988525, 0.9240304976701736, 0
u,0.7276128530502319, 0.8666050881147385, 0
u,0.7234288454055786, 0.8545784950256348, 0
u,0.7237303256988525, 0.9240304976701736, 0
u,0.7254701852798462, 0.8605111837387085, 0
u,0.726298987865448, 0.9949758104048669, 0
u,0.7245686054229736, 0.9999999840548526, 0
u,0.7266701459884644, 0.9978515289258212, 0
u,0.7259553074836731, 0.9919189708307385, 0
u,0.7245686054229736, 0.9999999840548526, 0
u,0.726298987865448, 0.9949758104048669, 0
u,0.7256391644477844, 0.9886810332536697, 0
u,0.7245686054229736, 0.9999999840548526, 0
u,0.7259553074836731, 0.9919189708307385, 0
u,0.725350558757782, 0.9852619972079992, 0
u,0.7245686054229736, 0.9999999840548526, 0
u,0.7256391644477844, 0.9886810332536697, 0
u,0.725089430809021, 0.9816618617624044, 0
u,0.7245686054229736, 0.9999999840548526, 0
u,0.725350558757782, 0.9852619972079992, 0
u,0.7248558402061462, 0.9778806287795305, 0
u,0.7245686054229736, 0.9999999840548526, 0
u,0.725089430809021, 0.9816618617624044, 0
u,0.7246497869491577, 0.9739182963967323, 0
u,0.7245686054229736, 0.9999999840548526, 0
u,0.7248558402061462, 0.9778806287795305, 0
u,0.7214889526367188, 0.8488070368766785, 0
u,0.7237303256988525, 0.9240304976701736, 0
u,0.7234288454055786, 0.8545784950256348, 0
u,0.7244712114334106, 0.969774866476655, 0
u,0.7245686054229736, 0.9999999840548526, 0
u,0.7246497869491577, 0.9739182963967323, 0
u,0.7243202328681946, 0.9654503390192986, 0
u,0.7245686054229736, 0.9999999840548526, 0
u,0.7244712114334106, 0.969774866476655, 0
u,0.7241966724395752, 0.9609447047114372, 0
u,0.7245686054229736, 0.9999999840548526, 0
u,0.7243202328681946, 0.9654503390192986, 0
u,0.7241007089614868, 0.9562579728662968, 0
u,0.7245686054229736, 0.9999999840548526, 0
u,0.7241966724395752, 0.9609447047114372, 0
u,0.7240322232246399, 0.9513901360332966, 0
u,0.7245686054229736, 0.9999999840548526, 0
u,0.7241007089614868, 0.9562579728662968, 0
u,0.7214889526367188, 0.8488070368766785, 0
u,0.7240322232246399, 0.9513901360332966, 0
u,0.7237303256988525, 0.9240304976701736, 0
u,0.7214889526367188, 0.8488070368766785, 0
u,0.7245686054229736, 0.9999999840548526, 0
u,0.7240322232246399, 0.9513901360332966, 0
u,0.7214889526367188, 0.8488070368766785, 0
u,0.7109805345535278, 0.9964306829497218, 0
u,0.7245686054229736, 0.9999999840548526, 0
u,0.7196504473686218, 0.8431968092918396, 0
u,0.7109805345535278, 0.9964306829497218, 0
u,0.7214889526367188, 0.8488070368766785, 0
u,0.7179133296012878, 0.8377478122711182, 0
u,0.7109805345535278, 0.9964306829497218, 0
u,0.7196504473686218, 0.8431968092918396, 0
u,0.7162776589393616, 0.832460030913353, 0
u,0.7109805345535278, 0.9964306829497218, 0
u,0.7179133296012878, 0.8377478122711182, 0
u,0.7147433161735535, 0.8273334950208664, 0
u,0.7109805345535278, 0.9964306829497218, 0
u,0.7162776589393616, 0.832460030913353, 0
u,0.7133104205131531, 0.8223681747913361, 0
u,0.7109805345535278, 0.9964306829497218, 0
u,0.7147433161735535, 0.8273334950208664, 0
u,0.7119789719581604, 0.8175640851259232, 0
u,0.7109805345535278, 0.9964306829497218, 0
u,0.7133104205131531, 0.8223681747913361, 0
u,0.7107488512992859, 0.8129212409257889, 0
u,0.7109805345535278, 0.9964306829497218, 0
u,0.7119789719581604, 0.8175640851259232, 0
u,0.7096201777458191, 0.8084396123886108, 0
u,0.7109805345535278, 0.9964306829497218, 0
u,0.7107488512992859, 0.8129212409257889, 0
u,0.7085928320884705, 0.8041192144155502, 0
u,0.7109805345535278, 0.9964306829497218, 0
u,0.7096201777458191, 0.8084396123886108, 0
u,0.7085928320884705, 0.8041192144155502, 0
u,0.709477961063385, 0.996017406694591, 0
u,0.7109805345535278, 0.9964306829497218, 0
u,0.6939423084259033, 0.8005616366863251, 0
u,0.709477961063385, 0.996017406694591, 0
u,0.7085928320884705, 0.8041192144155502, 0
u,0.6939423084259033, 0.8005616366863251, 0
u,0.7079904079437256, 0.9956297939643264, 0
u,0.709477961063385, 0.996017406694591, 0
u,0.6939423084259033, 0.8005616366863251, 0
u,0.7065179347991943, 0.9952678447589278, 0
u,0.7079904079437256, 0.9956297939643264, 0
u,0.6939423084259033, 0.8005616366863251, 0
u,0.7050604820251465, 0.9949315586127341, 0
u,0.7065179347991943, 0.9952678447589278, 0
u,0.6939423084259033, 0.8005616366863251, 0
u,0.703618049621582, 0.9946209364570677, 0
u,0.7050604820251465, 0.9949315586127341, 0
u,0.6939423084259033, 0.8005616366863251, 0
u,0.702190637588501, 0.9943359773606062, 0
u,0.703618049621582, 0.9946209364570677, 0
u,0.6939423084259033, 0.8005616366863251, 0
u,0.7007783055305481, 0.9940766817890108, 0
u,0.702190637588501, 0.9943359773606062, 0
u,0.6939423084259033, 0.8005616366863251, 0
u,0.6993810534477234, 0.9938430385664105, 0
u,0.7007783055305481, 0.9940766817890108, 0
u,0.6939423084259033, 0.8005616366863251, 0
u,0.6979987621307373, 0.9936350588686764, 0
u,0.6993810534477234, 0.9938430385664105, 0
u,0.6939423084259033, 0.8005616366863251, 0
u,0.6966315507888794, 0.9934527422301471, 0
u,0.6979987621307373, 0.9936350588686764, 0
u,0.6939423084259033, 0.8005616366863251, 0
u,0.6945929527282715, 0.859530970454216, 0
u,0.6966315507888794, 0.9934527422301471, 0
u,0.6945929527282715, 0.859530970454216, 0
u,0.6955543756484985, 0.9466568343341351, 0
u,0.6966315507888794, 0.9934527422301471, 0
u,0.6955543756484985, 0.9466568343341351, 0
u,0.6955821514129639, 0.9505104422569275, 0
u,0.6966315507888794, 0.9934527422301471, 0
u,0.6955821514129639, 0.9505104422569275, 0
u,0.6955804228782654, 0.9543680660426617, 0
u,0.6966315507888794, 0.9934527422301471, 0
u,0.6955804228782654, 0.9543680660426617, 0
u,0.6952794194221497, 0.9932960895821452, 0
u,0.6966315507888794, 0.9934527422301471, 0
u,0.6361016631126404, 0.78562431037426, 0
u,0.6939421892166138, 0.7986579537391663, 0
u,0.6373594999313354, 0.78300741314888, 0
u,0.2728162109851837, 0.5962214171886444, 0
u,0.2728162109851837, 0.5962214171886444, 0
u,0.2728162109851837, 0.5962214171886444, 0
u,0.6361016631126404, 0.78562431037426, 0
u,0.6910126209259033, 0.8034576177597046, 0
u,0.6939421892166138, 0.7986579537391663, 0
u,0.6955492496490479, 0.9582297019660473, 0
u,0.6952794194221497, 0.9932960895821452, 0
u,0.6955804228782654, 0.9543680660426617, 0
u,0.6954885721206665, 0.9620953537523746, 0
u,0.6952794194221497, 0.9932960895821452, 0
u,0.6955492496490479, 0.9582297019660473, 0
u,0.6953984498977661, 0.9659650214016438, 0
u,0.6952794194221497, 0.9932960895821452, 0
u,0.6954885721206665, 0.9620953537523746, 0
u,0.6952788233757019, 0.9698387049138546, 0
u,0.6952794194221497, 0.9932960895821452, 0
u,0.6953984498977661, 0.9659650214016438, 0
u,0.6951297521591187, 0.9737164042890072, 0
u,0.6952794194221497, 0.9932960895821452, 0
u,0.6952788233757019, 0.9698387049138546, 0
u,0.6949512362480164, 0.9775981158018112, 0
u,0.6952794194221497, 0.9932960895821452, 0
u,0.6951297521591187, 0.9737164042890072, 0
u,0.6949512362480164, 0.9775981158018112, 0
u,0.6947432160377502, 0.9814838413149118, 0
u,0.6952794194221497, 0.9932960895821452, 0
u,0.6947432160377502, 0.9814838413149118, 0
u,0.6945056915283203, 0.9853735798969865, 0
u,0.6952794194221497, 0.9932960895821452, 0
u,0.6945056915283203, 0.9853735798969865, 0
u,0.6942387223243713, 0.989267336204648, 0
u,0.6952794194221497, 0.9932960895821452, 0
u,0.6942387223243713, 0.989267336204648, 0
u,0.6939423084259033, 0.993165111169219, 0
u,0.6952794194221497, 0.9932960895821452, 0
u,0.6345506906509399, 0.7887611389160156, 0
u,0.6910126209259033, 0.8034576177597046, 0
u,0.6361016631126404, 0.78562431037426, 0
u,0.6345506906509399, 0.7887611389160156, 0
u,0.6878637671470642, 0.8087593615055084, 0
u,0.6910126209259033, 0.8034576177597046, 0
u,0.6327067017555237, 0.792417898774147, 0
u,0.6878637671470642, 0.8087593615055084, 0
u,0.6345506906509399, 0.7887611389160156, 0
u,0.6305695176124573, 0.796594575047493, 0
u,0.6878637671470642, 0.8087593615055084, 0
u,0.6327067017555237, 0.792417898774147, 0
u,0.6305695176124573, 0.796594575047493, 0
u,0.6844956278800964, 0.8145631700754166, 0
u,0.6878637671470642, 0.8087593615055084, 0
u,0.628139317035675, 0.8012911826372147, 0
u,0.6844956278800964, 0.8145631700754166, 0
u,0.6305695176124573, 0.796594575047493, 0
u,0.628139317035675, 0.8012911826372147, 0
u,0.6809082627296448, 0.820869043469429, 0
u,0.6844956278800964, 0.8145631700754166, 0
u,0.6254159212112427, 0.8065077364444733, 0
u,0.6809082627296448, 0.820869043469429, 0
u,0.628139317035675, 0.8012911826372147, 0
u,0.6254159212112427, 0.8065077364444733, 0
u,0.6771016120910645, 0.8276770114898682, 0
u,0.6809082627296448, 0.820869043469429, 0
u,0.6223995089530945, 0.8122442066669464, 0
u,0.6771016120910645, 0.8276770114898682, 0
u,0.6254159212112427, 0.8065077364444733, 0
u,0.6190899610519409, 0.8185006082057953, 0
u,0.6771016120910645, 0.8276770114898682, 0
u,0.6223995089530945, 0.8122442066669464, 0
u,0.6190899610519409, 0.8185006082057953, 0
u,0.6730757355690002, 0.8349870443344116, 0
u,0.6771016120910645, 0.8276770114898682, 0
u,0.615487277507782, 0.8252769410610199, 0
u,0.6730757355690002, 0.8349870443344116, 0
u,0.6190899610519409, 0.8185006082057953, 0
u,0.615487277507782, 0.8252769410610199, 0
u,0.6688305735588074, 0.8427991420030594, 0
u,0.6730757355690002, 0.8349870443344116, 0
u,0.6115915179252625, 0.8325732052326202, 0
u,0.6688305735588074, 0.8427991420030594, 0
u,0.615487277507782, 0.8252769410610199, 0
u,0.6115915179252625, 0.8325732052326202, 0
u,0.6643661856651306, 0.8511133193969727, 0
u,0.6688305735588074, 0.8427991420030594, 0
u,0.6074026226997375, 0.8403894007205963, 0
u,0.6643661856651306, 0.8511133193969727, 0
u,0.6115915179252625, 0.8325732052326202, 0
u,0.6074026226997375, 0.8403894007205963, 0
u,0.6596825122833252, 0.8599295765161514, 0
u,0.6643661856651306, 0.8511133193969727, 0
u,0.602920651435852, 0.8487255275249481, 0
u,0.6596825122833252, 0.8599295765161514, 0
u,0.6074026226997375, 0.8403894007205963, 0
u,0.602920651435852, 0.8487255275249481, 0
u,0.6547795534133911, 0.8692478984594345, 0
u,0.6596825122833252, 0.8599295765161514, 0
u,0.5961068868637085, 0.8613643944263458, 0
u,0.6547795534133911, 0.8692478984594345, 0
u,0.602920651435852, 0.8487255275249481, 0
u,0.5961068868637085, 0.8613643944263458, 0
u,0.6496573686599731, 0.8790683075785637, 0
u,0.6547795534133911, 0.8692478984594345, 0
u,0.5898088812828064, 0.8730587661266327, 0
u,0.6496573686599731, 0.8790683075785637, 0
u,0.5961068868637085, 0.8613643944263458, 0
u,0.5898088812828064, 0.8730587661266327, 0
u,0.6443158984184265, 0.8893907815217972, 0
u,0.6496573686599731, 0.8790683075785637, 0
u,0.5840266942977905, 0.8838086649775505, 0
u,0.6443158984184265, 0.8893907815217972, 0
u,0.5898088812828064, 0.8730587661266327, 0
u,0.5840266942977905, 0.8838086649775505, 0
u,0.640226423740387, 0.8973320722579956, 0
u,0.6443158984184265, 0.8893907815217972, 0
u,0.5840266942977905, 0.8838086649775505, 0
u,0.6364432573318481, 0.9047609269618988, 0
u,0.640226423740387, 0.8973320722579956, 0
u,0.5787602663040161, 0.8936140686273575, 0
u,0.6364432573318481, 0.9047609269618988, 0
u,0.5840266942977905, 0.8838086649775505, 0
u,0.5787602663040161, 0.8936140686273575, 0
u,0.6329664587974548, 0.9116773456335068, 0
u,0.6364432573318481, 0.9047609269618988, 0
u,0.5740097165107727, 0.9024749845266342, 0
u,0.6329664587974548, 0.9116773456335068, 0
u,0.5787602663040161, 0.8936140686273575, 0
u,0.5740097165107727, 0.9024749845266342, 0
u,0.629796028137207, 0.9180813208222389, 0
u,0.6329664587974548, 0.9116773456335068, 0
u,0.5697749257087708, 0.9103914052248001, 0
u,0.629796028137207, 0.9180813208222389, 0
u,0.5740097165107727, 0.9024749845266342, 0
u,0.5697749257087708, 0.9103914052248001, 0
u,0.62693190574646, 0.9239728525280952, 0
u,0.629796028137207, 0.9180813208222389, 0
u,0.5697749257087708, 0.9103914052248001, 0
u,0.6243741512298584, 0.9293519556522369, 0
u,0.62693190574646, 0.9239728525280952, 0
u,0.566055953502655, 0.9173633381724358, 0
u,0.6243741512298584, 0.9293519556522369, 0
u,0.5697749257087708, 0.9103914052248001, 0
u,0.566055953502655, 0.9173633381724358, 0
u,0.6221227049827576, 0.9342186152935028, 0
u,0.6243741512298584, 0.9293519556522369, 0
u,0.6880778670310974, 0.9527773484587669, 0
u,0.6939421892166138, 0.9670606069266796, 0
u,0.6917632222175598, 0.951023306697607, 0
u,0.5628527998924255, 0.9233907759189606, 0
u,0.6221227049827576, 0.9342186152935028, 0
u,0.566055953502655, 0.9173633381724358, 0
u,0.5628527998924255, 0.9233907759189606, 0
u,0.6201776266098022, 0.9385728277266026, 0
u,0.6221227049827576, 0.9342186152935028, 0
u,0.684350311756134, 0.9544623158872128, 0
u,0.6939421892166138, 0.9670606069266796, 0
u,0.6880778670310974, 0.9527773484587669, 0
u,0.6805806159973145, 0.9560782052576542, 0
u,0.6939421892166138, 0.9670606069266796, 0
u,0.684350311756134, 0.9544623158872128, 0
u,0.5628527998924255, 0.9233907759189606, 0
u,0.6185388565063477, 0.942414615303278, 0
u,0.6201776266098022, 0.9385728277266026, 0
u,0.5601654648780823, 0.9284737184643745, 0
u,0.6185388565063477, 0.942414615303278, 0
u,0.5628527998924255, 0.9233907759189606, 0
u,0.6767688393592834, 0.9576250165700912, 0
u,0.6939421892166138, 0.9670606069266796, 0
u,0.6805806159973145, 0.9560782052576542, 0
u,0.6729148626327515, 0.9591027498245239, 0
u,0.6939421892166138, 0.9670606069266796, 0
u,0.6767688393592834, 0.9576250165700912, 0
u,0.5601654648780823, 0.9284737184643745, 0
u,0.6172064542770386, 0.9457439556717873, 0
u,0.6185388565063477, 0.942414615303278, 0
u,0.6690187454223633, 0.9605114087462425, 0
u,0.6939421892166138, 0.9670606069266796, 0
u,0.6729148626327515, 0.9591027498245239, 0
u,0.5579938888549805, 0.9326121881604195, 0
u,0.6172064542770386, 0.9457439556717873, 0
u,0.5601654648780823, 0.9284737184643745, 0
u,0.5579938888549805, 0.9326121881604195, 0
u,0.616180419921875, 0.9485608674585819, 0
u,0.6172064542770386, 0.9457439556717873, 0
u,0.6690187454223633, 0.9605114087462425, 0
u,0.647747814655304, 0.9846014250069857, 0
u,0.6939421892166138, 0.9670606069266796, 0
u,0.6650804877281189, 0.9618509858846664, 0
u,0.647747814655304, 0.9846014250069857, 0
u,0.6690187454223633, 0.9605114087462425, 0
u,0.6611000895500183, 0.9631214886903763, 0
u,0.647747814655304, 0.9846014250069857, 0
u,0.6650804877281189, 0.9618509858846664, 0
u,0.5579938888549805, 0.9326121881604195, 0
u,0.6154606938362122, 0.9508653320372105, 0
u,0.616180419921875, 0.9485608674585819, 0
u,0.5563381910324097, 0.9358061626553535, 0
u,0.6154606938362122, 0.9508653320372105, 0
u,0.5579938888549805, 0.9326121881604195, 0
u,0.6570776104927063, 0.9643229246139526, 0
u,0.647747814655304, 0.9846014250069857, 0
u,0.6611000895500183, 0.9631214886903763, 0
u,0.5563381910324097, 0.9358061626553535, 0
u,0.6151843667030334, 0.9519612342119217, 0
u,0.6154606938362122, 0.9508653320372105, 0
u,0.5563381910324097, 0.9358061626553535, 0
u,0.6149691939353943, 0.9530300088226795, 0
u,0.6151843667030334, 0.9519612342119217, 0
u,0.5551982522010803, 0.9380556382238865, 0
u,0.6149691939353943, 0.9530300088226795, 0
u,0.5563381910324097, 0.9358061626553535, 0
u,0.6530129313468933, 0.965455275028944, 0
u,0.647747814655304, 0.9846014250069857, 0
u,0.6570776104927063, 0.9643229246139526, 0
u,0.5551982522010803, 0.9380556382238865, 0
u,0.6148150563240051, 0.9540716633200645, 0
u,0.6149691939353943, 0.9530300088226795, 0
u,0.5551982522010803, 0.9380556382238865, 0
u,0.6147220134735107, 0.9550861902534962, 0
u,0.6148150563240051, 0.9540716633200645, 0
u,0.5543367266654968, 0.9398174993693829, 0
u,0.6147220134735107, 0.9550861902534962, 0
u,0.5551982522010803, 0.9380556382238865, 0
u,0.6489061117172241, 0.9665185511112213, 0
u,0.647747814655304, 0.9846014250069857, 0
u,0.6530129313468933, 0.965455275028944, 0
u,0.5543367266654968, 0.9398174993693829, 0
u,0.6146900653839111, 0.956073597073555, 0
u,0.6147220134735107, 0.9550861902534962, 0
u,0.5543367266654968, 0.9398174993693829, 0
u,0.6147192120552063, 0.9570338875055313, 0
u,0.6146900653839111, 0.956073597073555, 0
u,0.5535162687301636, 0.9415486007928848, 0
u,0.6147192120552063, 0.9570338875055313, 0
u,0.5543367266654968, 0.9398174993693829, 0
u,0.5535162687301636, 0.9415486007928848, 0
u,0.6148094534873962, 0.9579670466482639, 0
u,0.6147192120552063, 0.9570338875055313, 0
u,0.6447571516036987, 0.9675127454102039, 0
u,0.647747814655304, 0.9846014250069857, 0
u,0.6489061117172241, 0.9665185511112213, 0
u,0.5535162687301636, 0.9415486007928848, 0
u,0.614960789680481, 0.958873089402914, 0
u,0.6148094534873962, 0.9579670466482639, 0
u,0.5527368187904358, 0.9432489424943924, 0
u,0.614960789680481, 0.958873089402914, 0
u,0.5535162687301636, 0.9415486007928848, 0
u,0.5527368187904358, 0.9432489424943924, 0
u,0.6151732206344604, 0.9597520008683205, 0
u,0.614960789680481, 0.958873089402914, 0
u,0.6426330208778381, 0.96798175573349, 0
u,0.647747814655304, 0.9846014250069857, 0
u,0.6447571516036987, 0.9675127454102039, 0
u,0.5527368187904358, 0.9432489424943924, 0
u,0.6154467463493347, 0.9606037959456444, 0
u,0.6151732206344604, 0.9597520008683205, 0
u,0.640582263469696, 0.968379195779562, 0
u,0.647747814655304, 0.9846014250069857, 0
u,0.6426330208778381, 0.96798175573349, 0
u,0.5519984364509583, 0.9449185244739056, 0
u,0.6154467463493347, 0.9606037959456444, 0
u,0.5527368187904358, 0.9432489424943924, 0
u,0.5519984364509583, 0.9449185244739056, 0
u,0.6157813668251038, 0.9614284597337246, 0
u,0.6154467463493347, 0.9606037959456444, 0
u,0.5519984364509583, 0.9449185244739056, 0
u,0.6161770820617676, 0.9622259959578514, 0
u,0.6157813668251038, 0.9614284597337246, 0
u,0.6386049389839172, 0.9687050618231297, 0
u,0.647747814655304, 0.9846014250069857, 0
u,0.640582263469696, 0.968379195779562, 0
u,0.5519984364509583, 0.9449185244739056, 0
u,0.6166229248046875, 0.9629876352846622, 0
u,0.6161770820617676, 0.9622259959578514, 0
u,0.6367009282112122, 0.9689593520015478, 0
u,0.647747814655304, 0.9846014250069857, 0
u,0.6386049389839172, 0.9687050618231297, 0
u,0.551301121711731, 0.9465573616325855, 0
u,0.6166229248046875, 0.9629876352846622, 0
u,0.5519984364509583, 0.9449185244739056, 0
u,0.551301121711731, 0.9465573616325855, 0
u,0.6171078681945801, 0.9637046009302139, 0
u,0.6166229248046875, 0.9629876352846622, 0
u,0.6348704099655151, 0.9691420644521713, 0
u,0.647747814655304, 0.9846014250069857, 0
u,0.6367009282112122, 0.9689593520015478, 0
u,0.551301121711731, 0.9465573616325855, 0
u,0.6176320314407349, 0.9643768854439259, 0
u,0.6171078681945801, 0.9637046009302139, 0
u,0.6331132054328918, 0.9692532122135162, 0
u,0.647747814655304, 0.9846014250069857, 0
u,0.6348704099655151, 0.9691420644521713, 0
u,0.551301121711731, 0.9465573616325855, 0
u,0.6181953549385071, 0.9650045037269592, 0
u,0.6176320314407349, 0.9643768854439259, 0
u,0.551301121711731, 0.9465573616325855, 0
u,0.618797779083252, 0.9655874371528625, 0
u,0.6181953549385071, 0.9650045037269592, 0
u,0.5506448149681091, 0.9481654353439808, 0
u,0.618797779083252, 0.9655874371528625, 0
u,0.551301121711731, 0.9465573616325855, 0
u,0.6314294338226318, 0.9692927822470665, 0
u,0.647747814655304, 0.9846014250069857, 0
u,0.6331132054328918, 0.9692532122135162, 0
u,0.5506448149681091, 0.9481654353439808, 0
u,0.619439423084259, 0.9661256894469261, 0
u,0.618797779083252, 0.9655874371528625, 0
u,0.6298190355300903, 0.9692607764154673, 0
u,0.647747814655304, 0.9846014250069857, 0
u,0.6314294338226318, 0.9692927822470665, 0
u,0.5506448149681091, 0.9481654353439808, 0
u,0.6201201677322388, 0.9666192755103111, 0
u,0.619439423084259, 0.9661256894469261, 0
u,0.6282820105552673, 0.9691572040319443, 0
u,0.647747814655304, 0.9846014250069857, 0
u,0.6298190355300903, 0.9692607764154673, 0
u,0.5506448149681091, 0.9481654353439808, 0
u,0.6208400726318359, 0.9670681767165661, 0
u,0.6201201677322388, 0.9666192755103111, 0
u,0.5506448149681091, 0.9481654353439808, 0
u,0.6215991377830505, 0.9674724079668522, 0
u,0.6208400726318359, 0.9670681767165661, 0
u,0.6268183588981628, 0.9689820557832718, 0
u,0.647747814655304, 0.9846014250069857, 0
u,0.6282820105552673, 0.9691572040319443, 0
u,0.5506448149681091, 0.9481654353439808, 0
u,0.6223973631858826, 0.9678319580852985, 0
u,0.6215991377830505, 0.9674724079668522, 0
u,0.6254281401634216, 0.9687353298068047, 0
u,0.647747814655304, 0.9846014250069857, 0
u,0.6268183588981628, 0.9689820557832718, 0
u,0.5506448149681091, 0.9481654353439808, 0
u,0.623234748840332, 0.9681468307971954, 0
u,0.6223973631858826, 0.9678319580852985, 0
u,0.6241112947463989, 0.9684170298278332, 0
u,0.647747814655304, 0.9846014250069857, 0
u,0.6254281401634216, 0.9687353298068047, 0
u,0.5506448149681091, 0.9481654353439808, 0
u,0.6241112947463989, 0.9684170298278332, 0
u,0.623234748840332, 0.9681468307971954, 0
u,0.5506448149681091, 0.9481654353439808, 0
u,0.647747814655304, 0.9846014250069857, 0
u,0.6241112947463989, 0.9684170298278332, 0
u,0.5500295758247375, 0.949742753058672, 0
u,0.647747814655304, 0.9846014250069857, 0
u,0.5506448149681091, 0.9481654353439808, 0
u,0.5494554042816162, 0.9512893222272396, 0
u,0.647747814655304, 0.9846014250069857, 0
u,0.5500295758247375, 0.949742753058672, 0
u,0.5489222407341003, 0.9528051316738129, 0
u,0.647747814655304, 0.9846014250069857, 0
u,0.5494554042816162, 0.9512893222272396, 0
u,0.5484301447868347, 0.9542901925742626, 0
u,0.647747814655304, 0.9846014250069857, 0
u,0.5489222407341003, 0.9528051316738129, 0
u,0.5479791164398193, 0.955744493752718, 0
u,0.647747814655304, 0.9846014250069857, 0
u,0.5484301447868347, 0.9542901925742626, 0
u,0.5475690960884094, 0.9571680389344692, 0
u,0.647747814655304, 0.9846014250069857, 0
u,0.5479791164398193, 0.955744493752718, 0
u,0.5475690960884094, 0.9571680389344692, 0
u,0.6419892907142639, 0.9865361759439111, 0
u,0.647747814655304, 0.9846014250069857, 0
u,0.5469061732292175, 0.9597791619598866, 0
u,0.6419892907142639, 0.9865361759439111, 0
u,0.5475690960884094, 0.9571680389344692, 0
u,0.5463810563087463, 0.9623211957514286, 0
u,0.6419892907142639, 0.9865361759439111, 0
u,0.5469061732292175, 0.9597791619598866, 0
u,0.5463810563087463, 0.9623211957514286, 0
u,0.6364785432815552, 0.9883365547284484, 0
u,0.6419892907142639, 0.9865361759439111, 0
u,0.5459937453269958, 0.964794147759676, 0
u,0.6364785432815552, 0.9883365547284484, 0
u,0.5463810563087463, 0.9623211957514286, 0
u,0.5459937453269958, 0.964794147759676, 0
u,0.6312154531478882, 0.9900025622919202, 0
u,0.6364785432815552, 0.9883365547284484, 0
u,0.5457441806793213, 0.9671980254352093, 0
u,0.6312154531478882, 0.9900025622919202, 0
u,0.5459937453269958, 0.964794147759676, 0
u,0.5457441806793213, 0.9671980254352093, 0
u,0.6262000799179077, 0.9915342088788748, 0
u,0.6312154531478882, 0.9900025622919202, 0
u,0.5456323623657227, 0.9695328213274479, 0
u,0.6262000799179077, 0.9915342088788748, 0
u,0.5457441806793213, 0.9671980254352093, 0
u,0.5456323623657227, 0.9695328213274479, 0
u,0.6214324235916138, 0.9929314842447639, 0
u,0.6262000799179077, 0.9915342088788748, 0
u,0.5456584095954895, 0.9717985466122627, 0
u,0.6214324235916138, 0.9929314842447639, 0
u,0.5456323623657227, 0.9695328213274479, 0
u,0.5458221435546875, 0.9739951901137829, 0
u,0.6214324235916138, 0.9929314842447639, 0
u,0.5456584095954895, 0.9717985466122627, 0
u,0.5458221435546875, 0.9739951901137829, 0
u,0.6169124841690063, 0.9941943879239261, 0
u,0.6214324235916138, 0.9929314842447639, 0
u,0.5461236834526062, 0.9761227630078793, 0
u,0.6169124841690063, 0.9941943879239261, 0
u,0.5458221435546875, 0.9739951901137829, 0
u,0.5461236834526062, 0.9761227630078793, 0
u,0.6126402616500854, 0.9953229199163616, 0
u,0.6169124841690063, 0.9941943879239261, 0
u,0.5465630292892456, 0.9781812522560358, 0
u,0.6126402616500854, 0.9953229199163616, 0
u,0.5461236834526062, 0.9761227630078793, 0
u,0.5465630292892456, 0.9781812522560358, 0
u,0.6086156964302063, 0.9963170699775219, 0
u,0.6126402616500854, 0.9953229199163616, 0
u,0.5471401214599609, 0.9801706597208977, 0
u,0.6086156964302063, 0.9963170699775219, 0
u,0.5465630292892456, 0.9781812522560358, 0
u,0.5471401214599609, 0.9801706597208977, 0
u,0.6048388481140137, 0.9971768700052053, 0
u,0.6086156964302063, 0.9963170699775219, 0
u,0.5478549599647522, 0.9820910058915615, 0
u,0.6048388481140137, 0.9971768700052053, 0
u,0.5471401214599609, 0.9801706597208977, 0
u,0.5478549599647522, 0.9820910058915615, 0
u,0.6013097763061523, 0.9979022983461618, 0
u,0.6048388481140137, 0.9971768700052053, 0
u,0.5487076044082642, 0.9839422721415758, 0
u,0.6013097763061523, 0.9979022983461618, 0
u,0.5478549599647522, 0.9820910058915615, 0
u,0.5487076044082642, 0.9839422721415758, 0
u,0.5980283617973328, 0.9984933554660529, 0
u,0.6013097763061523, 0.9979022983461618, 0
u,0.5496814250946045, 0.9857084099203348, 0
u,0.5980283617973328, 0.9984933554660529, 0
u,0.5487076044082642, 0.9839422721415758, 0
u,0.5496814250946045, 0.9857084099203348, 0
u,0.5949946045875549, 0.9989500198280439, 0
u,0.5980283617973328, 0.9984933554660529, 0
u,0.5507597923278809, 0.9873732915148139, 0
u,0.5949946045875549, 0.9989500198280439, 0
u,0.5496814250946045, 0.9857084099203348, 0
u,0.5507597923278809, 0.9873732915148139, 0
u,0.5921348929405212, 0.9993036203668453, 0
u,0.5949946045875549, 0.9989500198280439, 0
u,0.5519427061080933, 0.9889369383454323, 0
u,0.5921348929405212, 0.9993036203668453, 0
u,0.5507597923278809, 0.9873732915148139, 0
u,0.5519427061080933, 0.9889369383454323, 0
u,0.5893754363059998, 0.9995854215521831, 0
u,0.5921348929405212, 0.9993036203668453, 0
u,0.5532301664352417, 0.99039935041219, 0
u,0.5893754363059998, 0.9995854215521831, 0
u,0.5519427061080933, 0.9889369383454323, 0
u,0.5532301664352417, 0.99039935041219, 0
u,0.5867161750793457, 0.999795423442265, 0
u,0.5893754363059998, 0.9995854215521831, 0
u,0.554622232913971, 0.9917605267837644, 0
u,0.5867161750793457, 0.999795423442265, 0
u,0.5532301664352417, 0.99039935041219, 0
u,0.554622232913971, 0.9917605267837644, 0
u,0.5841572284698486, 0.9999336045948439, 0
u,0.5867161750793457, 0.999795423442265, 0
u,0.5561188459396362, 0.9930204683914781, 0
u,0.5841572284698486, 0.9999336045948439, 0
u,0.554622232913971, 0.9917605267837644, 0
u,0.5561188459396362, 0.9930204683914781, 0
u,0.581698477268219, 0.9999999860721109, 0
u,0.5841572284698486, 0.9999336045948439, 0
u,0.5561188459396362, 0.9930204683914781, 0
u,0.5793399810791016, 0.9999945686108731, 0
u,0.581698477268219, 0.9999999860721109, 0
u,0.5577200055122375, 0.9941791947931051, 0
u,0.5793399810791016, 0.9999945686108731, 0
u,0.5561188459396362, 0.9930204683914781, 0
u,0.5577200055122375, 0.9941791947931051, 0
u,0.5770817399024963, 0.9999173514734139, 0
u,0.5793399810791016, 0.9999945686108731, 0
u,0.5594257712364197, 0.9952366859652102, 0
u,0.5770817399024963, 0.9999173514734139, 0
u,0.5577200055122375, 0.9941791947931051, 0
u,0.5594257712364197, 0.9952366859652102, 0
u,0.5749238133430481, 0.9997683354013134, 0
u,0.5770817399024963, 0.9999173514734139, 0
u,0.5612360835075378, 0.9961929423734546, 0
u,0.5749238133430481, 0.9997683354013134, 0
u,0.5594257712364197, 0.9952366859652102, 0
u,0.5612360835075378, 0.9961929423734546, 0
u,0.5728660225868225, 0.9995475196628831, 0
u,0.5749238133430481, 0.9997683354013134, 0
u,0.563150942325592, 0.9970479637850076, 0
u,0.5728660225868225, 0.9995475196628831, 0
u,0.5612360835075378, 0.9961929423734546, 0
u,0.563150942325592, 0.9970479637850076, 0
u,0.5709085464477539, 0.9992549049784429, 0
u,0.5728660225868225, 0.9995475196628831, 0
u,0.5651703476905823, 0.9978017499670386, 0
u,0.5709085464477539, 0.9992549049784429, 0
u,0.563150942325592, 0.9970479637850076, 0
u,0.5651703476905823, 0.9978017499670386, 0
u,0.5690513253211975, 0.998890491318889, 0
u,0.5709085464477539, 0.9992549049784429, 0
u,0.5672942996025085, 0.9984543009195477, 0
u,0.5690513253211975, 0.998890491318889, 0
u,0.5651703476905823, 0.9978017499670386, 0
u,0.6281753182411194, 0.7608249932527542, 0
u,0.5456324219703674, 0.7649830877780914, 0
u,0.6281753182411194, 0.7649830728769302, 0
u,0.8401297330856323, 0.14052700996398926, 0
u,0.7575867772102356, 0.14627563953399658, 0
u,0.8401297330856323, 0.14627563953399658, 0
u,0.667168140411377, 0.09724760055541992, 0
u,0.670445442199707, 0.17979049682617188, 0
u,0.670445442199707, 0.09724760055541992, 0
u,0.6638321280479431, 0.09724760055541992, 0
u,0.667168140411377, 0.17979049682617188, 0
u,0.667168140411377, 0.09724760055541992, 0
u,0.6281753182411194, 0.7649830728769302, 0
u,0.5456324219703674, 0.7685446739196777, 0
u,0.6281753182411194, 0.7685446590185165, 0
u,0.6604375243186951, 0.09724760055541992, 0
u,0.6638321280479431, 0.17979049682617188, 0
u,0.6638321280479431, 0.09724760055541992, 0
u,0.8401297330856323, 0.1358546018600464, 0
u,0.7575867772102356, 0.14052706956863403, 0
u,0.8401297330856323, 0.14052700996398926, 0
u,0.6281753182411194, 0.7685446590185165, 0
u,0.5456324219703674, 0.7715097367763519, 0
u,0.6281753182411194, 0.7715097218751907, 0
u,0.9357250928878784, 0.0184212327003479, 0
u,0.9731879234313965, 0.10096412897109985, 0
u,0.9731879234313965, 0.0184212327003479, 0
u,0.6569841504096985, 0.09724760055541992, 0
u,0.6604375243186951, 0.17979049682617188, 0
u,0.6604375243186951, 0.09724760055541992, 0
u,0.6534721255302429, 0.09724760055541992, 0
u,0.6569841504096985, 0.17979049682617188, 0
u,0.6569841504096985, 0.09724760055541992, 0
u,0.6281753182411194, 0.7715097218751907, 0
u,0.5456324219703674, 0.773878276348114, 0
u,0.6281753182411194, 0.7738782614469528, 0
u,0.8401297330856323, 0.1322583556175232, 0
u,0.7575867772102356, 0.1358546018600464, 0
u,0.8401297330856323, 0.1358546018600464, 0
u,0.6499014496803284, 0.09724760055541992, 0
u,0.6534721255302429, 0.17979049682617188, 0
u,0.6534721255302429, 0.09724760055541992, 0
u,0.6281753182411194, 0.7738782614469528, 0
u,0.5456324219703674, 0.7749731838703156, 0
u,0.6281753182411194, 0.7749731689691544, 0
u,0.6281753182411194, 0.7749731689691544, 0
u,0.5456324219703674, 0.7760150730609894, 0
u,0.6281753182411194, 0.7760150581598282, 0
u,0.8401297330856323, 0.12973815202713013, 0
u,0.7575867772102356, 0.1322583556175232, 0
u,0.8401297330856323, 0.1322583556175232, 0
u,0.6462720632553101, 0.09724760055541992, 0
u,0.6499014496803284, 0.17979049682617188, 0
u,0.6499014496803284, 0.09724760055541992, 0
u,0.6281753182411194, 0.7760150581598282, 0
u,0.5456324219703674, 0.7770039737224579, 0
u,0.6281753182411194, 0.7770039737224579, 0
u,0.6281753182411194, 0.7770039737224579, 0
u,0.5456324219703674, 0.7779398858547211, 0
u,0.6281753182411194, 0.7779398858547211, 0
u,0.8401297330856323, 0.12777948379516602, 0
u,0.7575867772102356, 0.1297382116317749, 0
u,0.8401297330856323, 0.12973815202713013, 0
u,0.642583966255188, 0.09724760055541992, 0
u,0.6462720632553101, 0.17979049682617188, 0
u,0.6462720632553101, 0.09724760055541992, 0
u,0.6281753182411194, 0.7779398858547211, 0
u,0.5456324219703674, 0.7788228094577789, 0
u,0.6281753182411194, 0.7788227945566177, 0
u,0.6281753182411194, 0.7788227945566177, 0
u,0.5456324219703674, 0.7796527296304703, 0
u,0.6281753182411194, 0.7796527147293091, 0
u,0.8401297330856323, 0.12586760520935059, 0
u,0.7575867772102356, 0.12777948379516602, 0
u,0.8401297330856323, 0.12777948379516602, 0
u,0.6281753182411194, 0.7796527147293091, 0
u,0.5456324219703674, 0.7804296463727951, 0
u,0.6281753182411194, 0.7804296463727951, 0
u,0.6388372182846069, 0.09724760055541992, 0
u,0.642583966255188, 0.17979049682617188, 0
u,0.642583966255188, 0.09724760055541992, 0
u,0.6281753182411194, 0.7804296463727951, 0
u,0.5456324219703674, 0.781153604388237, 0
u,0.6281753182411194, 0.7811535894870758, 0
u,0.8401297330856323, 0.12400251626968384, 0
u,0.7575867772102356, 0.12586760520935059, 0
u,0.8401297330856323, 0.12586760520935059, 0
u,0.6281753182411194, 0.7811535894870758, 0
u,0.5456324219703674, 0.78182452917099, 0
u,0.6281753182411194, 0.78182452917099, 0
u,0.6369085907936096, 0.09724760055541992, 0
u,0.6388372182846069, 0.17979049682617188, 0
u,0.6388372182846069, 0.09724760055541992, 0
u,0.6281753182411194, 0.78182452917099, 0
u,0.5456324219703674, 0.7824424803256989, 0
u,0.6281753182411194, 0.7824424654245377, 0
u,0.6350321769714355, 0.09724760055541992, 0
u,0.6369085907936096, 0.17979049682617188, 0
u,0.6369085907936096, 0.09724760055541992, 0
u,0.8401297330856323, 0.122184157371521, 0
u,0.7575867772102356, 0.12400251626968384, 0
u,0.8401297330856323, 0.12400251626968384, 0
u,0.6281753182411194, 0.7824424654245377, 0
u,0.5456324219703674, 0.78300741314888, 0
u,0.6281753182411194, 0.78300741314888, 0
u,0.6092768907546997, 0.09724760055541992, 0
u,0.6098666787147522, 0.17979049682617188, 0
u,0.6098666787147522, 0.09724760055541992, 0
u,0.6332079768180847, 0.09724760055541992, 0
u,0.6350321769714355, 0.17979049682617188, 0
u,0.6350321769714355, 0.09724760055541992, 0
u,0.6098666787147522, 0.09724760055541992, 0
u,0.6104955077171326, 0.17979049682617188, 0
u,0.6104955077171326, 0.09724760055541992, 0
u,0.6314359903335571, 0.09724760055541992, 0
u,0.6332079768180847, 0.17979049682617188, 0
u,0.6332079768180847, 0.09724760055541992, 0
u,0.8401297330856323, 0.12041264772415161, 0
u,0.7575867772102356, 0.12218421697616577, 0
u,0.8401297330856323, 0.122184157371521, 0
u,0.6104955077171326, 0.09724760055541992, 0
u,0.6111505031585693, 0.17979049682617188, 0
u,0.6111505031585693, 0.09724760055541992, 0
u,0.6297162175178528, 0.09724760055541992, 0
u,0.6314359903335571, 0.17979049682617188, 0
u,0.6314359903335571, 0.09724760055541992, 0
u,0.6111505031585693, 0.09724760055541992, 0
u,0.6118317246437073, 0.17979049682617188, 0
u,0.6118317246437073, 0.09724760055541992, 0
u,0.6280486583709717, 0.09724760055541992, 0
u,0.6297162175178528, 0.17979049682617188, 0
u,0.6297162175178528, 0.09724760055541992, 0
u,0.6118317246437073, 0.09724760055541992, 0
u,0.6125390529632568, 0.17979049682617188, 0
u,0.6125390529632568, 0.09724760055541992, 0
u,0.6125390529632568, 0.09724760055541992, 0
u,0.6132725477218628, 0.17979049682617188, 0
u,0.6132725477218628, 0.09724760055541992, 0
u,0.8401297330856323, 0.11868792772293091, 0
u,0.7575867772102356, 0.12041264772415161, 0
u,0.8401297330856323, 0.12041264772415161, 0
u,0.626433253288269, 0.09724760055541992, 0
u,0.6280486583709717, 0.17979049682617188, 0
u,0.6280486583709717, 0.09724760055541992, 0
u,0.6132725477218628, 0.09724760055541992, 0
u,0.6140322089195251, 0.17979049682617188, 0
u,0.6140322089195251, 0.09724760055541992, 0
u,0.6248701214790344, 0.09724760055541992, 0
u,0.626433253288269, 0.17979049682617188, 0
u,0.626433253288269, 0.09724760055541992, 0
u,0.6140322089195251, 0.09724760055541992, 0
u,0.6148180365562439, 0.17979049682617188, 0
u,0.6148180365562439, 0.09724760055541992, 0
u,0.623359203338623, 0.09724760055541992, 0
u,0.6248701214790344, 0.17979049682617188, 0
u,0.6248701214790344, 0.09724760055541992, 0
u,0.6148180365562439, 0.09724760055541992, 0
u,0.615630030632019, 0.17979049682617188, 0
u,0.615630030632019, 0.09724760055541992, 0
u,0.615630030632019, 0.09724760055541992, 0
u,0.6164681911468506, 0.17979049682617188, 0
u,0.6164681911468506, 0.09724760055541992, 0
u,0.6219004988670349, 0.09724760055541992, 0
u,0.623359203338623, 0.17979049682617188, 0
u,0.623359203338623, 0.09724760055541992, 0
u,0.6164681911468506, 0.09724760055541992, 0
u,0.6173325181007385, 0.17979049682617188, 0
u,0.6173325181007385, 0.09724760055541992, 0
u,0.6204939484596252, 0.09724760055541992, 0
u,0.6219004988670349, 0.17979049682617188, 0
u,0.6219004988670349, 0.09724760055541992, 0
u,0.6173325181007385, 0.09724760055541992, 0
u,0.6182230114936829, 0.17979049682617188, 0
u,0.6182230114936829, 0.09724760055541992, 0
u,0.6191396713256836, 0.09724760055541992, 0
u,0.6204939484596252, 0.17979049682617188, 0
u,0.6204939484596252, 0.09724760055541992, 0
u,0.6182230114936829, 0.09724760055541992, 0
u,0.6191396713256836, 0.17979049682617188, 0
u,0.6191396713256836, 0.09724760055541992, 0
u,0.8401297330856323, 0.11700993776321411, 0
u,0.7575867772102356, 0.11868792772293091, 0
u,0.8401297330856323, 0.11868792772293091, 0
u,0.8401297330856323, 0.11537879705429077, 0
u,0.7575867772102356, 0.11700993776321411, 0
u,0.8401297330856323, 0.11700993776321411, 0
u,0.8401297330856323, 0.11379438638687134, 0
u,0.7575867772102356, 0.11537879705429077, 0
u,0.8401297330856323, 0.11537879705429077, 0
u,0.8401297330856323, 0.11225676536560059, 0
u,0.7575867772102356, 0.11379438638687134, 0
u,0.8401297330856323, 0.11379438638687134, 0
u,0.8401297330856323, 0.11076599359512329, 0
u,0.7575867772102356, 0.11225682497024536, 0
u,0.8401297330856323, 0.11225676536560059, 0
u,0.8401297330856323, 0.1093219518661499, 0
u,0.7575867772102356, 0.11076599359512329, 0
u,0.8401297330856323, 0.11076599359512329, 0
u,0.5267339944839478, 0.028345167636871338, 0
u,0.4441910982131958, 0.03301507234573364, 0
u,0.5267339944839478, 0.03301507234573364, 0
u,0.8401297330856323, 0.10671645402908325, 0
u,0.7575867772102356, 0.1093219518661499, 0
u,0.8401297330856323, 0.1093219518661499, 0
u,0.8401297330856323, 0.10423809289932251, 0
u,0.7575867772102356, 0.10671645402908325, 0
u,0.8401297330856323, 0.10671645402908325, 0
u,0.5267339944839478, 0.03301507234573364, 0
u,0.4441910982131958, 0.03750258684158325, 0
u,0.5267339944839478, 0.03750258684158325, 0
u,0.8401297330856323, 0.10188698768615723, 0
u,0.7575867772102356, 0.10423815250396729, 0
u,0.8401297330856323, 0.10423809289932251, 0
u,0.9833840727806091, 0.5136785507202148, 0
u,0.9897478222846985, 0.5962214469909668, 0
u,0.9897478222846985, 0.5136785507202148, 0
u,0.5267339944839478, 0.03750258684158325, 0
u,0.4441910982131958, 0.041807711124420166, 0
u,0.5267339944839478, 0.041807711124420166, 0
u,0.9897478222846985, 0.5136785507202148, 0
u,0.9952859282493591, 0.5962214469909668, 0
u,0.9952859282493591, 0.5136785507202148, 0
u,0.8401297330856323, 0.09966295957565308, 0
u,0.7575867772102356, 0.10188698768615723, 0
u,0.8401297330856323, 0.10188698768615723, 0
u,0.9771610498428345, 0.5136785507202148, 0
u,0.9833840727806091, 0.5962214469909668, 0
u,0.9833840727806091, 0.5136785507202148, 0
u,0.9710788130760193, 0.5136785507202148, 0
u,0.9771610498428345, 0.5962214469909668, 0
u,0.9771610498428345, 0.5136785507202148, 0
u,0.5267339944839478, 0.041807711124420166, 0
u,0.4441910982131958, 0.045930445194244385, 0
u,0.5267339944839478, 0.045930445194244385, 0
u,0.8401297330856323, 0.09756612777709961, 0
u,0.7575867772102356, 0.09966295957565308, 0
u,0.8401297330856323, 0.09966295957565308, 0
u,0.6092768311500549, 0.08254307508468628, 0
u,0.526733934879303, 0.09064412117004395, 0
u,0.6092768311500549, 0.09064412117004395, 0
u,0.9651373028755188, 0.5136785507202148, 0
u,0.9710788130760193, 0.5962214469909668, 0
u,0.9710788130760193, 0.5136785507202148, 0
u,0.5267339944839478, 0.045930445194244385, 0
u,0.4441910982131958, 0.04987072944641113, 0
u,0.5267339944839478, 0.04987072944641113, 0
u,0.8401297330856323, 0.09559643268585205, 0
u,0.7575867772102356, 0.09756612777709961, 0
u,0.8401297330856323, 0.09756612777709961, 0
u,0.9593365788459778, 0.5136785507202148, 0
u,0.9651373028755188, 0.5962214469909668, 0
u,0.9651373028755188, 0.5136785507202148, 0
u,0.8401297330856323, 0.09375393390655518, 0
u,0.7575867772102356, 0.09559643268585205, 0
u,0.8401297330856323, 0.09559643268585205, 0
u,0.9536765813827515, 0.5136785507202148, 0
u,0.9593365788459778, 0.5962214469909668, 0
u,0.9593365788459778, 0.5136785507202148, 0
u,0.9481573700904846, 0.5136785507202148, 0
u,0.9536765813827515, 0.5962214469909668, 0
u,0.9536765813827515, 0.5136785507202148, 0
u,0.5267339944839478, 0.04987072944641113, 0
u,0.4441910982131958, 0.05362868309020996, 0
u,0.5267339944839478, 0.05362868309020996, 0
u,0.8401297330856323, 0.09203857183456421, 0
u,0.7575867772102356, 0.09375393390655518, 0
u,0.8401297330856323, 0.09375393390655518, 0
u,0.9427788853645325, 0.5136785507202148, 0
u,0.9481573700904846, 0.5962214469909668, 0
u,0.9481573700904846, 0.5136785507202148, 0
u,0.5267339944839478, 0.05362868309020996, 0
u,0.4441910982131958, 0.05720418691635132, 0
u,0.5267339944839478, 0.05720418691635132, 0
u,0.6092768311500549, 0.09064412117004395, 0
u,0.526733934879303, 0.09874570369720459, 0
u,0.6092768311500549, 0.09874570369720459, 0
u,0.8401297330856323, 0.09045040607452393, 0
u,0.7575867772102356, 0.09203857183456421, 0
u,0.8401297330856323, 0.09203857183456421, 0
u,0.9375411868095398, 0.5136785507202148, 0
u,0.9427788853645325, 0.5962214469909668, 0
u,0.9427788853645325, 0.5136785507202148, 0
u,0.9324442148208618, 0.5136785507202148, 0
u,0.9375411868095398, 0.5962214469909668, 0
u,0.9375411868095398, 0.5136785507202148, 0
u,0.5267339944839478, 0.05720418691635132, 0
u,0.4441910982131958, 0.060597360134124756, 0
u,0.5267339944839478, 0.060597360134124756, 0
u,0.8401297330856323, 0.08898937702178955, 0
u,0.7575867772102356, 0.09045040607452393, 0
u,0.8401297330856323, 0.09045040607452393, 0
u,0.9274880290031433, 0.5136785507202148, 0
u,0.9324442148208618, 0.5962214469909668, 0
u,0.9324442148208618, 0.5136785507202148, 0
u,0.9226725697517395, 0.5136785507202148, 0
u,0.9274880290031433, 0.5962214469909668, 0
u,0.9274880290031433, 0.5136785507202148, 0
u,0.5267339944839478, 0.060597360134124756, 0
u,0.4441910982131958, 0.06380808353424072, 0
u,0.5267339944839478, 0.06380808353424072, 0
u,0.5267339944839478, 0.12239223718643188, 0
u,0.4441910982131958, 0.1237528920173645, 0
u,0.5267339944839478, 0.1237528920173645, 0
u,0.9779666066169739, 0.8349141925573349, 0
u,0.9817714095115662, 0.917457103729248, 0
u,0.9817714095115662, 0.8349141925573349, 0
u,0.5267339944839478, 0.06380808353424072, 0
u,0.4441910982131958, 0.066836416721344, 0
u,0.5267339944839478, 0.066836416721344, 0
u,0.6092768311500549, 0.09874570369720459, 0
u,0.526733934879303, 0.10684788227081299, 0
u,0.6092768311500549, 0.10684782266616821, 0
u,0.5267339944839478, 0.12092816829681396, 0
u,0.4441910982131958, 0.12239223718643188, 0
u,0.5267339944839478, 0.12239223718643188, 0
u,0.97371906042099, 0.8349141925573349, 0
u,0.9779666066169739, 0.917457103729248, 0
u,0.9779666066169739, 0.8349141925573349, 0
u,0.969028890132904, 0.8349141925573349, 0
u,0.97371906042099, 0.917457103729248, 0
u,0.97371906042099, 0.8349141925573349, 0
u,0.5267339944839478, 0.066836416721344, 0
u,0.4441910982131958, 0.06968235969543457, 0
u,0.5267339944839478, 0.06968235969543457, 0
u,0.5267339944839478, 0.119381844997406, 0
u,0.4441910982131958, 0.12092816829681396, 0
u,0.5267339944839478, 0.12092816829681396, 0
u,0.6092768311500549, 0.10684782266616821, 0
u,0.526733934879303, 0.11495047807693481, 0
u,0.6092768311500549, 0.11495047807693481, 0
u,0.9638959169387817, 0.8349141925573349, 0
u,0.969028890132904, 0.917457103729248, 0
u,0.969028890132904, 0.8349141925573349, 0
u,0.5267339944839478, 0.06968235969543457, 0
u,0.4441910982131958, 0.07234591245651245, 0
u,0.5267339944839478, 0.07234591245651245, 0
u,0.5267339944839478, 0.1177746057510376, 0
u,0.4441910982131958, 0.119381844997406, 0
u,0.5267339944839478, 0.119381844997406, 0
u,0.6092768311500549, 0.11495047807693481, 0
u,0.526733934879303, 0.1230536699295044, 0
u,0.6092768311500549, 0.1230536699295044, 0
u,0.9583202004432678, 0.8349141925573349, 0
u,0.9638959169387817, 0.917457103729248, 0
u,0.9638959169387817, 0.8349141925573349, 0
u,0.5267339944839478, 0.07234591245651245, 0
u,0.4441910982131958, 0.07488453388214111, 0
u,0.5267339944839478, 0.07488453388214111, 0
u,0.5267339944839478, 0.11610651016235352, 0
u,0.4441910982131958, 0.1177746057510376, 0
u,0.5267339944839478, 0.1177746057510376, 0
u,0.9523018598556519, 0.8349141925573349, 0
u,0.9583202004432678, 0.917457103729248, 0
u,0.9583202004432678, 0.8349141925573349, 0
u,0.5267339944839478, 0.07488453388214111, 0
u,0.4441910982131958, 0.07735556364059448, 0
u,0.5267339944839478, 0.07735556364059448, 0
u,0.6092768311500549, 0.1230536699295044, 0
u,0.526733934879303, 0.13115739822387695, 0
u,0.6092768311500549, 0.13115739822387695, 0
u,0.5267339944839478, 0.11437743902206421, 0
u,0.4441910982131958, 0.11610651016235352, 0
u,0.5267339944839478, 0.11610651016235352, 0
u,0.9458407163619995, 0.8349141925573349, 0
u,0.9523018598556519, 0.917457103729248, 0
u,0.9523018598556519, 0.8349141925573349, 0
u,0.5267339944839478, 0.07735556364059448, 0
u,0.4441910982131958, 0.07975912094116211, 0
u,0.5267339944839478, 0.07975912094116211, 0
u,0.6092768311500549, 0.13115739822387695, 0
u,0.526733934879303, 0.13926160335540771, 0
u,0.6092768311500549, 0.13926160335540771, 0
u,0.5267339944839478, 0.11258751153945923, 0
u,0.4441910982131958, 0.11437743902206421, 0
u,0.5267339944839478, 0.11437743902206421, 0
u,0.9389368891716003, 0.8349141925573349, 0
u,0.9458407163619995, 0.917457103729248, 0
u,0.9458407163619995, 0.8349141925573349, 0
u,0.5267339944839478, 0.07975912094116211, 0
u,0.4441910982131958, 0.082095205783844, 0
u,0.5267339944839478, 0.082095205783844, 0
u,0.6092768311500549, 0.13926160335540771, 0
u,0.526733934879303, 0.14736634492874146, 0
u,0.6092768311500549, 0.14736634492874146, 0
u,0.5267339944839478, 0.11073672771453857, 0
u,0.4441910982131958, 0.11258751153945923, 0
u,0.5267339944839478, 0.11258751153945923, 0
u,0.9315903782844543, 0.8349141925573349, 0
u,0.9389368891716003, 0.917457103729248, 0
u,0.9389368891716003, 0.8349141925573349, 0
u,0.5267339944839478, 0.082095205783844, 0
u,0.4441910982131958, 0.08436369895935059, 0
u,0.5267339944839478, 0.08436369895935059, 0
u,0.6092768311500549, 0.14736634492874146, 0
u,0.526733934879303, 0.15547162294387817, 0
u,0.6092768311500549, 0.15547162294387817, 0
u,0.923801064491272, 0.8349141925573349, 0
u,0.9315903782844543, 0.917457103729248, 0
u,0.9315903782844543, 0.8349141925573349, 0
u,0.5267339944839478, 0.08436369895935059, 0
u,0.4441910982131958, 0.08656471967697144, 0
u,0.5267339944839478, 0.08656471967697144, 0
u,0.5267339944839478, 0.1088249683380127, 0
u,0.4441910982131958, 0.11073672771453857, 0
u,0.5267339944839478, 0.11073672771453857, 0
u,0.6092768311500549, 0.15547162294387817, 0
u,0.526733934879303, 0.16357743740081787, 0
u,0.6092768311500549, 0.16357743740081787, 0
u,0.9155691266059875, 0.8349141925573349, 0
u,0.923801064491272, 0.917457103729248, 0
u,0.923801064491272, 0.8349141925573349, 0
u,0.5267339944839478, 0.08656471967697144, 0
u,0.4441910982131958, 0.08869814872741699, 0
u,0.5267339944839478, 0.08869814872741699, 0
u,0.5267339944839478, 0.10685235261917114, 0
u,0.4441910982131958, 0.1088249683380127, 0
u,0.5267339944839478, 0.1088249683380127, 0
u,0.6092768311500549, 0.16357743740081787, 0
u,0.526733934879303, 0.17168372869491577, 0
u,0.6092768311500549, 0.17168372869491577, 0
u,0.9068943858146667, 0.8349141925573349, 0
u,0.9155691266059875, 0.917457103729248, 0
u,0.9155691266059875, 0.8349141925573349, 0
u,0.5267339944839478, 0.08869814872741699, 0
u,0.4441910982131958, 0.0907641053199768, 0
u,0.5267339944839478, 0.0907641053199768, 0
u,0.5267339944839478, 0.10481882095336914, 0
u,0.4441910982131958, 0.10685235261917114, 0
u,0.5267339944839478, 0.10685235261917114, 0
u,0.6092768311500549, 0.17168372869491577, 0
u,0.526733934879303, 0.17979055643081665, 0
u,0.6092768311500549, 0.17979055643081665, 0
u,0.6848517060279846, 0.7004645466804504, 0
u,0.690981924533844, 0.7830074429512024, 0
u,0.690981924533844, 0.7004645466804504, 0
u,0.5267339944839478, 0.0907641053199768, 0
u,0.4441910982131958, 0.09276258945465088, 0
u,0.5267339944839478, 0.09276258945465088, 0
u,0.5267339944839478, 0.10272437334060669, 0
u,0.4441910982131958, 0.10481882095336914, 0
u,0.5267339944839478, 0.10481882095336914, 0
u,0.6788845062255859, 0.7004645466804504, 0
u,0.6848517060279846, 0.7830074429512024, 0
u,0.6848517060279846, 0.7004645466804504, 0
u,0.9778736233711243, 0.917457103729248, 0
u,0.9807553887367249, 1.0, 0
u,0.9807553887367249, 0.917457103729248, 0
u,0.5267339944839478, 0.09276258945465088, 0
u,0.4441910982131958, 0.09469348192214966, 0
u,0.5267339944839478, 0.09469348192214966, 0
u,0.5267339944839478, 0.10056900978088379, 0
u,0.4441910982131958, 0.10272437334060669, 0
u,0.5267339944839478, 0.10272437334060669, 0
u,0.9807553887367249, 0.917457103729248, 0
u,0.9828670024871826, 1.0, 0
u,0.9828670024871826, 0.917457103729248, 0
u,0.974811315536499, 0.917457103729248, 0
u,0.9778736233711243, 1.0, 0
u,0.9778736233711243, 0.917457103729248, 0
u,0.5267339944839478, 0.09469348192214966, 0
u,0.4441910982131958, 0.0965569019317627, 0
u,0.5267339944839478, 0.0965569019317627, 0
u,0.9715683460235596, 0.917457103729248, 0
u,0.974811315536499, 1.0, 0
u,0.974811315536499, 0.917457103729248, 0
u,0.5267339944839478, 0.09835273027420044, 0
u,0.4441910982131958, 0.10056900978088379, 0
u,0.5267339944839478, 0.10056900978088379, 0
u,0.5267339944839478, 0.0965569019317627, 0
u,0.4441910982131958, 0.09835278987884521, 0
u,0.5267339944839478, 0.09835273027420044, 0
u,0.9681448340415955, 0.917457103729248, 0
u,0.9715683460235596, 1.0, 0
u,0.9715683460235596, 0.917457103729248, 0
u,0.9645407199859619, 0.917457103729248, 0
u,0.9681448340415955, 1.0, 0
u,0.9681448340415955, 0.917457103729248, 0
u,0.9607560038566589, 0.917457103729248, 0
u,0.9645407199859619, 1.0, 0
u,0.9645407199859619, 0.917457103729248, 0
u,0.9567906856536865, 0.917457103729248, 0
u,0.9607560038566589, 1.0, 0
u,0.9607560038566589, 0.917457103729248, 0
u,0.6730802655220032, 0.7004645466804504, 0
u,0.6788845062255859, 0.7830074429512024, 0
u,0.6788845062255859, 0.7004645466804504, 0
u,0.9526447653770447, 0.917457103729248, 0
u,0.9567906856536865, 1.0, 0
u,0.9567906856536865, 0.917457103729248, 0
u,0.9483182430267334, 0.917457103729248, 0
u,0.9526447653770447, 1.0, 0
u,0.9526447653770447, 0.917457103729248, 0
u,0.9438111782073975, 0.917457103729248, 0
u,0.9483182430267334, 1.0, 0
u,0.9483182430267334, 0.917457103729248, 0
u,0.9391234517097473, 0.917457103729248, 0
u,0.9438111782073975, 1.0, 0
u,0.9438111782073975, 0.917457103729248, 0
u,0.9342551827430725, 0.917457103729248, 0
u,0.9391234517097473, 1.0, 0
u,0.9391234517097473, 0.917457103729248, 0
u,0.9068944454193115, 0.917457103729248, 0
u,0.9342551827430725, 1.0, 0
u,0.9342551827430725, 0.917457103729248, 0
u,0.4128115177154541, 0.13882672786712646, 0
u,0.4268491864204407, 0.22136962413787842, 0
u,0.4268491864204407, 0.13882672786712646, 0
u,0.6674389839172363, 0.7004645466804504, 0
u,0.6730802655220032, 0.7830074429512024, 0
u,0.6730802655220032, 0.7004645466804504, 0
u,0.6619606018066406, 0.7004645466804504, 0
u,0.6674389839172363, 0.7830074429512024, 0
u,0.6674389839172363, 0.7004645466804504, 0
u,0.6566452383995056, 0.7004645466804504, 0
u,0.6619606018066406, 0.7830074429512024, 0
u,0.6619606018066406, 0.7004645466804504, 0
u,0.6514928936958313, 0.7004645466804504, 0
u,0.6566452383995056, 0.7830074429512024, 0
u,0.6566452383995056, 0.7004645466804504, 0
u,0.6465034484863281, 0.7004645466804504, 0
u,0.6514928936958313, 0.7830074429512024, 0
u,0.6514928936958313, 0.7004645466804504, 0
u,0.6416769623756409, 0.7004645466804504, 0
u,0.6465034484863281, 0.7830074429512024, 0
u,0.6465034484863281, 0.7004645466804504, 0
u,0.6370134353637695, 0.7004645466804504, 0
u,0.6416769623756409, 0.7830074429512024, 0
u,0.6416769623756409, 0.7004645466804504, 0
u,0.6325129270553589, 0.7004645466804504, 0
u,0.6370134353637695, 0.7830074429512024, 0
u,0.6370134353637695, 0.7004645466804504, 0
u,0.6281753182411194, 0.7004645466804504, 0
u,0.6325129270553589, 0.7830074429512024, 0
u,0.6325129270553589, 0.7004645466804504, 0
u,0.4268491864204407, 0.13882672786712646, 0
u,0.4284054934978485, 0.22136962413787842, 0
u,0.4284054934978485, 0.13882672786712646, 0
u,0.657143235206604, 0.2141430377960205, 0
u,0.6722182035446167, 0.29668599367141724, 0
u,0.6722182035446167, 0.2141430377960205, 0
u,0.4284054934978485, 0.13882672786712646, 0
u,0.4299415946006775, 0.22136962413787842, 0
u,0.4299415946006775, 0.13882672786712646, 0
u,0.4299415946006775, 0.13882672786712646, 0
u,0.4314574897289276, 0.22136962413787842, 0
u,0.4314574897289276, 0.13882672786712646, 0
u,0.4314574897289276, 0.13882672786712646, 0
u,0.4329531788825989, 0.22136962413787842, 0
u,0.4329531788825989, 0.13882672786712646, 0
u,0.4329531788825989, 0.13882672786712646, 0
u,0.4344286322593689, 0.22136962413787842, 0
u,0.4344286322593689, 0.13882672786712646, 0
u,0.4344286322593689, 0.13882672786712646, 0
u,0.43588390946388245, 0.22136962413787842, 0
u,0.43588390946388245, 0.13882672786712646, 0
u,0.43588390946388245, 0.13882672786712646, 0
u,0.43731895089149475, 0.22136962413787842, 0
u,0.43731895089149475, 0.13882672786712646, 0
u,0.43731895089149475, 0.13882672786712646, 0
u,0.4387337863445282, 0.22136962413787842, 0
u,0.4387337863445282, 0.13882672786712646, 0
u,0.4387337863445282, 0.13882672786712646, 0
u,0.4401284456253052, 0.22136962413787842, 0
u,0.4401284456253052, 0.13882672786712646, 0
u,0.4401284456253052, 0.13882672786712646, 0
u,0.4415028691291809, 0.22136962413787842, 0
u,0.4415028691291809, 0.13882672786712646, 0
u,0.9226726293563843, 0.1835070252418518, 0
u,0.9813511371612549, 0.26604992151260376, 0
u,0.9813511371612549, 0.1835070252418518, 0
u,0.9495260715484619, 0.752371296286583, 0
u,0.953361988067627, 0.8349141925573349, 0
u,0.953361988067627, 0.752371296286583, 0
u,0.9456835389137268, 0.752371296286583, 0
u,0.9495260715484619, 0.8349141925573349, 0
u,0.9495260715484619, 0.752371296286583, 0
u,0.4415028691291809, 0.13882672786712646, 0
u,0.4428570866584778, 0.22136962413787842, 0
u,0.4428570866584778, 0.13882672786712646, 0
u,0.8401297330856323, 0.3022821545600891, 0
u,0.7575868368148804, 0.3051808476448059, 0
u,0.8401297330856323, 0.3051808476448059, 0
u,0.953361988067627, 0.752371296286583, 0
u,0.9816440343856812, 0.8349141925573349, 0
u,0.9816440343856812, 0.752371296286583, 0
u,0.6281753182411194, 0.6026683151721954, 0
u,0.5456324219703674, 0.6082842648029327, 0
u,0.6281753182411194, 0.6082842648029327, 0
u,0.9418344497680664, 0.752371296286583, 0
u,0.9456835389137268, 0.8349141925573349, 0
u,0.9456835389137268, 0.752371296286583, 0
u,0.9379786849021912, 0.752371296286583, 0
u,0.9418344497680664, 0.8349141925573349, 0
u,0.9418344497680664, 0.752371296286583, 0
u,0.9341163039207458, 0.752371296286583, 0
u,0.9379786849021912, 0.8349141925573349, 0
u,0.9379786849021912, 0.752371296286583, 0
u,0.9302472472190857, 0.752371296286583, 0
u,0.9341163039207458, 0.8349141925573349, 0
u,0.9341163039207458, 0.752371296286583, 0
u,0.9263716340065002, 0.752371296286583, 0
u,0.9302472472190857, 0.8349141925573349, 0
u,0.9302472472190857, 0.752371296286583, 0
u,0.9224894046783447, 0.752371296286583, 0
u,0.9263716340065002, 0.8349141925573349, 0
u,0.9263716340065002, 0.752371296286583, 0
u,0.9186005592346191, 0.752371296286583, 0
u,0.9224894046783447, 0.8349141925573349, 0
u,0.9224894046783447, 0.752371296286583, 0
u,0.9147050976753235, 0.752371296286583, 0
u,0.9186005592346191, 0.8349141925573349, 0
u,0.9186005592346191, 0.752371296286583, 0
u,0.9108030200004578, 0.752371296286583, 0
u,0.9147050976753235, 0.8349141925573349, 0
u,0.9147050976753235, 0.752371296286583, 0
u,0.906894326210022, 0.752371296286583, 0
u,0.9108030200004578, 0.8349141925573349, 0
u,0.9108030200004578, 0.752371296286583, 0
u,0.4428570866584778, 0.13882672786712646, 0
u,0.4441910982131958, 0.22136962413787842, 0
u,0.4441910982131958, 0.13882672786712646, 0
u,0.8401297330856323, 0.29878658056259155, 0
u,0.7575868368148804, 0.3022821545600891, 0
u,0.8401297330856323, 0.3022821545600891, 0
u,0.6281753182411194, 0.6082842648029327, 0
u,0.5456324219703674, 0.6144460737705231, 0
u,0.6281753182411194, 0.6144460737705231, 0
u,0.8401297330856323, 0.2946942448616028, 0
u,0.7575868368148804, 0.29878658056259155, 0
u,0.8401297330856323, 0.29878658056259155, 0
u,0.8401297330856323, 0.29000502824783325, 0
u,0.7575868368148804, 0.2946942448616028, 0
u,0.8401297330856323, 0.2946942448616028, 0
u,0.6281753182411194, 0.6144460737705231, 0
u,0.5456324219703674, 0.621153712272644, 0
u,0.6281753182411194, 0.621153712272644, 0
u,0.8401297330856323, 0.28471899032592773, 0
u,0.7575868368148804, 0.29000502824783325, 0
u,0.8401297330856323, 0.29000502824783325, 0
u,0.6281753182411194, 0.621153712272644, 0
u,0.5456324219703674, 0.628407210111618, 0
u,0.6281753182411194, 0.628407210111618, 0
u,0.8401297330856323, 0.27883613109588623, 0
u,0.7575868368148804, 0.28471899032592773, 0
u,0.8401297330856323, 0.28471899032592773, 0
u,0.6281753182411194, 0.628407210111618, 0
u,0.5456324219703674, 0.6362065374851227, 0
u,0.6281753182411194, 0.6362065374851227, 0
u,0.8401297330856323, 0.27235639095306396, 0
u,0.7575868368148804, 0.27883613109588623, 0
u,0.8401297330856323, 0.27883613109588623, 0
u,0.8401297330856323, 0.2652798295021057, 0
u,0.7575868368148804, 0.27235639095306396, 0
u,0.8401297330856323, 0.27235639095306396, 0
u,0.6281753182411194, 0.6362065374851227, 0
u,0.5456324219703674, 0.6445517241954803, 0
u,0.6281753182411194, 0.6445517241954803, 0
u,0.8401297330856323, 0.2576064467430115, 0
u,0.7575868368148804, 0.2652798295021057, 0
u,0.8401297330856323, 0.2652798295021057, 0
u,0.6281753182411194, 0.6445517241954803, 0
u,0.5456324219703674, 0.653442770242691, 0
u,0.6281753182411194, 0.6534427404403687, 0
u,0.8401297330856323, 0.24933618307113647, 0
u,0.7575868368148804, 0.2576064467430115, 0
u,0.8401297330856323, 0.2576064467430115, 0
u,0.6281753182411194, 0.6534427404403687, 0
u,0.5456324219703674, 0.6628796458244324, 0
u,0.6281753182411194, 0.66287961602211, 0
u,0.8401297330856323, 0.24046915769577026, 0
u,0.7575868368148804, 0.24933618307113647, 0
u,0.8401297330856323, 0.24933618307113647, 0
u,0.6281753182411194, 0.66287961602211, 0
u,0.5456324219703674, 0.6728623509407043, 0
u,0.6281753182411194, 0.6728623509407043, 0
u,0.8401297330856323, 0.2310052514076233, 0
u,0.7575868368148804, 0.24046915769577026, 0
u,0.8401297330856323, 0.24046915769577026, 0
u,0.6281753182411194, 0.6728623509407043, 0
u,0.5456324219703674, 0.6833909153938293, 0
u,0.6281753182411194, 0.6833909153938293, 0
u,0.8401297330856323, 0.21664756536483765, 0
u,0.7575868368148804, 0.2310052514076233, 0
u,0.8401297330856323, 0.2310052514076233, 0
u,0.6281753182411194, 0.6833909153938293, 0
u,0.5456324219703674, 0.694465309381485, 0
u,0.6281753182411194, 0.694465309381485, 0
u,0.8401297330856323, 0.2033659815788269, 0
u,0.7575868368148804, 0.21664756536483765, 0
u,0.8401297330856323, 0.21664756536483765, 0
u,0.6281753182411194, 0.694465309381485, 0
u,0.5456324219703674, 0.7060855627059937, 0
u,0.6281753182411194, 0.7060855627059937, 0
u,0.8401297330856323, 0.19116055965423584, 0
u,0.7575868368148804, 0.2033659815788269, 0
u,0.8401297330856323, 0.2033659815788269, 0
u,0.6281753182411194, 0.7060855627059937, 0
u,0.5456324219703674, 0.7150157988071442, 0
u,0.6281753182411194, 0.7150157988071442, 0
u,0.6281753182411194, 0.7150157988071442, 0
u,0.5456324219703674, 0.723349541425705, 0
u,0.6281753182411194, 0.723349541425705, 0
u,0.8401297330856323, 0.18003129959106445, 0
u,0.7575867772102356, 0.19116055965423584, 0
u,0.8401297330856323, 0.19116055965423584, 0
u,0.6281753182411194, 0.723349541425705, 0
u,0.5456324219703674, 0.7310867607593536, 0
u,0.6281753182411194, 0.7310867309570312, 0
u,0.8401297330856323, 0.16997814178466797, 0
u,0.7575867772102356, 0.18003129959106445, 0
u,0.8401297330856323, 0.18003129959106445, 0
u,0.6281753182411194, 0.7310867309570312, 0
u,0.5456324219703674, 0.7382274270057678, 0
u,0.6281753182411194, 0.7382274270057678, 0
u,0.8401297330856323, 0.16100114583969116, 0
u,0.7575867772102356, 0.16997814178466797, 0
u,0.8401297330856323, 0.16997814178466797, 0
u,0.6281753182411194, 0.7382274270057678, 0
u,0.5456324219703674, 0.7447715997695923, 0
u,0.6281753182411194, 0.7447715997695923, 0
u,0.6281753182411194, 0.7447715997695923, 0
u,0.5456324219703674, 0.7507192492485046, 0
u,0.6281753182411194, 0.7507192492485046, 0
u,0.8401297330856323, 0.15310031175613403, 0
u,0.7575867772102356, 0.16100114583969116, 0
u,0.8401297330856323, 0.16100114583969116, 0
u,0.6281753182411194, 0.7507192492485046, 0
u,0.5456324219703674, 0.7560703754425049, 0
u,0.6281753182411194, 0.7560703754425049, 0
u,0.9870247840881348, 0.10096412897109985, 0
u,0.9903442859649658, 0.1835070252418518, 0
u,0.9903442859649658, 0.10096412897109985, 0
u,0.9226726293563843, 0.0184212327003479, 0
u,0.9357250928878784, 0.10096412897109985, 0
u,0.9357250928878784, 0.0184212327003479, 0
u,0.8401297330856323, 0.14627563953399658, 0
u,0.7575867772102356, 0.15310031175613403, 0
u,0.8401297330856323, 0.15310031175613403, 0
u,0.6281753182411194, 0.7560703754425049, 0
u,0.5456324219703674, 0.7608249932527542, 0
u,0.6281753182411194, 0.7608249932527542, 0
u,0.983745276927948, 0.10096412897109985, 0
u,0.9870247840881348, 0.1835070252418518, 0
u,0.9870247840881348, 0.10096412897109985, 0
u,0.9805058240890503, 0.10096412897109985, 0
u,0.983745276927948, 0.1835070252418518, 0
u,0.983745276927948, 0.10096412897109985, 0
u,0.6281753182411194, 0.7608249932527542, 0
u,0.5456324219703674, 0.7608249932527542, 0
u,0.5456324219703674, 0.7649830877780914, 0
u,0.8401297330856323, 0.14052700996398926, 0
u,0.7575867772102356, 0.14052706956863403, 0
u,0.7575867772102356, 0.14627563953399658, 0
u,0.667168140411377, 0.09724760055541992, 0
u,0.667168140411377, 0.17979049682617188, 0
u,0.670445442199707, 0.17979049682617188, 0
u,0.6638321280479431, 0.09724760055541992, 0
u,0.6638321280479431, 0.17979049682617188, 0
u,0.667168140411377, 0.17979049682617188, 0
u,0.6281753182411194, 0.7649830728769302, 0
u,0.5456324219703674, 0.7649830877780914, 0
u,0.5456324219703674, 0.7685446739196777, 0
u,0.6604375243186951, 0.09724760055541992, 0
u,0.6604375243186951, 0.17979049682617188, 0
u,0.6638321280479431, 0.17979049682617188, 0
u,0.8401297330856323, 0.1358546018600464, 0
u,0.7575867772102356, 0.1358546018600464, 0
u,0.7575867772102356, 0.14052706956863403, 0
u,0.6281753182411194, 0.7685446590185165, 0
u,0.5456324219703674, 0.7685446739196777, 0
u,0.5456324219703674, 0.7715097367763519, 0
u,0.9357250928878784, 0.0184212327003479, 0
u,0.9357250928878784, 0.10096412897109985, 0
u,0.9731879234313965, 0.10096412897109985, 0
u,0.6569841504096985, 0.09724760055541992, 0
u,0.6569841504096985, 0.17979049682617188, 0
u,0.6604375243186951, 0.17979049682617188, 0
u,0.6534721255302429, 0.09724760055541992, 0
u,0.6534721255302429, 0.17979049682617188, 0
u,0.6569841504096985, 0.17979049682617188, 0
u,0.6281753182411194, 0.7715097218751907, 0
u,0.5456324219703674, 0.7715097367763519, 0
u,0.5456324219703674, 0.773878276348114, 0
u,0.8401297330856323, 0.1322583556175232, 0
u,0.7575867772102356, 0.1322583556175232, 0
u,0.7575867772102356, 0.1358546018600464, 0
u,0.6499014496803284, 0.09724760055541992, 0
u,0.6499014496803284, 0.17979049682617188, 0
u,0.6534721255302429, 0.17979049682617188, 0
u,0.6281753182411194, 0.7738782614469528, 0
u,0.5456324219703674, 0.773878276348114, 0
u,0.5456324219703674, 0.7749731838703156, 0
u,0.6281753182411194, 0.7749731689691544, 0
u,0.5456324219703674, 0.7749731838703156, 0
u,0.5456324219703674, 0.7760150730609894, 0
u,0.8401297330856323, 0.12973815202713013, 0
u,0.7575867772102356, 0.1297382116317749, 0
u,0.7575867772102356, 0.1322583556175232, 0
u,0.6462720632553101, 0.09724760055541992, 0
u,0.6462720632553101, 0.17979049682617188, 0
u,0.6499014496803284, 0.17979049682617188, 0
u,0.6281753182411194, 0.7760150581598282, 0
u,0.5456324219703674, 0.7760150730609894, 0
u,0.5456324219703674, 0.7770039737224579, 0
u,0.6281753182411194, 0.7770039737224579, 0
u,0.5456324219703674, 0.7770039737224579, 0
u,0.5456324219703674, 0.7779398858547211, 0
u,0.8401297330856323, 0.12777948379516602, 0
u,0.7575867772102356, 0.12777948379516602, 0
u,0.7575867772102356, 0.1297382116317749, 0
u,0.642583966255188, 0.09724760055541992, 0
u,0.642583966255188, 0.17979049682617188, 0
u,0.6462720632553101, 0.17979049682617188, 0
u,0.6281753182411194, 0.7779398858547211, 0
u,0.5456324219703674, 0.7779398858547211, 0
u,0.5456324219703674, 0.7788228094577789, 0
u,0.6281753182411194, 0.7788227945566177, 0
u,0.5456324219703674, 0.7788228094577789, 0
u,0.5456324219703674, 0.7796527296304703, 0
u,0.8401297330856323, 0.12586760520935059, 0
u,0.7575867772102356, 0.12586760520935059, 0
u,0.7575867772102356, 0.12777948379516602, 0
u,0.6281753182411194, 0.7796527147293091, 0
u,0.5456324219703674, 0.7796527296304703, 0
u,0.5456324219703674, 0.7804296463727951, 0
u,0.6388372182846069, 0.09724760055541992, 0
u,0.6388372182846069, 0.17979049682617188, 0
u,0.642583966255188, 0.17979049682617188, 0
u,0.6281753182411194, 0.7804296463727951, 0
u,0.5456324219703674, 0.7804296463727951, 0
u,0.5456324219703674, 0.781153604388237, 0
u,0.8401297330856323, 0.12400251626968384, 0
u,0.7575867772102356, 0.12400251626968384, 0
u,0.7575867772102356, 0.12586760520935059, 0
u,0.6281753182411194, 0.7811535894870758, 0
u,0.5456324219703674, 0.781153604388237, 0
u,0.5456324219703674, 0.78182452917099, 0
u,0.6369085907936096, 0.09724760055541992, 0
u,0.6369085907936096, 0.17979049682617188, 0
u,0.6388372182846069, 0.17979049682617188, 0
u,0.6281753182411194, 0.78182452917099, 0
u,0.5456324219703674, 0.78182452917099, 0
u,0.5456324219703674, 0.7824424803256989, 0
u,0.6350321769714355, 0.09724760055541992, 0
u,0.6350321769714355, 0.17979049682617188, 0
u,0.6369085907936096, 0.17979049682617188, 0
u,0.8401297330856323, 0.122184157371521, 0
u,0.7575867772102356, 0.12218421697616577, 0
u,0.7575867772102356, 0.12400251626968384, 0
u,0.6281753182411194, 0.7824424654245377, 0
u,0.5456324219703674, 0.7824424803256989, 0
u,0.5456324219703674, 0.78300741314888, 0
u,0.6092768907546997, 0.09724760055541992, 0
u,0.6092768907546997, 0.17979049682617188, 0
u,0.6098666787147522, 0.17979049682617188, 0
u,0.6332079768180847, 0.09724760055541992, 0
u,0.6332079768180847, 0.17979049682617188, 0
u,0.6350321769714355, 0.17979049682617188, 0
u,0.6098666787147522, 0.09724760055541992, 0
u,0.6098666787147522, 0.17979049682617188, 0
u,0.6104955077171326, 0.17979049682617188, 0
u,0.6314359903335571, 0.09724760055541992, 0
u,0.6314359903335571, 0.17979049682617188, 0
u,0.6332079768180847, 0.17979049682617188, 0
u,0.8401297330856323, 0.12041264772415161, 0
u,0.7575867772102356, 0.12041264772415161, 0
u,0.7575867772102356, 0.12218421697616577, 0
u,0.6104955077171326, 0.09724760055541992, 0
u,0.6104955077171326, 0.17979049682617188, 0
u,0.6111505031585693, 0.17979049682617188, 0
u,0.6297162175178528, 0.09724760055541992, 0
u,0.6297162175178528, 0.17979049682617188, 0
u,0.6314359903335571, 0.17979049682617188, 0
u,0.6111505031585693, 0.09724760055541992, 0
u,0.6111505031585693, 0.17979049682617188, 0
u,0.6118317246437073, 0.17979049682617188, 0
u,0.6280486583709717, 0.09724760055541992, 0
u,0.6280486583709717, 0.17979049682617188, 0
u,0.6297162175178528, 0.17979049682617188, 0
u,0.6118317246437073, 0.09724760055541992, 0
u,0.6118317246437073, 0.17979049682617188, 0
u,0.6125390529632568, 0.17979049682617188, 0
u,0.6125390529632568, 0.09724760055541992, 0
u,0.6125390529632568, 0.17979049682617188, 0
u,0.6132725477218628, 0.17979049682617188, 0
u,0.8401297330856323, 0.11868792772293091, 0
u,0.7575867772102356, 0.11868792772293091, 0
u,0.7575867772102356, 0.12041264772415161, 0
u,0.626433253288269, 0.09724760055541992, 0
u,0.626433253288269, 0.17979049682617188, 0
u,0.6280486583709717, 0.17979049682617188, 0
u,0.6132725477218628, 0.09724760055541992, 0
u,0.6132725477218628, 0.17979049682617188, 0
u,0.6140322089195251, 0.17979049682617188, 0
u,0.6248701214790344, 0.09724760055541992, 0
u,0.6248701214790344, 0.17979049682617188, 0
u,0.626433253288269, 0.17979049682617188, 0
u,0.6140322089195251, 0.09724760055541992, 0
u,0.6140322089195251, 0.17979049682617188, 0
u,0.6148180365562439, 0.17979049682617188, 0
u,0.623359203338623, 0.09724760055541992, 0
u,0.623359203338623, 0.17979049682617188, 0
u,0.6248701214790344, 0.17979049682617188, 0
u,0.6148180365562439, 0.09724760055541992, 0
u,0.6148180365562439, 0.17979049682617188, 0
u,0.615630030632019, 0.17979049682617188, 0
u,0.615630030632019, 0.09724760055541992, 0
u,0.615630030632019, 0.17979049682617188, 0
u,0.6164681911468506, 0.17979049682617188, 0
u,0.6219004988670349, 0.09724760055541992, 0
u,0.6219004988670349, 0.17979049682617188, 0
u,0.623359203338623, 0.17979049682617188, 0
u,0.6164681911468506, 0.09724760055541992, 0
u,0.6164681911468506, 0.17979049682617188, 0
u,0.6173325181007385, 0.17979049682617188, 0
u,0.6204939484596252, 0.09724760055541992, 0
u,0.6204939484596252, 0.17979049682617188, 0
u,0.6219004988670349, 0.17979049682617188, 0
u,0.6173325181007385, 0.09724760055541992, 0
u,0.6173325181007385, 0.17979049682617188, 0
u,0.6182230114936829, 0.17979049682617188, 0
u,0.6191396713256836, 0.09724760055541992, 0
u,0.6191396713256836, 0.17979049682617188, 0
u,0.6204939484596252, 0.17979049682617188, 0
u,0.6182230114936829, 0.09724760055541992, 0
u,0.6182230114936829, 0.17979049682617188, 0
u,0.6191396713256836, 0.17979049682617188, 0
u,0.8401297330856323, 0.11700993776321411, 0
u,0.7575867772102356, 0.11700993776321411, 0
u,0.7575867772102356, 0.11868792772293091, 0
u,0.8401297330856323, 0.11537879705429077, 0
u,0.7575867772102356, 0.11537879705429077, 0
u,0.7575867772102356, 0.11700993776321411, 0
u,0.8401297330856323, 0.11379438638687134, 0
u,0.7575867772102356, 0.11379438638687134, 0
u,0.7575867772102356, 0.11537879705429077, 0
u,0.8401297330856323, 0.11225676536560059, 0
u,0.7575867772102356, 0.11225682497024536, 0
u,0.7575867772102356, 0.11379438638687134, 0
u,0.8401297330856323, 0.11076599359512329, 0
u,0.7575867772102356, 0.11076599359512329, 0
u,0.7575867772102356, 0.11225682497024536, 0
u,0.8401297330856323, 0.1093219518661499, 0
u,0.7575867772102356, 0.1093219518661499, 0
u,0.7575867772102356, 0.11076599359512329, 0
u,0.5267339944839478, 0.028345167636871338, 0
u,0.4441910982131958, 0.028345167636871338, 0
u,0.4441910982131958, 0.03301507234573364, 0
u,0.8401297330856323, 0.10671645402908325, 0
u,0.7575867772102356, 0.10671645402908325, 0
u,0.7575867772102356, 0.1093219518661499, 0
u,0.8401297330856323, 0.10423809289932251, 0
u,0.7575867772102356, 0.10423815250396729, 0
u,0.7575867772102356, 0.10671645402908325, 0
u,0.5267339944839478, 0.03301507234573364, 0
u,0.4441910982131958, 0.03301507234573364, 0
u,0.4441910982131958, 0.03750258684158325, 0
u,0.8401297330856323, 0.10188698768615723, 0
u,0.7575867772102356, 0.10188698768615723, 0
u,0.7575867772102356, 0.10423815250396729, 0
u,0.9833840727806091, 0.5136785507202148, 0
u,0.9833840727806091, 0.5962214469909668, 0
u,0.9897478222846985, 0.5962214469909668, 0
u,0.5267339944839478, 0.03750258684158325, 0
u,0.4441910982131958, 0.03750258684158325, 0
u,0.4441910982131958, 0.041807711124420166, 0
u,0.9897478222846985, 0.5136785507202148, 0
u,0.9897478222846985, 0.5962214469909668, 0
u,0.9952859282493591, 0.5962214469909668, 0
u,0.8401297330856323, 0.09966295957565308, 0
u,0.7575867772102356, 0.09966295957565308, 0
u,0.7575867772102356, 0.10188698768615723, 0
u,0.9771610498428345, 0.5136785507202148, 0
u,0.9771610498428345, 0.5962214469909668, 0
u,0.9833840727806091, 0.5962214469909668, 0
u,0.9710788130760193, 0.5136785507202148, 0
u,0.9710788130760193, 0.5962214469909668, 0
u,0.9771610498428345, 0.5962214469909668, 0
u,0.5267339944839478, 0.041807711124420166, 0
u,0.4441910982131958, 0.041807711124420166, 0
u,0.4441910982131958, 0.045930445194244385, 0
u,0.8401297330856323, 0.09756612777709961, 0
u,0.7575867772102356, 0.09756612777709961, 0
u,0.7575867772102356, 0.09966295957565308, 0
u,0.6092768311500549, 0.08254307508468628, 0
u,0.526733934879303, 0.08254307508468628, 0
u,0.526733934879303, 0.09064412117004395, 0
u,0.9651373028755188, 0.5136785507202148, 0
u,0.9651373028755188, 0.5962214469909668, 0
u,0.9710788130760193, 0.5962214469909668, 0
u,0.5267339944839478, 0.045930445194244385, 0
u,0.4441910982131958, 0.045930445194244385, 0
u,0.4441910982131958, 0.04987072944641113, 0
u,0.8401297330856323, 0.09559643268585205, 0
u,0.7575867772102356, 0.09559643268585205, 0
u,0.7575867772102356, 0.09756612777709961, 0
u,0.9593365788459778, 0.5136785507202148, 0
u,0.9593365788459778, 0.5962214469909668, 0
u,0.9651373028755188, 0.5962214469909668, 0
u,0.8401297330856323, 0.09375393390655518, 0
u,0.7575867772102356, 0.09375393390655518, 0
u,0.7575867772102356, 0.09559643268585205, 0
u,0.9536765813827515, 0.5136785507202148, 0
u,0.9536765813827515, 0.5962214469909668, 0
u,0.9593365788459778, 0.5962214469909668, 0
u,0.9481573700904846, 0.5136785507202148, 0
u,0.9481573700904846, 0.5962214469909668, 0
u,0.9536765813827515, 0.5962214469909668, 0
u,0.5267339944839478, 0.04987072944641113, 0
u,0.4441910982131958, 0.04987072944641113, 0
u,0.4441910982131958, 0.05362868309020996, 0
u,0.8401297330856323, 0.09203857183456421, 0
u,0.7575867772102356, 0.09203857183456421, 0
u,0.7575867772102356, 0.09375393390655518, 0
u,0.9427788853645325, 0.5136785507202148, 0
u,0.9427788853645325, 0.5962214469909668, 0
u,0.9481573700904846, 0.5962214469909668, 0
u,0.5267339944839478, 0.05362868309020996, 0
u,0.4441910982131958, 0.05362868309020996, 0
u,0.4441910982131958, 0.05720418691635132, 0
u,0.6092768311500549, 0.09064412117004395, 0
u,0.526733934879303, 0.09064412117004395, 0
u,0.526733934879303, 0.09874570369720459, 0
u,0.8401297330856323, 0.09045040607452393, 0
u,0.7575867772102356, 0.09045040607452393, 0
u,0.7575867772102356, 0.09203857183456421, 0
u,0.9375411868095398, 0.5136785507202148, 0
u,0.9375411868095398, 0.5962214469909668, 0
u,0.9427788853645325, 0.5962214469909668, 0
u,0.9324442148208618, 0.5136785507202148, 0
u,0.9324442148208618, 0.5962214469909668, 0
u,0.9375411868095398, 0.5962214469909668, 0
u,0.5267339944839478, 0.05720418691635132, 0
u,0.4441910982131958, 0.05720418691635132, 0
u,0.4441910982131958, 0.060597360134124756, 0
u,0.8401297330856323, 0.08898937702178955, 0
u,0.7575867772102356, 0.08898937702178955, 0
u,0.7575867772102356, 0.09045040607452393, 0
u,0.9274880290031433, 0.5136785507202148, 0
u,0.9274880290031433, 0.5962214469909668, 0
u,0.9324442148208618, 0.5962214469909668, 0
u,0.9226725697517395, 0.5136785507202148, 0
u,0.9226725697517395, 0.5962214469909668, 0
u,0.9274880290031433, 0.5962214469909668, 0
u,0.5267339944839478, 0.060597360134124756, 0
u,0.4441910982131958, 0.060597360134124756, 0
u,0.4441910982131958, 0.06380808353424072, 0
u,0.5267339944839478, 0.12239223718643188, 0
u,0.4441910982131958, 0.12239223718643188, 0
u,0.4441910982131958, 0.1237528920173645, 0
u,0.9779666066169739, 0.8349141925573349, 0
u,0.9779666066169739, 0.917457103729248, 0
u,0.9817714095115662, 0.917457103729248, 0
u,0.5267339944839478, 0.06380808353424072, 0
u,0.4441910982131958, 0.06380808353424072, 0
u,0.4441910982131958, 0.066836416721344, 0
u,0.6092768311500549, 0.09874570369720459, 0
u,0.526733934879303, 0.09874570369720459, 0
u,0.526733934879303, 0.10684788227081299, 0
u,0.5267339944839478, 0.12092816829681396, 0
u,0.4441910982131958, 0.12092816829681396, 0
u,0.4441910982131958, 0.12239223718643188, 0
u,0.97371906042099, 0.8349141925573349, 0
u,0.97371906042099, 0.917457103729248, 0
u,0.9779666066169739, 0.917457103729248, 0
u,0.969028890132904, 0.8349141925573349, 0
u,0.969028890132904, 0.917457103729248, 0
u,0.97371906042099, 0.917457103729248, 0
u,0.5267339944839478, 0.066836416721344, 0
u,0.4441910982131958, 0.066836416721344, 0
u,0.4441910982131958, 0.06968235969543457, 0
u,0.5267339944839478, 0.119381844997406, 0
u,0.4441910982131958, 0.119381844997406, 0
u,0.4441910982131958, 0.12092816829681396, 0
u,0.6092768311500549, 0.10684782266616821, 0
u,0.526733934879303, 0.10684788227081299, 0
u,0.526733934879303, 0.11495047807693481, 0
u,0.9638959169387817, 0.8349141925573349, 0
u,0.9638959169387817, 0.917457103729248, 0
u,0.969028890132904, 0.917457103729248, 0
u,0.5267339944839478, 0.06968235969543457, 0
u,0.4441910982131958, 0.06968235969543457, 0
u,0.4441910982131958, 0.07234591245651245, 0
u,0.5267339944839478, 0.1177746057510376, 0
u,0.4441910982131958, 0.1177746057510376, 0
u,0.4441910982131958, 0.119381844997406, 0
u,0.6092768311500549, 0.11495047807693481, 0
u,0.526733934879303, 0.11495047807693481, 0
u,0.526733934879303, 0.1230536699295044, 0
u,0.9583202004432678, 0.8349141925573349, 0
u,0.9583202004432678, 0.917457103729248, 0
u,0.9638959169387817, 0.917457103729248, 0
u,0.5267339944839478, 0.07234591245651245, 0
u,0.4441910982131958, 0.07234591245651245, 0
u,0.4441910982131958, 0.07488453388214111, 0
u,0.5267339944839478, 0.11610651016235352, 0
u,0.4441910982131958, 0.11610651016235352, 0
u,0.4441910982131958, 0.1177746057510376, 0
u,0.9523018598556519, 0.8349141925573349, 0
u,0.9523018598556519, 0.917457103729248, 0
u,0.9583202004432678, 0.917457103729248, 0
u,0.5267339944839478, 0.07488453388214111, 0
u,0.4441910982131958, 0.07488453388214111, 0
u,0.4441910982131958, 0.07735556364059448, 0
u,0.6092768311500549, 0.1230536699295044, 0
u,0.526733934879303, 0.1230536699295044, 0
u,0.526733934879303, 0.13115739822387695, 0
u,0.5267339944839478, 0.11437743902206421, 0
u,0.4441910982131958, 0.11437743902206421, 0
u,0.4441910982131958, 0.11610651016235352, 0
u,0.9458407163619995, 0.8349141925573349, 0
u,0.9458407163619995, 0.917457103729248, 0
u,0.9523018598556519, 0.917457103729248, 0
u,0.5267339944839478, 0.07735556364059448, 0
u,0.4441910982131958, 0.07735556364059448, 0
u,0.4441910982131958, 0.07975912094116211, 0
u,0.6092768311500549, 0.13115739822387695, 0
u,0.526733934879303, 0.13115739822387695, 0
u,0.526733934879303, 0.13926160335540771, 0
u,0.5267339944839478, 0.11258751153945923, 0
u,0.4441910982131958, 0.11258751153945923, 0
u,0.4441910982131958, 0.11437743902206421, 0
u,0.9389368891716003, 0.8349141925573349, 0
u,0.9389368891716003, 0.917457103729248, 0
u,0.9458407163619995, 0.917457103729248, 0
u,0.5267339944839478, 0.07975912094116211, 0
u,0.4441910982131958, 0.07975912094116211, 0
u,0.4441910982131958, 0.082095205783844, 0
u,0.6092768311500549, 0.13926160335540771, 0
u,0.526733934879303, 0.13926160335540771, 0
u,0.526733934879303, 0.14736634492874146, 0
u,0.5267339944839478, 0.11073672771453857, 0
u,0.4441910982131958, 0.11073672771453857, 0
u,0.4441910982131958, 0.11258751153945923, 0
u,0.9315903782844543, 0.8349141925573349, 0
u,0.9315903782844543, 0.917457103729248, 0
u,0.9389368891716003, 0.917457103729248, 0
u,0.5267339944839478, 0.082095205783844, 0
u,0.4441910982131958, 0.082095205783844, 0
u,0.4441910982131958, 0.08436369895935059, 0
u,0.6092768311500549, 0.14736634492874146, 0
u,0.526733934879303, 0.14736634492874146, 0
u,0.526733934879303, 0.15547162294387817, 0
u,0.923801064491272, 0.8349141925573349, 0
u,0.923801064491272, 0.917457103729248, 0
u,0.9315903782844543, 0.917457103729248, 0
u,0.5267339944839478, 0.08436369895935059, 0
u,0.4441910982131958, 0.08436369895935059, 0
u,0.4441910982131958, 0.08656471967697144, 0
u,0.5267339944839478, 0.1088249683380127, 0
u,0.4441910982131958, 0.1088249683380127, 0
u,0.4441910982131958, 0.11073672771453857, 0
u,0.6092768311500549, 0.15547162294387817, 0
u,0.526733934879303, 0.15547162294387817, 0
u,0.526733934879303, 0.16357743740081787, 0
u,0.9155691266059875, 0.8349141925573349, 0
u,0.9155691266059875, 0.917457103729248, 0
u,0.923801064491272, 0.917457103729248, 0
u,0.5267339944839478, 0.08656471967697144, 0
u,0.4441910982131958, 0.08656471967697144, 0
u,0.4441910982131958, 0.08869814872741699, 0
u,0.5267339944839478, 0.10685235261917114, 0
u,0.4441910982131958, 0.10685235261917114, 0
u,0.4441910982131958, 0.1088249683380127, 0
u,0.6092768311500549, 0.16357743740081787, 0
u,0.526733934879303, 0.16357743740081787, 0
u,0.526733934879303, 0.17168372869491577, 0
u,0.9068943858146667, 0.8349141925573349, 0
u,0.9068943858146667, 0.917457103729248, 0
u,0.9155691266059875, 0.917457103729248, 0
u,0.5267339944839478, 0.08869814872741699, 0
u,0.4441910982131958, 0.08869814872741699, 0
u,0.4441910982131958, 0.0907641053199768, 0
u,0.5267339944839478, 0.10481882095336914, 0
u,0.4441910982131958, 0.10481882095336914, 0
u,0.4441910982131958, 0.10685235261917114, 0
u,0.6092768311500549, 0.17168372869491577, 0
u,0.526733934879303, 0.17168372869491577, 0
u,0.526733934879303, 0.17979055643081665, 0
u,0.6848517060279846, 0.7004645466804504, 0
u,0.6848517060279846, 0.7830074429512024, 0
u,0.690981924533844, 0.7830074429512024, 0
u,0.5267339944839478, 0.0907641053199768, 0
u,0.4441910982131958, 0.0907641053199768, 0
u,0.4441910982131958, 0.09276258945465088, 0
u,0.5267339944839478, 0.10272437334060669, 0
u,0.4441910982131958, 0.10272437334060669, 0
u,0.4441910982131958, 0.10481882095336914, 0
u,0.6788845062255859, 0.7004645466804504, 0
u,0.6788845062255859, 0.7830074429512024, 0
u,0.6848517060279846, 0.7830074429512024, 0
u,0.9778736233711243, 0.917457103729248, 0
u,0.9778736233711243, 1.0, 0
u,0.9807553887367249, 1.0, 0
u,0.5267339944839478, 0.09276258945465088, 0
u,0.4441910982131958, 0.09276258945465088, 0
u,0.4441910982131958, 0.09469348192214966, 0
u,0.5267339944839478, 0.10056900978088379, 0
u,0.4441910982131958, 0.10056900978088379, 0
u,0.4441910982131958, 0.10272437334060669, 0
u,0.9807553887367249, 0.917457103729248, 0
u,0.9807553887367249, 1.0, 0
u,0.9828670024871826, 1.0, 0
u,0.974811315536499, 0.917457103729248, 0
u,0.974811315536499, 1.0, 0
u,0.9778736233711243, 1.0, 0
u,0.5267339944839478, 0.09469348192214966, 0
u,0.4441910982131958, 0.09469348192214966, 0
u,0.4441910982131958, 0.0965569019317627, 0
u,0.9715683460235596, 0.917457103729248, 0
u,0.9715683460235596, 1.0, 0
u,0.974811315536499, 1.0, 0
u,0.5267339944839478, 0.09835273027420044, 0
u,0.4441910982131958, 0.09835278987884521, 0
u,0.4441910982131958, 0.10056900978088379, 0
u,0.5267339944839478, 0.0965569019317627, 0
u,0.4441910982131958, 0.0965569019317627, 0
u,0.4441910982131958, 0.09835278987884521, 0
u,0.9681448340415955, 0.917457103729248, 0
u,0.9681448340415955, 1.0, 0
u,0.9715683460235596, 1.0, 0
u,0.9645407199859619, 0.917457103729248, 0
u,0.9645407199859619, 1.0, 0
u,0.9681448340415955, 1.0, 0
u,0.9607560038566589, 0.917457103729248, 0
u,0.9607560038566589, 1.0, 0
u,0.9645407199859619, 1.0, 0
u,0.9567906856536865, 0.917457103729248, 0
u,0.9567906856536865, 1.0, 0
u,0.9607560038566589, 1.0, 0
u,0.6730802655220032, 0.7004645466804504, 0
u,0.6730802655220032, 0.7830074429512024, 0
u,0.6788845062255859, 0.7830074429512024, 0
u,0.9526447653770447, 0.917457103729248, 0
u,0.9526447653770447, 1.0, 0
u,0.9567906856536865, 1.0, 0
u,0.9483182430267334, 0.917457103729248, 0
u,0.9483182430267334, 1.0, 0
u,0.9526447653770447, 1.0, 0
u,0.9438111782073975, 0.917457103729248, 0
u,0.9438111782073975, 1.0, 0
u,0.9483182430267334, 1.0, 0
u,0.9391234517097473, 0.917457103729248, 0
u,0.9391234517097473, 1.0, 0
u,0.9438111782073975, 1.0, 0
u,0.9342551827430725, 0.917457103729248, 0
u,0.9342551827430725, 1.0, 0
u,0.9391234517097473, 1.0, 0
u,0.9068944454193115, 0.917457103729248, 0
u,0.9068944454193115, 1.0, 0
u,0.9342551827430725, 1.0, 0
u,0.4128115177154541, 0.13882672786712646, 0
u,0.4128115177154541, 0.22136962413787842, 0
u,0.4268491864204407, 0.22136962413787842, 0
u,0.6674389839172363, 0.7004645466804504, 0
u,0.6674389839172363, 0.7830074429512024, 0
u,0.6730802655220032, 0.7830074429512024, 0
u,0.6619606018066406, 0.7004645466804504, 0
u,0.6619606018066406, 0.7830074429512024, 0
u,0.6674389839172363, 0.7830074429512024, 0
u,0.6566452383995056, 0.7004645466804504, 0
u,0.6566452383995056, 0.7830074429512024, 0
u,0.6619606018066406, 0.7830074429512024, 0
u,0.6514928936958313, 0.7004645466804504, 0
u,0.6514928936958313, 0.7830074429512024, 0
u,0.6566452383995056, 0.7830074429512024, 0
u,0.6465034484863281, 0.7004645466804504, 0
u,0.6465034484863281, 0.7830074429512024, 0
u,0.6514928936958313, 0.7830074429512024, 0
u,0.6416769623756409, 0.7004645466804504, 0
u,0.6416769623756409, 0.7830074429512024, 0
u,0.6465034484863281, 0.7830074429512024, 0
u,0.6370134353637695, 0.7004645466804504, 0
u,0.6370134353637695, 0.7830074429512024, 0
u,0.6416769623756409, 0.7830074429512024, 0
u,0.6325129270553589, 0.7004645466804504, 0
u,0.6325129270553589, 0.7830074429512024, 0
u,0.6370134353637695, 0.7830074429512024, 0
u,0.6281753182411194, 0.7004645466804504, 0
u,0.6281753182411194, 0.7830074429512024, 0
u,0.6325129270553589, 0.7830074429512024, 0
u,0.4268491864204407, 0.13882672786712646, 0
u,0.4268491864204407, 0.22136962413787842, 0
u,0.4284054934978485, 0.22136962413787842, 0
u,0.657143235206604, 0.2141430377960205, 0
u,0.657143235206604, 0.29668599367141724, 0
u,0.6722182035446167, 0.29668599367141724, 0
u,0.4284054934978485, 0.13882672786712646, 0
u,0.4284054934978485, 0.22136962413787842, 0
u,0.4299415946006775, 0.22136962413787842, 0
u,0.4299415946006775, 0.13882672786712646, 0
u,0.4299415946006775, 0.22136962413787842, 0
u,0.4314574897289276, 0.22136962413787842, 0
u,0.4314574897289276, 0.13882672786712646, 0
u,0.4314574897289276, 0.22136962413787842, 0
u,0.4329531788825989, 0.22136962413787842, 0
u,0.4329531788825989, 0.13882672786712646, 0
u,0.4329531788825989, 0.22136962413787842, 0
u,0.4344286322593689, 0.22136962413787842, 0
u,0.4344286322593689, 0.13882672786712646, 0
u,0.4344286322593689, 0.22136962413787842, 0
u,0.43588390946388245, 0.22136962413787842, 0
u,0.43588390946388245, 0.13882672786712646, 0
u,0.43588390946388245, 0.22136962413787842, 0
u,0.43731895089149475, 0.22136962413787842, 0
u,0.43731895089149475, 0.13882672786712646, 0
u,0.43731895089149475, 0.22136962413787842, 0
u,0.4387337863445282, 0.22136962413787842, 0
u,0.4387337863445282, 0.13882672786712646, 0
u,0.4387337863445282, 0.22136962413787842, 0
u,0.4401284456253052, 0.22136962413787842, 0
u,0.4401284456253052, 0.13882672786712646, 0
u,0.4401284456253052, 0.22136962413787842, 0
u,0.4415028691291809, 0.22136962413787842, 0
u,0.9226726293563843, 0.1835070252418518, 0
u,0.9226726293563843, 0.26604992151260376, 0
u,0.9813511371612549, 0.26604992151260376, 0
u,0.9495260715484619, 0.752371296286583, 0
u,0.9495260715484619, 0.8349141925573349, 0
u,0.953361988067627, 0.8349141925573349, 0
u,0.9456835389137268, 0.752371296286583, 0
u,0.9456835389137268, 0.8349141925573349, 0
u,0.9495260715484619, 0.8349141925573349, 0
u,0.4415028691291809, 0.13882672786712646, 0
u,0.4415028691291809, 0.22136962413787842, 0
u,0.4428570866584778, 0.22136962413787842, 0
u,0.8401297330856323, 0.3022821545600891, 0
u,0.7575868368148804, 0.3022821545600891, 0
u,0.7575868368148804, 0.3051808476448059, 0
u,0.953361988067627, 0.752371296286583, 0
u,0.953361988067627, 0.8349141925573349, 0
u,0.9816440343856812, 0.8349141925573349, 0
u,0.6281753182411194, 0.6026683151721954, 0
u,0.5456324219703674, 0.6026683151721954, 0
u,0.5456324219703674, 0.6082842648029327, 0
u,0.9418344497680664, 0.752371296286583, 0
u,0.9418344497680664, 0.8349141925573349, 0
u,0.9456835389137268, 0.8349141925573349, 0
u,0.9379786849021912, 0.752371296286583, 0
u,0.9379786849021912, 0.8349141925573349, 0
u,0.9418344497680664, 0.8349141925573349, 0
u,0.9341163039207458, 0.752371296286583, 0
u,0.9341163039207458, 0.8349141925573349, 0
u,0.9379786849021912, 0.8349141925573349, 0
u,0.9302472472190857, 0.752371296286583, 0
u,0.9302472472190857, 0.8349141925573349, 0
u,0.9341163039207458, 0.8349141925573349, 0
u,0.9263716340065002, 0.752371296286583, 0
u,0.9263716340065002, 0.8349141925573349, 0
u,0.9302472472190857, 0.8349141925573349, 0
u,0.9224894046783447, 0.752371296286583, 0
u,0.9224894046783447, 0.8349141925573349, 0
u,0.9263716340065002, 0.8349141925573349, 0
u,0.9186005592346191, 0.752371296286583, 0
u,0.9186005592346191, 0.8349141925573349, 0
u,0.9224894046783447, 0.8349141925573349, 0
u,0.9147050976753235, 0.752371296286583, 0
u,0.9147050976753235, 0.8349141925573349, 0
u,0.9186005592346191, 0.8349141925573349, 0
u,0.9108030200004578, 0.752371296286583, 0
u,0.9108030200004578, 0.8349141925573349, 0
u,0.9147050976753235, 0.8349141925573349, 0
u,0.906894326210022, 0.752371296286583, 0
u,0.906894326210022, 0.8349141925573349, 0
u,0.9108030200004578, 0.8349141925573349, 0
u,0.4428570866584778, 0.13882672786712646, 0
u,0.4428570866584778, 0.22136962413787842, 0
u,0.4441910982131958, 0.22136962413787842, 0
u,0.8401297330856323, 0.29878658056259155, 0
u,0.7575868368148804, 0.29878658056259155, 0
u,0.7575868368148804, 0.3022821545600891, 0
u,0.6281753182411194, 0.6082842648029327, 0
u,0.5456324219703674, 0.6082842648029327, 0
u,0.5456324219703674, 0.6144460737705231, 0
u,0.8401297330856323, 0.2946942448616028, 0
u,0.7575868368148804, 0.2946942448616028, 0
u,0.7575868368148804, 0.29878658056259155, 0
u,0.8401297330856323, 0.29000502824783325, 0
u,0.7575868368148804, 0.29000502824783325, 0
u,0.7575868368148804, 0.2946942448616028, 0
u,0.6281753182411194, 0.6144460737705231, 0
u,0.5456324219703674, 0.6144460737705231, 0
u,0.5456324219703674, 0.621153712272644, 0
u,0.8401297330856323, 0.28471899032592773, 0
u,0.7575868368148804, 0.28471899032592773, 0
u,0.7575868368148804, 0.29000502824783325, 0
u,0.6281753182411194, 0.621153712272644, 0
u,0.5456324219703674, 0.621153712272644, 0
u,0.5456324219703674, 0.628407210111618, 0
u,0.8401297330856323, 0.27883613109588623, 0
u,0.7575868368148804, 0.27883613109588623, 0
u,0.7575868368148804, 0.28471899032592773, 0
u,0.6281753182411194, 0.628407210111618, 0
u,0.5456324219703674, 0.628407210111618, 0
u,0.5456324219703674, 0.6362065374851227, 0
u,0.8401297330856323, 0.27235639095306396, 0
u,0.7575868368148804, 0.27235639095306396, 0
u,0.7575868368148804, 0.27883613109588623, 0
u,0.8401297330856323, 0.2652798295021057, 0
u,0.7575868368148804, 0.2652798295021057, 0
u,0.7575868368148804, 0.27235639095306396, 0
u,0.6281753182411194, 0.6362065374851227, 0
u,0.5456324219703674, 0.6362065374851227, 0
u,0.5456324219703674, 0.6445517241954803, 0
u,0.8401297330856323, 0.2576064467430115, 0
u,0.7575868368148804, 0.2576064467430115, 0
u,0.7575868368148804, 0.2652798295021057, 0
u,0.6281753182411194, 0.6445517241954803, 0
u,0.5456324219703674, 0.6445517241954803, 0
u,0.5456324219703674, 0.653442770242691, 0
u,0.8401297330856323, 0.24933618307113647, 0
u,0.7575868368148804, 0.24933618307113647, 0
u,0.7575868368148804, 0.2576064467430115, 0
u,0.6281753182411194, 0.6534427404403687, 0
u,0.5456324219703674, 0.653442770242691, 0
u,0.5456324219703674, 0.6628796458244324, 0
u,0.8401297330856323, 0.24046915769577026, 0
u,0.7575868368148804, 0.24046915769577026, 0
u,0.7575868368148804, 0.24933618307113647, 0
u,0.6281753182411194, 0.66287961602211, 0
u,0.5456324219703674, 0.6628796458244324, 0
u,0.5456324219703674, 0.6728623509407043, 0
u,0.8401297330856323, 0.2310052514076233, 0
u,0.7575868368148804, 0.2310052514076233, 0
u,0.7575868368148804, 0.24046915769577026, 0
u,0.6281753182411194, 0.6728623509407043, 0
u,0.5456324219703674, 0.6728623509407043, 0
u,0.5456324219703674, 0.6833909153938293, 0
u,0.8401297330856323, 0.21664756536483765, 0
u,0.7575868368148804, 0.21664756536483765, 0
u,0.7575868368148804, 0.2310052514076233, 0
u,0.6281753182411194, 0.6833909153938293, 0
u,0.5456324219703674, 0.6833909153938293, 0
u,0.5456324219703674, 0.694465309381485, 0
u,0.8401297330856323, 0.2033659815788269, 0
u,0.7575868368148804, 0.2033659815788269, 0
u,0.7575868368148804, 0.21664756536483765, 0
u,0.6281753182411194, 0.694465309381485, 0
u,0.5456324219703674, 0.694465309381485, 0
u,0.5456324219703674, 0.7060855627059937, 0
u,0.8401297330856323, 0.19116055965423584, 0
u,0.7575867772102356, 0.19116055965423584, 0
u,0.7575868368148804, 0.2033659815788269, 0
u,0.6281753182411194, 0.7060855627059937, 0
u,0.5456324219703674, 0.7060855627059937, 0
u,0.5456324219703674, 0.7150157988071442, 0
u,0.6281753182411194, 0.7150157988071442, 0
u,0.5456324219703674, 0.7150157988071442, 0
u,0.5456324219703674, 0.723349541425705, 0
u,0.8401297330856323, 0.18003129959106445, 0
u,0.7575867772102356, 0.18003129959106445, 0
u,0.7575867772102356, 0.19116055965423584, 0
u,0.6281753182411194, 0.723349541425705, 0
u,0.5456324219703674, 0.723349541425705, 0
u,0.5456324219703674, 0.7310867607593536, 0
u,0.8401297330856323, 0.16997814178466797, 0
u,0.7575867772102356, 0.16997814178466797, 0
u,0.7575867772102356, 0.18003129959106445, 0
u,0.6281753182411194, 0.7310867309570312, 0
u,0.5456324219703674, 0.7310867607593536, 0
u,0.5456324219703674, 0.7382274270057678, 0
u,0.8401297330856323, 0.16100114583969116, 0
u,0.7575867772102356, 0.16100114583969116, 0
u,0.7575867772102356, 0.16997814178466797, 0
u,0.6281753182411194, 0.7382274270057678, 0
u,0.5456324219703674, 0.7382274270057678, 0
u,0.5456324219703674, 0.7447715997695923, 0
u,0.6281753182411194, 0.7447715997695923, 0
u,0.5456324219703674, 0.7447715997695923, 0
u,0.5456324219703674, 0.7507192492485046, 0
u,0.8401297330856323, 0.15310031175613403, 0
u,0.7575867772102356, 0.15310031175613403, 0
u,0.7575867772102356, 0.16100114583969116, 0
u,0.6281753182411194, 0.7507192492485046, 0
u,0.5456324219703674, 0.7507192492485046, 0
u,0.5456324219703674, 0.7560703754425049, 0
u,0.9870247840881348, 0.10096412897109985, 0
u,0.9870247840881348, 0.1835070252418518, 0
u,0.9903442859649658, 0.1835070252418518, 0
u,0.9226726293563843, 0.0184212327003479, 0
u,0.9226726293563843, 0.10096412897109985, 0
u,0.9357250928878784, 0.10096412897109985, 0
u,0.8401297330856323, 0.14627563953399658, 0
u,0.7575867772102356, 0.14627563953399658, 0
u,0.7575867772102356, 0.15310031175613403, 0
u,0.6281753182411194, 0.7560703754425049, 0
u,0.5456324219703674, 0.7560703754425049, 0
u,0.5456324219703674, 0.7608249932527542, 0
u,0.983745276927948, 0.10096412897109985, 0
u,0.983745276927948, 0.1835070252418518, 0
u,0.9870247840881348, 0.1835070252418518, 0
u,0.9805058240890503, 0.10096412897109985, 0
u,0.9805058240890503, 0.1835070252418518, 0
u,0.983745276927948, 0.1835070252418518, 0
