v,0.0017734556458890438, -0.0020813962910324335, 0.0033340000081807375
v,0.0017737660091370344, -0.002440508222207427, 0.0033473882358521223
v,0.0017738635651767254, -0.002553531900048256, 0.0033462115097790956
v,0.0017734556458890438, -0.0020813962910324335, 0.0033340000081807375
v,0.0017738635651767254, -0.002553531900048256, 0.0033462115097790956
v,0.0017739614704623818, -0.0026667178608477116, 0.003342681797221303
v,0.0017734556458890438, -0.0020813962910324335, 0.0033340000081807375
v,0.0017739614704623818, -0.0026667178608477116, 0.003342681797221303
v,0.0017740593757480383, -0.002780066104605794, 0.0033367995638400316
v,0.0017734556458890438, -0.0020813962910324335, 0.0033340000081807375
v,0.0017740593757480383, -0.002780066104605794, 0.0033367995638400316
v,0.0017741573974490166, -0.0028935768641531467, 0.0033285643439739943
v,0.001773144002072513, -0.001720661181025207, 0.0032938371878117323
v,0.0017734556458890438, -0.0020813962910324335, 0.0033340000081807375
v,0.0017741573974490166, -0.0028935768641531467, 0.0033285643439739943
v,0.001773144002072513, -0.001720661181025207, 0.0032938371878117323
v,0.0017741573974490166, -0.0028935768641531467, 0.0033285643439739943
v,0.0017742556519806385, -0.003007249440997839, 0.003317976137623191
v,0.001773144002072513, -0.001720661181025207, 0.0032938371878117323
v,0.0017742556519806385, -0.003007249440997839, 0.003317976137623191
v,0.0017743540229275823, -0.0031210845336318016, 0.003305034013465047
v,0.001773144002072513, -0.001720661181025207, 0.0032938371878117323
v,0.0017743540229275823, -0.0031210845336318016, 0.003305034013465047
v,0.0017744525102898479, -0.0032350821420550346, 0.0032897398341447115
v,0.0017728308448567986, -0.001358303357847035, 0.0032268993090838194
v,0.001773144002072513, -0.001720661181025207, 0.0032938371878117323
v,0.0017744525102898479, -0.0032350821420550346, 0.0032897398341447115
v,0.0017728308448567986, -0.001358303357847035, 0.0032268993090838194
v,0.0017744525102898479, -0.0032350821420550346, 0.0032897398341447115
v,0.0017745511140674353, -0.0033492420334368944, 0.00327209266833961
v,0.0017728308448567986, -0.001358303357847035, 0.0032268993090838194
v,0.0017745511140674353, -0.0033492420334368944, 0.00327209266833961
v,0.0017746499506756663, -0.0034635639749467373, 0.0032520920503884554
v,0.0017728308448567986, -0.001358303357847035, 0.0032268993090838194
v,0.0017746499506756663, -0.0034635639749467373, 0.0032520920503884554
v,0.0017747489036992192, -0.003578048199415207, 0.0032297393772751093
v,0.0017728308448567986, -0.001358303357847035, 0.0032268993090838194
v,0.0017747489036992192, -0.003578048199415207, 0.0032297393772751093
v,0.0017748478567227721, -0.0036926944740116596, 0.00320503325201571
v,0.001772516407072544, -0.0009943228214979172, 0.0031331859063357115
v,0.0017728308448567986, -0.001358303357847035, 0.0032268993090838194
v,0.0017748478567227721, -0.0036926944740116596, 0.00320503325201571
v,0.001772516407072544, -0.0009943228214979172, 0.0031331859063357115
v,0.0017748478567227721, -0.0036926944740116596, 0.00320503325201571
v,0.0017749471589922905, -0.0038075034972280264, 0.003177973674610257
v,0.001772516407072544, -0.0009943228214979172, 0.0031331859063357115
v,0.0017749471589922905, -0.0038075034972280264, 0.003177973674610257
v,0.0017750464612618089, -0.0039224750362336636, 0.003148480551317334
v,0.001772516407072544, -0.0009943228214979172, 0.0031331859063357115
v,0.0017750464612618089, -0.0039224750362336636, 0.003148480551317334
v,0.001775145879946649, -0.0040376088581979275, 0.003116472391411662
v,0.0017722005723044276, -0.0006287195137701929, 0.003012697445228696
v,0.001772516407072544, -0.0009943228214979172, 0.0031331859063357115
v,0.001775145879946649, -0.0040376088581979275, 0.003116472391411662
v,0.0017722005723044276, -0.0006287195137701929, 0.003012697445228696
v,0.001775145879946649, -0.0040376088581979275, 0.003116472391411662
v,0.001775245531462133, -0.004152904264628887, 0.0030819482635706663
v,0.0017722005723044276, -0.0006287195137701929, 0.003012697445228696
v,0.001775245531462133, -0.004152904264628887, 0.0030819482635706663
v,0.0017753452993929386, -0.004268362186849117, 0.0030449095647782087
v,0.0017722005723044276, -0.0006287195137701929, 0.003012697445228696
v,0.0017753452993929386, -0.004268362186849117, 0.0030449095647782087
v,0.0017754451837390661, -0.0043839821591973305, 0.0030053548980504274
v,0.0017718832241371274, -0.00026149346376769245, 0.0028654339257627726
v,0.0017722005723044276, -0.0006287195137701929, 0.003012697445228696
v,0.0017754451837390661, -0.0043839821591973305, 0.0030053548980504274
v,0.0017718832241371274, -0.00026149346376769245, 0.0028654339257627726
v,0.0017754451837390661, -0.0043839821591973305, 0.0030053548980504274
v,0.0017755453009158373, -0.004499764181673527, 0.0029632856603711843
v,0.0017718832241371274, -0.00026149346376769245, 0.0028654339257627726
v,0.0017755453009158373, -0.004499764181673527, 0.0029632856603711843
v,0.0017756454180926085, -0.0046157087199389935, 0.0029187004547566175
v,0.0017718832241371274, -0.00026149346376769245, 0.0028654339257627726
v,0.0017756454180926085, -0.0046157087199389935, 0.0029187004547566175
v,0.0017757457681000233, -0.0047318157739937305, 0.0028716011438518763
v,0.0017718832241371274, -0.00026149346376769245, 0.0028654339257627726
v,0.0017757457681000233, -0.0047318157739937305, 0.0028716011438518763
v,0.00177584623452276, -0.004848084878176451, 0.002821985399350524
v,0.0017715644789859653, 0.00010735532123362646, 0.0026913953479379416
v,0.0017718832241371274, -0.00026149346376769245, 0.0028654339257627726
v,0.00177584623452276, -0.004848084878176451, 0.002821985399350524
v,0.0017715644789859653, 0.00010735532123362646, 0.0026913953479379416
v,0.00177584623452276, -0.004848084878176451, 0.002821985399350524
v,0.0017759468173608184, -0.004964516498148441, 0.00276985508389771
v,0.0017715644789859653, 0.00010735532123362646, 0.0026913953479379416
v,0.0017759468173608184, -0.004964516498148441, 0.00276985508389771
v,0.0017760476330295205, -0.005081110168248415, 0.002715208800509572
v,0.0017715644789859653, 0.00010735532123362646, 0.0026913953479379416
v,0.0017760476330295205, -0.005081110168248415, 0.002715208800509572
v,0.0017761484486982226, -0.005197866354137659, 0.0026580479461699724
v,0.001771244453266263, 0.00047782683395780623, 0.0024905812460929155
v,0.0017715644789859653, 0.00010735532123362646, 0.0026913953479379416
v,0.0017761484486982226, -0.005197866354137659, 0.0026580479461699724
v,0.001771244453266263, 0.00047782683395780623, 0.0024905812460929155
v,0.0017761484486982226, -0.005197866354137659, 0.0026580479461699724
v,0.001776107121258974, -0.005149995908141136, 0.0024492822121828794
v,0.001770922914147377, 0.0008499210234731436, 0.0022629916202276945
v,0.001771244453266263, 0.00047782683395780623, 0.0024905812460929155
v,0.001776107121258974, -0.005149995908141136, 0.0024492822121828794
v,0.001770922914147377, 0.0008499210234731436, 0.0022629916202276945
v,0.001776107121258974, -0.005149995908141136, 0.0024492822121828794
v,0.0017760671908035874, -0.005103747360408306, 0.002235811436548829
v,0.001770600094459951, 0.0012236378388479352, 0.002008627401664853
v,0.001770922914147377, 0.0008499210234731436, 0.0022629916202276945
v,0.0017760671908035874, -0.005103747360408306, 0.002235811436548829
v,0.001770600094459951, 0.0012236378388479352, 0.002008627401664853
v,0.0017760671908035874, -0.005103747360408306, 0.002235811436548829
v,0.0017726037185639143, -0.0010953785385936499, 0.002082259627059102
v,0.0017726037185639143, -0.0010953785385936499, 0.002082259627059102
v,0.0017760671908035874, -0.005103747360408306, 0.002235811436548829
v,0.0017727261874824762, -0.0012370841577649117, 0.002085544867441058
v,0.0017727261874824762, -0.0012370841577649117, 0.002085544867441058
v,0.0017760671908035874, -0.005103747360408306, 0.002235811436548829
v,0.0017728236271068454, -0.001349783269688487, 0.002083881525322795
v,0.0017728236271068454, -0.001349783269688487, 0.002083881525322795
v,0.0017760671908035874, -0.005103747360408306, 0.002235811436548829
v,0.0017760286573320627, -0.005059122107923031, 0.002017633756622672
v,0.0017729204846546054, -0.0014619957655668259, 0.0020788919646292925
v,0.0017728236271068454, -0.001349783269688487, 0.002083881525322795
v,0.0017760286573320627, -0.005059122107923031, 0.002017633756622672
v,0.001770600094459951, 0.0012236378388479352, 0.002008627401664853
v,0.0017726037185639143, -0.0010953785385936499, 0.002082259627059102
v,0.0017724854405969381, -0.0009584599174559116, 0.0020724015776067972
v,0.0017730171093717217, -0.0015737214125692844, 0.0020705757196992636
v,0.0017729204846546054, -0.0014619957655668259, 0.0020788919646292925
v,0.0017760286573320627, -0.005059122107923031, 0.002017633756622672
v,0.001770600094459951, 0.0012236378388479352, 0.002008627401664853
v,0.0017724854405969381, -0.0009584599174559116, 0.0020724015776067972
v,0.0017723713535815477, -0.0008263284107670188, 0.0020559716504067183
v,0.001773113152012229, -0.0016849602106958628, 0.002058932324871421
v,0.0017730171093717217, -0.0015737214125692844, 0.0020705757196992636
v,0.0017760286573320627, -0.005059122107923031, 0.002017633756622672
v,0.0017732088454067707, -0.0017957122763618827, 0.0020439631771296263
v,0.001773113152012229, -0.0016849602106958628, 0.002058932324871421
v,0.0017760286573320627, -0.005059122107923031, 0.002017633756622672
v,0.001770600094459951, 0.0012236378388479352, 0.002008627401664853
v,0.0017723713535815477, -0.0008263284107670188, 0.0020559716504067183
v,0.0017722612246870995, -0.0006989839021116495, 0.0020329689141362906
v,0.001773304189555347, -0.0019059774931520224, 0.0020256664138287306
v,0.0017732088454067707, -0.0017957122763618827, 0.0020439631771296263
v,0.0017760286573320627, -0.005059122107923031, 0.002017633756622672
v,0.001770600094459951, 0.0012236378388479352, 0.002008627401664853
v,0.0017722612246870995, -0.0006989839021116495, 0.0020329689141362906
v,0.0017721554031595588, -0.0005764265661127865, 0.002003394765779376
v,0.001773399068042636, -0.00201575574465096, 0.0020040434319525957
v,0.001773304189555347, -0.0019059774931520224, 0.0020256664138287306
v,0.0017760286573320627, -0.005059122107923031, 0.002017633756622672
v,0.001773399068042636, -0.00201575574465096, 0.0020040434319525957
v,0.0017760286573320627, -0.005059122107923031, 0.002017633756622672
v,0.001775991404429078, -0.005016119219362736, 0.001794750220142305
v,0.001770275761373341, 0.0015989773673936725, 0.0017274877754971385
v,0.001770600094459951, 0.0012236378388479352, 0.002008627401664853
v,0.0017721554031595588, -0.0005764265661127865, 0.002003394765779376
v,0.0017734934808686376, -0.0021250471472740173, 0.0019790937658399343
v,0.001773399068042636, -0.00201575574465096, 0.0020040434319525957
v,0.001775991404429078, -0.005016119219362736, 0.001794750220142305
v,0.001770275761373341, 0.0015989773673936725, 0.0017274877754971385
v,0.0017721554031595588, -0.0005764265661127865, 0.002003394765779376
v,0.001772053656168282, -0.0004586563154589385, 0.0019672482740134
v,0.001773587428033352, -0.002233851933851838, 0.001950817066244781
v,0.0017734934808686376, -0.0021250471472740173, 0.0019790937658399343
v,0.001775991404429078, -0.005016119219362736, 0.001794750220142305
v,0.001770275761373341, 0.0015989773673936725, 0.0017274877754971385
v,0.001772053656168282, -0.0004586563154589385, 0.0019672482740134
v,0.0017719559837132692, -0.00034567309194244444, 0.0019245295552536845
v,0.0017736810259521008, -0.002342169638723135, 0.001919214497320354
v,0.001773587428033352, -0.002233851933851838, 0.001950817066244781
v,0.001775991404429078, -0.005016119219362736, 0.001794750220142305
v,0.001770275761373341, 0.0015989773673936725, 0.0017274877754971385
v,0.0017719559837132692, -0.00034567309194244444, 0.0019245295552536845
v,0.0017718625022098422, -0.0002374769392190501, 0.001875238842330873
v,0.0017737742746248841, -0.0024500007275491953, 0.0018842852441594005
v,0.0017736810259521008, -0.002342169638723135, 0.001919214497320354
v,0.001775991404429078, -0.005016119219362736, 0.001794750220142305
v,0.0017738669412210584, -0.0025573449674993753, 0.0018460288411006331
v,0.0017737742746248841, -0.0024500007275491953, 0.0018842852441594005
v,0.001775991404429078, -0.005016119219362736, 0.001794750220142305
v,0.001770275761373341, 0.0015989773673936725, 0.0017274877754971385
v,0.0017718625022098422, -0.0002374769392190501, 0.001875238842330873
v,0.001771773211658001, -0.0001340679154964164, 0.0018193762516602874
v,0.0017739598406478763, -0.002664851490408182, 0.0018035535467788577
v,0.0017738669412210584, -0.0025573449674993753, 0.0018460288411006331
v,0.001775991404429078, -0.005016119219362736, 0.001794750220142305
v,0.001770275761373341, 0.0015989773673936725, 0.0017274877754971385
v,0.001771773211658001, -0.0001340679154964164, 0.0018193762516602874
v,0.0017716879956424236, -3.544594073900953e-05, 0.0017569413175806403
v,0.0017740534385666251, -0.0027731696609407663, 0.0017559666885063052
v,0.0017739598406478763, -0.002664851490408182, 0.0018035535467788577
v,0.001775991404429078, -0.005016119219362736, 0.001794750220142305
v,0.0017740534385666251, -0.0027731696609407663, 0.0017559666885063052
v,0.001775991404429078, -0.005016119219362736, 0.001794750220142305
v,0.0017759556649252772, -0.004974739160388708, 0.0015671615255996585
v,0.001770275761373341, 0.0015989773673936725, 0.0017274877754971385
v,0.0017716879956424236, -3.544594073900953e-05, 0.0017569413175806403
v,0.0017716068541631103, 5.838894139742479e-05, 0.0016879340400919318
v,0.001774147734977305, -0.002882298780605197, 0.0017032678006216884
v,0.0017740534385666251, -0.0027731696609407663, 0.0017559666885063052
v,0.0017759556649252772, -0.004974739160388708, 0.0015671615255996585
v,0.0017699500313028693, 0.0019759400747716427, 0.0014195729745551944
v,0.001770275761373341, 0.0015989773673936725, 0.0017274877754971385
v,0.0017716068541631103, 5.838894139742479e-05, 0.0016879340400919318
v,0.0017742427298799157, -0.0029922390822321177, 0.0016454578144475818
v,0.001774147734977305, -0.002882298780605197, 0.0017032678006216884
v,0.0017759556649252772, -0.004974739160388708, 0.0015671615255996585
v,0.0017699500313028693, 0.0019759400747716427, 0.0014195729745551944
v,0.0017716068541631103, 5.838894139742479e-05, 0.0016879340400919318
v,0.0017715299036353827, 0.00014743681822437793, 0.0016123548848554492
v,0.0017743384232744575, -0.0031029912643134594, 0.0015825362643226981
v,0.0017742427298799157, -0.0029922390822321177, 0.0016454578144475818
v,0.0017759556649252772, -0.004974739160388708, 0.0015671615255996585
v,0.0017699500313028693, 0.0019759400747716427, 0.0014195729745551944
v,0.0017715299036353827, 0.00014743681822437793, 0.0016123548848554492
v,0.0017714581917971373, 0.0002304805238964036, 0.0015317447250708938
v,0.0017744348151609302, -0.003214554861187935, 0.00151450268458575
v,0.0017743384232744575, -0.0031029912643134594, 0.0015825362643226981
v,0.0017759556649252772, -0.004974739160388708, 0.0015671615255996585
v,0.0017744348151609302, -0.003214554861187935, 0.00151450268458575
v,0.0017759556649252772, -0.004974739160388708, 0.0015671615255996585
v,0.0017759213224053383, -0.004934981931000948, 0.0013348659267649055
v,0.0017699500313028693, 0.0019759400747716427, 0.0014195729745551944
v,0.0017714581917971373, 0.0002304805238964036, 0.0015317447250708938
v,0.0017713926499709487, 0.00030630300170741975, 0.001447646296583116
v,0.0017745319055393338, -0.0033269296400249004, 0.0014413580065593123
v,0.0017744348151609302, -0.003214554861187935, 0.00151450268458575
v,0.0017759213224053383, -0.004934981931000948, 0.0013348659267649055
v,0.0017699500313028693, 0.0019759400747716427, 0.0014195729745551944
v,0.0017713926499709487, 0.00030630300170741975, 0.001447646296583116
v,0.0017713333945721388, 0.00037490433896891773, 0.001360058900900185
v,0.0017746296944096684, -0.0034401153679937124, 0.0013631012989208102
v,0.0017745319055393338, -0.0033269296400249004, 0.0014413580065593123
v,0.0017759213224053383, -0.004934981931000948, 0.0013348659267649055
v,0.001769817783497274, 0.0021289645228534937, 0.0012811535270884633
v,0.0017699500313028693, 0.0019759400747716427, 0.0014195729745551944
v,0.0017713333945721388, 0.00037490433896891773, 0.001360058900900185
v,0.0017747282981872559, -0.0035541129764169455, 0.001279733027331531
v,0.0017746296944096684, -0.0034401153679937124, 0.0013631012989208102
v,0.0017759213224053383, -0.004934981931000948, 0.0013348659267649055
v,0.001769817783497274, 0.0021289645228534937, 0.0012811535270884633
v,0.0017713333945721388, 0.00037490433896891773, 0.001360058900900185
v,0.0017712804256007075, 0.00043628449202515185, 0.001268982538022101
v,0.0017747282981872559, -0.0035541129764169455, 0.001279733027331531
v,0.0017759213224053383, -0.004934981931000948, 0.0013348659267649055
v,0.001775888493284583, -0.004896847531199455, 0.001097864587791264
v,0.0017696971772238612, 0.0022686824668198824, 0.0011346201645210385
v,0.001769817783497274, 0.0021289645228534937, 0.0012811535270884633
v,0.0017712804256007075, 0.00043628449202515185, 0.001268982538022101
v,0.0017748274840414524, -0.0036689219996333122, 0.0011912531917914748
v,0.0017747282981872559, -0.0035541129764169455, 0.001279733027331531
v,0.001775888493284583, -0.004896847531199455, 0.001097864587791264
v,0.0017696971772238612, 0.0022686824668198824, 0.0011346201645210385
v,0.0017712804256007075, 0.00043628449202515185, 0.001268982538022101
v,0.001771233626641333, 0.0004904434317722917, 0.0011744174407795072
v,0.00177492736838758, -0.003784542204812169, 0.0010976615594699979
v,0.0017748274840414524, -0.0036689219996333122, 0.0011912531917914748
v,0.001775888493284583, -0.004896847531199455, 0.001097864587791264
v,0.0017696971772238612, 0.0022686824668198824, 0.0011346201645210385
v,0.001771233626641333, 0.0004904434317722917, 0.0011744174407795072
v,0.0017711929976940155, 0.000537381274625659, 0.0010763633763417602
v,0.0017695878632366657, 0.0023950934410095215, 0.00097997288685292
v,0.0017696971772238612, 0.0022686824668198824, 0.0011346201645210385
v,0.0017711929976940155, 0.000537381274625659, 0.0010763633763417602
v,0.00177492736838758, -0.003784542204812169, 0.0010976615594699979
v,0.001775888493284583, -0.004896847531199455, 0.001097864587791264
v,0.001775856944732368, -0.004860335495322943, 0.000856157683301717
v,0.0017750279512256384, -0.003900973591953516, 0.0009989588288590312
v,0.00177492736838758, -0.003784542204812169, 0.0010976615594699979
v,0.001775856944732368, -0.004860335495322943, 0.000856157683301717
v,0.0017695878632366657, 0.0023950934410095215, 0.00097997288685292
v,0.0017711929976940155, 0.000537381274625659, 0.0010763633763417602
v,0.0017711587715893984, 0.0005770977586507797, 0.000974820286501199
v,0.0017751390114426613, -0.00402949471026659, -0.00015773058112245053
v,0.0017750279512256384, -0.003900973591953516, 0.0009989588288590312
v,0.001775856944732368, -0.004860335495322943, 0.000856157683301717
v,0.001769490190781653, 0.0025081986095756292, 0.0008172118687070906
v,0.0017695878632366657, 0.0023950934410095215, 0.00097997288685292
v,0.0017711587715893984, 0.0005770977586507797, 0.000974820286501199
v,0.001769490190781653, 0.0025081986095756292, 0.0008172118687070906
v,0.0017711587715893984, 0.0005770977586507797, 0.000974820286501199
v,0.0017711305990815163, 0.0006095931166782975, 0.0008697882876731455
v,0.001769490190781653, 0.0025081986095756292, 0.0008172118687070906
v,0.0017711305990815163, 0.0006095931166782975, 0.0008697882876731455
v,0.0017711088294163346, 0.0006348673487082124, 0.0007612675544805825
v,0.0017751390114426613, -0.00402949471026659, -0.00015773058112245053
v,0.001775856944732368, -0.004860335495322943, 0.000856157683301717
v,0.0017758267931640148, -0.004825446754693985, 0.0006097443983890116
v,0.0017694039270281792, 0.002607997041195631, 0.000646337226498872
v,0.001769490190781653, 0.0025081986095756292, 0.0008172118687070906
v,0.0017711088294163346, 0.0006348673487082124, 0.0007612675544805825
v,0.0017694039270281792, 0.002607997041195631, 0.000646337226498872
v,0.0017711088294163346, 0.0006348673487082124, 0.0007612675544805825
v,0.0017710932297632098, 0.0006529202219098806, 0.0006492580869235098
v,0.0017694039270281792, 0.002607997041195631, 0.000646337226498872
v,0.0017710932297632098, 0.0006529202219098806, 0.0006492580869235098
v,0.0017710839165374637, 0.0006637520855292678, 0.000533759652171284
v,0.0017693291883915663, 0.002694489201530814, 0.00046734913485124707
v,0.0017694039270281792, 0.002607997041195631, 0.000646337226498872
v,0.0017710839165374637, 0.0006637520855292678, 0.000533759652171284
v,0.0017751390114426613, -0.00402949471026659, -0.00015773058112245053
v,0.0017758267931640148, -0.004825446754693985, 0.0006097443983890116
v,0.0017757980385795236, -0.004792180377990007, 0.00035862537333741784
v,0.0017693291883915663, 0.002694489201530814, 0.00046734913485124707
v,0.0017710839165374637, 0.0006637520855292678, 0.000533759652171284
v,0.0017710807733237743, 0.000667362823151052, 0.00041477225022390485
v,0.0017692659748718143, 0.002767674857750535, 0.0002802471281029284
v,0.0017693291883915663, 0.002694489201530814, 0.00046734913485124707
v,0.0017710807733237743, 0.000667362823151052, 0.00041477225022390485
v,0.0017692659748718143, 0.002767674857750535, 0.0002802471281029284
v,0.0017710807733237743, 0.000667362823151052, 0.00041477225022390485
v,0.0017710838001221418, 0.0006638738559558988, 0.0002980158315040171
v,0.0017751390114426613, -0.00402949471026659, -0.00015773058112245053
v,0.0017757980385795236, -0.004792180377990007, 0.00035862537333741784
v,0.0017757706809788942, -0.004760536830872297, 0.00010280038986820728
v,0.0017692659748718143, 0.002767674857750535, 0.0002802471281029284
v,0.0017710838001221418, 0.0006638738559558988, 0.0002980158315040171
v,0.0017710928805172443, 0.0006534073036164045, 0.00018531673413235694
v,0.001769214286468923, 0.00282755377702415, 8.503145363647491e-05
v,0.0017692659748718143, 0.002767674857750535, 0.0002802471281029284
v,0.0017710928805172443, 0.0006534073036164045, 0.00018531673413235694
v,0.001769214286468923, 0.00282755377702415, 8.503145363647491e-05
v,0.0017710928805172443, 0.0006534073036164045, 0.00018531673413235694
v,0.00177110789809376, 0.0006359628168866038, 7.667423051316291e-05
v,0.0017751390114426613, -0.00402949471026659, -0.00015773058112245053
v,0.0017757706809788942, -0.004760536830872297, 0.00010280038986820728
v,0.0017757447203621268, -0.004730517510324717, -0.00015773058112245053
v,0.001769174006767571, 0.002874126425012946, -0.00011829791765194386
v,0.001769214286468923, 0.00282755377702415, 8.503145363647491e-05
v,0.00177110789809376, 0.0006359628168866038, 7.667423051316291e-05
v,0.001769174006767571, 0.002874126425012946, -0.00011829791765194386
v,0.00177110789809376, 0.0006359628168866038, 7.667423051316291e-05
v,0.0017711289692670107, 0.0006115405121818185, -2.79114337899955e-05
v,0.001769174006767571, 0.002874126425012946, -0.00011829791765194386
v,0.0017711289692670107, 0.0006115405121818185, -2.79114337899955e-05
v,0.0017711560940369964, 0.0005801406223326921, -0.00012844002048950642
v,0.0017691453685984015, 0.0029073928017169237, -0.0003297409857623279
v,0.001769174006767571, 0.002874126425012946, -0.00011829791765194386
v,0.0017711560940369964, 0.0005801406223326921, -0.00012844002048950642
v,0.0017691453685984015, 0.0029073928017169237, -0.0003297409857623279
v,0.0017711560940369964, 0.0005801406223326921, -0.00012844002048950642
v,0.001771189272403717, 0.0005417626816779375, -0.00022491176787298173
v,0.0017691453685984015, 0.0029073928017169237, -0.0003297409857623279
v,0.001771189272403717, 0.0005417626816779375, -0.00022491176787298173
v,0.0017712285043671727, 0.0004964072722941637, -0.0003173269215039909
v,0.0017691453685984015, 0.0029073928017169237, -0.0003297409857623279
v,0.0017712285043671727, 0.0004964072722941637, -0.0003173269215039909
v,0.0017712736735120416, 0.00044407384120859206, -0.00040568498661741614
v,0.0017691280227154493, 0.0029273522086441517, -0.000549297605175525
v,0.0017691453685984015, 0.0029073928017169237, -0.0003297409857623279
v,0.0017712736735120416, 0.00044407384120859206, -0.00040568498661741614
v,0.0017691280227154493, 0.0029273522086441517, -0.000549297605175525
v,0.0017712736735120416, 0.00044407384120859206, -0.00040568498661741614
v,0.0017713250126689672, 0.00038476279587484896, -0.00048998644342646
v,0.0017691280227154493, 0.0029273522086441517, -0.000549297605175525
v,0.0017713250126689672, 0.00038476279587484896, -0.00048998644342646
v,0.001771382289007306, 0.0003184739325661212, -0.0005702308262698352
v,0.0017691223183646798, 0.0029340055771172047, -0.0007769680232740939
v,0.0017691280227154493, 0.0029273522086441517, -0.000549297605175525
v,0.001771382289007306, 0.0003184739325661212, -0.0005702308262698352
v,0.0017691223183646798, 0.0029340055771172047, -0.0007769680232740939
v,0.001771382289007306, 0.0003184739325661212, -0.0005702308262698352
v,0.00177144561894238, 0.00024520725128240883, -0.0006464184843935072
v,0.0017691223183646798, 0.0029340055771172047, -0.0007769680232740939
v,0.00177144561894238, 0.00024520725128240883, -0.0006464184843935072
v,0.001771514886058867, 0.00016496279567945749, -0.0007185493013821542
v,0.0017691223183646798, 0.0029340055771172047, -0.0007769680232740939
v,0.001771514886058867, 0.00016496279567945749, -0.0007185493013821542
v,0.0017715910216793418, 7.69291291362606e-05, -0.0007892196881584823
v,0.0017691270913928747, 0.0029285692144185305, -0.0009686139528639615
v,0.0017691223183646798, 0.0029340055771172047, -0.0007769680232740939
v,0.0017715910216793418, 7.69291291362606e-05, -0.0007892196881584823
v,0.0017691270913928747, 0.0029285692144185305, -0.0009686139528639615
v,0.0017715910216793418, 7.69291291362606e-05, -0.0007892196881584823
v,0.0017716778675094247, -2.3599694031872787e-05, -0.0008571314974687994
v,0.0017691270913928747, 0.0029285692144185305, -0.0009686139528639615
v,0.0017716778675094247, -2.3599694031872787e-05, -0.0008571314974687994
v,0.0017717755399644375, -0.00013662355195265263, -0.0009222844964824617
v,0.0017691270913928747, 0.0029285692144185305, -0.0009686139528639615
v,0.0017717755399644375, -0.00013662355195265263, -0.0009222844964824617
v,0.0017718839226290584, -0.0002621424791868776, -0.000984678859822452
v,0.0017691411776468158, 0.002912260591983795, -0.0011540930718183517
v,0.0017691270913928747, 0.0029285692144185305, -0.0009686139528639615
v,0.0017718839226290584, -0.0002621424791868776, -0.000984678859822452
v,0.0017691411776468158, 0.002912260591983795, -0.0011540930718183517
v,0.0017718839226290584, -0.0002621424791868776, -0.000984678859822452
v,0.001772003248333931, -0.0004001565102953464, -0.0010443145874887705
v,0.0017691411776468158, 0.002912260591983795, -0.0011540930718183517
v,0.001772003248333931, -0.0004001565102953464, -0.0010443145874887705
v,0.0017721332842484117, -0.0005506656598299742, -0.001101191621273756
v,0.0017691411776468158, 0.002912260591983795, -0.0011540930718183517
v,0.0017721332842484117, -0.0005506656598299742, -0.001101191621273756
v,0.0017722741467878222, -0.0007136698113754392, -0.0011553099611774087
v,0.0017691646935418248, 0.0028850797098129988, -0.001333405845798552
v,0.0017691411776468158, 0.002912260591983795, -0.0011540930718183517
v,0.0017722741467878222, -0.0007136698113754392, -0.0011553099611774087
v,0.0017691646935418248, 0.0028850797098129988, -0.001333405845798552
v,0.0017722741467878222, -0.0007136698113754392, -0.0011553099611774087
v,0.001772425719536841, -0.0008891691686585546, -0.0012066697236150503
v,0.0017691646935418248, 0.0028850797098129988, -0.001333405845798552
v,0.001772425719536841, -0.0008891691686585546, -0.0012066697236150503
v,0.0017725881189107895, -0.0010771634988486767, -0.001255270792171359
v,0.0017691646935418248, 0.0028850797098129988, -0.001333405845798552
v,0.0017725881189107895, -0.0010771634988486767, -0.001255270792171359
v,0.0017727614613249898, -0.0012776530347764492, -0.001301113166846335
v,0.0017691646935418248, 0.0028850797098129988, -0.001333405845798552
v,0.0017727614613249898, -0.0012776530347764492, -0.001301113166846335
v,0.0017729453975334764, -0.0014906375436112285, -0.001344196731224656
v,0.00176919752266258, 0.0028470263350754976, -0.0015065522165969014
v,0.0017691646935418248, 0.0028850797098129988, -0.001333405845798552
v,0.0017729453975334764, -0.0014906375436112285, -0.001344196731224656
v,0.00176919752266258, 0.0028470263350754976, -0.0015065522165969014
v,0.0017729453975334764, -0.0014906375436112285, -0.001344196731224656
v,0.0017731402767822146, -0.0017161171417683363, -0.001384521834552288
v,0.00176919752266258, 0.0028470263350754976, -0.0015065522165969014
v,0.0017731402767822146, -0.0017161171417683363, -0.001384521834552288
v,0.0017737055895850062, -0.0023704057093709707, -0.0014896756038069725
v,0.00176919752266258, 0.0028470263350754976, -0.0015065522165969014
v,0.0017737055895850062, -0.0023704057093709707, -0.0014896756038069725
v,0.001773878582753241, -0.0025706517044454813, -0.001527972286567092
v,0.0017692397814244032, 0.0027981011662632227, -0.001673532067798078
v,0.00176919752266258, 0.0028470263350754976, -0.0015065522165969014
v,0.001773878582753241, -0.0025706517044454813, -0.001527972286567092
v,0.0017692397814244032, 0.0027981011662632227, -0.001673532067798078
v,0.001773878582753241, -0.0025706517044454813, -0.001527972286567092
v,0.0017740443581715226, -0.0027624594513326883, -0.001572759822010994
v,0.0017692397814244032, 0.0027981011662632227, -0.001673532067798078
v,0.0017740443581715226, -0.0027624594513326883, -0.001572759822010994
v,0.001774202799424529, -0.002945828950032592, -0.0016240384429693222
v,0.0017692397814244032, 0.0027981011662632227, -0.001673532067798078
v,0.001774202799424529, -0.002945828950032592, -0.0016240384429693222
v,0.0017743539065122604, -0.0031207602005451918, -0.001681807916611433
v,0.0017692914698272943, 0.0027383032720535994, -0.0018343456322327256
v,0.0017692397814244032, 0.0027981011662632227, -0.001673532067798078
v,0.0017743539065122604, -0.0031207602005451918, -0.001681807916611433
v,0.0017692914698272943, 0.0027383032720535994, -0.0018343456322327256
v,0.0017743539065122604, -0.0031207602005451918, -0.001681807916611433
v,0.0017744977958500385, -0.003287253435701132, -0.0017460683593526483
v,0.0017692914698272943, 0.0027383032720535994, -0.0018343456322327256
v,0.0017744977958500385, -0.003287253435701132, -0.0017460683593526483
v,0.0017746343510225415, -0.0034453084226697683, -0.0018168198876082897
v,0.0017692914698272943, 0.0027383032720535994, -0.0018343456322327256
v,0.0017746343510225415, -0.0034453084226697683, -0.0018168198876082897
v,0.0017747636884450912, -0.0035949249286204576, -0.0018940622685477138
v,0.0017693525878712535, 0.0026676328852772713, -0.0019889927934855223
v,0.0017692914698272943, 0.0027383032720535994, -0.0018343456322327256
v,0.0017747636884450912, -0.0035949249286204576, -0.0018940622685477138
v,0.0017693525878712535, 0.0026676328852772713, -0.0019889927934855223
v,0.0017747636884450912, -0.0035949249286204576, -0.0018940622685477138
v,0.0017748856917023659, -0.0037361031863838434, -0.001977795735001564
v,0.0017693525878712535, 0.0026676328852772713, -0.0019889927934855223
v,0.0017748856917023659, -0.0037361031863838434, -0.001977795735001564
v,0.0017750003607943654, -0.0038688434287905693, -0.0020680201705545187
v,0.0017694230191409588, 0.0025860900059342384, -0.002137473551556468
v,0.0017693525878712535, 0.0026676328852772713, -0.0019889927934855223
v,0.0017750003607943654, -0.0038688434287905693, -0.0020680201705545187
v,0.0017694230191409588, 0.0025860900059342384, -0.002137473551556468
v,0.0017750003607943654, -0.0038688434287905693, -0.0020680201705545187
v,0.0017751076957210898, -0.003993145655840635, -0.002164735458791256
v,0.001769502880051732, 0.002493675099685788, -0.002279787790030241
v,0.0017694230191409588, 0.0025860900059342384, -0.002137473551556468
v,0.0017751076957210898, -0.003993145655840635, -0.002164735458791256
v,0.001769502880051732, 0.002493675099685788, -0.002279787790030241
v,0.0017751076957210898, -0.003993145655840635, -0.002164735458791256
v,0.001775207812897861, -0.0041090091690421104, -0.0022679418325424194
v,0.001769502880051732, 0.002493675099685788, -0.002279787790030241
v,0.001775207812897861, -0.0041090091690421104, -0.0022679418325424194
v,0.001775300712324679, -0.004216434434056282, -0.0023776390589773655
v,0.0017695921706035733, 0.002390387700870633, -0.002415935741737485
v,0.001769502880051732, 0.002493675099685788, -0.002279787790030241
v,0.001775300712324679, -0.004216434434056282, -0.0023776390589773655
v,0.0017695921706035733, 0.002390387700870633, -0.002415935741737485
v,0.001775300712324679, -0.004216434434056282, -0.0023776390589773655
v,0.0017753845313563943, -0.004313473589718342, -0.0024930157233029604
v,0.0017696907743811607, 0.0022762282751500607, -0.002545917173847556
v,0.0017695921706035733, 0.002390387700870633, -0.002415935741737485
v,0.0017753845313563943, -0.004313473589718342, -0.0024930157233029604
v,0.0017696907743811607, 0.0022762282751500607, -0.002545917173847556
v,0.0017753845313563943, -0.004313473589718342, -0.0024930157233029604
v,0.0017754611326381564, -0.004402075428515673, -0.002613260643556714
v,0.0017697988077998161, 0.002151195891201496, -0.002669732319191098
v,0.0017696907743811607, 0.0022762282751500607, -0.002545917173847556
v,0.0017754611326381564, -0.004402075428515673, -0.002613260643556714
v,0.0017697988077998161, 0.002151195891201496, -0.002669732319191098
v,0.0017754611326381564, -0.004402075428515673, -0.002613260643556714
v,0.0017755303997546434, -0.004482238553464413, -0.0027383738197386265
v,0.001769878203049302, 0.0020592676009982824, -0.002748273080214858
v,0.0017697988077998161, 0.002151195891201496, -0.002669732319191098
v,0.0017755303997546434, -0.004482238553464413, -0.0027383738197386265
v,0.001769878203049302, 0.0020592676009982824, -0.002748273080214858
v,0.0017755303997546434, -0.004482238553464413, -0.0027383738197386265
v,0.0017755923327058554, -0.004553963430225849, -0.0028683552518486977
v,0.001769968424923718, 0.001954844454303384, -0.00282421731390059
v,0.001769878203049302, 0.0020592676009982824, -0.002748273080214858
v,0.0017755923327058554, -0.004553963430225849, -0.0028683552518486977
v,0.0017700694734230638, 0.0018379258690401912, -0.0028975652530789375
v,0.001769968424923718, 0.001954844454303384, -0.00282421731390059
v,0.0017755923327058554, -0.004553963430225849, -0.0028683552518486977
v,0.0017700694734230638, 0.0018379258690401912, -0.0028975652530789375
v,0.0017755923327058554, -0.004553963430225849, -0.0028683552518486977
v,0.001775647047907114, -0.004617250524461269, -0.0030032051727175713
v,0.0017701813485473394, 0.0017085125437006354, -0.002968316664919257
v,0.0017700694734230638, 0.0018379258690401912, -0.0028975652530789375
v,0.001775647047907114, -0.004617250524461269, -0.0030032051727175713
v,0.0017703039338812232, 0.0015666038962081075, -0.003036471549421549
v,0.0017701813485473394, 0.0017085125437006354, -0.002968316664919257
v,0.001775647047907114, -0.004617250524461269, -0.0030032051727175713
v,0.0017703039338812232, 0.0015666038962081075, -0.003036471549421549
v,0.001775647047907114, -0.004617250524461269, -0.0030032051727175713
v,0.0017756944289430976, -0.004672098904848099, -0.00314292311668396
v,0.0017704373458400369, 0.001412200159393251, -0.0031020303722471
v,0.0017703039338812232, 0.0015666038962081075, -0.003036471549421549
v,0.0017756944289430976, -0.004672098904848099, -0.00314292311668396
v,0.0017705815844237804, 0.0012453014496713877, -0.0031649924349039793
v,0.0017704373458400369, 0.001412200159393251, -0.0031020303722471
v,0.0017756944289430976, -0.004672098904848099, -0.00314292311668396
v,0.0017705815844237804, 0.0012453014496713877, -0.0031649924349039793
v,0.0017756944289430976, -0.004672098904848099, -0.00314292311668396
v,0.0017757345922291279, -0.004718509037047625, -0.0032875090837478638
v,0.001770736533217132, 0.001065907534211874, -0.003225358435884118
v,0.0017705815844237804, 0.0012453014496713877, -0.0031649924349039793
v,0.0017757345922291279, -0.004718509037047625, -0.0032875090837478638
v,0.0017709023086354136, 0.0008740185294300318, -0.003283127909526229
v,0.001770736533217132, 0.001065907534211874, -0.003225358435884118
v,0.0017757345922291279, -0.004718509037047625, -0.0032875090837478638
v,0.001771078910678625, 0.000669634435325861, -0.0033383010886609554
v,0.0017709023086354136, 0.0008740185294300318, -0.003283127909526229
v,0.0017757345922291279, -0.004718509037047625, -0.0032875090837478638
v,0.001771078910678625, 0.000669634435325861, -0.0033383010886609554
v,0.0017757345922291279, -0.004718509037047625, -0.0032875090837478638
v,0.0017757673049345613, -0.004756481386721134, -0.00343696353957057
v,0.0017712663393467665, 0.00045275528100319207, -0.003390877740457654
v,0.001771078910678625, 0.000669634435325861, -0.0033383010886609554
v,0.0017757673049345613, -0.004756481386721134, -0.00343696353957057
v,0.0017714645946398377, 0.0002233809937024489, -0.0034408580977469683
v,0.0017712663393467665, 0.00045275528100319207, -0.003390877740457654
v,0.0017757673049345613, -0.004756481386721134, -0.00343696353957057
v,0.0017714645946398377, 0.0002233809937024489, -0.0034408580977469683
v,0.0017757673049345613, -0.004756481386721134, -0.00343696353957057
v,0.0017757929163053632, -0.004786015022546053, -0.0035912860184907913
v,0.0017723327036947012, -0.0007814190466888249, -0.0036511654034256935
v,0.0017714645946398377, 0.0002233809937024489, -0.0034408580977469683
v,0.0017757929163053632, -0.004786015022546053, -0.0035912860184907913
v,0.0017723327036947012, -0.0007814190466888249, -0.0036511654034256935
v,0.0017757929163053632, -0.004786015022546053, -0.0035912860184907913
v,0.0017758110770955682, -0.0048071108758449554, -0.003750476986169815
v,0.0017724591307342052, -0.0009277088684029877, -0.0036838636733591557
v,0.0017723327036947012, -0.0007814190466888249, -0.0036511654034256935
v,0.0017758110770955682, -0.0048071108758449554, -0.003750476986169815
v,0.0017725792713463306, -0.0010666963644325733, -0.0037196450866758823
v,0.0017724591307342052, -0.0009277088684029877, -0.0036838636733591557
v,0.0017758110770955682, -0.0048071108758449554, -0.003750476986169815
v,0.0017726930091157556, -0.0011983816511929035, -0.0037585096433758736
v,0.0017725792713463306, -0.0010666963644325733, -0.0037196450866758823
v,0.0017758110770955682, -0.0048071108758449554, -0.003750476986169815
v,0.0017726930091157556, -0.0011983816511929035, -0.0037585096433758736
v,0.0017758110770955682, -0.0048071108758449554, -0.003750476986169815
v,0.00177582202013582, -0.004819768015295267, -0.003914535976946354
v,0.0017728004604578018, -0.0013227646704763174, -0.003800457576289773
v,0.0017726930091157556, -0.0011983816511929035, -0.0037585096433758736
v,0.00177582202013582, -0.004819768015295267, -0.003914535976946354
v,0.0017729016253724694, -0.001439845422282815, -0.003845488652586937
v,0.0017728004604578018, -0.0013227646704763174, -0.003800457576289773
v,0.00177582202013582, -0.004819768015295267, -0.003914535976946354
v,0.0017729965038597584, -0.0015496237901970744, -0.0038936028722673655
v,0.0017729016253724694, -0.001439845422282815, -0.003845488652586937
v,0.00177582202013582, -0.004819768015295267, -0.003914535976946354
v,0.0017730850959196687, -0.0016520997742190957, -0.0039448002353310585
v,0.0017729965038597584, -0.0015496237901970744, -0.0038936028722673655
v,0.00177582202013582, -0.004819768015295267, -0.003914535976946354
v,0.0017730850959196687, -0.0016520997742190957, -0.0039448002353310585
v,0.00177582202013582, -0.004819768015295267, -0.003914535976946354
v,0.0017758257454261184, -0.00482398783788085, -0.004083463456481695
v,0.0017731672851368785, -0.0017472733743488789, -0.00399908097460866
v,0.0017730850959196687, -0.0016520997742190957, -0.0039448002353310585
v,0.0017758257454261184, -0.00482398783788085, -0.004083463456481695
v,0.0017732431879267097, -0.0018351448234170675, -0.0040564448572695255
v,0.0017731672851368785, -0.0017472733743488789, -0.00399908097460866
v,0.0017758257454261184, -0.00482398783788085, -0.004083463456481695
v,0.0017733128042891622, -0.001915713888593018, -0.004116892348974943
v,0.0017732431879267097, -0.0018351448234170675, -0.0040564448572695255
v,0.0017758257454261184, -0.00482398783788085, -0.004083463456481695
v,0.0017733128042891622, -0.001915713888593018, -0.004116892348974943
v,0.0017758257454261184, -0.00482398783788085, -0.004083463456481695
v,0.001775821321643889, -0.004818956833332777, -0.004257177468389273
v,0.001773376134224236, -0.0019889804534614086, -0.004180422518402338
v,0.0017733128042891622, -0.001915713888593018, -0.004116892348974943
v,0.001775821321643889, -0.004818956833332777, -0.004257177468389273
v,0.0017734331777319312, -0.0020549448672682047, -0.00424703536555171
v,0.001773376134224236, -0.0019889804534614086, -0.004180422518402338
v,0.001775821321643889, -0.004818956833332777, -0.004257177468389273
v,0.0017734847497195005, -0.002114661503583193, -0.004316651728004217
v,0.0017734331777319312, -0.0020549448672682047, -0.00424703536555171
v,0.001775821321643889, -0.004818956833332777, -0.004257177468389273
v,0.0017734847497195005, -0.002114661503583193, -0.004316651728004217
v,0.001775821321643889, -0.004818956833332777, -0.004257177468389273
v,0.0017758082831278443, -0.004803865682333708, -0.004427808802574873
v,0.0017735318979248405, -0.0021691855508834124, -0.004389187786728144
v,0.0017734847497195005, -0.002114661503583193, -0.004316651728004217
v,0.0017758082831278443, -0.004803865682333708, -0.004427808802574873
v,0.0017735745059326291, -0.0022185170091688633, -0.004464645404368639
v,0.0017735318979248405, -0.0021691855508834124, -0.004389187786728144
v,0.0017758082831278443, -0.004803865682333708, -0.004427808802574873
v,0.0017735745059326291, -0.0022185170091688633, -0.004464645404368639
v,0.0017758082831278443, -0.004803865682333708, -0.004427808802574873
v,0.0017757866298779845, -0.00477871298789978, -0.004595356527715921
v,0.0017736126901581883, -0.0022626554127782583, -0.004543023649603128
v,0.0017735745059326291, -0.0022185170091688633, -0.004464645404368639
v,0.0017757866298779845, -0.00477871298789978, -0.004595356527715921
v,0.0017685906495898962, 0.003549591638147831, -0.0047929249703884125
v,0.001768607646226883, 0.0035298755392432213, -0.0045391288585960865
v,0.0017692334949970245, 0.0028054844588041306, -0.0045391288585960865
v,0.0017685906495898962, 0.003549591638147831, -0.0047929249703884125
v,0.0017692334949970245, 0.0028054844588041306, -0.0045391288585960865
v,0.0017692638793960214, 0.002770433435216546, -0.005672450177371502
v,0.0017736463341861963, -0.0023016012273728848, -0.004624322522431612
v,0.0017736126901581883, -0.0022626554127782583, -0.004543023649603128
v,0.0017757866298779845, -0.00477871298789978, -0.004595356527715921
v,0.0017736463341861963, -0.0023016012273728848, -0.004624322522431612
v,0.0017757866298779845, -0.00477871298789978, -0.004595356527715921
v,0.0017757562454789877, -0.004743499681353569, -0.004759821109473705
v,0.001773675438016653, -0.0023353544529527426, -0.004708542488515377
v,0.0017736463341861963, -0.0023016012273728848, -0.004624322522431612
v,0.0017757562454789877, -0.004743499681353569, -0.004759821109473705
v,0.0017737001180648804, -0.0023639146238565445, -0.0047956835478544235
v,0.001773675438016653, -0.0023353544529527426, -0.004708542488515377
v,0.0017757562454789877, -0.004743499681353569, -0.004759821109473705
v,0.0017737001180648804, -0.0023639146238565445, -0.0047956835478544235
v,0.0017757562454789877, -0.004743499681353569, -0.004759821109473705
v,0.0017757171299308538, -0.004698225297033787, -0.004921202547848225
v,0.0017685698112472892, 0.0035736896097660065, -0.00504801981151104
v,0.0017685906495898962, 0.003549591638147831, -0.0047929249703884125
v,0.0017692638793960214, 0.002770433435216546, -0.005672450177371502
v,0.0017737203743308783, -0.002387281972914934, -0.004885746166110039
v,0.0017737001180648804, -0.0023639146238565445, -0.0047956835478544235
v,0.0017757171299308538, -0.004698225297033787, -0.004921202547848225
v,0.001773736090399325, -0.0024054567329585552, -0.004978728946298361
v,0.0017737203743308783, -0.002387281972914934, -0.004885746166110039
v,0.0017757171299308538, -0.004698225297033787, -0.004921202547848225
v,0.001773736090399325, -0.0024054567329585552, -0.004978728946298361
v,0.0017757171299308538, -0.004698225297033787, -0.004921202547848225
v,0.001775669283233583, -0.0046428898349404335, -0.0050795008428394794
v,0.0017737472662702203, -0.0024184384383261204, -0.005074632819741964
v,0.001773736090399325, -0.0024054567329585552, -0.004978728946298361
v,0.001775669283233583, -0.0046428898349404335, -0.0050795008428394794
v,0.0017685452476143837, 0.003602168522775173, -0.005304412916302681
v,0.0017685698112472892, 0.0035736896097660065, -0.00504801981151104
v,0.0017692638793960214, 0.002770433435216546, -0.005672450177371502
v,0.0017737540183588862, -0.0024262277875095606, -0.005173457786440849
v,0.0017737472662702203, -0.0024184384383261204, -0.005074632819741964
v,0.001775669283233583, -0.0046428898349404335, -0.0050795008428394794
v,0.0017737540183588862, -0.0024262277875095606, -0.005173457786440849
v,0.001775669283233583, -0.0046428898349404335, -0.0050795008428394794
v,0.001775612821802497, -0.004577493295073509, -0.00523471599444747
v,0.001773756230250001, -0.002428824082016945, -0.005275203846395016
v,0.0017737540183588862, -0.0024262277875095606, -0.005173457786440849
v,0.001775612821802497, -0.004577493295073509, -0.00523471599444747
v,0.001773756230250001, -0.002428824082016945, -0.005275203846395016
v,0.001775612821802497, -0.004577493295073509, -0.00523471599444747
v,0.0017755476292222738, -0.004502035677433014, -0.0053868480026721954
v,0.0017737529706209898, -0.002424970269203186, -0.0054073757492005825
v,0.001773756230250001, -0.002428824082016945, -0.005275203846395016
v,0.0017755476292222738, -0.004502035677433014, -0.0053868480026721954
v,0.001768516842275858, 0.0036350288428366184, -0.005562103819102049
v,0.0017685452476143837, 0.003602168522775173, -0.005304412916302681
v,0.0017692638793960214, 0.002770433435216546, -0.005672450177371502
v,0.0017737529706209898, -0.002424970269203186, -0.0054073757492005825
v,0.0017755476292222738, -0.004502035677433014, -0.0053868480026721954
v,0.0017754737054929137, -0.004416517447680235, -0.005535896401852369
v,0.0017737429589033127, -0.002413408365100622, -0.005535166710615158
v,0.0017737529706209898, -0.002424970269203186, -0.0054073757492005825
v,0.0017754737054929137, -0.004416517447680235, -0.005535896401852369
v,0.0017737263115122914, -0.0023941383697092533, -0.005658575799316168
v,0.0017737429589033127, -0.002413408365100622, -0.005535166710615158
v,0.0017754737054929137, -0.004416517447680235, -0.005535896401852369
v,0.0017737263115122914, -0.0023941383697092533, -0.005658575799316168
v,0.0017754737054929137, -0.004416517447680235, -0.005535896401852369
v,0.0017753911670297384, -0.004320938605815172, -0.005681862123310566
v,0.0017684847116470337, 0.0036722710356116295, -0.005821092985570431
v,0.001768516842275858, 0.0036350288428366184, -0.005562103819102049
v,0.0017692638793960214, 0.002770433435216546, -0.005672450177371502
v,0.001773703028447926, -0.0023671602830290794, -0.005777603480964899
v,0.0017737263115122914, -0.0023941383697092533, -0.005658575799316168
v,0.0017753911670297384, -0.004320938605815172, -0.005681862123310566
v,0.0017684847116470337, 0.0036722710356116295, -0.005821092985570431
v,0.0017692638793960214, 0.002770433435216546, -0.005672450177371502
v,0.001769338152371347, 0.002684428356587887, -0.005772208329290152
v,0.001773703028447926, -0.0023671602830290794, -0.005777603480964899
v,0.0017753911670297384, -0.004320938605815172, -0.005681862123310566
v,0.0017752998974174261, -0.004215297754853964, -0.005824744235724211
v,0.0017684847116470337, 0.0036722710356116295, -0.005821092985570431
v,0.001769338152371347, 0.002684428356587887, -0.005772208329290152
v,0.0017694164998829365, 0.0025938793551176786, -0.005868964362889528
v,0.0017736729932948947, -0.002332474337890744, -0.005892250221222639
v,0.001773703028447926, -0.0023671602830290794, -0.005777603480964899
v,0.0017752998974174261, -0.004215297754853964, -0.005824744235724211
v,0.0017684487393125892, 0.0037138941697776318, -0.006081380415707827
v,0.0017684847116470337, 0.0036722710356116295, -0.005821092985570431
v,0.0017694164998829365, 0.0025938793551176786, -0.005868964362889528
v,0.0017736729932948947, -0.002332474337890744, -0.005892250221222639
v,0.0017752998974174261, -0.004215297754853964, -0.005824744235724211
v,0.0017751998966559768, -0.004099596757441759, -0.005964543670415878
v,0.0017684487393125892, 0.0037138941697776318, -0.006081380415707827
v,0.0017694164998829365, 0.0025938793551176786, -0.005868964362889528
v,0.0017694985726848245, 0.002498786896467209, -0.005962718278169632
v,0.001773636438883841, -0.0022900800686329603, -0.006002515554428101
v,0.0017736729932948947, -0.002332474337890744, -0.005892250221222639
v,0.0017751998966559768, -0.004099596757441759, -0.005964543670415878
v,0.0017684487393125892, 0.0037138941697776318, -0.006081380415707827
v,0.0017694985726848245, 0.002498786896467209, -0.005962718278169632
v,0.0017695847200229764, 0.002399150747805834, -0.006053469609469175
v,0.001773636438883841, -0.0022900800686329603, -0.006002515554428101
v,0.0017751998966559768, -0.004099596757441759, -0.005964543670415878
v,0.0017750922124832869, -0.003974929917603731, -0.006102354731410742
v,0.0017735931323841214, -0.002239977940917015, -0.006108399480581284
v,0.001773636438883841, -0.0022900800686329603, -0.006002515554428101
v,0.0017750922124832869, -0.003974929917603731, -0.006102354731410742
v,0.0017684487393125892, 0.0037138941697776318, -0.006081380415707827
v,0.0017695847200229764, 0.002399150747805834, -0.006053469609469175
v,0.0017696747090667486, 0.0022949709091335535, -0.006141219288110733
v,0.0017684089252725244, 0.0037598987109959126, -0.0063429661095142365
v,0.0017684487393125892, 0.0037138941697776318, -0.006081380415707827
v,0.0017696747090667486, 0.0022949709091335535, -0.006141219288110733
v,0.0017735931323841214, -0.002239977940917015, -0.006108399480581284
v,0.0017750922124832869, -0.003974929917603731, -0.006102354731410742
v,0.0017749776598066092, -0.003842392470687628, -0.006239273119717836
v,0.0017735431902110577, -0.002182167721912265, -0.006209901534020901
v,0.0017735931323841214, -0.002239977940917015, -0.006108399480581284
v,0.0017749776598066092, -0.003842392470687628, -0.006239273119717836
v,0.0017684089252725244, 0.0037598987109959126, -0.0063429661095142365
v,0.0017696747090667486, 0.0022949709091335535, -0.006141219288110733
v,0.001769768656231463, 0.0021862471476197243, -0.006225967314094305
v,0.0017734866123646498, -0.0021166496444493532, -0.006307022646069527
v,0.0017735431902110577, -0.002182167721912265, -0.006209901534020901
v,0.0017749776598066092, -0.003842392470687628, -0.006239273119717836
v,0.0017684089252725244, 0.0037598987109959126, -0.0063429661095142365
v,0.001769768656231463, 0.0021862471476197243, -0.006225967314094305
v,0.0017698665615171194, 0.002072980161756277, -0.006307712756097317
v,0.0017734866123646498, -0.0021166496444493532, -0.006307022646069527
v,0.0017749776598066092, -0.003842392470687628, -0.006239273119717836
v,0.0017748563550412655, -0.0037019853480160236, -0.006375299300998449
v,0.001773423282429576, -0.0020434237085282803, -0.006399761885404587
v,0.0017734866123646498, -0.0021166496444493532, -0.006307022646069527
v,0.0017748563550412655, -0.0037019853480160236, -0.006375299300998449
v,0.0017684089252725244, 0.0037598987109959126, -0.0063429661095142365
v,0.0017698665615171194, 0.002072980161756277, -0.006307712756097317
v,0.0017699683085083961, 0.0019551690202206373, -0.0063864560797810555
v,0.001768365502357483, 0.003810285124927759, -0.00660585006698966
v,0.0017684089252725244, 0.0037598987109959126, -0.0063429661095142365
v,0.0017699683085083961, 0.0019551690202206373, -0.0063864560797810555
v,0.001773423282429576, -0.0020434237085282803, -0.006399761885404587
v,0.0017748563550412655, -0.0037019853480160236, -0.006375299300998449
v,0.0017747282981872559, -0.0035537073854357004, -0.006510432809591293
v,0.001768365502357483, 0.003810285124927759, -0.00660585006698966
v,0.0017699683085083961, 0.0019551690202206373, -0.0063864560797810555
v,0.001770074013620615, 0.0018328145379200578, -0.006462197285145521
v,0.001773353316821158, -0.0019624894484877586, -0.006488120183348656
v,0.001773423282429576, -0.0020434237085282803, -0.006399761885404587
v,0.0017747282981872559, -0.0035537073854357004, -0.006510432809591293
v,0.001768365502357483, 0.003810285124927759, -0.00660585006698966
v,0.001770074013620615, 0.0018328145379200578, -0.006462197285145521
v,0.001770183676853776, 0.0017059162491932511, -0.006534936837852001
v,0.0017732768319547176, -0.0018738474464043975, -0.006572097074240446
v,0.001773353316821158, -0.0019624894484877586, -0.006488120183348656
v,0.0017747282981872559, -0.0035537073854357004, -0.006510432809591293
v,0.0017732768319547176, -0.0018738474464043975, -0.006572097074240446
v,0.0017747282981872559, -0.0035537073854357004, -0.006510432809591293
v,0.0017745933728292584, -0.003397559281438589, -0.006644674111157656
v,0.001768365502357483, 0.003810285124927759, -0.00660585006698966
v,0.001770183676853776, 0.0017059162491932511, -0.006534936837852001
v,0.001770297298207879, 0.0015744745032861829, -0.006604674272239208
v,0.0017731937114149332, -0.0017777405446395278, -0.006650475785136223
v,0.0017732768319547176, -0.0018738474464043975, -0.006572097074240446
v,0.0017745933728292584, -0.003397559281438589, -0.006644674111157656
v,0.001768365502357483, 0.003810285124927759, -0.00660585006698966
v,0.001770297298207879, 0.0015744745032861829, -0.006604674272239208
v,0.0017704147612676024, 0.001438488601706922, -0.006671409122645855
v,0.0017683181213214993, 0.0038650520145893097, -0.006870032288134098
v,0.001768365502357483, 0.003810285124927759, -0.00660585006698966
v,0.0017704147612676024, 0.001438488601706922, -0.006671409122645855
v,0.0017731937114149332, -0.0017777405446395278, -0.006650475785136223
v,0.0017745933728292584, -0.003397559281438589, -0.006644674111157656
v,0.0017744515789672732, -0.0032335410360246897, -0.006778022740036249
v,0.001773104420863092, -0.0016744125168770552, -0.006722038611769676
v,0.0017731937114149332, -0.0017777405446395278, -0.006650475785136223
v,0.0017744515789672732, -0.0032335410360246897, -0.006778022740036249
v,0.0017683181213214993, 0.0038650520145893097, -0.006870032288134098
v,0.0017704147612676024, 0.001438488601706922, -0.006671409122645855
v,0.0017705344362184405, 0.0013000689214095473, -0.0067339250817894936
v,0.0017730089602991939, -0.0015638633631169796, -0.0067867860198020935
v,0.001773104420863092, -0.0016744125168770552, -0.006722038611769676
v,0.0017744515789672732, -0.0032335410360246897, -0.006778022740036249
v,0.0017683181213214993, 0.0038650520145893097, -0.006870032288134098
v,0.0017705344362184405, 0.0013000689214095473, -0.0067339250817894936
v,0.0017706542275846004, 0.0011613246751949191, -0.006791004911065102
v,0.0017730089602991939, -0.0015638633631169796, -0.0067867860198020935
v,0.0017744515789672732, -0.0032335410360246897, -0.006778022740036249
v,0.001774303149431944, -0.003061652183532715, -0.006910478696227074
v,0.0017729072133079171, -0.0014460929669439793, -0.006844718009233475
v,0.0017730089602991939, -0.0015638633631169796, -0.0067867860198020935
v,0.001774303149431944, -0.003061652183532715, -0.006910478696227074
v,0.0017683181213214993, 0.0038650520145893097, -0.006870032288134098
v,0.0017706542275846004, 0.0011613246751949191, -0.006791004911065102
v,0.0017707744846120477, 0.0010222558630630374, -0.006842648610472679
v,0.0017683181213214993, 0.0038650520145893097, -0.006870032288134098
v,0.0017707744846120477, 0.0010222558630630374, -0.006842648610472679
v,0.0017708948580548167, 0.0008828624850139022, -0.006888856180012226
v,0.0017727991798892617, -0.001321101444773376, -0.006895834114402533
v,0.0017729072133079171, -0.0014460929669439793, -0.006844718009233475
v,0.001774303149431944, -0.003061652183532715, -0.006910478696227074
v,0.0017682670149952173, 0.003924201242625713, -0.00713551277294755
v,0.0017683181213214993, 0.0038650520145893097, -0.006870032288134098
v,0.0017708948580548167, 0.0008828624850139022, -0.006888856180012226
v,0.0017682670149952173, 0.003924201242625713, -0.00713551277294755
v,0.0017708948580548167, 0.0008828624850139022, -0.006888856180012226
v,0.0017710155807435513, 0.0007431446574628353, -0.0069296276196837425
v,0.0017726849764585495, -0.0011888887966051698, -0.006940134800970554
v,0.0017727991798892617, -0.001321101444773376, -0.006895834114402533
v,0.001774303149431944, -0.003061652183532715, -0.006910478696227074
v,0.0017726849764585495, -0.0011888887966051698, -0.006940134800970554
v,0.001774303149431944, -0.003061652183532715, -0.006910478696227074
v,0.001774147734977305, -0.002881893189623952, -0.0070420424453914165
v,0.0017682670149952173, 0.003924201242625713, -0.00713551277294755
v,0.0017710155807435513, 0.0007431446574628353, -0.0069296276196837425
v,0.0017711366526782513, 0.0006031022639945149, -0.006964962929487228
v,0.0017725644866004586, -0.0010494549060240388, -0.00697762006893754
v,0.0017726849764585495, -0.0011888887966051698, -0.006940134800970554
v,0.001774147734977305, -0.002881893189623952, -0.0070420424453914165
v,0.0017682670149952173, 0.003924201242625713, -0.00713551277294755
v,0.0017711366526782513, 0.0006031022639945149, -0.006964962929487228
v,0.001771257841028273, 0.00046273533371277153, -0.006994861643761396
v,0.001772437826730311, -0.0009027998894453049, -0.00700828991830349
v,0.0017725644866004586, -0.0010494549060240388, -0.00697762006893754
v,0.001774147734977305, -0.002881893189623952, -0.0070420424453914165
v,0.0017682670149952173, 0.003924201242625713, -0.00713551277294755
v,0.001771257841028273, 0.00046273533371277153, -0.006994861643761396
v,0.0017713794950395823, 0.0003220438084099442, -0.007019324228167534
v,0.0017723047640174627, -0.0007489236886613071, -0.007032143883407116
v,0.001772437826730311, -0.0009027998894453049, -0.00700828991830349
v,0.001774147734977305, -0.002881893189623952, -0.0070420424453914165
v,0.0017682670149952173, 0.003924201242625713, -0.00713551277294755
v,0.0017713794950395823, 0.0003220438084099442, -0.007019324228167534
v,0.0017715012654662132, 0.000181027760845609, -0.007038350682705641
v,0.0017721656477078795, -0.0005878262454643846, -0.007049182895570993
v,0.0017723047640174627, -0.0007489236886613071, -0.007032143883407116
v,0.001774147734977305, -0.002881893189623952, -0.0070420424453914165
v,0.0017682670149952173, 0.003924201242625713, -0.00713551277294755
v,0.0017715012654662132, 0.000181027760845609, -0.007038350682705641
v,0.0017716233851388097, 3.968716919189319e-05, -0.0070519414730370045
v,0.0017721656477078795, -0.0005878262454643846, -0.007049182895570993
v,0.001774147734977305, -0.002881893189623952, -0.0070420424453914165
v,0.0017739856848493218, -0.002694264054298401, -0.0071727135218679905
v,0.0017720202449709177, -0.00041950761806219816, -0.0070594060234725475
v,0.0017721656477078795, -0.0005878262454643846, -0.007049182895570993
v,0.0017739856848493218, -0.002694264054298401, -0.0071727135218679905
v,0.0017682670149952173, 0.003924201242625713, -0.00713551277294755
v,0.0017716233851388097, 3.968716919189319e-05, -0.0070519414730370045
v,0.0017717458540573716, -0.00010197793744737282, -0.00706009566783905
v,0.0017718685558065772, -0.00024396782100666314, -0.007062813732773066
v,0.0017720202449709177, -0.00041950761806219816, -0.0070594060234725475
v,0.0017739856848493218, -0.002694264054298401, -0.0071727135218679905
v,0.0017682670149952173, 0.003924201242625713, -0.00713551277294755
v,0.0017717458540573716, -0.00010197793744737282, -0.00706009566783905
v,0.0017718685558065772, -0.00024396782100666314, -0.007062813732773066
v,0.0017682670149952173, 0.003924201242625713, -0.00713551277294755
v,0.0017718685558065772, -0.00024396782100666314, -0.007062813732773066
v,0.0017739856848493218, -0.002694264054298401, -0.0071727135218679905
v,0.0017682121833786368, 0.003987731412053108, -0.007402291055768728
v,0.0017682670149952173, 0.003924201242625713, -0.00713551277294755
v,0.0017739856848493218, -0.002694264054298401, -0.0071727135218679905
v,0.0017682121833786368, 0.003987731412053108, -0.007402291055768728
v,0.0017739856848493218, -0.002694264054298401, -0.0071727135218679905
v,0.001773816766217351, -0.0024987647775560617, -0.007302492391318083
v,0.0017682121833786368, 0.003987731412053108, -0.007402291055768728
v,0.001773816766217351, -0.0024987647775560617, -0.007302492391318083
v,0.0017736410954967141, -0.002295395126566291, -0.007431378122419119
v,0.001768153510056436, 0.004055642988532782, -0.007670367602258921
v,0.0017682121833786368, 0.003987731412053108, -0.007402291055768728
v,0.0017736410954967141, -0.002295395126566291, -0.007431378122419119
v,0.001768153510056436, 0.004055642988532782, -0.007670367602258921
v,0.0017736410954967141, -0.002295395126566291, -0.007431378122419119
v,0.0017734585562720895, -0.0020841544028371572, -0.007559372577816248
v,0.001768153510056436, 0.004055642988532782, -0.007670367602258921
v,0.0017734585562720895, -0.0020841544028371572, -0.007559372577816248
v,0.001773270545527339, -0.0018665855750441551, -0.007681605406105518
v,0.0017683280166238546, 0.0038536526262760162, -0.007738360203802586
v,0.001768153510056436, 0.004055642988532782, -0.007670367602258921
v,0.001773270545527339, -0.0018665855750441551, -0.007681605406105518
v,0.0017683280166238546, 0.0038536526262760162, -0.007738360203802586
v,0.001773270545527339, -0.0018665855750441551, -0.007681605406105518
v,0.0017730784602463245, -0.0016442296328023076, -0.007793209049850702
v,0.0017684949561953545, 0.0036605061031877995, -0.007802133914083242
v,0.0017683280166238546, 0.0038536526262760162, -0.007738360203802586
v,0.0017730784602463245, -0.0016442296328023076, -0.007793209049850702
v,0.0017684949561953545, 0.0036605061031877995, -0.007802133914083242
v,0.0017730784602463245, -0.0016442296328023076, -0.007793209049850702
v,0.0017728821840137243, -0.0014170865761116147, -0.007894184440374374
v,0.0017686542123556137, 0.0034762034192681313, -0.007861688733100891
v,0.0017684949561953545, 0.0036605061031877995, -0.007802133914083242
v,0.0017728821840137243, -0.0014170865761116147, -0.007894184440374374
v,0.0017688057851046324, 0.0033007445745170116, -0.007917024195194244
v,0.0017686542123556137, 0.0034762034192681313, -0.007861688733100891
v,0.0017728821840137243, -0.0014170865761116147, -0.007894184440374374
v,0.0017688057851046324, 0.0033007445745170116, -0.007917024195194244
v,0.0017728821840137243, -0.0014170865761116147, -0.007894184440374374
v,0.0017726818332448602, -0.0011851565213873982, -0.007984530180692673
v,0.0017689497908577323, 0.003134130034595728, -0.00796814076602459
v,0.0017688057851046324, 0.0033007445745170116, -0.007917024195194244
v,0.0017726818332448602, -0.0011851565213873982, -0.007984530180692673
v,0.0017690861131995916, 0.002976359101012349, -0.008015037514269352
v,0.0017689497908577323, 0.003134130034595728, -0.00796814076602459
v,0.0017726818332448602, -0.0011851565213873982, -0.007984530180692673
v,0.0017690861131995916, 0.002976359101012349, -0.008015037514269352
v,0.0017726818332448602, -0.0011851565213873982, -0.007984530180692673
v,0.0017724772915244102, -0.0009484393522143364, -0.00806424766778946
v,0.0017692147521302104, 0.002827432006597519, -0.008057715371251106
v,0.0017690861131995916, 0.002976359101012349, -0.008015037514269352
v,0.0017724772915244102, -0.0009484393522143364, -0.00806424766778946
v,0.0017693358240649104, 0.002687348984181881, -0.008096174336969852
v,0.0017692147521302104, 0.002827432006597519, -0.008057715371251106
v,0.0017724772915244102, -0.0009484393522143364, -0.00806424766778946
v,0.0017693358240649104, 0.002687348984181881, -0.008096174336969852
v,0.0017724772915244102, -0.0009484393522143364, -0.00806424766778946
v,0.0017722685588523746, -0.000706935185007751, -0.008133335039019585
v,0.0017694492125883698, 0.002556110266596079, -0.00813041441142559
v,0.0017693358240649104, 0.002687348984181881, -0.008096174336969852
v,0.0017722685588523746, -0.000706935185007751, -0.008133335039019585
v,0.0017695549177005887, 0.0024337153881788254, -0.008160434663295746
v,0.0017694492125883698, 0.002556110266596079, -0.00813041441142559
v,0.0017722685588523746, -0.000706935185007751, -0.008133335039019585
v,0.0017695549177005887, 0.0024337153881788254, -0.008160434663295746
v,0.0017722685588523746, -0.000706935185007751, -0.008133335039019585
v,0.001772055751644075, -0.0004606439033523202, -0.008191795088350773
v,0.0017696530558168888, 0.002320163883268833, -0.008186236955225468
v,0.0017695549177005887, 0.0024337153881788254, -0.008160434663295746
v,0.001772055751644075, -0.0004606439033523202, -0.008191795088350773
v,0.0017697435105219483, 0.0022154562175273895, -0.008207819424569607
v,0.0017696530558168888, 0.002320163883268833, -0.008186236955225468
v,0.001772055751644075, -0.0004606439033523202, -0.008191795088350773
v,0.0017697435105219483, 0.0022154562175273895, -0.008207819424569607
v,0.001772055751644075, -0.0004606439033523202, -0.008191795088350773
v,0.0017718388698995113, -0.0002095655509037897, -0.0082396250218153
v,0.001769831171259284, 0.002113994676619768, -0.008226480334997177
v,0.0017697435105219483, 0.0022154562175273895, -0.008207819424569607
v,0.0017718388698995113, -0.0002095655509037897, -0.0082396250218153
v,0.0017699209274724126, 0.002010179916396737, -0.008243518881499767
v,0.001769831171259284, 0.002113994676619768, -0.008226480334997177
v,0.0017718388698995113, -0.0002095655509037897, -0.0082396250218153
v,0.0017699209274724126, 0.002010179916396737, -0.008243518881499767
v,0.0017718388698995113, -0.0002095655509037897, -0.0082396250218153
v,0.001771617797203362, 4.629990871762857e-05, -0.008276826702058315
v,0.0017700126627460122, 0.0019040118204429746, -0.008258935064077377
v,0.0017699209274724126, 0.002010179916396737, -0.008243518881499767
v,0.001771617797203362, 4.629990871762857e-05, -0.008276826702058315
v,0.001770106377080083, 0.0017954910872504115, -0.008272728882730007
v,0.0017700126627460122, 0.0019040118204429746, -0.008258935064077377
v,0.001771617797203362, 4.629990871762857e-05, -0.008276826702058315
v,0.0017702021868899465, 0.001684617600403726, -0.008284899406135082
v,0.001770106377080083, 0.0017954910872504115, -0.008272728882730007
v,0.001771617797203362, 4.629990871762857e-05, -0.008276826702058315
v,0.0017702021868899465, 0.001684617600403726, -0.008284899406135082
v,0.001771617797203362, 4.629990871762857e-05, -0.008276826702058315
v,0.0017713925335556269, 0.0003069524245802313, -0.008303399197757244
v,0.001770299975760281, 0.001571390894241631, -0.008295447565615177
v,0.0017702021868899465, 0.001684617600403726, -0.008284899406135082
v,0.0017713925335556269, 0.0003069524245802313, -0.008303399197757244
v,0.0017703998601064086, 0.0014558114344254136, -0.008304372429847717
v,0.001770299975760281, 0.001571390894241631, -0.008295447565615177
v,0.0017713925335556269, 0.0003069524245802313, -0.008303399197757244
v,0.0017703998601064086, 0.0014558114344254136, -0.008304372429847717
v,0.0017713925335556269, 0.0003069524245802313, -0.008303399197757244
v,0.0017711631953716278, 0.0005723920185118914, -0.008319342508912086
v,0.001770501839928329, 0.0013378787552937865, -0.008311674930155277
v,0.0017703998601064086, 0.0014558114344254136, -0.008304372429847717
v,0.0017711631953716278, 0.0005723920185118914, -0.008319342508912086
v,0.0017706056823953986, 0.0012175932060927153, -0.008317355066537857
v,0.001770501839928329, 0.0013378787552937865, -0.008311674930155277
v,0.0017711631953716278, 0.0005723920185118914, -0.008319342508912086
v,0.001770711736753583, 0.001094954670406878, -0.008321410976350307
v,0.0017706056823953986, 0.0012175932060927153, -0.008317355066537857
v,0.0017711631953716278, 0.0005723920185118914, -0.008319342508912086
v,0.001770711736753583, 0.001094954670406878, -0.008321410976350307
v,0.0017711631953716278, 0.0005723920185118914, -0.008319342508912086
v,0.001770929666236043, 0.0008426187559962273, -0.008324656635522842
v,0.0017708196537569165, 0.0009699632646515965, -0.008323845453560352
v,0.001770711736753583, 0.001094954670406878, -0.008321410976350307
v,0.001770929666236043, 0.0008426187559962273, -0.008324656635522842
v,-0.0014460505917668343, -0.00208417815156281, 0.0033340000081807375
v,-0.0014456426724791527, -0.0025563137605786324, 0.0033462115097790956
v,-0.0014457402285188437, -0.0024432900827378035, 0.0033473882358521223
v,-0.0014460505917668343, -0.00208417815156281, 0.0033340000081807375
v,-0.0014455447671934962, -0.002669499721378088, 0.003342681797221303
v,-0.0014456426724791527, -0.0025563137605786324, 0.0033462115097790956
v,-0.0014460505917668343, -0.00208417815156281, 0.0033340000081807375
v,-0.0014454468619078398, -0.0027828479651361704, 0.0033367995638400316
v,-0.0014455447671934962, -0.002669499721378088, 0.003342681797221303
v,-0.0014460505917668343, -0.00208417815156281, 0.0033340000081807375
v,-0.0014453488402068615, -0.002896358724683523, 0.0033285643439739943
v,-0.0014454468619078398, -0.0027828479651361704, 0.0033367995638400316
v,-0.001446362235583365, -0.0017234429251402617, 0.0032938371878117323
v,-0.0014453488402068615, -0.002896358724683523, 0.0033285643439739943
v,-0.0014460505917668343, -0.00208417815156281, 0.0033340000081807375
v,-0.001446362235583365, -0.0017234429251402617, 0.0032938371878117323
v,-0.0014452505856752396, -0.0030100313015282154, 0.003317976137623191
v,-0.0014453488402068615, -0.002896358724683523, 0.0033285643439739943
v,-0.001446362235583365, -0.0017234429251402617, 0.0032938371878117323
v,-0.0014451522147282958, -0.003123866394162178, 0.003305034013465047
v,-0.0014452505856752396, -0.0030100313015282154, 0.003317976137623191
v,-0.001446362235583365, -0.0017234429251402617, 0.0032938371878117323
v,-0.0014450537273660302, -0.003237864002585411, 0.0032897398341447115
v,-0.0014451522147282958, -0.003123866394162178, 0.003305034013465047
v,-0.0014466753927990794, -0.0013610852183774114, 0.0032268993090838194
v,-0.0014450537273660302, -0.003237864002585411, 0.0032897398341447115
v,-0.001446362235583365, -0.0017234429251402617, 0.0032938371878117323
v,-0.0014466753927990794, -0.0013610852183774114, 0.0032268993090838194
v,-0.0014449551235884428, -0.003352023893967271, 0.00327209266833961
v,-0.0014450537273660302, -0.003237864002585411, 0.0032897398341447115
v,-0.0014466753927990794, -0.0013610852183774114, 0.0032268993090838194
v,-0.0014448562869802117, -0.0034663458354771137, 0.0032520920503884554
v,-0.0014449551235884428, -0.003352023893967271, 0.00327209266833961
v,-0.0014466753927990794, -0.0013610852183774114, 0.0032268993090838194
v,-0.0014447573339566588, -0.0035808300599455833, 0.0032297393772751093
v,-0.0014448562869802117, -0.0034663458354771137, 0.0032520920503884554
v,-0.0014466753927990794, -0.0013610852183774114, 0.0032268993090838194
v,-0.001444658380933106, -0.003695476334542036, 0.00320503325201571
v,-0.0014447573339566588, -0.0035808300599455833, 0.0032297393772751093
v,-0.001446989830583334, -0.0009971045656129718, 0.0031331859063357115
v,-0.001444658380933106, -0.003695476334542036, 0.00320503325201571
v,-0.0014466753927990794, -0.0013610852183774114, 0.0032268993090838194
v,-0.001446989830583334, -0.0009971045656129718, 0.0031331859063357115
v,-0.0014445590786635876, -0.003810285357758403, 0.003177973674610257
v,-0.001444658380933106, -0.003695476334542036, 0.00320503325201571
v,-0.001446989830583334, -0.0009971045656129718, 0.0031331859063357115
v,-0.0014444597763940692, -0.00392525689676404, 0.003148480551317334
v,-0.0014445590786635876, -0.003810285357758403, 0.003177973674610257
v,-0.001446989830583334, -0.0009971045656129718, 0.0031331859063357115
v,-0.001444360357709229, -0.004040390718728304, 0.003116472391411662
v,-0.0014444597763940692, -0.00392525689676404, 0.003148480551317334
v,-0.0014473056653514504, -0.0006315012578852475, 0.003012697445228696
v,-0.001444360357709229, -0.004040390718728304, 0.003116472391411662
v,-0.001446989830583334, -0.0009971045656129718, 0.0031331859063357115
v,-0.0014473056653514504, -0.0006315012578852475, 0.003012697445228696
v,-0.0014442607061937451, -0.004155686125159264, 0.0030819482635706663
v,-0.001444360357709229, -0.004040390718728304, 0.003116472391411662
v,-0.0014473056653514504, -0.0006315012578852475, 0.003012697445228696
v,-0.0014441609382629395, -0.004271144047379494, 0.0030449095647782087
v,-0.0014442607061937451, -0.004155686125159264, 0.0030819482635706663
v,-0.0014473056653514504, -0.0006315012578852475, 0.003012697445228696
v,-0.001444061053916812, -0.004386764019727707, 0.0030053548980504274
v,-0.0014441609382629395, -0.004271144047379494, 0.0030449095647782087
v,-0.0014476230135187507, -0.00026427526609040797, 0.0028654339257627726
v,-0.001444061053916812, -0.004386764019727707, 0.0030053548980504274
v,-0.0014473056653514504, -0.0006315012578852475, 0.003012697445228696
v,-0.0014476230135187507, -0.00026427526609040797, 0.0028654339257627726
v,-0.0014439609367400408, -0.004502546042203903, 0.0029632856603711843
v,-0.001444061053916812, -0.004386764019727707, 0.0030053548980504274
v,-0.0014476230135187507, -0.00026427526609040797, 0.0028654339257627726
v,-0.0014438608195632696, -0.00461849058046937, 0.0029187004547566175
v,-0.0014439609367400408, -0.004502546042203903, 0.0029632856603711843
v,-0.0014476230135187507, -0.00026427526609040797, 0.0028654339257627726
v,-0.0014437604695558548, -0.004734597634524107, 0.0028716011438518763
v,-0.0014438608195632696, -0.00461849058046937, 0.0029187004547566175
v,-0.0014476230135187507, -0.00026427526609040797, 0.0028654339257627726
v,-0.0014436600031331182, -0.004850866738706827, 0.002821985399350524
v,-0.0014437604695558548, -0.004734597634524107, 0.0028716011438518763
v,-0.0014479417586699128, 0.00010457353346282616, 0.0026913953479379416
v,-0.0014436600031331182, -0.004850866738706827, 0.002821985399350524
v,-0.0014476230135187507, -0.00026427526609040797, 0.0028654339257627726
v,-0.0014479417586699128, 0.00010457353346282616, 0.0026913953479379416
v,-0.0014435594202950597, -0.004967298358678818, 0.00276985508389771
v,-0.0014436600031331182, -0.004850866738706827, 0.002821985399350524
v,-0.0014479417586699128, 0.00010457353346282616, 0.0026913953479379416
v,-0.0014434586046263576, -0.005083892028778791, 0.002715208800509572
v,-0.0014435594202950597, -0.004967298358678818, 0.00276985508389771
v,-0.0014479417586699128, 0.00010457353346282616, 0.0026913953479379416
v,-0.0014433577889576554, -0.0052006482146680355, 0.0026580479461699724
v,-0.0014434586046263576, -0.005083892028778791, 0.002715208800509572
v,-0.001448261784389615, 0.0004750450316350907, 0.0024905812460929155
v,-0.0014433577889576554, -0.0052006482146680355, 0.0026580479461699724
v,-0.0014479417586699128, 0.00010457353346282616, 0.0026913953479379416
v,-0.001448261784389615, 0.0004750450316350907, 0.0024905812460929155
v,-0.001443399116396904, -0.005152777768671513, 0.0024492822121828794
v,-0.0014433577889576554, -0.0052006482146680355, 0.0026580479461699724
v,-0.001448583323508501, 0.000847139279358089, 0.0022629916202276945
v,-0.001443399116396904, -0.005152777768671513, 0.0024492822121828794
v,-0.001448261784389615, 0.0004750450316350907, 0.0024905812460929155
v,-0.001448583323508501, 0.000847139279358089, 0.0022629916202276945
v,-0.0014434390468522906, -0.0051065292209386826, 0.002235811436548829
v,-0.001443399116396904, -0.005152777768671513, 0.0024492822121828794
v,-0.0014489061431959271, 0.0012208560947328806, 0.002008627401664853
v,-0.0014434390468522906, -0.0051065292209386826, 0.002235811436548829
v,-0.001448583323508501, 0.000847139279358089, 0.0022629916202276945
v,-0.0014489061431959271, 0.0012208560947328806, 0.002008627401664853
v,-0.0014469025190919638, -0.0010981602827087045, 0.002082259627059102
v,-0.0014434390468522906, -0.0051065292209386826, 0.002235811436548829
v,-0.0014469025190919638, -0.0010981602827087045, 0.002082259627059102
v,-0.0014467800501734018, -0.001239866018295288, 0.002085544867441058
v,-0.0014434390468522906, -0.0051065292209386826, 0.002235811436548829
v,-0.0014467800501734018, -0.001239866018295288, 0.002085544867441058
v,-0.0014466826105490327, -0.0013525651302188635, 0.002083881525322795
v,-0.0014434390468522906, -0.0051065292209386826, 0.002235811436548829
v,-0.0014466826105490327, -0.0013525651302188635, 0.002083881525322795
v,-0.0014434775803238153, -0.005061903968453407, 0.002017633756622672
v,-0.0014434390468522906, -0.0051065292209386826, 0.002235811436548829
v,-0.0014465857530012727, -0.0014647775096818805, 0.0020788919646292925
v,-0.0014434775803238153, -0.005061903968453407, 0.002017633756622672
v,-0.0014466826105490327, -0.0013525651302188635, 0.002083881525322795
v,-0.0014489061431959271, 0.0012208560947328806, 0.002008627401664853
v,-0.00144702079705894, -0.0009612416615709662, 0.0020724015776067972
v,-0.0014469025190919638, -0.0010981602827087045, 0.002082259627059102
v,-0.0014464891282841563, -0.001576503156684339, 0.0020705757196992636
v,-0.0014434775803238153, -0.005061903968453407, 0.002017633756622672
v,-0.0014465857530012727, -0.0014647775096818805, 0.0020788919646292925
v,-0.0014489061431959271, 0.0012208560947328806, 0.002008627401664853
v,-0.0014471348840743303, -0.0008291101548820734, 0.0020559716504067183
v,-0.00144702079705894, -0.0009612416615709662, 0.0020724015776067972
v,-0.001446393085643649, -0.0016877419548109174, 0.002058932324871421
v,-0.0014434775803238153, -0.005061903968453407, 0.002017633756622672
v,-0.0014464891282841563, -0.001576503156684339, 0.0020705757196992636
v,-0.0014462973922491074, -0.0017984940204769373, 0.0020439631771296263
v,-0.0014434775803238153, -0.005061903968453407, 0.002017633756622672
v,-0.001446393085643649, -0.0016877419548109174, 0.002058932324871421
v,-0.0014489061431959271, 0.0012208560947328806, 0.002008627401664853
v,-0.0014472450129687786, -0.000701765704434365, 0.0020329689141362906
v,-0.0014471348840743303, -0.0008291101548820734, 0.0020559716504067183
v,-0.001446202048100531, -0.001908759237267077, 0.0020256664138287306
v,-0.0014434775803238153, -0.005061903968453407, 0.002017633756622672
v,-0.0014462973922491074, -0.0017984940204769373, 0.0020439631771296263
v,-0.0014489061431959271, 0.0012208560947328806, 0.002008627401664853
v,-0.0014473508344963193, -0.000579208368435502, 0.002003394765779376
v,-0.0014472450129687786, -0.000701765704434365, 0.0020329689141362906
v,-0.0014461071696132421, -0.0020185376051813364, 0.0020040434319525957
v,-0.0014434775803238153, -0.005061903968453407, 0.002017633756622672
v,-0.001446202048100531, -0.001908759237267077, 0.0020256664138287306
v,-0.0014461071696132421, -0.0020185376051813364, 0.0020040434319525957
v,-0.0014435148332268, -0.005018901079893112, 0.0017947499873116612
v,-0.0014434775803238153, -0.005061903968453407, 0.002017633756622672
v,-0.001449230476282537, 0.0015961956232786179, 0.0017274875426664948
v,-0.0014473508344963193, -0.000579208368435502, 0.002003394765779376
v,-0.0014489061431959271, 0.0012208560947328806, 0.002008627401664853
v,-0.0014460127567872405, -0.0021278290078043938, 0.0019790937658399343
v,-0.0014435148332268, -0.005018901079893112, 0.0017947499873116612
v,-0.0014461071696132421, -0.0020185376051813364, 0.0020040434319525957
v,-0.001449230476282537, 0.0015961956232786179, 0.0017274875426664948
v,-0.001447452581487596, -0.00046143808867782354, 0.0019672482740134
v,-0.0014473508344963193, -0.000579208368435502, 0.002003394765779376
v,-0.0014459188096225262, -0.0022366337943822145, 0.0019508168334141374
v,-0.0014435148332268, -0.005018901079893112, 0.0017947499873116612
v,-0.0014460127567872405, -0.0021278290078043938, 0.0019790937658399343
v,-0.001449230476282537, 0.0015961956232786179, 0.0017274875426664948
v,-0.0014475502539426088, -0.0003484548651613295, 0.0019245293224230409
v,-0.001447452581487596, -0.00046143808867782354, 0.0019672482740134
v,-0.0014458252117037773, -0.0023449514992535114, 0.0019192142644897103
v,-0.0014435148332268, -0.005018901079893112, 0.0017947499873116612
v,-0.0014459188096225262, -0.0022366337943822145, 0.0019508168334141374
v,-0.001449230476282537, 0.0015961956232786179, 0.0017274875426664948
v,-0.0014476437354460359, -0.00024025871243793517, 0.0018752386095002294
v,-0.0014475502539426088, -0.0003484548651613295, 0.0019245293224230409
v,-0.001445731963030994, -0.0024527825880795717, 0.0018842850113287568
v,-0.0014435148332268, -0.005018901079893112, 0.0017947499873116612
v,-0.0014458252117037773, -0.0023449514992535114, 0.0019192142644897103
v,-0.0014456392964348197, -0.0025601268280297518, 0.0018460286082699895
v,-0.0014435148332268, -0.005018901079893112, 0.0017947499873116612
v,-0.001445731963030994, -0.0024527825880795717, 0.0018842850113287568
v,-0.001449230476282537, 0.0015961956232786179, 0.0017274875426664948
v,-0.0014477330259978771, -0.00013684968871530145, 0.0018193760188296437
v,-0.0014476437354460359, -0.00024025871243793517, 0.0018752386095002294
v,-0.0014455463970080018, -0.0026676333509385586, 0.001803553313948214
v,-0.0014435148332268, -0.005018901079893112, 0.0017947499873116612
v,-0.0014456392964348197, -0.0025601268280297518, 0.0018460286082699895
v,-0.001449230476282537, 0.0015961956232786179, 0.0017274875426664948
v,-0.0014478182420134544, -3.822772850980982e-05, 0.0017569410847499967
v,-0.0014477330259978771, -0.00013684968871530145, 0.0018193760188296437
v,-0.001445452799089253, -0.0027759515214711428, 0.0017559664556756616
v,-0.0014435148332268, -0.005018901079893112, 0.0017947499873116612
v,-0.0014455463970080018, -0.0026676333509385586, 0.001803553313948214
v,-0.001445452799089253, -0.0027759515214711428, 0.0017559664556756616
v,-0.0014435505727306008, -0.0049775210209190845, 0.0015671612927690148
v,-0.0014435148332268, -0.005018901079893112, 0.0017947499873116612
v,-0.001449230476282537, 0.0015961956232786179, 0.0017274875426664948
v,-0.0014478993834927678, 5.5607153626624495e-05, 0.0016879338072612882
v,-0.0014478182420134544, -3.822772850980982e-05, 0.0017569410847499967
v,-0.0014453585026785731, -0.0028850806411355734, 0.0017032675677910447
v,-0.0014435505727306008, -0.0049775210209190845, 0.0015671612927690148
v,-0.001445452799089253, -0.0027759515214711428, 0.0017559664556756616
v,-0.0014495562063530087, 0.0019731582142412663, 0.0014195727417245507
v,-0.0014478993834927678, 5.5607153626624495e-05, 0.0016879338072612882
v,-0.001449230476282537, 0.0015961956232786179, 0.0017274875426664948
v,-0.0014452635077759624, -0.002995020942762494, 0.0016454575816169381
v,-0.0014435505727306008, -0.0049775210209190845, 0.0015671612927690148
v,-0.0014453585026785731, -0.0028850806411355734, 0.0017032675677910447
v,-0.0014495562063530087, 0.0019731582142412663, 0.0014195727417245507
v,-0.0014479763340204954, 0.00014465504500549287, 0.0016123546520248055
v,-0.0014478993834927678, 5.5607153626624495e-05, 0.0016879338072612882
v,-0.0014451678143814206, -0.003105773124843836, 0.0015825360314920545
v,-0.0014435505727306008, -0.0049775210209190845, 0.0015671612927690148
v,-0.0014452635077759624, -0.002995020942762494, 0.0016454575816169381
v,-0.0014495562063530087, 0.0019731582142412663, 0.0014195727417245507
v,-0.0014480480458587408, 0.00022769875067751855, 0.0015317444922402501
v,-0.0014479763340204954, 0.00014465504500549287, 0.0016123546520248055
v,-0.001445071422494948, -0.0032173367217183113, 0.0015145024517551064
v,-0.0014435505727306008, -0.0049775210209190845, 0.0015671612927690148
v,-0.0014451678143814206, -0.003105773124843836, 0.0015825360314920545
v,-0.001445071422494948, -0.0032173367217183113, 0.0015145024517551064
v,-0.0014435849152505398, -0.004937763791531324, 0.0013348656939342618
v,-0.0014435505727306008, -0.0049775210209190845, 0.0015671612927690148
v,-0.0014495562063530087, 0.0019731582142412663, 0.0014195727417245507
v,-0.0014481135876849294, 0.00030352119938470423, 0.0014476460637524724
v,-0.0014480480458587408, 0.00022769875067751855, 0.0015317444922402501
v,-0.0014449743321165442, -0.003329711500555277, 0.0014413577737286687
v,-0.0014435849152505398, -0.004937763791531324, 0.0013348656939342618
v,-0.001445071422494948, -0.0032173367217183113, 0.0015145024517551064
v,-0.0014495562063530087, 0.0019731582142412663, 0.0014195727417245507
v,-0.0014481728430837393, 0.0003721225366462022, 0.0013600586680695415
v,-0.0014481135876849294, 0.00030352119938470423, 0.0014476460637524724
v,-0.0014448765432462096, -0.003442897228524089, 0.0013631010660901666
v,-0.0014435849152505398, -0.004937763791531324, 0.0013348656939342618
v,-0.0014449743321165442, -0.003329711500555277, 0.0014413577737286687
v,-0.0014496884541586041, 0.0021261826623231173, 0.0012811532942578197
v,-0.0014481728430837393, 0.0003721225366462022, 0.0013600586680695415
v,-0.0014495562063530087, 0.0019731582142412663, 0.0014195727417245507
v,-0.0014447779394686222, -0.003556894836947322, 0.0012797327945008874
v,-0.0014435849152505398, -0.004937763791531324, 0.0013348656939342618
v,-0.0014448765432462096, -0.003442897228524089, 0.0013631010660901666
v,-0.0014496884541586041, 0.0021261826623231173, 0.0012811532942578197
v,-0.0014482258120551705, 0.00043350268970243633, 0.0012689823051914573
v,-0.0014481728430837393, 0.0003721225366462022, 0.0013600586680695415
v,-0.0014447779394686222, -0.003556894836947322, 0.0012797327945008874
v,-0.001443617744371295, -0.004899629391729832, 0.0010978643549606204
v,-0.0014435849152505398, -0.004937763791531324, 0.0013348656939342618
v,-0.0014498090604320168, 0.002265900606289506, 0.0011346199316903949
v,-0.0014482258120551705, 0.00043350268970243633, 0.0012689823051914573
v,-0.0014496884541586041, 0.0021261826623231173, 0.0012811532942578197
v,-0.0014446787536144257, -0.0036717038601636887, 0.0011912529589608312
v,-0.001443617744371295, -0.004899629391729832, 0.0010978643549606204
v,-0.0014447779394686222, -0.003556894836947322, 0.0012797327945008874
v,-0.0014498090604320168, 0.002265900606289506, 0.0011346199316903949
v,-0.001448272611014545, 0.0004876616585534066, 0.0011744172079488635
v,-0.0014482258120551705, 0.00043350268970243633, 0.0012689823051914573
v,-0.0014445788692682981, -0.0037873240653425455, 0.0010976613266393542
v,-0.001443617744371295, -0.004899629391729832, 0.0010978643549606204
v,-0.0014446787536144257, -0.0036717038601636887, 0.0011912529589608312
v,-0.0014498090604320168, 0.002265900606289506, 0.0011346199316903949
v,-0.0014483132399618626, 0.0005345995305106044, 0.0010763631435111165
v,-0.001448272611014545, 0.0004876616585534066, 0.0011744172079488635
v,-0.0014499183744192123, 0.002392311580479145, 0.0009799726540222764
v,-0.0014483132399618626, 0.0005345995305106044, 0.0010763631435111165
v,-0.0014498090604320168, 0.002265900606289506, 0.0011346199316903949
v,-0.0014445788692682981, -0.0037873240653425455, 0.0010976613266393542
v,-0.00144364929292351, -0.004863117355853319, 0.0008561575668863952
v,-0.001443617744371295, -0.004899629391729832, 0.0010978643549606204
v,-0.0014444782864302397, -0.0039037554524838924, 0.0009989585960283875
v,-0.00144364929292351, -0.004863117355853319, 0.0008561575668863952
v,-0.0014445788692682981, -0.0037873240653425455, 0.0010976613266393542
v,-0.0014499183744192123, 0.002392311580479145, 0.0009799726540222764
v,-0.0014483474660664797, 0.0005743160145357251, 0.0009748201700858772
v,-0.0014483132399618626, 0.0005345995305106044, 0.0010763631435111165
v,-0.0014443672262132168, -0.0040322765707969666, -0.00015773072664160281
v,-0.00144364929292351, -0.004863117355853319, 0.0008561575668863952
v,-0.0014444782864302397, -0.0039037554524838924, 0.0009989585960283875
v,-0.0014500160468742251, 0.002505416749045253, 0.0008172117522917688
v,-0.0014483474660664797, 0.0005743160145357251, 0.0009748201700858772
v,-0.0014499183744192123, 0.002392311580479145, 0.0009799726540222764
v,-0.0014500160468742251, 0.002505416749045253, 0.0008172117522917688
v,-0.0014483756385743618, 0.0006068113725632429, 0.0008697881712578237
v,-0.0014483474660664797, 0.0005743160145357251, 0.0009748201700858772
v,-0.0014500160468742251, 0.002505416749045253, 0.0008172117522917688
v,-0.0014483974082395434, 0.0006320856045931578, 0.0007612674380652606
v,-0.0014483756385743618, 0.0006068113725632429, 0.0008697881712578237
v,-0.0014443672262132168, -0.0040322765707969666, -0.00015773072664160281
v,-0.0014436794444918633, -0.004828228615224361, 0.0006097442819736898
v,-0.00144364929292351, -0.004863117355853319, 0.0008561575668863952
v,-0.001450102310627699, 0.0026052151806652546, 0.0006463371100835502
v,-0.0014483974082395434, 0.0006320856045931578, 0.0007612674380652606
v,-0.0014500160468742251, 0.002505416749045253, 0.0008172117522917688
v,-0.001450102310627699, 0.0026052151806652546, 0.0006463371100835502
v,-0.0014484130078926682, 0.000650138477794826, 0.000649257970508188
v,-0.0014483974082395434, 0.0006320856045931578, 0.0007612674380652606
v,-0.001450102310627699, 0.0026052151806652546, 0.0006463371100835502
v,-0.0014484223211184144, 0.0006609703414142132, 0.0005337595357559621
v,-0.0014484130078926682, 0.000650138477794826, 0.000649257970508188
v,-0.0014501770492643118, 0.0026917073410004377, 0.00046734901843592525
v,-0.0014484223211184144, 0.0006609703414142132, 0.0005337595357559621
v,-0.001450102310627699, 0.0026052151806652546, 0.0006463371100835502
v,-0.0014443672262132168, -0.0040322765707969666, -0.00015773072664160281
v,-0.0014437081990763545, -0.004794962238520384, 0.000358625256922096
v,-0.0014436794444918633, -0.004828228615224361, 0.0006097442819736898
v,-0.0014501770492643118, 0.0026917073410004377, 0.00046734901843592525
v,-0.0014484254643321037, 0.0006645810790359974, 0.000414772133808583
v,-0.0014484223211184144, 0.0006609703414142132, 0.0005337595357559621
v,-0.0014502402627840638, 0.0027648929972201586, 0.0002802470116876066
v,-0.0014484254643321037, 0.0006645810790359974, 0.000414772133808583
v,-0.0014501770492643118, 0.0026917073410004377, 0.00046734901843592525
v,-0.0014502402627840638, 0.0027648929972201586, 0.0002802470116876066
v,-0.0014484224375337362, 0.0006610921118408442, 0.0002980157150886953
v,-0.0014484254643321037, 0.0006645810790359974, 0.000414772133808583
v,-0.0014443672262132168, -0.0040322765707969666, -0.00015773072664160281
v,-0.0014437355566769838, -0.004763318691402674, 0.00010280024434905499
v,-0.0014437081990763545, -0.004794962238520384, 0.000358625256922096
v,-0.0014502402627840638, 0.0027648929972201586, 0.0002802470116876066
v,-0.0014484133571386337, 0.0006506255595013499, 0.00018531658861320466
v,-0.0014484224375337362, 0.0006610921118408442, 0.0002980157150886953
v,-0.001450291951186955, 0.0028247719164937735, 8.503130811732262e-05
v,-0.0014484133571386337, 0.0006506255595013499, 0.00018531658861320466
v,-0.0014502402627840638, 0.0027648929972201586, 0.0002802470116876066
v,-0.001450291951186955, 0.0028247719164937735, 8.503130811732262e-05
v,-0.001448398339562118, 0.0006331810727715492, 7.667408499401063e-05
v,-0.0014484133571386337, 0.0006506255595013499, 0.00018531658861320466
v,-0.0014443672262132168, -0.0040322765707969666, -0.00015773072664160281
v,-0.0014437615172937512, -0.004733299370855093, -0.00015773072664160281
v,-0.0014437355566769838, -0.004763318691402674, 0.00010280024434905499
v,-0.001450332230888307, 0.0028713445644825697, -0.00011829806317109615
v,-0.001448398339562118, 0.0006331810727715492, 7.667408499401063e-05
v,-0.001450291951186955, 0.0028247719164937735, 8.503130811732262e-05
v,-0.001450332230888307, 0.0028713445644825697, -0.00011829806317109615
v,-0.0014483772683888674, 0.0006087587680667639, -2.7911575671168976e-05
v,-0.001448398339562118, 0.0006331810727715492, 7.667408499401063e-05
v,-0.001450332230888307, 0.0028713445644825697, -0.00011829806317109615
v,-0.0014483501436188817, 0.0005773588782176375, -0.0001284401660086587
v,-0.0014483772683888674, 0.0006087587680667639, -2.7911575671168976e-05
v,-0.0014503608690574765, 0.0029046109411865473, -0.00032974110217764974
v,-0.0014483501436188817, 0.0005773588782176375, -0.0001284401660086587
v,-0.001450332230888307, 0.0028713445644825697, -0.00011829806317109615
v,-0.0014503608690574765, 0.0029046109411865473, -0.00032974110217764974
v,-0.001448316965252161, 0.0005389809375628829, -0.000224911913392134
v,-0.0014483501436188817, 0.0005773588782176375, -0.0001284401660086587
v,-0.0014503608690574765, 0.0029046109411865473, -0.00032974110217764974
v,-0.0014482777332887053, 0.0004936255281791091, -0.0003173270379193127
v,-0.001448316965252161, 0.0005389809375628829, -0.000224911913392134
v,-0.0014503608690574765, 0.0029046109411865473, -0.00032974110217764974
v,-0.0014482325641438365, 0.00044129203888587654, -0.00040568510303273797
v,-0.0014482777332887053, 0.0004936255281791091, -0.0003173270379193127
v,-0.0014503782149404287, 0.0029245703481137753, -0.0005492977215908468
v,-0.0014482325641438365, 0.00044129203888587654, -0.00040568510303273797
v,-0.0014503608690574765, 0.0029046109411865473, -0.00032974110217764974
v,-0.0014503782149404287, 0.0029245703481137753, -0.0005492977215908468
v,-0.0014481812249869108, 0.00038198099355213344, -0.0004899865598417819
v,-0.0014482325641438365, 0.00044129203888587654, -0.00040568510303273797
v,-0.0014503782149404287, 0.0029245703481137753, -0.0005492977215908468
v,-0.001448123948648572, 0.0003156921302434057, -0.0005702309426851571
v,-0.0014481812249869108, 0.00038198099355213344, -0.0004899865598417819
v,-0.0014503839192911983, 0.0029312237165868282, -0.0007769681396894157
v,-0.001448123948648572, 0.0003156921302434057, -0.0005702309426851571
v,-0.0014503782149404287, 0.0029245703481137753, -0.0005492977215908468
v,-0.0014503839192911983, 0.0029312237165868282, -0.0007769681396894157
v,-0.0014480606187134981, 0.00024242546351160854, -0.0006464186008088291
v,-0.001448123948648572, 0.0003156921302434057, -0.0005702309426851571
v,-0.0014503839192911983, 0.0029312237165868282, -0.0007769681396894157
v,-0.001447991351597011, 0.00016218102246057242, -0.000718549417797476
v,-0.0014480606187134981, 0.00024242546351160854, -0.0006464186008088291
v,-0.0014503839192911983, 0.0029312237165868282, -0.0007769681396894157
v,-0.0014479152159765363, 7.41473413654603e-05, -0.0007892198045738041
v,-0.001447991351597011, 0.00016218102246057242, -0.000718549417797476
v,-0.0014503791462630033, 0.002925787353888154, -0.0009686140692792833
v,-0.0014479152159765363, 7.41473413654603e-05, -0.0007892198045738041
v,-0.0014503839192911983, 0.0029312237165868282, -0.0007769681396894157
v,-0.0014503791462630033, 0.002925787353888154, -0.0009686140692792833
v,-0.0014478283701464534, -2.6381478164694272e-05, -0.0008571316138841212
v,-0.0014479152159765363, 7.41473413654603e-05, -0.0007892198045738041
v,-0.0014503791462630033, 0.002925787353888154, -0.0009686140692792833
v,-0.0014477306976914406, -0.0001394053251715377, -0.0009222846128977835
v,-0.0014478283701464534, -2.6381478164694272e-05, -0.0008571316138841212
v,-0.0014503791462630033, 0.002925787353888154, -0.0009686140692792833
v,-0.0014476223150268197, -0.00026492428150959313, -0.0009846790926530957
v,-0.0014477306976914406, -0.0001394053251715377, -0.0009222846128977835
v,-0.0014503650600090623, 0.0029094787314534187, -0.0011540933046489954
v,-0.0014476223150268197, -0.00026492428150959313, -0.0009846790926530957
v,-0.0014503791462630033, 0.002925787353888154, -0.0009686140692792833
v,-0.0014503650600090623, 0.0029094787314534187, -0.0011540933046489954
v,-0.001447502989321947, -0.0004029383126180619, -0.0010443148203194141
v,-0.0014476223150268197, -0.00026492428150959313, -0.0009846790926530957
v,-0.0014503650600090623, 0.0029094787314534187, -0.0011540933046489954
v,-0.0014473729534074664, -0.0005534474039450288, -0.0011011918541043997
v,-0.001447502989321947, -0.0004029383126180619, -0.0010443148203194141
v,-0.0014503650600090623, 0.0029094787314534187, -0.0011540933046489954
v,-0.0014472320908680558, -0.0007164516136981547, -0.0011553101940080523
v,-0.0014473729534074664, -0.0005534474039450288, -0.0011011918541043997
v,-0.0014503415441140532, 0.0028822978492826223, -0.0013334060786291957
v,-0.0014472320908680558, -0.0007164516136981547, -0.0011553101940080523
v,-0.0014503650600090623, 0.0029094787314534187, -0.0011540933046489954
v,-0.0014503415441140532, 0.0028822978492826223, -0.0013334060786291957
v,-0.0014470805181190372, -0.0008919509127736092, -0.001206669956445694
v,-0.0014472320908680558, -0.0007164516136981547, -0.0011553101940080523
v,-0.0014503415441140532, 0.0028822978492826223, -0.0013334060786291957
v,-0.0014469181187450886, -0.0010799452429637313, -0.0012552710250020027
v,-0.0014470805181190372, -0.0008919509127736092, -0.001206669956445694
v,-0.0014503415441140532, 0.0028822978492826223, -0.0013334060786291957
v,-0.0014467447763308883, -0.0012804347788915038, -0.0013011133996769786
v,-0.0014469181187450886, -0.0010799452429637313, -0.0012552710250020027
v,-0.0014503415441140532, 0.0028822978492826223, -0.0013334060786291957
v,-0.0014465608401224017, -0.001493419287726283, -0.0013441969640552998
v,-0.0014467447763308883, -0.0012804347788915038, -0.0013011133996769786
v,-0.001450308714993298, 0.002844244474545121, -0.001506552449427545
v,-0.0014465608401224017, -0.001493419287726283, -0.0013441969640552998
v,-0.0014503415441140532, 0.0028822978492826223, -0.0013334060786291957
v,-0.001450308714993298, 0.002844244474545121, -0.001506552449427545
v,-0.0014463659608736634, -0.001718898885883391, -0.0013845220673829317
v,-0.0014465608401224017, -0.001493419287726283, -0.0013441969640552998
v,-0.001450308714993298, 0.002844244474545121, -0.001506552449427545
v,-0.0014458006480708718, -0.002373187569901347, -0.0014896758366376162
v,-0.0014463659608736634, -0.001718898885883391, -0.0013845220673829317
v,-0.001450308714993298, 0.002844244474545121, -0.001506552449427545
v,-0.001445627654902637, -0.0025734335649758577, -0.0015279724029824138
v,-0.0014458006480708718, -0.002373187569901347, -0.0014896758366376162
v,-0.0014502664562314749, 0.0027953193057328463, -0.0016735323006287217
v,-0.001445627654902637, -0.0025734335649758577, -0.0015279724029824138
v,-0.001450308714993298, 0.002844244474545121, -0.001506552449427545
v,-0.0014502664562314749, 0.0027953193057328463, -0.0016735323006287217
v,-0.0014454618794843554, -0.0027652413118630648, -0.0015727600548416376
v,-0.001445627654902637, -0.0025734335649758577, -0.0015279724029824138
v,-0.0014502664562314749, 0.0027953193057328463, -0.0016735323006287217
v,-0.001445303438231349, -0.0029486108105629683, -0.001624038559384644
v,-0.0014454618794843554, -0.0027652413118630648, -0.0015727600548416376
v,-0.0014502664562314749, 0.0027953193057328463, -0.0016735323006287217
v,-0.0014451523311436176, -0.003123542061075568, -0.0016818081494420767
v,-0.001445303438231349, -0.0029486108105629683, -0.001624038559384644
v,-0.0014502147678285837, 0.002735521411523223, -0.0018343457486480474
v,-0.0014451523311436176, -0.003123542061075568, -0.0016818081494420767
v,-0.0014502664562314749, 0.0027953193057328463, -0.0016735323006287217
v,-0.0014502147678285837, 0.002735521411523223, -0.0018343457486480474
v,-0.0014450084418058395, -0.0032900352962315083, -0.001746068592183292
v,-0.0014451523311436176, -0.003123542061075568, -0.0016818081494420767
v,-0.0014502147678285837, 0.002735521411523223, -0.0018343457486480474
v,-0.0014448718866333365, -0.0034480902832001448, -0.0018168200040236115
v,-0.0014450084418058395, -0.0032900352962315083, -0.001746068592183292
v,-0.0014502147678285837, 0.002735521411523223, -0.0018343457486480474
v,-0.0014447425492107868, -0.003597706789150834, -0.0018940623849630356
v,-0.0014448718866333365, -0.0034480902832001448, -0.0018168200040236115
v,-0.0014501536497846246, 0.002664851024746895, -0.001988993026316166
v,-0.0014447425492107868, -0.003597706789150834, -0.0018940623849630356
v,-0.0014502147678285837, 0.002735521411523223, -0.0018343457486480474
v,-0.0014501536497846246, 0.002664851024746895, -0.001988993026316166
v,-0.0014446205459535122, -0.00373888504691422, -0.001977795735001564
v,-0.0014447425492107868, -0.003597706789150834, -0.0018940623849630356
v,-0.0014501536497846246, 0.002664851024746895, -0.001988993026316166
v,-0.0014445058768615127, -0.0038716252893209457, -0.0020680201705545187
v,-0.0014446205459535122, -0.00373888504691422, -0.001977795735001564
v,-0.0014500832185149193, 0.002583308145403862, -0.0021374737843871117
v,-0.0014445058768615127, -0.0038716252893209457, -0.0020680201705545187
v,-0.0014501536497846246, 0.002664851024746895, -0.001988993026316166
v,-0.0014500832185149193, 0.002583308145403862, -0.0021374737843871117
v,-0.0014443985419347882, -0.003995927516371012, -0.0021647356916218996
v,-0.0014445058768615127, -0.0038716252893209457, -0.0020680201705545187
v,-0.001450003357604146, 0.0024908932391554117, -0.0022797880228608847
v,-0.0014443985419347882, -0.003995927516371012, -0.0021647356916218996
v,-0.0014500832185149193, 0.002583308145403862, -0.0021374737843871117
v,-0.001450003357604146, 0.0024908932391554117, -0.0022797880228608847
v,-0.001444298424758017, -0.004111791029572487, -0.0022679418325424194
v,-0.0014443985419347882, -0.003995927516371012, -0.0021647356916218996
v,-0.001450003357604146, 0.0024908932391554117, -0.0022797880228608847
v,-0.0014442055253311992, -0.0042192162945866585, -0.002377639291808009
v,-0.001444298424758017, -0.004111791029572487, -0.0022679418325424194
v,-0.0014499140670523047, 0.0023876058403402567, -0.0024159359745681286
v,-0.0014442055253311992, -0.0042192162945866585, -0.002377639291808009
v,-0.001450003357604146, 0.0024908932391554117, -0.0022797880228608847
v,-0.0014499140670523047, 0.0023876058403402567, -0.0024159359745681286
v,-0.0014441217062994838, -0.004316255450248718, -0.002493015956133604
v,-0.0014442055253311992, -0.0042192162945866585, -0.002377639291808009
v,-0.0014498154632747173, 0.0022734464146196842, -0.0025459174066781998
v,-0.0014441217062994838, -0.004316255450248718, -0.002493015956133604
v,-0.0014499140670523047, 0.0023876058403402567, -0.0024159359745681286
v,-0.0014498154632747173, 0.0022734464146196842, -0.0025459174066781998
v,-0.0014440451050177217, -0.004404857289046049, -0.0026132608763873577
v,-0.0014441217062994838, -0.004316255450248718, -0.002493015956133604
v,-0.001449707429856062, 0.0021484140306711197, -0.002669732552021742
v,-0.0014440451050177217, -0.004404857289046049, -0.0026132608763873577
v,-0.0014498154632747173, 0.0022734464146196842, -0.0025459174066781998
v,-0.001449707429856062, 0.0021484140306711197, -0.002669732552021742
v,-0.0014439758379012346, -0.004485020413994789, -0.00273837405256927
v,-0.0014440451050177217, -0.004404857289046049, -0.0026132608763873577
v,-0.001449628034606576, 0.002056485740467906, -0.0027482733130455017
v,-0.0014439758379012346, -0.004485020413994789, -0.00273837405256927
v,-0.001449707429856062, 0.0021484140306711197, -0.002669732552021742
v,-0.001449628034606576, 0.002056485740467906, -0.0027482733130455017
v,-0.0014439139049500227, -0.004556745290756226, -0.0028683554846793413
v,-0.0014439758379012346, -0.004485020413994789, -0.00273837405256927
v,-0.00144953781273216, 0.0019520625937730074, -0.0028242175467312336
v,-0.0014439139049500227, -0.004556745290756226, -0.0028683554846793413
v,-0.001449628034606576, 0.002056485740467906, -0.0027482733130455017
v,-0.0014494367642328143, 0.0018351441249251366, -0.0028975652530789375
v,-0.0014439139049500227, -0.004556745290756226, -0.0028683554846793413
v,-0.00144953781273216, 0.0019520625937730074, -0.0028242175467312336
v,-0.0014494367642328143, 0.0018351441249251366, -0.0028975652530789375
v,-0.001443859189748764, -0.004620032384991646, -0.0030032051727175713
v,-0.0014439139049500227, -0.004556745290756226, -0.0028683554846793413
v,-0.0014493248891085386, 0.0017057307995855808, -0.002968316664919257
v,-0.001443859189748764, -0.004620032384991646, -0.0030032051727175713
v,-0.0014494367642328143, 0.0018351441249251366, -0.0028975652530789375
v,-0.0014492023037746549, 0.0015638221520930529, -0.0030364717822521925
v,-0.001443859189748764, -0.004620032384991646, -0.0030032051727175713
v,-0.0014493248891085386, 0.0017057307995855808, -0.002968316664919257
v,-0.0014492023037746549, 0.0015638221520930529, -0.0030364717822521925
v,-0.0014438118087127805, -0.004674880765378475, -0.0031429233495146036
v,-0.001443859189748764, -0.004620032384991646, -0.0030032051727175713
v,-0.0014490688918158412, 0.0014094184152781963, -0.0031020306050777435
v,-0.0014438118087127805, -0.004674880765378475, -0.0031429233495146036
v,-0.0014492023037746549, 0.0015638221520930529, -0.0030364717822521925
v,-0.0014489246532320976, 0.001242519705556333, -0.003164992667734623
v,-0.0014438118087127805, -0.004674880765378475, -0.0031429233495146036
v,-0.0014490688918158412, 0.0014094184152781963, -0.0031020306050777435
v,-0.0014489246532320976, 0.001242519705556333, -0.003164992667734623
v,-0.0014437716454267502, -0.004721290897578001, -0.0032875093165785074
v,-0.0014438118087127805, -0.004674880765378475, -0.0031429233495146036
v,-0.001448769704438746, 0.0010631257900968194, -0.003225358435884118
v,-0.0014437716454267502, -0.004721290897578001, -0.0032875093165785074
v,-0.0014489246532320976, 0.001242519705556333, -0.003164992667734623
v,-0.0014486039290204644, 0.0008712367853149772, -0.0032831281423568726
v,-0.0014437716454267502, -0.004721290897578001, -0.0032875093165785074
v,-0.001448769704438746, 0.0010631257900968194, -0.003225358435884118
v,-0.001448427326977253, 0.0006668526912108064, -0.003338301321491599
v,-0.0014437716454267502, -0.004721290897578001, -0.0032875093165785074
v,-0.0014486039290204644, 0.0008712367853149772, -0.0032831281423568726
v,-0.001448427326977253, 0.0006668526912108064, -0.003338301321491599
v,-0.0014437389327213168, -0.004759263247251511, -0.00343696353957057
v,-0.0014437716454267502, -0.004721290897578001, -0.0032875093165785074
v,-0.0014482398983091116, 0.00044997347868047655, -0.0033908779732882977
v,-0.0014437389327213168, -0.004759263247251511, -0.00343696353957057
v,-0.001448427326977253, 0.0006668526912108064, -0.003338301321491599
v,-0.0014480416430160403, 0.00022059922048356384, -0.003440858330577612
v,-0.0014437389327213168, -0.004759263247251511, -0.00343696353957057
v,-0.0014482398983091116, 0.00044997347868047655, -0.0033908779732882977
v,-0.0014480416430160403, 0.00022059922048356384, -0.003440858330577612
v,-0.0014437133213505149, -0.004788796883076429, -0.003591286251321435
v,-0.0014437389327213168, -0.004759263247251511, -0.00343696353957057
v,-0.0014471735339611769, -0.0007842007908038795, -0.0036511654034256935
v,-0.0014437133213505149, -0.004788796883076429, -0.003591286251321435
v,-0.0014480416430160403, 0.00022059922048356384, -0.003440858330577612
v,-0.0014471735339611769, -0.0007842007908038795, -0.0036511654034256935
v,-0.0014436951605603099, -0.004809892736375332, -0.003750476986169815
v,-0.0014437133213505149, -0.004788796883076429, -0.003591286251321435
v,-0.0014470471069216728, -0.0009304906125180423, -0.0036838639061897993
v,-0.0014436951605603099, -0.004809892736375332, -0.003750476986169815
v,-0.0014471735339611769, -0.0007842007908038795, -0.0036511654034256935
v,-0.0014469269663095474, -0.0010694782249629498, -0.0037196450866758823
v,-0.0014436951605603099, -0.004809892736375332, -0.003750476986169815
v,-0.0014470471069216728, -0.0009304906125180423, -0.0036838639061897993
v,-0.0014468132285401225, -0.00120116351172328, -0.0037585098762065172
v,-0.0014436951605603099, -0.004809892736375332, -0.003750476986169815
v,-0.0014469269663095474, -0.0010694782249629498, -0.0037196450866758823
v,-0.0014468132285401225, -0.00120116351172328, -0.0037585098762065172
v,-0.0014436842175200582, -0.0048225498758256435, -0.003914535976946354
v,-0.0014436951605603099, -0.004809892736375332, -0.003750476986169815
v,-0.0014467057771980762, -0.0013255465310066938, -0.003800457576289773
v,-0.0014436842175200582, -0.0048225498758256435, -0.003914535976946354
v,-0.0014468132285401225, -0.00120116351172328, -0.0037585098762065172
v,-0.0014466046122834086, -0.0014426271663978696, -0.0038454888854175806
v,-0.0014436842175200582, -0.0048225498758256435, -0.003914535976946354
v,-0.0014467057771980762, -0.0013255465310066938, -0.003800457576289773
v,-0.0014465097337961197, -0.001552405534312129, -0.003893603105098009
v,-0.0014436842175200582, -0.0048225498758256435, -0.003914535976946354
v,-0.0014466046122834086, -0.0014426271663978696, -0.0038454888854175806
v,-0.0014464211417362094, -0.0016548815183341503, -0.003944800700992346
v,-0.0014436842175200582, -0.0048225498758256435, -0.003914535976946354
v,-0.0014465097337961197, -0.001552405534312129, -0.003893603105098009
v,-0.0014464211417362094, -0.0016548815183341503, -0.003944800700992346
v,-0.0014436804922297597, -0.004826769698411226, -0.004083463456481695
v,-0.0014436842175200582, -0.0048225498758256435, -0.003914535976946354
v,-0.0014463389525189996, -0.0017500551184639335, -0.00399908097460866
v,-0.0014436804922297597, -0.004826769698411226, -0.004083463456481695
v,-0.0014464211417362094, -0.0016548815183341503, -0.003944800700992346
v,-0.0014462630497291684, -0.0018379265675321221, -0.004056445322930813
v,-0.0014436804922297597, -0.004826769698411226, -0.004083463456481695
v,-0.0014463389525189996, -0.0017500551184639335, -0.00399908097460866
v,-0.001446193433366716, -0.0019184956327080727, -0.004116892348974943
v,-0.0014436804922297597, -0.004826769698411226, -0.004083463456481695
v,-0.0014462630497291684, -0.0018379265675321221, -0.004056445322930813
v,-0.001446193433366716, -0.0019184956327080727, -0.004116892348974943
v,-0.0014436849160119891, -0.0048217386938631535, -0.00425717793405056
v,-0.0014436804922297597, -0.004826769698411226, -0.004083463456481695
v,-0.001446130103431642, -0.001991762313991785, -0.004180422518402338
v,-0.0014436849160119891, -0.0048217386938631535, -0.00425717793405056
v,-0.001446193433366716, -0.0019184956327080727, -0.004116892348974943
v,-0.0014460730599239469, -0.002057726727798581, -0.0042470358312129974
v,-0.0014436849160119891, -0.0048217386938631535, -0.00425717793405056
v,-0.001446130103431642, -0.001991762313991785, -0.004180422518402338
v,-0.0014460214879363775, -0.0021174433641135693, -0.004316651728004217
v,-0.0014436849160119891, -0.0048217386938631535, -0.00425717793405056
v,-0.0014460730599239469, -0.002057726727798581, -0.0042470358312129974
v,-0.0014460214879363775, -0.0021174433641135693, -0.004316651728004217
v,-0.0014436979545280337, -0.004806647542864084, -0.004427808802574873
v,-0.0014436849160119891, -0.0048217386938631535, -0.00425717793405056
v,-0.0014459743397310376, -0.002171967411413789, -0.004389188252389431
v,-0.0014436979545280337, -0.004806647542864084, -0.004427808802574873
v,-0.0014460214879363775, -0.0021174433641135693, -0.004316651728004217
v,-0.001445931731723249, -0.0022212988696992397, -0.004464645404368639
v,-0.0014436979545280337, -0.004806647542864084, -0.004427808802574873
v,-0.0014459743397310376, -0.002171967411413789, -0.004389188252389431
v,-0.001445931731723249, -0.0022212988696992397, -0.004464645404368639
v,-0.0014437196077778935, -0.004781494848430157, -0.004595356993377209
v,-0.0014436979545280337, -0.004806647542864084, -0.004427808802574873
v,-0.0014458935474976897, -0.0022654372733086348, -0.004543023649603128
v,-0.0014437196077778935, -0.004781494848430157, -0.004595356993377209
v,-0.001445931731723249, -0.0022212988696992397, -0.004464645404368639
v,-0.0014509155880659819, 0.0035468097776174545, -0.0047929254360497
v,-0.0014502727426588535, 0.002802702598273754, -0.0045391288585960865
v,-0.0014508985914289951, 0.003527093678712845, -0.0045391288585960865
v,-0.0014509155880659819, 0.0035468097776174545, -0.0047929254360497
v,-0.0014502423582598567, 0.0027676515746861696, -0.005672450643032789
v,-0.0014502727426588535, 0.002802702598273754, -0.0045391288585960865
v,-0.0014458599034696817, -0.002304383087903261, -0.004624322988092899
v,-0.0014437196077778935, -0.004781494848430157, -0.004595356993377209
v,-0.0014458935474976897, -0.0022654372733086348, -0.004543023649603128
v,-0.0014458599034696817, -0.002304383087903261, -0.004624322988092899
v,-0.0014437499921768904, -0.0047462815418839455, -0.004759821575134993
v,-0.0014437196077778935, -0.004781494848430157, -0.004595356993377209
v,-0.001445830799639225, -0.002338136313483119, -0.004708542954176664
v,-0.0014437499921768904, -0.0047462815418839455, -0.004759821575134993
v,-0.0014458599034696817, -0.002304383087903261, -0.004624322988092899
v,-0.0014458061195909977, -0.002366696484386921, -0.004795684013515711
v,-0.0014437499921768904, -0.0047462815418839455, -0.004759821575134993
v,-0.001445830799639225, -0.002338136313483119, -0.004708542954176664
v,-0.0014458061195909977, -0.002366696484386921, -0.004795684013515711
v,-0.0014437891077250242, -0.004701007157564163, -0.004921202547848225
v,-0.0014437499921768904, -0.0047462815418839455, -0.004759821575134993
v,-0.0014509364264085889, 0.00357090774923563, -0.00504801981151104
v,-0.0014502423582598567, 0.0027676515746861696, -0.005672450643032789
v,-0.0014509155880659819, 0.0035468097776174545, -0.0047929254360497
v,-0.0014457858633249998, -0.0023900638334453106, -0.004885746166110039
v,-0.0014437891077250242, -0.004701007157564163, -0.004921202547848225
v,-0.0014458061195909977, -0.002366696484386921, -0.004795684013515711
v,-0.0014457701472565532, -0.0024082385934889317, -0.004978728946298361
v,-0.0014437891077250242, -0.004701007157564163, -0.004921202547848225
v,-0.0014457858633249998, -0.0023900638334453106, -0.004885746166110039
v,-0.0014457701472565532, -0.0024082385934889317, -0.004978728946298361
v,-0.001443836954422295, -0.00464567169547081, -0.0050795008428394794
v,-0.0014437891077250242, -0.004701007157564163, -0.004921202547848225
v,-0.0014457589713856578, -0.002421220298856497, -0.005074633285403252
v,-0.001443836954422295, -0.00464567169547081, -0.0050795008428394794
v,-0.0014457701472565532, -0.0024082385934889317, -0.004978728946298361
v,-0.0014509609900414944, 0.0035993866622447968, -0.005304412916302681
v,-0.0014502423582598567, 0.0027676515746861696, -0.005672450643032789
v,-0.0014509364264085889, 0.00357090774923563, -0.00504801981151104
v,-0.0014457522192969918, -0.002429009648039937, -0.005173457786440849
v,-0.001443836954422295, -0.00464567169547081, -0.0050795008428394794
v,-0.0014457589713856578, -0.002421220298856497, -0.005074633285403252
v,-0.0014457522192969918, -0.002429009648039937, -0.005173457786440849
v,-0.0014438934158533812, -0.004580275155603886, -0.00523471599444747
v,-0.001443836954422295, -0.00464567169547081, -0.0050795008428394794
v,-0.0014457500074058771, -0.0024316059425473213, -0.005275203846395016
v,-0.0014438934158533812, -0.004580275155603886, -0.00523471599444747
v,-0.0014457522192969918, -0.002429009648039937, -0.005173457786440849
v,-0.0014457500074058771, -0.0024316059425473213, -0.005275203846395016
v,-0.0014439586084336042, -0.00450481753796339, -0.005386848468333483
v,-0.0014438934158533812, -0.004580275155603886, -0.00523471599444747
v,-0.0014457532670348883, -0.0024277521297335625, -0.00540737621486187
v,-0.0014439586084336042, -0.00450481753796339, -0.005386848468333483
v,-0.0014457500074058771, -0.0024316059425473213, -0.005275203846395016
v,-0.0014509893953800201, 0.003632246982306242, -0.005562103819102049
v,-0.0014502423582598567, 0.0027676515746861696, -0.005672450643032789
v,-0.0014509609900414944, 0.0035993866622447968, -0.005304412916302681
v,-0.0014457532670348883, -0.0024277521297335625, -0.00540737621486187
v,-0.0014440325321629643, -0.004419299308210611, -0.005535896867513657
v,-0.0014439586084336042, -0.00450481753796339, -0.005386848468333483
v,-0.0014457632787525654, -0.0024161902256309986, -0.005535166710615158
v,-0.0014440325321629643, -0.004419299308210611, -0.005535896867513657
v,-0.0014457532670348883, -0.0024277521297335625, -0.00540737621486187
v,-0.0014457799261435866, -0.0023969202302396297, -0.005658576264977455
v,-0.0014440325321629643, -0.004419299308210611, -0.005535896867513657
v,-0.0014457632787525654, -0.0024161902256309986, -0.005535166710615158
v,-0.0014457799261435866, -0.0023969202302396297, -0.005658576264977455
v,-0.0014441150706261396, -0.004323720466345549, -0.005681862123310566
v,-0.0014440325321629643, -0.004419299308210611, -0.005535896867513657
v,-0.0014510215260088444, 0.003669489175081253, -0.005821093451231718
v,-0.0014502423582598567, 0.0027676515746861696, -0.005672450643032789
v,-0.0014509893953800201, 0.003632246982306242, -0.005562103819102049
v,-0.001445803209207952, -0.002369942143559456, -0.005777603946626186
v,-0.0014441150706261396, -0.004323720466345549, -0.005681862123310566
v,-0.0014457799261435866, -0.0023969202302396297, -0.005658576264977455
v,-0.0014510215260088444, 0.003669489175081253, -0.005821093451231718
v,-0.0014501680852845311, 0.0026816464960575104, -0.005772208794951439
v,-0.0014502423582598567, 0.0027676515746861696, -0.005672450643032789
v,-0.001445803209207952, -0.002369942143559456, -0.005777603946626186
v,-0.001444206340238452, -0.00421807961538434, -0.005824744701385498
v,-0.0014441150706261396, -0.004323720466345549, -0.005681862123310566
v,-0.0014510215260088444, 0.003669489175081253, -0.005821093451231718
v,-0.0014500897377729416, 0.002591097494587302, -0.005868964362889528
v,-0.0014501680852845311, 0.0026816464960575104, -0.005772208794951439
v,-0.0014458332443609834, -0.0023352561984211206, -0.005892250686883926
v,-0.001444206340238452, -0.00421807961538434, -0.005824744701385498
v,-0.001445803209207952, -0.002369942143559456, -0.005777603946626186
v,-0.001451057498343289, 0.0037111123092472553, -0.006081380881369114
v,-0.0014500897377729416, 0.002591097494587302, -0.005868964362889528
v,-0.0014510215260088444, 0.003669489175081253, -0.005821093451231718
v,-0.0014458332443609834, -0.0023352561984211206, -0.005892250686883926
v,-0.0014443063409999013, -0.0041023786179721355, -0.005964543670415878
v,-0.001444206340238452, -0.00421807961538434, -0.005824744701385498
v,-0.001451057498343289, 0.0037111123092472553, -0.006081380881369114
v,-0.0014500076649710536, 0.0024960050359368324, -0.005962718278169632
v,-0.0014500897377729416, 0.002591097494587302, -0.005868964362889528
v,-0.001445869798772037, -0.0022928619291633368, -0.006002516020089388
v,-0.0014443063409999013, -0.0041023786179721355, -0.005964543670415878
v,-0.0014458332443609834, -0.0023352561984211206, -0.005892250686883926
v,-0.001451057498343289, 0.0037111123092472553, -0.006081380881369114
v,-0.0014499215176329017, 0.0023963688872754574, -0.006053470075130463
v,-0.0014500076649710536, 0.0024960050359368324, -0.005962718278169632
v,-0.001445869798772037, -0.0022928619291633368, -0.006002516020089388
v,-0.0014444140251725912, -0.003977711778134108, -0.006102354731410742
v,-0.0014443063409999013, -0.0041023786179721355, -0.005964543670415878
v,-0.0014459131052717566, -0.0022427598014473915, -0.006108399480581284
v,-0.0014444140251725912, -0.003977711778134108, -0.006102354731410742
v,-0.001445869798772037, -0.0022928619291633368, -0.006002516020089388
v,-0.001451057498343289, 0.0037111123092472553, -0.006081380881369114
v,-0.0014498315285891294, 0.002292189048603177, -0.00614121975377202
v,-0.0014499215176329017, 0.0023963688872754574, -0.006053470075130463
v,-0.0014510973123833537, 0.003757116850465536, -0.006342966575175524
v,-0.0014498315285891294, 0.002292189048603177, -0.00614121975377202
v,-0.001451057498343289, 0.0037111123092472553, -0.006081380881369114
v,-0.0014459131052717566, -0.0022427598014473915, -0.006108399480581284
v,-0.001444528577849269, -0.0038451743312180042, -0.006239273585379124
v,-0.0014444140251725912, -0.003977711778134108, -0.006102354731410742
v,-0.0014459630474448204, -0.0021849495824426413, -0.006209901999682188
v,-0.001444528577849269, -0.0038451743312180042, -0.006239273585379124
v,-0.0014459131052717566, -0.0022427598014473915, -0.006108399480581284
v,-0.0014510973123833537, 0.003757116850465536, -0.006342966575175524
v,-0.0014497375814244151, 0.002183465287089348, -0.006225967314094305
v,-0.0014498315285891294, 0.002292189048603177, -0.00614121975377202
v,-0.0014460196252912283, -0.0021194315049797297, -0.006307022646069527
v,-0.001444528577849269, -0.0038451743312180042, -0.006239273585379124
v,-0.0014459630474448204, -0.0021849495824426413, -0.006209901999682188
v,-0.0014510973123833537, 0.003757116850465536, -0.006342966575175524
v,-0.0014496396761387587, 0.0020701983012259007, -0.006307712756097317
v,-0.0014497375814244151, 0.002183465287089348, -0.006225967314094305
v,-0.0014460196252912283, -0.0021194315049797297, -0.006307022646069527
v,-0.0014446498826146126, -0.0037047672085464, -0.006375299766659737
v,-0.001444528577849269, -0.0038451743312180042, -0.006239273585379124
v,-0.0014460829552263021, -0.0020462055690586567, -0.006399762351065874
v,-0.0014446498826146126, -0.0037047672085464, -0.006375299766659737
v,-0.0014460196252912283, -0.0021194315049797297, -0.006307022646069527
v,-0.0014510973123833537, 0.003757116850465536, -0.006342966575175524
v,-0.001449537929147482, 0.0019523871596902609, -0.006386456545442343
v,-0.0014496396761387587, 0.0020701983012259007, -0.006307712756097317
v,-0.0014511407352983952, 0.0038075032643973827, -0.006605850532650948
v,-0.001449537929147482, 0.0019523871596902609, -0.006386456545442343
v,-0.0014510973123833537, 0.003757116850465536, -0.006342966575175524
v,-0.0014460829552263021, -0.0020462055690586567, -0.006399762351065874
v,-0.0014447779394686222, -0.003556489245966077, -0.006510433275252581
v,-0.0014446498826146126, -0.0037047672085464, -0.006375299766659737
v,-0.0014511407352983952, 0.0038075032643973827, -0.006605850532650948
v,-0.001449432224035263, 0.0018300327938050032, -0.0064621977508068085
v,-0.001449537929147482, 0.0019523871596902609, -0.006386456545442343
v,-0.0014461529208347201, -0.001965271309018135, -0.006488120649009943
v,-0.0014447779394686222, -0.003556489245966077, -0.006510433275252581
v,-0.0014460829552263021, -0.0020462055690586567, -0.006399762351065874
v,-0.0014511407352983952, 0.0038075032643973827, -0.006605850532650948
v,-0.001449322560802102, 0.0017031345050781965, -0.0065349373035132885
v,-0.001449432224035263, 0.0018300327938050032, -0.0064621977508068085
v,-0.0014462294057011604, -0.001876629190519452, -0.006572097539901733
v,-0.0014447779394686222, -0.003556489245966077, -0.006510433275252581
v,-0.0014461529208347201, -0.001965271309018135, -0.006488120649009943
v,-0.0014462294057011604, -0.001876629190519452, -0.006572097539901733
v,-0.0014449128648266196, -0.0034003411419689655, -0.006644674576818943
v,-0.0014447779394686222, -0.003556489245966077, -0.006510433275252581
v,-0.0014511407352983952, 0.0038075032643973827, -0.006605850532650948
v,-0.001449208939447999, 0.0015716927591711283, -0.0066046747379004955
v,-0.001449322560802102, 0.0017031345050781965, -0.0065349373035132885
v,-0.0014463125262409449, -0.0017805222887545824, -0.00665047625079751
v,-0.0014449128648266196, -0.0034003411419689655, -0.006644674576818943
v,-0.0014462294057011604, -0.001876629190519452, -0.006572097539901733
v,-0.0014511407352983952, 0.0038075032643973827, -0.006605850532650948
v,-0.0014490914763882756, 0.0014357068575918674, -0.006671409588307142
v,-0.001449208939447999, 0.0015716927591711283, -0.0066046747379004955
v,-0.0014511881163343787, 0.0038622701540589333, -0.006870032753795385
v,-0.0014490914763882756, 0.0014357068575918674, -0.006671409588307142
v,-0.0014511407352983952, 0.0038075032643973827, -0.006605850532650948
v,-0.0014463125262409449, -0.0017805222887545824, -0.00665047625079751
v,-0.0014450546586886048, -0.003236322896555066, -0.0067780232056975365
v,-0.0014449128648266196, -0.0034003411419689655, -0.006644674576818943
v,-0.0014464018167927861, -0.0016771942609921098, -0.0067220390774309635
v,-0.0014450546586886048, -0.003236322896555066, -0.0067780232056975365
v,-0.0014463125262409449, -0.0017805222887545824, -0.00665047625079751
v,-0.0014511881163343787, 0.0038622701540589333, -0.006870032753795385
v,-0.0014489718014374375, 0.0012972871772944927, -0.006733925547450781
v,-0.0014490914763882756, 0.0014357068575918674, -0.006671409588307142
v,-0.0014464972773566842, -0.0015666451072320342, -0.006786786485463381
v,-0.0014450546586886048, -0.003236322896555066, -0.0067780232056975365
v,-0.0014464018167927861, -0.0016771942609921098, -0.0067220390774309635
v,-0.0014511881163343787, 0.0038622701540589333, -0.006870032753795385
v,-0.0014488520100712776, 0.0011585429310798645, -0.006791005376726389
v,-0.0014489718014374375, 0.0012972871772944927, -0.006733925547450781
v,-0.0014464972773566842, -0.0015666451072320342, -0.006786786485463381
v,-0.0014452030882239342, -0.0030644340440630913, -0.006910479161888361
v,-0.0014450546586886048, -0.003236322896555066, -0.0067780232056975365
v,-0.001446599024347961, -0.0014488747110590339, -0.006844718474894762
v,-0.0014452030882239342, -0.0030644340440630913, -0.006910479161888361
v,-0.0014464972773566842, -0.0015666451072320342, -0.006786786485463381
v,-0.0014511881163343787, 0.0038622701540589333, -0.006870032753795385
v,-0.0014487317530438304, 0.0010194741189479828, -0.0068426490761339664
v,-0.0014488520100712776, 0.0011585429310798645, -0.006791005376726389
v,-0.0014511881163343787, 0.0038622701540589333, -0.006870032753795385
v,-0.0014486113796010613, 0.0008800807408988476, -0.006888856645673513
v,-0.0014487317530438304, 0.0010194741189479828, -0.0068426490761339664
v,-0.0014467070577666163, -0.0013238833053037524, -0.00689583458006382
v,-0.0014452030882239342, -0.0030644340440630913, -0.006910479161888361
v,-0.001446599024347961, -0.0014488747110590339, -0.006844718474894762
v,-0.0014512392226606607, 0.003921419382095337, -0.007135513238608837
v,-0.0014486113796010613, 0.0008800807408988476, -0.006888856645673513
v,-0.0014511881163343787, 0.0038622701540589333, -0.006870032753795385
v,-0.0014512392226606607, 0.003921419382095337, -0.007135513238608837
v,-0.0014484906569123268, 0.0007403629133477807, -0.00692962808534503
v,-0.0014486113796010613, 0.0008800807408988476, -0.006888856645673513
v,-0.0014468212611973286, -0.0011916705407202244, -0.006940135266631842
v,-0.0014452030882239342, -0.0030644340440630913, -0.006910479161888361
v,-0.0014467070577666163, -0.0013238833053037524, -0.00689583458006382
v,-0.0014468212611973286, -0.0011916705407202244, -0.006940135266631842
v,-0.0014453585026785731, -0.0028846750501543283, -0.007042042911052704
v,-0.0014452030882239342, -0.0030644340440630913, -0.006910479161888361
v,-0.0014512392226606607, 0.003921419382095337, -0.007135513238608837
v,-0.0014483695849776268, 0.0006003205198794603, -0.006964963395148516
v,-0.0014484906569123268, 0.0007403629133477807, -0.00692962808534503
v,-0.0014469417510554194, -0.0010522367665544152, -0.006977620534598827
v,-0.0014453585026785731, -0.0028846750501543283, -0.007042042911052704
v,-0.0014468212611973286, -0.0011916705407202244, -0.006940135266631842
v,-0.0014512392226606607, 0.003921419382095337, -0.007135513238608837
v,-0.001448248396627605, 0.000459953531390056, -0.006994862109422684
v,-0.0014483695849776268, 0.0006003205198794603, -0.006964963395148516
v,-0.0014470684109255672, -0.0009055816917680204, -0.007008290383964777
v,-0.0014453585026785731, -0.0028846750501543283, -0.007042042911052704
v,-0.0014469417510554194, -0.0010522367665544152, -0.006977620534598827
v,-0.0014512392226606607, 0.003921419382095337, -0.007135513238608837
v,-0.0014481267426162958, 0.00031926200608722866, -0.007019324693828821
v,-0.001448248396627605, 0.000459953531390056, -0.006994862109422684
v,-0.0014472014736384153, -0.0007517054327763617, -0.007032144349068403
v,-0.0014453585026785731, -0.0028846750501543283, -0.007042042911052704
v,-0.0014470684109255672, -0.0009055816917680204, -0.007008290383964777
v,-0.0014512392226606607, 0.003921419382095337, -0.007135513238608837
v,-0.0014480049721896648, 0.00017824598762672395, -0.007038351148366928
v,-0.0014481267426162958, 0.00031926200608722866, -0.007019324693828821
v,-0.0014473405899479985, -0.0005906080477871001, -0.007049183361232281
v,-0.0014453585026785731, -0.0028846750501543283, -0.007042042911052704
v,-0.0014472014736384153, -0.0007517054327763617, -0.007032144349068403
v,-0.0014512392226606607, 0.003921419382095337, -0.007135513238608837
v,-0.0014478828525170684, 3.69053814210929e-05, -0.007051941938698292
v,-0.0014480049721896648, 0.00017824598762672395, -0.007038351148366928
v,-0.0014473405899479985, -0.0005906080477871001, -0.007049183361232281
v,-0.0014455205528065562, -0.0026970459148287773, -0.007172713987529278
v,-0.0014453585026785731, -0.0028846750501543283, -0.007042042911052704
v,-0.0014474859926849604, -0.0004222894203849137, -0.007059406489133835
v,-0.0014455205528065562, -0.0026970459148287773, -0.007172713987529278
v,-0.0014473405899479985, -0.0005906080477871001, -0.007049183361232281
v,-0.0014512392226606607, 0.003921419382095337, -0.007135513238608837
v,-0.0014477603835985065, -0.00010475972521817312, -0.007060096133500338
v,-0.0014478828525170684, 3.69053814210929e-05, -0.007051941938698292
v,-0.0014476376818493009, -0.00024674960877746344, -0.007062814198434353
v,-0.0014455205528065562, -0.0026970459148287773, -0.007172713987529278
v,-0.0014474859926849604, -0.0004222894203849137, -0.007059406489133835
v,-0.0014512392226606607, 0.003921419382095337, -0.007135513238608837
v,-0.0014476376818493009, -0.00024674960877746344, -0.007062814198434353
v,-0.0014477603835985065, -0.00010475972521817312, -0.007060096133500338
v,-0.0014512392226606607, 0.003921419382095337, -0.007135513238608837
v,-0.0014455205528065562, -0.0026970459148287773, -0.007172713987529278
v,-0.0014476376818493009, -0.00024674960877746344, -0.007062814198434353
v,-0.0014512940542772412, 0.003984949551522732, -0.0074022915214300156
v,-0.0014455205528065562, -0.0026970459148287773, -0.007172713987529278
v,-0.0014512392226606607, 0.003921419382095337, -0.007135513238608837
v,-0.0014512940542772412, 0.003984949551522732, -0.0074022915214300156
v,-0.001445689471438527, -0.002501546638086438, -0.00730249285697937
v,-0.0014455205528065562, -0.0026970459148287773, -0.007172713987529278
v,-0.0014512940542772412, 0.003984949551522732, -0.0074022915214300156
v,-0.001445865142159164, -0.0022981769870966673, -0.007431378588080406
v,-0.001445689471438527, -0.002501546638086438, -0.00730249285697937
v,-0.001451352727599442, 0.004052861128002405, -0.007670368067920208
v,-0.001445865142159164, -0.0022981769870966673, -0.007431378588080406
v,-0.0014512940542772412, 0.003984949551522732, -0.0074022915214300156
v,-0.001451352727599442, 0.004052861128002405, -0.007670368067920208
v,-0.0014460476813837886, -0.0020869362633675337, -0.007559373043477535
v,-0.001445865142159164, -0.0022981769870966673, -0.007431378588080406
v,-0.001451352727599442, 0.004052861128002405, -0.007670368067920208
v,-0.001446235692128539, -0.0018693673191592097, -0.007681605871766806
v,-0.0014460476813837886, -0.0020869362633675337, -0.007559373043477535
v,-0.0014511782210320234, 0.00385087076574564, -0.007738360669463873
v,-0.001446235692128539, -0.0018693673191592097, -0.007681605871766806
v,-0.001451352727599442, 0.004052861128002405, -0.007670368067920208
v,-0.0014511782210320234, 0.00385087076574564, -0.007738360669463873
v,-0.0014464277774095535, -0.0016470113769173622, -0.00779320951551199
v,-0.001446235692128539, -0.0018693673191592097, -0.007681605871766806
v,-0.0014510112814605236, 0.003657724242657423, -0.00780213437974453
v,-0.0014464277774095535, -0.0016470113769173622, -0.00779320951551199
v,-0.0014511782210320234, 0.00385087076574564, -0.007738360669463873
v,-0.0014510112814605236, 0.003657724242657423, -0.00780213437974453
v,-0.0014466240536421537, -0.0014198684366419911, -0.007894184440374374
v,-0.0014464277774095535, -0.0016470113769173622, -0.00779320951551199
v,-0.0014508520253002644, 0.003473421558737755, -0.007861688733100891
v,-0.0014466240536421537, -0.0014198684366419911, -0.007894184440374374
v,-0.0014510112814605236, 0.003657724242657423, -0.00780213437974453
v,-0.0014507004525512457, 0.003297962713986635, -0.007917024195194244
v,-0.0014466240536421537, -0.0014198684366419911, -0.007894184440374374
v,-0.0014508520253002644, 0.003473421558737755, -0.007861688733100891
v,-0.0014507004525512457, 0.003297962713986635, -0.007917024195194244
v,-0.001446824404411018, -0.0011879382655024529, -0.007984530180692673
v,-0.0014466240536421537, -0.0014198684366419911, -0.007894184440374374
v,-0.0014505564467981458, 0.0031313481740653515, -0.00796814076602459
v,-0.001446824404411018, -0.0011879382655024529, -0.007984530180692673
v,-0.0014507004525512457, 0.003297962713986635, -0.007917024195194244
v,-0.0014504201244562864, 0.0029735772404819727, -0.008015037514269352
v,-0.001446824404411018, -0.0011879382655024529, -0.007984530180692673
v,-0.0014505564467981458, 0.0031313481740653515, -0.00796814076602459
v,-0.0014504201244562864, 0.0029735772404819727, -0.008015037514269352
v,-0.0014470289461314678, -0.0009512211545370519, -0.00806424766778946
v,-0.001446824404411018, -0.0011879382655024529, -0.007984530180692673
v,-0.0014502914855256677, 0.0028246501460671425, -0.008057715371251106
v,-0.0014470289461314678, -0.0009512211545370519, -0.00806424766778946
v,-0.0014504201244562864, 0.0029735772404819727, -0.008015037514269352
v,-0.0014501704135909677, 0.0026845671236515045, -0.008096174336969852
v,-0.0014470289461314678, -0.0009512211545370519, -0.00806424766778946
v,-0.0014502914855256677, 0.0028246501460671425, -0.008057715371251106
v,-0.0014501704135909677, 0.0026845671236515045, -0.008096174336969852
v,-0.0014472376788035035, -0.0007097169291228056, -0.008133335039019585
v,-0.0014470289461314678, -0.0009512211545370519, -0.00806424766778946
v,-0.0014500570250675082, 0.0025533284060657024, -0.00813041441142559
v,-0.0014472376788035035, -0.0007097169291228056, -0.008133335039019585
v,-0.0014501704135909677, 0.0026845671236515045, -0.008096174336969852
v,-0.0014499513199552894, 0.002430933527648449, -0.008160434663295746
v,-0.0014472376788035035, -0.0007097169291228056, -0.008133335039019585
v,-0.0014500570250675082, 0.0025533284060657024, -0.00813041441142559
v,-0.0014499513199552894, 0.002430933527648449, -0.008160434663295746
v,-0.0014474504860118032, -0.00046342567657120526, -0.008191795088350773
v,-0.0014472376788035035, -0.0007097169291228056, -0.008133335039019585
v,-0.0014498531818389893, 0.0023173820227384567, -0.008186236955225468
v,-0.0014474504860118032, -0.00046342567657120526, -0.008191795088350773
v,-0.0014499513199552894, 0.002430933527648449, -0.008160434663295746
v,-0.0014497627271339297, 0.002212674356997013, -0.008207819424569607
v,-0.0014474504860118032, -0.00046342567657120526, -0.008191795088350773
v,-0.0014498531818389893, 0.0023173820227384567, -0.008186236955225468
v,-0.0014497627271339297, 0.002212674356997013, -0.008207819424569607
v,-0.0014476673677563667, -0.00021234732412267476, -0.0082396250218153
v,-0.0014474504860118032, -0.00046342567657120526, -0.008191795088350773
v,-0.001449675066396594, 0.0021112128160893917, -0.008226480334997177
v,-0.0014476673677563667, -0.00021234732412267476, -0.0082396250218153
v,-0.0014497627271339297, 0.002212674356997013, -0.008207819424569607
v,-0.0014495853101834655, 0.0020073980558663607, -0.008243518881499767
v,-0.0014476673677563667, -0.00021234732412267476, -0.0082396250218153
v,-0.001449675066396594, 0.0021112128160893917, -0.008226480334997177
v,-0.0014495853101834655, 0.0020073980558663607, -0.008243518881499767
v,-0.001447888440452516, 4.3518120946828276e-05, -0.008276826702058315
v,-0.0014476673677563667, -0.00021234732412267476, -0.0082396250218153
v,-0.0014494935749098659, 0.00190123007632792, -0.008258935064077377
v,-0.001447888440452516, 4.3518120946828276e-05, -0.008276826702058315
v,-0.0014495853101834655, 0.0020073980558663607, -0.008243518881499767
v,-0.0014493998605757952, 0.001792709343135357, -0.008272728882730007
v,-0.001447888440452516, 4.3518120946828276e-05, -0.008276826702058315
v,-0.0014494935749098659, 0.00190123007632792, -0.008258935064077377
v,-0.0014493040507659316, 0.0016818358562886715, -0.008284899406135082
v,-0.001447888440452516, 4.3518120946828276e-05, -0.008276826702058315
v,-0.0014493998605757952, 0.001792709343135357, -0.008272728882730007
v,-0.0014493040507659316, 0.0016818358562886715, -0.008284899406135082
v,-0.0014481137041002512, 0.0003041706222575158, -0.008303399197757244
v,-0.001447888440452516, 4.3518120946828276e-05, -0.008276826702058315
v,-0.001449206261895597, 0.0015686091501265764, -0.008295447565615177
v,-0.0014481137041002512, 0.0003041706222575158, -0.008303399197757244
v,-0.0014493040507659316, 0.0016818358562886715, -0.008284899406135082
v,-0.0014491063775494695, 0.001453029690310359, -0.008304372429847717
v,-0.0014481137041002512, 0.0003041706222575158, -0.008303399197757244
v,-0.001449206261895597, 0.0015686091501265764, -0.008295447565615177
v,-0.0014491063775494695, 0.001453029690310359, -0.008304372429847717
v,-0.0014483430422842503, 0.0005696102743968368, -0.008319342508912086
v,-0.0014481137041002512, 0.0003041706222575158, -0.008303399197757244
v,-0.001449004397727549, 0.001335097011178732, -0.008311674930155277
v,-0.0014483430422842503, 0.0005696102743968368, -0.008319342508912086
v,-0.0014491063775494695, 0.001453029690310359, -0.008304372429847717
v,-0.0014489005552604795, 0.0012148114619776607, -0.008317355066537857
v,-0.0014483430422842503, 0.0005696102743968368, -0.008319342508912086
v,-0.001449004397727549, 0.001335097011178732, -0.008311674930155277
v,-0.0014487945009022951, 0.0010921729262918234, -0.008321410976350307
v,-0.0014483430422842503, 0.0005696102743968368, -0.008319342508912086
v,-0.0014489005552604795, 0.0012148114619776607, -0.008317355066537857
v,-0.0014487945009022951, 0.0010921729262918234, -0.008321410976350307
v,-0.001448576571419835, 0.0008398370118811727, -0.008324656635522842
v,-0.0014483430422842503, 0.0005696102743968368, -0.008319342508912086
v,-0.0014486865838989615, 0.0009671815205365419, -0.008323845453560352
v,-0.001448576571419835, 0.0008398370118811727, -0.008324656635522842
v,-0.0014487945009022951, 0.0010921729262918234, -0.008321410976350307
v,0.001775207812897861, -0.0041090091690421104, -0.0022679418325424194
v,-0.0014442055253311992, -0.0042192162945866585, -0.002377639291808009
v,0.001775300712324679, -0.004216434434056282, -0.0023776390589773655
v,0.001770297298207879, 0.0015744745032861829, -0.006604674272239208
v,-0.0014490914763882756, 0.0014357068575918674, -0.006671409588307142
v,0.0017704147612676024, 0.001438488601706922, -0.006671409122645855
v,0.0017695921706035733, 0.002390387700870633, -0.002415935741737485
v,-0.001450003357604146, 0.0024908932391554117, -0.0022797880228608847
v,0.001769502880051732, 0.002493675099685788, -0.002279787790030241
v,0.0017683181213214993, 0.0038650520145893097, -0.006870032288134098
v,-0.0014511407352983952, 0.0038075032643973827, -0.006605850532650948
v,0.001768365502357483, 0.003810285124927759, -0.00660585006698966
v,0.0017721554031595588, -0.0005764265661127865, 0.002003394765779376
v,-0.001447452581487596, -0.00046143808867782354, 0.0019672482740134
v,0.001772053656168282, -0.0004586563154589385, 0.0019672482740134
v,0.001773587428033352, -0.002233851933851838, 0.001950817066244781
v,-0.0014460127567872405, -0.0021278290078043938, 0.0019790937658399343
v,0.0017734934808686376, -0.0021250471472740173, 0.0019790937658399343
v,0.001775300712324679, -0.004216434434056282, -0.0023776390589773655
v,-0.0014441217062994838, -0.004316255450248718, -0.002493015956133604
v,0.0017753845313563943, -0.004313473589718342, -0.0024930157233029604
v,0.0017745933728292584, -0.003397559281438589, -0.006644674111157656
v,-0.0014450546586886048, -0.003236322896555066, -0.0067780232056975365
v,0.0017744515789672732, -0.0032335410360246897, -0.006778022740036249
v,0.0017696907743811607, 0.0022762282751500607, -0.002545917173847556
v,-0.0014499140670523047, 0.0023876058403402567, -0.0024159359745681286
v,0.0017695921706035733, 0.002390387700870633, -0.002415935741737485
v,0.001773104420863092, -0.0016744125168770552, -0.006722038611769676
v,-0.0014463125262409449, -0.0017805222887545824, -0.00665047625079751
v,0.0017731937114149332, -0.0017777405446395278, -0.006650475785136223
v,0.001772053656168282, -0.0004586563154589385, 0.0019672482740134
v,-0.0014475502539426088, -0.0003484548651613295, 0.0019245293224230409
v,0.0017719559837132692, -0.00034567309194244444, 0.0019245295552536845
v,0.0017736810259521008, -0.002342169638723135, 0.001919214497320354
v,-0.0014459188096225262, -0.0022366337943822145, 0.0019508168334141374
v,0.001773587428033352, -0.002233851933851838, 0.001950817066244781
v,0.0017753845313563943, -0.004313473589718342, -0.0024930157233029604
v,-0.0014440451050177217, -0.004404857289046049, -0.0026132608763873577
v,0.0017754611326381564, -0.004402075428515673, -0.002613260643556714
v,0.0017704147612676024, 0.001438488601706922, -0.006671409122645855
v,-0.0014489718014374375, 0.0012972871772944927, -0.006733925547450781
v,0.0017705344362184405, 0.0013000689214095473, -0.0067339250817894936
v,0.0017697988077998161, 0.002151195891201496, -0.002669732319191098
v,-0.0014498154632747173, 0.0022734464146196842, -0.0025459174066781998
v,0.0017696907743811607, 0.0022762282751500607, -0.002545917173847556
v,0.0017730089602991939, -0.0015638633631169796, -0.0067867860198020935
v,-0.0014464018167927861, -0.0016771942609921098, -0.0067220390774309635
v,0.001773104420863092, -0.0016744125168770552, -0.006722038611769676
v,0.0017719559837132692, -0.00034567309194244444, 0.0019245295552536845
v,-0.0014476437354460359, -0.00024025871243793517, 0.0018752386095002294
v,0.0017718625022098422, -0.0002374769392190501, 0.001875238842330873
v,0.0017737742746248841, -0.0024500007275491953, 0.0018842852441594005
v,-0.0014458252117037773, -0.0023449514992535114, 0.0019192142644897103
v,0.0017736810259521008, -0.002342169638723135, 0.001919214497320354
v,0.0017754611326381564, -0.004402075428515673, -0.002613260643556714
v,-0.0014439758379012346, -0.004485020413994789, -0.00273837405256927
v,0.0017755303997546434, -0.004482238553464413, -0.0027383738197386265
v,0.0017705344362184405, 0.0013000689214095473, -0.0067339250817894936
v,-0.0014488520100712776, 0.0011585429310798645, -0.006791005376726389
v,0.0017706542275846004, 0.0011613246751949191, -0.006791004911065102
v,0.001769878203049302, 0.0020592676009982824, -0.002748273080214858
v,-0.001449707429856062, 0.0021484140306711197, -0.002669732552021742
v,0.0017697988077998161, 0.002151195891201496, -0.002669732319191098
v,0.0017738669412210584, -0.0025573449674993753, 0.0018460288411006331
v,-0.001445731963030994, -0.0024527825880795717, 0.0018842850113287568
v,0.0017737742746248841, -0.0024500007275491953, 0.0018842852441594005
v,0.0017744515789672732, -0.0032335410360246897, -0.006778022740036249
v,-0.0014452030882239342, -0.0030644340440630913, -0.006910479161888361
v,0.001774303149431944, -0.003061652183532715, -0.006910478696227074
v,0.0017729072133079171, -0.0014460929669439793, -0.006844718009233475
v,-0.0014464972773566842, -0.0015666451072320342, -0.006786786485463381
v,0.0017730089602991939, -0.0015638633631169796, -0.0067867860198020935
v,0.0017755303997546434, -0.004482238553464413, -0.0027383738197386265
v,-0.0014439139049500227, -0.004556745290756226, -0.0028683554846793413
v,0.0017755923327058554, -0.004553963430225849, -0.0028683552518486977
v,0.0017718625022098422, -0.0002374769392190501, 0.001875238842330873
v,-0.0014477330259978771, -0.00013684968871530145, 0.0018193760188296437
v,0.001771773211658001, -0.0001340679154964164, 0.0018193762516602874
v,0.001769968424923718, 0.001954844454303384, -0.00282421731390059
v,-0.001449628034606576, 0.002056485740467906, -0.0027482733130455017
v,0.001769878203049302, 0.0020592676009982824, -0.002748273080214858
v,0.0017739598406478763, -0.002664851490408182, 0.0018035535467788577
v,-0.0014456392964348197, -0.0025601268280297518, 0.0018460286082699895
v,0.0017738669412210584, -0.0025573449674993753, 0.0018460288411006331
v,0.0017706542275846004, 0.0011613246751949191, -0.006791004911065102
v,-0.0014487317530438304, 0.0010194741189479828, -0.0068426490761339664
v,0.0017707744846120477, 0.0010222558630630374, -0.006842648610472679
v,0.0017700694734230638, 0.0018379258690401912, -0.0028975652530789375
v,-0.00144953781273216, 0.0019520625937730074, -0.0028242175467312336
v,0.001769968424923718, 0.001954844454303384, -0.00282421731390059
v,0.001771773211658001, -0.0001340679154964164, 0.0018193762516602874
v,-0.0014478182420134544, -3.822772850980982e-05, 0.0017569410847499967
v,0.0017716879956424236, -3.544594073900953e-05, 0.0017569413175806403
v,0.0017707744846120477, 0.0010222558630630374, -0.006842648610472679
v,-0.0014486113796010613, 0.0008800807408988476, -0.006888856645673513
v,0.0017708948580548167, 0.0008828624850139022, -0.006888856180012226
v,0.0017740534385666251, -0.0027731696609407663, 0.0017559666885063052
v,-0.0014455463970080018, -0.0026676333509385586, 0.001803553313948214
v,0.0017739598406478763, -0.002664851490408182, 0.0018035535467788577
v,0.0017727991798892617, -0.001321101444773376, -0.006895834114402533
v,-0.001446599024347961, -0.0014488747110590339, -0.006844718474894762
v,0.0017729072133079171, -0.0014460929669439793, -0.006844718009233475
v,0.0017755923327058554, -0.004553963430225849, -0.0028683552518486977
v,-0.001443859189748764, -0.004620032384991646, -0.0030032051727175713
v,0.001775647047907114, -0.004617250524461269, -0.0030032051727175713
v,0.0017701813485473394, 0.0017085125437006354, -0.002968316664919257
v,-0.0014494367642328143, 0.0018351441249251366, -0.0028975652530789375
v,0.0017700694734230638, 0.0018379258690401912, -0.0028975652530789375
v,0.0017682670149952173, 0.003924201242625713, -0.00713551277294755
v,-0.0014511881163343787, 0.0038622701540589333, -0.006870032753795385
v,0.0017683181213214993, 0.0038650520145893097, -0.006870032288134098
v,0.001775991404429078, -0.005016119219362736, 0.001794750220142305
v,-0.0014435505727306008, -0.0049775210209190845, 0.0015671612927690148
v,0.0017759556649252772, -0.004974739160388708, 0.0015671615255996585
v,0.0017703039338812232, 0.0015666038962081075, -0.003036471549421549
v,-0.0014493248891085386, 0.0017057307995855808, -0.002968316664919257
v,0.0017701813485473394, 0.0017085125437006354, -0.002968316664919257
v,0.0017716879956424236, -3.544594073900953e-05, 0.0017569413175806403
v,-0.0014478993834927678, 5.5607153626624495e-05, 0.0016879338072612882
v,0.0017716068541631103, 5.838894139742479e-05, 0.0016879340400919318
v,0.0017708948580548167, 0.0008828624850139022, -0.006888856180012226
v,-0.0014484906569123268, 0.0007403629133477807, -0.00692962808534503
v,0.0017710155807435513, 0.0007431446574628353, -0.0069296276196837425
v,0.001774147734977305, -0.002882298780605197, 0.0017032678006216884
v,-0.001445452799089253, -0.0027759515214711428, 0.0017559664556756616
v,0.0017740534385666251, -0.0027731696609407663, 0.0017559666885063052
v,0.0017726849764585495, -0.0011888887966051698, -0.006940134800970554
v,-0.0014467070577666163, -0.0013238833053037524, -0.00689583458006382
v,0.0017727991798892617, -0.001321101444773376, -0.006895834114402533
v,0.001775647047907114, -0.004617250524461269, -0.0030032051727175713
v,-0.0014438118087127805, -0.004674880765378475, -0.0031429233495146036
v,0.0017756944289430976, -0.004672098904848099, -0.00314292311668396
v,0.0017704373458400369, 0.001412200159393251, -0.0031020303722471
v,-0.0014492023037746549, 0.0015638221520930529, -0.0030364717822521925
v,0.0017703039338812232, 0.0015666038962081075, -0.003036471549421549
v,0.0017699500313028693, 0.0019759400747716427, 0.0014195729745551944
v,-0.001449230476282537, 0.0015961956232786179, 0.0017274875426664948
v,0.001770275761373341, 0.0015989773673936725, 0.0017274877754971385
v,0.001774303149431944, -0.003061652183532715, -0.006910478696227074
v,-0.0014453585026785731, -0.0028846750501543283, -0.007042042911052704
v,0.001774147734977305, -0.002881893189623952, -0.0070420424453914165
v,0.0017705815844237804, 0.0012453014496713877, -0.0031649924349039793
v,-0.0014490688918158412, 0.0014094184152781963, -0.0031020306050777435
v,0.0017704373458400369, 0.001412200159393251, -0.0031020303722471
v,0.0017742427298799157, -0.0029922390822321177, 0.0016454578144475818
v,-0.0014453585026785731, -0.0028850806411355734, 0.0017032675677910447
v,0.001774147734977305, -0.002882298780605197, 0.0017032678006216884
v,0.0017710155807435513, 0.0007431446574628353, -0.0069296276196837425
v,-0.0014483695849776268, 0.0006003205198794603, -0.006964963395148516
v,0.0017711366526782513, 0.0006031022639945149, -0.006964962929487228
v,0.0017725644866004586, -0.0010494549060240388, -0.00697762006893754
v,-0.0014468212611973286, -0.0011916705407202244, -0.006940135266631842
v,0.0017726849764585495, -0.0011888887966051698, -0.006940134800970554
v,0.0017756944289430976, -0.004672098904848099, -0.00314292311668396
v,-0.0014437716454267502, -0.004721290897578001, -0.0032875093165785074
v,0.0017757345922291279, -0.004718509037047625, -0.0032875090837478638
v,0.0017716068541631103, 5.838894139742479e-05, 0.0016879340400919318
v,-0.0014479763340204954, 0.00014465504500549287, 0.0016123546520248055
v,0.0017715299036353827, 0.00014743681822437793, 0.0016123548848554492
v,0.001770736533217132, 0.001065907534211874, -0.003225358435884118
v,-0.0014489246532320976, 0.001242519705556333, -0.003164992667734623
v,0.0017705815844237804, 0.0012453014496713877, -0.0031649924349039793
v,0.0017743384232744575, -0.0031029912643134594, 0.0015825362643226981
v,-0.0014452635077759624, -0.002995020942762494, 0.0016454575816169381
v,0.0017742427298799157, -0.0029922390822321177, 0.0016454578144475818
v,0.0017711366526782513, 0.0006031022639945149, -0.006964962929487228
v,-0.001448248396627605, 0.000459953531390056, -0.006994862109422684
v,0.001771257841028273, 0.00046273533371277153, -0.006994861643761396
v,0.0017709023086354136, 0.0008740185294300318, -0.003283127909526229
v,-0.001448769704438746, 0.0010631257900968194, -0.003225358435884118
v,0.001770736533217132, 0.001065907534211874, -0.003225358435884118
v,0.001772437826730311, -0.0009027998894453049, -0.00700828991830349
v,-0.0014469417510554194, -0.0010522367665544152, -0.006977620534598827
v,0.0017725644866004586, -0.0010494549060240388, -0.00697762006893754
v,0.0017715299036353827, 0.00014743681822437793, 0.0016123548848554492
v,-0.0014480480458587408, 0.00022769875067751855, 0.0015317444922402501
v,0.0017714581917971373, 0.0002304805238964036, 0.0015317447250708938
v,0.001771078910678625, 0.000669634435325861, -0.0033383010886609554
v,-0.0014486039290204644, 0.0008712367853149772, -0.0032831281423568726
v,0.0017709023086354136, 0.0008740185294300318, -0.003283127909526229
v,0.0017744348151609302, -0.003214554861187935, 0.00151450268458575
v,-0.0014451678143814206, -0.003105773124843836, 0.0015825360314920545
v,0.0017743384232744575, -0.0031029912643134594, 0.0015825362643226981
v,0.001771257841028273, 0.00046273533371277153, -0.006994861643761396
v,-0.0014481267426162958, 0.00031926200608722866, -0.007019324693828821
v,0.0017713794950395823, 0.0003220438084099442, -0.007019324228167534
v,0.0017723047640174627, -0.0007489236886613071, -0.007032143883407116
v,-0.0014470684109255672, -0.0009055816917680204, -0.007008290383964777
v,0.001772437826730311, -0.0009027998894453049, -0.00700828991830349
v,0.0017757345922291279, -0.004718509037047625, -0.0032875090837478638
v,-0.0014437389327213168, -0.004759263247251511, -0.00343696353957057
v,0.0017757673049345613, -0.004756481386721134, -0.00343696353957057
v,0.0017759556649252772, -0.004974739160388708, 0.0015671615255996585
v,-0.0014435849152505398, -0.004937763791531324, 0.0013348656939342618
v,0.0017759213224053383, -0.004934981931000948, 0.0013348659267649055
v,0.0017712663393467665, 0.00045275528100319207, -0.003390877740457654
v,-0.001448427326977253, 0.0006668526912108064, -0.003338301321491599
v,0.001771078910678625, 0.000669634435325861, -0.0033383010886609554
v,0.0017714581917971373, 0.0002304805238964036, 0.0015317447250708938
v,-0.0014481135876849294, 0.00030352119938470423, 0.0014476460637524724
v,0.0017713926499709487, 0.00030630300170741975, 0.001447646296583116
v,0.0017713794950395823, 0.0003220438084099442, -0.007019324228167534
v,-0.0014480049721896648, 0.00017824598762672395, -0.007038351148366928
v,0.0017715012654662132, 0.000181027760845609, -0.007038350682705641
v,0.0017714645946398377, 0.0002233809937024489, -0.0034408580977469683
v,-0.0014482398983091116, 0.00044997347868047655, -0.0033908779732882977
v,0.0017712663393467665, 0.00045275528100319207, -0.003390877740457654
v,0.0017745319055393338, -0.0033269296400249004, 0.0014413580065593123
v,-0.001445071422494948, -0.0032173367217183113, 0.0015145024517551064
v,0.0017744348151609302, -0.003214554861187935, 0.00151450268458575
v,0.0017721656477078795, -0.0005878262454643846, -0.007049182895570993
v,-0.0014472014736384153, -0.0007517054327763617, -0.007032144349068403
v,0.0017723047640174627, -0.0007489236886613071, -0.007032143883407116
v,0.0017757673049345613, -0.004756481386721134, -0.00343696353957057
v,-0.0014437133213505149, -0.004788796883076429, -0.003591286251321435
v,0.0017757929163053632, -0.004786015022546053, -0.0035912860184907913
v,0.0017713926499709487, 0.00030630300170741975, 0.001447646296583116
v,-0.0014481728430837393, 0.0003721225366462022, 0.0013600586680695415
v,0.0017713333945721388, 0.00037490433896891773, 0.001360058900900185
v,0.0017715012654662132, 0.000181027760845609, -0.007038350682705641
v,-0.0014478828525170684, 3.69053814210929e-05, -0.007051941938698292
v,0.0017716233851388097, 3.968716919189319e-05, -0.0070519414730370045
v,0.0017723327036947012, -0.0007814190466888249, -0.0036511654034256935
v,-0.0014480416430160403, 0.00022059922048356384, -0.003440858330577612
v,0.0017714645946398377, 0.0002233809937024489, -0.0034408580977469683
v,0.0017746296944096684, -0.0034401153679937124, 0.0013631012989208102
v,-0.0014449743321165442, -0.003329711500555277, 0.0014413577737286687
v,0.0017745319055393338, -0.0033269296400249004, 0.0014413580065593123
v,0.001774147734977305, -0.002881893189623952, -0.0070420424453914165
v,-0.0014455205528065562, -0.0026970459148287773, -0.007172713987529278
v,0.0017739856848493218, -0.002694264054298401, -0.0071727135218679905
v,0.001769817783497274, 0.0021289645228534937, 0.0012811535270884633
v,-0.0014495562063530087, 0.0019731582142412663, 0.0014195727417245507
v,0.0017699500313028693, 0.0019759400747716427, 0.0014195729745551944
v,0.0017720202449709177, -0.00041950761806219816, -0.0070594060234725475
v,-0.0014473405899479985, -0.0005906080477871001, -0.007049183361232281
v,0.0017721656477078795, -0.0005878262454643846, -0.007049182895570993
v,0.0017757929163053632, -0.004786015022546053, -0.0035912860184907913
v,-0.0014436951605603099, -0.004809892736375332, -0.003750476986169815
v,0.0017758110770955682, -0.0048071108758449554, -0.003750476986169815
v,0.0017724591307342052, -0.0009277088684029877, -0.0036838636733591557
v,-0.0014471735339611769, -0.0007842007908038795, -0.0036511654034256935
v,0.0017723327036947012, -0.0007814190466888249, -0.0036511654034256935
v,0.0017747282981872559, -0.0035541129764169455, 0.001279733027331531
v,-0.0014448765432462096, -0.003442897228524089, 0.0013631010660901666
v,0.0017746296944096684, -0.0034401153679937124, 0.0013631012989208102
v,0.0017716233851388097, 3.968716919189319e-05, -0.0070519414730370045
v,-0.0014477603835985065, -0.00010475972521817312, -0.007060096133500338
v,0.0017717458540573716, -0.00010197793744737282, -0.00706009566783905
v,0.0017725792713463306, -0.0010666963644325733, -0.0037196450866758823
v,-0.0014470471069216728, -0.0009304906125180423, -0.0036838639061897993
v,0.0017724591307342052, -0.0009277088684029877, -0.0036838636733591557
v,0.0017718685558065772, -0.00024396782100666314, -0.007062813732773066
v,-0.0014474859926849604, -0.0004222894203849137, -0.007059406489133835
v,0.0017720202449709177, -0.00041950761806219816, -0.0070594060234725475
v,0.0017713333945721388, 0.00037490433896891773, 0.001360058900900185
v,-0.0014482258120551705, 0.00043350268970243633, 0.0012689823051914573
v,0.0017712804256007075, 0.00043628449202515185, 0.001268982538022101
v,0.0017726930091157556, -0.0011983816511929035, -0.0037585096433758736
v,-0.0014469269663095474, -0.0010694782249629498, -0.0037196450866758823
v,0.0017725792713463306, -0.0010666963644325733, -0.0037196450866758823
v,0.0017759213224053383, -0.004934981931000948, 0.0013348659267649055
v,-0.001443617744371295, -0.004899629391729832, 0.0010978643549606204
v,0.001775888493284583, -0.004896847531199455, 0.001097864587791264
v,0.0017717458540573716, -0.00010197793744737282, -0.00706009566783905
v,-0.0014476376818493009, -0.00024674960877746344, -0.007062814198434353
v,0.0017718685558065772, -0.00024396782100666314, -0.007062813732773066
v,0.0017696971772238612, 0.0022686824668198824, 0.0011346201645210385
v,-0.0014496884541586041, 0.0021261826623231173, 0.0012811532942578197
v,0.001769817783497274, 0.0021289645228534937, 0.0012811535270884633
v,0.0017758110770955682, -0.0048071108758449554, -0.003750476986169815
v,-0.0014436842175200582, -0.0048225498758256435, -0.003914535976946354
v,0.00177582202013582, -0.004819768015295267, -0.003914535976946354
v,0.0017682121833786368, 0.003987731412053108, -0.007402291055768728
v,-0.0014512392226606607, 0.003921419382095337, -0.007135513238608837
v,0.0017682670149952173, 0.003924201242625713, -0.00713551277294755
v,0.0017728004604578018, -0.0013227646704763174, -0.003800457576289773
v,-0.0014468132285401225, -0.00120116351172328, -0.0037585098762065172
v,0.0017726930091157556, -0.0011983816511929035, -0.0037585096433758736
v,0.0017748274840414524, -0.0036689219996333122, 0.0011912531917914748
v,-0.0014447779394686222, -0.003556894836947322, 0.0012797327945008874
v,0.0017747282981872559, -0.0035541129764169455, 0.001279733027331531
v,0.0017729016253724694, -0.001439845422282815, -0.003845488652586937
v,-0.0014467057771980762, -0.0013255465310066938, -0.003800457576289773
v,0.0017728004604578018, -0.0013227646704763174, -0.003800457576289773
v,0.0017739856848493218, -0.002694264054298401, -0.0071727135218679905
v,-0.001445689471438527, -0.002501546638086438, -0.00730249285697937
v,0.001773816766217351, -0.0024987647775560617, -0.007302492391318083
v,0.0017712804256007075, 0.00043628449202515185, 0.001268982538022101
v,-0.001448272611014545, 0.0004876616585534066, 0.0011744172079488635
v,0.001771233626641333, 0.0004904434317722917, 0.0011744174407795072
v,0.0017729965038597584, -0.0015496237901970744, -0.0038936028722673655
v,-0.0014466046122834086, -0.0014426271663978696, -0.0038454888854175806
v,0.0017729016253724694, -0.001439845422282815, -0.003845488652586937
v,0.00177492736838758, -0.003784542204812169, 0.0010976615594699979
v,-0.0014446787536144257, -0.0036717038601636887, 0.0011912529589608312
v,0.0017748274840414524, -0.0036689219996333122, 0.0011912531917914748
v,0.001773816766217351, -0.0024987647775560617, -0.007302492391318083
v,-0.001445865142159164, -0.0022981769870966673, -0.007431378588080406
v,0.0017736410954967141, -0.002295395126566291, -0.007431378122419119
v,0.001768153510056436, 0.004055642988532782, -0.007670367602258921
v,-0.0014512940542772412, 0.003984949551522732, -0.0074022915214300156
v,0.0017682121833786368, 0.003987731412053108, -0.007402291055768728
v,0.0017730850959196687, -0.0016520997742190957, -0.0039448002353310585
v,-0.0014465097337961197, -0.001552405534312129, -0.003893603105098009
v,0.0017729965038597584, -0.0015496237901970744, -0.0038936028722673655
v,0.001771233626641333, 0.0004904434317722917, 0.0011744174407795072
v,-0.0014483132399618626, 0.0005345995305106044, 0.0010763631435111165
v,0.0017711929976940155, 0.000537381274625659, 0.0010763633763417602
v,0.0017695878632366657, 0.0023950934410095215, 0.00097997288685292
v,-0.0014498090604320168, 0.002265900606289506, 0.0011346199316903949
v,0.0017696971772238612, 0.0022686824668198824, 0.0011346201645210385
v,0.0017736410954967141, -0.002295395126566291, -0.007431378122419119
v,-0.0014460476813837886, -0.0020869362633675337, -0.007559373043477535
v,0.0017734585562720895, -0.0020841544028371572, -0.007559372577816248
v,0.00177582202013582, -0.004819768015295267, -0.003914535976946354
v,-0.0014436804922297597, -0.004826769698411226, -0.004083463456481695
v,0.0017758257454261184, -0.00482398783788085, -0.004083463456481695
v,0.0017731672851368785, -0.0017472733743488789, -0.00399908097460866
v,-0.0014464211417362094, -0.0016548815183341503, -0.003944800700992346
v,0.0017730850959196687, -0.0016520997742190957, -0.0039448002353310585
v,0.0017734585562720895, -0.0020841544028371572, -0.007559372577816248
v,-0.001446235692128539, -0.0018693673191592097, -0.007681605871766806
v,0.001773270545527339, -0.0018665855750441551, -0.007681605406105518
v,0.001775888493284583, -0.004896847531199455, 0.001097864587791264
v,-0.00144364929292351, -0.004863117355853319, 0.0008561575668863952
v,0.001775856944732368, -0.004860335495322943, 0.000856157683301717
v,0.0017683280166238546, 0.0038536526262760162, -0.007738360203802586
v,-0.001451352727599442, 0.004052861128002405, -0.007670368067920208
v,0.001768153510056436, 0.004055642988532782, -0.007670367602258921
v,0.0017732431879267097, -0.0018351448234170675, -0.0040564448572695255
v,-0.0014463389525189996, -0.0017500551184639335, -0.00399908097460866
v,0.0017731672851368785, -0.0017472733743488789, -0.00399908097460866
v,0.0017750279512256384, -0.003900973591953516, 0.0009989588288590312
v,-0.0014445788692682981, -0.0037873240653425455, 0.0010976613266393542
v,0.00177492736838758, -0.003784542204812169, 0.0010976615594699979
v,0.0017733128042891622, -0.001915713888593018, -0.004116892348974943
v,-0.0014462630497291684, -0.0018379265675321221, -0.004056445322930813
v,0.0017732431879267097, -0.0018351448234170675, -0.0040564448572695255
v,0.001773270545527339, -0.0018665855750441551, -0.007681605406105518
v,-0.0014464277774095535, -0.0016470113769173622, -0.00779320951551199
v,0.0017730784602463245, -0.0016442296328023076, -0.007793209049850702
v,0.0017711929976940155, 0.000537381274625659, 0.0010763633763417602
v,-0.0014483474660664797, 0.0005743160145357251, 0.0009748201700858772
v,0.0017711587715893984, 0.0005770977586507797, 0.000974820286501199
v,0.0017684949561953545, 0.0036605061031877995, -0.007802133914083242
v,-0.0014511782210320234, 0.00385087076574564, -0.007738360669463873
v,0.0017683280166238546, 0.0038536526262760162, -0.007738360203802586
v,0.0017751390114426613, -0.00402949471026659, -0.00015773058112245053
v,-0.0014444782864302397, -0.0039037554524838924, 0.0009989585960283875
v,0.0017750279512256384, -0.003900973591953516, 0.0009989588288590312
v,0.0017758257454261184, -0.00482398783788085, -0.004083463456481695
v,-0.0014436849160119891, -0.0048217386938631535, -0.00425717793405056
v,0.001775821321643889, -0.004818956833332777, -0.004257177468389273
v,0.001773376134224236, -0.0019889804534614086, -0.004180422518402338
v,-0.001446193433366716, -0.0019184956327080727, -0.004116892348974943
v,0.0017733128042891622, -0.001915713888593018, -0.004116892348974943
v,0.001769490190781653, 0.0025081986095756292, 0.0008172118687070906
v,-0.0014499183744192123, 0.002392311580479145, 0.0009799726540222764
v,0.0017695878632366657, 0.0023950934410095215, 0.00097997288685292
v,0.0017730784602463245, -0.0016442296328023076, -0.007793209049850702
v,-0.0014466240536421537, -0.0014198684366419911, -0.007894184440374374
v,0.0017728821840137243, -0.0014170865761116147, -0.007894184440374374
v,0.0017686542123556137, 0.0034762034192681313, -0.007861688733100891
v,-0.0014510112814605236, 0.003657724242657423, -0.00780213437974453
v,0.0017684949561953545, 0.0036605061031877995, -0.007802133914083242
v,0.0017734331777319312, -0.0020549448672682047, -0.00424703536555171
v,-0.001446130103431642, -0.001991762313991785, -0.004180422518402338
v,0.001773376134224236, -0.0019889804534614086, -0.004180422518402338
v,0.0017711587715893984, 0.0005770977586507797, 0.000974820286501199
v,-0.0014483756385743618, 0.0006068113725632429, 0.0008697881712578237
v,0.0017711305990815163, 0.0006095931166782975, 0.0008697882876731455
v,0.0017688057851046324, 0.0033007445745170116, -0.007917024195194244
v,-0.0014508520253002644, 0.003473421558737755, -0.007861688733100891
v,0.0017686542123556137, 0.0034762034192681313, -0.007861688733100891
v,0.0017734847497195005, -0.002114661503583193, -0.004316651728004217
v,-0.0014460730599239469, -0.002057726727798581, -0.0042470358312129974
v,0.0017734331777319312, -0.0020549448672682047, -0.00424703536555171
v,0.0017711305990815163, 0.0006095931166782975, 0.0008697882876731455
v,-0.0014483974082395434, 0.0006320856045931578, 0.0007612674380652606
v,0.0017711088294163346, 0.0006348673487082124, 0.0007612675544805825
v,0.0017728821840137243, -0.0014170865761116147, -0.007894184440374374
v,-0.001446824404411018, -0.0011879382655024529, -0.007984530180692673
v,0.0017726818332448602, -0.0011851565213873982, -0.007984530180692673
v,0.001775821321643889, -0.004818956833332777, -0.004257177468389273
v,-0.0014436979545280337, -0.004806647542864084, -0.004427808802574873
v,0.0017758082831278443, -0.004803865682333708, -0.004427808802574873
v,0.001775856944732368, -0.004860335495322943, 0.000856157683301717
v,-0.0014436794444918633, -0.004828228615224361, 0.0006097442819736898
v,0.0017758267931640148, -0.004825446754693985, 0.0006097443983890116
v,0.0017689497908577323, 0.003134130034595728, -0.00796814076602459
v,-0.0014507004525512457, 0.003297962713986635, -0.007917024195194244
v,0.0017688057851046324, 0.0033007445745170116, -0.007917024195194244
v,0.0017735318979248405, -0.0021691855508834124, -0.004389187786728144
v,-0.0014460214879363775, -0.0021174433641135693, -0.004316651728004217
v,0.0017734847497195005, -0.002114661503583193, -0.004316651728004217
v,0.0017694039270281792, 0.002607997041195631, 0.000646337226498872
v,-0.0014500160468742251, 0.002505416749045253, 0.0008172117522917688
v,0.001769490190781653, 0.0025081986095756292, 0.0008172118687070906
v,0.0017690861131995916, 0.002976359101012349, -0.008015037514269352
v,-0.0014505564467981458, 0.0031313481740653515, -0.00796814076602459
v,0.0017689497908577323, 0.003134130034595728, -0.00796814076602459
v,0.0017735745059326291, -0.0022185170091688633, -0.004464645404368639
v,-0.0014459743397310376, -0.002171967411413789, -0.004389188252389431
v,0.0017735318979248405, -0.0021691855508834124, -0.004389187786728144
v,0.0017711088294163346, 0.0006348673487082124, 0.0007612675544805825
v,-0.0014484130078926682, 0.000650138477794826, 0.000649257970508188
v,0.0017710932297632098, 0.0006529202219098806, 0.0006492580869235098
v,0.0017726818332448602, -0.0011851565213873982, -0.007984530180692673
v,-0.0014470289461314678, -0.0009512211545370519, -0.00806424766778946
v,0.0017724772915244102, -0.0009484393522143364, -0.00806424766778946
v,0.0017758082831278443, -0.004803865682333708, -0.004427808802574873
v,-0.0014437196077778935, -0.004781494848430157, -0.004595356993377209
v,0.0017757866298779845, -0.00477871298789978, -0.004595356527715921
v,0.0017710932297632098, 0.0006529202219098806, 0.0006492580869235098
v,-0.0014484223211184144, 0.0006609703414142132, 0.0005337595357559621
v,0.0017710839165374637, 0.0006637520855292678, 0.000533759652171284
v,0.0017692147521302104, 0.002827432006597519, -0.008057715371251106
v,-0.0014504201244562864, 0.0029735772404819727, -0.008015037514269352
v,0.0017690861131995916, 0.002976359101012349, -0.008015037514269352
v,0.0017736126901581883, -0.0022626554127782583, -0.004543023649603128
v,-0.001445931731723249, -0.0022212988696992397, -0.004464645404368639
v,0.0017735745059326291, -0.0022185170091688633, -0.004464645404368639
v,0.0017693291883915663, 0.002694489201530814, 0.00046734913485124707
v,-0.001450102310627699, 0.0026052151806652546, 0.0006463371100835502
v,0.0017694039270281792, 0.002607997041195631, 0.000646337226498872
v,0.0017693358240649104, 0.002687348984181881, -0.008096174336969852
v,-0.0014502914855256677, 0.0028246501460671425, -0.008057715371251106
v,0.0017692147521302104, 0.002827432006597519, -0.008057715371251106
v,0.0017685906495898962, 0.003549591638147831, -0.0047929249703884125
v,-0.0014508985914289951, 0.003527093678712845, -0.0045391288585960865
v,0.001768607646226883, 0.0035298755392432213, -0.0045391288585960865
v,0.0017758267931640148, -0.004825446754693985, 0.0006097443983890116
v,-0.0014437081990763545, -0.004794962238520384, 0.000358625256922096
v,0.0017757980385795236, -0.004792180377990007, 0.00035862537333741784
v,0.001768607646226883, 0.0035298755392432213, -0.0045391288585960865
v,-0.0014502727426588535, 0.002802702598273754, -0.0045391288585960865
v,0.0017692334949970245, 0.0028054844588041306, -0.0045391288585960865
v,0.0017724772915244102, -0.0009484393522143364, -0.00806424766778946
v,-0.0014472376788035035, -0.0007097169291228056, -0.008133335039019585
v,0.0017722685588523746, -0.000706935185007751, -0.008133335039019585
v,0.0017710839165374637, 0.0006637520855292678, 0.000533759652171284
v,-0.0014484254643321037, 0.0006645810790359974, 0.000414772133808583
v,0.0017710807733237743, 0.000667362823151052, 0.00041477225022390485
v,0.0017694492125883698, 0.002556110266596079, -0.00813041441142559
v,-0.0014501704135909677, 0.0026845671236515045, -0.008096174336969852
v,0.0017693358240649104, 0.002687348984181881, -0.008096174336969852
v,0.0017692334949970245, 0.0028054844588041306, -0.0045391288585960865
v,-0.0014502423582598567, 0.0027676515746861696, -0.005672450643032789
v,0.0017692638793960214, 0.002770433435216546, -0.005672450177371502
v,0.0017692659748718143, 0.002767674857750535, 0.0002802471281029284
v,-0.0014501770492643118, 0.0026917073410004377, 0.00046734901843592525
v,0.0017693291883915663, 0.002694489201530814, 0.00046734913485124707
v,0.0017736463341861963, -0.0023016012273728848, -0.004624322522431612
v,-0.0014458935474976897, -0.0022654372733086348, -0.004543023649603128
v,0.0017736126901581883, -0.0022626554127782583, -0.004543023649603128
v,0.0017695549177005887, 0.0024337153881788254, -0.008160434663295746
v,-0.0014500570250675082, 0.0025533284060657024, -0.00813041441142559
v,0.0017694492125883698, 0.002556110266596079, -0.00813041441142559
v,0.0017710807733237743, 0.000667362823151052, 0.00041477225022390485
v,-0.0014484224375337362, 0.0006610921118408442, 0.0002980157150886953
v,0.0017710838001221418, 0.0006638738559558988, 0.0002980158315040171
v,0.0017734556458890438, -0.0020813962910324335, 0.0033340000081807375
v,-0.0014457402285188437, -0.0024432900827378035, 0.0033473882358521223
v,0.0017737660091370344, -0.002440508222207427, 0.0033473882358521223
v,0.0017757866298779845, -0.00477871298789978, -0.004595356527715921
v,-0.0014437499921768904, -0.0047462815418839455, -0.004759821575134993
v,0.0017757562454789877, -0.004743499681353569, -0.004759821109473705
v,0.0017722685588523746, -0.000706935185007751, -0.008133335039019585
v,-0.0014474504860118032, -0.00046342567657120526, -0.008191795088350773
v,0.001772055751644075, -0.0004606439033523202, -0.008191795088350773
v,0.001773675438016653, -0.0023353544529527426, -0.004708542488515377
v,-0.0014458599034696817, -0.002304383087903261, -0.004624322988092899
v,0.0017736463341861963, -0.0023016012273728848, -0.004624322522431612
v,0.0017757980385795236, -0.004792180377990007, 0.00035862537333741784
v,-0.0014437355566769838, -0.004763318691402674, 0.00010280024434905499
v,0.0017757706809788942, -0.004760536830872297, 0.00010280038986820728
v,0.0017737660091370344, -0.002440508222207427, 0.0033473882358521223
v,-0.0014456426724791527, -0.0025563137605786324, 0.0033462115097790956
v,0.0017738635651767254, -0.002553531900048256, 0.0033462115097790956
v,0.0017696530558168888, 0.002320163883268833, -0.008186236955225468
v,-0.0014499513199552894, 0.002430933527648449, -0.008160434663295746
v,0.0017695549177005887, 0.0024337153881788254, -0.008160434663295746
v,0.0017737001180648804, -0.0023639146238565445, -0.0047956835478544235
v,-0.001445830799639225, -0.002338136313483119, -0.004708542954176664
v,0.001773675438016653, -0.0023353544529527426, -0.004708542488515377
v,0.0017710838001221418, 0.0006638738559558988, 0.0002980158315040171
v,-0.0014484133571386337, 0.0006506255595013499, 0.00018531658861320466
v,0.0017710928805172443, 0.0006534073036164045, 0.00018531673413235694
v,0.0017738635651767254, -0.002553531900048256, 0.0033462115097790956
v,-0.0014455447671934962, -0.002669499721378088, 0.003342681797221303
v,0.0017739614704623818, -0.0026667178608477116, 0.003342681797221303
v,0.0017697435105219483, 0.0022154562175273895, -0.008207819424569607
v,-0.0014498531818389893, 0.0023173820227384567, -0.008186236955225468
v,0.0017696530558168888, 0.002320163883268833, -0.008186236955225468
v,0.001769214286468923, 0.00282755377702415, 8.503145363647491e-05
v,-0.0014502402627840638, 0.0027648929972201586, 0.0002802470116876066
v,0.0017692659748718143, 0.002767674857750535, 0.0002802471281029284
v,0.0017739614704623818, -0.0026667178608477116, 0.003342681797221303
v,-0.0014454468619078398, -0.0027828479651361704, 0.0033367995638400316
v,0.0017740593757480383, -0.002780066104605794, 0.0033367995638400316
v,0.0017757562454789877, -0.004743499681353569, -0.004759821109473705
v,-0.0014437891077250242, -0.004701007157564163, -0.004921202547848225
v,0.0017757171299308538, -0.004698225297033787, -0.004921202547848225
v,0.001772055751644075, -0.0004606439033523202, -0.008191795088350773
v,-0.0014476673677563667, -0.00021234732412267476, -0.0082396250218153
v,0.0017718388698995113, -0.0002095655509037897, -0.0082396250218153
v,0.0017685698112472892, 0.0035736896097660065, -0.00504801981151104
v,-0.0014509155880659819, 0.0035468097776174545, -0.0047929254360497
v,0.0017685906495898962, 0.003549591638147831, -0.0047929249703884125
v,0.0017710928805172443, 0.0006534073036164045, 0.00018531673413235694
v,-0.001448398339562118, 0.0006331810727715492, 7.667408499401063e-05
v,0.00177110789809376, 0.0006359628168866038, 7.667423051316291e-05
v,0.0017740593757480383, -0.002780066104605794, 0.0033367995638400316
v,-0.0014453488402068615, -0.002896358724683523, 0.0033285643439739943
v,0.0017741573974490166, -0.0028935768641531467, 0.0033285643439739943
v,0.001769831171259284, 0.002113994676619768, -0.008226480334997177
v,-0.0014497627271339297, 0.002212674356997013, -0.008207819424569607
v,0.0017697435105219483, 0.0022154562175273895, -0.008207819424569607
v,0.0017757447203621268, -0.004730517510324717, -0.00015773058112245053
v,-0.0014443672262132168, -0.0040322765707969666, -0.00015773072664160281
v,0.0017751390114426613, -0.00402949471026659, -0.00015773058112245053
v,0.001773144002072513, -0.001720661181025207, 0.0032938371878117323
v,-0.0014460505917668343, -0.00208417815156281, 0.0033340000081807375
v,0.0017734556458890438, -0.0020813962910324335, 0.0033340000081807375
v,0.0017737203743308783, -0.002387281972914934, -0.004885746166110039
v,-0.0014458061195909977, -0.002366696484386921, -0.004795684013515711
v,0.0017737001180648804, -0.0023639146238565445, -0.0047956835478544235
v,0.0017757706809788942, -0.004760536830872297, 0.00010280038986820728
v,-0.0014437615172937512, -0.004733299370855093, -0.00015773072664160281
v,0.0017757447203621268, -0.004730517510324717, -0.00015773058112245053
v,0.0017699209274724126, 0.002010179916396737, -0.008243518881499767
v,-0.001449675066396594, 0.0021112128160893917, -0.008226480334997177
v,0.001769831171259284, 0.002113994676619768, -0.008226480334997177
v,0.001769174006767571, 0.002874126425012946, -0.00011829791765194386
v,-0.001450291951186955, 0.0028247719164937735, 8.503130811732262e-05
v,0.001769214286468923, 0.00282755377702415, 8.503145363647491e-05
v,0.001773736090399325, -0.0024054567329585552, -0.004978728946298361
v,-0.0014457858633249998, -0.0023900638334453106, -0.004885746166110039
v,0.0017737203743308783, -0.002387281972914934, -0.004885746166110039
v,0.0017741573974490166, -0.0028935768641531467, 0.0033285643439739943
v,-0.0014452505856752396, -0.0030100313015282154, 0.003317976137623191
v,0.0017742556519806385, -0.003007249440997839, 0.003317976137623191
v,0.0017718388698995113, -0.0002095655509037897, -0.0082396250218153
v,-0.001447888440452516, 4.3518120946828276e-05, -0.008276826702058315
v,0.001771617797203362, 4.629990871762857e-05, -0.008276826702058315
v,0.00177110789809376, 0.0006359628168866038, 7.667423051316291e-05
v,-0.0014483772683888674, 0.0006087587680667639, -2.7911575671168976e-05
v,0.0017711289692670107, 0.0006115405121818185, -2.79114337899955e-05
v,0.0017742556519806385, -0.003007249440997839, 0.003317976137623191
v,-0.0014451522147282958, -0.003123866394162178, 0.003305034013465047
v,0.0017743540229275823, -0.0031210845336318016, 0.003305034013465047
v,0.0017700126627460122, 0.0019040118204429746, -0.008258935064077377
v,-0.0014495853101834655, 0.0020073980558663607, -0.008243518881499767
v,0.0017699209274724126, 0.002010179916396737, -0.008243518881499767
v,0.0017757171299308538, -0.004698225297033787, -0.004921202547848225
v,-0.001443836954422295, -0.00464567169547081, -0.0050795008428394794
v,0.001775669283233583, -0.0046428898349404335, -0.0050795008428394794
v,0.0017737472662702203, -0.0024184384383261204, -0.005074632819741964
v,-0.0014457701472565532, -0.0024082385934889317, -0.004978728946298361
v,0.001773736090399325, -0.0024054567329585552, -0.004978728946298361
v,0.0017711289692670107, 0.0006115405121818185, -2.79114337899955e-05
v,-0.0014483501436188817, 0.0005773588782176375, -0.0001284401660086587
v,0.0017711560940369964, 0.0005801406223326921, -0.00012844002048950642
v,0.0017743540229275823, -0.0031210845336318016, 0.003305034013465047
v,-0.0014450537273660302, -0.003237864002585411, 0.0032897398341447115
v,0.0017744525102898479, -0.0032350821420550346, 0.0032897398341447115
v,0.001770106377080083, 0.0017954910872504115, -0.008272728882730007
v,-0.0014494935749098659, 0.00190123007632792, -0.008258935064077377
v,0.0017700126627460122, 0.0019040118204429746, -0.008258935064077377
v,0.0017691453685984015, 0.0029073928017169237, -0.0003297409857623279
v,-0.001450332230888307, 0.0028713445644825697, -0.00011829806317109615
v,0.001769174006767571, 0.002874126425012946, -0.00011829791765194386
v,0.0017728308448567986, -0.001358303357847035, 0.0032268993090838194
v,-0.001446362235583365, -0.0017234429251402617, 0.0032938371878117323
v,0.001773144002072513, -0.001720661181025207, 0.0032938371878117323
v,0.0017685452476143837, 0.003602168522775173, -0.005304412916302681
v,-0.0014509364264085889, 0.00357090774923563, -0.00504801981151104
v,0.0017685698112472892, 0.0035736896097660065, -0.00504801981151104
v,0.0017702021868899465, 0.001684617600403726, -0.008284899406135082
v,-0.0014493998605757952, 0.001792709343135357, -0.008272728882730007
v,0.001770106377080083, 0.0017954910872504115, -0.008272728882730007
v,0.0017737540183588862, -0.0024262277875095606, -0.005173457786440849
v,-0.0014457589713856578, -0.002421220298856497, -0.005074633285403252
v,0.0017737472662702203, -0.0024184384383261204, -0.005074632819741964
v,0.0017711560940369964, 0.0005801406223326921, -0.00012844002048950642
v,-0.001448316965252161, 0.0005389809375628829, -0.000224911913392134
v,0.001771189272403717, 0.0005417626816779375, -0.00022491176787298173
v,0.0017744525102898479, -0.0032350821420550346, 0.0032897398341447115
v,-0.0014449551235884428, -0.003352023893967271, 0.00327209266833961
v,0.0017745511140674353, -0.0033492420334368944, 0.00327209266833961
v,0.001771617797203362, 4.629990871762857e-05, -0.008276826702058315
v,-0.0014481137041002512, 0.0003041706222575158, -0.008303399197757244
v,0.0017713925335556269, 0.0003069524245802313, -0.008303399197757244
v,0.001771189272403717, 0.0005417626816779375, -0.00022491176787298173
v,-0.0014482777332887053, 0.0004936255281791091, -0.0003173270379193127
v,0.0017712285043671727, 0.0004964072722941637, -0.0003173269215039909
v,0.0017745511140674353, -0.0033492420334368944, 0.00327209266833961
v,-0.0014448562869802117, -0.0034663458354771137, 0.0032520920503884554
v,0.0017746499506756663, -0.0034635639749467373, 0.0032520920503884554
v,0.001770299975760281, 0.001571390894241631, -0.008295447565615177
v,-0.0014493040507659316, 0.0016818358562886715, -0.008284899406135082
v,0.0017702021868899465, 0.001684617600403726, -0.008284899406135082
v,0.001775669283233583, -0.0046428898349404335, -0.0050795008428394794
v,-0.0014438934158533812, -0.004580275155603886, -0.00523471599444747
v,0.001775612821802497, -0.004577493295073509, -0.00523471599444747
v,0.001773756230250001, -0.002428824082016945, -0.005275203846395016
v,-0.0014457522192969918, -0.002429009648039937, -0.005173457786440849
v,0.0017737540183588862, -0.0024262277875095606, -0.005173457786440849
v,0.0017712285043671727, 0.0004964072722941637, -0.0003173269215039909
v,-0.0014482325641438365, 0.00044129203888587654, -0.00040568510303273797
v,0.0017712736735120416, 0.00044407384120859206, -0.00040568498661741614
v,0.0017746499506756663, -0.0034635639749467373, 0.0032520920503884554
v,-0.0014447573339566588, -0.0035808300599455833, 0.0032297393772751093
v,0.0017747489036992192, -0.003578048199415207, 0.0032297393772751093
v,0.0017703998601064086, 0.0014558114344254136, -0.008304372429847717
v,-0.001449206261895597, 0.0015686091501265764, -0.008295447565615177
v,0.001770299975760281, 0.001571390894241631, -0.008295447565615177
v,0.0017691280227154493, 0.0029273522086441517, -0.000549297605175525
v,-0.0014503608690574765, 0.0029046109411865473, -0.00032974110217764974
v,0.0017691453685984015, 0.0029073928017169237, -0.0003297409857623279
v,0.0017747489036992192, -0.003578048199415207, 0.0032297393772751093
v,-0.001444658380933106, -0.003695476334542036, 0.00320503325201571
v,0.0017748478567227721, -0.0036926944740116596, 0.00320503325201571
v,0.001775612821802497, -0.004577493295073509, -0.00523471599444747
v,-0.0014439586084336042, -0.00450481753796339, -0.005386848468333483
v,0.0017755476292222738, -0.004502035677433014, -0.0053868480026721954
v,0.001772516407072544, -0.0009943228214979172, 0.0031331859063357115
v,-0.0014466753927990794, -0.0013610852183774114, 0.0032268993090838194
v,0.0017728308448567986, -0.001358303357847035, 0.0032268993090838194
v,0.0017713925335556269, 0.0003069524245802313, -0.008303399197757244
v,-0.0014483430422842503, 0.0005696102743968368, -0.008319342508912086
v,0.0017711631953716278, 0.0005723920185118914, -0.008319342508912086
v,0.0017737529706209898, -0.002424970269203186, -0.0054073757492005825
v,-0.0014457500074058771, -0.0024316059425473213, -0.005275203846395016
v,0.001773756230250001, -0.002428824082016945, -0.005275203846395016
v,0.0017712736735120416, 0.00044407384120859206, -0.00040568498661741614
v,-0.0014481812249869108, 0.00038198099355213344, -0.0004899865598417819
v,0.0017713250126689672, 0.00038476279587484896, -0.00048998644342646
v,0.001770501839928329, 0.0013378787552937865, -0.008311674930155277
v,-0.0014491063775494695, 0.001453029690310359, -0.008304372429847717
v,0.0017703998601064086, 0.0014558114344254136, -0.008304372429847717
v,0.001768516842275858, 0.0036350288428366184, -0.005562103819102049
v,-0.0014509609900414944, 0.0035993866622447968, -0.005304412916302681
v,0.0017685452476143837, 0.003602168522775173, -0.005304412916302681
v,0.0017713250126689672, 0.00038476279587484896, -0.00048998644342646
v,-0.001448123948648572, 0.0003156921302434057, -0.0005702309426851571
v,0.001771382289007306, 0.0003184739325661212, -0.0005702308262698352
v,0.0017748478567227721, -0.0036926944740116596, 0.00320503325201571
v,-0.0014445590786635876, -0.003810285357758403, 0.003177973674610257
v,0.0017749471589922905, -0.0038075034972280264, 0.003177973674610257
v,0.0017706056823953986, 0.0012175932060927153, -0.008317355066537857
v,-0.001449004397727549, 0.001335097011178732, -0.008311674930155277
v,0.001770501839928329, 0.0013378787552937865, -0.008311674930155277
v,0.0017691223183646798, 0.0029340055771172047, -0.0007769680232740939
v,-0.0014503782149404287, 0.0029245703481137753, -0.0005492977215908468
v,0.0017691280227154493, 0.0029273522086441517, -0.000549297605175525
v,0.0017749471589922905, -0.0038075034972280264, 0.003177973674610257
v,-0.0014444597763940692, -0.00392525689676404, 0.003148480551317334
v,0.0017750464612618089, -0.0039224750362336636, 0.003148480551317334
v,0.001770711736753583, 0.001094954670406878, -0.008321410976350307
v,-0.0014489005552604795, 0.0012148114619776607, -0.008317355066537857
v,0.0017706056823953986, 0.0012175932060927153, -0.008317355066537857
v,0.0017755476292222738, -0.004502035677433014, -0.0053868480026721954
v,-0.0014440325321629643, -0.004419299308210611, -0.005535896867513657
v,0.0017754737054929137, -0.004416517447680235, -0.005535896401852369
v,0.0017737429589033127, -0.002413408365100622, -0.005535166710615158
v,-0.0014457532670348883, -0.0024277521297335625, -0.00540737621486187
v,0.0017737529706209898, -0.002424970269203186, -0.0054073757492005825
v,0.001771382289007306, 0.0003184739325661212, -0.0005702308262698352
v,-0.0014480606187134981, 0.00024242546351160854, -0.0006464186008088291
v,0.00177144561894238, 0.00024520725128240883, -0.0006464184843935072
v,0.0017750464612618089, -0.0039224750362336636, 0.003148480551317334
v,-0.001444360357709229, -0.004040390718728304, 0.003116472391411662
v,0.001775145879946649, -0.0040376088581979275, 0.003116472391411662
v,0.0017722005723044276, -0.0006287195137701929, 0.003012697445228696
v,-0.001446989830583334, -0.0009971045656129718, 0.0031331859063357115
v,0.001772516407072544, -0.0009943228214979172, 0.0031331859063357115
v,0.0017711631953716278, 0.0005723920185118914, -0.008319342508912086
v,-0.001448576571419835, 0.0008398370118811727, -0.008324656635522842
v,0.001770929666236043, 0.0008426187559962273, -0.008324656635522842
v,0.0017737263115122914, -0.0023941383697092533, -0.005658575799316168
v,-0.0014457632787525654, -0.0024161902256309986, -0.005535166710615158
v,0.0017737429589033127, -0.002413408365100622, -0.005535166710615158
v,0.00177144561894238, 0.00024520725128240883, -0.0006464184843935072
v,-0.001447991351597011, 0.00016218102246057242, -0.000718549417797476
v,0.001771514886058867, 0.00016496279567945749, -0.0007185493013821542
v,0.0017708196537569165, 0.0009699632646515965, -0.008323845453560352
v,-0.0014487945009022951, 0.0010921729262918234, -0.008321410976350307
v,0.001770711736753583, 0.001094954670406878, -0.008321410976350307
v,0.001770929666236043, 0.0008426187559962273, -0.008324656635522842
v,-0.0014486865838989615, 0.0009671815205365419, -0.008323845453560352
v,0.0017708196537569165, 0.0009699632646515965, -0.008323845453560352
v,0.001771514886058867, 0.00016496279567945749, -0.0007185493013821542
v,-0.0014479152159765363, 7.41473413654603e-05, -0.0007892198045738041
v,0.0017715910216793418, 7.69291291362606e-05, -0.0007892196881584823
v,0.001775145879946649, -0.0040376088581979275, 0.003116472391411662
v,-0.0014442607061937451, -0.004155686125159264, 0.0030819482635706663
v,0.001775245531462133, -0.004152904264628887, 0.0030819482635706663
v,0.0017754737054929137, -0.004416517447680235, -0.005535896401852369
v,-0.0014441150706261396, -0.004323720466345549, -0.005681862123310566
v,0.0017753911670297384, -0.004320938605815172, -0.005681862123310566
v,0.0017691270913928747, 0.0029285692144185305, -0.0009686139528639615
v,-0.0014503839192911983, 0.0029312237165868282, -0.0007769681396894157
v,0.0017691223183646798, 0.0029340055771172047, -0.0007769680232740939
v,0.0017684847116470337, 0.0036722710356116295, -0.005821092985570431
v,-0.0014509893953800201, 0.003632246982306242, -0.005562103819102049
v,0.001768516842275858, 0.0036350288428366184, -0.005562103819102049
v,0.001775245531462133, -0.004152904264628887, 0.0030819482635706663
v,-0.0014441609382629395, -0.004271144047379494, 0.0030449095647782087
v,0.0017753452993929386, -0.004268362186849117, 0.0030449095647782087
v,0.001773703028447926, -0.0023671602830290794, -0.005777603480964899
v,-0.0014457799261435866, -0.0023969202302396297, -0.005658576264977455
v,0.0017737263115122914, -0.0023941383697092533, -0.005658575799316168
v,0.0017715910216793418, 7.69291291362606e-05, -0.0007892196881584823
v,-0.0014478283701464534, -2.6381478164694272e-05, -0.0008571316138841212
v,0.0017716778675094247, -2.3599694031872787e-05, -0.0008571314974687994
v,0.0017753452993929386, -0.004268362186849117, 0.0030449095647782087
v,-0.001444061053916812, -0.004386764019727707, 0.0030053548980504274
v,0.0017754451837390661, -0.0043839821591973305, 0.0030053548980504274
v,0.0017718832241371274, -0.00026149346376769245, 0.0028654339257627726
v,-0.0014473056653514504, -0.0006315012578852475, 0.003012697445228696
v,0.0017722005723044276, -0.0006287195137701929, 0.003012697445228696
v,0.0017716778675094247, -2.3599694031872787e-05, -0.0008571314974687994
v,-0.0014477306976914406, -0.0001394053251715377, -0.0009222846128977835
v,0.0017717755399644375, -0.00013662355195265263, -0.0009222844964824617
v,0.0017692638793960214, 0.002770433435216546, -0.005672450177371502
v,-0.0014501680852845311, 0.0026816464960575104, -0.005772208794951439
v,0.001769338152371347, 0.002684428356587887, -0.005772208329290152
v,0.0017717755399644375, -0.00013662355195265263, -0.0009222844964824617
v,-0.0014476223150268197, -0.00026492428150959313, -0.0009846790926530957
v,0.0017718839226290584, -0.0002621424791868776, -0.000984678859822452
v,0.0017754451837390661, -0.0043839821591973305, 0.0030053548980504274
v,-0.0014439609367400408, -0.004502546042203903, 0.0029632856603711843
v,0.0017755453009158373, -0.004499764181673527, 0.0029632856603711843
v,0.0017753911670297384, -0.004320938605815172, -0.005681862123310566
v,-0.001444206340238452, -0.00421807961538434, -0.005824744701385498
v,0.0017752998974174261, -0.004215297754853964, -0.005824744235724211
v,0.0017691411776468158, 0.002912260591983795, -0.0011540930718183517
v,-0.0014503791462630033, 0.002925787353888154, -0.0009686140692792833
v,0.0017691270913928747, 0.0029285692144185305, -0.0009686139528639615
v,0.0017755453009158373, -0.004499764181673527, 0.0029632856603711843
v,-0.0014438608195632696, -0.00461849058046937, 0.0029187004547566175
v,0.0017756454180926085, -0.0046157087199389935, 0.0029187004547566175
v,0.001769338152371347, 0.002684428356587887, -0.005772208329290152
v,-0.0014500897377729416, 0.002591097494587302, -0.005868964362889528
v,0.0017694164998829365, 0.0025938793551176786, -0.005868964362889528
v,0.0017736729932948947, -0.002332474337890744, -0.005892250221222639
v,-0.001445803209207952, -0.002369942143559456, -0.005777603946626186
v,0.001773703028447926, -0.0023671602830290794, -0.005777603480964899
v,0.0017718839226290584, -0.0002621424791868776, -0.000984678859822452
v,-0.001447502989321947, -0.0004029383126180619, -0.0010443148203194141
v,0.001772003248333931, -0.0004001565102953464, -0.0010443145874887705
v,0.0017756454180926085, -0.0046157087199389935, 0.0029187004547566175
v,-0.0014437604695558548, -0.004734597634524107, 0.0028716011438518763
v,0.0017757457681000233, -0.0047318157739937305, 0.0028716011438518763
v,0.0017684487393125892, 0.0037138941697776318, -0.006081380415707827
v,-0.0014510215260088444, 0.003669489175081253, -0.005821093451231718
v,0.0017684847116470337, 0.0036722710356116295, -0.005821092985570431
v,0.001772003248333931, -0.0004001565102953464, -0.0010443145874887705
v,-0.0014473729534074664, -0.0005534474039450288, -0.0011011918541043997
v,0.0017721332842484117, -0.0005506656598299742, -0.001101191621273756
v,0.0017757457681000233, -0.0047318157739937305, 0.0028716011438518763
v,-0.0014436600031331182, -0.004850866738706827, 0.002821985399350524
v,0.00177584623452276, -0.004848084878176451, 0.002821985399350524
v,0.0017715644789859653, 0.00010735532123362646, 0.0026913953479379416
v,-0.0014476230135187507, -0.00026427526609040797, 0.0028654339257627726
v,0.0017718832241371274, -0.00026149346376769245, 0.0028654339257627726
v,0.0017721332842484117, -0.0005506656598299742, -0.001101191621273756
v,-0.0014472320908680558, -0.0007164516136981547, -0.0011553101940080523
v,0.0017722741467878222, -0.0007136698113754392, -0.0011553099611774087
v,0.0017752998974174261, -0.004215297754853964, -0.005824744235724211
v,-0.0014443063409999013, -0.0041023786179721355, -0.005964543670415878
v,0.0017751998966559768, -0.004099596757441759, -0.005964543670415878
v,0.0017691646935418248, 0.0028850797098129988, -0.001333405845798552
v,-0.0014503650600090623, 0.0029094787314534187, -0.0011540933046489954
v,0.0017691411776468158, 0.002912260591983795, -0.0011540930718183517
v,0.00177584623452276, -0.004848084878176451, 0.002821985399350524
v,-0.0014435594202950597, -0.004967298358678818, 0.00276985508389771
v,0.0017759468173608184, -0.004964516498148441, 0.00276985508389771
v,0.0017694164998829365, 0.0025938793551176786, -0.005868964362889528
v,-0.0014500076649710536, 0.0024960050359368324, -0.005962718278169632
v,0.0017694985726848245, 0.002498786896467209, -0.005962718278169632
v,0.001773636438883841, -0.0022900800686329603, -0.006002515554428101
v,-0.0014458332443609834, -0.0023352561984211206, -0.005892250686883926
v,0.0017736729932948947, -0.002332474337890744, -0.005892250221222639
v,0.0017722741467878222, -0.0007136698113754392, -0.0011553099611774087
v,-0.0014470805181190372, -0.0008919509127736092, -0.001206669956445694
v,0.001772425719536841, -0.0008891691686585546, -0.0012066697236150503
v,0.0017759468173608184, -0.004964516498148441, 0.00276985508389771
v,-0.0014434586046263576, -0.005083892028778791, 0.002715208800509572
v,0.0017760476330295205, -0.005081110168248415, 0.002715208800509572
v,0.001772425719536841, -0.0008891691686585546, -0.0012066697236150503
v,-0.0014469181187450886, -0.0010799452429637313, -0.0012552710250020027
v,0.0017725881189107895, -0.0010771634988486767, -0.001255270792171359
v,0.0017760476330295205, -0.005081110168248415, 0.002715208800509572
v,-0.0014433577889576554, -0.0052006482146680355, 0.0026580479461699724
v,0.0017761484486982226, -0.005197866354137659, 0.0026580479461699724
v,0.0017694985726848245, 0.002498786896467209, -0.005962718278169632
v,-0.0014499215176329017, 0.0023963688872754574, -0.006053470075130463
v,0.0017695847200229764, 0.002399150747805834, -0.006053469609469175
v,0.001771244453266263, 0.00047782683395780623, 0.0024905812460929155
v,-0.0014479417586699128, 0.00010457353346282616, 0.0026913953479379416
v,0.0017715644789859653, 0.00010735532123362646, 0.0026913953479379416
v,0.0017725881189107895, -0.0010771634988486767, -0.001255270792171359
v,-0.0014467447763308883, -0.0012804347788915038, -0.0013011133996769786
v,0.0017727614613249898, -0.0012776530347764492, -0.001301113166846335
v,0.0017751998966559768, -0.004099596757441759, -0.005964543670415878
v,-0.0014444140251725912, -0.003977711778134108, -0.006102354731410742
v,0.0017750922124832869, -0.003974929917603731, -0.006102354731410742
v,0.0017735931323841214, -0.002239977940917015, -0.006108399480581284
v,-0.001445869798772037, -0.0022928619291633368, -0.006002516020089388
v,0.001773636438883841, -0.0022900800686329603, -0.006002515554428101
v,0.0017727614613249898, -0.0012776530347764492, -0.001301113166846335
v,-0.0014465608401224017, -0.001493419287726283, -0.0013441969640552998
v,0.0017729453975334764, -0.0014906375436112285, -0.001344196731224656
v,0.0017761484486982226, -0.005197866354137659, 0.0026580479461699724
v,-0.001443399116396904, -0.005152777768671513, 0.0024492822121828794
v,0.001776107121258974, -0.005149995908141136, 0.0024492822121828794
v,0.00176919752266258, 0.0028470263350754976, -0.0015065522165969014
v,-0.0014503415441140532, 0.0028822978492826223, -0.0013334060786291957
v,0.0017691646935418248, 0.0028850797098129988, -0.001333405845798552
v,0.001770922914147377, 0.0008499210234731436, 0.0022629916202276945
v,-0.001448261784389615, 0.0004750450316350907, 0.0024905812460929155
v,0.001771244453266263, 0.00047782683395780623, 0.0024905812460929155
v,0.0017695847200229764, 0.002399150747805834, -0.006053469609469175
v,-0.0014498315285891294, 0.002292189048603177, -0.00614121975377202
v,0.0017696747090667486, 0.0022949709091335535, -0.006141219288110733
v,0.0017684089252725244, 0.0037598987109959126, -0.0063429661095142365
v,-0.001451057498343289, 0.0037111123092472553, -0.006081380881369114
v,0.0017684487393125892, 0.0037138941697776318, -0.006081380415707827
v,0.0017729453975334764, -0.0014906375436112285, -0.001344196731224656
v,-0.0014463659608736634, -0.001718898885883391, -0.0013845220673829317
v,0.0017731402767822146, -0.0017161171417683363, -0.001384521834552288
v,0.001776107121258974, -0.005149995908141136, 0.0024492822121828794
v,-0.0014434390468522906, -0.0051065292209386826, 0.002235811436548829
v,0.0017760671908035874, -0.005103747360408306, 0.002235811436548829
v,0.001770600094459951, 0.0012236378388479352, 0.002008627401664853
v,-0.001448583323508501, 0.000847139279358089, 0.0022629916202276945
v,0.001770922914147377, 0.0008499210234731436, 0.0022629916202276945
v,0.0017731402767822146, -0.0017161171417683363, -0.001384521834552288
v,-0.0014458006480708718, -0.002373187569901347, -0.0014896758366376162
v,0.0017737055895850062, -0.0023704057093709707, -0.0014896756038069725
v,0.0017750922124832869, -0.003974929917603731, -0.006102354731410742
v,-0.001444528577849269, -0.0038451743312180042, -0.006239273585379124
v,0.0017749776598066092, -0.003842392470687628, -0.006239273119717836
v,0.0017735431902110577, -0.002182167721912265, -0.006209901534020901
v,-0.0014459131052717566, -0.0022427598014473915, -0.006108399480581284
v,0.0017735931323841214, -0.002239977940917015, -0.006108399480581284
v,0.0017737055895850062, -0.0023704057093709707, -0.0014896756038069725
v,-0.001445627654902637, -0.0025734335649758577, -0.0015279724029824138
v,0.001773878582753241, -0.0025706517044454813, -0.001527972286567092
v,0.0017692397814244032, 0.0027981011662632227, -0.001673532067798078
v,-0.001450308714993298, 0.002844244474545121, -0.001506552449427545
v,0.00176919752266258, 0.0028470263350754976, -0.0015065522165969014
v,0.0017727261874824762, -0.0012370841577649117, 0.002085544867441058
v,-0.0014469025190919638, -0.0010981602827087045, 0.002082259627059102
v,0.0017726037185639143, -0.0010953785385936499, 0.002082259627059102
v,0.0017696747090667486, 0.0022949709091335535, -0.006141219288110733
v,-0.0014497375814244151, 0.002183465287089348, -0.006225967314094305
v,0.001769768656231463, 0.0021862471476197243, -0.006225967314094305
v,0.0017728236271068454, -0.001349783269688487, 0.002083881525322795
v,-0.0014467800501734018, -0.001239866018295288, 0.002085544867441058
v,0.0017727261874824762, -0.0012370841577649117, 0.002085544867441058
v,0.0017734866123646498, -0.0021166496444493532, -0.006307022646069527
v,-0.0014459630474448204, -0.0021849495824426413, -0.006209901999682188
v,0.0017735431902110577, -0.002182167721912265, -0.006209901534020901
v,0.001773878582753241, -0.0025706517044454813, -0.001527972286567092
v,-0.0014454618794843554, -0.0027652413118630648, -0.0015727600548416376
v,0.0017740443581715226, -0.0027624594513326883, -0.001572759822010994
v,0.0017740443581715226, -0.0027624594513326883, -0.001572759822010994
v,-0.001445303438231349, -0.0029486108105629683, -0.001624038559384644
v,0.001774202799424529, -0.002945828950032592, -0.0016240384429693222
v,0.0017760671908035874, -0.005103747360408306, 0.002235811436548829
v,-0.0014434775803238153, -0.005061903968453407, 0.002017633756622672
v,0.0017760286573320627, -0.005059122107923031, 0.002017633756622672
v,0.001769768656231463, 0.0021862471476197243, -0.006225967314094305
v,-0.0014496396761387587, 0.0020701983012259007, -0.006307712756097317
v,0.0017698665615171194, 0.002072980161756277, -0.006307712756097317
v,0.0017729204846546054, -0.0014619957655668259, 0.0020788919646292925
v,-0.0014466826105490327, -0.0013525651302188635, 0.002083881525322795
v,0.0017728236271068454, -0.001349783269688487, 0.002083881525322795
v,0.001774202799424529, -0.002945828950032592, -0.0016240384429693222
v,-0.0014451523311436176, -0.003123542061075568, -0.0016818081494420767
v,0.0017743539065122604, -0.0031207602005451918, -0.001681807916611433
v,0.0017749776598066092, -0.003842392470687628, -0.006239273119717836
v,-0.0014446498826146126, -0.0037047672085464, -0.006375299766659737
v,0.0017748563550412655, -0.0037019853480160236, -0.006375299300998449
v,0.0017692914698272943, 0.0027383032720535994, -0.0018343456322327256
v,-0.0014502664562314749, 0.0027953193057328463, -0.0016735323006287217
v,0.0017692397814244032, 0.0027981011662632227, -0.001673532067798078
v,0.001773423282429576, -0.0020434237085282803, -0.006399761885404587
v,-0.0014460196252912283, -0.0021194315049797297, -0.006307022646069527
v,0.0017734866123646498, -0.0021166496444493532, -0.006307022646069527
v,0.0017726037185639143, -0.0010953785385936499, 0.002082259627059102
v,-0.00144702079705894, -0.0009612416615709662, 0.0020724015776067972
v,0.0017724854405969381, -0.0009584599174559116, 0.0020724015776067972
v,0.0017730171093717217, -0.0015737214125692844, 0.0020705757196992636
v,-0.0014465857530012727, -0.0014647775096818805, 0.0020788919646292925
v,0.0017729204846546054, -0.0014619957655668259, 0.0020788919646292925
v,0.0017743539065122604, -0.0031207602005451918, -0.001681807916611433
v,-0.0014450084418058395, -0.0032900352962315083, -0.001746068592183292
v,0.0017744977958500385, -0.003287253435701132, -0.0017460683593526483
v,0.0017698665615171194, 0.002072980161756277, -0.006307712756097317
v,-0.001449537929147482, 0.0019523871596902609, -0.006386456545442343
v,0.0017699683085083961, 0.0019551690202206373, -0.0063864560797810555
v,0.001768365502357483, 0.003810285124927759, -0.00660585006698966
v,-0.0014510973123833537, 0.003757116850465536, -0.006342966575175524
v,0.0017684089252725244, 0.0037598987109959126, -0.0063429661095142365
v,0.0017744977958500385, -0.003287253435701132, -0.0017460683593526483
v,-0.0014448718866333365, -0.0034480902832001448, -0.0018168200040236115
v,0.0017746343510225415, -0.0034453084226697683, -0.0018168198876082897
v,0.0017724854405969381, -0.0009584599174559116, 0.0020724015776067972
v,-0.0014471348840743303, -0.0008291101548820734, 0.0020559716504067183
v,0.0017723713535815477, -0.0008263284107670188, 0.0020559716504067183
v,0.001773113152012229, -0.0016849602106958628, 0.002058932324871421
v,-0.0014464891282841563, -0.001576503156684339, 0.0020705757196992636
v,0.0017730171093717217, -0.0015737214125692844, 0.0020705757196992636
v,0.0017746343510225415, -0.0034453084226697683, -0.0018168198876082897
v,-0.0014447425492107868, -0.003597706789150834, -0.0018940623849630356
v,0.0017747636884450912, -0.0035949249286204576, -0.0018940622685477138
v,0.0017748563550412655, -0.0037019853480160236, -0.006375299300998449
v,-0.0014447779394686222, -0.003556489245966077, -0.006510433275252581
v,0.0017747282981872559, -0.0035537073854357004, -0.006510432809591293
v,0.0017693525878712535, 0.0026676328852772713, -0.0019889927934855223
v,-0.0014502147678285837, 0.002735521411523223, -0.0018343457486480474
v,0.0017692914698272943, 0.0027383032720535994, -0.0018343456322327256
v,0.0017732088454067707, -0.0017957122763618827, 0.0020439631771296263
v,-0.001446393085643649, -0.0016877419548109174, 0.002058932324871421
v,0.001773113152012229, -0.0016849602106958628, 0.002058932324871421
v,0.0017699683085083961, 0.0019551690202206373, -0.0063864560797810555
v,-0.001449432224035263, 0.0018300327938050032, -0.0064621977508068085
v,0.001770074013620615, 0.0018328145379200578, -0.006462197285145521
v,0.001773353316821158, -0.0019624894484877586, -0.006488120183348656
v,-0.0014460829552263021, -0.0020462055690586567, -0.006399762351065874
v,0.001773423282429576, -0.0020434237085282803, -0.006399761885404587
v,0.0017747636884450912, -0.0035949249286204576, -0.0018940622685477138
v,-0.0014446205459535122, -0.00373888504691422, -0.001977795735001564
v,0.0017748856917023659, -0.0037361031863838434, -0.001977795735001564
v,0.0017723713535815477, -0.0008263284107670188, 0.0020559716504067183
v,-0.0014472450129687786, -0.000701765704434365, 0.0020329689141362906
v,0.0017722612246870995, -0.0006989839021116495, 0.0020329689141362906
v,0.001773304189555347, -0.0019059774931520224, 0.0020256664138287306
v,-0.0014462973922491074, -0.0017984940204769373, 0.0020439631771296263
v,0.0017732088454067707, -0.0017957122763618827, 0.0020439631771296263
v,0.0017748856917023659, -0.0037361031863838434, -0.001977795735001564
v,-0.0014445058768615127, -0.0038716252893209457, -0.0020680201705545187
v,0.0017750003607943654, -0.0038688434287905693, -0.0020680201705545187
v,0.001770074013620615, 0.0018328145379200578, -0.006462197285145521
v,-0.001449322560802102, 0.0017031345050781965, -0.0065349373035132885
v,0.001770183676853776, 0.0017059162491932511, -0.006534936837852001
v,0.0017694230191409588, 0.0025860900059342384, -0.002137473551556468
v,-0.0014501536497846246, 0.002664851024746895, -0.001988993026316166
v,0.0017693525878712535, 0.0026676328852772713, -0.0019889927934855223
v,0.0017732768319547176, -0.0018738474464043975, -0.006572097074240446
v,-0.0014461529208347201, -0.001965271309018135, -0.006488120649009943
v,0.001773353316821158, -0.0019624894484877586, -0.006488120183348656
v,0.0017722612246870995, -0.0006989839021116495, 0.0020329689141362906
v,-0.0014473508344963193, -0.000579208368435502, 0.002003394765779376
v,0.0017721554031595588, -0.0005764265661127865, 0.002003394765779376
v,0.001773399068042636, -0.00201575574465096, 0.0020040434319525957
v,-0.001446202048100531, -0.001908759237267077, 0.0020256664138287306
v,0.001773304189555347, -0.0019059774931520224, 0.0020256664138287306
v,0.0017750003607943654, -0.0038688434287905693, -0.0020680201705545187
v,-0.0014443985419347882, -0.003995927516371012, -0.0021647356916218996
v,0.0017751076957210898, -0.003993145655840635, -0.002164735458791256
v,0.0017747282981872559, -0.0035537073854357004, -0.006510432809591293
v,-0.0014449128648266196, -0.0034003411419689655, -0.006644674576818943
v,0.0017745933728292584, -0.003397559281438589, -0.006644674111157656
v,0.001769502880051732, 0.002493675099685788, -0.002279787790030241
v,-0.0014500832185149193, 0.002583308145403862, -0.0021374737843871117
v,0.0017694230191409588, 0.0025860900059342384, -0.002137473551556468
v,0.0017760286573320627, -0.005059122107923031, 0.002017633756622672
v,-0.0014435148332268, -0.005018901079893112, 0.0017947499873116612
v,0.001775991404429078, -0.005016119219362736, 0.001794750220142305
v,0.001770183676853776, 0.0017059162491932511, -0.006534936837852001
v,-0.001449208939447999, 0.0015716927591711283, -0.0066046747379004955
v,0.001770297298207879, 0.0015744745032861829, -0.006604674272239208
v,0.001770275761373341, 0.0015989773673936725, 0.0017274877754971385
v,-0.0014489061431959271, 0.0012208560947328806, 0.002008627401664853
v,0.001770600094459951, 0.0012236378388479352, 0.002008627401664853
v,0.0017731937114149332, -0.0017777405446395278, -0.006650475785136223
v,-0.0014462294057011604, -0.001876629190519452, -0.006572097539901733
v,0.0017732768319547176, -0.0018738474464043975, -0.006572097074240446
v,0.0017751076957210898, -0.003993145655840635, -0.002164735458791256
v,-0.001444298424758017, -0.004111791029572487, -0.0022679418325424194
v,0.001775207812897861, -0.0041090091690421104, -0.0022679418325424194
v,0.0017734934808686376, -0.0021250471472740173, 0.0019790937658399343
v,-0.0014461071696132421, -0.0020185376051813364, 0.0020040434319525957
v,0.001773399068042636, -0.00201575574465096, 0.0020040434319525957
v,0.001775207812897861, -0.0041090091690421104, -0.0022679418325424194
v,-0.001444298424758017, -0.004111791029572487, -0.0022679418325424194
v,-0.0014442055253311992, -0.0042192162945866585, -0.002377639291808009
v,0.001770297298207879, 0.0015744745032861829, -0.006604674272239208
v,-0.001449208939447999, 0.0015716927591711283, -0.0066046747379004955
v,-0.0014490914763882756, 0.0014357068575918674, -0.006671409588307142
v,0.0017695921706035733, 0.002390387700870633, -0.002415935741737485
v,-0.0014499140670523047, 0.0023876058403402567, -0.0024159359745681286
v,-0.001450003357604146, 0.0024908932391554117, -0.0022797880228608847
v,0.0017683181213214993, 0.0038650520145893097, -0.006870032288134098
v,-0.0014511881163343787, 0.0038622701540589333, -0.006870032753795385
v,-0.0014511407352983952, 0.0038075032643973827, -0.006605850532650948
v,0.0017721554031595588, -0.0005764265661127865, 0.002003394765779376
v,-0.0014473508344963193, -0.000579208368435502, 0.002003394765779376
v,-0.001447452581487596, -0.00046143808867782354, 0.0019672482740134
v,0.001773587428033352, -0.002233851933851838, 0.001950817066244781
v,-0.0014459188096225262, -0.0022366337943822145, 0.0019508168334141374
v,-0.0014460127567872405, -0.0021278290078043938, 0.0019790937658399343
v,0.001775300712324679, -0.004216434434056282, -0.0023776390589773655
v,-0.0014442055253311992, -0.0042192162945866585, -0.002377639291808009
v,-0.0014441217062994838, -0.004316255450248718, -0.002493015956133604
v,0.0017745933728292584, -0.003397559281438589, -0.006644674111157656
v,-0.0014449128648266196, -0.0034003411419689655, -0.006644674576818943
v,-0.0014450546586886048, -0.003236322896555066, -0.0067780232056975365
v,0.0017696907743811607, 0.0022762282751500607, -0.002545917173847556
v,-0.0014498154632747173, 0.0022734464146196842, -0.0025459174066781998
v,-0.0014499140670523047, 0.0023876058403402567, -0.0024159359745681286
v,0.001773104420863092, -0.0016744125168770552, -0.006722038611769676
v,-0.0014464018167927861, -0.0016771942609921098, -0.0067220390774309635
v,-0.0014463125262409449, -0.0017805222887545824, -0.00665047625079751
v,0.001772053656168282, -0.0004586563154589385, 0.0019672482740134
v,-0.001447452581487596, -0.00046143808867782354, 0.0019672482740134
v,-0.0014475502539426088, -0.0003484548651613295, 0.0019245293224230409
v,0.0017736810259521008, -0.002342169638723135, 0.001919214497320354
v,-0.0014458252117037773, -0.0023449514992535114, 0.0019192142644897103
v,-0.0014459188096225262, -0.0022366337943822145, 0.0019508168334141374
v,0.0017753845313563943, -0.004313473589718342, -0.0024930157233029604
v,-0.0014441217062994838, -0.004316255450248718, -0.002493015956133604
v,-0.0014440451050177217, -0.004404857289046049, -0.0026132608763873577
v,0.0017704147612676024, 0.001438488601706922, -0.006671409122645855
v,-0.0014490914763882756, 0.0014357068575918674, -0.006671409588307142
v,-0.0014489718014374375, 0.0012972871772944927, -0.006733925547450781
v,0.0017697988077998161, 0.002151195891201496, -0.002669732319191098
v,-0.001449707429856062, 0.0021484140306711197, -0.002669732552021742
v,-0.0014498154632747173, 0.0022734464146196842, -0.0025459174066781998
v,0.0017730089602991939, -0.0015638633631169796, -0.0067867860198020935
v,-0.0014464972773566842, -0.0015666451072320342, -0.006786786485463381
v,-0.0014464018167927861, -0.0016771942609921098, -0.0067220390774309635
v,0.0017719559837132692, -0.00034567309194244444, 0.0019245295552536845
v,-0.0014475502539426088, -0.0003484548651613295, 0.0019245293224230409
v,-0.0014476437354460359, -0.00024025871243793517, 0.0018752386095002294
v,0.0017737742746248841, -0.0024500007275491953, 0.0018842852441594005
v,-0.001445731963030994, -0.0024527825880795717, 0.0018842850113287568
v,-0.0014458252117037773, -0.0023449514992535114, 0.0019192142644897103
v,0.0017754611326381564, -0.004402075428515673, -0.002613260643556714
v,-0.0014440451050177217, -0.004404857289046049, -0.0026132608763873577
v,-0.0014439758379012346, -0.004485020413994789, -0.00273837405256927
v,0.0017705344362184405, 0.0013000689214095473, -0.0067339250817894936
v,-0.0014489718014374375, 0.0012972871772944927, -0.006733925547450781
v,-0.0014488520100712776, 0.0011585429310798645, -0.006791005376726389
v,0.001769878203049302, 0.0020592676009982824, -0.002748273080214858
v,-0.001449628034606576, 0.002056485740467906, -0.0027482733130455017
v,-0.001449707429856062, 0.0021484140306711197, -0.002669732552021742
v,0.0017738669412210584, -0.0025573449674993753, 0.0018460288411006331
v,-0.0014456392964348197, -0.0025601268280297518, 0.0018460286082699895
v,-0.001445731963030994, -0.0024527825880795717, 0.0018842850113287568
v,0.0017744515789672732, -0.0032335410360246897, -0.006778022740036249
v,-0.0014450546586886048, -0.003236322896555066, -0.0067780232056975365
v,-0.0014452030882239342, -0.0030644340440630913, -0.006910479161888361
v,0.0017729072133079171, -0.0014460929669439793, -0.006844718009233475
v,-0.001446599024347961, -0.0014488747110590339, -0.006844718474894762
v,-0.0014464972773566842, -0.0015666451072320342, -0.006786786485463381
v,0.0017755303997546434, -0.004482238553464413, -0.0027383738197386265
v,-0.0014439758379012346, -0.004485020413994789, -0.00273837405256927
v,-0.0014439139049500227, -0.004556745290756226, -0.0028683554846793413
v,0.0017718625022098422, -0.0002374769392190501, 0.001875238842330873
v,-0.0014476437354460359, -0.00024025871243793517, 0.0018752386095002294
v,-0.0014477330259978771, -0.00013684968871530145, 0.0018193760188296437
v,0.001769968424923718, 0.001954844454303384, -0.00282421731390059
v,-0.00144953781273216, 0.0019520625937730074, -0.0028242175467312336
v,-0.001449628034606576, 0.002056485740467906, -0.0027482733130455017
v,0.0017739598406478763, -0.002664851490408182, 0.0018035535467788577
v,-0.0014455463970080018, -0.0026676333509385586, 0.001803553313948214
v,-0.0014456392964348197, -0.0025601268280297518, 0.0018460286082699895
v,0.0017706542275846004, 0.0011613246751949191, -0.006791004911065102
v,-0.0014488520100712776, 0.0011585429310798645, -0.006791005376726389
v,-0.0014487317530438304, 0.0010194741189479828, -0.0068426490761339664
v,0.0017700694734230638, 0.0018379258690401912, -0.0028975652530789375
v,-0.0014494367642328143, 0.0018351441249251366, -0.0028975652530789375
v,-0.00144953781273216, 0.0019520625937730074, -0.0028242175467312336
v,0.001771773211658001, -0.0001340679154964164, 0.0018193762516602874
v,-0.0014477330259978771, -0.00013684968871530145, 0.0018193760188296437
v,-0.0014478182420134544, -3.822772850980982e-05, 0.0017569410847499967
v,0.0017707744846120477, 0.0010222558630630374, -0.006842648610472679
v,-0.0014487317530438304, 0.0010194741189479828, -0.0068426490761339664
v,-0.0014486113796010613, 0.0008800807408988476, -0.006888856645673513
v,0.0017740534385666251, -0.0027731696609407663, 0.0017559666885063052
v,-0.001445452799089253, -0.0027759515214711428, 0.0017559664556756616
v,-0.0014455463970080018, -0.0026676333509385586, 0.001803553313948214
v,0.0017727991798892617, -0.001321101444773376, -0.006895834114402533
v,-0.0014467070577666163, -0.0013238833053037524, -0.00689583458006382
v,-0.001446599024347961, -0.0014488747110590339, -0.006844718474894762
v,0.0017755923327058554, -0.004553963430225849, -0.0028683552518486977
v,-0.0014439139049500227, -0.004556745290756226, -0.0028683554846793413
v,-0.001443859189748764, -0.004620032384991646, -0.0030032051727175713
v,0.0017701813485473394, 0.0017085125437006354, -0.002968316664919257
v,-0.0014493248891085386, 0.0017057307995855808, -0.002968316664919257
v,-0.0014494367642328143, 0.0018351441249251366, -0.0028975652530789375
v,0.0017682670149952173, 0.003924201242625713, -0.00713551277294755
v,-0.0014512392226606607, 0.003921419382095337, -0.007135513238608837
v,-0.0014511881163343787, 0.0038622701540589333, -0.006870032753795385
v,0.001775991404429078, -0.005016119219362736, 0.001794750220142305
v,-0.0014435148332268, -0.005018901079893112, 0.0017947499873116612
v,-0.0014435505727306008, -0.0049775210209190845, 0.0015671612927690148
v,0.0017703039338812232, 0.0015666038962081075, -0.003036471549421549
v,-0.0014492023037746549, 0.0015638221520930529, -0.0030364717822521925
v,-0.0014493248891085386, 0.0017057307995855808, -0.002968316664919257
v,0.0017716879956424236, -3.544594073900953e-05, 0.0017569413175806403
v,-0.0014478182420134544, -3.822772850980982e-05, 0.0017569410847499967
v,-0.0014478993834927678, 5.5607153626624495e-05, 0.0016879338072612882
v,0.0017708948580548167, 0.0008828624850139022, -0.006888856180012226
v,-0.0014486113796010613, 0.0008800807408988476, -0.006888856645673513
v,-0.0014484906569123268, 0.0007403629133477807, -0.00692962808534503
v,0.001774147734977305, -0.002882298780605197, 0.0017032678006216884
v,-0.0014453585026785731, -0.0028850806411355734, 0.0017032675677910447
v,-0.001445452799089253, -0.0027759515214711428, 0.0017559664556756616
v,0.0017726849764585495, -0.0011888887966051698, -0.006940134800970554
v,-0.0014468212611973286, -0.0011916705407202244, -0.006940135266631842
v,-0.0014467070577666163, -0.0013238833053037524, -0.00689583458006382
v,0.001775647047907114, -0.004617250524461269, -0.0030032051727175713
v,-0.001443859189748764, -0.004620032384991646, -0.0030032051727175713
v,-0.0014438118087127805, -0.004674880765378475, -0.0031429233495146036
v,0.0017704373458400369, 0.001412200159393251, -0.0031020303722471
v,-0.0014490688918158412, 0.0014094184152781963, -0.0031020306050777435
v,-0.0014492023037746549, 0.0015638221520930529, -0.0030364717822521925
v,0.0017699500313028693, 0.0019759400747716427, 0.0014195729745551944
v,-0.0014495562063530087, 0.0019731582142412663, 0.0014195727417245507
v,-0.001449230476282537, 0.0015961956232786179, 0.0017274875426664948
v,0.001774303149431944, -0.003061652183532715, -0.006910478696227074
v,-0.0014452030882239342, -0.0030644340440630913, -0.006910479161888361
v,-0.0014453585026785731, -0.0028846750501543283, -0.007042042911052704
v,0.0017705815844237804, 0.0012453014496713877, -0.0031649924349039793
v,-0.0014489246532320976, 0.001242519705556333, -0.003164992667734623
v,-0.0014490688918158412, 0.0014094184152781963, -0.0031020306050777435
v,0.0017742427298799157, -0.0029922390822321177, 0.0016454578144475818
v,-0.0014452635077759624, -0.002995020942762494, 0.0016454575816169381
v,-0.0014453585026785731, -0.0028850806411355734, 0.0017032675677910447
v,0.0017710155807435513, 0.0007431446574628353, -0.0069296276196837425
v,-0.0014484906569123268, 0.0007403629133477807, -0.00692962808534503
v,-0.0014483695849776268, 0.0006003205198794603, -0.006964963395148516
v,0.0017725644866004586, -0.0010494549060240388, -0.00697762006893754
v,-0.0014469417510554194, -0.0010522367665544152, -0.006977620534598827
v,-0.0014468212611973286, -0.0011916705407202244, -0.006940135266631842
v,0.0017756944289430976, -0.004672098904848099, -0.00314292311668396
v,-0.0014438118087127805, -0.004674880765378475, -0.0031429233495146036
v,-0.0014437716454267502, -0.004721290897578001, -0.0032875093165785074
v,0.0017716068541631103, 5.838894139742479e-05, 0.0016879340400919318
v,-0.0014478993834927678, 5.5607153626624495e-05, 0.0016879338072612882
v,-0.0014479763340204954, 0.00014465504500549287, 0.0016123546520248055
v,0.001770736533217132, 0.001065907534211874, -0.003225358435884118
v,-0.001448769704438746, 0.0010631257900968194, -0.003225358435884118
v,-0.0014489246532320976, 0.001242519705556333, -0.003164992667734623
v,0.0017743384232744575, -0.0031029912643134594, 0.0015825362643226981
v,-0.0014451678143814206, -0.003105773124843836, 0.0015825360314920545
v,-0.0014452635077759624, -0.002995020942762494, 0.0016454575816169381
v,0.0017711366526782513, 0.0006031022639945149, -0.006964962929487228
v,-0.0014483695849776268, 0.0006003205198794603, -0.006964963395148516
v,-0.001448248396627605, 0.000459953531390056, -0.006994862109422684
v,0.0017709023086354136, 0.0008740185294300318, -0.003283127909526229
v,-0.0014486039290204644, 0.0008712367853149772, -0.0032831281423568726
v,-0.001448769704438746, 0.0010631257900968194, -0.003225358435884118
v,0.001772437826730311, -0.0009027998894453049, -0.00700828991830349
v,-0.0014470684109255672, -0.0009055816917680204, -0.007008290383964777
v,-0.0014469417510554194, -0.0010522367665544152, -0.006977620534598827
v,0.0017715299036353827, 0.00014743681822437793, 0.0016123548848554492
v,-0.0014479763340204954, 0.00014465504500549287, 0.0016123546520248055
v,-0.0014480480458587408, 0.00022769875067751855, 0.0015317444922402501
v,0.001771078910678625, 0.000669634435325861, -0.0033383010886609554
v,-0.001448427326977253, 0.0006668526912108064, -0.003338301321491599
v,-0.0014486039290204644, 0.0008712367853149772, -0.0032831281423568726
v,0.0017744348151609302, -0.003214554861187935, 0.00151450268458575
v,-0.001445071422494948, -0.0032173367217183113, 0.0015145024517551064
v,-0.0014451678143814206, -0.003105773124843836, 0.0015825360314920545
v,0.001771257841028273, 0.00046273533371277153, -0.006994861643761396
v,-0.001448248396627605, 0.000459953531390056, -0.006994862109422684
v,-0.0014481267426162958, 0.00031926200608722866, -0.007019324693828821
v,0.0017723047640174627, -0.0007489236886613071, -0.007032143883407116
v,-0.0014472014736384153, -0.0007517054327763617, -0.007032144349068403
v,-0.0014470684109255672, -0.0009055816917680204, -0.007008290383964777
v,0.0017757345922291279, -0.004718509037047625, -0.0032875090837478638
v,-0.0014437716454267502, -0.004721290897578001, -0.0032875093165785074
v,-0.0014437389327213168, -0.004759263247251511, -0.00343696353957057
v,0.0017759556649252772, -0.004974739160388708, 0.0015671615255996585
v,-0.0014435505727306008, -0.0049775210209190845, 0.0015671612927690148
v,-0.0014435849152505398, -0.004937763791531324, 0.0013348656939342618
v,0.0017712663393467665, 0.00045275528100319207, -0.003390877740457654
v,-0.0014482398983091116, 0.00044997347868047655, -0.0033908779732882977
v,-0.001448427326977253, 0.0006668526912108064, -0.003338301321491599
v,0.0017714581917971373, 0.0002304805238964036, 0.0015317447250708938
v,-0.0014480480458587408, 0.00022769875067751855, 0.0015317444922402501
v,-0.0014481135876849294, 0.00030352119938470423, 0.0014476460637524724
v,0.0017713794950395823, 0.0003220438084099442, -0.007019324228167534
v,-0.0014481267426162958, 0.00031926200608722866, -0.007019324693828821
v,-0.0014480049721896648, 0.00017824598762672395, -0.007038351148366928
v,0.0017714645946398377, 0.0002233809937024489, -0.0034408580977469683
v,-0.0014480416430160403, 0.00022059922048356384, -0.003440858330577612
v,-0.0014482398983091116, 0.00044997347868047655, -0.0033908779732882977
v,0.0017745319055393338, -0.0033269296400249004, 0.0014413580065593123
v,-0.0014449743321165442, -0.003329711500555277, 0.0014413577737286687
v,-0.001445071422494948, -0.0032173367217183113, 0.0015145024517551064
v,0.0017721656477078795, -0.0005878262454643846, -0.007049182895570993
v,-0.0014473405899479985, -0.0005906080477871001, -0.007049183361232281
v,-0.0014472014736384153, -0.0007517054327763617, -0.007032144349068403
v,0.0017757673049345613, -0.004756481386721134, -0.00343696353957057
v,-0.0014437389327213168, -0.004759263247251511, -0.00343696353957057
v,-0.0014437133213505149, -0.004788796883076429, -0.003591286251321435
v,0.0017713926499709487, 0.00030630300170741975, 0.001447646296583116
v,-0.0014481135876849294, 0.00030352119938470423, 0.0014476460637524724
v,-0.0014481728430837393, 0.0003721225366462022, 0.0013600586680695415
v,0.0017715012654662132, 0.000181027760845609, -0.007038350682705641
v,-0.0014480049721896648, 0.00017824598762672395, -0.007038351148366928
v,-0.0014478828525170684, 3.69053814210929e-05, -0.007051941938698292
v,0.0017723327036947012, -0.0007814190466888249, -0.0036511654034256935
v,-0.0014471735339611769, -0.0007842007908038795, -0.0036511654034256935
v,-0.0014480416430160403, 0.00022059922048356384, -0.003440858330577612
v,0.0017746296944096684, -0.0034401153679937124, 0.0013631012989208102
v,-0.0014448765432462096, -0.003442897228524089, 0.0013631010660901666
v,-0.0014449743321165442, -0.003329711500555277, 0.0014413577737286687
v,0.001774147734977305, -0.002881893189623952, -0.0070420424453914165
v,-0.0014453585026785731, -0.0028846750501543283, -0.007042042911052704
v,-0.0014455205528065562, -0.0026970459148287773, -0.007172713987529278
v,0.001769817783497274, 0.0021289645228534937, 0.0012811535270884633
v,-0.0014496884541586041, 0.0021261826623231173, 0.0012811532942578197
v,-0.0014495562063530087, 0.0019731582142412663, 0.0014195727417245507
v,0.0017720202449709177, -0.00041950761806219816, -0.0070594060234725475
v,-0.0014474859926849604, -0.0004222894203849137, -0.007059406489133835
v,-0.0014473405899479985, -0.0005906080477871001, -0.007049183361232281
v,0.0017757929163053632, -0.004786015022546053, -0.0035912860184907913
v,-0.0014437133213505149, -0.004788796883076429, -0.003591286251321435
v,-0.0014436951605603099, -0.004809892736375332, -0.003750476986169815
v,0.0017724591307342052, -0.0009277088684029877, -0.0036838636733591557
v,-0.0014470471069216728, -0.0009304906125180423, -0.0036838639061897993
v,-0.0014471735339611769, -0.0007842007908038795, -0.0036511654034256935
v,0.0017747282981872559, -0.0035541129764169455, 0.001279733027331531
v,-0.0014447779394686222, -0.003556894836947322, 0.0012797327945008874
v,-0.0014448765432462096, -0.003442897228524089, 0.0013631010660901666
v,0.0017716233851388097, 3.968716919189319e-05, -0.0070519414730370045
v,-0.0014478828525170684, 3.69053814210929e-05, -0.007051941938698292
v,-0.0014477603835985065, -0.00010475972521817312, -0.007060096133500338
v,0.0017725792713463306, -0.0010666963644325733, -0.0037196450866758823
v,-0.0014469269663095474, -0.0010694782249629498, -0.0037196450866758823
v,-0.0014470471069216728, -0.0009304906125180423, -0.0036838639061897993
v,0.0017718685558065772, -0.00024396782100666314, -0.007062813732773066
v,-0.0014476376818493009, -0.00024674960877746344, -0.007062814198434353
v,-0.0014474859926849604, -0.0004222894203849137, -0.007059406489133835
v,0.0017713333945721388, 0.00037490433896891773, 0.001360058900900185
v,-0.0014481728430837393, 0.0003721225366462022, 0.0013600586680695415
v,-0.0014482258120551705, 0.00043350268970243633, 0.0012689823051914573
v,0.0017726930091157556, -0.0011983816511929035, -0.0037585096433758736
v,-0.0014468132285401225, -0.00120116351172328, -0.0037585098762065172
v,-0.0014469269663095474, -0.0010694782249629498, -0.0037196450866758823
v,0.0017759213224053383, -0.004934981931000948, 0.0013348659267649055
v,-0.0014435849152505398, -0.004937763791531324, 0.0013348656939342618
v,-0.001443617744371295, -0.004899629391729832, 0.0010978643549606204
v,0.0017717458540573716, -0.00010197793744737282, -0.00706009566783905
v,-0.0014477603835985065, -0.00010475972521817312, -0.007060096133500338
v,-0.0014476376818493009, -0.00024674960877746344, -0.007062814198434353
v,0.0017696971772238612, 0.0022686824668198824, 0.0011346201645210385
v,-0.0014498090604320168, 0.002265900606289506, 0.0011346199316903949
v,-0.0014496884541586041, 0.0021261826623231173, 0.0012811532942578197
v,0.0017758110770955682, -0.0048071108758449554, -0.003750476986169815
v,-0.0014436951605603099, -0.004809892736375332, -0.003750476986169815
v,-0.0014436842175200582, -0.0048225498758256435, -0.003914535976946354
v,0.0017682121833786368, 0.003987731412053108, -0.007402291055768728
v,-0.0014512940542772412, 0.003984949551522732, -0.0074022915214300156
v,-0.0014512392226606607, 0.003921419382095337, -0.007135513238608837
v,0.0017728004604578018, -0.0013227646704763174, -0.003800457576289773
v,-0.0014467057771980762, -0.0013255465310066938, -0.003800457576289773
v,-0.0014468132285401225, -0.00120116351172328, -0.0037585098762065172
v,0.0017748274840414524, -0.0036689219996333122, 0.0011912531917914748
v,-0.0014446787536144257, -0.0036717038601636887, 0.0011912529589608312
v,-0.0014447779394686222, -0.003556894836947322, 0.0012797327945008874
v,0.0017729016253724694, -0.001439845422282815, -0.003845488652586937
v,-0.0014466046122834086, -0.0014426271663978696, -0.0038454888854175806
v,-0.0014467057771980762, -0.0013255465310066938, -0.003800457576289773
v,0.0017739856848493218, -0.002694264054298401, -0.0071727135218679905
v,-0.0014455205528065562, -0.0026970459148287773, -0.007172713987529278
v,-0.001445689471438527, -0.002501546638086438, -0.00730249285697937
v,0.0017712804256007075, 0.00043628449202515185, 0.001268982538022101
v,-0.0014482258120551705, 0.00043350268970243633, 0.0012689823051914573
v,-0.001448272611014545, 0.0004876616585534066, 0.0011744172079488635
v,0.0017729965038597584, -0.0015496237901970744, -0.0038936028722673655
v,-0.0014465097337961197, -0.001552405534312129, -0.003893603105098009
v,-0.0014466046122834086, -0.0014426271663978696, -0.0038454888854175806
v,0.00177492736838758, -0.003784542204812169, 0.0010976615594699979
v,-0.0014445788692682981, -0.0037873240653425455, 0.0010976613266393542
v,-0.0014446787536144257, -0.0036717038601636887, 0.0011912529589608312
v,0.001773816766217351, -0.0024987647775560617, -0.007302492391318083
v,-0.001445689471438527, -0.002501546638086438, -0.00730249285697937
v,-0.001445865142159164, -0.0022981769870966673, -0.007431378588080406
v,0.001768153510056436, 0.004055642988532782, -0.007670367602258921
v,-0.001451352727599442, 0.004052861128002405, -0.007670368067920208
v,-0.0014512940542772412, 0.003984949551522732, -0.0074022915214300156
v,0.0017730850959196687, -0.0016520997742190957, -0.0039448002353310585
v,-0.0014464211417362094, -0.0016548815183341503, -0.003944800700992346
v,-0.0014465097337961197, -0.001552405534312129, -0.003893603105098009
v,0.001771233626641333, 0.0004904434317722917, 0.0011744174407795072
v,-0.001448272611014545, 0.0004876616585534066, 0.0011744172079488635
v,-0.0014483132399618626, 0.0005345995305106044, 0.0010763631435111165
v,0.0017695878632366657, 0.0023950934410095215, 0.00097997288685292
v,-0.0014499183744192123, 0.002392311580479145, 0.0009799726540222764
v,-0.0014498090604320168, 0.002265900606289506, 0.0011346199316903949
v,0.0017736410954967141, -0.002295395126566291, -0.007431378122419119
v,-0.001445865142159164, -0.0022981769870966673, -0.007431378588080406
v,-0.0014460476813837886, -0.0020869362633675337, -0.007559373043477535
v,0.00177582202013582, -0.004819768015295267, -0.003914535976946354
v,-0.0014436842175200582, -0.0048225498758256435, -0.003914535976946354
v,-0.0014436804922297597, -0.004826769698411226, -0.004083463456481695
v,0.0017731672851368785, -0.0017472733743488789, -0.00399908097460866
v,-0.0014463389525189996, -0.0017500551184639335, -0.00399908097460866
v,-0.0014464211417362094, -0.0016548815183341503, -0.003944800700992346
v,0.0017734585562720895, -0.0020841544028371572, -0.007559372577816248
v,-0.0014460476813837886, -0.0020869362633675337, -0.007559373043477535
v,-0.001446235692128539, -0.0018693673191592097, -0.007681605871766806
v,0.001775888493284583, -0.004896847531199455, 0.001097864587791264
v,-0.001443617744371295, -0.004899629391729832, 0.0010978643549606204
v,-0.00144364929292351, -0.004863117355853319, 0.0008561575668863952
v,0.0017683280166238546, 0.0038536526262760162, -0.007738360203802586
v,-0.0014511782210320234, 0.00385087076574564, -0.007738360669463873
v,-0.001451352727599442, 0.004052861128002405, -0.007670368067920208
v,0.0017732431879267097, -0.0018351448234170675, -0.0040564448572695255
v,-0.0014462630497291684, -0.0018379265675321221, -0.004056445322930813
v,-0.0014463389525189996, -0.0017500551184639335, -0.00399908097460866
v,0.0017750279512256384, -0.003900973591953516, 0.0009989588288590312
v,-0.0014444782864302397, -0.0039037554524838924, 0.0009989585960283875
v,-0.0014445788692682981, -0.0037873240653425455, 0.0010976613266393542
v,0.0017733128042891622, -0.001915713888593018, -0.004116892348974943
v,-0.001446193433366716, -0.0019184956327080727, -0.004116892348974943
v,-0.0014462630497291684, -0.0018379265675321221, -0.004056445322930813
v,0.001773270545527339, -0.0018665855750441551, -0.007681605406105518
v,-0.001446235692128539, -0.0018693673191592097, -0.007681605871766806
v,-0.0014464277774095535, -0.0016470113769173622, -0.00779320951551199
v,0.0017711929976940155, 0.000537381274625659, 0.0010763633763417602
v,-0.0014483132399618626, 0.0005345995305106044, 0.0010763631435111165
v,-0.0014483474660664797, 0.0005743160145357251, 0.0009748201700858772
v,0.0017684949561953545, 0.0036605061031877995, -0.007802133914083242
v,-0.0014510112814605236, 0.003657724242657423, -0.00780213437974453
v,-0.0014511782210320234, 0.00385087076574564, -0.007738360669463873
v,0.0017751390114426613, -0.00402949471026659, -0.00015773058112245053
v,-0.0014443672262132168, -0.0040322765707969666, -0.00015773072664160281
v,-0.0014444782864302397, -0.0039037554524838924, 0.0009989585960283875
v,0.0017758257454261184, -0.00482398783788085, -0.004083463456481695
v,-0.0014436804922297597, -0.004826769698411226, -0.004083463456481695
v,-0.0014436849160119891, -0.0048217386938631535, -0.00425717793405056
v,0.001773376134224236, -0.0019889804534614086, -0.004180422518402338
v,-0.001446130103431642, -0.001991762313991785, -0.004180422518402338
v,-0.001446193433366716, -0.0019184956327080727, -0.004116892348974943
v,0.001769490190781653, 0.0025081986095756292, 0.0008172118687070906
v,-0.0014500160468742251, 0.002505416749045253, 0.0008172117522917688
v,-0.0014499183744192123, 0.002392311580479145, 0.0009799726540222764
v,0.0017730784602463245, -0.0016442296328023076, -0.007793209049850702
v,-0.0014464277774095535, -0.0016470113769173622, -0.00779320951551199
v,-0.0014466240536421537, -0.0014198684366419911, -0.007894184440374374
v,0.0017686542123556137, 0.0034762034192681313, -0.007861688733100891
v,-0.0014508520253002644, 0.003473421558737755, -0.007861688733100891
v,-0.0014510112814605236, 0.003657724242657423, -0.00780213437974453
v,0.0017734331777319312, -0.0020549448672682047, -0.00424703536555171
v,-0.0014460730599239469, -0.002057726727798581, -0.0042470358312129974
v,-0.001446130103431642, -0.001991762313991785, -0.004180422518402338
v,0.0017711587715893984, 0.0005770977586507797, 0.000974820286501199
v,-0.0014483474660664797, 0.0005743160145357251, 0.0009748201700858772
v,-0.0014483756385743618, 0.0006068113725632429, 0.0008697881712578237
v,0.0017688057851046324, 0.0033007445745170116, -0.007917024195194244
v,-0.0014507004525512457, 0.003297962713986635, -0.007917024195194244
v,-0.0014508520253002644, 0.003473421558737755, -0.007861688733100891
v,0.0017734847497195005, -0.002114661503583193, -0.004316651728004217
v,-0.0014460214879363775, -0.0021174433641135693, -0.004316651728004217
v,-0.0014460730599239469, -0.002057726727798581, -0.0042470358312129974
v,0.0017711305990815163, 0.0006095931166782975, 0.0008697882876731455
v,-0.0014483756385743618, 0.0006068113725632429, 0.0008697881712578237
v,-0.0014483974082395434, 0.0006320856045931578, 0.0007612674380652606
v,0.0017728821840137243, -0.0014170865761116147, -0.007894184440374374
v,-0.0014466240536421537, -0.0014198684366419911, -0.007894184440374374
v,-0.001446824404411018, -0.0011879382655024529, -0.007984530180692673
v,0.001775821321643889, -0.004818956833332777, -0.004257177468389273
v,-0.0014436849160119891, -0.0048217386938631535, -0.00425717793405056
v,-0.0014436979545280337, -0.004806647542864084, -0.004427808802574873
v,0.001775856944732368, -0.004860335495322943, 0.000856157683301717
v,-0.00144364929292351, -0.004863117355853319, 0.0008561575668863952
v,-0.0014436794444918633, -0.004828228615224361, 0.0006097442819736898
v,0.0017689497908577323, 0.003134130034595728, -0.00796814076602459
v,-0.0014505564467981458, 0.0031313481740653515, -0.00796814076602459
v,-0.0014507004525512457, 0.003297962713986635, -0.007917024195194244
v,0.0017735318979248405, -0.0021691855508834124, -0.004389187786728144
v,-0.0014459743397310376, -0.002171967411413789, -0.004389188252389431
v,-0.0014460214879363775, -0.0021174433641135693, -0.004316651728004217
v,0.0017694039270281792, 0.002607997041195631, 0.000646337226498872
v,-0.001450102310627699, 0.0026052151806652546, 0.0006463371100835502
v,-0.0014500160468742251, 0.002505416749045253, 0.0008172117522917688
v,0.0017690861131995916, 0.002976359101012349, -0.008015037514269352
v,-0.0014504201244562864, 0.0029735772404819727, -0.008015037514269352
v,-0.0014505564467981458, 0.0031313481740653515, -0.00796814076602459
v,0.0017735745059326291, -0.0022185170091688633, -0.004464645404368639
v,-0.001445931731723249, -0.0022212988696992397, -0.004464645404368639
v,-0.0014459743397310376, -0.002171967411413789, -0.004389188252389431
v,0.0017711088294163346, 0.0006348673487082124, 0.0007612675544805825
v,-0.0014483974082395434, 0.0006320856045931578, 0.0007612674380652606
v,-0.0014484130078926682, 0.000650138477794826, 0.000649257970508188
v,0.0017726818332448602, -0.0011851565213873982, -0.007984530180692673
v,-0.001446824404411018, -0.0011879382655024529, -0.007984530180692673
v,-0.0014470289461314678, -0.0009512211545370519, -0.00806424766778946
v,0.0017758082831278443, -0.004803865682333708, -0.004427808802574873
v,-0.0014436979545280337, -0.004806647542864084, -0.004427808802574873
v,-0.0014437196077778935, -0.004781494848430157, -0.004595356993377209
v,0.0017710932297632098, 0.0006529202219098806, 0.0006492580869235098
v,-0.0014484130078926682, 0.000650138477794826, 0.000649257970508188
v,-0.0014484223211184144, 0.0006609703414142132, 0.0005337595357559621
v,0.0017692147521302104, 0.002827432006597519, -0.008057715371251106
v,-0.0014502914855256677, 0.0028246501460671425, -0.008057715371251106
v,-0.0014504201244562864, 0.0029735772404819727, -0.008015037514269352
v,0.0017736126901581883, -0.0022626554127782583, -0.004543023649603128
v,-0.0014458935474976897, -0.0022654372733086348, -0.004543023649603128
v,-0.001445931731723249, -0.0022212988696992397, -0.004464645404368639
v,0.0017693291883915663, 0.002694489201530814, 0.00046734913485124707
v,-0.0014501770492643118, 0.0026917073410004377, 0.00046734901843592525
v,-0.001450102310627699, 0.0026052151806652546, 0.0006463371100835502
v,0.0017693358240649104, 0.002687348984181881, -0.008096174336969852
v,-0.0014501704135909677, 0.0026845671236515045, -0.008096174336969852
v,-0.0014502914855256677, 0.0028246501460671425, -0.008057715371251106
v,0.0017685906495898962, 0.003549591638147831, -0.0047929249703884125
v,-0.0014509155880659819, 0.0035468097776174545, -0.0047929254360497
v,-0.0014508985914289951, 0.003527093678712845, -0.0045391288585960865
v,0.0017758267931640148, -0.004825446754693985, 0.0006097443983890116
v,-0.0014436794444918633, -0.004828228615224361, 0.0006097442819736898
v,-0.0014437081990763545, -0.004794962238520384, 0.000358625256922096
v,0.001768607646226883, 0.0035298755392432213, -0.0045391288585960865
v,-0.0014508985914289951, 0.003527093678712845, -0.0045391288585960865
v,-0.0014502727426588535, 0.002802702598273754, -0.0045391288585960865
v,0.0017724772915244102, -0.0009484393522143364, -0.00806424766778946
v,-0.0014470289461314678, -0.0009512211545370519, -0.00806424766778946
v,-0.0014472376788035035, -0.0007097169291228056, -0.008133335039019585
v,0.0017710839165374637, 0.0006637520855292678, 0.000533759652171284
v,-0.0014484223211184144, 0.0006609703414142132, 0.0005337595357559621
v,-0.0014484254643321037, 0.0006645810790359974, 0.000414772133808583
v,0.0017694492125883698, 0.002556110266596079, -0.00813041441142559
v,-0.0014500570250675082, 0.0025533284060657024, -0.00813041441142559
v,-0.0014501704135909677, 0.0026845671236515045, -0.008096174336969852
v,0.0017692334949970245, 0.0028054844588041306, -0.0045391288585960865
v,-0.0014502727426588535, 0.002802702598273754, -0.0045391288585960865
v,-0.0014502423582598567, 0.0027676515746861696, -0.005672450643032789
v,0.0017692659748718143, 0.002767674857750535, 0.0002802471281029284
v,-0.0014502402627840638, 0.0027648929972201586, 0.0002802470116876066
v,-0.0014501770492643118, 0.0026917073410004377, 0.00046734901843592525
v,0.0017736463341861963, -0.0023016012273728848, -0.004624322522431612
v,-0.0014458599034696817, -0.002304383087903261, -0.004624322988092899
v,-0.0014458935474976897, -0.0022654372733086348, -0.004543023649603128
v,0.0017695549177005887, 0.0024337153881788254, -0.008160434663295746
v,-0.0014499513199552894, 0.002430933527648449, -0.008160434663295746
v,-0.0014500570250675082, 0.0025533284060657024, -0.00813041441142559
v,0.0017710807733237743, 0.000667362823151052, 0.00041477225022390485
v,-0.0014484254643321037, 0.0006645810790359974, 0.000414772133808583
v,-0.0014484224375337362, 0.0006610921118408442, 0.0002980157150886953
v,0.0017734556458890438, -0.0020813962910324335, 0.0033340000081807375
v,-0.0014460505917668343, -0.00208417815156281, 0.0033340000081807375
v,-0.0014457402285188437, -0.0024432900827378035, 0.0033473882358521223
v,0.0017757866298779845, -0.00477871298789978, -0.004595356527715921
v,-0.0014437196077778935, -0.004781494848430157, -0.004595356993377209
v,-0.0014437499921768904, -0.0047462815418839455, -0.004759821575134993
v,0.0017722685588523746, -0.000706935185007751, -0.008133335039019585
v,-0.0014472376788035035, -0.0007097169291228056, -0.008133335039019585
v,-0.0014474504860118032, -0.00046342567657120526, -0.008191795088350773
v,0.001773675438016653, -0.0023353544529527426, -0.004708542488515377
v,-0.001445830799639225, -0.002338136313483119, -0.004708542954176664
v,-0.0014458599034696817, -0.002304383087903261, -0.004624322988092899
v,0.0017757980385795236, -0.004792180377990007, 0.00035862537333741784
v,-0.0014437081990763545, -0.004794962238520384, 0.000358625256922096
v,-0.0014437355566769838, -0.004763318691402674, 0.00010280024434905499
v,0.0017737660091370344, -0.002440508222207427, 0.0033473882358521223
v,-0.0014457402285188437, -0.0024432900827378035, 0.0033473882358521223
v,-0.0014456426724791527, -0.0025563137605786324, 0.0033462115097790956
v,0.0017696530558168888, 0.002320163883268833, -0.008186236955225468
v,-0.0014498531818389893, 0.0023173820227384567, -0.008186236955225468
v,-0.0014499513199552894, 0.002430933527648449, -0.008160434663295746
v,0.0017737001180648804, -0.0023639146238565445, -0.0047956835478544235
v,-0.0014458061195909977, -0.002366696484386921, -0.004795684013515711
v,-0.001445830799639225, -0.002338136313483119, -0.004708542954176664
v,0.0017710838001221418, 0.0006638738559558988, 0.0002980158315040171
v,-0.0014484224375337362, 0.0006610921118408442, 0.0002980157150886953
v,-0.0014484133571386337, 0.0006506255595013499, 0.00018531658861320466
v,0.0017738635651767254, -0.002553531900048256, 0.0033462115097790956
v,-0.0014456426724791527, -0.0025563137605786324, 0.0033462115097790956
v,-0.0014455447671934962, -0.002669499721378088, 0.003342681797221303
v,0.0017697435105219483, 0.0022154562175273895, -0.008207819424569607
v,-0.0014497627271339297, 0.002212674356997013, -0.008207819424569607
v,-0.0014498531818389893, 0.0023173820227384567, -0.008186236955225468
v,0.001769214286468923, 0.00282755377702415, 8.503145363647491e-05
v,-0.001450291951186955, 0.0028247719164937735, 8.503130811732262e-05
v,-0.0014502402627840638, 0.0027648929972201586, 0.0002802470116876066
v,0.0017739614704623818, -0.0026667178608477116, 0.003342681797221303
v,-0.0014455447671934962, -0.002669499721378088, 0.003342681797221303
v,-0.0014454468619078398, -0.0027828479651361704, 0.0033367995638400316
v,0.0017757562454789877, -0.004743499681353569, -0.004759821109473705
v,-0.0014437499921768904, -0.0047462815418839455, -0.004759821575134993
v,-0.0014437891077250242, -0.004701007157564163, -0.004921202547848225
v,0.001772055751644075, -0.0004606439033523202, -0.008191795088350773
v,-0.0014474504860118032, -0.00046342567657120526, -0.008191795088350773
v,-0.0014476673677563667, -0.00021234732412267476, -0.0082396250218153
v,0.0017685698112472892, 0.0035736896097660065, -0.00504801981151104
v,-0.0014509364264085889, 0.00357090774923563, -0.00504801981151104
v,-0.0014509155880659819, 0.0035468097776174545, -0.0047929254360497
v,0.0017710928805172443, 0.0006534073036164045, 0.00018531673413235694
v,-0.0014484133571386337, 0.0006506255595013499, 0.00018531658861320466
v,-0.001448398339562118, 0.0006331810727715492, 7.667408499401063e-05
v,0.0017740593757480383, -0.002780066104605794, 0.0033367995638400316
v,-0.0014454468619078398, -0.0027828479651361704, 0.0033367995638400316
v,-0.0014453488402068615, -0.002896358724683523, 0.0033285643439739943
v,0.001769831171259284, 0.002113994676619768, -0.008226480334997177
v,-0.001449675066396594, 0.0021112128160893917, -0.008226480334997177
v,-0.0014497627271339297, 0.002212674356997013, -0.008207819424569607
v,0.0017757447203621268, -0.004730517510324717, -0.00015773058112245053
v,-0.0014437615172937512, -0.004733299370855093, -0.00015773072664160281
v,-0.0014443672262132168, -0.0040322765707969666, -0.00015773072664160281
v,0.001773144002072513, -0.001720661181025207, 0.0032938371878117323
v,-0.001446362235583365, -0.0017234429251402617, 0.0032938371878117323
v,-0.0014460505917668343, -0.00208417815156281, 0.0033340000081807375
v,0.0017737203743308783, -0.002387281972914934, -0.004885746166110039
v,-0.0014457858633249998, -0.0023900638334453106, -0.004885746166110039
v,-0.0014458061195909977, -0.002366696484386921, -0.004795684013515711
v,0.0017757706809788942, -0.004760536830872297, 0.00010280038986820728
v,-0.0014437355566769838, -0.004763318691402674, 0.00010280024434905499
v,-0.0014437615172937512, -0.004733299370855093, -0.00015773072664160281
v,0.0017699209274724126, 0.002010179916396737, -0.008243518881499767
v,-0.0014495853101834655, 0.0020073980558663607, -0.008243518881499767
v,-0.001449675066396594, 0.0021112128160893917, -0.008226480334997177
v,0.001769174006767571, 0.002874126425012946, -0.00011829791765194386
v,-0.001450332230888307, 0.0028713445644825697, -0.00011829806317109615
v,-0.001450291951186955, 0.0028247719164937735, 8.503130811732262e-05
v,0.001773736090399325, -0.0024054567329585552, -0.004978728946298361
v,-0.0014457701472565532, -0.0024082385934889317, -0.004978728946298361
v,-0.0014457858633249998, -0.0023900638334453106, -0.004885746166110039
v,0.0017741573974490166, -0.0028935768641531467, 0.0033285643439739943
v,-0.0014453488402068615, -0.002896358724683523, 0.0033285643439739943
v,-0.0014452505856752396, -0.0030100313015282154, 0.003317976137623191
v,0.0017718388698995113, -0.0002095655509037897, -0.0082396250218153
v,-0.0014476673677563667, -0.00021234732412267476, -0.0082396250218153
v,-0.001447888440452516, 4.3518120946828276e-05, -0.008276826702058315
v,0.00177110789809376, 0.0006359628168866038, 7.667423051316291e-05
v,-0.001448398339562118, 0.0006331810727715492, 7.667408499401063e-05
v,-0.0014483772683888674, 0.0006087587680667639, -2.7911575671168976e-05
v,0.0017742556519806385, -0.003007249440997839, 0.003317976137623191
v,-0.0014452505856752396, -0.0030100313015282154, 0.003317976137623191
v,-0.0014451522147282958, -0.003123866394162178, 0.003305034013465047
v,0.0017700126627460122, 0.0019040118204429746, -0.008258935064077377
v,-0.0014494935749098659, 0.00190123007632792, -0.008258935064077377
v,-0.0014495853101834655, 0.0020073980558663607, -0.008243518881499767
v,0.0017757171299308538, -0.004698225297033787, -0.004921202547848225
v,-0.0014437891077250242, -0.004701007157564163, -0.004921202547848225
v,-0.001443836954422295, -0.00464567169547081, -0.0050795008428394794
v,0.0017737472662702203, -0.0024184384383261204, -0.005074632819741964
v,-0.0014457589713856578, -0.002421220298856497, -0.005074633285403252
v,-0.0014457701472565532, -0.0024082385934889317, -0.004978728946298361
v,0.0017711289692670107, 0.0006115405121818185, -2.79114337899955e-05
v,-0.0014483772683888674, 0.0006087587680667639, -2.7911575671168976e-05
v,-0.0014483501436188817, 0.0005773588782176375, -0.0001284401660086587
v,0.0017743540229275823, -0.0031210845336318016, 0.003305034013465047
v,-0.0014451522147282958, -0.003123866394162178, 0.003305034013465047
v,-0.0014450537273660302, -0.003237864002585411, 0.0032897398341447115
v,0.001770106377080083, 0.0017954910872504115, -0.008272728882730007
v,-0.0014493998605757952, 0.001792709343135357, -0.008272728882730007
v,-0.0014494935749098659, 0.00190123007632792, -0.008258935064077377
v,0.0017691453685984015, 0.0029073928017169237, -0.0003297409857623279
v,-0.0014503608690574765, 0.0029046109411865473, -0.00032974110217764974
v,-0.001450332230888307, 0.0028713445644825697, -0.00011829806317109615
v,0.0017728308448567986, -0.001358303357847035, 0.0032268993090838194
v,-0.0014466753927990794, -0.0013610852183774114, 0.0032268993090838194
v,-0.001446362235583365, -0.0017234429251402617, 0.0032938371878117323
v,0.0017685452476143837, 0.003602168522775173, -0.005304412916302681
v,-0.0014509609900414944, 0.0035993866622447968, -0.005304412916302681
v,-0.0014509364264085889, 0.00357090774923563, -0.00504801981151104
v,0.0017702021868899465, 0.001684617600403726, -0.008284899406135082
v,-0.0014493040507659316, 0.0016818358562886715, -0.008284899406135082
v,-0.0014493998605757952, 0.001792709343135357, -0.008272728882730007
v,0.0017737540183588862, -0.0024262277875095606, -0.005173457786440849
v,-0.0014457522192969918, -0.002429009648039937, -0.005173457786440849
v,-0.0014457589713856578, -0.002421220298856497, -0.005074633285403252
v,0.0017711560940369964, 0.0005801406223326921, -0.00012844002048950642
v,-0.0014483501436188817, 0.0005773588782176375, -0.0001284401660086587
v,-0.001448316965252161, 0.0005389809375628829, -0.000224911913392134
v,0.0017744525102898479, -0.0032350821420550346, 0.0032897398341447115
v,-0.0014450537273660302, -0.003237864002585411, 0.0032897398341447115
v,-0.0014449551235884428, -0.003352023893967271, 0.00327209266833961
v,0.001771617797203362, 4.629990871762857e-05, -0.008276826702058315
v,-0.001447888440452516, 4.3518120946828276e-05, -0.008276826702058315
v,-0.0014481137041002512, 0.0003041706222575158, -0.008303399197757244
v,0.001771189272403717, 0.0005417626816779375, -0.00022491176787298173
v,-0.001448316965252161, 0.0005389809375628829, -0.000224911913392134
v,-0.0014482777332887053, 0.0004936255281791091, -0.0003173270379193127
v,0.0017745511140674353, -0.0033492420334368944, 0.00327209266833961
v,-0.0014449551235884428, -0.003352023893967271, 0.00327209266833961
v,-0.0014448562869802117, -0.0034663458354771137, 0.0032520920503884554
v,0.001770299975760281, 0.001571390894241631, -0.008295447565615177
v,-0.001449206261895597, 0.0015686091501265764, -0.008295447565615177
v,-0.0014493040507659316, 0.0016818358562886715, -0.008284899406135082
v,0.001775669283233583, -0.0046428898349404335, -0.0050795008428394794
v,-0.001443836954422295, -0.00464567169547081, -0.0050795008428394794
v,-0.0014438934158533812, -0.004580275155603886, -0.00523471599444747
v,0.001773756230250001, -0.002428824082016945, -0.005275203846395016
v,-0.0014457500074058771, -0.0024316059425473213, -0.005275203846395016
v,-0.0014457522192969918, -0.002429009648039937, -0.005173457786440849
v,0.0017712285043671727, 0.0004964072722941637, -0.0003173269215039909
v,-0.0014482777332887053, 0.0004936255281791091, -0.0003173270379193127
v,-0.0014482325641438365, 0.00044129203888587654, -0.00040568510303273797
v,0.0017746499506756663, -0.0034635639749467373, 0.0032520920503884554
v,-0.0014448562869802117, -0.0034663458354771137, 0.0032520920503884554
v,-0.0014447573339566588, -0.0035808300599455833, 0.0032297393772751093
v,0.0017703998601064086, 0.0014558114344254136, -0.008304372429847717
v,-0.0014491063775494695, 0.001453029690310359, -0.008304372429847717
v,-0.001449206261895597, 0.0015686091501265764, -0.008295447565615177
v,0.0017691280227154493, 0.0029273522086441517, -0.000549297605175525
v,-0.0014503782149404287, 0.0029245703481137753, -0.0005492977215908468
v,-0.0014503608690574765, 0.0029046109411865473, -0.00032974110217764974
v,0.0017747489036992192, -0.003578048199415207, 0.0032297393772751093
v,-0.0014447573339566588, -0.0035808300599455833, 0.0032297393772751093
v,-0.001444658380933106, -0.003695476334542036, 0.00320503325201571
v,0.001775612821802497, -0.004577493295073509, -0.00523471599444747
v,-0.0014438934158533812, -0.004580275155603886, -0.00523471599444747
v,-0.0014439586084336042, -0.00450481753796339, -0.005386848468333483
v,0.001772516407072544, -0.0009943228214979172, 0.0031331859063357115
v,-0.001446989830583334, -0.0009971045656129718, 0.0031331859063357115
v,-0.0014466753927990794, -0.0013610852183774114, 0.0032268993090838194
v,0.0017713925335556269, 0.0003069524245802313, -0.008303399197757244
v,-0.0014481137041002512, 0.0003041706222575158, -0.008303399197757244
v,-0.0014483430422842503, 0.0005696102743968368, -0.008319342508912086
v,0.0017737529706209898, -0.002424970269203186, -0.0054073757492005825
v,-0.0014457532670348883, -0.0024277521297335625, -0.00540737621486187
v,-0.0014457500074058771, -0.0024316059425473213, -0.005275203846395016
v,0.0017712736735120416, 0.00044407384120859206, -0.00040568498661741614
v,-0.0014482325641438365, 0.00044129203888587654, -0.00040568510303273797
v,-0.0014481812249869108, 0.00038198099355213344, -0.0004899865598417819
v,0.001770501839928329, 0.0013378787552937865, -0.008311674930155277
v,-0.001449004397727549, 0.001335097011178732, -0.008311674930155277
v,-0.0014491063775494695, 0.001453029690310359, -0.008304372429847717
v,0.001768516842275858, 0.0036350288428366184, -0.005562103819102049
v,-0.0014509893953800201, 0.003632246982306242, -0.005562103819102049
v,-0.0014509609900414944, 0.0035993866622447968, -0.005304412916302681
v,0.0017713250126689672, 0.00038476279587484896, -0.00048998644342646
v,-0.0014481812249869108, 0.00038198099355213344, -0.0004899865598417819
v,-0.001448123948648572, 0.0003156921302434057, -0.0005702309426851571
v,0.0017748478567227721, -0.0036926944740116596, 0.00320503325201571
v,-0.001444658380933106, -0.003695476334542036, 0.00320503325201571
v,-0.0014445590786635876, -0.003810285357758403, 0.003177973674610257
v,0.0017706056823953986, 0.0012175932060927153, -0.008317355066537857
v,-0.0014489005552604795, 0.0012148114619776607, -0.008317355066537857
v,-0.001449004397727549, 0.001335097011178732, -0.008311674930155277
v,0.0017691223183646798, 0.0029340055771172047, -0.0007769680232740939
v,-0.0014503839192911983, 0.0029312237165868282, -0.0007769681396894157
v,-0.0014503782149404287, 0.0029245703481137753, -0.0005492977215908468
v,0.0017749471589922905, -0.0038075034972280264, 0.003177973674610257
v,-0.0014445590786635876, -0.003810285357758403, 0.003177973674610257
v,-0.0014444597763940692, -0.00392525689676404, 0.003148480551317334
v,0.001770711736753583, 0.001094954670406878, -0.008321410976350307
v,-0.0014487945009022951, 0.0010921729262918234, -0.008321410976350307
v,-0.0014489005552604795, 0.0012148114619776607, -0.008317355066537857
v,0.0017755476292222738, -0.004502035677433014, -0.0053868480026721954
v,-0.0014439586084336042, -0.00450481753796339, -0.005386848468333483
v,-0.0014440325321629643, -0.004419299308210611, -0.005535896867513657
v,0.0017737429589033127, -0.002413408365100622, -0.005535166710615158
v,-0.0014457632787525654, -0.0024161902256309986, -0.005535166710615158
v,-0.0014457532670348883, -0.0024277521297335625, -0.00540737621486187
v,0.001771382289007306, 0.0003184739325661212, -0.0005702308262698352
v,-0.001448123948648572, 0.0003156921302434057, -0.0005702309426851571
v,-0.0014480606187134981, 0.00024242546351160854, -0.0006464186008088291
v,0.0017750464612618089, -0.0039224750362336636, 0.003148480551317334
v,-0.0014444597763940692, -0.00392525689676404, 0.003148480551317334
v,-0.001444360357709229, -0.004040390718728304, 0.003116472391411662
v,0.0017722005723044276, -0.0006287195137701929, 0.003012697445228696
v,-0.0014473056653514504, -0.0006315012578852475, 0.003012697445228696
v,-0.001446989830583334, -0.0009971045656129718, 0.0031331859063357115
v,0.0017711631953716278, 0.0005723920185118914, -0.008319342508912086
v,-0.0014483430422842503, 0.0005696102743968368, -0.008319342508912086
v,-0.001448576571419835, 0.0008398370118811727, -0.008324656635522842
v,0.0017737263115122914, -0.0023941383697092533, -0.005658575799316168
v,-0.0014457799261435866, -0.0023969202302396297, -0.005658576264977455
v,-0.0014457632787525654, -0.0024161902256309986, -0.005535166710615158
v,0.00177144561894238, 0.00024520725128240883, -0.0006464184843935072
v,-0.0014480606187134981, 0.00024242546351160854, -0.0006464186008088291
v,-0.001447991351597011, 0.00016218102246057242, -0.000718549417797476
v,0.0017708196537569165, 0.0009699632646515965, -0.008323845453560352
v,-0.0014486865838989615, 0.0009671815205365419, -0.008323845453560352
v,-0.0014487945009022951, 0.0010921729262918234, -0.008321410976350307
v,0.001770929666236043, 0.0008426187559962273, -0.008324656635522842
v,-0.001448576571419835, 0.0008398370118811727, -0.008324656635522842
v,-0.0014486865838989615, 0.0009671815205365419, -0.008323845453560352
v,0.001771514886058867, 0.00016496279567945749, -0.0007185493013821542
v,-0.001447991351597011, 0.00016218102246057242, -0.000718549417797476
v,-0.0014479152159765363, 7.41473413654603e-05, -0.0007892198045738041
v,0.001775145879946649, -0.0040376088581979275, 0.003116472391411662
v,-0.001444360357709229, -0.004040390718728304, 0.003116472391411662
v,-0.0014442607061937451, -0.004155686125159264, 0.0030819482635706663
v,0.0017754737054929137, -0.004416517447680235, -0.005535896401852369
v,-0.0014440325321629643, -0.004419299308210611, -0.005535896867513657
v,-0.0014441150706261396, -0.004323720466345549, -0.005681862123310566
v,0.0017691270913928747, 0.0029285692144185305, -0.0009686139528639615
v,-0.0014503791462630033, 0.002925787353888154, -0.0009686140692792833
v,-0.0014503839192911983, 0.0029312237165868282, -0.0007769681396894157
v,0.0017684847116470337, 0.0036722710356116295, -0.005821092985570431
v,-0.0014510215260088444, 0.003669489175081253, -0.005821093451231718
v,-0.0014509893953800201, 0.003632246982306242, -0.005562103819102049
v,0.001775245531462133, -0.004152904264628887, 0.0030819482635706663
v,-0.0014442607061937451, -0.004155686125159264, 0.0030819482635706663
v,-0.0014441609382629395, -0.004271144047379494, 0.0030449095647782087
v,0.001773703028447926, -0.0023671602830290794, -0.005777603480964899
v,-0.001445803209207952, -0.002369942143559456, -0.005777603946626186
v,-0.0014457799261435866, -0.0023969202302396297, -0.005658576264977455
v,0.0017715910216793418, 7.69291291362606e-05, -0.0007892196881584823
v,-0.0014479152159765363, 7.41473413654603e-05, -0.0007892198045738041
v,-0.0014478283701464534, -2.6381478164694272e-05, -0.0008571316138841212
v,0.0017753452993929386, -0.004268362186849117, 0.0030449095647782087
v,-0.0014441609382629395, -0.004271144047379494, 0.0030449095647782087
v,-0.001444061053916812, -0.004386764019727707, 0.0030053548980504274
v,0.0017718832241371274, -0.00026149346376769245, 0.0028654339257627726
v,-0.0014476230135187507, -0.00026427526609040797, 0.0028654339257627726
v,-0.0014473056653514504, -0.0006315012578852475, 0.003012697445228696
v,0.0017716778675094247, -2.3599694031872787e-05, -0.0008571314974687994
v,-0.0014478283701464534, -2.6381478164694272e-05, -0.0008571316138841212
v,-0.0014477306976914406, -0.0001394053251715377, -0.0009222846128977835
v,0.0017692638793960214, 0.002770433435216546, -0.005672450177371502
v,-0.0014502423582598567, 0.0027676515746861696, -0.005672450643032789
v,-0.0014501680852845311, 0.0026816464960575104, -0.005772208794951439
v,0.0017717755399644375, -0.00013662355195265263, -0.0009222844964824617
v,-0.0014477306976914406, -0.0001394053251715377, -0.0009222846128977835
v,-0.0014476223150268197, -0.00026492428150959313, -0.0009846790926530957
v,0.0017754451837390661, -0.0043839821591973305, 0.0030053548980504274
v,-0.001444061053916812, -0.004386764019727707, 0.0030053548980504274
v,-0.0014439609367400408, -0.004502546042203903, 0.0029632856603711843
v,0.0017753911670297384, -0.004320938605815172, -0.005681862123310566
v,-0.0014441150706261396, -0.004323720466345549, -0.005681862123310566
v,-0.001444206340238452, -0.00421807961538434, -0.005824744701385498
v,0.0017691411776468158, 0.002912260591983795, -0.0011540930718183517
v,-0.0014503650600090623, 0.0029094787314534187, -0.0011540933046489954
v,-0.0014503791462630033, 0.002925787353888154, -0.0009686140692792833
v,0.0017755453009158373, -0.004499764181673527, 0.0029632856603711843
v,-0.0014439609367400408, -0.004502546042203903, 0.0029632856603711843
v,-0.0014438608195632696, -0.00461849058046937, 0.0029187004547566175
v,0.001769338152371347, 0.002684428356587887, -0.005772208329290152
v,-0.0014501680852845311, 0.0026816464960575104, -0.005772208794951439
v,-0.0014500897377729416, 0.002591097494587302, -0.005868964362889528
v,0.0017736729932948947, -0.002332474337890744, -0.005892250221222639
v,-0.0014458332443609834, -0.0023352561984211206, -0.005892250686883926
v,-0.001445803209207952, -0.002369942143559456, -0.005777603946626186
v,0.0017718839226290584, -0.0002621424791868776, -0.000984678859822452
v,-0.0014476223150268197, -0.00026492428150959313, -0.0009846790926530957
v,-0.001447502989321947, -0.0004029383126180619, -0.0010443148203194141
v,0.0017756454180926085, -0.0046157087199389935, 0.0029187004547566175
v,-0.0014438608195632696, -0.00461849058046937, 0.0029187004547566175
v,-0.0014437604695558548, -0.004734597634524107, 0.0028716011438518763
v,0.0017684487393125892, 0.0037138941697776318, -0.006081380415707827
v,-0.001451057498343289, 0.0037111123092472553, -0.006081380881369114
v,-0.0014510215260088444, 0.003669489175081253, -0.005821093451231718
v,0.001772003248333931, -0.0004001565102953464, -0.0010443145874887705
v,-0.001447502989321947, -0.0004029383126180619, -0.0010443148203194141
v,-0.0014473729534074664, -0.0005534474039450288, -0.0011011918541043997
v,0.0017757457681000233, -0.0047318157739937305, 0.0028716011438518763
v,-0.0014437604695558548, -0.004734597634524107, 0.0028716011438518763
v,-0.0014436600031331182, -0.004850866738706827, 0.002821985399350524
v,0.0017715644789859653, 0.00010735532123362646, 0.0026913953479379416
v,-0.0014479417586699128, 0.00010457353346282616, 0.0026913953479379416
v,-0.0014476230135187507, -0.00026427526609040797, 0.0028654339257627726
v,0.0017721332842484117, -0.0005506656598299742, -0.001101191621273756
v,-0.0014473729534074664, -0.0005534474039450288, -0.0011011918541043997
v,-0.0014472320908680558, -0.0007164516136981547, -0.0011553101940080523
v,0.0017752998974174261, -0.004215297754853964, -0.005824744235724211
v,-0.001444206340238452, -0.00421807961538434, -0.005824744701385498
v,-0.0014443063409999013, -0.0041023786179721355, -0.005964543670415878
v,0.0017691646935418248, 0.0028850797098129988, -0.001333405845798552
v,-0.0014503415441140532, 0.0028822978492826223, -0.0013334060786291957
v,-0.0014503650600090623, 0.0029094787314534187, -0.0011540933046489954
v,0.00177584623452276, -0.004848084878176451, 0.002821985399350524
v,-0.0014436600031331182, -0.004850866738706827, 0.002821985399350524
v,-0.0014435594202950597, -0.004967298358678818, 0.00276985508389771
v,0.0017694164998829365, 0.0025938793551176786, -0.005868964362889528
v,-0.0014500897377729416, 0.002591097494587302, -0.005868964362889528
v,-0.0014500076649710536, 0.0024960050359368324, -0.005962718278169632
v,0.001773636438883841, -0.0022900800686329603, -0.006002515554428101
v,-0.001445869798772037, -0.0022928619291633368, -0.006002516020089388
v,-0.0014458332443609834, -0.0023352561984211206, -0.005892250686883926
v,0.0017722741467878222, -0.0007136698113754392, -0.0011553099611774087
v,-0.0014472320908680558, -0.0007164516136981547, -0.0011553101940080523
v,-0.0014470805181190372, -0.0008919509127736092, -0.001206669956445694
v,0.0017759468173608184, -0.004964516498148441, 0.00276985508389771
v,-0.0014435594202950597, -0.004967298358678818, 0.00276985508389771
v,-0.0014434586046263576, -0.005083892028778791, 0.002715208800509572
v,0.001772425719536841, -0.0008891691686585546, -0.0012066697236150503
v,-0.0014470805181190372, -0.0008919509127736092, -0.001206669956445694
v,-0.0014469181187450886, -0.0010799452429637313, -0.0012552710250020027
v,0.0017760476330295205, -0.005081110168248415, 0.002715208800509572
v,-0.0014434586046263576, -0.005083892028778791, 0.002715208800509572
v,-0.0014433577889576554, -0.0052006482146680355, 0.0026580479461699724
v,0.0017694985726848245, 0.002498786896467209, -0.005962718278169632
v,-0.0014500076649710536, 0.0024960050359368324, -0.005962718278169632
v,-0.0014499215176329017, 0.0023963688872754574, -0.006053470075130463
v,0.001771244453266263, 0.00047782683395780623, 0.0024905812460929155
v,-0.001448261784389615, 0.0004750450316350907, 0.0024905812460929155
v,-0.0014479417586699128, 0.00010457353346282616, 0.0026913953479379416
v,0.0017725881189107895, -0.0010771634988486767, -0.001255270792171359
v,-0.0014469181187450886, -0.0010799452429637313, -0.0012552710250020027
v,-0.0014467447763308883, -0.0012804347788915038, -0.0013011133996769786
v,0.0017751998966559768, -0.004099596757441759, -0.005964543670415878
v,-0.0014443063409999013, -0.0041023786179721355, -0.005964543670415878
v,-0.0014444140251725912, -0.003977711778134108, -0.006102354731410742
v,0.0017735931323841214, -0.002239977940917015, -0.006108399480581284
v,-0.0014459131052717566, -0.0022427598014473915, -0.006108399480581284
v,-0.001445869798772037, -0.0022928619291633368, -0.006002516020089388
v,0.0017727614613249898, -0.0012776530347764492, -0.001301113166846335
v,-0.0014467447763308883, -0.0012804347788915038, -0.0013011133996769786
v,-0.0014465608401224017, -0.001493419287726283, -0.0013441969640552998
v,0.0017761484486982226, -0.005197866354137659, 0.0026580479461699724
v,-0.0014433577889576554, -0.0052006482146680355, 0.0026580479461699724
v,-0.001443399116396904, -0.005152777768671513, 0.0024492822121828794
v,0.00176919752266258, 0.0028470263350754976, -0.0015065522165969014
v,-0.001450308714993298, 0.002844244474545121, -0.001506552449427545
v,-0.0014503415441140532, 0.0028822978492826223, -0.0013334060786291957
v,0.001770922914147377, 0.0008499210234731436, 0.0022629916202276945
v,-0.001448583323508501, 0.000847139279358089, 0.0022629916202276945
v,-0.001448261784389615, 0.0004750450316350907, 0.0024905812460929155
v,0.0017695847200229764, 0.002399150747805834, -0.006053469609469175
v,-0.0014499215176329017, 0.0023963688872754574, -0.006053470075130463
v,-0.0014498315285891294, 0.002292189048603177, -0.00614121975377202
v,0.0017684089252725244, 0.0037598987109959126, -0.0063429661095142365
v,-0.0014510973123833537, 0.003757116850465536, -0.006342966575175524
v,-0.001451057498343289, 0.0037111123092472553, -0.006081380881369114
v,0.0017729453975334764, -0.0014906375436112285, -0.001344196731224656
v,-0.0014465608401224017, -0.001493419287726283, -0.0013441969640552998
v,-0.0014463659608736634, -0.001718898885883391, -0.0013845220673829317
v,0.001776107121258974, -0.005149995908141136, 0.0024492822121828794
v,-0.001443399116396904, -0.005152777768671513, 0.0024492822121828794
v,-0.0014434390468522906, -0.0051065292209386826, 0.002235811436548829
v,0.001770600094459951, 0.0012236378388479352, 0.002008627401664853
v,-0.0014489061431959271, 0.0012208560947328806, 0.002008627401664853
v,-0.001448583323508501, 0.000847139279358089, 0.0022629916202276945
v,0.0017731402767822146, -0.0017161171417683363, -0.001384521834552288
v,-0.0014463659608736634, -0.001718898885883391, -0.0013845220673829317
v,-0.0014458006480708718, -0.002373187569901347, -0.0014896758366376162
v,0.0017750922124832869, -0.003974929917603731, -0.006102354731410742
v,-0.0014444140251725912, -0.003977711778134108, -0.006102354731410742
v,-0.001444528577849269, -0.0038451743312180042, -0.006239273585379124
v,0.0017735431902110577, -0.002182167721912265, -0.006209901534020901
v,-0.0014459630474448204, -0.0021849495824426413, -0.006209901999682188
v,-0.0014459131052717566, -0.0022427598014473915, -0.006108399480581284
v,0.0017737055895850062, -0.0023704057093709707, -0.0014896756038069725
v,-0.0014458006480708718, -0.002373187569901347, -0.0014896758366376162
v,-0.001445627654902637, -0.0025734335649758577, -0.0015279724029824138
v,0.0017692397814244032, 0.0027981011662632227, -0.001673532067798078
v,-0.0014502664562314749, 0.0027953193057328463, -0.0016735323006287217
v,-0.001450308714993298, 0.002844244474545121, -0.001506552449427545
v,0.0017727261874824762, -0.0012370841577649117, 0.002085544867441058
v,-0.0014467800501734018, -0.001239866018295288, 0.002085544867441058
v,-0.0014469025190919638, -0.0010981602827087045, 0.002082259627059102
v,0.0017696747090667486, 0.0022949709091335535, -0.006141219288110733
v,-0.0014498315285891294, 0.002292189048603177, -0.00614121975377202
v,-0.0014497375814244151, 0.002183465287089348, -0.006225967314094305
v,0.0017728236271068454, -0.001349783269688487, 0.002083881525322795
v,-0.0014466826105490327, -0.0013525651302188635, 0.002083881525322795
v,-0.0014467800501734018, -0.001239866018295288, 0.002085544867441058
v,0.0017734866123646498, -0.0021166496444493532, -0.006307022646069527
v,-0.0014460196252912283, -0.0021194315049797297, -0.006307022646069527
v,-0.0014459630474448204, -0.0021849495824426413, -0.006209901999682188
v,0.001773878582753241, -0.0025706517044454813, -0.001527972286567092
v,-0.001445627654902637, -0.0025734335649758577, -0.0015279724029824138
v,-0.0014454618794843554, -0.0027652413118630648, -0.0015727600548416376
v,0.0017740443581715226, -0.0027624594513326883, -0.001572759822010994
v,-0.0014454618794843554, -0.0027652413118630648, -0.0015727600548416376
v,-0.001445303438231349, -0.0029486108105629683, -0.001624038559384644
v,0.0017760671908035874, -0.005103747360408306, 0.002235811436548829
v,-0.0014434390468522906, -0.0051065292209386826, 0.002235811436548829
v,-0.0014434775803238153, -0.005061903968453407, 0.002017633756622672
v,0.001769768656231463, 0.0021862471476197243, -0.006225967314094305
v,-0.0014497375814244151, 0.002183465287089348, -0.006225967314094305
v,-0.0014496396761387587, 0.0020701983012259007, -0.006307712756097317
v,0.0017729204846546054, -0.0014619957655668259, 0.0020788919646292925
v,-0.0014465857530012727, -0.0014647775096818805, 0.0020788919646292925
v,-0.0014466826105490327, -0.0013525651302188635, 0.002083881525322795
v,0.001774202799424529, -0.002945828950032592, -0.0016240384429693222
v,-0.001445303438231349, -0.0029486108105629683, -0.001624038559384644
v,-0.0014451523311436176, -0.003123542061075568, -0.0016818081494420767
v,0.0017749776598066092, -0.003842392470687628, -0.006239273119717836
v,-0.001444528577849269, -0.0038451743312180042, -0.006239273585379124
v,-0.0014446498826146126, -0.0037047672085464, -0.006375299766659737
v,0.0017692914698272943, 0.0027383032720535994, -0.0018343456322327256
v,-0.0014502147678285837, 0.002735521411523223, -0.0018343457486480474
v,-0.0014502664562314749, 0.0027953193057328463, -0.0016735323006287217
v,0.001773423282429576, -0.0020434237085282803, -0.006399761885404587
v,-0.0014460829552263021, -0.0020462055690586567, -0.006399762351065874
v,-0.0014460196252912283, -0.0021194315049797297, -0.006307022646069527
v,0.0017726037185639143, -0.0010953785385936499, 0.002082259627059102
v,-0.0014469025190919638, -0.0010981602827087045, 0.002082259627059102
v,-0.00144702079705894, -0.0009612416615709662, 0.0020724015776067972
v,0.0017730171093717217, -0.0015737214125692844, 0.0020705757196992636
v,-0.0014464891282841563, -0.001576503156684339, 0.0020705757196992636
v,-0.0014465857530012727, -0.0014647775096818805, 0.0020788919646292925
v,0.0017743539065122604, -0.0031207602005451918, -0.001681807916611433
v,-0.0014451523311436176, -0.003123542061075568, -0.0016818081494420767
v,-0.0014450084418058395, -0.0032900352962315083, -0.001746068592183292
v,0.0017698665615171194, 0.002072980161756277, -0.006307712756097317
v,-0.0014496396761387587, 0.0020701983012259007, -0.006307712756097317
v,-0.001449537929147482, 0.0019523871596902609, -0.006386456545442343
v,0.001768365502357483, 0.003810285124927759, -0.00660585006698966
v,-0.0014511407352983952, 0.0038075032643973827, -0.006605850532650948
v,-0.0014510973123833537, 0.003757116850465536, -0.006342966575175524
v,0.0017744977958500385, -0.003287253435701132, -0.0017460683593526483
v,-0.0014450084418058395, -0.0032900352962315083, -0.001746068592183292
v,-0.0014448718866333365, -0.0034480902832001448, -0.0018168200040236115
v,0.0017724854405969381, -0.0009584599174559116, 0.0020724015776067972
v,-0.00144702079705894, -0.0009612416615709662, 0.0020724015776067972
v,-0.0014471348840743303, -0.0008291101548820734, 0.0020559716504067183
v,0.001773113152012229, -0.0016849602106958628, 0.002058932324871421
v,-0.001446393085643649, -0.0016877419548109174, 0.002058932324871421
v,-0.0014464891282841563, -0.001576503156684339, 0.0020705757196992636
v,0.0017746343510225415, -0.0034453084226697683, -0.0018168198876082897
v,-0.0014448718866333365, -0.0034480902832001448, -0.0018168200040236115
v,-0.0014447425492107868, -0.003597706789150834, -0.0018940623849630356
v,0.0017748563550412655, -0.0037019853480160236, -0.006375299300998449
v,-0.0014446498826146126, -0.0037047672085464, -0.006375299766659737
v,-0.0014447779394686222, -0.003556489245966077, -0.006510433275252581
v,0.0017693525878712535, 0.0026676328852772713, -0.0019889927934855223
v,-0.0014501536497846246, 0.002664851024746895, -0.001988993026316166
v,-0.0014502147678285837, 0.002735521411523223, -0.0018343457486480474
v,0.0017732088454067707, -0.0017957122763618827, 0.0020439631771296263
v,-0.0014462973922491074, -0.0017984940204769373, 0.0020439631771296263
v,-0.001446393085643649, -0.0016877419548109174, 0.002058932324871421
v,0.0017699683085083961, 0.0019551690202206373, -0.0063864560797810555
v,-0.001449537929147482, 0.0019523871596902609, -0.006386456545442343
v,-0.001449432224035263, 0.0018300327938050032, -0.0064621977508068085
v,0.001773353316821158, -0.0019624894484877586, -0.006488120183348656
v,-0.0014461529208347201, -0.001965271309018135, -0.006488120649009943
v,-0.0014460829552263021, -0.0020462055690586567, -0.006399762351065874
v,0.0017747636884450912, -0.0035949249286204576, -0.0018940622685477138
v,-0.0014447425492107868, -0.003597706789150834, -0.0018940623849630356
v,-0.0014446205459535122, -0.00373888504691422, -0.001977795735001564
v,0.0017723713535815477, -0.0008263284107670188, 0.0020559716504067183
v,-0.0014471348840743303, -0.0008291101548820734, 0.0020559716504067183
v,-0.0014472450129687786, -0.000701765704434365, 0.0020329689141362906
v,0.001773304189555347, -0.0019059774931520224, 0.0020256664138287306
v,-0.001446202048100531, -0.001908759237267077, 0.0020256664138287306
v,-0.0014462973922491074, -0.0017984940204769373, 0.0020439631771296263
v,0.0017748856917023659, -0.0037361031863838434, -0.001977795735001564
v,-0.0014446205459535122, -0.00373888504691422, -0.001977795735001564
v,-0.0014445058768615127, -0.0038716252893209457, -0.0020680201705545187
v,0.001770074013620615, 0.0018328145379200578, -0.006462197285145521
v,-0.001449432224035263, 0.0018300327938050032, -0.0064621977508068085
v,-0.001449322560802102, 0.0017031345050781965, -0.0065349373035132885
v,0.0017694230191409588, 0.0025860900059342384, -0.002137473551556468
v,-0.0014500832185149193, 0.002583308145403862, -0.0021374737843871117
v,-0.0014501536497846246, 0.002664851024746895, -0.001988993026316166
v,0.0017732768319547176, -0.0018738474464043975, -0.006572097074240446
v,-0.0014462294057011604, -0.001876629190519452, -0.006572097539901733
v,-0.0014461529208347201, -0.001965271309018135, -0.006488120649009943
v,0.0017722612246870995, -0.0006989839021116495, 0.0020329689141362906
v,-0.0014472450129687786, -0.000701765704434365, 0.0020329689141362906
v,-0.0014473508344963193, -0.000579208368435502, 0.002003394765779376
v,0.001773399068042636, -0.00201575574465096, 0.0020040434319525957
v,-0.0014461071696132421, -0.0020185376051813364, 0.0020040434319525957
v,-0.001446202048100531, -0.001908759237267077, 0.0020256664138287306
v,0.0017750003607943654, -0.0038688434287905693, -0.0020680201705545187
v,-0.0014445058768615127, -0.0038716252893209457, -0.0020680201705545187
v,-0.0014443985419347882, -0.003995927516371012, -0.0021647356916218996
v,0.0017747282981872559, -0.0035537073854357004, -0.006510432809591293
v,-0.0014447779394686222, -0.003556489245966077, -0.006510433275252581
v,-0.0014449128648266196, -0.0034003411419689655, -0.006644674576818943
v,0.001769502880051732, 0.002493675099685788, -0.002279787790030241
v,-0.001450003357604146, 0.0024908932391554117, -0.0022797880228608847
v,-0.0014500832185149193, 0.002583308145403862, -0.0021374737843871117
v,0.0017760286573320627, -0.005059122107923031, 0.002017633756622672
v,-0.0014434775803238153, -0.005061903968453407, 0.002017633756622672
v,-0.0014435148332268, -0.005018901079893112, 0.0017947499873116612
v,0.001770183676853776, 0.0017059162491932511, -0.006534936837852001
v,-0.001449322560802102, 0.0017031345050781965, -0.0065349373035132885
v,-0.001449208939447999, 0.0015716927591711283, -0.0066046747379004955
v,0.001770275761373341, 0.0015989773673936725, 0.0017274877754971385
v,-0.001449230476282537, 0.0015961956232786179, 0.0017274875426664948
v,-0.0014489061431959271, 0.0012208560947328806, 0.002008627401664853
v,0.0017731937114149332, -0.0017777405446395278, -0.006650475785136223
v,-0.0014463125262409449, -0.0017805222887545824, -0.00665047625079751
v,-0.0014462294057011604, -0.001876629190519452, -0.006572097539901733
v,0.0017751076957210898, -0.003993145655840635, -0.002164735458791256
v,-0.0014443985419347882, -0.003995927516371012, -0.0021647356916218996
v,-0.001444298424758017, -0.004111791029572487, -0.0022679418325424194
v,0.0017734934808686376, -0.0021250471472740173, 0.0019790937658399343
v,-0.0014460127567872405, -0.0021278290078043938, 0.0019790937658399343
v,-0.0014461071696132421, -0.0020185376051813364, 0.0020040434319525957
n,30.4587459564209, 0.02631760947406292, 1.3313947420101613e-06
n,30.4587459564209, 0.02631760947406292, 1.3313947420101613e-06
n,30.4587459564209, 0.02631760947406292, 1.3313947420101613e-06
n,30.4587459564209, 0.02631760947406292, 1.3313947420101613e-06
n,30.4587459564209, 0.02631760947406292, 1.3313947420101613e-06
n,30.4587459564209, 0.02631760947406292, 1.3313947420101613e-06
n,30.4587459564209, 0.02631760947406292, 1.3313947420101613e-06
n,30.4587459564209, 0.02631760947406292, 1.3313947420101613e-06
n,30.4587459564209, 0.02631760947406292, 1.3313947420101613e-06
n,30.4587459564209, 0.02631760947406292, 1.3313947420101613e-06
n,30.4587459564209, 0.02631760947406292, 1.3313947420101613e-06
n,30.4587459564209, 0.02631760947406292, 1.3313947420101613e-06
n,30.4587459564209, 0.02631760947406292, 1.3313947420101613e-06
n,30.4587459564209, 0.02631760947406292, 1.3313947420101613e-06
n,30.4587459564209, 0.02631760947406292, 1.3313947420101613e-06
n,30.4587459564209, 0.02631760947406292, 1.3313947420101613e-06
n,30.4587459564209, 0.02631760947406292, 1.3313947420101613e-06
n,30.4587459564209, 0.02631760947406292, 1.3313947420101613e-06
n,30.4587459564209, 0.02631760947406292, 1.3313947420101613e-06
n,30.4587459564209, 0.02631760947406292, 1.3313947420101613e-06
n,30.4587459564209, 0.02631760947406292, 1.3313947420101613e-06
n,30.4587459564209, 0.02631760947406292, 1.3313947420101613e-06
n,30.4587459564209, 0.02631760947406292, 1.3313947420101613e-06
n,30.4587459564209, 0.02631760947406292, 1.3313947420101613e-06
n,30.4587459564209, 0.02631760947406292, 1.3313947420101613e-06
n,30.4587459564209, 0.02631760947406292, 1.3313947420101613e-06
n,30.4587459564209, 0.02631760947406292, 1.3313947420101613e-06
n,30.4587459564209, 0.02631760947406292, 1.3313947420101613e-06
n,30.4587459564209, 0.02631760947406292, 1.3313947420101613e-06
n,30.4587459564209, 0.02631760947406292, 1.3313947420101613e-06
n,30.4587459564209, 0.02631760947406292, 1.3313947420101613e-06
n,30.4587459564209, 0.02631760947406292, 1.3313947420101613e-06
n,30.4587459564209, 0.02631760947406292, 1.3313947420101613e-06
n,30.4587459564209, 0.02631760947406292, 1.3313947420101613e-06
n,30.4587459564209, 0.02631760947406292, 1.3313947420101613e-06
n,30.4587459564209, 0.02631760947406292, 1.3313947420101613e-06
n,30.4587459564209, 0.02631760947406292, 1.3313947420101613e-06
n,30.4587459564209, 0.02631760947406292, 1.3313947420101613e-06
n,30.4587459564209, 0.02631760947406292, 1.3313947420101613e-06
n,30.4587459564209, 0.02631760947406292, 1.3313947420101613e-06
n,30.4587459564209, 0.02631760947406292, 1.3313947420101613e-06
n,30.4587459564209, 0.02631760947406292, 1.3313947420101613e-06
n,30.4587459564209, 0.02631760947406292, 1.3313947420101613e-06
n,30.4587459564209, 0.02631760947406292, 1.3313947420101613e-06
n,30.4587459564209, 0.02631760947406292, 1.3313947420101613e-06
n,30.4587459564209, 0.02631760947406292, 1.3313947420101613e-06
n,30.4587459564209, 0.02631760947406292, 1.3313947420101613e-06
n,30.4587459564209, 0.02631760947406292, 1.3313947420101613e-06
n,30.4587459564209, 0.02631760947406292, 1.3313947420101613e-06
n,30.4587459564209, 0.02631760947406292, 1.3313947420101613e-06
n,30.4587459564209, 0.02631760947406292, 1.3313947420101613e-06
n,30.4587459564209, 0.02631760947406292, 1.3313947420101613e-06
n,30.4587459564209, 0.02631760947406292, 1.3313947420101613e-06
n,30.4587459564209, 0.02631760947406292, 1.3313947420101613e-06
n,30.4587459564209, 0.02631760947406292, 1.3313947420101613e-06
n,30.4587459564209, 0.02631760947406292, 1.3313947420101613e-06
n,30.4587459564209, 0.02631760947406292, 1.3313947420101613e-06
n,30.4587459564209, 0.02631760947406292, 1.3313947420101613e-06
n,30.4587459564209, 0.02631760947406292, 1.3313947420101613e-06
n,30.4587459564209, 0.02631760947406292, 1.3313947420101613e-06
n,30.4587459564209, 0.02631760947406292, 1.3313947420101613e-06
n,30.4587459564209, 0.02631760947406292, 1.3313947420101613e-06
n,30.4587459564209, 0.02631760947406292, 1.3313947420101613e-06
n,30.4587459564209, 0.02631760947406292, 1.3313947420101613e-06
n,30.4587459564209, 0.02631760947406292, 1.3313947420101613e-06
n,30.4587459564209, 0.02631760947406292, 1.3313947420101613e-06
n,30.4587459564209, 0.02631760947406292, 1.3313947420101613e-06
n,30.4587459564209, 0.02631760947406292, 1.3313947420101613e-06
n,30.4587459564209, 0.02631760947406292, 1.3313947420101613e-06
n,30.4587459564209, 0.02631760947406292, 1.3313947420101613e-06
n,30.4587459564209, 0.02631760947406292, 1.3313947420101613e-06
n,30.4587459564209, 0.02631760947406292, 1.3313947420101613e-06
n,30.4587459564209, 0.02631760947406292, 1.3313947420101613e-06
n,30.4587459564209, 0.02631760947406292, 1.3313947420101613e-06
n,30.4587459564209, 0.02631760947406292, 1.3313947420101613e-06
n,30.4587459564209, 0.02631760947406292, 1.3313947420101613e-06
n,30.4587459564209, 0.02631760947406292, 1.3313947420101613e-06
n,30.4587459564209, 0.02631760947406292, 1.3313947420101613e-06
n,30.4587459564209, 0.02631760947406292, 1.3313947420101613e-06
n,30.4587459564209, 0.02631760947406292, 1.3313947420101613e-06
n,30.4587459564209, 0.02631760947406292, 1.3313947420101613e-06
n,30.4587459564209, 0.02631760947406292, 1.3313947420101613e-06
n,30.4587459564209, 0.02631760947406292, 1.3313947420101613e-06
n,30.4587459564209, 0.02631760947406292, 1.3313947420101613e-06
n,30.4587459564209, 0.02631760947406292, 1.3313947420101613e-06
n,30.4587459564209, 0.02631760947406292, 1.3313947420101613e-06
n,30.4587459564209, 0.02631760947406292, 1.3313947420101613e-06
n,30.4587459564209, 0.02631760947406292, 1.3313947420101613e-06
n,30.4587459564209, 0.02631760947406292, 1.3313947420101613e-06
n,30.4587459564209, 0.02631760947406292, 1.3313947420101613e-06
n,30.4587459564209, 0.02631760947406292, 1.3313947420101613e-06
n,30.4587459564209, 0.02631760947406292, 1.3313947420101613e-06
n,30.4587459564209, 0.02631760947406292, 1.3313947420101613e-06
n,30.4587459564209, 0.02631760947406292, 1.3313947420101613e-06
n,30.4587459564209, 0.02631760947406292, 1.3313947420101613e-06
n,30.4587459564209, 0.02631760947406292, 1.3313947420101613e-06
n,30.4587459564209, 0.02631760947406292, 1.3313947420101613e-06
n,30.4587459564209, 0.02631760947406292, 1.3313947420101613e-06
n,30.4587459564209, 0.02631760947406292, 1.3313947420101613e-06
n,30.4587459564209, 0.02631760947406292, 1.3313947420101613e-06
n,30.4587459564209, 0.02631760947406292, 1.3313947420101613e-06
n,30.4587459564209, 0.02631760947406292, 1.3313947420101613e-06
n,30.4587459564209, 0.02631760947406292, 1.3313947420101613e-06
n,30.4587459564209, 0.02631760947406292, 1.3313947420101613e-06
n,30.4587459564209, 0.02631760947406292, 1.3313947420101613e-06
n,30.4587459564209, 0.02631760947406292, 1.3313947420101613e-06
n,30.4587459564209, 0.02631760947406292, 1.3313947420101613e-06
n,30.4587459564209, 0.02631760947406292, 1.3313947420101613e-06
n,30.4587459564209, 0.02631760947406292, 1.3313947420101613e-06
n,30.4587459564209, 0.02631760947406292, 1.3313947420101613e-06
n,30.4587459564209, 0.02631760947406292, 1.3313947420101613e-06
n,30.4587459564209, 0.02631760947406292, 1.3313947420101613e-06
n,30.4587459564209, 0.02631760947406292, 1.3313947420101613e-06
n,30.4587459564209, 0.02631760947406292, 1.3313947420101613e-06
n,30.4587459564209, 0.02631760947406292, 1.3313947420101613e-06
n,30.4587459564209, 0.02631760947406292, 1.3313947420101613e-06
n,30.4587459564209, 0.02631760947406292, 1.3313947420101613e-06
n,30.4587459564209, 0.02631760947406292, 1.3313947420101613e-06
n,30.4587459564209, 0.02631760947406292, 1.3313947420101613e-06
n,30.4587459564209, 0.02631760947406292, 1.3313947420101613e-06
n,30.4587459564209, 0.02631760947406292, 1.3313947420101613e-06
n,30.4587459564209, 0.02631760947406292, 1.3313947420101613e-06
n,30.4587459564209, 0.02631760947406292, 1.3313947420101613e-06
n,30.4587459564209, 0.02631760947406292, 1.3313947420101613e-06
n,30.4587459564209, 0.02631760947406292, 1.3313947420101613e-06
n,30.4587459564209, 0.02631760947406292, 1.3313947420101613e-06
n,30.4587459564209, 0.02631760947406292, 1.3313947420101613e-06
n,30.4587459564209, 0.02631760947406292, 1.3313947420101613e-06
n,30.4587459564209, 0.02631760947406292, 1.3313947420101613e-06
n,30.4587459564209, 0.02631760947406292, 1.3313947420101613e-06
n,30.4587459564209, 0.02631760947406292, 1.3313947420101613e-06
n,30.4587459564209, 0.02631760947406292, 1.3313947420101613e-06
n,30.4587459564209, 0.02631760947406292, 1.3313947420101613e-06
n,30.4587459564209, 0.02631760947406292, 1.3313947420101613e-06
n,30.4587459564209, 0.02631760947406292, 1.3313947420101613e-06
n,30.4587459564209, 0.02631760947406292, 1.3313947420101613e-06
n,30.4587459564209, 0.02631760947406292, 1.3313947420101613e-06
n,30.4587459564209, 0.02631760947406292, 1.3313947420101613e-06
n,30.4587459564209, 0.02631760947406292, 1.3313947420101613e-06
n,30.4587459564209, 0.02631760947406292, 1.3313947420101613e-06
n,30.4587459564209, 0.02631760947406292, 1.3313947420101613e-06
n,30.4587459564209, 0.02631760947406292, 1.3313947420101613e-06
n,30.4587459564209, 0.02631760947406292, 1.3313947420101613e-06
n,30.4587459564209, 0.02631760947406292, 1.3313947420101613e-06
n,30.4587459564209, 0.02631760947406292, 1.3313947420101613e-06
n,30.4587459564209, 0.02631760947406292, 1.3313947420101613e-06
n,30.4587459564209, 0.02631760947406292, 1.3313947420101613e-06
n,30.4587459564209, 0.02631760947406292, 1.3313947420101613e-06
n,30.4587459564209, 0.02631760947406292, 1.3313947420101613e-06
n,30.4587459564209, 0.02631760947406292, 1.3313947420101613e-06
n,30.4587459564209, 0.02631760947406292, 1.3313947420101613e-06
n,30.4587459564209, 0.02631760947406292, 1.3313947420101613e-06
n,30.4587459564209, 0.02631760947406292, 1.3313947420101613e-06
n,30.4587459564209, 0.02631760947406292, 1.3313947420101613e-06
n,30.4587459564209, 0.02631760947406292, 1.3313947420101613e-06
n,30.4587459564209, 0.02631760947406292, 1.3313947420101613e-06
n,30.4587459564209, 0.02631760947406292, 1.3313947420101613e-06
n,30.4587459564209, 0.02631760947406292, 1.3313947420101613e-06
n,30.4587459564209, 0.02631760947406292, 1.3313947420101613e-06
n,30.4587459564209, 0.02631760947406292, 1.3313947420101613e-06
n,30.4587459564209, 0.02631760947406292, 1.3313947420101613e-06
n,30.4587459564209, 0.02631760947406292, 1.3313947420101613e-06
n,30.4587459564209, 0.02631760947406292, 1.3313947420101613e-06
n,30.4587459564209, 0.02631760947406292, 1.3313947420101613e-06
n,30.4587459564209, 0.02631760947406292, 1.3313947420101613e-06
n,30.4587459564209, 0.02631760947406292, 1.3313947420101613e-06
n,30.4587459564209, 0.02631760947406292, 1.3313947420101613e-06
n,30.4587459564209, 0.02631760947406292, 1.3313947420101613e-06
n,30.4587459564209, 0.02631760947406292, 1.3313947420101613e-06
n,30.4587459564209, 0.02631760947406292, 1.3313947420101613e-06
n,30.4587459564209, 0.02631760947406292, 1.3313947420101613e-06
n,30.4587459564209, 0.02631760947406292, 1.3313947420101613e-06
n,30.4587459564209, 0.02631760947406292, 1.3313947420101613e-06
n,30.4587459564209, 0.02631760947406292, 1.3313947420101613e-06
n,30.4587459564209, 0.02631760947406292, 1.3313947420101613e-06
n,30.4587459564209, 0.02631760947406292, 1.3313947420101613e-06
n,30.4587459564209, 0.02631760947406292, 1.3313947420101613e-06
n,30.4587459564209, 0.02631760947406292, 1.3313947420101613e-06
n,30.4587459564209, 0.02631760947406292, 1.3313947420101613e-06
n,30.4587459564209, 0.02631760947406292, 1.3313947420101613e-06
n,30.4587459564209, 0.02631760947406292, 1.3313947420101613e-06
n,30.4587459564209, 0.02631760947406292, 1.3313947420101613e-06
n,30.4587459564209, 0.02631760947406292, 1.3313947420101613e-06
n,30.4587459564209, 0.02631760947406292, 1.3313947420101613e-06
n,30.4587459564209, 0.02631760947406292, 1.3313947420101613e-06
n,30.4587459564209, 0.02631760947406292, 1.3313947420101613e-06
n,30.4587459564209, 0.02631760947406292, 1.3313947420101613e-06
n,30.4587459564209, 0.02631760947406292, 1.3313947420101613e-06
n,30.4587459564209, 0.02631760947406292, 1.3313947420101613e-06
n,30.4587459564209, 0.02631760947406292, 1.3313947420101613e-06
n,30.4587459564209, 0.02631760947406292, 1.3313947420101613e-06
n,30.4587459564209, 0.02631760947406292, 1.3313947420101613e-06
n,30.4587459564209, 0.02631760947406292, 1.3313947420101613e-06
n,30.4587459564209, 0.02631760947406292, 1.3313947420101613e-06
n,30.4587459564209, 0.02631760947406292, 1.3313947420101613e-06
n,30.4587459564209, 0.02631760947406292, 1.3313947420101613e-06
n,30.4587459564209, 0.02631760947406292, 1.3313947420101613e-06
n,30.4587459564209, 0.02631760947406292, 1.3313947420101613e-06
n,30.4587459564209, 0.02631760947406292, 1.3313947420101613e-06
n,30.4587459564209, 0.02631760947406292, 1.3313947420101613e-06
n,30.4587459564209, 0.02631760947406292, 1.3313947420101613e-06
n,30.4587459564209, 0.02631760947406292, 1.3313947420101613e-06
n,30.4587459564209, 0.02631760947406292, 1.3313947420101613e-06
n,30.4587459564209, 0.02631760947406292, 1.3313947420101613e-06
n,30.4587459564209, 0.02631760947406292, 1.3313947420101613e-06
n,30.4587459564209, 0.02631760947406292, 1.3313947420101613e-06
n,30.4587459564209, 0.02631760947406292, 1.3313947420101613e-06
n,30.4587459564209, 0.02631760947406292, 1.3313947420101613e-06
n,30.4587459564209, 0.02631760947406292, 1.3313947420101613e-06
n,30.4587459564209, 0.02631760947406292, 1.3313947420101613e-06
n,30.4587459564209, 0.02631760947406292, 1.3313947420101613e-06
n,30.4587459564209, 0.02631760947406292, 1.3313947420101613e-06
n,30.4587459564209, 0.02631760947406292, 1.3313947420101613e-06
n,30.4587459564209, 0.02631760947406292, 1.3313947420101613e-06
n,30.4587459564209, 0.02631760947406292, 1.3313947420101613e-06
n,30.4587459564209, 0.02631760947406292, 1.3313947420101613e-06
n,30.4587459564209, 0.02631760947406292, 1.3313947420101613e-06
n,30.4587459564209, 0.02631760947406292, 1.3313947420101613e-06
n,30.4587459564209, 0.02631760947406292, 1.3313947420101613e-06
n,30.4587459564209, 0.02631760947406292, 1.3313947420101613e-06
n,30.4587459564209, 0.02631760947406292, 1.3313947420101613e-06
n,30.4587459564209, 0.02631760947406292, 1.3313947420101613e-06
n,30.4587459564209, 0.02631760947406292, 1.3313947420101613e-06
n,30.4587459564209, 0.02631760947406292, 1.3313947420101613e-06
n,30.4587459564209, 0.02631760947406292, 1.3313947420101613e-06
n,30.4587459564209, 0.02631760947406292, 1.3313947420101613e-06
n,30.4587459564209, 0.02631760947406292, 1.3313947420101613e-06
n,30.4587459564209, 0.02631760947406292, 1.3313947420101613e-06
n,30.4587459564209, 0.02631760947406292, 1.3313947420101613e-06
n,30.4587459564209, 0.02631760947406292, 1.3313947420101613e-06
n,30.4587459564209, 0.02631760947406292, 1.3313947420101613e-06
n,30.4587459564209, 0.02631760947406292, 1.3313947420101613e-06
n,30.4587459564209, 0.02631760947406292, 1.3313947420101613e-06
n,30.4587459564209, 0.02631760947406292, 1.3313947420101613e-06
n,30.4587459564209, 0.02631760947406292, 1.3313947420101613e-06
n,30.4587459564209, 0.02631760947406292, 1.3313947420101613e-06
n,30.4587459564209, 0.02631760947406292, 1.3313947420101613e-06
n,30.4587459564209, 0.02631760947406292, 1.3313947420101613e-06
n,30.4587459564209, 0.02631760947406292, 1.3313947420101613e-06
n,30.4587459564209, 0.02631760947406292, 1.3313947420101613e-06
n,30.4587459564209, 0.02631760947406292, 1.3313947420101613e-06
n,30.4587459564209, 0.02631760947406292, 1.3313947420101613e-06
n,30.4587459564209, 0.02631760947406292, 1.3313947420101613e-06
n,30.4587459564209, 0.02631760947406292, 1.3313947420101613e-06
n,30.4587459564209, 0.02631760947406292, 1.3313947420101613e-06
n,30.4587459564209, 0.02631760947406292, 1.3313947420101613e-06
n,30.4587459564209, 0.02631760947406292, 1.3313947420101613e-06
n,30.4587459564209, 0.02631760947406292, 1.3313947420101613e-06
n,30.4587459564209, 0.02631760947406292, 1.3313947420101613e-06
n,30.4587459564209, 0.02631760947406292, 1.3313947420101613e-06
n,30.4587459564209, 0.02631760947406292, 1.3313947420101613e-06
n,30.4587459564209, 0.02631760947406292, 1.3313947420101613e-06
n,30.4587459564209, 0.02631760947406292, 1.3313947420101613e-06
n,30.4587459564209, 0.02631760947406292, 1.3313947420101613e-06
n,30.4587459564209, 0.02631760947406292, 1.3313947420101613e-06
n,30.4587459564209, 0.02631760947406292, 1.3313947420101613e-06
n,30.4587459564209, 0.02631760947406292, 1.3313947420101613e-06
n,30.4587459564209, 0.02631760947406292, 1.3313947420101613e-06
n,30.4587459564209, 0.02631760947406292, 1.3313947420101613e-06
n,30.4587459564209, 0.02631760947406292, 1.3313947420101613e-06
n,30.4587459564209, 0.02631760947406292, 1.3313947420101613e-06
n,30.4587459564209, 0.02631760947406292, 1.3313947420101613e-06
n,30.4587459564209, 0.02631760947406292, 1.3313947420101613e-06
n,30.4587459564209, 0.02631760947406292, 1.3313947420101613e-06
n,30.4587459564209, 0.02631760947406292, 1.3313947420101613e-06
n,30.4587459564209, 0.02631760947406292, 1.3313947420101613e-06
n,30.4587459564209, 0.02631760947406292, 1.3313947420101613e-06
n,30.4587459564209, 0.02631760947406292, 1.3313947420101613e-06
n,30.4587459564209, 0.02631760947406292, 1.3313947420101613e-06
n,30.4587459564209, 0.02631760947406292, 1.3313947420101613e-06
n,30.4587459564209, 0.02631760947406292, 1.3313947420101613e-06
n,30.4587459564209, 0.02631760947406292, 1.3313947420101613e-06
n,30.4587459564209, 0.02631760947406292, 1.3313947420101613e-06
n,30.4587459564209, 0.02631760947406292, 1.3313947420101613e-06
n,30.4587459564209, 0.02631760947406292, 1.3313947420101613e-06
n,30.4587459564209, 0.02631760947406292, 1.3313947420101613e-06
n,30.4587459564209, 0.02631760947406292, 1.3313947420101613e-06
n,30.4587459564209, 0.02631760947406292, 1.3313947420101613e-06
n,30.4587459564209, 0.02631760947406292, 1.3313947420101613e-06
n,30.4587459564209, 0.02631760947406292, 1.3313947420101613e-06
n,30.4587459564209, 0.02631760947406292, 1.3313947420101613e-06
n,30.4587459564209, 0.02631760947406292, 1.3313947420101613e-06
n,30.4587459564209, 0.02631760947406292, 1.3313947420101613e-06
n,30.4587459564209, 0.02631760947406292, 1.3313947420101613e-06
n,30.4587459564209, 0.02631760947406292, 1.3313947420101613e-06
n,30.4587459564209, 0.02631760947406292, 1.3313947420101613e-06
n,30.4587459564209, 0.02631760947406292, 1.3313947420101613e-06
n,30.4587459564209, 0.02631760947406292, 1.3313947420101613e-06
n,30.4587459564209, 0.02631760947406292, 1.3313947420101613e-06
n,30.4587459564209, 0.02631760947406292, 1.3313947420101613e-06
n,30.4587459564209, 0.02631760947406292, 1.3313947420101613e-06
n,30.4587459564209, 0.02631760947406292, 1.3313947420101613e-06
n,30.4587459564209, 0.02631760947406292, 1.3313947420101613e-06
n,30.4587459564209, 0.02631760947406292, 1.3313947420101613e-06
n,30.4587459564209, 0.02631760947406292, 1.3313947420101613e-06
n,30.4587459564209, 0.02631760947406292, 1.3313947420101613e-06
n,30.4587459564209, 0.02631760947406292, 1.3313947420101613e-06
n,30.4587459564209, 0.02631760947406292, 1.3313947420101613e-06
n,30.4587459564209, 0.02631760947406292, 1.3313947420101613e-06
n,30.4587459564209, 0.02631760947406292, 1.3313947420101613e-06
n,30.4587459564209, 0.02631760947406292, 1.3313947420101613e-06
n,30.4587459564209, 0.02631760947406292, 1.3313947420101613e-06
n,30.4587459564209, 0.02631760947406292, 1.3313947420101613e-06
n,30.4587459564209, 0.02631760947406292, 1.3313947420101613e-06
n,30.4587459564209, 0.02631760947406292, 1.3313947420101613e-06
n,30.4587459564209, 0.02631760947406292, 1.3313947420101613e-06
n,30.4587459564209, 0.02631760947406292, 1.3313947420101613e-06
n,30.4587459564209, 0.02631760947406292, 1.3313947420101613e-06
n,30.4587459564209, 0.02631760947406292, 1.3313947420101613e-06
n,30.4587459564209, 0.02631760947406292, 1.3313947420101613e-06
n,30.4587459564209, 0.02631760947406292, 1.3313947420101613e-06
n,30.4587459564209, 0.02631760947406292, 1.3313947420101613e-06
n,30.4587459564209, 0.02631760947406292, 1.3313947420101613e-06
n,30.4587459564209, 0.02631760947406292, 1.3313947420101613e-06
n,30.4587459564209, 0.02631760947406292, 1.3313947420101613e-06
n,30.4587459564209, 0.02631760947406292, 1.3313947420101613e-06
n,30.4587459564209, 0.02631760947406292, 1.3313947420101613e-06
n,30.4587459564209, 0.02631760947406292, 1.3313947420101613e-06
n,30.4587459564209, 0.02631760947406292, 1.3313947420101613e-06
n,30.4587459564209, 0.02631760947406292, 1.3313947420101613e-06
n,30.4587459564209, 0.02631760947406292, 1.3313947420101613e-06
n,30.4587459564209, 0.02631760947406292, 1.3313947420101613e-06
n,30.4587459564209, 0.02631760947406292, 1.3313947420101613e-06
n,30.4587459564209, 0.02631760947406292, 1.3313947420101613e-06
n,30.4587459564209, 0.02631760947406292, 1.3313947420101613e-06
n,30.4587459564209, 0.02631760947406292, 1.3313947420101613e-06
n,30.4587459564209, 0.02631760947406292, 1.3313947420101613e-06
n,30.4587459564209, 0.02631760947406292, 1.3313947420101613e-06
n,-30.4587459564209, -0.02631760947406292, -1.3313947420101613e-06
n,-30.4587459564209, -0.02631760947406292, -1.3313947420101613e-06
n,-30.4587459564209, -0.02631760947406292, -1.3313947420101613e-06
n,-30.4587459564209, -0.02631760947406292, -1.3313947420101613e-06
n,-30.4587459564209, -0.02631760947406292, -1.3313947420101613e-06
n,-30.4587459564209, -0.02631760947406292, -1.3313947420101613e-06
n,-30.4587459564209, -0.02631760947406292, -1.3313947420101613e-06
n,-30.4587459564209, -0.02631760947406292, -1.3313947420101613e-06
n,-30.4587459564209, -0.02631760947406292, -1.3313947420101613e-06
n,-30.4587459564209, -0.02631760947406292, -1.3313947420101613e-06
n,-30.4587459564209, -0.02631760947406292, -1.3313947420101613e-06
n,-30.4587459564209, -0.02631760947406292, -1.3313947420101613e-06
n,-30.4587459564209, -0.02631760947406292, -1.3313947420101613e-06
n,-30.4587459564209, -0.02631760947406292, -1.3313947420101613e-06
n,-30.4587459564209, -0.02631760947406292, -1.3313947420101613e-06
n,-30.4587459564209, -0.02631760947406292, -1.3313947420101613e-06
n,-30.4587459564209, -0.02631760947406292, -1.3313947420101613e-06
n,-30.4587459564209, -0.02631760947406292, -1.3313947420101613e-06
n,-30.4587459564209, -0.02631760947406292, -1.3313947420101613e-06
n,-30.4587459564209, -0.02631760947406292, -1.3313947420101613e-06
n,-30.4587459564209, -0.02631760947406292, -1.3313947420101613e-06
n,-30.4587459564209, -0.02631760947406292, -1.3313947420101613e-06
n,-30.4587459564209, -0.02631760947406292, -1.3313947420101613e-06
n,-30.4587459564209, -0.02631760947406292, -1.3313947420101613e-06
n,-30.4587459564209, -0.02631760947406292, -1.3313947420101613e-06
n,-30.4587459564209, -0.02631760947406292, -1.3313947420101613e-06
n,-30.4587459564209, -0.02631760947406292, -1.3313947420101613e-06
n,-30.4587459564209, -0.02631760947406292, -1.3313947420101613e-06
n,-30.4587459564209, -0.02631760947406292, -1.3313947420101613e-06
n,-30.4587459564209, -0.02631760947406292, -1.3313947420101613e-06
n,-30.4587459564209, -0.02631760947406292, -1.3313947420101613e-06
n,-30.4587459564209, -0.02631760947406292, -1.3313947420101613e-06
n,-30.4587459564209, -0.02631760947406292, -1.3313947420101613e-06
n,-30.4587459564209, -0.02631760947406292, -1.3313947420101613e-06
n,-30.4587459564209, -0.02631760947406292, -1.3313947420101613e-06
n,-30.4587459564209, -0.02631760947406292, -1.3313947420101613e-06
n,-30.4587459564209, -0.02631760947406292, -1.3313947420101613e-06
n,-30.4587459564209, -0.02631760947406292, -1.3313947420101613e-06
n,-30.4587459564209, -0.02631760947406292, -1.3313947420101613e-06
n,-30.4587459564209, -0.02631760947406292, -1.3313947420101613e-06
n,-30.4587459564209, -0.02631760947406292, -1.3313947420101613e-06
n,-30.4587459564209, -0.02631760947406292, -1.3313947420101613e-06
n,-30.4587459564209, -0.02631760947406292, -1.3313947420101613e-06
n,-30.4587459564209, -0.02631760947406292, -1.3313947420101613e-06
n,-30.4587459564209, -0.02631760947406292, -1.3313947420101613e-06
n,-30.4587459564209, -0.02631760947406292, -1.3313947420101613e-06
n,-30.4587459564209, -0.02631760947406292, -1.3313947420101613e-06
n,-30.4587459564209, -0.02631760947406292, -1.3313947420101613e-06
n,-30.4587459564209, -0.02631760947406292, -1.3313947420101613e-06
n,-30.4587459564209, -0.02631760947406292, -1.3313947420101613e-06
n,-30.4587459564209, -0.02631760947406292, -1.3313947420101613e-06
n,-30.4587459564209, -0.02631760947406292, -1.3313947420101613e-06
n,-30.4587459564209, -0.02631760947406292, -1.3313947420101613e-06
n,-30.4587459564209, -0.02631760947406292, -1.3313947420101613e-06
n,-30.4587459564209, -0.02631760947406292, -1.3313947420101613e-06
n,-30.4587459564209, -0.02631760947406292, -1.3313947420101613e-06
n,-30.4587459564209, -0.02631760947406292, -1.3313947420101613e-06
n,-30.4587459564209, -0.02631760947406292, -1.3313947420101613e-06
n,-30.4587459564209, -0.02631760947406292, -1.3313947420101613e-06
n,-30.4587459564209, -0.02631760947406292, -1.3313947420101613e-06
n,-30.4587459564209, -0.02631760947406292, -1.3313947420101613e-06
n,-30.4587459564209, -0.02631760947406292, -1.3313947420101613e-06
n,-30.4587459564209, -0.02631760947406292, -1.3313947420101613e-06
n,-30.4587459564209, -0.02631760947406292, -1.3313947420101613e-06
n,-30.4587459564209, -0.02631760947406292, -1.3313947420101613e-06
n,-30.4587459564209, -0.02631760947406292, -1.3313947420101613e-06
n,-30.4587459564209, -0.02631760947406292, -1.3313947420101613e-06
n,-30.4587459564209, -0.02631760947406292, -1.3313947420101613e-06
n,-30.4587459564209, -0.02631760947406292, -1.3313947420101613e-06
n,-30.4587459564209, -0.02631760947406292, -1.3313947420101613e-06
n,-30.4587459564209, -0.02631760947406292, -1.3313947420101613e-06
n,-30.4587459564209, -0.02631760947406292, -1.3313947420101613e-06
n,-30.4587459564209, -0.02631760947406292, -1.3313947420101613e-06
n,-30.4587459564209, -0.02631760947406292, -1.3313947420101613e-06
n,-30.4587459564209, -0.02631760947406292, -1.3313947420101613e-06
n,-30.4587459564209, -0.02631760947406292, -1.3313947420101613e-06
n,-30.4587459564209, -0.02631760947406292, -1.3313947420101613e-06
n,-30.4587459564209, -0.02631760947406292, -1.3313947420101613e-06
n,-30.4587459564209, -0.02631760947406292, -1.3313947420101613e-06
n,-30.4587459564209, -0.02631760947406292, -1.3313947420101613e-06
n,-30.4587459564209, -0.02631760947406292, -1.3313947420101613e-06
n,-30.4587459564209, -0.02631760947406292, -1.3313947420101613e-06
n,-30.4587459564209, -0.02631760947406292, -1.3313947420101613e-06
n,-30.4587459564209, -0.02631760947406292, -1.3313947420101613e-06
n,-30.4587459564209, -0.02631760947406292, -1.3313947420101613e-06
n,-30.4587459564209, -0.02631760947406292, -1.3313947420101613e-06
n,-30.4587459564209, -0.02631760947406292, -1.3313947420101613e-06
n,-30.4587459564209, -0.02631760947406292, -1.3313947420101613e-06
n,-30.4587459564209, -0.02631760947406292, -1.3313947420101613e-06
n,-30.4587459564209, -0.02631760947406292, -1.3313947420101613e-06
n,-30.4587459564209, -0.02631760947406292, -1.3313947420101613e-06
n,-30.4587459564209, -0.02631760947406292, -1.3313947420101613e-06
n,-30.4587459564209, -0.02631760947406292, -1.3313947420101613e-06
n,-30.4587459564209, -0.02631760947406292, -1.3313947420101613e-06
n,-30.4587459564209, -0.02631760947406292, -1.3313947420101613e-06
n,-30.4587459564209, -0.02631760947406292, -1.3313947420101613e-06
n,-30.4587459564209, -0.02631760947406292, -1.3313947420101613e-06
n,-30.4587459564209, -0.02631760947406292, -1.3313947420101613e-06
n,-30.4587459564209, -0.02631760947406292, -1.3313947420101613e-06
n,-30.4587459564209, -0.02631760947406292, -1.3313947420101613e-06
n,-30.4587459564209, -0.02631760947406292, -1.3313947420101613e-06
n,-30.4587459564209, -0.02631760947406292, -1.3313947420101613e-06
n,-30.4587459564209, -0.02631760947406292, -1.3313947420101613e-06
n,-30.4587459564209, -0.02631760947406292, -1.3313947420101613e-06
n,-30.4587459564209, -0.02631760947406292, -1.3313947420101613e-06
n,-30.4587459564209, -0.02631760947406292, -1.3313947420101613e-06
n,-30.4587459564209, -0.02631760947406292, -1.3313947420101613e-06
n,-30.4587459564209, -0.02631760947406292, -1.3313947420101613e-06
n,-30.4587459564209, -0.02631760947406292, -1.3313947420101613e-06
n,-30.4587459564209, -0.02631760947406292, -1.3313947420101613e-06
n,-30.4587459564209, -0.02631760947406292, -1.3313947420101613e-06
n,-30.4587459564209, -0.02631760947406292, -1.3313947420101613e-06
n,-30.4587459564209, -0.02631760947406292, -1.3313947420101613e-06
n,-30.4587459564209, -0.02631760947406292, -1.3313947420101613e-06
n,-30.4587459564209, -0.02631760947406292, -1.3313947420101613e-06
n,-30.4587459564209, -0.02631760947406292, -1.3313947420101613e-06
n,-30.4587459564209, -0.02631760947406292, -1.3313947420101613e-06
n,-30.4587459564209, -0.02631760947406292, -1.3313947420101613e-06
n,-30.4587459564209, -0.02631760947406292, -1.3313947420101613e-06
n,-30.4587459564209, -0.02631760947406292, -1.3313947420101613e-06
n,-30.4587459564209, -0.02631760947406292, -1.3313947420101613e-06
n,-30.4587459564209, -0.02631760947406292, -1.3313947420101613e-06
n,-30.4587459564209, -0.02631760947406292, -1.3313947420101613e-06
n,-30.4587459564209, -0.02631760947406292, -1.3313947420101613e-06
n,-30.4587459564209, -0.02631760947406292, -1.3313947420101613e-06
n,-30.4587459564209, -0.02631760947406292, -1.3313947420101613e-06
n,-30.4587459564209, -0.02631760947406292, -1.3313947420101613e-06
n,-30.4587459564209, -0.02631760947406292, -1.3313947420101613e-06
n,-30.4587459564209, -0.02631760947406292, -1.3313947420101613e-06
n,-30.4587459564209, -0.02631760947406292, -1.3313947420101613e-06
n,-30.4587459564209, -0.02631760947406292, -1.3313947420101613e-06
n,-30.4587459564209, -0.02631760947406292, -1.3313947420101613e-06
n,-30.4587459564209, -0.02631760947406292, -1.3313947420101613e-06
n,-30.4587459564209, -0.02631760947406292, -1.3313947420101613e-06
n,-30.4587459564209, -0.02631760947406292, -1.3313947420101613e-06
n,-30.4587459564209, -0.02631760947406292, -1.3313947420101613e-06
n,-30.4587459564209, -0.02631760947406292, -1.3313947420101613e-06
n,-30.4587459564209, -0.02631760947406292, -1.3313947420101613e-06
n,-30.4587459564209, -0.02631760947406292, -1.3313947420101613e-06
n,-30.4587459564209, -0.02631760947406292, -1.3313947420101613e-06
n,-30.4587459564209, -0.02631760947406292, -1.3313947420101613e-06
n,-30.4587459564209, -0.02631760947406292, -1.3313947420101613e-06
n,-30.4587459564209, -0.02631760947406292, -1.3313947420101613e-06
n,-30.4587459564209, -0.02631760947406292, -1.3313947420101613e-06
n,-30.4587459564209, -0.02631760947406292, -1.3313947420101613e-06
n,-30.4587459564209, -0.02631760947406292, -1.3313947420101613e-06
n,-30.4587459564209, -0.02631760947406292, -1.3313947420101613e-06
n,-30.4587459564209, -0.02631760947406292, -1.3313947420101613e-06
n,-30.4587459564209, -0.02631760947406292, -1.3313947420101613e-06
n,-30.4587459564209, -0.02631760947406292, -1.3313947420101613e-06
n,-30.4587459564209, -0.02631760947406292, -1.3313947420101613e-06
n,-30.4587459564209, -0.02631760947406292, -1.3313947420101613e-06
n,-30.4587459564209, -0.02631760947406292, -1.3313947420101613e-06
n,-30.4587459564209, -0.02631760947406292, -1.3313947420101613e-06
n,-30.4587459564209, -0.02631760947406292, -1.3313947420101613e-06
n,-30.4587459564209, -0.02631760947406292, -1.3313947420101613e-06
n,-30.4587459564209, -0.02631760947406292, -1.3313947420101613e-06
n,-30.4587459564209, -0.02631760947406292, -1.3313947420101613e-06
n,-30.4587459564209, -0.02631760947406292, -1.3313947420101613e-06
n,-30.4587459564209, -0.02631760947406292, -1.3313947420101613e-06
n,-30.4587459564209, -0.02631760947406292, -1.3313947420101613e-06
n,-30.4587459564209, -0.02631760947406292, -1.3313947420101613e-06
n,-30.4587459564209, -0.02631760947406292, -1.3313947420101613e-06
n,-30.4587459564209, -0.02631760947406292, -1.3313947420101613e-06
n,-30.4587459564209, -0.02631760947406292, -1.3313947420101613e-06
n,-30.4587459564209, -0.02631760947406292, -1.3313947420101613e-06
n,-30.4587459564209, -0.02631760947406292, -1.3313947420101613e-06
n,-30.4587459564209, -0.02631760947406292, -1.3313947420101613e-06
n,-30.4587459564209, -0.02631760947406292, -1.3313947420101613e-06
n,-30.4587459564209, -0.02631760947406292, -1.3313947420101613e-06
n,-30.4587459564209, -0.02631760947406292, -1.3313947420101613e-06
n,-30.4587459564209, -0.02631760947406292, -1.3313947420101613e-06
n,-30.4587459564209, -0.02631760947406292, -1.3313947420101613e-06
n,-30.4587459564209, -0.02631760947406292, -1.3313947420101613e-06
n,-30.4587459564209, -0.02631760947406292, -1.3313947420101613e-06
n,-30.4587459564209, -0.02631760947406292, -1.3313947420101613e-06
n,-30.4587459564209, -0.02631760947406292, -1.3313947420101613e-06
n,-30.4587459564209, -0.02631760947406292, -1.3313947420101613e-06
n,-30.4587459564209, -0.02631760947406292, -1.3313947420101613e-06
n,-30.4587459564209, -0.02631760947406292, -1.3313947420101613e-06
n,-30.4587459564209, -0.02631760947406292, -1.3313947420101613e-06
n,-30.4587459564209, -0.02631760947406292, -1.3313947420101613e-06
n,-30.4587459564209, -0.02631760947406292, -1.3313947420101613e-06
n,-30.4587459564209, -0.02631760947406292, -1.3313947420101613e-06
n,-30.4587459564209, -0.02631760947406292, -1.3313947420101613e-06
n,-30.4587459564209, -0.02631760947406292, -1.3313947420101613e-06
n,-30.4587459564209, -0.02631760947406292, -1.3313947420101613e-06
n,-30.4587459564209, -0.02631760947406292, -1.3313947420101613e-06
n,-30.4587459564209, -0.02631760947406292, -1.3313947420101613e-06
n,-30.4587459564209, -0.02631760947406292, -1.3313947420101613e-06
n,-30.4587459564209, -0.02631760947406292, -1.3313947420101613e-06
n,-30.4587459564209, -0.02631760947406292, -1.3313947420101613e-06
n,-30.4587459564209, -0.02631760947406292, -1.3313947420101613e-06
n,-30.4587459564209, -0.02631760947406292, -1.3313947420101613e-06
n,-30.4587459564209, -0.02631760947406292, -1.3313947420101613e-06
n,-30.4587459564209, -0.02631760947406292, -1.3313947420101613e-06
n,-30.4587459564209, -0.02631760947406292, -1.3313947420101613e-06
n,-30.4587459564209, -0.02631760947406292, -1.3313947420101613e-06
n,-30.4587459564209, -0.02631760947406292, -1.3313947420101613e-06
n,-30.4587459564209, -0.02631760947406292, -1.3313947420101613e-06
n,-30.4587459564209, -0.02631760947406292, -1.3313947420101613e-06
n,-30.4587459564209, -0.02631760947406292, -1.3313947420101613e-06
n,-30.4587459564209, -0.02631760947406292, -1.3313947420101613e-06
n,-30.4587459564209, -0.02631760947406292, -1.3313947420101613e-06
n,-30.4587459564209, -0.02631760947406292, -1.3313947420101613e-06
n,-30.4587459564209, -0.02631760947406292, -1.3313947420101613e-06
n,-30.4587459564209, -0.02631760947406292, -1.3313947420101613e-06
n,-30.4587459564209, -0.02631760947406292, -1.3313947420101613e-06
n,-30.4587459564209, -0.02631760947406292, -1.3313947420101613e-06
n,-30.4587459564209, -0.02631760947406292, -1.3313947420101613e-06
n,-30.4587459564209, -0.02631760947406292, -1.3313947420101613e-06
n,-30.4587459564209, -0.02631760947406292, -1.3313947420101613e-06
n,-30.4587459564209, -0.02631760947406292, -1.3313947420101613e-06
n,-30.4587459564209, -0.02631760947406292, -1.3313947420101613e-06
n,-30.4587459564209, -0.02631760947406292, -1.3313947420101613e-06
n,-30.4587459564209, -0.02631760947406292, -1.3313947420101613e-06
n,-30.4587459564209, -0.02631760947406292, -1.3313947420101613e-06
n,-30.4587459564209, -0.02631760947406292, -1.3313947420101613e-06
n,-30.4587459564209, -0.02631760947406292, -1.3313947420101613e-06
n,-30.4587459564209, -0.02631760947406292, -1.3313947420101613e-06
n,-30.4587459564209, -0.02631760947406292, -1.3313947420101613e-06
n,-30.4587459564209, -0.02631760947406292, -1.3313947420101613e-06
n,-30.4587459564209, -0.02631760947406292, -1.3313947420101613e-06
n,-30.4587459564209, -0.02631760947406292, -1.3313947420101613e-06
n,-30.4587459564209, -0.02631760947406292, -1.3313947420101613e-06
n,-30.4587459564209, -0.02631760947406292, -1.3313947420101613e-06
n,-30.4587459564209, -0.02631760947406292, -1.3313947420101613e-06
n,-30.4587459564209, -0.02631760947406292, -1.3313947420101613e-06
n,-30.4587459564209, -0.02631760947406292, -1.3313947420101613e-06
n,-30.4587459564209, -0.02631760947406292, -1.3313947420101613e-06
n,-30.4587459564209, -0.02631760947406292, -1.3313947420101613e-06
n,-30.4587459564209, -0.02631760947406292, -1.3313947420101613e-06
n,-30.4587459564209, -0.02631760947406292, -1.3313947420101613e-06
n,-30.4587459564209, -0.02631760947406292, -1.3313947420101613e-06
n,-30.4587459564209, -0.02631760947406292, -1.3313947420101613e-06
n,-30.4587459564209, -0.02631760947406292, -1.3313947420101613e-06
n,-30.4587459564209, -0.02631760947406292, -1.3313947420101613e-06
n,-30.4587459564209, -0.02631760947406292, -1.3313947420101613e-06
n,-30.4587459564209, -0.02631760947406292, -1.3313947420101613e-06
n,-30.4587459564209, -0.02631760947406292, -1.3313947420101613e-06
n,-30.4587459564209, -0.02631760947406292, -1.3313947420101613e-06
n,-30.4587459564209, -0.02631760947406292, -1.3313947420101613e-06
n,-30.4587459564209, -0.02631760947406292, -1.3313947420101613e-06
n,-30.4587459564209, -0.02631760947406292, -1.3313947420101613e-06
n,-30.4587459564209, -0.02631760947406292, -1.3313947420101613e-06
n,-30.4587459564209, -0.02631760947406292, -1.3313947420101613e-06
n,-30.4587459564209, -0.02631760947406292, -1.3313947420101613e-06
n,-30.4587459564209, -0.02631760947406292, -1.3313947420101613e-06
n,-30.4587459564209, -0.02631760947406292, -1.3313947420101613e-06
n,-30.4587459564209, -0.02631760947406292, -1.3313947420101613e-06
n,-30.4587459564209, -0.02631760947406292, -1.3313947420101613e-06
n,-30.4587459564209, -0.02631760947406292, -1.3313947420101613e-06
n,-30.4587459564209, -0.02631760947406292, -1.3313947420101613e-06
n,-30.4587459564209, -0.02631760947406292, -1.3313947420101613e-06
n,-30.4587459564209, -0.02631760947406292, -1.3313947420101613e-06
n,-30.4587459564209, -0.02631760947406292, -1.3313947420101613e-06
n,-30.4587459564209, -0.02631760947406292, -1.3313947420101613e-06
n,-30.4587459564209, -0.02631760947406292, -1.3313947420101613e-06
n,-30.4587459564209, -0.02631760947406292, -1.3313947420101613e-06
n,-30.4587459564209, -0.02631760947406292, -1.3313947420101613e-06
n,-30.4587459564209, -0.02631760947406292, -1.3313947420101613e-06
n,-30.4587459564209, -0.02631760947406292, -1.3313947420101613e-06
n,-30.4587459564209, -0.02631760947406292, -1.3313947420101613e-06
n,-30.4587459564209, -0.02631760947406292, -1.3313947420101613e-06
n,-30.4587459564209, -0.02631760947406292, -1.3313947420101613e-06
n,-30.4587459564209, -0.02631760947406292, -1.3313947420101613e-06
n,-30.4587459564209, -0.02631760947406292, -1.3313947420101613e-06
n,-30.4587459564209, -0.02631760947406292, -1.3313947420101613e-06
n,-30.4587459564209, -0.02631760947406292, -1.3313947420101613e-06
n,-30.4587459564209, -0.02631760947406292, -1.3313947420101613e-06
n,-30.4587459564209, -0.02631760947406292, -1.3313947420101613e-06
n,-30.4587459564209, -0.02631760947406292, -1.3313947420101613e-06
n,-30.4587459564209, -0.02631760947406292, -1.3313947420101613e-06
n,-30.4587459564209, -0.02631760947406292, -1.3313947420101613e-06
n,-30.4587459564209, -0.02631760947406292, -1.3313947420101613e-06
n,-30.4587459564209, -0.02631760947406292, -1.3313947420101613e-06
n,-30.4587459564209, -0.02631760947406292, -1.3313947420101613e-06
n,-30.4587459564209, -0.02631760947406292, -1.3313947420101613e-06
n,-30.4587459564209, -0.02631760947406292, -1.3313947420101613e-06
n,-30.4587459564209, -0.02631760947406292, -1.3313947420101613e-06
n,-30.4587459564209, -0.02631760947406292, -1.3313947420101613e-06
n,-30.4587459564209, -0.02631760947406292, -1.3313947420101613e-06
n,-30.4587459564209, -0.02631760947406292, -1.3313947420101613e-06
n,-30.4587459564209, -0.02631760947406292, -1.3313947420101613e-06
n,-30.4587459564209, -0.02631760947406292, -1.3313947420101613e-06
n,-30.4587459564209, -0.02631760947406292, -1.3313947420101613e-06
n,-30.4587459564209, -0.02631760947406292, -1.3313947420101613e-06
n,-30.4587459564209, -0.02631760947406292, -1.3313947420101613e-06
n,-30.4587459564209, -0.02631760947406292, -1.3313947420101613e-06
n,-30.4587459564209, -0.02631760947406292, -1.3313947420101613e-06
n,-30.4587459564209, -0.02631760947406292, -1.3313947420101613e-06
n,-30.4587459564209, -0.02631760947406292, -1.3313947420101613e-06
n,-30.4587459564209, -0.02631760947406292, -1.3313947420101613e-06
n,-30.4587459564209, -0.02631760947406292, -1.3313947420101613e-06
n,-30.4587459564209, -0.02631760947406292, -1.3313947420101613e-06
n,-30.4587459564209, -0.02631760947406292, -1.3313947420101613e-06
n,-30.4587459564209, -0.02631760947406292, -1.3313947420101613e-06
n,-30.4587459564209, -0.02631760947406292, -1.3313947420101613e-06
n,-30.4587459564209, -0.02631760947406292, -1.3313947420101613e-06
n,-30.4587459564209, -0.02631760947406292, -1.3313947420101613e-06
n,-30.4587459564209, -0.02631760947406292, -1.3313947420101613e-06
n,-30.4587459564209, -0.02631760947406292, -1.3313947420101613e-06
n,-30.4587459564209, -0.02631760947406292, -1.3313947420101613e-06
n,-30.4587459564209, -0.02631760947406292, -1.3313947420101613e-06
n,-30.4587459564209, -0.02631760947406292, -1.3313947420101613e-06
n,-30.4587459564209, -0.02631760947406292, -1.3313947420101613e-06
n,-30.4587459564209, -0.02631760947406292, -1.3313947420101613e-06
n,-30.4587459564209, -0.02631760947406292, -1.3313947420101613e-06
n,-30.4587459564209, -0.02631760947406292, -1.3313947420101613e-06
n,-30.4587459564209, -0.02631760947406292, -1.3313947420101613e-06
n,-30.4587459564209, -0.02631760947406292, -1.3313947420101613e-06
n,-30.4587459564209, -0.02631760947406292, -1.3313947420101613e-06
n,-30.4587459564209, -0.02631760947406292, -1.3313947420101613e-06
n,-30.4587459564209, -0.02631760947406292, -1.3313947420101613e-06
n,-30.4587459564209, -0.02631760947406292, -1.3313947420101613e-06
n,-30.4587459564209, -0.02631760947406292, -1.3313947420101613e-06
n,-30.4587459564209, -0.02631760947406292, -1.3313947420101613e-06
n,-30.4587459564209, -0.02631760947406292, -1.3313947420101613e-06
n,-30.4587459564209, -0.02631760947406292, -1.3313947420101613e-06
n,-30.4587459564209, -0.02631760947406292, -1.3313947420101613e-06
n,-30.4587459564209, -0.02631760947406292, -1.3313947420101613e-06
n,-30.4587459564209, -0.02631760947406292, -1.3313947420101613e-06
n,-30.4587459564209, -0.02631760947406292, -1.3313947420101613e-06
n,-30.4587459564209, -0.02631760947406292, -1.3313947420101613e-06
n,-30.4587459564209, -0.02631760947406292, -1.3313947420101613e-06
n,-30.4587459564209, -0.02631760947406292, -1.3313947420101613e-06
n,-30.4587459564209, -0.02631760947406292, -1.3313947420101613e-06
n,-30.4587459564209, -0.02631760947406292, -1.3313947420101613e-06
n,0.01880212500691414, -21.761760711669922, 21.311059951782227
n,0.011593243107199669, -13.418848991394043, 27.34356117248535
n,-0.020965993404388428, 24.265972137451172, -18.409183502197266
n,-0.025769956409931183, 29.82460594177246, 6.182896614074707
n,0.007723208051174879, -8.936999320983887, -29.118139266967773
n,-0.006618361454457045, 7.661267280578613, -29.47949981689453
n,0.02014007233083248, -23.310150146484375, 19.605417251586914
n,0.0166030190885067, -19.214345932006836, -23.633548736572266
n,-0.01977301388978958, 22.885360717773438, -20.099647521972656
n,-0.014985292218625546, 17.341995239257812, 25.039785385131836
n,0.009308766573667526, -10.77208137512207, -28.490318298339844
n,-0.0073698414489626884, 8.53098201751709, -29.23967170715332
n,0.02118636481463909, -24.5210018157959, 18.06809425354004
n,0.010831320658326149, -12.53705883026123, 27.758926391601562
n,-0.01851714961230755, 21.431961059570312, -21.642704010009766
n,-0.013301704078912735, 15.393426895141602, 26.28265953063965
n,0.010911825112998486, -12.627423286437988, -27.717937469482422
n,-0.008108780719339848, 9.386181831359863, -28.976463317871094
n,0.02215854451060295, -25.646074295043945, 16.432113647460938
n,0.010011651553213596, -11.588433265686035, 28.168140411376953
n,-0.017094269394874573, 19.785263061523438, -23.157697677612305
n,-0.008833740837872028, 10.225202560424805, -28.691133499145508
n,0.01606498658657074, -18.591629028320312, -24.126480102539062
n,-0.011617623269557953, 13.444300651550293, 27.331056594848633
n,0.023041626438498497, -26.66802406311035, 14.715703010559082
n,0.012509707361459732, -14.47678279876709, -26.798480987548828
n,-0.015478207729756832, 17.91498565673828, -24.633087158203125
n,-0.009669325314462185, 11.192249298095703, -28.327892303466797
n,0.009160528890788555, -10.60340404510498, 28.553525924682617
n,-0.013984709046781063, 16.186540603637695, -25.801774978637695
n,0.014078342355787754, -16.292299270629883, -25.73512840270996
n,0.008279670961201191, -9.583958625793457, 28.911653518676758
n,-0.010584264993667603, 12.251133918762207, -27.88629722595215
n,-0.00996313989162445, 11.529436111450195, 28.192340850830078
n,0.023823773488402367, -27.57315444946289, 12.94050121307373
n,-0.012623372487723827, 14.611040115356445, -26.72551918029785
n,-0.02568805031478405, 29.72978973388672, 6.623813152313232
n,0.02589333988726139, -29.967439651489258, -5.448657512664795
n,-0.011392522603273392, 13.186552047729492, -27.456340789794922
n,0.015592952258884907, -18.045297622680664, -24.53778648376465
n,0.007371051702648401, -8.53238296508789, 29.2392635345459
n,-0.01144311111420393, 13.245098114013672, -27.428146362304688
n,-0.008362649008631706, 9.677069664001465, 28.8806209564209
n,0.024497102946043015, -28.352340698242188, 11.130138397216797
n,-0.010284310206770897, 11.9039888381958, -28.03624153137207
n,-0.01664983667433262, 19.26853370666504, 23.589387893676758
n,0.015544394962489605, -17.989097595214844, -24.579015731811523
n,-0.009287985041737556, 10.7509126663208, -28.498313903808594
n,-0.01224732305854559, 14.175830841064453, -26.95888900756836
n,0.006437314674258232, -7.45173454284668, 29.53316307067871
n,-0.006833892781287432, 7.90773344039917, 29.414344787597656
n,0.025057930499315262, -29.001323699951172, 9.309053421020508
n,0.0170309878885746, -19.70967674255371, -23.222063064575195
n,-0.008392124436795712, 9.714105606079102, -28.86818504333496
n,-0.012999095022678375, 15.04587173461914, -26.483156204223633
n,0.005481491796672344, -6.345524311065674, 29.790441513061523
n,-0.007585470099002123, 8.780536651611328, -29.165699005126953
n,-0.005388554651290178, 6.234947681427002, 29.813779830932617
n,0.018331540748476982, -21.21494483947754, -21.855472564697266
n,-0.006857601460069418, 7.938148498535156, -29.406150817871094
n,-0.01370101049542427, 15.8582124710083, -26.00486183166504
n,0.004507008008658886, -5.217714309692383, 30.008522033691406
n,-0.004032946191728115, 4.666017055511475, 30.099241256713867
n,0.0255068801343441, -29.52082633972168, 7.5004096031188965
n,0.025940651074051857, -30.0222110748291, -5.1382951736450195
n,-0.006199122406542301, 7.1760663986206055, -29.60135269165039
n,0.019547147676348686, -22.621904373168945, -20.395709991455078
n,0.0035176656674593687, -4.0727057456970215, 30.185245513916016
n,-0.005601796321570873, 6.484757900238037, -29.760440826416016
n,-0.014355644583702087, 16.615829467773438, -25.527435302734375
n,-0.0027694031596183777, 3.2036426067352295, 30.289812088012695
n,0.025848258286714554, -29.915828704833984, 5.725239276885986
n,0.020719779655337334, -23.97913360595703, -18.78128433227539
n,0.002517632907256484, -2.9153220653533936, 30.318918228149414
n,-0.005390208214521408, 6.2398786544799805, -29.812746047973633
n,-0.014965837821364403, 17.32201385498047, -25.053613662719727
n,0.015041515231132507, -17.407068252563477, -24.99459457397461
n,-0.017655642703175545, 20.43265724182129, 22.58854103088379
n,-0.00159686419647187, 1.846596360206604, 30.40273094177246
n,0.026089347898960114, -30.19476890563965, 4.001386642456055
n,-0.005739477463066578, 6.644100666046143, -29.72527313232422
n,-0.01553431898355484, 17.979923248291016, -24.585729598999023
n,0.0015110349049791694, -1.750338077545166, 30.408424377441406
n,-0.006560046691447496, 7.593777656555176, -29.496957778930664
n,-0.000512165657710284, 0.5912155508995056, 30.453022003173828
n,0.021824762225151062, -25.258079528808594, -17.02248191833496
n,-0.007448254153132439, 8.621731758117676, -29.21303939819336
n,0.02598361298441887, -30.071949005126953, -4.838710308074951
n,0.0005023776320740581, -0.582968533039093, 30.45318031311035
n,-0.019047953188419342, 22.04412841796875, 21.018848419189453
n,0.026239531114697456, -30.368499755859375, 2.3429393768310547
n,-0.02560199610888958, 29.630170822143555, 7.056083679199219
n,-0.008408879861235619, 9.733497619628906, -28.861650466918945
n,-0.016063902527093887, 18.59281349182129, -24.125564575195312
n,-0.009446240961551666, 10.934066772460938, -28.428543090820312
n,0.014556406065821648, -16.845605850219727, -25.37639045715332
n,0.022838061675429344, -26.430917739868164, -15.137438774108887
n,-0.010563256219029427, 12.22681999206543, -27.8969669342041
n,-0.016557328402996063, 19.163862228393555, -23.674503326416016
n,0.014089069329202175, -16.30471420288086, -25.727264404296875
n,-0.025512048974633217, 29.52604866027832, 7.4798126220703125
n,-0.011760960333049297, 13.612953186035156, -27.247446060180664
n,0.02373860776424408, -27.4732666015625, -13.15123462677002
n,-0.02037719264626503, 23.582616806030273, 19.276823043823242
n,0.013639234006404877, -15.78408145904541, -26.049924850463867
n,0.026309369131922722, -30.449247360229492, 0.7605778574943542
n,-0.013037141412496567, 15.08990478515625, -26.458091735839844
n,0.012891653925180435, -14.918843269348145, -26.5549259185791
n,0.026022586971521378, -30.1170711517334, -4.54942512512207
n,-0.00839465856552124, 9.71703815460205, -28.86719512939453
n,-0.014385296031832695, 16.650146484375, -25.50506591796875
n,-0.017017122358083725, 19.695981979370117, -23.233680725097656
n,-0.015792885795235634, 18.279165267944336, -24.364070892333984
n,0.011806797236204147, -13.663247108459473, -27.222261428833008
n,0.024510009214282036, -28.36615562438965, -11.094886779785156
n,-0.00825021043419838, 9.5498628616333, -28.92293357849121
n,-0.02615649625658989, 30.272451400756836, -3.363610029220581
n,0.026306619867682457, -30.445981979370117, -0.8817035555839539
n,-0.017240215092897415, 19.954166412353516, -23.01232147216797
n,-0.02161247842013836, 25.012372970581055, 17.381505966186523
n,0.010691789910197258, -12.372759819030762, -27.832550048828125
n,-0.008090883493423462, 9.365468978881836, -28.98316764831543
n,-0.018699273467063904, 21.642730712890625, -21.431934356689453
n,0.025142217054963112, -29.09794807434082, -9.002482414245605
n,-0.007914373651146889, 9.161187171936035, -29.048383712768555
n,-0.019974472001194954, 23.11850357055664, -19.83104705810547
n,0.025631945580244064, -29.66484260559082, -6.908865451812744
n,0.009553822688758373, -11.055702209472656, -28.3814640045166
n,0.026215389370918274, -30.34030532836914, -2.6834704875946045
n,0.026057902723550797, -30.157958984375, -4.269991397857666
n,-0.007717679254710674, 8.933547019958496, -29.119199752807617
n,-0.021036319434642792, 24.34735679626465, -18.301416397094727
n,-0.022726237773895264, 26.301488876342773, 15.361222267150879
n,-0.007497310638427734, 8.678506851196289, -29.19622230529785
n,-0.022027133032679558, 25.493995666503906, -16.667081832885742
n,0.025982514023780823, -30.070676803588867, -4.846600532531738
n,0.00840052217245102, -9.720903396606445, -28.865896224975586
n,0.026026174426078796, -30.12122344970703, -4.5218305587768555
n,0.02620275877416134, -30.3256778717041, -2.8440330028533936
n,-0.007248720154166222, 8.390804290771484, -29.280202865600586
n,-0.022930769249796867, 26.539735794067383, -14.94582748413086
n,-0.023696569725871086, 27.424610137939453, 13.252397537231445
n,-0.006966232787817717, 8.063871383666992, -29.371923446655273
n,-0.026238655671477318, 30.36724853515625, 2.3590879440307617
n,0.026089860126376152, -30.194955825805664, -3.9999914169311523
n,-1.331394059889135e-06, -1.1503792363143361e-09, 30.458759307861328
n,0.007239711470901966, -8.377415657043457, -29.284038543701172
n,0.026305541396141052, -30.444732666015625, -0.9238577485084534
n,-0.006642509251832962, 7.689214706420898, -29.47222137451172
n,0.02630499005317688, -30.44418716430664, 0.9415671825408936
n,-0.02450983040034771, 28.365947723388672, 11.095422744750977
n,-0.02373420260846615, 27.469499588012695, -13.159099578857422
n,-0.0062679932452738285, 7.255772590637207, -29.5819149017334
n,0.026305828243494034, -30.44515609741211, 0.9097601175308228
n,-0.0009818000253289938, 1.1347486972808838, 30.43761444091797
n,0.02573462948203087, -29.783710479736328, -6.376974582672119
n,0.006079140584915876, -7.034208297729492, -29.63538360595703
n,-0.02442827634513378, 28.272695541381836, -11.330926895141602
n,0.026118729263544083, -30.228382110595703, -3.739009141921997
n,0.0002726217790041119, -0.3170602321624756, 30.457111358642578
n,-0.005830069072544575, 6.748946189880371, -29.701644897460938
n,-0.02500826120376587, 28.943849563598633, -9.48624324798584
n,0.02620472013950348, -30.32823371887207, 2.8166420459747314
n,0.0008189957006834447, -0.9494066834449768, 30.443960189819336
n,-0.005311659071594477, 6.148969650268555, -29.831628799438477
n,-0.025160985067486763, 29.119670867919922, 8.93196964263916
n,0.0013626381987705827, -1.578591227531433, 30.41782569885254
n,0.025339700281620026, -29.3265438079834, -8.227335929870605
n,0.004926199093461037, -5.69983434677124, -29.92069435119629
n,-0.02620108798146248, 30.323745727539062, 2.8645570278167725
n,0.02598455920815468, -30.07353401184082, 4.828849792480469
n,0.0019029874820262194, -2.2039637565612793, 30.378915786743164
n,-0.004759212955832481, 5.509601593017578, -29.95630645751953
n,1.331394059889135e-06, 1.1503792363143361e-09, -30.458759307861328
n,-0.002913430565968156, 3.3703343868255615, 30.271718978881836
n,-0.025473788380622864, 29.48253631591797, -7.649540901184082
n,0.026144778355956078, -30.258543014526367, -3.4864964485168457
n,-0.004261059686541557, 4.933067321777344, -30.056625366210938
n,-0.025653570890426636, 29.68987464904785, 6.800480365753174
n,-0.02582857571542263, 29.893056869506836, -5.842974662780762
n,0.0024395163636654615, -2.8249142169952393, 30.327476501464844
n,0.003787952708080411, -4.382471084594727, -30.14183235168457
n,0.02562783844769001, -29.660789489746094, 6.926243782043457
n,0.002971579320728779, -3.440695285797119, 30.26380157470703
n,-0.0037805442698299885, 4.376946449279785, -30.14263343811035
n,0.024843895807862282, -28.75263214111328, -10.05094051361084
n,-0.026079587638378143, 30.1834774017334, -4.085710048675537
n,0.02512032724916935, -29.07352638244629, 9.08104133605957
n,0.0034981470089405775, -4.050116062164307, 30.18828582763672
n,-0.003317001275718212, 3.840467691421509, -30.21567153930664
n,-0.025998026132583618, 30.08863639831543, 4.733839988708496
n,-0.004782054107636213, 5.533005714416504, 29.95199203491211
n,-0.026156889274716377, 30.272565841674805, 3.362567663192749
n,-0.0028703866992145777, 3.323580503463745, -30.276885986328125
n,-0.026236137375235558, 30.364574432373047, -2.393280267715454
n,0.0244531761854887, -28.301509857177734, 11.25876522064209
n,0.004019209183752537, -4.653163909912109, 30.10123062133789
n,0.0026704862248152494, -3.089160442352295, -30.301700592041016
n,0.023625075817108154, -27.343215942382812, 13.419532775878906
n,0.004534034989774227, -5.248993396759033, 30.00306510925293
n,-0.002439730102196336, 2.8251616954803467, -30.327455520629883
n,0.024253366515040398, -28.069089889526367, -11.826309204101562
n,-0.02630901336669922, 30.448835372924805, -0.7769819498062134
n,0.022643178701400757, -26.206920623779297, 15.522007942199707
n,0.005041884258389473, -5.836749076843262, 29.894285202026367
n,-0.0020249655935913324, 2.345134735107422, -30.368345260620117
n,-0.026209652423858643, 30.333660125732422, 2.7575607299804688
n,0.005542876664549112, -6.416567325592041, 29.775218963623047
n,0.023577384650707245, -27.28665542602539, -13.534173965454102
n,-0.006563223898410797, 7.594470024108887, 29.496780395507812
n,0.001579269883222878, -1.8262335062026978, -30.40396499633789
n,-0.02630646899342537, 30.4458065032959, 0.887735903263092
n,0.02152338996529579, -24.911029815673828, 17.526437759399414
n,-0.0016250918852165341, 1.8823418617248535, -30.400541305541992
n,-0.026106378063559532, 30.214082717895508, 3.852837324142456
n,0.02028902992606163, -23.48253631591797, 19.39861297607422
n,0.006036101840436459, -6.987396240234375, 29.646453857421875
n,-0.0012400064151734114, 1.4366635084152222, -30.42485809326172
n,-0.02630641683936119, 30.44574737548828, 0.8897477388381958
n,0.006538159213960171, -7.568445682525635, 29.503467559814453
n,-0.0008687288500368595, 1.0069653987884521, -30.442110061645508
n,0.022827768698334694, -26.419002532958984, -15.158223152160645
n,-0.02621067315340042, 30.3348445892334, 2.7445385456085205
n,0.01896851323544979, -21.954320907592773, 21.112634658813477
n,0.007047870196402073, -8.158353805541992, 29.345821380615234
n,-0.008238710463047028, 9.533626556396484, 28.92828941345215
n,0.0005187614005990326, -0.5988490581512451, -30.452871322631836
n,-0.026002725586295128, 30.094078063964844, 4.699118137359619
n,0.0175925362855196, -20.361909866333008, 22.652334213256836
n,-0.0005111428909003735, 0.5931130051612854, -30.452985763549805
n,-0.0001662978029344231, 0.19400601089000702, -30.458141326904297
n,0.016474023461341858, -19.06745147705078, 23.752222061157227
n,0.007548077497631311, -8.737260818481445, 29.178693771362305
n,0.0220180731266737, -25.481821060180664, -16.685691833496094
n,-0.026306992396712303, 30.446500778198242, -0.8636509776115417
n,-0.02604985050857067, 30.14863395690918, 4.335319519042969
n,0.008037841878831387, -9.304081916809082, 29.0029296875
n,-0.025666890665888786, 29.70529556274414, 6.732803821563721
n,0.014731052331626415, -17.050294876098633, 25.239320755004883
n,0.008517510257661343, -9.85921859741211, 28.818946838378906
n,-0.009796728380024433, 11.336835861206055, 28.27033805847168
n,0.013142315670847893, -15.211625099182129, 26.38829803466797
n,0.019931690767407417, -23.068994522094727, 19.88861656188965
n,0.011713534593582153, -13.558066368103027, 27.27480125427246
n,0.008986330591142178, -10.401799201965332, 28.627582550048828
n,0.021162522956728935, -24.491579055786133, -18.107955932617188
n,-0.02621634304523468, 30.34168243408203, -2.6678781509399414
n,0.009444541297852993, -10.932099342346191, 28.429298400878906
n,0.0192145686596632, -22.239076614379883, 20.81247329711914
n,-0.025190357118844986, 29.153671264648438, 8.820350646972656
n,0.01043773628771305, -12.081551551818848, 27.960186004638672
n,0.009891681373119354, -11.449588775634766, 28.224863052368164
n,-0.025987641885876656, 30.076614379882812, 4.809628009796143
n,0.009301997721195221, -10.767129898071289, 28.4921875
n,0.010328151285648346, -11.954727172851562, 28.014646530151367
n,-0.011231597512960434, 12.997522354125977, 27.54633140563965
n,0.008291246369481087, -9.597355842590332, 28.907207489013672
n,0.020275423303246498, -23.464824676513672, -19.42003059387207
n,-0.026020165532827377, 30.114730834960938, -4.564889907836914
n,0.010753310285508633, -12.446775436401367, 27.799528121948242
n,0.01847604662179947, -21.3843936920166, 21.689706802368164
n,-0.024565061554312706, 28.42987632751465, 10.930575370788574
n,0.007390518207103014, -8.554912567138672, 29.23267936706543
n,0.011167701333761215, -12.926359176635742, 27.57979393005371
n,0.006585870403796434, -7.623663902282715, 29.48925018310547
n,0.011570851318538189, -13.392935752868652, 27.356264114379883
n,0.017720649018883705, -20.510173797607422, 22.518178939819336
n,-0.012542668730020523, 14.514931678771973, 26.7778377532959
n,0.005864887963980436, -6.789243698120117, 29.692459106445312
n,0.0195176899433136, -22.58780860900879, -20.43346405029297
n,-0.02378941886126995, 27.532079696655273, 13.027661323547363
n,0.005216672085225582, -6.039037704467773, 29.85407829284668
n,0.025652162730693817, -29.688243865966797, -6.807605743408203
n,-0.025703873485326767, 29.748767852783203, -6.538052558898926
n,-0.01373317465186119, 15.892807006835938, 25.983734130859375
n,0.016953280195593834, -19.62209701538086, 23.29611587524414
n,-0.025920048356056213, 29.99835968017578, 5.275767803192139
n,0.004631848074495792, -5.362196445465088, 29.983041763305664
n,0.02572118304669857, -29.768144607543945, -6.449246406555176
n,-0.014809180051088333, 17.138164520263672, 25.179738998413086
n,0.004174724221229553, -4.833148002624512, 30.07285499572754
n,0.01891038380563259, -21.884904861450195, -21.18458366394043
n,-0.02286927029490471, 26.467041015625, 15.074187278747559
n,0.004942277446389198, -5.721469879150391, 29.916563034057617
n,-0.02525545097887516, 29.229887008666992, -8.564401626586914
n,0.000611374678555876, -0.7060353755950928, -30.450576782226562
n,0.01617838814854622, -18.725309371948242, 24.022872924804688
n,-0.0003870563523378223, 0.44950127601623535, -30.455440521240234
n,-0.02181806042790413, 25.250320434570312, 17.03398895263672
n,0.005982957314699888, -6.92588996887207, 29.660884857177734
n,0.007086408790200949, -8.20295524597168, 29.33338737487793
n,0.02578405849635601, -29.840930938720703, -6.103607654571533
n,0.015400375239551067, -17.824909210205078, 24.698347091674805
n,-0.0011677434667944908, 1.3530299663543701, -30.428693771362305
n,0.00825151614844799, -9.551373481750488, 28.922433853149414
n,0.0183130893856287, -21.19359016418457, -21.87618064880371
n,-0.024666963145136833, 28.548904418945312, -10.615802764892578
n,-0.020655930042266846, 23.90523338317871, 18.875259399414062
n,0.001891250372864306, -2.1873061656951904, -30.3801212310791
n,-0.0019522233633324504, 2.260946750640869, -30.374727249145508
n,0.009475072845816612, -10.967435836791992, 28.415687561035156
n,0.014623349532485008, -16.925649642944336, 25.323076248168945
n,-0.025847379118204117, 29.914234161376953, 5.733570098876953
n,0.010751398280262947, -12.444561958312988, 27.800518035888672
n,0.0032488154247403145, -3.7584946155548096, -30.22597885131836
n,-0.0027384122367948294, 3.170840263366699, -30.293264389038086
n,0.012071789242327213, -13.972681999206543, 27.06473731994629
n,0.01772819645702839, -20.516630172729492, -22.512296676635742
n,-0.023936131969094276, 27.703176498413086, -12.65975284576416
n,-0.0035237246192991734, 4.079717636108398, -30.184297561645508
n,0.013850992545485497, -16.031789779663086, 25.898216247558594
n,-0.019407697021961212, 22.46050262451172, 20.573318481445312
n,0.013424196280539036, -15.537850379943848, 26.197538375854492
n,0.004679377190768719, -5.4141716957092285, -29.97369956970215
n,-0.0043067061342298985, 4.985896587371826, -30.047908782958984
n,0.014793191105127335, -17.122207641601562, 25.190589904785156
n,0.013086671940982342, -15.14722728729248, 26.425315856933594
n,-0.023067235946655273, 26.69765853881836, -14.661870956420898
n,-0.018100764602422714, 20.94784164428711, 22.111616134643555
n,0.006174847017973661, -7.144975662231445, -29.608871459960938
n,-0.005084789823740721, 5.886404991149902, -29.88454818725586
n,0.016160152852535248, -18.704206466674805, 24.039308547973633
n,0.01715772971510887, -19.856369018554688, -23.09676170349121
n,-0.022071437910199165, 25.545269012451172, -16.588390350341797
n,0.025841286405920982, -29.907182693481445, -5.770244121551514
n,0.012333310209214687, -14.275345802307129, 26.906326293945312
n,-0.01577850617468357, 18.26005744934082, 24.37839126586914
n,-0.01663399301469326, 19.250194549560547, 23.60435676574707
n,0.017503978684544563, -20.25942039489746, 22.74404525756836
n,-0.005855895113199949, 6.778835773468018, -29.69483757019043
n,0.01880212500691414, -21.761760711669922, 21.311059951782227
n,0.011593243107199669, -13.418848991394043, 27.34356117248535
n,-0.020965993404388428, 24.265972137451172, -18.409183502197266
n,-0.025769956409931183, 29.82460594177246, 6.182896614074707
n,0.007723208051174879, -8.936999320983887, -29.118139266967773
n,-0.006618361454457045, 7.661267280578613, -29.47949981689453
n,0.02014007233083248, -23.310150146484375, 19.605417251586914
n,0.0166030190885067, -19.214345932006836, -23.633548736572266
n,-0.01977301388978958, 22.885360717773438, -20.099647521972656
n,-0.014985292218625546, 17.341995239257812, 25.039785385131836
n,0.009308766573667526, -10.77208137512207, -28.490318298339844
n,-0.0073698414489626884, 8.53098201751709, -29.23967170715332
n,0.02118636481463909, -24.5210018157959, 18.06809425354004
n,0.010831320658326149, -12.53705883026123, 27.758926391601562
n,-0.01851714961230755, 21.431961059570312, -21.642704010009766
n,-0.013301704078912735, 15.393426895141602, 26.28265953063965
n,0.010911825112998486, -12.627423286437988, -27.717937469482422
n,-0.008108780719339848, 9.386181831359863, -28.976463317871094
n,0.02215854451060295, -25.646074295043945, 16.432113647460938
n,0.010011651553213596, -11.588433265686035, 28.168140411376953
n,-0.017094269394874573, 19.785263061523438, -23.157697677612305
n,-0.008833740837872028, 10.225202560424805, -28.691133499145508
n,0.01606498658657074, -18.591629028320312, -24.126480102539062
n,-0.011617623269557953, 13.444300651550293, 27.331056594848633
n,0.023041626438498497, -26.66802406311035, 14.715703010559082
n,0.012509707361459732, -14.47678279876709, -26.798480987548828
n,-0.015478207729756832, 17.91498565673828, -24.633087158203125
n,-0.009669325314462185, 11.192249298095703, -28.327892303466797
n,0.009160528890788555, -10.60340404510498, 28.553525924682617
n,-0.013984709046781063, 16.186540603637695, -25.801774978637695
n,0.014078342355787754, -16.292299270629883, -25.73512840270996
n,0.008279670961201191, -9.583958625793457, 28.911653518676758
n,-0.010584264993667603, 12.251133918762207, -27.88629722595215
n,-0.00996313989162445, 11.529436111450195, 28.192340850830078
n,0.023823773488402367, -27.57315444946289, 12.94050121307373
n,-0.012623372487723827, 14.611040115356445, -26.72551918029785
n,-0.02568805031478405, 29.72978973388672, 6.623813152313232
n,0.02589333988726139, -29.967439651489258, -5.448657512664795
n,-0.011392522603273392, 13.186552047729492, -27.456340789794922
n,0.015592952258884907, -18.045297622680664, -24.53778648376465
n,0.007371051702648401, -8.53238296508789, 29.2392635345459
n,-0.01144311111420393, 13.245098114013672, -27.428146362304688
n,-0.008362649008631706, 9.677069664001465, 28.8806209564209
n,0.024497102946043015, -28.352340698242188, 11.130138397216797
n,-0.010284310206770897, 11.9039888381958, -28.03624153137207
n,-0.01664983667433262, 19.26853370666504, 23.589387893676758
n,0.015544394962489605, -17.989097595214844, -24.579015731811523
n,-0.009287985041737556, 10.7509126663208, -28.498313903808594
n,-0.01224732305854559, 14.175830841064453, -26.95888900756836
n,0.006437314674258232, -7.45173454284668, 29.53316307067871
n,-0.006833892781287432, 7.90773344039917, 29.414344787597656
n,0.025057930499315262, -29.001323699951172, 9.309053421020508
n,0.0170309878885746, -19.70967674255371, -23.222063064575195
n,-0.008392124436795712, 9.714105606079102, -28.86818504333496
n,-0.012999095022678375, 15.04587173461914, -26.483156204223633
n,0.005481491796672344, -6.345524311065674, 29.790441513061523
n,-0.007585470099002123, 8.780536651611328, -29.165699005126953
n,-0.005388554651290178, 6.234947681427002, 29.813779830932617
n,0.018331540748476982, -21.21494483947754, -21.855472564697266
n,-0.006857601460069418, 7.938148498535156, -29.406150817871094
n,-0.01370101049542427, 15.8582124710083, -26.00486183166504
n,0.004507008008658886, -5.217714309692383, 30.008522033691406
n,-0.004032946191728115, 4.666017055511475, 30.099241256713867
n,0.0255068801343441, -29.52082633972168, 7.5004096031188965
n,0.025940651074051857, -30.0222110748291, -5.1382951736450195
n,-0.006199122406542301, 7.1760663986206055, -29.60135269165039
n,0.019547147676348686, -22.621904373168945, -20.395709991455078
n,0.0035176656674593687, -4.0727057456970215, 30.185245513916016
n,-0.005601796321570873, 6.484757900238037, -29.760440826416016
n,-0.014355644583702087, 16.615829467773438, -25.527435302734375
n,-0.0027694031596183777, 3.2036426067352295, 30.289812088012695
n,0.025848258286714554, -29.915828704833984, 5.725239276885986
n,0.020719779655337334, -23.97913360595703, -18.78128433227539
n,0.002517632907256484, -2.9153220653533936, 30.318918228149414
n,-0.005390208214521408, 6.2398786544799805, -29.812746047973633
n,-0.014965837821364403, 17.32201385498047, -25.053613662719727
n,0.015041515231132507, -17.407068252563477, -24.99459457397461
n,-0.017655642703175545, 20.43265724182129, 22.58854103088379
n,-0.00159686419647187, 1.846596360206604, 30.40273094177246
n,0.026089347898960114, -30.19476890563965, 4.001386642456055
n,-0.005739477463066578, 6.644100666046143, -29.72527313232422
n,-0.01553431898355484, 17.979923248291016, -24.585729598999023
n,0.0015110349049791694, -1.750338077545166, 30.408424377441406
n,-0.006560046691447496, 7.593777656555176, -29.496957778930664
n,-0.000512165657710284, 0.5912155508995056, 30.453022003173828
n,0.021824762225151062, -25.258079528808594, -17.02248191833496
n,-0.007448254153132439, 8.621731758117676, -29.21303939819336
n,0.02598361298441887, -30.071949005126953, -4.838710308074951
n,0.0005023776320740581, -0.582968533039093, 30.45318031311035
n,-0.019047953188419342, 22.04412841796875, 21.018848419189453
n,0.026239531114697456, -30.368499755859375, 2.3429393768310547
n,-0.02560199610888958, 29.630170822143555, 7.056083679199219
n,-0.008408879861235619, 9.733497619628906, -28.861650466918945
n,-0.016063902527093887, 18.59281349182129, -24.125564575195312
n,-0.009446240961551666, 10.934066772460938, -28.428543090820312
n,0.014556406065821648, -16.845605850219727, -25.37639045715332
n,0.022838061675429344, -26.430917739868164, -15.137438774108887
n,-0.010563256219029427, 12.22681999206543, -27.8969669342041
n,-0.016557328402996063, 19.163862228393555, -23.674503326416016
n,0.014089069329202175, -16.30471420288086, -25.727264404296875
n,-0.025512048974633217, 29.52604866027832, 7.4798126220703125
n,-0.011760960333049297, 13.612953186035156, -27.247446060180664
n,0.02373860776424408, -27.4732666015625, -13.15123462677002
n,-0.02037719264626503, 23.582616806030273, 19.276823043823242
n,0.013639234006404877, -15.78408145904541, -26.049924850463867
n,0.026309369131922722, -30.449247360229492, 0.7605778574943542
n,-0.013037141412496567, 15.08990478515625, -26.458091735839844
n,0.012891653925180435, -14.918843269348145, -26.5549259185791
n,0.026022586971521378, -30.1170711517334, -4.54942512512207
n,-0.00839465856552124, 9.71703815460205, -28.86719512939453
n,-0.014385296031832695, 16.650146484375, -25.50506591796875
n,-0.017017122358083725, 19.695981979370117, -23.233680725097656
n,-0.015792885795235634, 18.279165267944336, -24.364070892333984
n,0.011806797236204147, -13.663247108459473, -27.222261428833008
n,0.024510009214282036, -28.36615562438965, -11.094886779785156
n,-0.00825021043419838, 9.5498628616333, -28.92293357849121
n,-0.02615649625658989, 30.272451400756836, -3.363610029220581
n,0.026306619867682457, -30.445981979370117, -0.8817035555839539
n,-0.017240215092897415, 19.954166412353516, -23.01232147216797
n,-0.02161247842013836, 25.012372970581055, 17.381505966186523
n,0.010691789910197258, -12.372759819030762, -27.832550048828125
n,-0.008090883493423462, 9.365468978881836, -28.98316764831543
n,-0.018699273467063904, 21.642730712890625, -21.431934356689453
n,0.025142217054963112, -29.09794807434082, -9.002482414245605
n,-0.007914373651146889, 9.161187171936035, -29.048383712768555
n,-0.019974472001194954, 23.11850357055664, -19.83104705810547
n,0.025631945580244064, -29.66484260559082, -6.908865451812744
n,0.009553822688758373, -11.055702209472656, -28.3814640045166
n,0.026215389370918274, -30.34030532836914, -2.6834704875946045
n,0.026057902723550797, -30.157958984375, -4.269991397857666
n,-0.007717679254710674, 8.933547019958496, -29.119199752807617
n,-0.021036319434642792, 24.34735679626465, -18.301416397094727
n,-0.022726237773895264, 26.301488876342773, 15.361222267150879
n,-0.007497310638427734, 8.678506851196289, -29.19622230529785
n,-0.022027133032679558, 25.493995666503906, -16.667081832885742
n,0.025982514023780823, -30.070676803588867, -4.846600532531738
n,0.00840052217245102, -9.720903396606445, -28.865896224975586
n,0.026026174426078796, -30.12122344970703, -4.5218305587768555
n,0.02620275877416134, -30.3256778717041, -2.8440330028533936
n,-0.007248720154166222, 8.390804290771484, -29.280202865600586
n,-0.022930769249796867, 26.539735794067383, -14.94582748413086
n,-0.023696569725871086, 27.424610137939453, 13.252397537231445
n,-0.006966232787817717, 8.063871383666992, -29.371923446655273
n,-0.026238655671477318, 30.36724853515625, 2.3590879440307617
n,0.026089860126376152, -30.194955825805664, -3.9999914169311523
n,-1.331394059889135e-06, -1.1503792363143361e-09, 30.458759307861328
n,0.007239711470901966, -8.377415657043457, -29.284038543701172
n,0.026305541396141052, -30.444732666015625, -0.9238577485084534
n,-0.006642509251832962, 7.689214706420898, -29.47222137451172
n,0.02630499005317688, -30.44418716430664, 0.9415671825408936
n,-0.02450983040034771, 28.365947723388672, 11.095422744750977
n,-0.02373420260846615, 27.469499588012695, -13.159099578857422
n,-0.0062679932452738285, 7.255772590637207, -29.5819149017334
n,0.026305828243494034, -30.44515609741211, 0.9097601175308228
n,-0.0009818000253289938, 1.1347486972808838, 30.43761444091797
n,0.02573462948203087, -29.783710479736328, -6.376974582672119
n,0.006079140584915876, -7.034208297729492, -29.63538360595703
n,-0.02442827634513378, 28.272695541381836, -11.330926895141602
n,0.026118729263544083, -30.228382110595703, -3.739009141921997
n,0.0002726217790041119, -0.3170602321624756, 30.457111358642578
n,-0.005830069072544575, 6.748946189880371, -29.701644897460938
n,-0.02500826120376587, 28.943849563598633, -9.48624324798584
n,0.02620472013950348, -30.32823371887207, 2.8166420459747314
n,0.0008189957006834447, -0.9494066834449768, 30.443960189819336
n,-0.005311659071594477, 6.148969650268555, -29.831628799438477
n,-0.025160985067486763, 29.119670867919922, 8.93196964263916
n,0.0013626381987705827, -1.578591227531433, 30.41782569885254
n,0.025339700281620026, -29.3265438079834, -8.227335929870605
n,0.004926199093461037, -5.69983434677124, -29.92069435119629
n,-0.02620108798146248, 30.323745727539062, 2.8645570278167725
n,0.02598455920815468, -30.07353401184082, 4.828849792480469
n,0.0019029874820262194, -2.2039637565612793, 30.378915786743164
n,-0.004759212955832481, 5.509601593017578, -29.95630645751953
n,1.331394059889135e-06, 1.1503792363143361e-09, -30.458759307861328
n,-0.002913430565968156, 3.3703343868255615, 30.271718978881836
n,-0.025473788380622864, 29.48253631591797, -7.649540901184082
n,0.026144778355956078, -30.258543014526367, -3.4864964485168457
n,-0.004261059686541557, 4.933067321777344, -30.056625366210938
n,-0.025653570890426636, 29.68987464904785, 6.800480365753174
n,-0.02582857571542263, 29.893056869506836, -5.842974662780762
n,0.0024395163636654615, -2.8249142169952393, 30.327476501464844
n,0.003787952708080411, -4.382471084594727, -30.14183235168457
n,0.02562783844769001, -29.660789489746094, 6.926243782043457
n,0.002971579320728779, -3.440695285797119, 30.26380157470703
n,-0.0037805442698299885, 4.376946449279785, -30.14263343811035
n,0.024843895807862282, -28.75263214111328, -10.05094051361084
n,-0.026079587638378143, 30.1834774017334, -4.085710048675537
n,0.02512032724916935, -29.07352638244629, 9.08104133605957
n,0.0034981470089405775, -4.050116062164307, 30.18828582763672
n,-0.003317001275718212, 3.840467691421509, -30.21567153930664
n,-0.025998026132583618, 30.08863639831543, 4.733839988708496
n,-0.004782054107636213, 5.533005714416504, 29.95199203491211
n,-0.026156889274716377, 30.272565841674805, 3.362567663192749
n,-0.0028703866992145777, 3.323580503463745, -30.276885986328125
n,-0.026236137375235558, 30.364574432373047, -2.393280267715454
n,0.0244531761854887, -28.301509857177734, 11.25876522064209
n,0.004019209183752537, -4.653163909912109, 30.10123062133789
n,0.0026704862248152494, -3.089160442352295, -30.301700592041016
n,0.023625075817108154, -27.343215942382812, 13.419532775878906
n,0.004534034989774227, -5.248993396759033, 30.00306510925293
n,-0.002439730102196336, 2.8251616954803467, -30.327455520629883
n,0.024253366515040398, -28.069089889526367, -11.826309204101562
n,-0.02630901336669922, 30.448835372924805, -0.7769819498062134
n,0.022643178701400757, -26.206920623779297, 15.522007942199707
n,0.005041884258389473, -5.836749076843262, 29.894285202026367
n,-0.0020249655935913324, 2.345134735107422, -30.368345260620117
n,-0.026209652423858643, 30.333660125732422, 2.7575607299804688
n,0.005542876664549112, -6.416567325592041, 29.775218963623047
n,0.023577384650707245, -27.28665542602539, -13.534173965454102
n,-0.006563223898410797, 7.594470024108887, 29.496780395507812
n,0.001579269883222878, -1.8262335062026978, -30.40396499633789
n,-0.02630646899342537, 30.4458065032959, 0.887735903263092
n,0.02152338996529579, -24.911029815673828, 17.526437759399414
n,-0.0016250918852165341, 1.8823418617248535, -30.400541305541992
n,-0.026106378063559532, 30.214082717895508, 3.852837324142456
n,0.02028902992606163, -23.48253631591797, 19.39861297607422
n,0.006036101840436459, -6.987396240234375, 29.646453857421875
n,-0.0012400064151734114, 1.4366635084152222, -30.42485809326172
n,-0.02630641683936119, 30.44574737548828, 0.8897477388381958
n,0.006538159213960171, -7.568445682525635, 29.503467559814453
n,-0.0008687288500368595, 1.0069653987884521, -30.442110061645508
n,0.022827768698334694, -26.419002532958984, -15.158223152160645
n,-0.02621067315340042, 30.3348445892334, 2.7445385456085205
n,0.01896851323544979, -21.954320907592773, 21.112634658813477
n,0.007047870196402073, -8.158353805541992, 29.345821380615234
n,-0.008238710463047028, 9.533626556396484, 28.92828941345215
n,0.0005187614005990326, -0.5988490581512451, -30.452871322631836
n,-0.026002725586295128, 30.094078063964844, 4.699118137359619
n,0.0175925362855196, -20.361909866333008, 22.652334213256836
n,-0.0005111428909003735, 0.5931130051612854, -30.452985763549805
n,-0.0001662978029344231, 0.19400601089000702, -30.458141326904297
n,0.016474023461341858, -19.06745147705078, 23.752222061157227
n,0.007548077497631311, -8.737260818481445, 29.178693771362305
n,0.0220180731266737, -25.481821060180664, -16.685691833496094
n,-0.026306992396712303, 30.446500778198242, -0.8636509776115417
n,-0.02604985050857067, 30.14863395690918, 4.335319519042969
n,0.008037841878831387, -9.304081916809082, 29.0029296875
n,-0.025666890665888786, 29.70529556274414, 6.732803821563721
n,0.014731052331626415, -17.050294876098633, 25.239320755004883
n,0.008517510257661343, -9.85921859741211, 28.818946838378906
n,-0.009796728380024433, 11.336835861206055, 28.27033805847168
n,0.013142315670847893, -15.211625099182129, 26.38829803466797
n,0.019931690767407417, -23.068994522094727, 19.88861656188965
n,0.011713534593582153, -13.558066368103027, 27.27480125427246
n,0.008986330591142178, -10.401799201965332, 28.627582550048828
n,0.021162522956728935, -24.491579055786133, -18.107955932617188
n,-0.02621634304523468, 30.34168243408203, -2.6678781509399414
n,0.009444541297852993, -10.932099342346191, 28.429298400878906
n,0.0192145686596632, -22.239076614379883, 20.81247329711914
n,-0.025190357118844986, 29.153671264648438, 8.820350646972656
n,0.01043773628771305, -12.081551551818848, 27.960186004638672
n,0.009891681373119354, -11.449588775634766, 28.224863052368164
n,-0.025987641885876656, 30.076614379882812, 4.809628009796143
n,0.009301997721195221, -10.767129898071289, 28.4921875
n,0.010328151285648346, -11.954727172851562, 28.014646530151367
n,-0.011231597512960434, 12.997522354125977, 27.54633140563965
n,0.008291246369481087, -9.597355842590332, 28.907207489013672
n,0.020275423303246498, -23.464824676513672, -19.42003059387207
n,-0.026020165532827377, 30.114730834960938, -4.564889907836914
n,0.010753310285508633, -12.446775436401367, 27.799528121948242
n,0.01847604662179947, -21.3843936920166, 21.689706802368164
n,-0.024565061554312706, 28.42987632751465, 10.930575370788574
n,0.007390518207103014, -8.554912567138672, 29.23267936706543
n,0.011167701333761215, -12.926359176635742, 27.57979393005371
n,0.006585870403796434, -7.623663902282715, 29.48925018310547
n,0.011570851318538189, -13.392935752868652, 27.356264114379883
n,0.017720649018883705, -20.510173797607422, 22.518178939819336
n,-0.012542668730020523, 14.514931678771973, 26.7778377532959
n,0.005864887963980436, -6.789243698120117, 29.692459106445312
n,0.0195176899433136, -22.58780860900879, -20.43346405029297
n,-0.02378941886126995, 27.532079696655273, 13.027661323547363
n,0.005216672085225582, -6.039037704467773, 29.85407829284668
n,0.025652162730693817, -29.688243865966797, -6.807605743408203
n,-0.025703873485326767, 29.748767852783203, -6.538052558898926
n,-0.01373317465186119, 15.892807006835938, 25.983734130859375
n,0.016953280195593834, -19.62209701538086, 23.29611587524414
n,-0.025920048356056213, 29.99835968017578, 5.275767803192139
n,0.004631848074495792, -5.362196445465088, 29.983041763305664
n,0.02572118304669857, -29.768144607543945, -6.449246406555176
n,-0.014809180051088333, 17.138164520263672, 25.179738998413086
n,0.004174724221229553, -4.833148002624512, 30.07285499572754
n,0.01891038380563259, -21.884904861450195, -21.18458366394043
n,-0.02286927029490471, 26.467041015625, 15.074187278747559
n,0.004942277446389198, -5.721469879150391, 29.916563034057617
n,-0.02525545097887516, 29.229887008666992, -8.564401626586914
n,0.000611374678555876, -0.7060353755950928, -30.450576782226562
n,0.01617838814854622, -18.725309371948242, 24.022872924804688
n,-0.0003870563523378223, 0.44950127601623535, -30.455440521240234
n,-0.02181806042790413, 25.250320434570312, 17.03398895263672
n,0.005982957314699888, -6.92588996887207, 29.660884857177734
n,0.007086408790200949, -8.20295524597168, 29.33338737487793
n,0.02578405849635601, -29.840930938720703, -6.103607654571533
n,0.015400375239551067, -17.824909210205078, 24.698347091674805
n,-0.0011677434667944908, 1.3530299663543701, -30.428693771362305
n,0.00825151614844799, -9.551373481750488, 28.922433853149414
n,0.0183130893856287, -21.19359016418457, -21.87618064880371
n,-0.024666963145136833, 28.548904418945312, -10.615802764892578
n,-0.020655930042266846, 23.90523338317871, 18.875259399414062
n,0.001891250372864306, -2.1873061656951904, -30.3801212310791
n,-0.0019522233633324504, 2.260946750640869, -30.374727249145508
n,0.009475072845816612, -10.967435836791992, 28.415687561035156
n,0.014623349532485008, -16.925649642944336, 25.323076248168945
n,-0.025847379118204117, 29.914234161376953, 5.733570098876953
n,0.010751398280262947, -12.444561958312988, 27.800518035888672
n,0.0032488154247403145, -3.7584946155548096, -30.22597885131836
n,-0.0027384122367948294, 3.170840263366699, -30.293264389038086
n,0.012071789242327213, -13.972681999206543, 27.06473731994629
n,0.01772819645702839, -20.516630172729492, -22.512296676635742
n,-0.023936131969094276, 27.703176498413086, -12.65975284576416
n,-0.0035237246192991734, 4.079717636108398, -30.184297561645508
n,0.013850992545485497, -16.031789779663086, 25.898216247558594
n,-0.019407697021961212, 22.46050262451172, 20.573318481445312
n,0.013424196280539036, -15.537850379943848, 26.197538375854492
n,0.004679377190768719, -5.4141716957092285, -29.97369956970215
n,-0.0043067061342298985, 4.985896587371826, -30.047908782958984
n,0.014793191105127335, -17.122207641601562, 25.190589904785156
n,0.013086671940982342, -15.14722728729248, 26.425315856933594
n,-0.023067235946655273, 26.69765853881836, -14.661870956420898
n,-0.018100764602422714, 20.94784164428711, 22.111616134643555
n,0.006174847017973661, -7.144975662231445, -29.608871459960938
n,-0.005084789823740721, 5.886404991149902, -29.88454818725586
n,0.016160152852535248, -18.704206466674805, 24.039308547973633
n,0.01715772971510887, -19.856369018554688, -23.09676170349121
n,-0.022071437910199165, 25.545269012451172, -16.588390350341797
n,0.025841286405920982, -29.907182693481445, -5.770244121551514
n,0.012333310209214687, -14.275345802307129, 26.906326293945312
n,-0.01577850617468357, 18.26005744934082, 24.37839126586914
n,-0.01663399301469326, 19.250194549560547, 23.60435676574707
n,0.017503978684544563, -20.25942039489746, 22.74404525756836
n,-0.005855895113199949, 6.778835773468018, -29.69483757019043
u,0.1032838374376297, 0.24279242753982544, 0
u,0.09391935169696808, 0.24096781015396118, 0
u,0.09094993770122528, 0.2405349612236023, 0
u,0.1032838374376297, 0.24279242753982544, 0
u,0.09094993770122528, 0.2405349612236023, 0
u,0.08796661347150803, 0.2401631474494934, 0
u,0.1032838374376297, 0.24279242753982544, 0
u,0.08796661347150803, 0.2401631474494934, 0
u,0.08496937900781631, 0.23985236883163452, 0
u,0.1032838374376297, 0.24279242753982544, 0
u,0.08496937900781631, 0.23985236883163452, 0
u,0.08195823431015015, 0.23960262537002563, 0
u,0.1125810444355011, 0.24532592296600342, 0
u,0.1032838374376297, 0.24279242753982544, 0
u,0.08195823431015015, 0.23960262537002563, 0
u,0.1125810444355011, 0.24532592296600342, 0
u,0.08195823431015015, 0.23960262537002563, 0
u,0.07893318682909012, 0.23941397666931152, 0
u,0.1125810444355011, 0.24532592296600342, 0
u,0.07893318682909012, 0.23941397666931152, 0
u,0.07589421421289444, 0.2392863631248474, 0
u,0.1125810444355011, 0.24532592296600342, 0
u,0.07589421421289444, 0.2392863631248474, 0
u,0.0728413388133049, 0.2392197847366333, 0
u,0.12181095778942108, 0.24856847524642944, 0
u,0.1125810444355011, 0.24532592296600342, 0
u,0.0728413388133049, 0.2392197847366333, 0
u,0.12181095778942108, 0.24856847524642944, 0
u,0.0728413388133049, 0.2392197847366333, 0
u,0.06977454572916031, 0.23921430110931396, 0
u,0.12181095778942108, 0.24856847524642944, 0
u,0.06977454572916031, 0.23921430110931396, 0
u,0.06669384986162186, 0.23926985263824463, 0
u,0.12181095778942108, 0.24856847524642944, 0
u,0.06669384986162186, 0.23926985263824463, 0
u,0.06359924376010895, 0.2393864393234253, 0
u,0.12181095778942108, 0.24856847524642944, 0
u,0.06359924376010895, 0.2393864393234253, 0
u,0.06049073114991188, 0.23956406116485596, 0
u,0.13097357749938965, 0.2525199055671692, 0
u,0.12181095778942108, 0.24856847524642944, 0
u,0.06049073114991188, 0.23956406116485596, 0
u,0.13097357749938965, 0.2525199055671692, 0
u,0.06049073114991188, 0.23956406116485596, 0
u,0.057368289679288864, 0.2398027777671814, 0
u,0.13097357749938965, 0.2525199055671692, 0
u,0.057368289679288864, 0.2398027777671814, 0
u,0.05423160269856453, 0.24010467529296875, 0
u,0.13097357749938965, 0.2525199055671692, 0
u,0.05423160269856453, 0.24010467529296875, 0
u,0.05108035355806351, 0.24047183990478516, 0
u,0.1400689035654068, 0.257180392742157, 0
u,0.13097357749938965, 0.2525199055671692, 0
u,0.05108035355806351, 0.24047183990478516, 0
u,0.1400689035654068, 0.257180392742157, 0
u,0.05108035355806351, 0.24047183990478516, 0
u,0.0479145310819149, 0.2409043312072754, 0
u,0.1400689035654068, 0.257180392742157, 0
u,0.0479145310819149, 0.2409043312072754, 0
u,0.044734131544828415, 0.24140214920043945, 0
u,0.1400689035654068, 0.257180392742157, 0
u,0.044734131544828415, 0.24140214920043945, 0
u,0.04153914749622345, 0.24196523427963257, 0
u,0.14909693598747253, 0.2625497579574585, 0
u,0.1400689035654068, 0.257180392742157, 0
u,0.04153914749622345, 0.24196523427963257, 0
u,0.14909693598747253, 0.2625497579574585, 0
u,0.04153914749622345, 0.24196523427963257, 0
u,0.0383296012878418, 0.2425936460494995, 0
u,0.14909693598747253, 0.2625497579574585, 0
u,0.0383296012878418, 0.2425936460494995, 0
u,0.035105470567941666, 0.24328738451004028, 0
u,0.14909693598747253, 0.2625497579574585, 0
u,0.035105470567941666, 0.24328738451004028, 0
u,0.03186676278710365, 0.24404644966125488, 0
u,0.14909693598747253, 0.2625497579574585, 0
u,0.03186676278710365, 0.24404644966125488, 0
u,0.028613485395908356, 0.24487078189849854, 0
u,0.15805767476558685, 0.2686281204223633, 0
u,0.14909693598747253, 0.2625497579574585, 0
u,0.028613485395908356, 0.24487078189849854, 0
u,0.15805767476558685, 0.2686281204223633, 0
u,0.028613485395908356, 0.24487078189849854, 0
u,0.025345629081130028, 0.24576044082641602, 0
u,0.15805767476558685, 0.2686281204223633, 0
u,0.025345629081130028, 0.24576044082641602, 0
u,0.02206319011747837, 0.24671542644500732, 0
u,0.15805767476558685, 0.2686281204223633, 0
u,0.02206319011747837, 0.24671542644500732, 0
u,0.018766172230243683, 0.24773567914962769, 0
u,0.16695111989974976, 0.27541548013687134, 0
u,0.15805767476558685, 0.2686281204223633, 0
u,0.018766172230243683, 0.24773567914962769, 0
u,0.16695111989974976, 0.27541548013687134, 0
u,0.018766172230243683, 0.24773567914962769, 0
u,0.019165247678756714, 0.25340795516967773, 0
u,0.17577727138996124, 0.2829117774963379, 0
u,0.16695111989974976, 0.27541548013687134, 0
u,0.019165247678756714, 0.25340795516967773, 0
u,0.17577727138996124, 0.2829117774963379, 0
u,0.019165247678756714, 0.25340795516967773, 0
u,0.019502466544508934, 0.2591969966888428, 0
u,0.1845361292362213, 0.29111701250076294, 0
u,0.17577727138996124, 0.2829117774963379, 0
u,0.019502466544508934, 0.2591969966888428, 0
u,0.1845361292362213, 0.29111701250076294, 0
u,0.019502466544508934, 0.2591969966888428, 0
u,0.12401100248098373, 0.2796708345413208, 0
u,0.12401100248098373, 0.2796708345413208, 0
u,0.019502466544508934, 0.2591969966888428, 0
u,0.1203075721859932, 0.2790032625198364, 0
u,0.1203075721859932, 0.2790032625198364, 0
u,0.019502466544508934, 0.2591969966888428, 0
u,0.1173446774482727, 0.27858448028564453, 0
u,0.1173446774482727, 0.27858448028564453, 0
u,0.019502466544508934, 0.2591969966888428, 0
u,0.01977781020104885, 0.2651028633117676, 0
u,0.11438090354204178, 0.2782549262046814, 0
u,0.1173446774482727, 0.27858448028564453, 0
u,0.01977781020104885, 0.2651028633117676, 0
u,0.1845361292362213, 0.29111701250076294, 0
u,0.12401100248098373, 0.2796708345413208, 0
u,0.12756189703941345, 0.2804911732673645, 0
u,0.11141624301671982, 0.2780146598815918, 0
u,0.11438090354204178, 0.2782549262046814, 0
u,0.01977781020104885, 0.2651028633117676, 0
u,0.1845361292362213, 0.29111701250076294, 0
u,0.12756189703941345, 0.2804911732673645, 0
u,0.13096025586128235, 0.28146427869796753, 0
u,0.10845070332288742, 0.27786368131637573, 0
u,0.11141624301671982, 0.2780146598815918, 0
u,0.01977781020104885, 0.2651028633117676, 0
u,0.10548428446054459, 0.2778019309043884, 0
u,0.10845070332288742, 0.27786368131637573, 0
u,0.01977781020104885, 0.2651028633117676, 0
u,0.1845361292362213, 0.29111701250076294, 0
u,0.13096025586128235, 0.28146427869796753, 0
u,0.13420610129833221, 0.2825900912284851, 0
u,0.10251698642969131, 0.2778294086456299, 0
u,0.10548428446054459, 0.2778019309043884, 0
u,0.01977781020104885, 0.2651028633117676, 0
u,0.1845361292362213, 0.29111701250076294, 0
u,0.13420610129833221, 0.2825900912284851, 0
u,0.13729940354824066, 0.283868670463562, 0
u,0.0995488092303276, 0.2779461741447449, 0
u,0.10251698642969131, 0.2778294086456299, 0
u,0.01977781020104885, 0.2651028633117676, 0
u,0.0995488092303276, 0.2779461741447449, 0
u,0.01977781020104885, 0.2651028633117676, 0
u,0.019991278648376465, 0.2711254954338074, 0
u,0.19322769343852997, 0.30003124475479126, 0
u,0.1845361292362213, 0.29111701250076294, 0
u,0.13729940354824066, 0.283868670463562, 0
u,0.09657975286245346, 0.2781521677970886, 0
u,0.0995488092303276, 0.2779461741447449, 0
u,0.019991278648376465, 0.2711254954338074, 0
u,0.19322769343852997, 0.30003124475479126, 0
u,0.13729940354824066, 0.283868670463562, 0
u,0.14024017751216888, 0.28530001640319824, 0
u,0.09360981732606888, 0.2784474492073059, 0
u,0.09657975286245346, 0.2781521677970886, 0
u,0.019991278648376465, 0.2711254954338074, 0
u,0.19322769343852997, 0.30003124475479126, 0
u,0.14024017751216888, 0.28530001640319824, 0
u,0.14302843809127808, 0.286884069442749, 0
u,0.09063899517059326, 0.27883195877075195, 0
u,0.09360981732606888, 0.2784474492073059, 0
u,0.019991278648376465, 0.2711254954338074, 0
u,0.19322769343852997, 0.30003124475479126, 0
u,0.14302843809127808, 0.286884069442749, 0
u,0.14566415548324585, 0.28862088918685913, 0
u,0.0876673012971878, 0.27930569648742676, 0
u,0.09063899517059326, 0.27883195877075195, 0
u,0.019991278648376465, 0.2711254954338074, 0
u,0.08469472080469131, 0.2798687219619751, 0
u,0.0876673012971878, 0.27930569648742676, 0
u,0.019991278648376465, 0.2711254954338074, 0
u,0.19322769343852997, 0.30003124475479126, 0
u,0.14566415548324585, 0.28862088918685913, 0
u,0.1481473445892334, 0.2905104160308838, 0
u,0.08170057833194733, 0.28054171800613403, 0
u,0.08469472080469131, 0.2798687219619751, 0
u,0.019991278648376465, 0.2711254954338074, 0
u,0.19322769343852997, 0.30003124475479126, 0
u,0.1481473445892334, 0.2905104160308838, 0
u,0.15047800540924072, 0.2925527095794678, 0
u,0.07866417616605759, 0.2813454866409302, 0
u,0.08170057833194733, 0.28054171800613403, 0
u,0.019991278648376465, 0.2711254954338074, 0
u,0.07866417616605759, 0.2813454866409302, 0
u,0.019991278648376465, 0.2711254954338074, 0
u,0.020142877474427223, 0.2772648334503174, 0
u,0.19322769343852997, 0.30003124475479126, 0
u,0.15047800540924072, 0.2925527095794678, 0
u,0.15265613794326782, 0.2947477698326111, 0
u,0.07558552175760269, 0.2822800278663635, 0
u,0.07866417616605759, 0.2813454866409302, 0
u,0.020142877474427223, 0.2772648334503174, 0
u,0.2018519639968872, 0.30965447425842285, 0
u,0.19322769343852997, 0.30003124475479126, 0
u,0.15265613794326782, 0.2947477698326111, 0
u,0.07246462255716324, 0.2833452820777893, 0
u,0.07558552175760269, 0.2822800278663635, 0
u,0.020142877474427223, 0.2772648334503174, 0
u,0.2018519639968872, 0.30965447425842285, 0
u,0.15265613794326782, 0.2947477698326111, 0
u,0.1546817421913147, 0.29709553718566895, 0
u,0.06930145621299744, 0.2845413088798523, 0
u,0.07246462255716324, 0.2833452820777893, 0
u,0.020142877474427223, 0.2772648334503174, 0
u,0.2018519639968872, 0.30965447425842285, 0
u,0.1546817421913147, 0.29709553718566895, 0
u,0.15652921795845032, 0.2995506525039673, 0
u,0.06609603017568588, 0.2858680486679077, 0
u,0.06930145621299744, 0.2845413088798523, 0
u,0.020142877474427223, 0.2772648334503174, 0
u,0.06609603017568588, 0.2858680486679077, 0
u,0.020142877474427223, 0.2772648334503174, 0
u,0.02023260109126568, 0.28352105617523193, 0
u,0.2018519639968872, 0.30965447425842285, 0
u,0.15652921795845032, 0.2995506525039673, 0
u,0.15817296504974365, 0.3020676374435425, 0
u,0.06284835934638977, 0.28732556104660034, 0
u,0.06609603017568588, 0.2858680486679077, 0
u,0.02023260109126568, 0.28352105617523193, 0
u,0.2018519639968872, 0.30965447425842285, 0
u,0.15817296504974365, 0.3020676374435425, 0
u,0.1596129983663559, 0.30464649200439453, 0
u,0.0595584362745285, 0.2889137864112854, 0
u,0.06284835934638977, 0.28732556104660034, 0
u,0.02023260109126568, 0.28352105617523193, 0
u,0.2052978277206421, 0.3139129877090454, 0
u,0.2018519639968872, 0.30965447425842285, 0
u,0.1596129983663559, 0.30464649200439453, 0
u,0.056226253509521484, 0.29063278436660767, 0
u,0.0595584362745285, 0.2889137864112854, 0
u,0.02023260109126568, 0.28352105617523193, 0
u,0.2052978277206421, 0.3139129877090454, 0
u,0.1596129983663559, 0.30464649200439453, 0
u,0.16084930300712585, 0.3072872757911682, 0
u,0.056226253509521484, 0.29063278436660767, 0
u,0.02023260109126568, 0.28352105617523193, 0
u,0.02026045322418213, 0.2898939847946167, 0
u,0.20836137235164642, 0.3183298110961914, 0
u,0.2052978277206421, 0.3139129877090454, 0
u,0.16084930300712585, 0.3072872757911682, 0
u,0.052851807326078415, 0.29248255491256714, 0
u,0.056226253509521484, 0.29063278436660767, 0
u,0.02026045322418213, 0.2898939847946167, 0
u,0.20836137235164642, 0.3183298110961914, 0
u,0.16084930300712585, 0.3072872757911682, 0
u,0.16188187897205353, 0.309989869594574, 0
u,0.04943511262536049, 0.29446303844451904, 0
u,0.052851807326078415, 0.29248255491256714, 0
u,0.02026045322418213, 0.2898939847946167, 0
u,0.20836137235164642, 0.3183298110961914, 0
u,0.16188187897205353, 0.309989869594574, 0
u,0.1627107411623001, 0.31275439262390137, 0
u,0.211042582988739, 0.3229048252105713, 0
u,0.20836137235164642, 0.3183298110961914, 0
u,0.1627107411623001, 0.31275439262390137, 0
u,0.04943511262536049, 0.29446303844451904, 0
u,0.02026045322418213, 0.2898939847946167, 0
u,0.020226432010531425, 0.29638367891311646, 0
u,0.045976169407367706, 0.29657429456710815, 0
u,0.04943511262536049, 0.29446303844451904, 0
u,0.020226432010531425, 0.29638367891311646, 0
u,0.211042582988739, 0.3229048252105713, 0
u,0.1627107411623001, 0.31275439262390137, 0
u,0.1633358597755432, 0.3155807852745056, 0
u,0.0378592386841774, 0.32638663053512573, 0
u,0.045976169407367706, 0.29657429456710815, 0
u,0.020226432010531425, 0.29638367891311646, 0
u,0.21334150433540344, 0.32763808965682983, 0
u,0.211042582988739, 0.3229048252105713, 0
u,0.1633358597755432, 0.3155807852745056, 0
u,0.21334150433540344, 0.32763808965682983, 0
u,0.1633358597755432, 0.3155807852745056, 0
u,0.16375726461410522, 0.3184691071510315, 0
u,0.21334150433540344, 0.32763808965682983, 0
u,0.16375726461410522, 0.3184691071510315, 0
u,0.16397494077682495, 0.32141923904418945, 0
u,0.0378592386841774, 0.32638663053512573, 0
u,0.020226432010531425, 0.29638367891311646, 0
u,0.020130539312958717, 0.302990198135376, 0
u,0.21525810658931732, 0.33252954483032227, 0
u,0.21334150433540344, 0.32763808965682983, 0
u,0.16397494077682495, 0.32141923904418945, 0
u,0.21525810658931732, 0.33252954483032227, 0
u,0.16397494077682495, 0.32141923904418945, 0
u,0.1639889031648636, 0.32443130016326904, 0
u,0.21525810658931732, 0.33252954483032227, 0
u,0.1639889031648636, 0.32443130016326904, 0
u,0.16379913687705994, 0.3275052309036255, 0
u,0.21679238975048065, 0.33757925033569336, 0
u,0.21525810658931732, 0.33252954483032227, 0
u,0.16379913687705994, 0.3275052309036255, 0
u,0.0378592386841774, 0.32638663053512573, 0
u,0.020130539312958717, 0.302990198135376, 0
u,0.019972773268818855, 0.3097134828567505, 0
u,0.21679238975048065, 0.33757925033569336, 0
u,0.16379913687705994, 0.3275052309036255, 0
u,0.163405641913414, 0.33064109086990356, 0
u,0.21794435381889343, 0.34278714656829834, 0
u,0.21679238975048065, 0.33757925033569336, 0
u,0.163405641913414, 0.33064109086990356, 0
u,0.21794435381889343, 0.34278714656829834, 0
u,0.163405641913414, 0.33064109086990356, 0
u,0.16283507645130157, 0.33368927240371704, 0
u,0.0378592386841774, 0.32638663053512573, 0
u,0.019972773268818855, 0.3097134828567505, 0
u,0.01975313201546669, 0.31655353307724, 0
u,0.21794435381889343, 0.34278714656829834, 0
u,0.16283507645130157, 0.33368927240371704, 0
u,0.16209813952445984, 0.3366023898124695, 0
u,0.21871401369571686, 0.348153293132782, 0
u,0.21794435381889343, 0.34278714656829834, 0
u,0.16209813952445984, 0.3366023898124695, 0
u,0.21871401369571686, 0.348153293132782, 0
u,0.16209813952445984, 0.3366023898124695, 0
u,0.1611948162317276, 0.3393804430961609, 0
u,0.0378592386841774, 0.32638663053512573, 0
u,0.01975313201546669, 0.31655353307724, 0
u,0.019471582025289536, 0.3235103487968445, 0
u,0.21910133957862854, 0.3536776304244995, 0
u,0.21871401369571686, 0.348153293132782, 0
u,0.1611948162317276, 0.3393804430961609, 0
u,0.21910133957862854, 0.3536776304244995, 0
u,0.1611948162317276, 0.3393804430961609, 0
u,0.16012512147426605, 0.34202349185943604, 0
u,0.21910133957862854, 0.3536776304244995, 0
u,0.16012512147426605, 0.34202349185943604, 0
u,0.158889040350914, 0.3445315361022949, 0
u,0.21910636126995087, 0.3593602180480957, 0
u,0.21910133957862854, 0.3536776304244995, 0
u,0.158889040350914, 0.3445315361022949, 0
u,0.21910636126995087, 0.3593602180480957, 0
u,0.158889040350914, 0.3445315361022949, 0
u,0.15748657286167145, 0.3469045162200928, 0
u,0.21910636126995087, 0.3593602180480957, 0
u,0.15748657286167145, 0.3469045162200928, 0
u,0.15591773390769958, 0.3491424322128296, 0
u,0.21910636126995087, 0.3593602180480957, 0
u,0.15591773390769958, 0.3491424322128296, 0
u,0.15418250858783722, 0.35124534368515015, 0
u,0.21872906386852264, 0.36520105600357056, 0
u,0.21910636126995087, 0.3593602180480957, 0
u,0.15418250858783722, 0.35124534368515015, 0
u,0.21872906386852264, 0.36520105600357056, 0
u,0.15418250858783722, 0.35124534368515015, 0
u,0.15228091180324554, 0.35321319103240967, 0
u,0.21872906386852264, 0.36520105600357056, 0
u,0.15228091180324554, 0.35321319103240967, 0
u,0.15021292865276337, 0.35504597425460815, 0
u,0.21796946227550507, 0.3712000846862793, 0
u,0.21872906386852264, 0.36520105600357056, 0
u,0.15021292865276337, 0.35504597425460815, 0
u,0.21796946227550507, 0.3712000846862793, 0
u,0.15021292865276337, 0.35504597425460815, 0
u,0.14797857403755188, 0.3567437529563904, 0
u,0.21796946227550507, 0.3712000846862793, 0
u,0.14797857403755188, 0.3567437529563904, 0
u,0.1455778330564499, 0.3583064675331116, 0
u,0.21796946227550507, 0.3712000846862793, 0
u,0.1455778330564499, 0.3583064675331116, 0
u,0.14297877252101898, 0.35979896783828735, 0
u,0.217040553689003, 0.37620460987091064, 0
u,0.21796946227550507, 0.3712000846862793, 0
u,0.14297877252101898, 0.35979896783828735, 0
u,0.217040553689003, 0.37620460987091064, 0
u,0.14297877252101898, 0.35979896783828735, 0
u,0.14006328582763672, 0.3611677885055542, 0
u,0.217040553689003, 0.37620460987091064, 0
u,0.14006328582763672, 0.3611677885055542, 0
u,0.1368313729763031, 0.3624129891395569, 0
u,0.217040553689003, 0.37620460987091064, 0
u,0.1368313729763031, 0.3624129891395569, 0
u,0.13328303396701813, 0.3635346293449402, 0
u,0.21585175395011902, 0.3810027837753296, 0
u,0.217040553689003, 0.37620460987091064, 0
u,0.13328303396701813, 0.3635346293449402, 0
u,0.21585175395011902, 0.3810027837753296, 0
u,0.13328303396701813, 0.3635346293449402, 0
u,0.129418283700943, 0.36453258991241455, 0
u,0.21585175395011902, 0.3810027837753296, 0
u,0.129418283700943, 0.36453258991241455, 0
u,0.1252371072769165, 0.36540693044662476, 0
u,0.21585175395011902, 0.3810027837753296, 0
u,0.1252371072769165, 0.36540693044662476, 0
u,0.12073949724435806, 0.366157591342926, 0
u,0.21440309286117554, 0.38559454679489136, 0
u,0.21585175395011902, 0.3810027837753296, 0
u,0.12073949724435806, 0.366157591342926, 0
u,0.21440309286117554, 0.38559454679489136, 0
u,0.12073949724435806, 0.366157591342926, 0
u,0.11592546105384827, 0.3667846918106079, 0
u,0.21440309286117554, 0.38559454679489136, 0
u,0.11592546105384827, 0.3667846918106079, 0
u,0.11079500615596771, 0.36728817224502563, 0
u,0.21440309286117554, 0.38559454679489136, 0
u,0.11079500615596771, 0.36728817224502563, 0
u,0.1053481251001358, 0.3676679730415344, 0
u,0.21440309286117554, 0.38559454679489136, 0
u,0.1053481251001358, 0.3676679730415344, 0
u,0.09958482533693314, 0.36792421340942383, 0
u,0.21269455552101135, 0.3899800181388855, 0
u,0.21440309286117554, 0.38559454679489136, 0
u,0.09958482533693314, 0.36792421340942383, 0
u,0.21269455552101135, 0.3899800181388855, 0
u,0.09958482533693314, 0.36792421340942383, 0
u,0.09350509941577911, 0.3680567741394043, 0
u,0.21269455552101135, 0.3899800181388855, 0
u,0.09350509941577911, 0.3680567741394043, 0
u,0.07591181993484497, 0.3681303858757019, 0
u,0.21269455552101135, 0.3899800181388855, 0
u,0.07591181993484497, 0.3681303858757019, 0
u,0.07050228863954544, 0.3683133125305176, 0
u,0.21072614192962646, 0.39415913820266724, 0
u,0.21269455552101135, 0.3899800181388855, 0
u,0.07050228863954544, 0.3683133125305176, 0
u,0.21072614192962646, 0.39415913820266724, 0
u,0.07050228863954544, 0.3683133125305176, 0
u,0.06528745591640472, 0.36870110034942627, 0
u,0.21072614192962646, 0.39415913820266724, 0
u,0.06528745591640472, 0.36870110034942627, 0
u,0.06026732549071312, 0.369293749332428, 0
u,0.21072614192962646, 0.39415913820266724, 0
u,0.06026732549071312, 0.369293749332428, 0
u,0.05544188991189003, 0.3700913190841675, 0
u,0.20849785208702087, 0.3981318473815918, 0
u,0.21072614192962646, 0.39415913820266724, 0
u,0.05544188991189003, 0.3700913190841675, 0
u,0.20849785208702087, 0.3981318473815918, 0
u,0.05544188991189003, 0.3700913190841675, 0
u,0.05081115663051605, 0.37109375, 0
u,0.20849785208702087, 0.3981318473815918, 0
u,0.05081115663051605, 0.37109375, 0
u,0.04637512192130089, 0.37230104207992554, 0
u,0.20849785208702087, 0.3981318473815918, 0
u,0.04637512192130089, 0.37230104207992554, 0
u,0.042133793234825134, 0.3737131953239441, 0
u,0.2060096710920334, 0.40189826488494873, 0
u,0.20849785208702087, 0.3981318473815918, 0
u,0.042133793234825134, 0.3737131953239441, 0
u,0.2060096710920334, 0.40189826488494873, 0
u,0.042133793234825134, 0.3737131953239441, 0
u,0.03808716684579849, 0.37533026933670044, 0
u,0.2060096710920334, 0.40189826488494873, 0
u,0.03808716684579849, 0.37533026933670044, 0
u,0.034235235303640366, 0.3771522045135498, 0
u,0.2032616138458252, 0.40545833110809326, 0
u,0.2060096710920334, 0.40189826488494873, 0
u,0.034235235303640366, 0.3771522045135498, 0
u,0.2032616138458252, 0.40545833110809326, 0
u,0.034235235303640366, 0.3771522045135498, 0
u,0.0305780041962862, 0.3791790008544922, 0
u,0.2002536803483963, 0.4088119864463806, 0
u,0.2032616138458252, 0.40545833110809326, 0
u,0.0305780041962862, 0.3791790008544922, 0
u,0.2002536803483963, 0.4088119864463806, 0
u,0.0305780041962862, 0.3791790008544922, 0
u,0.027115484699606895, 0.38141071796417236, 0
u,0.2002536803483963, 0.4088119864463806, 0
u,0.027115484699606895, 0.38141071796417236, 0
u,0.023847661912441254, 0.38384729623794556, 0
u,0.1969858705997467, 0.41195935010910034, 0
u,0.2002536803483963, 0.4088119864463806, 0
u,0.023847661912441254, 0.38384729623794556, 0
u,0.1969858705997467, 0.41195935010910034, 0
u,0.023847661912441254, 0.38384729623794556, 0
u,0.02082895115017891, 0.38647544384002686, 0
u,0.1934581845998764, 0.41490036249160767, 0
u,0.1969858705997467, 0.41195935010910034, 0
u,0.02082895115017891, 0.38647544384002686, 0
u,0.1934581845998764, 0.41490036249160767, 0
u,0.02082895115017891, 0.38647544384002686, 0
u,0.01801159791648388, 0.38926589488983154, 0
u,0.1896706074476242, 0.4176349639892578, 0
u,0.1934581845998764, 0.41490036249160767, 0
u,0.01801159791648388, 0.38926589488983154, 0
u,0.1896706074476242, 0.4176349639892578, 0
u,0.01801159791648388, 0.38926589488983154, 0
u,0.01539559941738844, 0.3922186493873596, 0
u,0.1869370937347412, 0.41931790113449097, 0
u,0.1896706074476242, 0.4176349639892578, 0
u,0.01539559941738844, 0.3922186493873596, 0
u,0.1869370937347412, 0.41931790113449097, 0
u,0.01539559941738844, 0.3922186493873596, 0
u,0.012980957515537739, 0.39533376693725586, 0
u,0.18388651311397552, 0.420881450176239, 0
u,0.1869370937347412, 0.41931790113449097, 0
u,0.012980957515537739, 0.39533376693725586, 0
u,0.18051882088184357, 0.42232561111450195, 0
u,0.18388651311397552, 0.420881450176239, 0
u,0.012980957515537739, 0.39533376693725586, 0
u,0.18051882088184357, 0.42232561111450195, 0
u,0.012980957515537739, 0.39533376693725586, 0
u,0.010767671279609203, 0.3986111879348755, 0
u,0.17683404684066772, 0.42365044355392456, 0
u,0.18051882088184357, 0.42232561111450195, 0
u,0.010767671279609203, 0.3986111879348755, 0
u,0.1728321760892868, 0.42485588788986206, 0
u,0.17683404684066772, 0.42365044355392456, 0
u,0.010767671279609203, 0.3986111879348755, 0
u,0.1728321760892868, 0.42485588788986206, 0
u,0.010767671279609203, 0.3986111879348755, 0
u,0.008755753748118877, 0.4020509123802185, 0
u,0.168513223528862, 0.42594194412231445, 0
u,0.1728321760892868, 0.42485588788986206, 0
u,0.008755753748118877, 0.4020509123802185, 0
u,0.1638771891593933, 0.4269086718559265, 0
u,0.168513223528862, 0.42594194412231445, 0
u,0.008755753748118877, 0.4020509123802185, 0
u,0.1638771891593933, 0.4269086718559265, 0
u,0.008755753748118877, 0.4020509123802185, 0
u,0.006945193745195866, 0.4056529402732849, 0
u,0.15892404317855835, 0.42775601148605347, 0
u,0.1638771891593933, 0.4269086718559265, 0
u,0.006945193745195866, 0.4056529402732849, 0
u,0.1536538153886795, 0.4284839630126953, 0
u,0.15892404317855835, 0.42775601148605347, 0
u,0.006945193745195866, 0.4056529402732849, 0
u,0.14806650578975677, 0.4290925860404968, 0
u,0.1536538153886795, 0.4284839630126953, 0
u,0.006945193745195866, 0.4056529402732849, 0
u,0.14806650578975677, 0.4290925860404968, 0
u,0.006945193745195866, 0.4056529402732849, 0
u,0.0053359889425337315, 0.4094172716140747, 0
u,0.14216208457946777, 0.42958182096481323, 0
u,0.14806650578975677, 0.4290925860404968, 0
u,0.0053359889425337315, 0.4094172716140747, 0
u,0.13594059646129608, 0.42995166778564453, 0
u,0.14216208457946777, 0.42958182096481323, 0
u,0.0053359889425337315, 0.4094172716140747, 0
u,0.13594059646129608, 0.42995166778564453, 0
u,0.0053359889425337315, 0.4094172716140747, 0
u,0.0039281402714550495, 0.41334396600723267, 0
u,0.10872204601764679, 0.43134528398513794, 0
u,0.13594059646129608, 0.42995166778564453, 0
u,0.0039281402714550495, 0.41334396600723267, 0
u,0.10872204601764679, 0.43134528398513794, 0
u,0.0039281402714550495, 0.41334396600723267, 0
u,0.002721647499129176, 0.417432963848114, 0
u,0.10475073754787445, 0.43160271644592285, 0
u,0.10872204601764679, 0.43134528398513794, 0
u,0.002721647499129176, 0.417432963848114, 0
u,0.10095831751823425, 0.43197101354599, 0
u,0.10475073754787445, 0.43160271644592285, 0
u,0.002721647499129176, 0.417432963848114, 0
u,0.0973447859287262, 0.4324501156806946, 0
u,0.10095831751823425, 0.43197101354599, 0
u,0.002721647499129176, 0.417432963848114, 0
u,0.0973447859287262, 0.4324501156806946, 0
u,0.002721647499129176, 0.417432963848114, 0
u,0.0017165235476568341, 0.42168426513671875, 0
u,0.09391014277935028, 0.4330400824546814, 0
u,0.0973447859287262, 0.4324501156806946, 0
u,0.0017165235476568341, 0.42168426513671875, 0
u,0.09065438061952591, 0.43374085426330566, 0
u,0.09391014277935028, 0.4330400824546814, 0
u,0.0017165235476568341, 0.42168426513671875, 0
u,0.08757750689983368, 0.4345524311065674, 0
u,0.09065438061952591, 0.43374085426330566, 0
u,0.0017165235476568341, 0.42168426513671875, 0
u,0.08467952907085419, 0.43547487258911133, 0
u,0.08757750689983368, 0.4345524311065674, 0
u,0.0017165235476568341, 0.42168426513671875, 0
u,0.08467952907085419, 0.43547487258911133, 0
u,0.0017165235476568341, 0.42168426513671875, 0
u,0.0009127425728365779, 0.4260978698730469, 0
u,0.08196043223142624, 0.4365081787109375, 0
u,0.08467952907085419, 0.43547487258911133, 0
u,0.0009127425728365779, 0.4260978698730469, 0
u,0.07942022383213043, 0.4376522898674011, 0
u,0.08196043223142624, 0.4365081787109375, 0
u,0.0009127425728365779, 0.4260978698730469, 0
u,0.07705891132354736, 0.4389072060585022, 0
u,0.07942022383213043, 0.4376522898674011, 0
u,0.0009127425728365779, 0.4260978698730469, 0
u,0.07705891132354736, 0.4389072060585022, 0
u,0.0009127425728365779, 0.4260978698730469, 0
u,0.00033195328433066607, 0.4306749701499939, 0
u,0.07487647980451584, 0.4402729868888855, 0
u,0.07705891132354736, 0.4389072060585022, 0
u,0.00033195328433066607, 0.4306749701499939, 0
u,0.07287293672561646, 0.44174957275390625, 0
u,0.07487647980451584, 0.4402729868888855, 0
u,0.00033195328433066607, 0.4306749701499939, 0
u,0.0710209533572197, 0.4433305859565735, 0
u,0.07287293672561646, 0.44174957275390625, 0
u,0.00033195328433066607, 0.4306749701499939, 0
u,0.0710209533572197, 0.4433305859565735, 0
u,0.00033195328433066607, 0.4306749701499939, 0
u,2.7708545530913398e-05, 0.43521249294281006, 0
u,0.06929318606853485, 0.4450094699859619, 0
u,0.0710209533572197, 0.4433305859565735, 0
u,2.7708545530913398e-05, 0.43521249294281006, 0
u,0.06768963485956192, 0.4467862844467163, 0
u,0.06929318606853485, 0.4450094699859619, 0
u,2.7708545530913398e-05, 0.43521249294281006, 0
u,0.06768963485956192, 0.4467862844467163, 0
u,2.7708545530913398e-05, 0.43521249294281006, 0
u,8.3523632454785e-09, 0.43971043825149536, 0
u,0.0662103146314621, 0.44866102933883667, 0
u,0.06768963485956192, 0.4467862844467163, 0
u,8.3523632454785e-09, 0.43971043825149536, 0
u,0.2176388055086136, 0.47906333208084106, 0
u,0.21816296875476837, 0.4723254442214966, 0
u,0.19916236400604248, 0.4693533182144165, 0
u,0.2176388055086136, 0.47906333208084106, 0
u,0.19916236400604248, 0.4693533182144165, 0
u,0.19359301030635834, 0.4989362359046936, 0
u,0.06485520303249359, 0.450633704662323, 0
u,0.0662103146314621, 0.44866102933883667, 0
u,8.3523632454785e-09, 0.43971043825149536, 0
u,0.06485520303249359, 0.450633704662323, 0
u,8.3523632454785e-09, 0.43971043825149536, 0
u,0.00024885471793822944, 0.4441688060760498, 0
u,0.0636243149638176, 0.4527043104171753, 0
u,0.06485520303249359, 0.450633704662323, 0
u,0.00024885471793822944, 0.4441688060760498, 0
u,0.06251765042543411, 0.4548727869987488, 0
u,0.0636243149638176, 0.4527043104171753, 0
u,0.00024885471793822944, 0.4441688060760498, 0
u,0.06251765042543411, 0.4548727869987488, 0
u,0.00024885471793822944, 0.4441688060760498, 0
u,0.000774245650973171, 0.4485875368118286, 0
u,0.21722424030303955, 0.48585331439971924, 0
u,0.2176388055086136, 0.47906333208084106, 0
u,0.19359301030635834, 0.4989362359046936, 0
u,0.06153520569205284, 0.457139253616333, 0
u,0.06251765042543411, 0.4548727869987488, 0
u,0.000774245650973171, 0.4485875368118286, 0
u,0.06067698448896408, 0.4595035910606384, 0
u,0.06153520569205284, 0.457139253616333, 0
u,0.000774245650973171, 0.4485875368118286, 0
u,0.06067698448896408, 0.4595035910606384, 0
u,0.000774245650973171, 0.4485875368118286, 0
u,0.0015761939575895667, 0.45296669006347656, 0
u,0.05994298309087753, 0.4619658589363098, 0
u,0.06067698448896408, 0.4595035910606384, 0
u,0.0015761939575895667, 0.45296669006347656, 0
u,0.21691927313804626, 0.49269527196884155, 0
u,0.21722424030303955, 0.48585331439971924, 0
u,0.19359301030635834, 0.4989362359046936, 0
u,0.0593332014977932, 0.46452605724334717, 0
u,0.05994298309087753, 0.4619658589363098, 0
u,0.0015761939575895667, 0.45296669006347656, 0
u,0.0593332014977932, 0.46452605724334717, 0
u,0.0015761939575895667, 0.45296669006347656, 0
u,0.002654686802998185, 0.45730626583099365, 0
u,0.058847639709711075, 0.4671841859817505, 0
u,0.0593332014977932, 0.46452605724334717, 0
u,0.002654686802998185, 0.45730626583099365, 0
u,0.058847639709711075, 0.4671841859817505, 0
u,0.002654686802998185, 0.45730626583099365, 0
u,0.004009724128991365, 0.4616062641143799, 0
u,0.05840642750263214, 0.4706668257713318, 0
u,0.058847639709711075, 0.4671841859817505, 0
u,0.004009724128991365, 0.4616062641143799, 0
u,0.21672388911247253, 0.4995892643928528, 0
u,0.21691927313804626, 0.49269527196884155, 0
u,0.19359301030635834, 0.4989362359046936, 0
u,0.05840642750263214, 0.4706668257713318, 0
u,0.004009724128991365, 0.4616062641143799, 0
u,0.005641308147460222, 0.4658666253089905, 0
u,0.05818537250161171, 0.47406619787216187, 0
u,0.05840642750263214, 0.4706668257713318, 0
u,0.005641308147460222, 0.4658666253089905, 0
u,0.05818447470664978, 0.47738224267959595, 0
u,0.05818537250161171, 0.47406619787216187, 0
u,0.005641308147460222, 0.4658666253089905, 0
u,0.05818447470664978, 0.47738224267959595, 0
u,0.005641308147460222, 0.4658666253089905, 0
u,0.007549436762928963, 0.4700874090194702, 0
u,0.21663811802864075, 0.5065352916717529, 0
u,0.21672388911247253, 0.4995892643928528, 0
u,0.19359301030635834, 0.4989362359046936, 0
u,0.05840373784303665, 0.4806150197982788, 0
u,0.05818447470664978, 0.47738224267959595, 0
u,0.007549436762928963, 0.4700874090194702, 0
u,0.21663811802864075, 0.5065352916717529, 0
u,0.19359301030635834, 0.4989362359046936, 0
u,0.19092781841754913, 0.5011999905109406, 0
u,0.05840373784303665, 0.4806150197982788, 0
u,0.007549436762928963, 0.4700874090194702, 0
u,0.009734123013913631, 0.4742686152458191, 0
u,0.21663811802864075, 0.5065352916717529, 0
u,0.19092781841754913, 0.5011999905109406, 0
u,0.18815575540065765, 0.5033663511276245, 0
u,0.05884315073490143, 0.4837644696235657, 0
u,0.05840373784303665, 0.4806150197982788, 0
u,0.009734123013913631, 0.4742686152458191, 0
u,0.21666193008422852, 0.513533353805542, 0
u,0.21663811802864075, 0.5065352916717529, 0
u,0.18815575540065765, 0.5033663511276245, 0
u,0.05884315073490143, 0.4837644696235657, 0
u,0.009734123013913631, 0.4742686152458191, 0
u,0.012195340357720852, 0.4784102439880371, 0
u,0.21666193008422852, 0.513533353805542, 0
u,0.18815575540065765, 0.5033663511276245, 0
u,0.1852768361568451, 0.5054353177547455, 0
u,0.059502724558115005, 0.4868306517601013, 0
u,0.05884315073490143, 0.4837644696235657, 0
u,0.012195340357720852, 0.4784102439880371, 0
u,0.21666193008422852, 0.513533353805542, 0
u,0.1852768361568451, 0.5054353177547455, 0
u,0.18229104578495026, 0.5074069201946259, 0
u,0.059502724558115005, 0.4868306517601013, 0
u,0.012195340357720852, 0.4784102439880371, 0
u,0.014899891801178455, 0.4825364947319031, 0
u,0.060382455587387085, 0.48981350660324097, 0
u,0.059502724558115005, 0.4868306517601013, 0
u,0.014899891801178455, 0.4825364947319031, 0
u,0.21666193008422852, 0.513533353805542, 0
u,0.18229104578495026, 0.5074069201946259, 0
u,0.17919839918613434, 0.5092810988426208, 0
u,0.21679535508155823, 0.5205834209918976, 0
u,0.21666193008422852, 0.513533353805542, 0
u,0.17919839918613434, 0.5092810988426208, 0
u,0.060382455587387085, 0.48981350660324097, 0
u,0.014899891801178455, 0.4825364947319031, 0
u,0.01781453564763069, 0.4866716265678406, 0
u,0.06148234009742737, 0.4927130937576294, 0
u,0.060382455587387085, 0.48981350660324097, 0
u,0.01781453564763069, 0.4866716265678406, 0
u,0.21679535508155823, 0.5205834209918976, 0
u,0.17919839918613434, 0.5092810988426208, 0
u,0.17599889636039734, 0.5110579431056976, 0
u,0.06280238181352615, 0.4955293536186218, 0
u,0.06148234009742737, 0.4927130937576294, 0
u,0.01781453564763069, 0.4866716265678406, 0
u,0.21679535508155823, 0.5205834209918976, 0
u,0.17599889636039734, 0.5110579431056976, 0
u,0.17269252240657806, 0.512737363576889, 0
u,0.06280238181352615, 0.4955293536186218, 0
u,0.01781453564763069, 0.4866716265678406, 0
u,0.02093927375972271, 0.4908156991004944, 0
u,0.06434257328510284, 0.49826234579086304, 0
u,0.06280238181352615, 0.4955293536186218, 0
u,0.02093927375972271, 0.4908156991004944, 0
u,0.21679535508155823, 0.5205834209918976, 0
u,0.17269252240657806, 0.512737363576889, 0
u,0.1692792922258377, 0.5143194198608398, 0
u,0.2170383632183075, 0.5276855528354645, 0
u,0.21679535508155823, 0.5205834209918976, 0
u,0.1692792922258377, 0.5143194198608398, 0
u,0.06434257328510284, 0.49826234579086304, 0
u,0.02093927375972271, 0.4908156991004944, 0
u,0.02427412010729313, 0.49496859312057495, 0
u,0.2170383632183075, 0.5276855528354645, 0
u,0.1692792922258377, 0.5143194198608398, 0
u,0.16575919091701508, 0.5158040821552277, 0
u,0.06610292941331863, 0.5009120404720306, 0
u,0.06434257328510284, 0.49826234579086304, 0
u,0.02427412010729313, 0.49496859312057495, 0
u,0.2170383632183075, 0.5276855528354645, 0
u,0.16575919091701508, 0.5158040821552277, 0
u,0.16213223338127136, 0.5171913504600525, 0
u,0.06808343529701233, 0.5034784078598022, 0
u,0.06610292941331863, 0.5009120404720306, 0
u,0.02427412010729313, 0.49496859312057495, 0
u,0.06808343529701233, 0.5034784078598022, 0
u,0.02427412010729313, 0.49496859312057495, 0
u,0.027819059789180756, 0.49913036823272705, 0
u,0.2170383632183075, 0.5276855528354645, 0
u,0.16213223338127136, 0.5171913504600525, 0
u,0.15839841961860657, 0.5184812545776367, 0
u,0.0702827125787735, 0.5059285759925842, 0
u,0.06808343529701233, 0.5034784078598022, 0
u,0.027819059789180756, 0.49913036823272705, 0
u,0.2170383632183075, 0.5276855528354645, 0
u,0.15839841961860657, 0.5184812545776367, 0
u,0.1545577347278595, 0.5196737349033356, 0
u,0.21739095449447632, 0.5348396897315979, 0
u,0.2170383632183075, 0.5276855528354645, 0
u,0.1545577347278595, 0.5196737349033356, 0
u,0.0702827125787735, 0.5059285759925842, 0
u,0.027819059789180756, 0.49913036823272705, 0
u,0.03157409280538559, 0.5033010244369507, 0
u,0.07269936054944992, 0.5082296133041382, 0
u,0.0702827125787735, 0.5059285759925842, 0
u,0.03157409280538559, 0.5033010244369507, 0
u,0.21739095449447632, 0.5348396897315979, 0
u,0.1545577347278595, 0.5196737349033356, 0
u,0.15067051351070404, 0.5207456052303314, 0
u,0.07533338665962219, 0.5103814899921417, 0
u,0.07269936054944992, 0.5082296133041382, 0
u,0.03157409280538559, 0.5033010244369507, 0
u,0.21739095449447632, 0.5348396897315979, 0
u,0.15067051351070404, 0.5207456052303314, 0
u,0.1467970907688141, 0.5216735303401947, 0
u,0.07533338665962219, 0.5103814899921417, 0
u,0.03157409280538559, 0.5033010244369507, 0
u,0.035539232194423676, 0.5074805617332458, 0
u,0.07818477600812912, 0.5123842358589172, 0
u,0.07533338665962219, 0.5103814899921417, 0
u,0.035539232194423676, 0.5074805617332458, 0
u,0.21739095449447632, 0.5348396897315979, 0
u,0.1467970907688141, 0.5216735303401947, 0
u,0.14293746650218964, 0.5224575102329254, 0
u,0.21739095449447632, 0.5348396897315979, 0
u,0.14293746650218964, 0.5224575102329254, 0
u,0.1390916258096695, 0.5230976045131683, 0
u,0.0812535509467125, 0.5142378509044647, 0
u,0.07818477600812912, 0.5123842358589172, 0
u,0.035539232194423676, 0.5074805617332458, 0
u,0.21785317361354828, 0.5420458614826202, 0
u,0.21739095449447632, 0.5348396897315979, 0
u,0.1390916258096695, 0.5230976045131683, 0
u,0.21785317361354828, 0.5420458614826202, 0
u,0.1390916258096695, 0.5230976045131683, 0
u,0.13525956869125366, 0.5235937833786011, 0
u,0.08453968912363052, 0.5159423053264618, 0
u,0.0812535509467125, 0.5142378509044647, 0
u,0.035539232194423676, 0.5074805617332458, 0
u,0.08453968912363052, 0.5159423053264618, 0
u,0.035539232194423676, 0.5074805617332458, 0
u,0.03971446678042412, 0.5116689801216125, 0
u,0.21785317361354828, 0.5420458614826202, 0
u,0.13525956869125366, 0.5235937833786011, 0
u,0.13144131004810333, 0.5239460170269012, 0
u,0.0880432054400444, 0.5174976289272308, 0
u,0.08453968912363052, 0.5159423053264618, 0
u,0.03971446678042412, 0.5116689801216125, 0
u,0.21785317361354828, 0.5420458614826202, 0
u,0.13144131004810333, 0.5239460170269012, 0
u,0.1276368498802185, 0.5241543352603912, 0
u,0.09176409244537354, 0.5189038217067719, 0
u,0.0880432054400444, 0.5174976289272308, 0
u,0.03971446678042412, 0.5116689801216125, 0
u,0.21785317361354828, 0.5420458614826202, 0
u,0.1276368498802185, 0.5241543352603912, 0
u,0.12384617328643799, 0.524218738079071, 0
u,0.09570235759019852, 0.5201608538627625, 0
u,0.09176409244537354, 0.5189038217067719, 0
u,0.03971446678042412, 0.5116689801216125, 0
u,0.21785317361354828, 0.5420458614826202, 0
u,0.12384617328643799, 0.524218738079071, 0
u,0.12006929516792297, 0.5241392254829407, 0
u,0.09985799342393875, 0.521268755197525, 0
u,0.09570235759019852, 0.5201608538627625, 0
u,0.03971446678042412, 0.5116689801216125, 0
u,0.21785317361354828, 0.5420458614826202, 0
u,0.12006929516792297, 0.5241392254829407, 0
u,0.11630620062351227, 0.5239157676696777, 0
u,0.09985799342393875, 0.521268755197525, 0
u,0.03971446678042412, 0.5116689801216125, 0
u,0.04409979656338692, 0.5158663094043732, 0
u,0.10423100739717484, 0.5222274959087372, 0
u,0.09985799342393875, 0.521268755197525, 0
u,0.04409979656338692, 0.5158663094043732, 0
u,0.21785317361354828, 0.5420458614826202, 0
u,0.11630620062351227, 0.5239157676696777, 0
u,0.11255690455436707, 0.523548424243927, 0
u,0.10882139205932617, 0.5230371356010437, 0
u,0.10423100739717484, 0.5222274959087372, 0
u,0.04409979656338692, 0.5158663094043732, 0
u,0.21785317361354828, 0.5420458614826202, 0
u,0.11255690455436707, 0.523548424243927, 0
u,0.10882139205932617, 0.5230371356010437, 0
u,0.21785317361354828, 0.5420458614826202, 0
u,0.10882139205932617, 0.5230371356010437, 0
u,0.04409979656338692, 0.5158663094043732, 0
u,0.2184249758720398, 0.5493040382862091, 0
u,0.21785317361354828, 0.5420458614826202, 0
u,0.04409979656338692, 0.5158663094043732, 0
u,0.2184249758720398, 0.5493040382862091, 0
u,0.04409979656338692, 0.5158663094043732, 0
u,0.04869522154331207, 0.5200724899768829, 0
u,0.2184249758720398, 0.5493040382862091, 0
u,0.04869522154331207, 0.5200724899768829, 0
u,0.053500741720199585, 0.5242875516414642, 0
u,0.21910636126995087, 0.5566142797470093, 0
u,0.2184249758720398, 0.5493040382862091, 0
u,0.053500741720199585, 0.5242875516414642, 0
u,0.21910636126995087, 0.5566142797470093, 0
u,0.053500741720199585, 0.5242875516414642, 0
u,0.058516375720500946, 0.5285115242004395, 0
u,0.21910636126995087, 0.5566142797470093, 0
u,0.058516375720500946, 0.5285115242004395, 0
u,0.06372164189815521, 0.5326103270053864, 0
u,0.21352924406528473, 0.5575689375400543, 0
u,0.21910636126995087, 0.5566142797470093, 0
u,0.06372164189815521, 0.5326103270053864, 0
u,0.21352924406528473, 0.5575689375400543, 0
u,0.06372164189815521, 0.5326103270053864, 0
u,0.06909608095884323, 0.5364499986171722, 0
u,0.20820139348506927, 0.5584492385387421, 0
u,0.21352924406528473, 0.5575689375400543, 0
u,0.06909608095884323, 0.5364499986171722, 0
u,0.20820139348506927, 0.5584492385387421, 0
u,0.06909608095884323, 0.5364499986171722, 0
u,0.0746396854519844, 0.5400304794311523, 0
u,0.2031228244304657, 0.5592551529407501, 0
u,0.20820139348506927, 0.5584492385387421, 0
u,0.0746396854519844, 0.5400304794311523, 0
u,0.198293536901474, 0.5599866807460785, 0
u,0.2031228244304657, 0.5592551529407501, 0
u,0.0746396854519844, 0.5400304794311523, 0
u,0.198293536901474, 0.5599866807460785, 0
u,0.0746396854519844, 0.5400304794311523, 0
u,0.08035247027873993, 0.5433518588542938, 0
u,0.19371354579925537, 0.5606438219547272, 0
u,0.198293536901474, 0.5599866807460785, 0
u,0.08035247027873993, 0.5433518588542938, 0
u,0.18938285112380981, 0.5612266063690186, 0
u,0.19371354579925537, 0.5606438219547272, 0
u,0.08035247027873993, 0.5433518588542938, 0
u,0.18938285112380981, 0.5612266063690186, 0
u,0.08035247027873993, 0.5433518588542938, 0
u,0.0862344279885292, 0.5464140474796295, 0
u,0.18530142307281494, 0.5617350041866302, 0
u,0.18938285112380981, 0.5612266063690186, 0
u,0.0862344279885292, 0.5464140474796295, 0
u,0.18146927654743195, 0.5621690154075623, 0
u,0.18530142307281494, 0.5617350041866302, 0
u,0.0862344279885292, 0.5464140474796295, 0
u,0.18146927654743195, 0.5621690154075623, 0
u,0.0862344279885292, 0.5464140474796295, 0
u,0.09228555858135223, 0.5492171049118042, 0
u,0.17788644134998322, 0.5625286400318146, 0
u,0.18146927654743195, 0.5621690154075623, 0
u,0.09228555858135223, 0.5492171049118042, 0
u,0.17455287277698517, 0.5628138780593872, 0
u,0.17788644134998322, 0.5625286400318146, 0
u,0.09228555858135223, 0.5492171049118042, 0
u,0.17455287277698517, 0.5628138780593872, 0
u,0.09228555858135223, 0.5492171049118042, 0
u,0.09850586205720901, 0.5517610013484955, 0
u,0.171468585729599, 0.5630247592926025, 0
u,0.17455287277698517, 0.5628138780593872, 0
u,0.09850586205720901, 0.5517610013484955, 0
u,0.1686335653066635, 0.5631612539291382, 0
u,0.171468585729599, 0.5630247592926025, 0
u,0.09850586205720901, 0.5517610013484955, 0
u,0.1686335653066635, 0.5631612539291382, 0
u,0.09850586205720901, 0.5517610013484955, 0
u,0.10489533841609955, 0.5540457367897034, 0
u,0.16589568555355072, 0.5632344484329224, 0
u,0.1686335653066635, 0.5631612539291382, 0
u,0.10489533841609955, 0.5540457367897034, 0
u,0.16310274600982666, 0.5632553994655609, 0
u,0.16589568555355072, 0.5632344484329224, 0
u,0.10489533841609955, 0.5540457367897034, 0
u,0.16310274600982666, 0.5632553994655609, 0
u,0.10489533841609955, 0.5540457367897034, 0
u,0.11145399510860443, 0.5560713112354279, 0
u,0.16025473177433014, 0.5632241666316986, 0
u,0.16310274600982666, 0.5632553994655609, 0
u,0.11145399510860443, 0.5560713112354279, 0
u,0.15735167264938354, 0.5631407201290131, 0
u,0.16025473177433014, 0.5632241666316986, 0
u,0.11145399510860443, 0.5560713112354279, 0
u,0.15439355373382568, 0.5630050301551819, 0
u,0.15735167264938354, 0.5631407201290131, 0
u,0.11145399510860443, 0.5560713112354279, 0
u,0.15439355373382568, 0.5630050301551819, 0
u,0.11145399510860443, 0.5560713112354279, 0
u,0.11818181723356247, 0.5578377544879913, 0
u,0.15138036012649536, 0.5628171265125275, 0
u,0.15439355373382568, 0.5630050301551819, 0
u,0.11818181723356247, 0.5578377544879913, 0
u,0.14831212162971497, 0.5625770390033722, 0
u,0.15138036012649536, 0.5628171265125275, 0
u,0.11818181723356247, 0.5578377544879913, 0
u,0.14831212162971497, 0.5625770390033722, 0
u,0.11818181723356247, 0.5578377544879913, 0
u,0.12507882714271545, 0.5593450665473938, 0
u,0.1451888084411621, 0.5622847080230713, 0
u,0.14831212162971497, 0.5625770390033722, 0
u,0.12507882714271545, 0.5593450665473938, 0
u,0.14201045036315918, 0.5619401633739471, 0
u,0.1451888084411621, 0.5622847080230713, 0
u,0.12507882714271545, 0.5593450665473938, 0
u,0.1387770175933838, 0.5615433752536774, 0
u,0.14201045036315918, 0.5619401633739471, 0
u,0.12507882714271545, 0.5593450665473938, 0
u,0.1387770175933838, 0.5615433752536774, 0
u,0.12507882714271545, 0.5593450665473938, 0
u,0.1321450024843216, 0.5605931878089905, 0
u,0.13548853993415833, 0.5610944032669067, 0
u,0.1387770175933838, 0.5615433752536774, 0
u,0.1321450024843216, 0.5605931878089905, 0
u,0.3349289298057556, 0.2427923083305359, 0
u,0.34726282954216003, 0.24053484201431274, 0
u,0.34429341554641724, 0.2409677505493164, 0
u,0.3349289298057556, 0.2427923083305359, 0
u,0.3502461612224579, 0.24016302824020386, 0
u,0.34726282954216003, 0.24053484201431274, 0
u,0.3349289298057556, 0.2427923083305359, 0
u,0.3532434105873108, 0.23985224962234497, 0
u,0.3502461612224579, 0.24016302824020386, 0
u,0.3349289298057556, 0.2427923083305359, 0
u,0.35625454783439636, 0.23960256576538086, 0
u,0.3532434105873108, 0.23985224962234497, 0
u,0.3256317377090454, 0.24532586336135864, 0
u,0.35625454783439636, 0.23960256576538086, 0
u,0.3349289298057556, 0.2427923083305359, 0
u,0.3256317377090454, 0.24532586336135864, 0
u,0.359279602766037, 0.23941385746002197, 0
u,0.35625454783439636, 0.23960256576538086, 0
u,0.3256317377090454, 0.24532586336135864, 0
u,0.36231857538223267, 0.23928630352020264, 0
u,0.359279602766037, 0.23941385746002197, 0
u,0.3256317377090454, 0.24532586336135864, 0
u,0.365371435880661, 0.23921972513198853, 0
u,0.36231857538223267, 0.23928630352020264, 0
u,0.31640180945396423, 0.2485683560371399, 0
u,0.365371435880661, 0.23921972513198853, 0
u,0.3256317377090454, 0.24532586336135864, 0
u,0.31640180945396423, 0.2485683560371399, 0
u,0.3684382438659668, 0.23921418190002441, 0
u,0.365371435880661, 0.23921972513198853, 0
u,0.31640180945396423, 0.2485683560371399, 0
u,0.37151893973350525, 0.23926973342895508, 0
u,0.3684382438659668, 0.23921418190002441, 0
u,0.31640180945396423, 0.2485683560371399, 0
u,0.37461355328559875, 0.23938632011413574, 0
u,0.37151893973350525, 0.23926973342895508, 0
u,0.31640180945396423, 0.2485683560371399, 0
u,0.3777220547199249, 0.23956400156021118, 0
u,0.37461355328559875, 0.23938632011413574, 0
u,0.30723920464515686, 0.2525198459625244, 0
u,0.3777220547199249, 0.23956400156021118, 0
u,0.31640180945396423, 0.2485683560371399, 0
u,0.30723920464515686, 0.2525198459625244, 0
u,0.38084450364112854, 0.23980271816253662, 0
u,0.3777220547199249, 0.23956400156021118, 0
u,0.30723920464515686, 0.2525198459625244, 0
u,0.3839811682701111, 0.2401045560836792, 0
u,0.38084450364112854, 0.23980271816253662, 0
u,0.30723920464515686, 0.2525198459625244, 0
u,0.3871324360370636, 0.2404717206954956, 0
u,0.3839811682701111, 0.2401045560836792, 0
u,0.2981438636779785, 0.25718027353286743, 0
u,0.3871324360370636, 0.2404717206954956, 0
u,0.30723920464515686, 0.2525198459625244, 0
u,0.2981438636779785, 0.25718027353286743, 0
u,0.3902982473373413, 0.24090427160263062, 0
u,0.3871324360370636, 0.2404717206954956, 0
u,0.2981438636779785, 0.25718027353286743, 0
u,0.393478661775589, 0.2414020299911499, 0
u,0.3902982473373413, 0.24090427160263062, 0
u,0.2981438636779785, 0.25718027353286743, 0
u,0.39667361974716187, 0.2419651746749878, 0
u,0.393478661775589, 0.2414020299911499, 0
u,0.289115846157074, 0.2625496983528137, 0
u,0.39667361974716187, 0.2419651746749878, 0
u,0.2981438636779785, 0.25718027353286743, 0
u,0.289115846157074, 0.2625496983528137, 0
u,0.3998831808567047, 0.24259358644485474, 0
u,0.39667361974716187, 0.2419651746749878, 0
u,0.289115846157074, 0.2625496983528137, 0
u,0.40310731530189514, 0.2432873249053955, 0
u,0.3998831808567047, 0.24259358644485474, 0
u,0.289115846157074, 0.2625496983528137, 0
u,0.40634602308273315, 0.24404633045196533, 0
u,0.40310731530189514, 0.2432873249053955, 0
u,0.289115846157074, 0.2625496983528137, 0
u,0.40959930419921875, 0.24487072229385376, 0
u,0.40634602308273315, 0.24404633045196533, 0
u,0.28015509247779846, 0.2686280608177185, 0
u,0.40959930419921875, 0.24487072229385376, 0
u,0.289115846157074, 0.2625496983528137, 0
u,0.28015509247779846, 0.2686280608177185, 0
u,0.41286715865135193, 0.24576038122177124, 0
u,0.40959930419921875, 0.24487072229385376, 0
u,0.28015509247779846, 0.2686280608177185, 0
u,0.4161495864391327, 0.24671536684036255, 0
u,0.41286715865135193, 0.24576038122177124, 0
u,0.28015509247779846, 0.2686280608177185, 0
u,0.4194466173648834, 0.2477356195449829, 0
u,0.4161495864391327, 0.24671536684036255, 0
u,0.27126166224479675, 0.2754153609275818, 0
u,0.4194466173648834, 0.2477356195449829, 0
u,0.28015509247779846, 0.2686280608177185, 0
u,0.27126166224479675, 0.2754153609275818, 0
u,0.4190475344657898, 0.25340789556503296, 0
u,0.4194466173648834, 0.2477356195449829, 0
u,0.2624354958534241, 0.2829117178916931, 0
u,0.4190475344657898, 0.25340789556503296, 0
u,0.27126166224479675, 0.2754153609275818, 0
u,0.2624354958534241, 0.2829117178916931, 0
u,0.418710321187973, 0.259196937084198, 0
u,0.4190475344657898, 0.25340789556503296, 0
u,0.2536766529083252, 0.29111695289611816, 0
u,0.418710321187973, 0.259196937084198, 0
u,0.2624354958534241, 0.2829117178916931, 0
u,0.2536766529083252, 0.29111695289611816, 0
u,0.3142017722129822, 0.279670774936676, 0
u,0.418710321187973, 0.259196937084198, 0
u,0.3142017722129822, 0.279670774936676, 0
u,0.3179051876068115, 0.2790031433105469, 0
u,0.418710321187973, 0.259196937084198, 0
u,0.3179051876068115, 0.2790031433105469, 0
u,0.3208681046962738, 0.27858442068099976, 0
u,0.418710321187973, 0.259196937084198, 0
u,0.3208681046962738, 0.27858442068099976, 0
u,0.4184349775314331, 0.2651028037071228, 0
u,0.418710321187973, 0.259196937084198, 0
u,0.3238318860530853, 0.2782548666000366, 0
u,0.4184349775314331, 0.2651028037071228, 0
u,0.3208681046962738, 0.27858442068099976, 0
u,0.2536766529083252, 0.29111695289611816, 0
u,0.31065088510513306, 0.2804911136627197, 0
u,0.3142017722129822, 0.279670774936676, 0
u,0.3267965316772461, 0.278014600276947, 0
u,0.4184349775314331, 0.2651028037071228, 0
u,0.3238318860530853, 0.2782548666000366, 0
u,0.2536766529083252, 0.29111695289611816, 0
u,0.30725252628326416, 0.281464159488678, 0
u,0.31065088510513306, 0.2804911136627197, 0
u,0.3297620713710785, 0.27786362171173096, 0
u,0.4184349775314331, 0.2651028037071228, 0
u,0.3267965316772461, 0.278014600276947, 0
u,0.33272847533226013, 0.2778018116950989, 0
u,0.4184349775314331, 0.2651028037071228, 0
u,0.3297620713710785, 0.27786362171173096, 0
u,0.2536766529083252, 0.29111695289611816, 0
u,0.3040066659450531, 0.28259003162384033, 0
u,0.30725252628326416, 0.281464159488678, 0
u,0.3356957733631134, 0.2778293490409851, 0
u,0.4184349775314331, 0.2651028037071228, 0
u,0.33272847533226013, 0.2778018116950989, 0
u,0.2536766529083252, 0.29111695289611816, 0
u,0.30091336369514465, 0.28386861085891724, 0
u,0.3040066659450531, 0.28259003162384033, 0
u,0.3386639654636383, 0.2779460549354553, 0
u,0.4184349775314331, 0.2651028037071228, 0
u,0.3356957733631134, 0.2778293490409851, 0
u,0.3386639654636383, 0.2779460549354553, 0
u,0.41822150349617004, 0.2711253762245178, 0
u,0.4184349775314331, 0.2651028037071228, 0
u,0.24498507380485535, 0.3000311851501465, 0
u,0.30091336369514465, 0.28386861085891724, 0
u,0.2536766529083252, 0.29111695289611816, 0
u,0.34163302183151245, 0.2781520485877991, 0
u,0.41822150349617004, 0.2711253762245178, 0
u,0.3386639654636383, 0.2779460549354553, 0
u,0.24498507380485535, 0.3000311851501465, 0
u,0.29797258973121643, 0.2852998971939087, 0
u,0.30091336369514465, 0.28386861085891724, 0
u,0.3446029722690582, 0.27844732999801636, 0
u,0.41822150349617004, 0.2711253762245178, 0
u,0.34163302183151245, 0.2781520485877991, 0
u,0.24498507380485535, 0.3000311851501465, 0
u,0.29518434405326843, 0.28688400983810425, 0
u,0.29797258973121643, 0.2852998971939087, 0
u,0.34757378697395325, 0.2788318395614624, 0
u,0.41822150349617004, 0.2711253762245178, 0
u,0.3446029722690582, 0.27844732999801636, 0
u,0.24498507380485535, 0.3000311851501465, 0
u,0.29254862666130066, 0.2886207699775696, 0
u,0.29518434405326843, 0.28688400983810425, 0
u,0.3505454659461975, 0.279305636882782, 0
u,0.41822150349617004, 0.2711253762245178, 0
u,0.34757378697395325, 0.2788318395614624, 0
u,0.3535180389881134, 0.2798686623573303, 0
u,0.41822150349617004, 0.2711253762245178, 0
u,0.3505454659461975, 0.279305636882782, 0
u,0.24498507380485535, 0.3000311851501465, 0
u,0.2900654375553131, 0.290510356426239, 0
u,0.29254862666130066, 0.2886207699775696, 0
u,0.356512188911438, 0.28054165840148926, 0
u,0.41822150349617004, 0.2711253762245178, 0
u,0.3535180389881134, 0.2798686623573303, 0
u,0.24498507380485535, 0.3000311851501465, 0
u,0.2877347767353058, 0.292552649974823, 0
u,0.2900654375553131, 0.290510356426239, 0
u,0.3595485985279083, 0.2813454270362854, 0
u,0.41822150349617004, 0.2711253762245178, 0
u,0.356512188911438, 0.28054165840148926, 0
u,0.3595485985279083, 0.2813454270362854, 0
u,0.41806989908218384, 0.2772647738456726, 0
u,0.41822150349617004, 0.2711253762245178, 0
u,0.24498507380485535, 0.3000311851501465, 0
u,0.2855566442012787, 0.2947477102279663, 0
u,0.2877347767353058, 0.292552649974823, 0
u,0.3626272678375244, 0.28227996826171875, 0
u,0.41806989908218384, 0.2772647738456726, 0
u,0.3595485985279083, 0.2813454270362854, 0
u,0.2363608032464981, 0.3096543550491333, 0
u,0.2855566442012787, 0.2947477102279663, 0
u,0.24498507380485535, 0.3000311851501465, 0
u,0.36574816703796387, 0.28334522247314453, 0
u,0.41806989908218384, 0.2772647738456726, 0
u,0.3626272678375244, 0.28227996826171875, 0
u,0.2363608032464981, 0.3096543550491333, 0
u,0.2835310399532318, 0.29709547758102417, 0
u,0.2855566442012787, 0.2947477102279663, 0
u,0.3689113259315491, 0.28454118967056274, 0
u,0.41806989908218384, 0.2772647738456726, 0
u,0.36574816703796387, 0.28334522247314453, 0
u,0.2363608032464981, 0.3096543550491333, 0
u,0.2816835641860962, 0.2995505928993225, 0
u,0.2835310399532318, 0.29709547758102417, 0
u,0.37211674451828003, 0.28586798906326294, 0
u,0.41806989908218384, 0.2772647738456726, 0
u,0.3689113259315491, 0.28454118967056274, 0
u,0.37211674451828003, 0.28586798906326294, 0
u,0.4179801642894745, 0.2835209369659424, 0
u,0.41806989908218384, 0.2772647738456726, 0
u,0.2363608032464981, 0.3096543550491333, 0
u,0.28003978729248047, 0.3020675778388977, 0
u,0.2816835641860962, 0.2995505928993225, 0
u,0.37536442279815674, 0.28732550144195557, 0
u,0.4179801642894745, 0.2835209369659424, 0
u,0.37211674451828003, 0.28586798906326294, 0
u,0.2363608032464981, 0.3096543550491333, 0
u,0.2785997688770294, 0.30464643239974976, 0
u,0.28003978729248047, 0.3020675778388977, 0
u,0.3786543309688568, 0.2889137268066406, 0
u,0.4179801642894745, 0.2835209369659424, 0
u,0.37536442279815674, 0.28732550144195557, 0
u,0.23291493952274323, 0.31391292810440063, 0
u,0.2785997688770294, 0.30464643239974976, 0
u,0.2363608032464981, 0.3096543550491333, 0
u,0.381986528635025, 0.2906327247619629, 0
u,0.4179801642894745, 0.2835209369659424, 0
u,0.3786543309688568, 0.2889137268066406, 0
u,0.23291493952274323, 0.31391292810440063, 0
u,0.27736347913742065, 0.30728715658187866, 0
u,0.2785997688770294, 0.30464643239974976, 0
u,0.381986528635025, 0.2906327247619629, 0
u,0.4179523289203644, 0.2898939251899719, 0
u,0.4179801642894745, 0.2835209369659424, 0
u,0.2298513948917389, 0.31832969188690186, 0
u,0.27736347913742065, 0.30728715658187866, 0
u,0.23291493952274323, 0.31391292810440063, 0
u,0.3853609561920166, 0.29248249530792236, 0
u,0.4179523289203644, 0.2898939251899719, 0
u,0.381986528635025, 0.2906327247619629, 0
u,0.2298513948917389, 0.31832969188690186, 0
u,0.2763308882713318, 0.3099898099899292, 0
u,0.27736347913742065, 0.30728715658187866, 0
u,0.3887776732444763, 0.29446297883987427, 0
u,0.4179523289203644, 0.2898939251899719, 0
u,0.3853609561920166, 0.29248249530792236, 0
u,0.2298513948917389, 0.31832969188690186, 0
u,0.2755020260810852, 0.3127543330192566, 0
u,0.2763308882713318, 0.3099898099899292, 0
u,0.2271701693534851, 0.3229047656059265, 0
u,0.2755020260810852, 0.3127543330192566, 0
u,0.2298513948917389, 0.31832969188690186, 0
u,0.3887776732444763, 0.29446297883987427, 0
u,0.41798633337020874, 0.2963836193084717, 0
u,0.4179523289203644, 0.2898939251899719, 0
u,0.392236590385437, 0.2965742349624634, 0
u,0.41798633337020874, 0.2963836193084717, 0
u,0.3887776732444763, 0.29446297883987427, 0
u,0.2271701693534851, 0.3229047656059265, 0
u,0.2748768925666809, 0.31558072566986084, 0
u,0.2755020260810852, 0.3127543330192566, 0
u,0.4003535211086273, 0.32638657093048096, 0
u,0.41798633337020874, 0.2963836193084717, 0
u,0.392236590385437, 0.2965742349624634, 0
u,0.22487124800682068, 0.3276379704475403, 0
u,0.2748768925666809, 0.31558072566986084, 0
u,0.2271701693534851, 0.3229047656059265, 0
u,0.22487124800682068, 0.3276379704475403, 0
u,0.2744554877281189, 0.31846898794174194, 0
u,0.2748768925666809, 0.31558072566986084, 0
u,0.22487124800682068, 0.3276379704475403, 0
u,0.27423781156539917, 0.3214191794395447, 0
u,0.2744554877281189, 0.31846898794174194, 0
u,0.4003535211086273, 0.32638657093048096, 0
u,0.41808223724365234, 0.3029901385307312, 0
u,0.41798633337020874, 0.2963836193084717, 0
u,0.222954660654068, 0.3325294256210327, 0
u,0.27423781156539917, 0.3214191794395447, 0
u,0.22487124800682068, 0.3276379704475403, 0
u,0.222954660654068, 0.3325294256210327, 0
u,0.27422386407852173, 0.32443124055862427, 0
u,0.27423781156539917, 0.3214191794395447, 0
u,0.222954660654068, 0.3325294256210327, 0
u,0.2744136452674866, 0.3275051712989807, 0
u,0.27422386407852173, 0.32443124055862427, 0
u,0.22142036259174347, 0.3375791311264038, 0
u,0.2744136452674866, 0.3275051712989807, 0
u,0.222954660654068, 0.3325294256210327, 0
u,0.4003535211086273, 0.32638657093048096, 0
u,0.4182400107383728, 0.3097134232521057, 0
u,0.41808223724365234, 0.3029901385307312, 0
u,0.22142036259174347, 0.3375791311264038, 0
u,0.2748071253299713, 0.330640971660614, 0
u,0.2744136452674866, 0.3275051712989807, 0
u,0.2202683985233307, 0.34278708696365356, 0
u,0.2748071253299713, 0.330640971660614, 0
u,0.22142036259174347, 0.3375791311264038, 0
u,0.2202683985233307, 0.34278708696365356, 0
u,0.27537769079208374, 0.3336891531944275, 0
u,0.2748071253299713, 0.330640971660614, 0
u,0.4003535211086273, 0.32638657093048096, 0
u,0.4184596538543701, 0.3165534734725952, 0
u,0.4182400107383728, 0.3097134232521057, 0
u,0.2202683985233307, 0.34278708696365356, 0
u,0.2761146128177643, 0.33660227060317993, 0
u,0.27537769079208374, 0.3336891531944275, 0
u,0.21949875354766846, 0.34815317392349243, 0
u,0.2761146128177643, 0.33660227060317993, 0
u,0.2202683985233307, 0.34278708696365356, 0
u,0.21949875354766846, 0.34815317392349243, 0
u,0.2770179510116577, 0.3393803834915161, 0
u,0.2761146128177643, 0.33660227060317993, 0
u,0.4003535211086273, 0.32638657093048096, 0
u,0.4187411963939667, 0.3235102891921997, 0
u,0.4184596538543701, 0.3165534734725952, 0
u,0.21911141276359558, 0.35367757081985474, 0
u,0.2770179510116577, 0.3393803834915161, 0
u,0.21949875354766846, 0.34815317392349243, 0
u,0.21911141276359558, 0.35367757081985474, 0
u,0.27808764576911926, 0.34202343225479126, 0
u,0.2770179510116577, 0.3393803834915161, 0
u,0.21911141276359558, 0.35367757081985474, 0
u,0.2793237268924713, 0.34453147649765015, 0
u,0.27808764576911926, 0.34202343225479126, 0
u,0.21910639107227325, 0.3593601584434509, 0
u,0.2793237268924713, 0.34453147649765015, 0
u,0.21911141276359558, 0.35367757081985474, 0
u,0.21910639107227325, 0.3593601584434509, 0
u,0.28072619438171387, 0.3469043970108032, 0
u,0.2793237268924713, 0.34453147649765015, 0
u,0.21910639107227325, 0.3593601584434509, 0
u,0.28229501843452454, 0.3491423726081848, 0
u,0.28072619438171387, 0.3469043970108032, 0
u,0.21910639107227325, 0.3593601584434509, 0
u,0.2840302586555481, 0.3512452244758606, 0
u,0.28229501843452454, 0.3491423726081848, 0
u,0.21948370337486267, 0.365200936794281, 0
u,0.2840302586555481, 0.3512452244758606, 0
u,0.21910639107227325, 0.3593601584434509, 0
u,0.21948370337486267, 0.365200936794281, 0
u,0.28593185544013977, 0.3532130718231201, 0
u,0.2840302586555481, 0.3512452244758606, 0
u,0.21948370337486267, 0.365200936794281, 0
u,0.28799983859062195, 0.3550459146499634, 0
u,0.28593185544013977, 0.3532130718231201, 0
u,0.22024330496788025, 0.37119996547698975, 0
u,0.28799983859062195, 0.3550459146499634, 0
u,0.21948370337486267, 0.365200936794281, 0
u,0.22024330496788025, 0.37119996547698975, 0
u,0.29023417830467224, 0.3567436933517456, 0
u,0.28799983859062195, 0.3550459146499634, 0
u,0.22024330496788025, 0.37119996547698975, 0
u,0.2926349341869354, 0.3583064079284668, 0
u,0.29023417830467224, 0.3567436933517456, 0
u,0.22024330496788025, 0.37119996547698975, 0
u,0.29523399472236633, 0.3597988486289978, 0
u,0.2926349341869354, 0.3583064079284668, 0
u,0.22117221355438232, 0.3762044906616211, 0
u,0.29523399472236633, 0.3597988486289978, 0
u,0.22024330496788025, 0.37119996547698975, 0
u,0.22117221355438232, 0.3762044906616211, 0
u,0.2981494665145874, 0.3611677289009094, 0
u,0.29523399472236633, 0.3597988486289978, 0
u,0.22117221355438232, 0.3762044906616211, 0
u,0.301381379365921, 0.3624129295349121, 0
u,0.2981494665145874, 0.3611677289009094, 0
u,0.22117221355438232, 0.3762044906616211, 0
u,0.3049297332763672, 0.36353451013565063, 0
u,0.301381379365921, 0.3624129295349121, 0
u,0.2223609983921051, 0.38100266456604004, 0
u,0.3049297332763672, 0.36353451013565063, 0
u,0.22117221355438232, 0.3762044906616211, 0
u,0.2223609983921051, 0.38100266456604004, 0
u,0.30879446864128113, 0.364532470703125, 0
u,0.3049297332763672, 0.36353451013565063, 0
u,0.2223609983921051, 0.38100266456604004, 0
u,0.31297567486763, 0.3654068112373352, 0
u,0.30879446864128113, 0.364532470703125, 0
u,0.2223609983921051, 0.38100266456604004, 0
u,0.31747326254844666, 0.36615753173828125, 0
u,0.31297567486763, 0.3654068112373352, 0
u,0.22380965948104858, 0.3855944871902466, 0
u,0.31747326254844666, 0.36615753173828125, 0
u,0.2223609983921051, 0.38100266456604004, 0
u,0.22380965948104858, 0.3855944871902466, 0
u,0.32228729128837585, 0.36678463220596313, 0
u,0.31747326254844666, 0.36615753173828125, 0
u,0.22380965948104858, 0.3855944871902466, 0
u,0.3274177610874176, 0.3672880530357361, 0
u,0.32228729128837585, 0.36678463220596313, 0
u,0.22380965948104858, 0.3855944871902466, 0
u,0.3328646421432495, 0.36766791343688965, 0
u,0.3274177610874176, 0.3672880530357361, 0
u,0.22380965948104858, 0.3855944871902466, 0
u,0.3386279344558716, 0.3679240942001343, 0
u,0.3328646421432495, 0.36766791343688965, 0
u,0.22551819682121277, 0.3899799585342407, 0
u,0.3386279344558716, 0.3679240942001343, 0
u,0.22380965948104858, 0.3855944871902466, 0
u,0.22551819682121277, 0.3899799585342407, 0
u,0.3447076678276062, 0.3680567145347595, 0
u,0.3386279344558716, 0.3679240942001343, 0
u,0.22551819682121277, 0.3899799585342407, 0
u,0.36230093240737915, 0.36813032627105713, 0
u,0.3447076678276062, 0.3680567145347595, 0
u,0.22551819682121277, 0.3899799585342407, 0
u,0.3677104711532593, 0.3683132529258728, 0
u,0.36230093240737915, 0.36813032627105713, 0
u,0.22748661041259766, 0.3941590189933777, 0
u,0.3677104711532593, 0.3683132529258728, 0
u,0.22551819682121277, 0.3899799585342407, 0
u,0.22748661041259766, 0.3941590189933777, 0
u,0.3729253113269806, 0.3687010407447815, 0
u,0.3677104711532593, 0.3683132529258728, 0
u,0.22748661041259766, 0.3941590189933777, 0
u,0.3779454529285431, 0.3692936897277832, 0
u,0.3729253113269806, 0.3687010407447815, 0
u,0.22748661041259766, 0.3941590189933777, 0
u,0.3827708661556244, 0.3700912594795227, 0
u,0.3779454529285431, 0.3692936897277832, 0
u,0.22971490025520325, 0.398131787776947, 0
u,0.3827708661556244, 0.3700912594795227, 0
u,0.22748661041259766, 0.3941590189933777, 0
u,0.22971490025520325, 0.398131787776947, 0
u,0.38740161061286926, 0.3710936903953552, 0
u,0.3827708661556244, 0.3700912594795227, 0
u,0.22971490025520325, 0.398131787776947, 0
u,0.3918376564979553, 0.37230098247528076, 0
u,0.38740161061286926, 0.3710936903953552, 0
u,0.22971490025520325, 0.398131787776947, 0
u,0.3960789740085602, 0.3737131357192993, 0
u,0.3918376564979553, 0.37230098247528076, 0
u,0.23220308125019073, 0.40189820528030396, 0
u,0.3960789740085602, 0.3737131357192993, 0
u,0.22971490025520325, 0.398131787776947, 0
u,0.23220308125019073, 0.40189820528030396, 0
u,0.4001255929470062, 0.37533020973205566, 0
u,0.3960789740085602, 0.3737131357192993, 0
u,0.23220308125019073, 0.40189820528030396, 0
u,0.40397754311561584, 0.37715214490890503, 0
u,0.4001255929470062, 0.37533020973205566, 0
u,0.23495113849639893, 0.4054582118988037, 0
u,0.40397754311561584, 0.37715214490890503, 0
u,0.23220308125019073, 0.40189820528030396, 0
u,0.23495113849639893, 0.4054582118988037, 0
u,0.40763476490974426, 0.3791789412498474, 0
u,0.40397754311561584, 0.37715214490890503, 0
u,0.23795907199382782, 0.40881192684173584, 0
u,0.40763476490974426, 0.3791789412498474, 0
u,0.23495113849639893, 0.4054582118988037, 0
u,0.23795907199382782, 0.40881192684173584, 0
u,0.41109728813171387, 0.3814106583595276, 0
u,0.40763476490974426, 0.3791789412498474, 0
u,0.23795907199382782, 0.40881192684173584, 0
u,0.41436511278152466, 0.3838472366333008, 0
u,0.41109728813171387, 0.3814106583595276, 0
u,0.24122688174247742, 0.41195929050445557, 0
u,0.41436511278152466, 0.3838472366333008, 0
u,0.23795907199382782, 0.40881192684173584, 0
u,0.24122688174247742, 0.41195929050445557, 0
u,0.4173838198184967, 0.3864753842353821, 0
u,0.41436511278152466, 0.3838472366333008, 0
u,0.24475456774234772, 0.4149002432823181, 0
u,0.4173838198184967, 0.3864753842353821, 0
u,0.24122688174247742, 0.41195929050445557, 0
u,0.24475456774234772, 0.4149002432823181, 0
u,0.4202011823654175, 0.38926583528518677, 0
u,0.4173838198184967, 0.3864753842353821, 0
u,0.24854214489459991, 0.41763490438461304, 0
u,0.4202011823654175, 0.38926583528518677, 0
u,0.24475456774234772, 0.4149002432823181, 0
u,0.24854214489459991, 0.41763490438461304, 0
u,0.4228171706199646, 0.39221858978271484, 0
u,0.4202011823654175, 0.38926583528518677, 0
u,0.2512756586074829, 0.4193178415298462, 0
u,0.4228171706199646, 0.39221858978271484, 0
u,0.24854214489459991, 0.41763490438461304, 0
u,0.2512756586074829, 0.4193178415298462, 0
u,0.42523181438446045, 0.3953337073326111, 0
u,0.4228171706199646, 0.39221858978271484, 0
u,0.2543262541294098, 0.42088139057159424, 0
u,0.42523181438446045, 0.3953337073326111, 0
u,0.2512756586074829, 0.4193178415298462, 0
u,0.25769391655921936, 0.4223255515098572, 0
u,0.42523181438446045, 0.3953337073326111, 0
u,0.2543262541294098, 0.42088139057159424, 0
u,0.25769391655921936, 0.4223255515098572, 0
u,0.42744508385658264, 0.3986111283302307, 0
u,0.42523181438446045, 0.3953337073326111, 0
u,0.2613787055015564, 0.4236503839492798, 0
u,0.42744508385658264, 0.3986111283302307, 0
u,0.25769391655921936, 0.4223255515098572, 0
u,0.2653805613517761, 0.4248558282852173, 0
u,0.42744508385658264, 0.3986111283302307, 0
u,0.2613787055015564, 0.4236503839492798, 0
u,0.2653805613517761, 0.4248558282852173, 0
u,0.42945700883865356, 0.40205085277557373, 0
u,0.42744508385658264, 0.3986111283302307, 0
u,0.2696995139122009, 0.4259418845176697, 0
u,0.42945700883865356, 0.40205085277557373, 0
u,0.2653805613517761, 0.4248558282852173, 0
u,0.2743355631828308, 0.42690861225128174, 0
u,0.42945700883865356, 0.40205085277557373, 0
u,0.2696995139122009, 0.4259418845176697, 0
u,0.2743355631828308, 0.42690861225128174, 0
u,0.43126755952835083, 0.40565288066864014, 0
u,0.42945700883865356, 0.40205085277557373, 0
u,0.27928870916366577, 0.4277559518814087, 0
u,0.43126755952835083, 0.40565288066864014, 0
u,0.2743355631828308, 0.42690861225128174, 0
u,0.2845589518547058, 0.42848390340805054, 0
u,0.43126755952835083, 0.40565288066864014, 0
u,0.27928870916366577, 0.4277559518814087, 0
u,0.29014626145362854, 0.4290924668312073, 0
u,0.43126755952835083, 0.40565288066864014, 0
u,0.2845589518547058, 0.42848390340805054, 0
u,0.29014626145362854, 0.4290924668312073, 0
u,0.4328767657279968, 0.40941721200942993, 0
u,0.43126755952835083, 0.40565288066864014, 0
u,0.29605066776275635, 0.4295817017555237, 0
u,0.4328767657279968, 0.40941721200942993, 0
u,0.29014626145362854, 0.4290924668312073, 0
u,0.30227217078208923, 0.42995160818099976, 0
u,0.4328767657279968, 0.40941721200942993, 0
u,0.29605066776275635, 0.4295817017555237, 0
u,0.30227217078208923, 0.42995160818099976, 0
u,0.43428462743759155, 0.4133439064025879, 0
u,0.4328767657279968, 0.40941721200942993, 0
u,0.3294907212257385, 0.43134522438049316, 0
u,0.43428462743759155, 0.4133439064025879, 0
u,0.30227217078208923, 0.42995160818099976, 0
u,0.3294907212257385, 0.43134522438049316, 0
u,0.4354911148548126, 0.41743290424346924, 0
u,0.43428462743759155, 0.4133439064025879, 0
u,0.33346202969551086, 0.4316026568412781, 0
u,0.4354911148548126, 0.41743290424346924, 0
u,0.3294907212257385, 0.43134522438049316, 0
u,0.33725443482398987, 0.4319709539413452, 0
u,0.4354911148548126, 0.41743290424346924, 0
u,0.33346202969551086, 0.4316026568412781, 0
u,0.3408679664134979, 0.4324500560760498, 0
u,0.4354911148548126, 0.41743290424346924, 0
u,0.33725443482398987, 0.4319709539413452, 0
u,0.3408679664134979, 0.4324500560760498, 0
u,0.43649622797966003, 0.421684205532074, 0
u,0.4354911148548126, 0.41743290424346924, 0
u,0.34430262446403503, 0.4330400228500366, 0
u,0.43649622797966003, 0.421684205532074, 0
u,0.3408679664134979, 0.4324500560760498, 0
u,0.3475583791732788, 0.4337407946586609, 0
u,0.43649622797966003, 0.421684205532074, 0
u,0.34430262446403503, 0.4330400228500366, 0
u,0.35063526034355164, 0.4345523715019226, 0
u,0.43649622797966003, 0.421684205532074, 0
u,0.3475583791732788, 0.4337407946586609, 0
u,0.35353323817253113, 0.43547481298446655, 0
u,0.43649622797966003, 0.421684205532074, 0
u,0.35063526034355164, 0.4345523715019226, 0
u,0.35353323817253113, 0.43547481298446655, 0
u,0.43730002641677856, 0.4260978102684021, 0
u,0.43649622797966003, 0.421684205532074, 0
u,0.3562523126602173, 0.4365081191062927, 0
u,0.43730002641677856, 0.4260978102684021, 0
u,0.35353323817253113, 0.43547481298446655, 0
u,0.3587925434112549, 0.43765223026275635, 0
u,0.43730002641677856, 0.4260978102684021, 0
u,0.3562523126602173, 0.4365081191062927, 0
u,0.36115384101867676, 0.4389071464538574, 0
u,0.43730002641677856, 0.4260978102684021, 0
u,0.3587925434112549, 0.43765223026275635, 0
u,0.36115384101867676, 0.4389071464538574, 0
u,0.43788081407546997, 0.4306749105453491, 0
u,0.43730002641677856, 0.4260978102684021, 0
u,0.3633362650871277, 0.4402729272842407, 0
u,0.43788081407546997, 0.4306749105453491, 0
u,0.36115384101867676, 0.4389071464538574, 0
u,0.36533981561660767, 0.4417495131492615, 0
u,0.43788081407546997, 0.4306749105453491, 0
u,0.3633362650871277, 0.4402729272842407, 0
u,0.36719179153442383, 0.4433305263519287, 0
u,0.43788081407546997, 0.4306749105453491, 0
u,0.36533981561660767, 0.4417495131492615, 0
u,0.36719179153442383, 0.4433305263519287, 0
u,0.43818506598472595, 0.4352124333381653, 0
u,0.43788081407546997, 0.4306749105453491, 0
u,0.36891958117485046, 0.44500941038131714, 0
u,0.43818506598472595, 0.4352124333381653, 0
u,0.36719179153442383, 0.4433305263519287, 0
u,0.3705231249332428, 0.44678622484207153, 0
u,0.43818506598472595, 0.4352124333381653, 0
u,0.36891958117485046, 0.44500941038131714, 0
u,0.3705231249332428, 0.44678622484207153, 0
u,0.4382127523422241, 0.4397103786468506, 0
u,0.43818506598472595, 0.4352124333381653, 0
u,0.3720024526119232, 0.4486609697341919, 0
u,0.4382127523422241, 0.4397103786468506, 0
u,0.3705231249332428, 0.44678622484207153, 0
u,0.22057394683361053, 0.4790632724761963, 0
u,0.23905037343502045, 0.46935319900512695, 0
u,0.22004976868629456, 0.4723253846168518, 0
u,0.22057394683361053, 0.4790632724761963, 0
u,0.2446197271347046, 0.49893611669540405, 0
u,0.23905037343502045, 0.46935319900512695, 0
u,0.3733575642108917, 0.4506336450576782, 0
u,0.4382127523422241, 0.4397103786468506, 0
u,0.3720024526119232, 0.4486609697341919, 0
u,0.3733575642108917, 0.4506336450576782, 0
u,0.43796390295028687, 0.44416874647140503, 0
u,0.4382127523422241, 0.4397103786468506, 0
u,0.3745884299278259, 0.4527042508125305, 0
u,0.43796390295028687, 0.44416874647140503, 0
u,0.3733575642108917, 0.4506336450576782, 0
u,0.3756951093673706, 0.454872727394104, 0
u,0.43796390295028687, 0.44416874647140503, 0
u,0.3745884299278259, 0.4527042508125305, 0
u,0.3756951093673706, 0.454872727394104, 0
u,0.4374385178089142, 0.44858747720718384, 0
u,0.43796390295028687, 0.44416874647140503, 0
u,0.22098851203918457, 0.4858531951904297, 0
u,0.2446197271347046, 0.49893611669540405, 0
u,0.22057394683361053, 0.4790632724761963, 0
u,0.376677542924881, 0.45713919401168823, 0
u,0.4374385178089142, 0.44858747720718384, 0
u,0.3756951093673706, 0.454872727394104, 0
u,0.37753576040267944, 0.45950353145599365, 0
u,0.4374385178089142, 0.44858747720718384, 0
u,0.376677542924881, 0.45713919401168823, 0
u,0.37753576040267944, 0.45950353145599365, 0
u,0.4366365671157837, 0.4529666304588318, 0
u,0.4374385178089142, 0.44858747720718384, 0
u,0.378269761800766, 0.46196579933166504, 0
u,0.4366365671157837, 0.4529666304588318, 0
u,0.37753576040267944, 0.45950353145599365, 0
u,0.22129347920417786, 0.4926952123641968, 0
u,0.2446197271347046, 0.49893611669540405, 0
u,0.22098851203918457, 0.4858531951904297, 0
u,0.3788795471191406, 0.4645259976387024, 0
u,0.4366365671157837, 0.4529666304588318, 0
u,0.378269761800766, 0.46196579933166504, 0
u,0.3788795471191406, 0.4645259976387024, 0
u,0.4355580806732178, 0.4573062062263489, 0
u,0.4366365671157837, 0.4529666304588318, 0
u,0.37936511635780334, 0.4671841263771057, 0
u,0.4355580806732178, 0.4573062062263489, 0
u,0.3788795471191406, 0.4645259976387024, 0
u,0.37936511635780334, 0.4671841263771057, 0
u,0.43420302867889404, 0.4616062045097351, 0
u,0.4355580806732178, 0.4573062062263489, 0
u,0.3798063397407532, 0.470666766166687, 0
u,0.43420302867889404, 0.4616062045097351, 0
u,0.37936511635780334, 0.4671841263771057, 0
u,0.2214888632297516, 0.499589204788208, 0
u,0.2446197271347046, 0.49893611669540405, 0
u,0.22129347920417786, 0.4926952123641968, 0
u,0.3798063397407532, 0.470666766166687, 0
u,0.4325714409351349, 0.4658665657043457, 0
u,0.43420302867889404, 0.4616062045097351, 0
u,0.3800273835659027, 0.4740661382675171, 0
u,0.4325714409351349, 0.4658665657043457, 0
u,0.3798063397407532, 0.470666766166687, 0
u,0.38002827763557434, 0.47738218307495117, 0
u,0.4325714409351349, 0.4658665657043457, 0
u,0.3800273835659027, 0.4740661382675171, 0
u,0.38002827763557434, 0.47738218307495117, 0
u,0.4306633174419403, 0.47008734941482544, 0
u,0.4325714409351349, 0.4658665657043457, 0
u,0.22157461941242218, 0.5065352022647858, 0
u,0.2446197271347046, 0.49893611669540405, 0
u,0.2214888632297516, 0.499589204788208, 0
u,0.37980902194976807, 0.48061496019363403, 0
u,0.4306633174419403, 0.47008734941482544, 0
u,0.38002827763557434, 0.47738218307495117, 0
u,0.22157461941242218, 0.5065352022647858, 0
u,0.2472849190235138, 0.5011999011039734, 0
u,0.2446197271347046, 0.49893611669540405, 0
u,0.37980902194976807, 0.48061496019363403, 0
u,0.4284786283969879, 0.4742685556411743, 0
u,0.4306633174419403, 0.47008734941482544, 0
u,0.22157461941242218, 0.5065352022647858, 0
u,0.2500569820404053, 0.5033662617206573, 0
u,0.2472849190235138, 0.5011999011039734, 0
u,0.3793696165084839, 0.4837644100189209, 0
u,0.4284786283969879, 0.4742685556411743, 0
u,0.37980902194976807, 0.48061496019363403, 0
u,0.2215508073568344, 0.5135332643985748, 0
u,0.2500569820404053, 0.5033662617206573, 0
u,0.22157461941242218, 0.5065352022647858, 0
u,0.3793696165084839, 0.4837644100189209, 0
u,0.4260174036026001, 0.47841018438339233, 0
u,0.4284786283969879, 0.4742685556411743, 0
u,0.2215508073568344, 0.5135332643985748, 0
u,0.25293591618537903, 0.5054352581501007, 0
u,0.2500569820404053, 0.5033662617206573, 0
u,0.3787100315093994, 0.48683059215545654, 0
u,0.4260174036026001, 0.47841018438339233, 0
u,0.3793696165084839, 0.4837644100189209, 0
u,0.2215508073568344, 0.5135332643985748, 0
u,0.25592169165611267, 0.5074068307876587, 0
u,0.25293591618537903, 0.5054352581501007, 0
u,0.3787100315093994, 0.48683059215545654, 0
u,0.42331287264823914, 0.4825364351272583, 0
u,0.4260174036026001, 0.47841018438339233, 0
u,0.37783029675483704, 0.4898134469985962, 0
u,0.42331287264823914, 0.4825364351272583, 0
u,0.3787100315093994, 0.48683059215545654, 0
u,0.2215508073568344, 0.5135332643985748, 0
u,0.2590143382549286, 0.5092810392379761, 0
u,0.25592169165611267, 0.5074068307876587, 0
u,0.2214173972606659, 0.5205833613872528, 0
u,0.2590143382549286, 0.5092810392379761, 0
u,0.2215508073568344, 0.5135332643985748, 0
u,0.37783029675483704, 0.4898134469985962, 0
u,0.42039820551872253, 0.4866715669631958, 0
u,0.42331287264823914, 0.4825364351272583, 0
u,0.37673041224479675, 0.4927130341529846, 0
u,0.42039820551872253, 0.4866715669631958, 0
u,0.37783029675483704, 0.4898134469985962, 0
u,0.2214173972606659, 0.5205833613872528, 0
u,0.2622138559818268, 0.5110578536987305, 0
u,0.2590143382549286, 0.5092810392379761, 0
u,0.37541037797927856, 0.49552929401397705, 0
u,0.42039820551872253, 0.4866715669631958, 0
u,0.37673041224479675, 0.4927130341529846, 0
u,0.2214173972606659, 0.5205833613872528, 0
u,0.26552021503448486, 0.5127373039722443, 0
u,0.2622138559818268, 0.5110578536987305, 0
u,0.37541037797927856, 0.49552929401397705, 0
u,0.41727349162101746, 0.4908156394958496, 0
u,0.42039820551872253, 0.4866715669631958, 0
u,0.3738701641559601, 0.49826228618621826, 0
u,0.41727349162101746, 0.4908156394958496, 0
u,0.37541037797927856, 0.49552929401397705, 0
u,0.2214173972606659, 0.5205833613872528, 0
u,0.2689334452152252, 0.5143193304538727, 0
u,0.26552021503448486, 0.5127373039722443, 0
u,0.22117437422275543, 0.5276854634284973, 0
u,0.2689334452152252, 0.5143193304538727, 0
u,0.2214173972606659, 0.5205833613872528, 0
u,0.3738701641559601, 0.49826228618621826, 0
u,0.41393864154815674, 0.4949685335159302, 0
u,0.41727349162101746, 0.4908156394958496, 0
u,0.22117437422275543, 0.5276854634284973, 0
u,0.27245354652404785, 0.5158039927482605, 0
u,0.2689334452152252, 0.5143193304538727, 0
u,0.3721098303794861, 0.5009119510650635, 0
u,0.41393864154815674, 0.4949685335159302, 0
u,0.3738701641559601, 0.49826228618621826, 0
u,0.22117437422275543, 0.5276854634284973, 0
u,0.27608051896095276, 0.5171912908554077, 0
u,0.27245354652404785, 0.5158039927482605, 0
u,0.3701293170452118, 0.5034783482551575, 0
u,0.41393864154815674, 0.4949685335159302, 0
u,0.3721098303794861, 0.5009119510650635, 0
u,0.3701293170452118, 0.5034783482551575, 0
u,0.41039368510246277, 0.4991303086280823, 0
u,0.41393864154815674, 0.4949685335159302, 0
u,0.22117437422275543, 0.5276854634284973, 0
u,0.27981433272361755, 0.5184811651706696, 0
u,0.27608051896095276, 0.5171912908554077, 0
u,0.3679300546646118, 0.5059285163879395, 0
u,0.41039368510246277, 0.4991303086280823, 0
u,0.3701293170452118, 0.5034783482551575, 0
u,0.22117437422275543, 0.5276854634284973, 0
u,0.2836550176143646, 0.5196736752986908, 0
u,0.27981433272361755, 0.5184811651706696, 0
u,0.2208217829465866, 0.5348396003246307, 0
u,0.2836550176143646, 0.5196736752986908, 0
u,0.22117437422275543, 0.5276854634284973, 0
u,0.3679300546646118, 0.5059285163879395, 0
u,0.40663865208625793, 0.5033009648323059, 0
u,0.41039368510246277, 0.4991303086280823, 0
u,0.3655133843421936, 0.5082295536994934, 0
u,0.40663865208625793, 0.5033009648323059, 0
u,0.3679300546646118, 0.5059285163879395, 0
u,0.2208217829465866, 0.5348396003246307, 0
u,0.2875422239303589, 0.5207455158233643, 0
u,0.2836550176143646, 0.5196736752986908, 0
u,0.36287936568260193, 0.510381430387497, 0
u,0.40663865208625793, 0.5033009648323059, 0
u,0.3655133843421936, 0.5082295536994934, 0
u,0.2208217829465866, 0.5348396003246307, 0
u,0.29141566157341003, 0.5216734409332275, 0
u,0.2875422239303589, 0.5207455158233643, 0
u,0.36287936568260193, 0.510381430387497, 0
u,0.40267351269721985, 0.5074805021286011, 0
u,0.40663865208625793, 0.5033009648323059, 0
u,0.3600279688835144, 0.5123841762542725, 0
u,0.40267351269721985, 0.5074805021286011, 0
u,0.36287936568260193, 0.510381430387497, 0
u,0.2208217829465866, 0.5348396003246307, 0
u,0.2952752709388733, 0.5224574506282806, 0
u,0.29141566157341003, 0.5216734409332275, 0
u,0.2208217829465866, 0.5348396003246307, 0
u,0.29912111163139343, 0.5230975449085236, 0
u,0.2952752709388733, 0.5224574506282806, 0
u,0.35695919394493103, 0.51423779129982, 0
u,0.40267351269721985, 0.5074805021286011, 0
u,0.3600279688835144, 0.5123841762542725, 0
u,0.22035956382751465, 0.5420457720756531, 0
u,0.29912111163139343, 0.5230975449085236, 0
u,0.2208217829465866, 0.5348396003246307, 0
u,0.22035956382751465, 0.5420457720756531, 0
u,0.30295318365097046, 0.5235936939716339, 0
u,0.29912111163139343, 0.5230975449085236, 0
u,0.3536730706691742, 0.515942245721817, 0
u,0.40267351269721985, 0.5074805021286011, 0
u,0.35695919394493103, 0.51423779129982, 0
u,0.3536730706691742, 0.515942245721817, 0
u,0.3984982967376709, 0.5116689205169678, 0
u,0.40267351269721985, 0.5074805021286011, 0
u,0.22035956382751465, 0.5420457720756531, 0
u,0.3067714273929596, 0.5239459574222565, 0
u,0.30295318365097046, 0.5235936939716339, 0
u,0.3501695394515991, 0.5174975693225861, 0
u,0.3984982967376709, 0.5116689205169678, 0
u,0.3536730706691742, 0.515942245721817, 0
u,0.22035956382751465, 0.5420457720756531, 0
u,0.3105759024620056, 0.5241542756557465, 0
u,0.3067714273929596, 0.5239459574222565, 0
u,0.3464486598968506, 0.5189037621021271, 0
u,0.3984982967376709, 0.5116689205169678, 0
u,0.3501695394515991, 0.5174975693225861, 0
u,0.22035956382751465, 0.5420457720756531, 0
u,0.31436657905578613, 0.5242186784744263, 0
u,0.3105759024620056, 0.5241542756557465, 0
u,0.3425104022026062, 0.5201607942581177, 0
u,0.3984982967376709, 0.5116689205169678, 0
u,0.3464486598968506, 0.5189037621021271, 0
u,0.22035956382751465, 0.5420457720756531, 0
u,0.31814345717430115, 0.5241391360759735, 0
u,0.31436657905578613, 0.5242186784744263, 0
u,0.33835476636886597, 0.5212686955928802, 0
u,0.3984982967376709, 0.5116689205169678, 0
u,0.3425104022026062, 0.5201607942581177, 0
u,0.22035956382751465, 0.5420457720756531, 0
u,0.32190653681755066, 0.523915708065033, 0
u,0.31814345717430115, 0.5241391360759735, 0
u,0.33835476636886597, 0.5212686955928802, 0
u,0.3941129446029663, 0.515866219997406, 0
u,0.3984982967376709, 0.5116689205169678, 0
u,0.3339817523956299, 0.5222274363040924, 0
u,0.3941129446029663, 0.515866219997406, 0
u,0.33835476636886597, 0.5212686955928802, 0
u,0.22035956382751465, 0.5420457720756531, 0
u,0.32565584778785706, 0.5235483348369598, 0
u,0.32190653681755066, 0.523915708065033, 0
u,0.32939136028289795, 0.5230370759963989, 0
u,0.3941129446029663, 0.515866219997406, 0
u,0.3339817523956299, 0.5222274363040924, 0
u,0.22035956382751465, 0.5420457720756531, 0
u,0.32939136028289795, 0.5230370759963989, 0
u,0.32565584778785706, 0.5235483348369598, 0
u,0.22035956382751465, 0.5420457720756531, 0
u,0.3941129446029663, 0.515866219997406, 0
u,0.32939136028289795, 0.5230370759963989, 0
u,0.21978776156902313, 0.5493039786815643, 0
u,0.3941129446029663, 0.515866219997406, 0
u,0.22035956382751465, 0.5420457720756531, 0
u,0.21978776156902313, 0.5493039786815643, 0
u,0.38951751589775085, 0.5200724303722382, 0
u,0.3941129446029663, 0.515866219997406, 0
u,0.21978776156902313, 0.5493039786815643, 0
u,0.38471201062202454, 0.5242874920368195, 0
u,0.38951751589775085, 0.5200724303722382, 0
u,0.21910637617111206, 0.5566141903400421, 0
u,0.38471201062202454, 0.5242874920368195, 0
u,0.21978776156902313, 0.5493039786815643, 0
u,0.21910637617111206, 0.5566141903400421, 0
u,0.3796963691711426, 0.5285114645957947, 0
u,0.38471201062202454, 0.5242874920368195, 0
u,0.21910637617111206, 0.5566141903400421, 0
u,0.3744910955429077, 0.5326102674007416, 0
u,0.3796963691711426, 0.5285114645957947, 0
u,0.2246834933757782, 0.5575688481330872, 0
u,0.3744910955429077, 0.5326102674007416, 0
u,0.21910637617111206, 0.5566141903400421, 0
u,0.2246834933757782, 0.5575688481330872, 0
u,0.3691166639328003, 0.5364499092102051, 0
u,0.3744910955429077, 0.5326102674007416, 0
u,0.23001134395599365, 0.5584491491317749, 0
u,0.3691166639328003, 0.5364499092102051, 0
u,0.2246834933757782, 0.5575688481330872, 0
u,0.23001134395599365, 0.5584491491317749, 0
u,0.3635730445384979, 0.5400304198265076, 0
u,0.3691166639328003, 0.5364499092102051, 0
u,0.23508992791175842, 0.559255063533783, 0
u,0.3635730445384979, 0.5400304198265076, 0
u,0.23001134395599365, 0.5584491491317749, 0
u,0.23991920053958893, 0.5599866211414337, 0
u,0.3635730445384979, 0.5400304198265076, 0
u,0.23508992791175842, 0.559255063533783, 0
u,0.23991920053958893, 0.5599866211414337, 0
u,0.357860267162323, 0.5433517694473267, 0
u,0.3635730445384979, 0.5400304198265076, 0
u,0.24449919164180756, 0.5606437623500824, 0
u,0.357860267162323, 0.5433517694473267, 0
u,0.23991920053958893, 0.5599866211414337, 0
u,0.2488299012184143, 0.5612265169620514, 0
u,0.357860267162323, 0.5433517694473267, 0
u,0.24449919164180756, 0.5606437623500824, 0
u,0.2488299012184143, 0.5612265169620514, 0
u,0.3519783318042755, 0.5464139878749847, 0
u,0.357860267162323, 0.5433517694473267, 0
u,0.2529113292694092, 0.5617349147796631, 0
u,0.3519783318042755, 0.5464139878749847, 0
u,0.2488299012184143, 0.5612265169620514, 0
u,0.256743460893631, 0.5621689260005951, 0
u,0.3519783318042755, 0.5464139878749847, 0
u,0.2529113292694092, 0.5617349147796631, 0
u,0.256743460893631, 0.5621689260005951, 0
u,0.3459271788597107, 0.5492170453071594, 0
u,0.3519783318042755, 0.5464139878749847, 0
u,0.2603262960910797, 0.5625285506248474, 0
u,0.3459271788597107, 0.5492170453071594, 0
u,0.256743460893631, 0.5621689260005951, 0
u,0.26365986466407776, 0.5628138184547424, 0
u,0.3459271788597107, 0.5492170453071594, 0
u,0.2603262960910797, 0.5625285506248474, 0
u,0.26365986466407776, 0.5628138184547424, 0
u,0.3397068679332733, 0.5517609417438507, 0
u,0.3459271788597107, 0.5492170453071594, 0
u,0.2667441666126251, 0.5630246996879578, 0
u,0.3397068679332733, 0.5517609417438507, 0
u,0.26365986466407776, 0.5628138184547424, 0
u,0.2695791721343994, 0.5631611943244934, 0
u,0.3397068679332733, 0.5517609417438507, 0
u,0.2667441666126251, 0.5630246996879578, 0
u,0.2695791721343994, 0.5631611943244934, 0
u,0.3333173990249634, 0.5540456771850586, 0
u,0.3397068679332733, 0.5517609417438507, 0
u,0.2723170518875122, 0.5632343590259552, 0
u,0.3333173990249634, 0.5540456771850586, 0
u,0.2695791721343994, 0.5631611943244934, 0
u,0.27511000633239746, 0.5632553398609161, 0
u,0.3333173990249634, 0.5540456771850586, 0
u,0.2723170518875122, 0.5632343590259552, 0
u,0.27511000633239746, 0.5632553398609161, 0
u,0.3267587423324585, 0.5560712516307831, 0
u,0.3333173990249634, 0.5540456771850586, 0
u,0.2779580056667328, 0.5632241070270538, 0
u,0.3267587423324585, 0.5560712516307831, 0
u,0.27511000633239746, 0.5632553398609161, 0
u,0.2808610796928406, 0.5631406307220459, 0
u,0.3267587423324585, 0.5560712516307831, 0
u,0.2779580056667328, 0.5632241070270538, 0
u,0.28381919860839844, 0.5630049705505371, 0
u,0.3267587423324585, 0.5560712516307831, 0
u,0.2808610796928406, 0.5631406307220459, 0
u,0.28381919860839844, 0.5630049705505371, 0
u,0.32003092765808105, 0.5578376948833466, 0
u,0.3267587423324585, 0.5560712516307831, 0
u,0.28683239221572876, 0.5628170669078827, 0
u,0.32003092765808105, 0.5578376948833466, 0
u,0.28381919860839844, 0.5630049705505371, 0
u,0.28990063071250916, 0.562576949596405, 0
u,0.32003092765808105, 0.5578376948833466, 0
u,0.28683239221572876, 0.5628170669078827, 0
u,0.28990063071250916, 0.562576949596405, 0
u,0.31313392519950867, 0.559345006942749, 0
u,0.32003092765808105, 0.5578376948833466, 0
u,0.2930239140987396, 0.5622846186161041, 0
u,0.31313392519950867, 0.559345006942749, 0
u,0.28990063071250916, 0.562576949596405, 0
u,0.29620230197906494, 0.56194007396698, 0
u,0.31313392519950867, 0.559345006942749, 0
u,0.2930239140987396, 0.5622846186161041, 0
u,0.29943570494651794, 0.5615433156490326, 0
u,0.31313392519950867, 0.559345006942749, 0
u,0.29620230197906494, 0.56194007396698, 0
u,0.29943570494651794, 0.5615433156490326, 0
u,0.30606773495674133, 0.5605930984020233, 0
u,0.31313392519950867, 0.559345006942749, 0
u,0.3027242124080658, 0.5610943138599396, 0
u,0.30606773495674133, 0.5605930984020233, 0
u,0.29943570494651794, 0.5615433156490326, 0
u,0.25642138719558716, 0.23296856880187988, 0
u,0.1709475964307785, 0.2362167239189148, 0
u,0.25642138719558716, 0.2362167239189148, 0
u,0.4273689389228821, 0.1487816572189331, 0
u,0.3418951630592346, 0.15261268615722656, 0
u,0.4273689389228821, 0.1526126265525818, 0
u,0.3418951630592346, 0.0103379487991333, 0
u,0.25642138719558716, 0.014044463634490967, 0
u,0.3418951630592346, 0.014044463634490967, 0
u,0.9292681217193604, 0.5465732216835022, 0
u,0.9362278580665588, 0.632047027349472, 0
u,0.9362278580665588, 0.5465732216835022, 0
u,0.9936801195144653, 0.9820044133812189, 0
u,0.9082063436508179, 0.9850103445351124, 0
u,0.9936801195144653, 0.9850103389471769, 0
u,0.9936801195144653, 0.938105396926403, 0
u,0.9082063436508179, 0.9410578012466431, 0
u,0.9936801195144653, 0.9410577937960625, 0
u,0.25642138719558716, 0.2362167239189148, 0
u,0.1709475964307785, 0.23921418190002441, 0
u,0.25642138719558716, 0.23921418190002441, 0
u,0.8227323889732361, 0.05829310417175293, 0
u,0.7372586131095886, 0.062243521213531494, 0
u,0.8227323889732361, 0.06224346160888672, 0
u,0.3418951630592346, 0.006785213947296143, 0
u,0.25642138719558716, 0.010338008403778076, 0
u,0.3418951630592346, 0.0103379487991333, 0
u,0.4273689389228821, 0.2345603108406067, 0
u,0.3418951630592346, 0.2369953989982605, 0
u,0.4273689389228821, 0.2369953989982605, 0
u,0.9936801195144653, 0.9850103389471769, 0
u,0.9082063436508179, 0.9878712277859449, 0
u,0.9936801195144653, 0.9878712212666869, 0
u,0.9936801195144653, 0.9351563900709152, 0
u,0.9082063436508179, 0.9381054043769836, 0
u,0.9936801195144653, 0.938105396926403, 0
u,0.4273689389228821, 0.006469547748565674, 0
u,0.3418951630592346, 0.00958096981048584, 0
u,0.4273689389228821, 0.00958096981048584, 0
u,0.4273689389228821, 0.1526126265525818, 0
u,0.3418951630592346, 0.15649116039276123, 0
u,0.4273689389228821, 0.15649116039276123, 0
u,0.5873578190803528, 0.1916155219078064, 0
u,0.5018840432167053, 0.195267915725708, 0
u,0.5873578190803528, 0.19526785612106323, 0
u,0.4273689389228821, 0.23190909624099731, 0
u,0.3418951630592346, 0.2345603108406067, 0
u,0.4273689389228821, 0.2345603108406067, 0
u,0.9936801195144653, 0.9878712212666869, 0
u,0.9082063436508179, 0.9905870668590069, 0
u,0.9936801195144653, 0.9905870603397489, 0
u,0.9936801195144653, 0.9322107806801796, 0
u,0.9082063436508179, 0.9351563975214958, 0
u,0.9936801195144653, 0.9351563900709152, 0
u,0.4273689389228821, 0.00958096981048584, 0
u,0.3418951630592346, 0.012829065322875977, 0
u,0.4273689389228821, 0.012829065322875977, 0
u,0.4273689389228821, 0.15649116039276123, 0
u,0.3418951630592346, 0.16035699844360352, 0
u,0.4273689389228821, 0.16035699844360352, 0
u,0.5873578190803528, 0.18896573781967163, 0
u,0.5018840432167053, 0.19161558151245117, 0
u,0.5873578190803528, 0.1916155219078064, 0
u,0.9936801195144653, 0.9292685613036156, 0
u,0.9082063436508179, 0.9322107881307602, 0
u,0.9936801195144653, 0.9322107806801796, 0
u,0.8227323889732361, 0.06224346160888672, 0
u,0.7372586131095886, 0.06640416383743286, 0
u,0.8227323889732361, 0.06640416383743286, 0
u,0.4273689389228821, 0.2290416955947876, 0
u,0.3418951630592346, 0.23190909624099731, 0
u,0.4273689389228821, 0.23190909624099731, 0
u,0.4273689389228821, 0.012829065322875977, 0
u,0.3418951630592346, 0.01621389389038086, 0
u,0.4273689389228821, 0.01621389389038086, 0
u,0.9936801195144653, 0.9905870603397489, 0
u,0.9082063436508179, 0.9931578645482659, 0
u,0.9936801195144653, 0.9931578580290079, 0
u,0.5873578190803528, 0.185993492603302, 0
u,0.5018840432167053, 0.18896573781967163, 0
u,0.5873578190803528, 0.18896573781967163, 0
u,0.9936801195144653, 0.9263100773096085, 0
u,0.9082063436508179, 0.9292685687541962, 0
u,0.9936801195144653, 0.9292685613036156, 0
u,0.4273689389228821, 0.16035699844360352, 0
u,0.3418951630592346, 0.16421020030975342, 0
u,0.4273689389228821, 0.16421020030975342, 0
u,0.5873578190803528, 0.1826987862586975, 0
u,0.5018840432167053, 0.185993492603302, 0
u,0.5873578190803528, 0.185993492603302, 0
u,0.9936801195144653, 0.9931578580290079, 0
u,0.9082063436508179, 0.9955836171284318, 0
u,0.9936801195144653, 0.9955836110748351, 0
u,0.4273689389228821, 0.16421020030975342, 0
u,0.3418951630592346, 0.16805076599121094, 0
u,0.4273689389228821, 0.16805076599121094, 0
u,0.9936801195144653, 0.9233156219124794, 0
u,0.9082063436508179, 0.9263100773096085, 0
u,0.9936801195144653, 0.9263100773096085, 0
u,0.4273689389228821, 0.22595816850662231, 0
u,0.3418951630592346, 0.2290416955947876, 0
u,0.4273689389228821, 0.2290416955947876, 0
u,0.4273689389228821, 0.01621389389038086, 0
u,0.3418951630592346, 0.019735395908355713, 0
u,0.4273689389228821, 0.019735395908355713, 0
u,0.5873578190803528, 0.17908167839050293, 0
u,0.5018840432167053, 0.1826987862586975, 0
u,0.5873578190803528, 0.1826987862586975, 0
u,0.9222779870033264, 0.5465732216835022, 0
u,0.9292681217193604, 0.632047027349472, 0
u,0.9292681217193604, 0.5465732216835022, 0
u,0.9312751293182373, 0.030364692211151123, 0
u,0.937350869178772, 0.11583846807479858, 0
u,0.937350869178772, 0.030364692211151123, 0
u,0.5873578190803528, 0.1751421093940735, 0
u,0.5018840432167053, 0.17908167839050293, 0
u,0.5873578190803528, 0.17908167839050293, 0
u,0.9936801195144653, 0.9955836110748351, 0
u,0.9082063436508179, 0.9978643285576254, 0
u,0.9936801195144653, 0.9978643220383674, 0
u,0.4273689389228821, 0.16805076599121094, 0
u,0.3418951630592346, 0.17187869548797607, 0
u,0.4273689389228821, 0.17187869548797607, 0
u,0.9936801195144653, 0.9202852323651314, 0
u,0.9082063436508179, 0.92331562936306, 0
u,0.9936801195144653, 0.9233156219124794, 0
u,0.4273689389228821, 0.22265839576721191, 0
u,0.3418951630592346, 0.22595816850662231, 0
u,0.4273689389228821, 0.22595816850662231, 0
u,0.4273689389228821, 0.019735395908355713, 0
u,0.3418951630592346, 0.023393630981445312, 0
u,0.4273689389228821, 0.023393630981445312, 0
u,0.5873578190803528, 0.17088007926940918, 0
u,0.5018840432167053, 0.1751421093940735, 0
u,0.5873578190803528, 0.1751421093940735, 0
u,0.08547378331422806, 0.05563688278198242, 0
u,7.949882419033827e-10, 0.06433820724487305, 0
u,0.08547378331422806, 0.06433820724487305, 0
u,0.8227323889732361, 0.06640416383743286, 0
u,0.7372586131095886, 0.0707750916481018, 0
u,0.8227323889732361, 0.0707750916481018, 0
u,0.5873578190803528, 0.16629564762115479, 0
u,0.5018840432167053, 0.17088007926940918, 0
u,0.5873578190803528, 0.17088007926940918, 0
u,0.9936801195144653, 0.9172189012169838, 0
u,0.9082063436508179, 0.920285239815712, 0
u,0.9936801195144653, 0.9202852323651314, 0
u,0.4273689389228821, 0.17187869548797607, 0
u,0.3418951630592346, 0.17569398880004883, 0
u,0.4273689389228821, 0.17569398880004883, 0
u,0.4273689389228821, 0.21914249658584595, 0
u,0.3418951630592346, 0.22265839576721191, 0
u,0.4273689389228821, 0.22265839576721191, 0
u,0.4273689389228821, 0.023393630981445312, 0
u,0.3418951630592346, 0.027188599109649658, 0
u,0.4273689389228821, 0.027188599109649658, 0
u,0.9936801195144653, 0.9978643220383674, 0
u,0.9082063436508179, 0.9999999996207519, 0
u,0.9936801195144653, 0.9999999931676617, 0
u,0.5873578190803528, 0.16138869524002075, 0
u,0.5018840432167053, 0.16629564762115479, 0
u,0.5873578190803528, 0.16629564762115479, 0
u,0.9936801195144653, 0.914116621017456, 0
u,0.9082063436508179, 0.9172189086675644, 0
u,0.9936801195144653, 0.9172189012169838, 0
u,0.4273689389228821, 0.17569398880004883, 0
u,0.3418951630592346, 0.17949670553207397, 0
u,0.4273689389228821, 0.1794966459274292, 0
u,0.5873578190803528, 0.1561594009399414, 0
u,0.5018840432167053, 0.16138875484466553, 0
u,0.5873578190803528, 0.16138869524002075, 0
u,0.4273689389228821, 0.21541047096252441, 0
u,0.3418951630592346, 0.21914249658584595, 0
u,0.4273689389228821, 0.21914249658584595, 0
u,0.4382127523422241, 0.3923078179359436, 0
u,0.4404258131980896, 0.47778159379959106, 0
u,0.4404258131980896, 0.3923078179359436, 0
u,0.5873578190803528, 0.15060758590698242, 0
u,0.5018840432167053, 0.1561594009399414, 0
u,0.5873578190803528, 0.1561594009399414, 0
u,0.9936801195144653, 0.9109783843159676, 0
u,0.9082063436508179, 0.9141166284680367, 0
u,0.9936801195144653, 0.914116621017456, 0
u,0.4273689389228821, 0.1794966459274292, 0
u,0.3418951630592346, 0.18328672647476196, 0
u,0.4273689389228821, 0.18328672647476196, 0
u,0.4273689389228821, 0.21146219968795776, 0
u,0.3418951630592346, 0.21541047096252441, 0
u,0.4273689389228821, 0.21541047096252441, 0
u,0.4273689389228821, 0.027188599109649658, 0
u,0.3418951630592346, 0.031120240688323975, 0
u,0.4273689389228821, 0.031120240688323975, 0
u,0.937350869178772, 0.030364692211151123, 0
u,0.9435500502586365, 0.11583846807479858, 0
u,0.9435500502586365, 0.030364692211151123, 0
u,0.5873578190803528, 0.14473336935043335, 0
u,0.5018840432167053, 0.15060758590698242, 0
u,0.5873578190803528, 0.15060758590698242, 0
u,0.4404258131980896, 0.3923078179359436, 0
u,0.4427250027656555, 0.47778159379959106, 0
u,0.4427250027656555, 0.3923078179359436, 0
u,0.4273689389228821, 0.18328672647476196, 0
u,0.3418951630592346, 0.18706411123275757, 0
u,0.4273689389228821, 0.18706411123275757, 0
u,0.5873578190803528, 0.1385367512702942, 0
u,0.5018840432167053, 0.14473336935043335, 0
u,0.5873578190803528, 0.14473336935043335, 0
u,0.9936801195144653, 0.9078041985630989, 0
u,0.9082063436508179, 0.9109783843159676, 0
u,0.9936801195144653, 0.9109783843159676, 0
u,0.4273689389228821, 0.20729780197143555, 0
u,0.3418951630592346, 0.21146219968795776, 0
u,0.4273689389228821, 0.21146219968795776, 0
u,0.4273689389228821, 0.031120240688323975, 0
u,0.3418951630592346, 0.03518861532211304, 0
u,0.4273689389228821, 0.03518861532211304, 0
u,0.4427250027656555, 0.3923078179359436, 0
u,0.4451102912425995, 0.47778159379959106, 0
u,0.4451102912425995, 0.3923078179359436, 0
u,0.4273689389228821, 0.18706411123275757, 0
u,0.3418951630592346, 0.1908288598060608, 0
u,0.4273689389228821, 0.1908288598060608, 0
u,0.5873578190803528, 0.11141610145568848, 0
u,0.5018840432167053, 0.1385367512702942, 0
u,0.5873578190803528, 0.1385367512702942, 0
u,0.9936801195144653, 0.9045940786600113, 0
u,0.9082063436508179, 0.9078042060136795, 0
u,0.9936801195144653, 0.9078041985630989, 0
u,0.8227323889732361, 0.0707750916481018, 0
u,0.7372586131095886, 0.07535630464553833, 0
u,0.8227323889732361, 0.07535630464553833, 0
u,0.3418951630592346, 0.10819512605667114, 0
u,0.25642138719558716, 0.1117284893989563, 0
u,0.3418951630592346, 0.11172842979431152, 0
u,0.4273689389228821, 0.202917218208313, 0
u,0.3418951630592346, 0.20729780197143555, 0
u,0.4273689389228821, 0.20729780197143555, 0
u,0.4273689389228821, 0.03518861532211304, 0
u,0.3418951630592346, 0.03939366340637207, 0
u,0.4273689389228821, 0.03939366340637207, 0
u,0.5873578190803528, 0.10746169090270996, 0
u,0.5018840432167053, 0.11141610145568848, 0
u,0.5873578190803528, 0.11141610145568848, 0
u,0.9936801195144653, 0.9013480022549629, 0
u,0.9082063436508179, 0.9045940861105919, 0
u,0.9936801195144653, 0.9045940786600113, 0
u,0.4273689389228821, 0.1908288598060608, 0
u,0.3418951630592346, 0.1945810317993164, 0
u,0.4273689389228821, 0.19458097219467163, 0
u,0.5873578190803528, 0.1036912202835083, 0
u,0.5018840432167053, 0.10746169090270996, 0
u,0.5873578190803528, 0.10746169090270996, 0
u,0.4273689389228821, 0.19832050800323486, 0
u,0.3418951630592346, 0.202917218208313, 0
u,0.4273689389228821, 0.202917218208313, 0
u,0.4451102912425995, 0.3923078179359436, 0
u,0.4475817084312439, 0.47778159379959106, 0
u,0.4475817084312439, 0.3923078179359436, 0
u,0.5873578190803528, 0.10010474920272827, 0
u,0.5018840432167053, 0.1036912202835083, 0
u,0.5873578190803528, 0.1036912202835083, 0
u,0.9435500502586365, 0.030364692211151123, 0
u,0.949872612953186, 0.11583846807479858, 0
u,0.949872612953186, 0.030364692211151123, 0
u,0.4273689389228821, 0.19458097219467163, 0
u,0.3418951630592346, 0.19832050800323486, 0
u,0.4273689389228821, 0.19832050800323486, 0
u,0.3418951630592346, 0.10443437099456787, 0
u,0.25642138719558716, 0.10819512605667114, 0
u,0.3418951630592346, 0.10819512605667114, 0
u,0.4273689389228821, 0.03939366340637207, 0
u,0.3418951630592346, 0.04373544454574585, 0
u,0.4273689389228821, 0.04373544454574585, 0
u,0.9152573943138123, 0.5465732216835022, 0
u,0.9222779870033264, 0.632047027349472, 0
u,0.9222779870033264, 0.5465732216835022, 0
u,0.5873578190803528, 0.09670227766036987, 0
u,0.5018840432167053, 0.10010474920272827, 0
u,0.5873578190803528, 0.10010474920272827, 0
u,0.9936801195144653, 0.8980659693479538, 0
u,0.9082063436508179, 0.9013480097055435, 0
u,0.9936801195144653, 0.9013480022549629, 0
u,0.5873578190803528, 0.0934838056564331, 0
u,0.5018840432167053, 0.09670227766036987, 0
u,0.5873578190803528, 0.09670227766036987, 0
u,0.8227323889732361, 0.07535630464553833, 0
u,0.7372586131095886, 0.08014786243438721, 0
u,0.8227323889732361, 0.08014780282974243, 0
u,0.4475817084312439, 0.3923078179359436, 0
u,0.45013925433158875, 0.47778159379959106, 0
u,0.45013925433158875, 0.3923078179359436, 0
u,0.5873578190803528, 0.09044933319091797, 0
u,0.5018840432167053, 0.0934838056564331, 0
u,0.5873578190803528, 0.0934838056564331, 0
u,0.9936801195144653, 0.8947479948401451, 0
u,0.9082063436508179, 0.8980659767985344, 0
u,0.9936801195144653, 0.8980659693479538, 0
u,0.8227323889732361, 0.08014780282974243, 0
u,0.7372586131095886, 0.08514964580535889, 0
u,0.8227323889732361, 0.08514964580535889, 0
u,0.9082063436508179, 0.5465732216835022, 0
u,0.9152573943138123, 0.632047027349472, 0
u,0.9152573943138123, 0.5465732216835022, 0
u,0.5873578190803528, 0.08759880065917969, 0
u,0.5018840432167053, 0.09044933319091797, 0
u,0.5873578190803528, 0.09044933319091797, 0
u,0.45013925433158875, 0.3923078179359436, 0
u,0.45278292894363403, 0.47778159379959106, 0
u,0.45278292894363403, 0.3923078179359436, 0
u,0.3418951630592346, 0.10044622421264648, 0
u,0.25642138719558716, 0.10443437099456787, 0
u,0.3418951630592346, 0.10443437099456787, 0
u,0.8227323889732361, 0.08514964580535889, 0
u,0.7372586131095886, 0.09036171436309814, 0
u,0.8227323889732361, 0.09036171436309814, 0
u,0.4273689389228821, 0.04373544454574585, 0
u,0.3418951630592346, 0.048213958740234375, 0
u,0.4273689389228821, 0.048213958740234375, 0
u,0.5873578190803528, 0.08493232727050781, 0
u,0.5018840432167053, 0.08759880065917969, 0
u,0.5873578190803528, 0.08759880065917969, 0
u,0.8227323889732361, 0.09036171436309814, 0
u,0.7372586131095886, 0.09575724601745605, 0
u,0.8227323889732361, 0.09575718641281128, 0
u,0.949872612953186, 0.030364692211151123, 0
u,0.9563186168670654, 0.11583846807479858, 0
u,0.9563186168670654, 0.030364692211151123, 0
u,0.8227324485778809, 0.2465878129005432, 0
u,0.7372586727142334, 0.25211286544799805, 0
u,0.8227324485778809, 0.25211286544799805, 0
u,0.5873578190803528, 0.08244979381561279, 0
u,0.5018840432167053, 0.08493232727050781, 0
u,0.5873578190803528, 0.08493232727050781, 0
u,0.9936801195144653, 0.8913940861821175, 0
u,0.9082063436508179, 0.8947480022907257, 0
u,0.9936801195144653, 0.8947479948401451, 0
u,0.5873578190803528, 0.0801512598991394, 0
u,0.5018840432167053, 0.08244979381561279, 0
u,0.5873578190803528, 0.08244979381561279, 0
u,0.8227323889732361, 0.09575718641281128, 0
u,0.7372586131095886, 0.10130929946899414, 0
u,0.8227323889732361, 0.10130929946899414, 0
u,0.45278292894363403, 0.3923078179359436, 0
u,0.4555127024650574, 0.47778159379959106, 0
u,0.4555127024650574, 0.3923078179359436, 0
u,0.8227324485778809, 0.24130821228027344, 0
u,0.7372586727142334, 0.2465878129005432, 0
u,0.8227324485778809, 0.2465878129005432, 0
u,0.4273689389228821, 0.06826668977737427, 0
u,0.45817652344703674, 0.15374046564102173, 0
u,0.45817652344703674, 0.06826668977737427, 0
u,0.4273689389228821, 0.048213958740234375, 0
u,0.3418951630592346, 0.05282771587371826, 0
u,0.4273689389228821, 0.05282771587371826, 0
u,0.5873578190803528, 0.07803672552108765, 0
u,0.5018840432167053, 0.0801512598991394, 0
u,0.5873578190803528, 0.0801512598991394, 0
u,0.3418951630592346, 0.09623062610626221, 0
u,0.25642138719558716, 0.10044622421264648, 0
u,0.3418951630592346, 0.10044622421264648, 0
u,0.8227323889732361, 0.10130929946899414, 0
u,0.7372586131095886, 0.10701793432235718, 0
u,0.8227323889732361, 0.10701793432235718, 0
u,0.8227324485778809, 0.23627406358718872, 0
u,0.7372586727142334, 0.2413082718849182, 0
u,0.8227324485778809, 0.24130821228027344, 0
u,0.5873578190803528, 0.07610613107681274, 0
u,0.5018840432167053, 0.07803672552108765, 0
u,0.5873578190803528, 0.07803672552108765, 0
u,0.4555127024650574, 0.3923078179359436, 0
u,0.45832863450050354, 0.47778159379959106, 0
u,0.45832863450050354, 0.3923078179359436, 0
u,0.8227324485778809, 0.23148536682128906, 0
u,0.7372586727142334, 0.23627406358718872, 0
u,0.8227324485778809, 0.23627406358718872, 0
u,0.4978373646736145, 0.4777815341949463, 0
u,0.499738872051239, 0.5632553398609161, 0
u,0.499738872051239, 0.4777815341949463, 0
u,0.45832863450050354, 0.3923078179359436, 0
u,0.46123066544532776, 0.47778159379959106, 0
u,0.46123066544532776, 0.3923078179359436, 0
u,0.8227323889732361, 0.10701793432235718, 0
u,0.7372586131095886, 0.11288315057754517, 0
u,0.8227323889732361, 0.11288315057754517, 0
u,0.4273689389228821, 0.05282771587371826, 0
u,0.3418951630592346, 0.057368695735931396, 0
u,0.4273689389228821, 0.057368695735931396, 0
u,0.9563186168670654, 0.030364692211151123, 0
u,0.9628880023956299, 0.11583846807479858, 0
u,0.9628880023956299, 0.030364692211151123, 0
u,0.8227324485778809, 0.2269420623779297, 0
u,0.7372586727142334, 0.23148536682128906, 0
u,0.8227324485778809, 0.23148536682128906, 0
u,0.4958631098270416, 0.4777815341949463, 0
u,0.4978373646736145, 0.5632553398609161, 0
u,0.4978373646736145, 0.4777815341949463, 0
u,0.3418951630592346, 0.09178769588470459, 0
u,0.25642138719558716, 0.09623068571090698, 0
u,0.3418951630592346, 0.09623062610626221, 0
u,0.8227324485778809, 0.22264420986175537, 0
u,0.7372586727142334, 0.2269420623779297, 0
u,0.8227324485778809, 0.2269420623779297, 0
u,0.493816077709198, 0.4777815341949463, 0
u,0.4958631098270416, 0.5632553398609161, 0
u,0.4958631098270416, 0.4777815341949463, 0
u,0.46123066544532776, 0.3923078179359436, 0
u,0.4642188251018524, 0.47778159379959106, 0
u,0.4642188251018524, 0.3923078179359436, 0
u,0.8227323889732361, 0.11288315057754517, 0
u,0.7372586131095886, 0.1189049482345581, 0
u,0.8227323889732361, 0.1189049482345581, 0
u,0.4273689389228821, 0.057368695735931396, 0
u,0.341895192861557, 0.061836838722229004, 0
u,0.4273689389228821, 0.06183677911758423, 0
u,0.4642188251018524, 0.3923078179359436, 0
u,0.4672930836677551, 0.47778159379959106, 0
u,0.4672930836677551, 0.3923078179359436, 0
u,0.8227324485778809, 0.2185918092727661, 0
u,0.7372586727142334, 0.22264420986175537, 0
u,0.8227324485778809, 0.22264420986175537, 0
u,0.49169623851776123, 0.4777815341949463, 0
u,0.493816077709198, 0.5632553398609161, 0
u,0.493816077709198, 0.4777815341949463, 0
u,0.3418951630592346, 0.08711737394332886, 0
u,0.25642138719558716, 0.09178769588470459, 0
u,0.3418951630592346, 0.09178769588470459, 0
u,0.8227324485778809, 0.21478486061096191, 0
u,0.7372586727142334, 0.2185918092727661, 0
u,0.8227324485778809, 0.2185918092727661, 0
u,0.9840929508209229, 0.5465732216835022, 0
u,0.9908089637756348, 0.632047027349472, 0
u,0.9908089637756348, 0.5465732216835022, 0
u,0.9628880023956299, 0.030364692211151123, 0
u,0.9695808291435242, 0.11583846807479858, 0
u,0.9695808291435242, 0.030364692211151123, 0
u,0.4816076457500458, 0.30683398246765137, 0
u,0.5006315112113953, 0.39230775833129883, 0
u,0.5006315112113953, 0.30683398246765137, 0
u,0.8227323889732361, 0.1189049482345581, 0
u,0.7372586131095886, 0.125083327293396, 0
u,0.8227323889732361, 0.125083327293396, 0
u,0.4672930836677551, 0.3923078179359436, 0
u,0.4704534709453583, 0.47778159379959106, 0
u,0.4704534709453583, 0.3923078179359436, 0
u,0.8227324485778809, 0.211223304271698, 0
u,0.7372586727142334, 0.21478486061096191, 0
u,0.8227324485778809, 0.21478486061096191, 0
u,0.45817655324935913, 0.06826668977737427, 0
u,0.48821642994880676, 0.15374046564102173, 0
u,0.48821642994880676, 0.06826668977737427, 0
u,0.3418951630592346, 0.08221960067749023, 0
u,0.25642138719558716, 0.08711737394332886, 0
u,0.3418951630592346, 0.08711737394332886, 0
u,0.4895036816596985, 0.4777815341949463, 0
u,0.49169623851776123, 0.5632553398609161, 0
u,0.49169623851776123, 0.4777815341949463, 0
u,0.8227324485778809, 0.20790719985961914, 0
u,0.7372586727142334, 0.211223304271698, 0
u,0.8227324485778809, 0.211223304271698, 0
u,0.4704534709453583, 0.3923078179359436, 0
u,0.47354835271835327, 0.47778159379959106, 0
u,0.47354835271835327, 0.3923078179359436, 0
u,0.08547379076480865, 0.15473902225494385, 0
u,8.328143508151697e-09, 0.16411787271499634, 0
u,0.08547379076480865, 0.16411781311035156, 0
u,0.4273689389228821, 0.06183677911758423, 0
u,0.341895192861557, 0.06623214483261108, 0
u,0.4273689389228821, 0.06623208522796631, 0
u,0.8227323889732361, 0.125083327293396, 0
u,0.7372586727142334, 0.13141828775405884, 0
u,0.8227323889732361, 0.13141828775405884, 0
u,0.4872383177280426, 0.4777815341949463, 0
u,0.4895036816596985, 0.5632553398609161, 0
u,0.4895036816596985, 0.4777815341949463, 0
u,0.9695808291435242, 0.030364692211151123, 0
u,0.9763970971107483, 0.11583846807479858, 0
u,0.9763970971107483, 0.030364692211151123, 0
u,0.08547379076480865, 0.16411781311035156, 0
u,8.55258264209624e-09, 0.16709065437316895, 0
u,0.08547379076480865, 0.16709065437316895, 0
u,0.8227324485778809, 0.20483654737472534, 0
u,0.7372586727142334, 0.20790725946426392, 0
u,0.8227324485778809, 0.20790719985961914, 0
u,0.48490017652511597, 0.4777815341949463, 0
u,0.4872383177280426, 0.5632553398609161, 0
u,0.4872383177280426, 0.4777815341949463, 0
u,0.47354835271835327, 0.3923078179359436, 0
u,0.4765293002128601, 0.47778159379959106, 0
u,0.4765293002128601, 0.3923078179359436, 0
u,0.08547379076480865, 0.16709065437316895, 0
u,8.77803607579608e-09, 0.17007684707641602, 0
u,0.08547379076480865, 0.17007684707641602, 0
u,0.8227324485778809, 0.2020113468170166, 0
u,0.7372586727142334, 0.20483654737472534, 0
u,0.8227324485778809, 0.20483654737472534, 0
u,0.3418951630592346, 0.0770944356918335, 0
u,0.25642138719558716, 0.08221960067749023, 0
u,0.3418951630592346, 0.08221960067749023, 0
u,0.08547379076480865, 0.17007684707641602, 0
u,9.00450203289438e-09, 0.17307651042938232, 0
u,0.08547379076480865, 0.17307651042938232, 0
u,0.4273689389228821, 0.06623208522796631, 0
u,0.341895192861557, 0.07055461406707764, 0
u,0.4273689389228821, 0.07055461406707764, 0
u,0.8227323889732361, 0.13141828775405884, 0
u,0.7372586727142334, 0.13790982961654663, 0
u,0.8227323889732361, 0.13790982961654663, 0
u,0.9773464202880859, 0.5465732216835022, 0
u,0.9840929508209229, 0.632047027349472, 0
u,0.9840929508209229, 0.5465732216835022, 0
u,0.4765293002128601, 0.3923078179359436, 0
u,0.47939640283584595, 0.47778159379959106, 0
u,0.47939640283584595, 0.3923078179359436, 0
u,0.08547379076480865, 0.17307651042938232, 0
u,9.231981401569556e-09, 0.17608952522277832, 0
u,0.08547379076480865, 0.17608952522277832, 0
u,0.8227324485778809, 0.19928008317947388, 0
u,0.7372586727142334, 0.2020113468170166, 0
u,0.8227324485778809, 0.2020113468170166, 0
u,0.6728315949440002, 0.02432030439376831, 0
u,0.6913358569145203, 0.10979408025741577, 0
u,0.6913358569145203, 0.02432030439376831, 0
u,0.08547379076480865, 0.14542174339294434, 0
u,7.620060138435747e-09, 0.15473902225494385, 0
u,0.08547379076480865, 0.15473902225494385, 0
u,0.48248928785324097, 0.4777815341949463, 0
u,0.48490017652511597, 0.5632553398609161, 0
u,0.48490017652511597, 0.4777815341949463, 0
u,0.9763970971107483, 0.030364692211151123, 0
u,0.9833367466926575, 0.11583846807479858, 0
u,0.9833367466926575, 0.030364692211151123, 0
u,0.8227324485778809, 0.19649136066436768, 0
u,0.7372586727142334, 0.19928008317947388, 0
u,0.8227324485778809, 0.19928008317947388, 0
u,0.3418951630592346, 0.07174193859100342, 0
u,0.25642138719558716, 0.0770944356918335, 0
u,0.3418951630592346, 0.0770944356918335, 0
u,0.4800055921077728, 0.4777815341949463, 0
u,0.48248928785324097, 0.5632553398609161, 0
u,0.48248928785324097, 0.4777815341949463, 0
u,0.08547379076480865, 0.17608952522277832, 0
u,9.46047329364319e-09, 0.17911601066589355, 0
u,0.08547379076480865, 0.17911601066589355, 0
u,0.8227323889732361, 0.13790982961654663, 0
u,0.7372586727142334, 0.14455795288085938, 0
u,0.8227323889732361, 0.1445578932762146, 0
u,0.47939640283584595, 0.3923078179359436, 0
u,0.4821496307849884, 0.47778159379959106, 0
u,0.4821496307849884, 0.3923078179359436, 0
u,0.08547379076480865, 0.17911601066589355, 0
u,9.689979485472122e-09, 0.18215590715408325, 0
u,0.08547379076480865, 0.18215590715408325, 0
u,0.8227324485778809, 0.19364511966705322, 0
u,0.7372586727142334, 0.19649136066436768, 0
u,0.8227324485778809, 0.19649136066436768, 0
u,0.4273689389228821, 0.07055461406707764, 0
u,0.341895192861557, 0.07480424642562866, 0
u,0.4273689389228821, 0.07480424642562866, 0
u,0.4774491488933563, 0.4777815341949463, 0
u,0.4800055921077728, 0.5632553398609161, 0
u,0.4800055921077728, 0.4777815341949463, 0
u,0.4821496307849884, 0.3923078179359436, 0
u,0.4847889840602875, 0.47778159379959106, 0
u,0.4847889840602875, 0.3923078179359436, 0
u,0.08547379076480865, 0.18215590715408325, 0
u,9.920497312521093e-09, 0.1852092146873474, 0
u,0.08547379821538925, 0.1852092146873474, 0
u,0.8227324485778809, 0.1907414197921753, 0
u,0.7372586727142334, 0.19364511966705322, 0
u,0.8227324485778809, 0.19364511966705322, 0
u,0.3418951630592346, 0.06616199016571045, 0
u,0.25642138719558716, 0.07174193859100342, 0
u,0.3418951630592346, 0.07174193859100342, 0
u,0.08547379076480865, 0.13616609573364258, 0
u,6.9166263827469265e-09, 0.14542174339294434, 0
u,0.08547379076480865, 0.14542174339294434, 0
u,0.9705694317817688, 0.5465732216835022, 0
u,0.9773464202880859, 0.632047027349472, 0
u,0.9773464202880859, 0.5465732216835022, 0
u,0.8227324485778809, 0.18778014183044434, 0
u,0.7372586727142334, 0.1907414197921753, 0
u,0.8227324485778809, 0.1907414197921753, 0
u,0.47481992840766907, 0.4777815341949463, 0
u,0.4774491488933563, 0.5632553398609161, 0
u,0.4774491488933563, 0.4777815341949463, 0
u,0.4847889840602875, 0.3923078179359436, 0
u,0.48731446266174316, 0.47778159379959106, 0
u,0.48731446266174316, 0.3923078179359436, 0
u,0.08547379821538925, 0.1852092146873474, 0
u,1.015203032750378e-08, 0.18827593326568604, 0
u,0.08547379821538925, 0.18827593326568604, 0
u,0.8227323889732361, 0.1445578932762146, 0
u,0.7372586727142334, 0.1513625979423523, 0
u,0.8227323889732361, 0.1513625979423523, 0
u,0.48731446266174316, 0.3923078179359436, 0
u,0.4897260367870331, 0.47778159379959106, 0
u,0.4897260367870331, 0.3923078179359436, 0
u,0.08547379821538925, 0.18827593326568604, 0
u,1.0384574977706507e-08, 0.1913561224937439, 0
u,0.08547379821538925, 0.1913561224937439, 0
u,0.8227324485778809, 0.1847614049911499, 0
u,0.7372586727142334, 0.18778014183044434, 0
u,0.8227324485778809, 0.18778014183044434, 0
u,0.4273689389228821, 0.07480424642562866, 0
u,0.341895192861557, 0.07898110151290894, 0
u,0.4273689389228821, 0.07898110151290894, 0
u,0.47211793065071106, 0.4777815341949463, 0
u,0.47481992840766907, 0.5632553398609161, 0
u,0.47481992840766907, 0.4777815341949463, 0
u,0.4897260367870331, 0.3923078179359436, 0
u,0.492023766040802, 0.47778159379959106, 0
u,0.492023766040802, 0.3923078179359436, 0
u,0.08547379821538925, 0.1913561224937439, 0
u,1.061813303948611e-08, 0.19444966316223145, 0
u,0.08547379821538925, 0.19444966316223145, 0
u,0.8227323889732361, 0.181685209274292, 0
u,0.7372586727142334, 0.18476146459579468, 0
u,0.8227324485778809, 0.1847614049911499, 0
u,0.3418951630592346, 0.060354650020599365, 0
u,0.25642138719558716, 0.06616199016571045, 0
u,0.3418951630592346, 0.06616199016571045, 0
u,0.08547379821538925, 0.19444966316223145, 0
u,1.0852704512842593e-08, 0.19755667448043823, 0
u,0.08547379821538925, 0.19755667448043823, 0
u,0.4273689389228821, 0.07898110151290894, 0
u,0.341895192861557, 0.08308517932891846, 0
u,0.4273689389228821, 0.08308511972427368, 0
u,0.08547379076480865, 0.1269720196723938, 0
u,6.217842685174446e-09, 0.13616609573364258, 0
u,0.08547379076480865, 0.13616609573364258, 0
u,0.8227323889732361, 0.1513625979423523, 0
u,0.7372586727142334, 0.15832382440567017, 0
u,0.8227323889732361, 0.15832382440567017, 0
u,0.46861451864242554, 0.4777815341949463, 0
u,0.47211793065071106, 0.5632553398609161, 0
u,0.47211793065071106, 0.4777815341949463, 0
u,0.492023766040802, 0.3923078179359436, 0
u,0.49420759081840515, 0.47778159379959106, 0
u,0.49420759081840515, 0.3923078179359436, 0
u,0.8227323889732361, 0.17855149507522583, 0
u,0.7372586727142334, 0.181685209274292, 0
u,0.8227323889732361, 0.181685209274292, 0
u,0.9637620449066162, 0.5465732216835022, 0
u,0.9705694317817688, 0.632047027349472, 0
u,0.9705694317817688, 0.5465732216835022, 0
u,0.49420759081840515, 0.3923078179359436, 0
u,0.4962775707244873, 0.47778159379959106, 0
u,0.4962775707244873, 0.3923078179359436, 0
u,0.08547379821538925, 0.19755667448043823, 0
u,1.1088289397775952e-08, 0.20067709684371948, 0
u,0.08547379821538925, 0.20067709684371948, 0
u,0.8227323889732361, 0.17536026239395142, 0
u,0.7372586727142334, 0.17855149507522583, 0
u,0.8227323889732361, 0.17855149507522583, 0
u,0.3418951630592346, 0.05431985855102539, 0
u,0.25642138719558716, 0.060354650020599365, 0
u,0.3418951630592346, 0.060354650020599365, 0
u,0.08547379821538925, 0.20067709684371948, 0
u,1.1324911675103522e-08, 0.20381122827529907, 0
u,0.08547379821538925, 0.20381122827529907, 0
u,0.8227323889732361, 0.17211157083511353, 0
u,0.7372586727142334, 0.17536026239395142, 0
u,0.8227323889732361, 0.17536026239395142, 0
u,0.4273689389228821, 0.08308511972427368, 0
u,0.341895192861557, 0.08711636066436768, 0
u,0.4273689389228821, 0.08711636066436768, 0
u,0.46523433923721313, 0.4777815341949463, 0
u,0.46861451864242554, 0.5632553398609161, 0
u,0.46861451864242554, 0.4777815341949463, 0
u,0.25642138719558716, 0.11008685827255249, 0
u,0.1709475964307785, 0.11230754852294922, 0
u,0.25642138719558716, 0.11230754852294922, 0
u,0.08547379821538925, 0.20381122827529907, 0
u,1.1562593549285793e-08, 0.20695942640304565, 0
u,0.08547379821538925, 0.20695942640304565, 0
u,0.08547379076480865, 0.117839515209198, 0
u,5.5237099338967255e-09, 0.1269720196723938, 0
u,0.08547379076480865, 0.1269720196723938, 0
u,0.8227323889732361, 0.15832382440567017, 0
u,0.7372586727142334, 0.16544169187545776, 0
u,0.8227323889732361, 0.16544169187545776, 0
u,0.461977481842041, 0.4777815341949463, 0
u,0.46523433923721313, 0.5632553398609161, 0
u,0.46523433923721313, 0.4777815341949463, 0
u,0.25642138719558716, 0.11230754852294922, 0
u,0.1709475964307785, 0.11469566822052002, 0
u,0.25642138719558716, 0.11469566822052002, 0
u,0.8227323889732361, 0.16880536079406738, 0
u,0.7372586727142334, 0.17211157083511353, 0
u,0.8227323889732361, 0.17211157083511353, 0
u,0.8227323889732361, 0.16544169187545776, 0
u,0.7372586727142334, 0.16880536079406738, 0
u,0.8227323889732361, 0.16880536079406738, 0
u,0.25642138719558716, 0.11469566822052002, 0
u,0.1709475964307785, 0.11728262901306152, 0
u,0.25642138719558716, 0.11728262901306152, 0
u,0.08547379821538925, 0.20695942640304565, 0
u,1.1801336796679607e-08, 0.21012169122695923, 0
u,0.08547379821538925, 0.21012169122695923, 0
u,0.4273689389228821, 0.08711636066436768, 0
u,0.341895192861557, 0.09107476472854614, 0
u,0.4273689389228821, 0.09107470512390137, 0
u,0.3418951630592346, 0.049229979515075684, 0
u,0.25642138719558716, 0.054319918155670166, 0
u,0.3418951630592346, 0.05431985855102539, 0
u,0.9569242000579834, 0.5465732216835022, 0
u,0.9637620449066162, 0.632047027349472, 0
u,0.9637620449066162, 0.5465732216835022, 0
u,0.08547379821538925, 0.21012169122695923, 0
u,1.2041141417284962e-08, 0.2132980227470398, 0
u,0.08547379821538925, 0.21329796314239502, 0
u,0.458843857049942, 0.4777815341949463, 0
u,0.461977481842041, 0.5632553398609161, 0
u,0.461977481842041, 0.4777815341949463, 0
u,0.25642138719558716, 0.11728262901306152, 0
u,0.1709475964307785, 0.12018704414367676, 0
u,0.25642138719558716, 0.12018704414367676, 0
u,0.08547379821538925, 0.21329796314239502, 0
u,1.2282006522923439e-08, 0.21648836135864258, 0
u,0.08547379821538925, 0.21648836135864258, 0
u,0.08547379076480865, 0.10876864194869995, 0
u,4.834227240735345e-09, 0.117839515209198, 0
u,0.08547379076480865, 0.117839515209198, 0
u,0.25642138719558716, 0.12018704414367676, 0
u,0.1709475964307785, 0.12340885400772095, 0
u,0.25642138719558716, 0.12340885400772095, 0
u,0.4273689389228821, 0.11374521255493164, 0
u,0.3418951630592346, 0.11639213562011719, 0
u,0.4273689389228821, 0.11639213562011719, 0
u,0.25642138719558716, 0.12340885400772095, 0
u,0.1709475964307785, 0.1269480586051941, 0
u,0.25642138719558716, 0.1269480586051941, 0
u,0.08547379821538925, 0.21648836135864258, 0
u,1.2523931225416618e-08, 0.21969276666641235, 0
u,0.08547379821538925, 0.21969276666641235, 0
u,0.4273689389228821, 0.09107470512390137, 0
u,0.341895192861557, 0.0949602723121643, 0
u,0.4273689389228821, 0.0949602723121643, 0
u,0.3418951630592346, 0.04429382085800171, 0
u,0.25642138719558716, 0.049229979515075684, 0
u,0.3418951630592346, 0.049229979515075684, 0
u,0.08547379821538925, 0.21969276666641235, 0
u,1.2766917301121339e-08, 0.22291117906570435, 0
u,0.08547379821538925, 0.22291117906570435, 0
u,0.4273689389228821, 0.11639213562011719, 0
u,0.3418951630592346, 0.11914670467376709, 0
u,0.4273689389228821, 0.11914670467376709, 0
u,0.4558335244655609, 0.4777815341949463, 0
u,0.458843857049942, 0.5632553398609161, 0
u,0.458843857049942, 0.4777815341949463, 0
u,0.25642138719558716, 0.1269480586051941, 0
u,0.1709475964307785, 0.1308046579360962, 0
u,0.25642138719558716, 0.1308046579360962, 0
u,0.08547379821538925, 0.22291117906570435, 0
u,1.3010965638216021e-08, 0.2261437177658081, 0
u,0.08547379821538925, 0.2261437177658081, 0
u,0.9500558376312256, 0.5465732216835022, 0
u,0.9569242000579834, 0.632047027349472, 0
u,0.9569242000579834, 0.5465732216835022, 0
u,0.25642138719558716, 0.1308046579360962, 0
u,0.1709475964307785, 0.13497865200042725, 0
u,0.25642138719558716, 0.13497865200042725, 0
u,0.08547379821538925, 0.2261437177658081, 0
u,1.3256072683986986e-08, 0.22939026355743408, 0
u,0.08547379821538925, 0.22939026355743408, 0
u,0.08547379076480865, 0.09975934028625488, 0
u,4.149394605690304e-09, 0.10876864194869995, 0
u,0.08547379076480865, 0.10876864194869995, 0
u,0.25642138719558716, 0.13497865200042725, 0
u,0.1709475964307785, 0.13947010040283203, 0
u,0.25642138719558716, 0.13947010040283203, 0
u,0.4273689389228821, 0.0949602723121643, 0
u,0.341895192861557, 0.0987730622291565, 0
u,0.4273689389228821, 0.0987730622291565, 0
u,0.3418951630592346, 0.03951132297515869, 0
u,0.25642138719558716, 0.04429382085800171, 0
u,0.3418951630592346, 0.04429382085800171, 0
u,0.08547379821538925, 0.22939026355743408, 0
u,1.3502241991147912e-08, 0.23265087604522705, 0
u,0.08547379821538925, 0.23265087604522705, 0
u,0.4273689389228821, 0.11914670467376709, 0
u,0.3418951630592346, 0.12200891971588135, 0
u,0.4273689389228821, 0.12200891971588135, 0
u,0.4529464542865753, 0.4777815341949463, 0
u,0.4558335244655609, 0.5632553398609161, 0
u,0.4558335244655609, 0.4777815341949463, 0
u,0.25642138719558716, 0.13947010040283203, 0
u,0.1709475964307785, 0.14427894353866577, 0
u,0.25642138719558716, 0.14427894353866577, 0
u,0.08547379821538925, 0.23265087604522705, 0
u,1.374947178334196e-08, 0.23592549562454224, 0
u,0.08547379821538925, 0.23592549562454224, 0
u,0.25642138719558716, 0.14427894353866577, 0
u,0.1709475964307785, 0.14940518140792847, 0
u,0.25642138719558716, 0.14940518140792847, 0
u,0.08547379821538925, 0.23592549562454224, 0
u,1.399776206056913e-08, 0.2392142415046692, 0
u,0.08547379821538925, 0.2392142415046692, 0
u,0.4273689389228821, 0.12200891971588135, 0
u,0.3418951630592346, 0.12497878074645996, 0
u,0.4273689389228821, 0.12497878074645996, 0
u,0.08547379076480865, 0.09081166982650757, 0
u,3.4692122508062084e-09, 0.09975934028625488, 0
u,0.08547379076480865, 0.09975934028625488, 0
u,0.25642138719558716, 0.14940518140792847, 0
u,0.1709475964307785, 0.15484881401062012, 0
u,0.25642138719558716, 0.15484881401062012, 0
u,0.4273689389228821, 0.0987730622291565, 0
u,0.341895192861557, 0.10254102945327759, 0
u,0.4273689389228821, 0.10254102945327759, 0
u,0.45018264651298523, 0.4777815341949463, 0
u,0.4529464542865753, 0.5632553398609161, 0
u,0.4529464542865753, 0.4777815341949463, 0
u,0.25642138719558716, 0.15484881401062012, 0
u,0.1709475964307785, 0.1606099009513855, 0
u,0.25642138719558716, 0.1606099009513855, 0
u,0.9082062840461731, 0.030364692211151123, 0
u,0.913788378238678, 0.11583846807479858, 0
u,0.913788378238678, 0.030364692211151123, 0
u,0.3418951630592346, 0.034882545471191406, 0
u,0.25642138719558716, 0.03951132297515869, 0
u,0.3418951630592346, 0.03951132297515869, 0
u,0.08547378331422806, 0.08192557096481323, 0
u,2.7936808422168724e-09, 0.09081166982650757, 0
u,0.08547379076480865, 0.09081166982650757, 0
u,0.4273689389228821, 0.12497878074645996, 0
u,0.3418951630592346, 0.12805628776550293, 0
u,0.4273689389228821, 0.12805628776550293, 0
u,0.9431570768356323, 0.5465732216835022, 0
u,0.9500558376312256, 0.632047027349472, 0
u,0.9500558376312256, 0.5465732216835022, 0
u,0.25642138719558716, 0.1606099009513855, 0
u,0.1709475964307785, 0.16668838262557983, 0
u,0.25642138719558716, 0.16668838262557983, 0
u,0.913788378238678, 0.030364692211151123, 0
u,0.9194938540458679, 0.11583846807479858, 0
u,0.9194938540458679, 0.030364692211151123, 0
u,0.08547378331422806, 0.07310110330581665, 0
u,2.1227994917438764e-09, 0.08192557096481323, 0
u,0.08547378331422806, 0.08192557096481323, 0
u,0.25642138719558716, 0.16668838262557983, 0
u,0.1709475964307785, 0.18428051471710205, 0
u,0.25642138719558716, 0.18428045511245728, 0
u,0.4273689389228821, 0.10254102945327759, 0
u,0.341895192861557, 0.10629242658615112, 0
u,0.4273689389228821, 0.10629242658615112, 0
u,0.44754213094711304, 0.4777815341949463, 0
u,0.45018264651298523, 0.5632553398609161, 0
u,0.45018264651298523, 0.4777815341949463, 0
u,0.25642138719558716, 0.18428045511245728, 0
u,0.1709475964307785, 0.18968838453292847, 0
u,0.25642138719558716, 0.18968838453292847, 0
u,0.3418951630592346, 0.030407488346099854, 0
u,0.25642138719558716, 0.034882545471191406, 0
u,0.3418951630592346, 0.034882545471191406, 0
u,0.9936801195144653, 0.9647991582751274, 0
u,0.9082063436508179, 0.9685303010046482, 0
u,0.9936801195144653, 0.9685302935540676, 0
u,0.4273689389228821, 0.12805628776550293, 0
u,0.3418951630592346, 0.13124138116836548, 0
u,0.4273689389228821, 0.13124138116836548, 0
u,0.9936801195144653, 0.9618196114897728, 0
u,0.9082063436508179, 0.9647991620004177, 0
u,0.9936801195144653, 0.9647991582751274, 0
u,0.44502487778663635, 0.4777815341949463, 0
u,0.44754213094711304, 0.5632553398609161, 0
u,0.44754213094711304, 0.4777815341949463, 0
u,0.25642138719558716, 0.18968838453292847, 0
u,0.1709475964307785, 0.19489991664886475, 0
u,0.25642138719558716, 0.19489991664886475, 0
u,0.25642138719558716, 0.19489991664886475, 0
u,0.1709475964307785, 0.1999151110649109, 0
u,0.25642138719558716, 0.1999151110649109, 0
u,0.9194938540458679, 0.030364692211151123, 0
u,0.9253227710723877, 0.11583846807479858, 0
u,0.9253227710723877, 0.030364692211151123, 0
u,0.4273689389228821, 0.13124138116836548, 0
u,0.3418951630592346, 0.13453418016433716, 0
u,0.4273689389228821, 0.13453418016433716, 0
u,0.9936801195144653, 0.9588434584438801, 0
u,0.9082063436508179, 0.9618196189403534, 0
u,0.9936801195144653, 0.9618196114897728, 0
u,0.25642138719558716, 0.1999151110649109, 0
u,0.1709475964307785, 0.20473402738571167, 0
u,0.25642138719558716, 0.20473402738571167, 0
u,0.4273689389228821, 0.10629242658615112, 0
u,0.341895192861557, 0.11002713441848755, 0
u,0.4273689389228821, 0.11002713441848755, 0
u,0.3418951630592346, 0.02608621120452881, 0
u,0.25642138719558716, 0.03040754795074463, 0
u,0.3418951630592346, 0.030407488346099854, 0
u,0.4426308870315552, 0.4777815341949463, 0
u,0.44502487778663635, 0.5632553398609161, 0
u,0.44502487778663635, 0.4777815341949463, 0
u,0.9936801195144653, 0.9685302935540676, 0
u,0.9082063436508179, 0.9721163958311081, 0
u,0.9936801195144653, 0.9721163883805275, 0
u,0.9936801195144653, 0.955870695412159, 0
u,0.9082063436508179, 0.9588434658944607, 0
u,0.9936801195144653, 0.9588434584438801, 0
u,0.25642138719558716, 0.20473402738571167, 0
u,0.1709475964307785, 0.20935654640197754, 0
u,0.25642138719558716, 0.20935654640197754, 0
u,0.4273689389228821, 0.13453418016433716, 0
u,0.3418951630592346, 0.13793456554412842, 0
u,0.4273689389228821, 0.13793456554412842, 0
u,0.9362278580665588, 0.5465732216835022, 0
u,0.9431570768356323, 0.632047027349472, 0
u,0.9431570768356323, 0.5465732216835022, 0
u,0.25642138719558716, 0.20935654640197754, 0
u,0.1709475964307785, 0.21378272771835327, 0
u,0.25642138719558716, 0.21378272771835327, 0
u,0.9936801195144653, 0.9721163883805275, 0
u,0.9082063436508179, 0.9755574464797974, 0
u,0.9936801195144653, 0.9755574408918619, 0
u,0.9936801195144653, 0.9529013261198997, 0
u,0.9082063436508179, 0.9558707028627396, 0
u,0.9936801195144653, 0.955870695412159, 0
u,0.25642138719558716, 0.21378272771835327, 0
u,0.1709475964307785, 0.21801257133483887, 0
u,0.25642138719558716, 0.21801257133483887, 0
u,0.4273689389228821, 0.11002713441848755, 0
u,0.341895192861557, 0.11374515295028687, 0
u,0.4273689389228821, 0.11374515295028687, 0
u,0.3418951630592346, 0.021918535232543945, 0
u,0.25642138719558716, 0.02608621120452881, 0
u,0.3418951630592346, 0.02608621120452881, 0
u,0.9936801195144653, 0.9499353542923927, 0
u,0.9082063436508179, 0.9529013335704803, 0
u,0.9936801195144653, 0.9529013261198997, 0
u,0.4273689389228821, 0.13793456554412842, 0
u,0.3418951630592346, 0.1414426565170288, 0
u,0.4273689389228821, 0.1414426565170288, 0
u,0.4403601586818695, 0.4777815341949463, 0
u,0.4426308870315552, 0.5632553398609161, 0
u,0.4426308870315552, 0.4777815341949463, 0
u,0.25642138719558716, 0.21801257133483887, 0
u,0.1709475964307785, 0.22204607725143433, 0
u,0.25642138719558716, 0.22204607725143433, 0
u,0.9936801195144653, 0.9755574408918619, 0
u,0.9082063436508179, 0.9788534548133612, 0
u,0.9936801195144653, 0.9788534492254257, 0
u,0.9936801195144653, 0.9469727724790573, 0
u,0.9082063436508179, 0.9499353617429733, 0
u,0.9936801195144653, 0.9499353542923927, 0
u,0.25642138719558716, 0.22204607725143433, 0
u,0.1709475964307785, 0.22588324546813965, 0
u,0.25642138719558716, 0.22588324546813965, 0
u,0.4273689389228821, 0.1414426565170288, 0
u,0.3418951630592346, 0.14505833387374878, 0
u,0.4273689389228821, 0.14505833387374878, 0
u,0.3418951630592346, 0.01790463924407959, 0
u,0.25642138719558716, 0.02191859483718872, 0
u,0.3418951630592346, 0.021918535232543945, 0
u,0.43821272253990173, 0.4777815341949463, 0
u,0.4403601586818695, 0.5632553398609161, 0
u,0.4403601586818695, 0.4777815341949463, 0
u,0.9936801195144653, 0.9788534492254257, 0
u,0.9082063436508179, 0.9820044208317995, 0
u,0.9936801195144653, 0.9820044133812189, 0
u,0.9936801195144653, 0.9440135881304741, 0
u,0.9082063436508179, 0.9469727799296379, 0
u,0.9936801195144653, 0.9469727724790573, 0
u,0.25642138719558716, 0.22588324546813965, 0
u,0.1709475964307785, 0.22952407598495483, 0
u,0.25642138719558716, 0.22952407598495483, 0
u,0.8227323889732361, 0.05455303192138672, 0
u,0.7372586131095886, 0.05829310417175293, 0
u,0.8227323889732361, 0.05829310417175293, 0
u,0.3418951630592346, 0.014044463634490967, 0
u,0.25642138719558716, 0.01790463924407959, 0
u,0.3418951630592346, 0.01790463924407959, 0
u,0.9253227710723877, 0.030364692211151123, 0
u,0.9312751293182373, 0.11583846807479858, 0
u,0.9312751293182373, 0.030364692211151123, 0
u,0.4273689389228821, 0.14505833387374878, 0
u,0.3418951630592346, 0.1487816572189331, 0
u,0.4273689389228821, 0.1487816572189331, 0
u,0.08547378331422806, 0.06433820724487305, 0
u,1.4565688655210351e-09, 0.07310110330581665, 0
u,0.08547378331422806, 0.07310110330581665, 0
u,0.4273689389228821, 0.2369953989982605, 0
u,0.3418951630592346, 0.23921430110931396, 0
u,0.4273689389228821, 0.23921430110931396, 0
u,0.25642138719558716, 0.22952407598495483, 0
u,0.1709475964307785, 0.23296856880187988, 0
u,0.25642138719558716, 0.23296856880187988, 0
u,0.9936801195144653, 0.9410577937960625, 0
u,0.9082063436508179, 0.9440135918557644, 0
u,0.9936801195144653, 0.9440135881304741, 0
u,0.25642138719558716, 0.23296856880187988, 0
u,0.1709475964307785, 0.23296856880187988, 0
u,0.1709475964307785, 0.2362167239189148, 0
u,0.4273689389228821, 0.1487816572189331, 0
u,0.3418951630592346, 0.1487816572189331, 0
u,0.3418951630592346, 0.15261268615722656, 0
u,0.3418951630592346, 0.0103379487991333, 0
u,0.25642138719558716, 0.010338008403778076, 0
u,0.25642138719558716, 0.014044463634490967, 0
u,0.9292681217193604, 0.5465732216835022, 0
u,0.9292681217193604, 0.632047027349472, 0
u,0.9362278580665588, 0.632047027349472, 0
u,0.9936801195144653, 0.9820044133812189, 0
u,0.9082063436508179, 0.9820044208317995, 0
u,0.9082063436508179, 0.9850103445351124, 0
u,0.9936801195144653, 0.938105396926403, 0
u,0.9082063436508179, 0.9381054043769836, 0
u,0.9082063436508179, 0.9410578012466431, 0
u,0.25642138719558716, 0.2362167239189148, 0
u,0.1709475964307785, 0.2362167239189148, 0
u,0.1709475964307785, 0.23921418190002441, 0
u,0.8227323889732361, 0.05829310417175293, 0
u,0.7372586131095886, 0.05829310417175293, 0
u,0.7372586131095886, 0.062243521213531494, 0
u,0.3418951630592346, 0.006785213947296143, 0
u,0.25642138719558716, 0.006785213947296143, 0
u,0.25642138719558716, 0.010338008403778076, 0
u,0.4273689389228821, 0.2345603108406067, 0
u,0.3418951630592346, 0.2345603108406067, 0
u,0.3418951630592346, 0.2369953989982605, 0
u,0.9936801195144653, 0.9850103389471769, 0
u,0.9082063436508179, 0.9850103445351124, 0
u,0.9082063436508179, 0.9878712277859449, 0
u,0.9936801195144653, 0.9351563900709152, 0
u,0.9082063436508179, 0.9351563975214958, 0
u,0.9082063436508179, 0.9381054043769836, 0
u,0.4273689389228821, 0.006469547748565674, 0
u,0.3418951630592346, 0.006469607353210449, 0
u,0.3418951630592346, 0.00958096981048584, 0
u,0.4273689389228821, 0.1526126265525818, 0
u,0.3418951630592346, 0.15261268615722656, 0
u,0.3418951630592346, 0.15649116039276123, 0
u,0.5873578190803528, 0.1916155219078064, 0
u,0.5018840432167053, 0.19161558151245117, 0
u,0.5018840432167053, 0.195267915725708, 0
u,0.4273689389228821, 0.23190909624099731, 0
u,0.3418951630592346, 0.23190909624099731, 0
u,0.3418951630592346, 0.2345603108406067, 0
u,0.9936801195144653, 0.9878712212666869, 0
u,0.9082063436508179, 0.9878712277859449, 0
u,0.9082063436508179, 0.9905870668590069, 0
u,0.9936801195144653, 0.9322107806801796, 0
u,0.9082063436508179, 0.9322107881307602, 0
u,0.9082063436508179, 0.9351563975214958, 0
u,0.4273689389228821, 0.00958096981048584, 0
u,0.3418951630592346, 0.00958096981048584, 0
u,0.3418951630592346, 0.012829065322875977, 0
u,0.4273689389228821, 0.15649116039276123, 0
u,0.3418951630592346, 0.15649116039276123, 0
u,0.3418951630592346, 0.16035699844360352, 0
u,0.5873578190803528, 0.18896573781967163, 0
u,0.5018840432167053, 0.18896573781967163, 0
u,0.5018840432167053, 0.19161558151245117, 0
u,0.9936801195144653, 0.9292685613036156, 0
u,0.9082063436508179, 0.9292685687541962, 0
u,0.9082063436508179, 0.9322107881307602, 0
u,0.8227323889732361, 0.06224346160888672, 0
u,0.7372586131095886, 0.062243521213531494, 0
u,0.7372586131095886, 0.06640416383743286, 0
u,0.4273689389228821, 0.2290416955947876, 0
u,0.3418951630592346, 0.2290416955947876, 0
u,0.3418951630592346, 0.23190909624099731, 0
u,0.4273689389228821, 0.012829065322875977, 0
u,0.3418951630592346, 0.012829065322875977, 0
u,0.3418951630592346, 0.01621389389038086, 0
u,0.9936801195144653, 0.9905870603397489, 0
u,0.9082063436508179, 0.9905870668590069, 0
u,0.9082063436508179, 0.9931578645482659, 0
u,0.5873578190803528, 0.185993492603302, 0
u,0.5018840432167053, 0.185993492603302, 0
u,0.5018840432167053, 0.18896573781967163, 0
u,0.9936801195144653, 0.9263100773096085, 0
u,0.9082063436508179, 0.9263100773096085, 0
u,0.9082063436508179, 0.9292685687541962, 0
u,0.4273689389228821, 0.16035699844360352, 0
u,0.3418951630592346, 0.16035699844360352, 0
u,0.3418951630592346, 0.16421020030975342, 0
u,0.5873578190803528, 0.1826987862586975, 0
u,0.5018840432167053, 0.1826987862586975, 0
u,0.5018840432167053, 0.185993492603302, 0
u,0.9936801195144653, 0.9931578580290079, 0
u,0.9082063436508179, 0.9931578645482659, 0
u,0.9082063436508179, 0.9955836171284318, 0
u,0.4273689389228821, 0.16421020030975342, 0
u,0.3418951630592346, 0.16421020030975342, 0
u,0.3418951630592346, 0.16805076599121094, 0
u,0.9936801195144653, 0.9233156219124794, 0
u,0.9082063436508179, 0.92331562936306, 0
u,0.9082063436508179, 0.9263100773096085, 0
u,0.4273689389228821, 0.22595816850662231, 0
u,0.3418951630592346, 0.22595816850662231, 0
u,0.3418951630592346, 0.2290416955947876, 0
u,0.4273689389228821, 0.01621389389038086, 0
u,0.3418951630592346, 0.01621389389038086, 0
u,0.3418951630592346, 0.019735395908355713, 0
u,0.5873578190803528, 0.17908167839050293, 0
u,0.5018840432167053, 0.17908167839050293, 0
u,0.5018840432167053, 0.1826987862586975, 0
u,0.9222779870033264, 0.5465732216835022, 0
u,0.9222779870033264, 0.632047027349472, 0
u,0.9292681217193604, 0.632047027349472, 0
u,0.9312751293182373, 0.030364692211151123, 0
u,0.9312751293182373, 0.11583846807479858, 0
u,0.937350869178772, 0.11583846807479858, 0
u,0.5873578190803528, 0.1751421093940735, 0
u,0.5018840432167053, 0.1751421093940735, 0
u,0.5018840432167053, 0.17908167839050293, 0
u,0.9936801195144653, 0.9955836110748351, 0
u,0.9082063436508179, 0.9955836171284318, 0
u,0.9082063436508179, 0.9978643285576254, 0
u,0.4273689389228821, 0.16805076599121094, 0
u,0.3418951630592346, 0.16805076599121094, 0
u,0.3418951630592346, 0.17187869548797607, 0
u,0.9936801195144653, 0.9202852323651314, 0
u,0.9082063436508179, 0.920285239815712, 0
u,0.9082063436508179, 0.92331562936306, 0
u,0.4273689389228821, 0.22265839576721191, 0
u,0.3418951630592346, 0.22265839576721191, 0
u,0.3418951630592346, 0.22595816850662231, 0
u,0.4273689389228821, 0.019735395908355713, 0
u,0.3418951630592346, 0.019735395908355713, 0
u,0.3418951630592346, 0.023393630981445312, 0
u,0.5873578190803528, 0.17088007926940918, 0
u,0.5018840432167053, 0.17088007926940918, 0
u,0.5018840432167053, 0.1751421093940735, 0
u,0.08547378331422806, 0.05563688278198242, 0
u,1.380576070131312e-10, 0.05563688278198242, 0
u,7.949882419033827e-10, 0.06433820724487305, 0
u,0.8227323889732361, 0.06640416383743286, 0
u,0.7372586131095886, 0.06640416383743286, 0
u,0.7372586131095886, 0.0707750916481018, 0
u,0.5873578190803528, 0.16629564762115479, 0
u,0.5018840432167053, 0.16629564762115479, 0
u,0.5018840432167053, 0.17088007926940918, 0
u,0.9936801195144653, 0.9172189012169838, 0
u,0.9082063436508179, 0.9172189086675644, 0
u,0.9082063436508179, 0.920285239815712, 0
u,0.4273689389228821, 0.17187869548797607, 0
u,0.3418951630592346, 0.17187869548797607, 0
u,0.3418951630592346, 0.17569398880004883, 0
u,0.4273689389228821, 0.21914249658584595, 0
u,0.3418951630592346, 0.21914249658584595, 0
u,0.3418951630592346, 0.22265839576721191, 0
u,0.4273689389228821, 0.023393630981445312, 0
u,0.3418951630592346, 0.023393630981445312, 0
u,0.3418951630592346, 0.027188599109649658, 0
u,0.9936801195144653, 0.9978643220383674, 0
u,0.9082063436508179, 0.9978643285576254, 0
u,0.9082063436508179, 0.9999999996207519, 0
u,0.5873578190803528, 0.16138869524002075, 0
u,0.5018840432167053, 0.16138875484466553, 0
u,0.5018840432167053, 0.16629564762115479, 0
u,0.9936801195144653, 0.914116621017456, 0
u,0.9082063436508179, 0.9141166284680367, 0
u,0.9082063436508179, 0.9172189086675644, 0
u,0.4273689389228821, 0.17569398880004883, 0
u,0.3418951630592346, 0.17569398880004883, 0
u,0.3418951630592346, 0.17949670553207397, 0
u,0.5873578190803528, 0.1561594009399414, 0
u,0.5018840432167053, 0.1561594009399414, 0
u,0.5018840432167053, 0.16138875484466553, 0
u,0.4273689389228821, 0.21541047096252441, 0
u,0.3418951630592346, 0.21541047096252441, 0
u,0.3418951630592346, 0.21914249658584595, 0
u,0.4382127523422241, 0.3923078179359436, 0
u,0.4382127523422241, 0.47778159379959106, 0
u,0.4404258131980896, 0.47778159379959106, 0
u,0.5873578190803528, 0.15060758590698242, 0
u,0.5018840432167053, 0.15060758590698242, 0
u,0.5018840432167053, 0.1561594009399414, 0
u,0.9936801195144653, 0.9109783843159676, 0
u,0.9082063436508179, 0.9109783843159676, 0
u,0.9082063436508179, 0.9141166284680367, 0
u,0.4273689389228821, 0.1794966459274292, 0
u,0.3418951630592346, 0.17949670553207397, 0
u,0.3418951630592346, 0.18328672647476196, 0
u,0.4273689389228821, 0.21146219968795776, 0
u,0.3418951630592346, 0.21146219968795776, 0
u,0.3418951630592346, 0.21541047096252441, 0
u,0.4273689389228821, 0.027188599109649658, 0
u,0.3418951630592346, 0.027188599109649658, 0
u,0.3418951630592346, 0.031120240688323975, 0
u,0.937350869178772, 0.030364692211151123, 0
u,0.937350869178772, 0.11583846807479858, 0
u,0.9435500502586365, 0.11583846807479858, 0
u,0.5873578190803528, 0.14473336935043335, 0
u,0.5018840432167053, 0.14473336935043335, 0
u,0.5018840432167053, 0.15060758590698242, 0
u,0.4404258131980896, 0.3923078179359436, 0
u,0.4404258131980896, 0.47778159379959106, 0
u,0.4427250027656555, 0.47778159379959106, 0
u,0.4273689389228821, 0.18328672647476196, 0
u,0.3418951630592346, 0.18328672647476196, 0
u,0.3418951630592346, 0.18706411123275757, 0
u,0.5873578190803528, 0.1385367512702942, 0
u,0.5018840432167053, 0.1385367512702942, 0
u,0.5018840432167053, 0.14473336935043335, 0
u,0.9936801195144653, 0.9078041985630989, 0
u,0.9082063436508179, 0.9078042060136795, 0
u,0.9082063436508179, 0.9109783843159676, 0
u,0.4273689389228821, 0.20729780197143555, 0
u,0.3418951630592346, 0.20729780197143555, 0
u,0.3418951630592346, 0.21146219968795776, 0
u,0.4273689389228821, 0.031120240688323975, 0
u,0.3418951630592346, 0.031120240688323975, 0
u,0.3418951630592346, 0.03518861532211304, 0
u,0.4427250027656555, 0.3923078179359436, 0
u,0.4427250027656555, 0.47778159379959106, 0
u,0.4451102912425995, 0.47778159379959106, 0
u,0.4273689389228821, 0.18706411123275757, 0
u,0.3418951630592346, 0.18706411123275757, 0
u,0.3418951630592346, 0.1908288598060608, 0
u,0.5873578190803528, 0.11141610145568848, 0
u,0.5018840432167053, 0.11141610145568848, 0
u,0.5018840432167053, 0.1385367512702942, 0
u,0.9936801195144653, 0.9045940786600113, 0
u,0.9082063436508179, 0.9045940861105919, 0
u,0.9082063436508179, 0.9078042060136795, 0
u,0.8227323889732361, 0.0707750916481018, 0
u,0.7372586131095886, 0.0707750916481018, 0
u,0.7372586131095886, 0.07535630464553833, 0
u,0.3418951630592346, 0.10819512605667114, 0
u,0.25642138719558716, 0.10819512605667114, 0
u,0.25642138719558716, 0.1117284893989563, 0
u,0.4273689389228821, 0.202917218208313, 0
u,0.3418951630592346, 0.202917218208313, 0
u,0.3418951630592346, 0.20729780197143555, 0
u,0.4273689389228821, 0.03518861532211304, 0
u,0.3418951630592346, 0.03518861532211304, 0
u,0.3418951630592346, 0.03939366340637207, 0
u,0.5873578190803528, 0.10746169090270996, 0
u,0.5018840432167053, 0.10746169090270996, 0
u,0.5018840432167053, 0.11141610145568848, 0
u,0.9936801195144653, 0.9013480022549629, 0
u,0.9082063436508179, 0.9013480097055435, 0
u,0.9082063436508179, 0.9045940861105919, 0
u,0.4273689389228821, 0.1908288598060608, 0
u,0.3418951630592346, 0.1908288598060608, 0
u,0.3418951630592346, 0.1945810317993164, 0
u,0.5873578190803528, 0.1036912202835083, 0
u,0.5018840432167053, 0.1036912202835083, 0
u,0.5018840432167053, 0.10746169090270996, 0
u,0.4273689389228821, 0.19832050800323486, 0
u,0.3418951630592346, 0.19832050800323486, 0
u,0.3418951630592346, 0.202917218208313, 0
u,0.4451102912425995, 0.3923078179359436, 0
u,0.4451102912425995, 0.47778159379959106, 0
u,0.4475817084312439, 0.47778159379959106, 0
u,0.5873578190803528, 0.10010474920272827, 0
u,0.5018840432167053, 0.10010474920272827, 0
u,0.5018840432167053, 0.1036912202835083, 0
u,0.9435500502586365, 0.030364692211151123, 0
u,0.9435500502586365, 0.11583846807479858, 0
u,0.949872612953186, 0.11583846807479858, 0
u,0.4273689389228821, 0.19458097219467163, 0
u,0.3418951630592346, 0.1945810317993164, 0
u,0.3418951630592346, 0.19832050800323486, 0
u,0.3418951630592346, 0.10443437099456787, 0
u,0.25642138719558716, 0.10443437099456787, 0
u,0.25642138719558716, 0.10819512605667114, 0
u,0.4273689389228821, 0.03939366340637207, 0
u,0.3418951630592346, 0.03939366340637207, 0
u,0.3418951630592346, 0.04373544454574585, 0
u,0.9152573943138123, 0.5465732216835022, 0
u,0.9152573943138123, 0.632047027349472, 0
u,0.9222779870033264, 0.632047027349472, 0
u,0.5873578190803528, 0.09670227766036987, 0
u,0.5018840432167053, 0.09670227766036987, 0
u,0.5018840432167053, 0.10010474920272827, 0
u,0.9936801195144653, 0.8980659693479538, 0
u,0.9082063436508179, 0.8980659767985344, 0
u,0.9082063436508179, 0.9013480097055435, 0
u,0.5873578190803528, 0.0934838056564331, 0
u,0.5018840432167053, 0.0934838056564331, 0
u,0.5018840432167053, 0.09670227766036987, 0
u,0.8227323889732361, 0.07535630464553833, 0
u,0.7372586131095886, 0.07535630464553833, 0
u,0.7372586131095886, 0.08014786243438721, 0
u,0.4475817084312439, 0.3923078179359436, 0
u,0.4475817084312439, 0.47778159379959106, 0
u,0.45013925433158875, 0.47778159379959106, 0
u,0.5873578190803528, 0.09044933319091797, 0
u,0.5018840432167053, 0.09044933319091797, 0
u,0.5018840432167053, 0.0934838056564331, 0
u,0.9936801195144653, 0.8947479948401451, 0
u,0.9082063436508179, 0.8947480022907257, 0
u,0.9082063436508179, 0.8980659767985344, 0
u,0.8227323889732361, 0.08014780282974243, 0
u,0.7372586131095886, 0.08014786243438721, 0
u,0.7372586131095886, 0.08514964580535889, 0
u,0.9082063436508179, 0.5465732216835022, 0
u,0.9082063436508179, 0.632047027349472, 0
u,0.9152573943138123, 0.632047027349472, 0
u,0.5873578190803528, 0.08759880065917969, 0
u,0.5018840432167053, 0.08759880065917969, 0
u,0.5018840432167053, 0.09044933319091797, 0
u,0.45013925433158875, 0.3923078179359436, 0
u,0.45013925433158875, 0.47778159379959106, 0
u,0.45278292894363403, 0.47778159379959106, 0
u,0.3418951630592346, 0.10044622421264648, 0
u,0.25642138719558716, 0.10044622421264648, 0
u,0.25642138719558716, 0.10443437099456787, 0
u,0.8227323889732361, 0.08514964580535889, 0
u,0.7372586131095886, 0.08514964580535889, 0
u,0.7372586131095886, 0.09036171436309814, 0
u,0.4273689389228821, 0.04373544454574585, 0
u,0.3418951630592346, 0.04373544454574585, 0
u,0.3418951630592346, 0.048213958740234375, 0
u,0.5873578190803528, 0.08493232727050781, 0
u,0.5018840432167053, 0.08493232727050781, 0
u,0.5018840432167053, 0.08759880065917969, 0
u,0.8227323889732361, 0.09036171436309814, 0
u,0.7372586131095886, 0.09036171436309814, 0
u,0.7372586131095886, 0.09575724601745605, 0
u,0.949872612953186, 0.030364692211151123, 0
u,0.949872612953186, 0.11583846807479858, 0
u,0.9563186168670654, 0.11583846807479858, 0
u,0.8227324485778809, 0.2465878129005432, 0
u,0.7372586727142334, 0.2465878129005432, 0
u,0.7372586727142334, 0.25211286544799805, 0
u,0.5873578190803528, 0.08244979381561279, 0
u,0.5018840432167053, 0.08244979381561279, 0
u,0.5018840432167053, 0.08493232727050781, 0
u,0.9936801195144653, 0.8913940861821175, 0
u,0.9082063436508179, 0.8913940936326981, 0
u,0.9082063436508179, 0.8947480022907257, 0
u,0.5873578190803528, 0.0801512598991394, 0
u,0.5018840432167053, 0.0801512598991394, 0
u,0.5018840432167053, 0.08244979381561279, 0
u,0.8227323889732361, 0.09575718641281128, 0
u,0.7372586131095886, 0.09575724601745605, 0
u,0.7372586131095886, 0.10130929946899414, 0
u,0.45278292894363403, 0.3923078179359436, 0
u,0.45278292894363403, 0.47778159379959106, 0
u,0.4555127024650574, 0.47778159379959106, 0
u,0.8227324485778809, 0.24130821228027344, 0
u,0.7372586727142334, 0.2413082718849182, 0
u,0.7372586727142334, 0.2465878129005432, 0
u,0.4273689389228821, 0.06826668977737427, 0
u,0.4273689389228821, 0.15374046564102173, 0
u,0.45817652344703674, 0.15374046564102173, 0
u,0.4273689389228821, 0.048213958740234375, 0
u,0.3418951630592346, 0.048213958740234375, 0
u,0.3418951630592346, 0.05282771587371826, 0
u,0.5873578190803528, 0.07803672552108765, 0
u,0.5018840432167053, 0.07803672552108765, 0
u,0.5018840432167053, 0.0801512598991394, 0
u,0.3418951630592346, 0.09623062610626221, 0
u,0.25642138719558716, 0.09623068571090698, 0
u,0.25642138719558716, 0.10044622421264648, 0
u,0.8227323889732361, 0.10130929946899414, 0
u,0.7372586131095886, 0.10130929946899414, 0
u,0.7372586131095886, 0.10701793432235718, 0
u,0.8227324485778809, 0.23627406358718872, 0
u,0.7372586727142334, 0.23627406358718872, 0
u,0.7372586727142334, 0.2413082718849182, 0
u,0.5873578190803528, 0.07610613107681274, 0
u,0.5018840432167053, 0.07610613107681274, 0
u,0.5018840432167053, 0.07803672552108765, 0
u,0.4555127024650574, 0.3923078179359436, 0
u,0.4555127024650574, 0.47778159379959106, 0
u,0.45832863450050354, 0.47778159379959106, 0
u,0.8227324485778809, 0.23148536682128906, 0
u,0.7372586727142334, 0.23148536682128906, 0
u,0.7372586727142334, 0.23627406358718872, 0
u,0.4978373646736145, 0.4777815341949463, 0
u,0.4978373646736145, 0.5632553398609161, 0
u,0.499738872051239, 0.5632553398609161, 0
u,0.45832863450050354, 0.3923078179359436, 0
u,0.45832863450050354, 0.47778159379959106, 0
u,0.46123066544532776, 0.47778159379959106, 0
u,0.8227323889732361, 0.10701793432235718, 0
u,0.7372586131095886, 0.10701793432235718, 0
u,0.7372586131095886, 0.11288315057754517, 0
u,0.4273689389228821, 0.05282771587371826, 0
u,0.3418951630592346, 0.05282771587371826, 0
u,0.3418951630592346, 0.057368695735931396, 0
u,0.9563186168670654, 0.030364692211151123, 0
u,0.9563186168670654, 0.11583846807479858, 0
u,0.9628880023956299, 0.11583846807479858, 0
u,0.8227324485778809, 0.2269420623779297, 0
u,0.7372586727142334, 0.2269420623779297, 0
u,0.7372586727142334, 0.23148536682128906, 0
u,0.4958631098270416, 0.4777815341949463, 0
u,0.4958631098270416, 0.5632553398609161, 0
u,0.4978373646736145, 0.5632553398609161, 0
u,0.3418951630592346, 0.09178769588470459, 0
u,0.25642138719558716, 0.09178769588470459, 0
u,0.25642138719558716, 0.09623068571090698, 0
u,0.8227324485778809, 0.22264420986175537, 0
u,0.7372586727142334, 0.22264420986175537, 0
u,0.7372586727142334, 0.2269420623779297, 0
u,0.493816077709198, 0.4777815341949463, 0
u,0.493816077709198, 0.5632553398609161, 0
u,0.4958631098270416, 0.5632553398609161, 0
u,0.46123066544532776, 0.3923078179359436, 0
u,0.46123066544532776, 0.47778159379959106, 0
u,0.4642188251018524, 0.47778159379959106, 0
u,0.8227323889732361, 0.11288315057754517, 0
u,0.7372586131095886, 0.11288315057754517, 0
u,0.7372586131095886, 0.1189049482345581, 0
u,0.4273689389228821, 0.057368695735931396, 0
u,0.3418951630592346, 0.057368695735931396, 0
u,0.341895192861557, 0.061836838722229004, 0
u,0.4642188251018524, 0.3923078179359436, 0
u,0.4642188251018524, 0.47778159379959106, 0
u,0.4672930836677551, 0.47778159379959106, 0
u,0.8227324485778809, 0.2185918092727661, 0
u,0.7372586727142334, 0.2185918092727661, 0
u,0.7372586727142334, 0.22264420986175537, 0
u,0.49169623851776123, 0.4777815341949463, 0
u,0.49169623851776123, 0.5632553398609161, 0
u,0.493816077709198, 0.5632553398609161, 0
u,0.3418951630592346, 0.08711737394332886, 0
u,0.25642138719558716, 0.08711737394332886, 0
u,0.25642138719558716, 0.09178769588470459, 0
u,0.8227324485778809, 0.21478486061096191, 0
u,0.7372586727142334, 0.21478486061096191, 0
u,0.7372586727142334, 0.2185918092727661, 0
u,0.9840929508209229, 0.5465732216835022, 0
u,0.9840929508209229, 0.632047027349472, 0
u,0.9908089637756348, 0.632047027349472, 0
u,0.9628880023956299, 0.030364692211151123, 0
u,0.9628880023956299, 0.11583846807479858, 0
u,0.9695808291435242, 0.11583846807479858, 0
u,0.4816076457500458, 0.30683398246765137, 0
u,0.4816076457500458, 0.39230775833129883, 0
u,0.5006315112113953, 0.39230775833129883, 0
u,0.8227323889732361, 0.1189049482345581, 0
u,0.7372586131095886, 0.1189049482345581, 0
u,0.7372586131095886, 0.125083327293396, 0
u,0.4672930836677551, 0.3923078179359436, 0
u,0.4672930836677551, 0.47778159379959106, 0
u,0.4704534709453583, 0.47778159379959106, 0
u,0.8227324485778809, 0.211223304271698, 0
u,0.7372586727142334, 0.211223304271698, 0
u,0.7372586727142334, 0.21478486061096191, 0
u,0.45817655324935913, 0.06826668977737427, 0
u,0.45817655324935913, 0.15374046564102173, 0
u,0.48821642994880676, 0.15374046564102173, 0
u,0.3418951630592346, 0.08221960067749023, 0
u,0.25642138719558716, 0.08221960067749023, 0
u,0.25642138719558716, 0.08711737394332886, 0
u,0.4895036816596985, 0.4777815341949463, 0
u,0.4895036816596985, 0.5632553398609161, 0
u,0.49169623851776123, 0.5632553398609161, 0
u,0.8227324485778809, 0.20790719985961914, 0
u,0.7372586727142334, 0.20790725946426392, 0
u,0.7372586727142334, 0.211223304271698, 0
u,0.4704534709453583, 0.3923078179359436, 0
u,0.4704534709453583, 0.47778159379959106, 0
u,0.47354835271835327, 0.47778159379959106, 0
u,0.08547379076480865, 0.15473902225494385, 0
u,7.620060138435747e-09, 0.15473902225494385, 0
u,8.328143508151697e-09, 0.16411787271499634, 0
u,0.4273689389228821, 0.06183677911758423, 0
u,0.341895192861557, 0.061836838722229004, 0
u,0.341895192861557, 0.06623214483261108, 0
u,0.8227323889732361, 0.125083327293396, 0
u,0.7372586131095886, 0.125083327293396, 0
u,0.7372586727142334, 0.13141828775405884, 0
u,0.4872383177280426, 0.4777815341949463, 0
u,0.4872383177280426, 0.5632553398609161, 0
u,0.4895036816596985, 0.5632553398609161, 0
u,0.9695808291435242, 0.030364692211151123, 0
u,0.9695808291435242, 0.11583846807479858, 0
u,0.9763970971107483, 0.11583846807479858, 0
u,0.08547379076480865, 0.16411781311035156, 0
u,8.328143508151697e-09, 0.16411787271499634, 0
u,8.55258264209624e-09, 0.16709065437316895, 0
u,0.8227324485778809, 0.20483654737472534, 0
u,0.7372586727142334, 0.20483654737472534, 0
u,0.7372586727142334, 0.20790725946426392, 0
u,0.48490017652511597, 0.4777815341949463, 0
u,0.48490017652511597, 0.5632553398609161, 0
u,0.4872383177280426, 0.5632553398609161, 0
u,0.47354835271835327, 0.3923078179359436, 0
u,0.47354835271835327, 0.47778159379959106, 0
u,0.4765293002128601, 0.47778159379959106, 0
u,0.08547379076480865, 0.16709065437316895, 0
u,8.55258264209624e-09, 0.16709065437316895, 0
u,8.77803607579608e-09, 0.17007684707641602, 0
u,0.8227324485778809, 0.2020113468170166, 0
u,0.7372586727142334, 0.2020113468170166, 0
u,0.7372586727142334, 0.20483654737472534, 0
u,0.3418951630592346, 0.0770944356918335, 0
u,0.25642138719558716, 0.0770944356918335, 0
u,0.25642138719558716, 0.08221960067749023, 0
u,0.08547379076480865, 0.17007684707641602, 0
u,8.77803607579608e-09, 0.17007684707641602, 0
u,9.00450203289438e-09, 0.17307651042938232, 0
u,0.4273689389228821, 0.06623208522796631, 0
u,0.341895192861557, 0.06623214483261108, 0
u,0.341895192861557, 0.07055461406707764, 0
u,0.8227323889732361, 0.13141828775405884, 0
u,0.7372586727142334, 0.13141828775405884, 0
u,0.7372586727142334, 0.13790982961654663, 0
u,0.9773464202880859, 0.5465732216835022, 0
u,0.9773464202880859, 0.632047027349472, 0
u,0.9840929508209229, 0.632047027349472, 0
u,0.4765293002128601, 0.3923078179359436, 0
u,0.4765293002128601, 0.47778159379959106, 0
u,0.47939640283584595, 0.47778159379959106, 0
u,0.08547379076480865, 0.17307651042938232, 0
u,9.00450203289438e-09, 0.17307651042938232, 0
u,9.231981401569556e-09, 0.17608952522277832, 0
u,0.8227324485778809, 0.19928008317947388, 0
u,0.7372586727142334, 0.19928008317947388, 0
u,0.7372586727142334, 0.2020113468170166, 0
u,0.6728315949440002, 0.02432030439376831, 0
u,0.6728315949440002, 0.10979408025741577, 0
u,0.6913358569145203, 0.10979408025741577, 0
u,0.08547379076480865, 0.14542174339294434, 0
u,6.9166263827469265e-09, 0.14542174339294434, 0
u,7.620060138435747e-09, 0.15473902225494385, 0
u,0.48248928785324097, 0.4777815341949463, 0
u,0.48248928785324097, 0.5632553398609161, 0
u,0.48490017652511597, 0.5632553398609161, 0
u,0.9763970971107483, 0.030364692211151123, 0
u,0.9763970971107483, 0.11583846807479858, 0
u,0.9833367466926575, 0.11583846807479858, 0
u,0.8227324485778809, 0.19649136066436768, 0
u,0.7372586727142334, 0.19649136066436768, 0
u,0.7372586727142334, 0.19928008317947388, 0
u,0.3418951630592346, 0.07174193859100342, 0
u,0.25642138719558716, 0.07174193859100342, 0
u,0.25642138719558716, 0.0770944356918335, 0
u,0.4800055921077728, 0.4777815341949463, 0
u,0.4800055921077728, 0.5632553398609161, 0
u,0.48248928785324097, 0.5632553398609161, 0
u,0.08547379076480865, 0.17608952522277832, 0
u,9.231981401569556e-09, 0.17608952522277832, 0
u,9.46047329364319e-09, 0.17911601066589355, 0
u,0.8227323889732361, 0.13790982961654663, 0
u,0.7372586727142334, 0.13790982961654663, 0
u,0.7372586727142334, 0.14455795288085938, 0
u,0.47939640283584595, 0.3923078179359436, 0
u,0.47939640283584595, 0.47778159379959106, 0
u,0.4821496307849884, 0.47778159379959106, 0
u,0.08547379076480865, 0.17911601066589355, 0
u,9.46047329364319e-09, 0.17911601066589355, 0
u,9.689979485472122e-09, 0.18215590715408325, 0
u,0.8227324485778809, 0.19364511966705322, 0
u,0.7372586727142334, 0.19364511966705322, 0
u,0.7372586727142334, 0.19649136066436768, 0
u,0.4273689389228821, 0.07055461406707764, 0
u,0.341895192861557, 0.07055461406707764, 0
u,0.341895192861557, 0.07480424642562866, 0
u,0.4774491488933563, 0.4777815341949463, 0
u,0.4774491488933563, 0.5632553398609161, 0
u,0.4800055921077728, 0.5632553398609161, 0
u,0.4821496307849884, 0.3923078179359436, 0
u,0.4821496307849884, 0.47778159379959106, 0
u,0.4847889840602875, 0.47778159379959106, 0
u,0.08547379076480865, 0.18215590715408325, 0
u,9.689979485472122e-09, 0.18215590715408325, 0
u,9.920497312521093e-09, 0.1852092146873474, 0
u,0.8227324485778809, 0.1907414197921753, 0
u,0.7372586727142334, 0.1907414197921753, 0
u,0.7372586727142334, 0.19364511966705322, 0
u,0.3418951630592346, 0.06616199016571045, 0
u,0.25642138719558716, 0.06616199016571045, 0
u,0.25642138719558716, 0.07174193859100342, 0
u,0.08547379076480865, 0.13616609573364258, 0
u,6.217842685174446e-09, 0.13616609573364258, 0
u,6.9166263827469265e-09, 0.14542174339294434, 0
u,0.9705694317817688, 0.5465732216835022, 0
u,0.9705694317817688, 0.632047027349472, 0
u,0.9773464202880859, 0.632047027349472, 0
u,0.8227324485778809, 0.18778014183044434, 0
u,0.7372586727142334, 0.18778014183044434, 0
u,0.7372586727142334, 0.1907414197921753, 0
u,0.47481992840766907, 0.4777815341949463, 0
u,0.47481992840766907, 0.5632553398609161, 0
u,0.4774491488933563, 0.5632553398609161, 0
u,0.4847889840602875, 0.3923078179359436, 0
u,0.4847889840602875, 0.47778159379959106, 0
u,0.48731446266174316, 0.47778159379959106, 0
u,0.08547379821538925, 0.1852092146873474, 0
u,9.920497312521093e-09, 0.1852092146873474, 0
u,1.015203032750378e-08, 0.18827593326568604, 0
u,0.8227323889732361, 0.1445578932762146, 0
u,0.7372586727142334, 0.14455795288085938, 0
u,0.7372586727142334, 0.1513625979423523, 0
u,0.48731446266174316, 0.3923078179359436, 0
u,0.48731446266174316, 0.47778159379959106, 0
u,0.4897260367870331, 0.47778159379959106, 0
u,0.08547379821538925, 0.18827593326568604, 0
u,1.015203032750378e-08, 0.18827593326568604, 0
u,1.0384574977706507e-08, 0.1913561224937439, 0
u,0.8227324485778809, 0.1847614049911499, 0
u,0.7372586727142334, 0.18476146459579468, 0
u,0.7372586727142334, 0.18778014183044434, 0
u,0.4273689389228821, 0.07480424642562866, 0
u,0.341895192861557, 0.07480424642562866, 0
u,0.341895192861557, 0.07898110151290894, 0
u,0.47211793065071106, 0.4777815341949463, 0
u,0.47211793065071106, 0.5632553398609161, 0
u,0.47481992840766907, 0.5632553398609161, 0
u,0.4897260367870331, 0.3923078179359436, 0
u,0.4897260367870331, 0.47778159379959106, 0
u,0.492023766040802, 0.47778159379959106, 0
u,0.08547379821538925, 0.1913561224937439, 0
u,1.0384574977706507e-08, 0.1913561224937439, 0
u,1.061813303948611e-08, 0.19444966316223145, 0
u,0.8227323889732361, 0.181685209274292, 0
u,0.7372586727142334, 0.181685209274292, 0
u,0.7372586727142334, 0.18476146459579468, 0
u,0.3418951630592346, 0.060354650020599365, 0
u,0.25642138719558716, 0.060354650020599365, 0
u,0.25642138719558716, 0.06616199016571045, 0
u,0.08547379821538925, 0.19444966316223145, 0
u,1.061813303948611e-08, 0.19444966316223145, 0
u,1.0852704512842593e-08, 0.19755667448043823, 0
u,0.4273689389228821, 0.07898110151290894, 0
u,0.341895192861557, 0.07898110151290894, 0
u,0.341895192861557, 0.08308517932891846, 0
u,0.08547379076480865, 0.1269720196723938, 0
u,5.5237099338967255e-09, 0.1269720196723938, 0
u,6.217842685174446e-09, 0.13616609573364258, 0
u,0.8227323889732361, 0.1513625979423523, 0
u,0.7372586727142334, 0.1513625979423523, 0
u,0.7372586727142334, 0.15832382440567017, 0
u,0.46861451864242554, 0.4777815341949463, 0
u,0.46861451864242554, 0.5632553398609161, 0
u,0.47211793065071106, 0.5632553398609161, 0
u,0.492023766040802, 0.3923078179359436, 0
u,0.492023766040802, 0.47778159379959106, 0
u,0.49420759081840515, 0.47778159379959106, 0
u,0.8227323889732361, 0.17855149507522583, 0
u,0.7372586727142334, 0.17855149507522583, 0
u,0.7372586727142334, 0.181685209274292, 0
u,0.9637620449066162, 0.5465732216835022, 0
u,0.9637620449066162, 0.632047027349472, 0
u,0.9705694317817688, 0.632047027349472, 0
u,0.49420759081840515, 0.3923078179359436, 0
u,0.49420759081840515, 0.47778159379959106, 0
u,0.4962775707244873, 0.47778159379959106, 0
u,0.08547379821538925, 0.19755667448043823, 0
u,1.0852704512842593e-08, 0.19755667448043823, 0
u,1.1088289397775952e-08, 0.20067709684371948, 0
u,0.8227323889732361, 0.17536026239395142, 0
u,0.7372586727142334, 0.17536026239395142, 0
u,0.7372586727142334, 0.17855149507522583, 0
u,0.3418951630592346, 0.05431985855102539, 0
u,0.25642138719558716, 0.054319918155670166, 0
u,0.25642138719558716, 0.060354650020599365, 0
u,0.08547379821538925, 0.20067709684371948, 0
u,1.1088289397775952e-08, 0.20067709684371948, 0
u,1.1324911675103522e-08, 0.20381122827529907, 0
u,0.8227323889732361, 0.17211157083511353, 0
u,0.7372586727142334, 0.17211157083511353, 0
u,0.7372586727142334, 0.17536026239395142, 0
u,0.4273689389228821, 0.08308511972427368, 0
u,0.341895192861557, 0.08308517932891846, 0
u,0.341895192861557, 0.08711636066436768, 0
u,0.46523433923721313, 0.4777815341949463, 0
u,0.46523433923721313, 0.5632553398609161, 0
u,0.46861451864242554, 0.5632553398609161, 0
u,0.25642138719558716, 0.11008685827255249, 0
u,0.1709475964307785, 0.11008691787719727, 0
u,0.1709475964307785, 0.11230754852294922, 0
u,0.08547379821538925, 0.20381122827529907, 0
u,1.1324911675103522e-08, 0.20381122827529907, 0
u,1.1562593549285793e-08, 0.20695942640304565, 0
u,0.08547379076480865, 0.117839515209198, 0
u,4.834227240735345e-09, 0.117839515209198, 0
u,5.5237099338967255e-09, 0.1269720196723938, 0
u,0.8227323889732361, 0.15832382440567017, 0
u,0.7372586727142334, 0.15832382440567017, 0
u,0.7372586727142334, 0.16544169187545776, 0
u,0.461977481842041, 0.4777815341949463, 0
u,0.461977481842041, 0.5632553398609161, 0
u,0.46523433923721313, 0.5632553398609161, 0
u,0.25642138719558716, 0.11230754852294922, 0
u,0.1709475964307785, 0.11230754852294922, 0
u,0.1709475964307785, 0.11469566822052002, 0
u,0.8227323889732361, 0.16880536079406738, 0
u,0.7372586727142334, 0.16880536079406738, 0
u,0.7372586727142334, 0.17211157083511353, 0
u,0.8227323889732361, 0.16544169187545776, 0
u,0.7372586727142334, 0.16544169187545776, 0
u,0.7372586727142334, 0.16880536079406738, 0
u,0.25642138719558716, 0.11469566822052002, 0
u,0.1709475964307785, 0.11469566822052002, 0
u,0.1709475964307785, 0.11728262901306152, 0
u,0.08547379821538925, 0.20695942640304565, 0
u,1.1562593549285793e-08, 0.20695942640304565, 0
u,1.1801336796679607e-08, 0.21012169122695923, 0
u,0.4273689389228821, 0.08711636066436768, 0
u,0.341895192861557, 0.08711636066436768, 0
u,0.341895192861557, 0.09107476472854614, 0
u,0.3418951630592346, 0.049229979515075684, 0
u,0.25642138719558716, 0.049229979515075684, 0
u,0.25642138719558716, 0.054319918155670166, 0
u,0.9569242000579834, 0.5465732216835022, 0
u,0.9569242000579834, 0.632047027349472, 0
u,0.9637620449066162, 0.632047027349472, 0
u,0.08547379821538925, 0.21012169122695923, 0
u,1.1801336796679607e-08, 0.21012169122695923, 0
u,1.2041141417284962e-08, 0.2132980227470398, 0
u,0.458843857049942, 0.4777815341949463, 0
u,0.458843857049942, 0.5632553398609161, 0
u,0.461977481842041, 0.5632553398609161, 0
u,0.25642138719558716, 0.11728262901306152, 0
u,0.1709475964307785, 0.11728262901306152, 0
u,0.1709475964307785, 0.12018704414367676, 0
u,0.08547379821538925, 0.21329796314239502, 0
u,1.2041141417284962e-08, 0.2132980227470398, 0
u,1.2282006522923439e-08, 0.21648836135864258, 0
u,0.08547379076480865, 0.10876864194869995, 0
u,4.149394605690304e-09, 0.10876864194869995, 0
u,4.834227240735345e-09, 0.117839515209198, 0
u,0.25642138719558716, 0.12018704414367676, 0
u,0.1709475964307785, 0.12018704414367676, 0
u,0.1709475964307785, 0.12340885400772095, 0
u,0.4273689389228821, 0.11374521255493164, 0
u,0.3418951630592346, 0.11374527215957642, 0
u,0.3418951630592346, 0.11639213562011719, 0
u,0.25642138719558716, 0.12340885400772095, 0
u,0.1709475964307785, 0.12340885400772095, 0
u,0.1709475964307785, 0.1269480586051941, 0
u,0.08547379821538925, 0.21648836135864258, 0
u,1.2282006522923439e-08, 0.21648836135864258, 0
u,1.2523931225416618e-08, 0.21969276666641235, 0
u,0.4273689389228821, 0.09107470512390137, 0
u,0.341895192861557, 0.09107476472854614, 0
u,0.341895192861557, 0.0949602723121643, 0
u,0.3418951630592346, 0.04429382085800171, 0
u,0.25642138719558716, 0.04429382085800171, 0
u,0.25642138719558716, 0.049229979515075684, 0
u,0.08547379821538925, 0.21969276666641235, 0
u,1.2523931225416618e-08, 0.21969276666641235, 0
u,1.2766917301121339e-08, 0.22291117906570435, 0
u,0.4273689389228821, 0.11639213562011719, 0
u,0.3418951630592346, 0.11639213562011719, 0
u,0.3418951630592346, 0.11914670467376709, 0
u,0.4558335244655609, 0.4777815341949463, 0
u,0.4558335244655609, 0.5632553398609161, 0
u,0.458843857049942, 0.5632553398609161, 0
u,0.25642138719558716, 0.1269480586051941, 0
u,0.1709475964307785, 0.1269480586051941, 0
u,0.1709475964307785, 0.1308046579360962, 0
u,0.08547379821538925, 0.22291117906570435, 0
u,1.2766917301121339e-08, 0.22291117906570435, 0
u,1.3010965638216021e-08, 0.2261437177658081, 0
u,0.9500558376312256, 0.5465732216835022, 0
u,0.9500558376312256, 0.632047027349472, 0
u,0.9569242000579834, 0.632047027349472, 0
u,0.25642138719558716, 0.1308046579360962, 0
u,0.1709475964307785, 0.1308046579360962, 0
u,0.1709475964307785, 0.13497865200042725, 0
u,0.08547379821538925, 0.2261437177658081, 0
u,1.3010965638216021e-08, 0.2261437177658081, 0
u,1.3256072683986986e-08, 0.22939026355743408, 0
u,0.08547379076480865, 0.09975934028625488, 0
u,3.4692122508062084e-09, 0.09975934028625488, 0
u,4.149394605690304e-09, 0.10876864194869995, 0
u,0.25642138719558716, 0.13497865200042725, 0
u,0.1709475964307785, 0.13497865200042725, 0
u,0.1709475964307785, 0.13947010040283203, 0
u,0.4273689389228821, 0.0949602723121643, 0
u,0.341895192861557, 0.0949602723121643, 0
u,0.341895192861557, 0.0987730622291565, 0
u,0.3418951630592346, 0.03951132297515869, 0
u,0.25642138719558716, 0.03951132297515869, 0
u,0.25642138719558716, 0.04429382085800171, 0
u,0.08547379821538925, 0.22939026355743408, 0
u,1.3256072683986986e-08, 0.22939026355743408, 0
u,1.3502241991147912e-08, 0.23265087604522705, 0
u,0.4273689389228821, 0.11914670467376709, 0
u,0.3418951630592346, 0.11914670467376709, 0
u,0.3418951630592346, 0.12200891971588135, 0
u,0.4529464542865753, 0.4777815341949463, 0
u,0.4529464542865753, 0.5632553398609161, 0
u,0.4558335244655609, 0.5632553398609161, 0
u,0.25642138719558716, 0.13947010040283203, 0
u,0.1709475964307785, 0.13947010040283203, 0
u,0.1709475964307785, 0.14427894353866577, 0
u,0.08547379821538925, 0.23265087604522705, 0
u,1.3502241991147912e-08, 0.23265087604522705, 0
u,1.374947178334196e-08, 0.23592549562454224, 0
u,0.25642138719558716, 0.14427894353866577, 0
u,0.1709475964307785, 0.14427894353866577, 0
u,0.1709475964307785, 0.14940518140792847, 0
u,0.08547379821538925, 0.23592549562454224, 0
u,1.374947178334196e-08, 0.23592549562454224, 0
u,1.399776206056913e-08, 0.2392142415046692, 0
u,0.4273689389228821, 0.12200891971588135, 0
u,0.3418951630592346, 0.12200891971588135, 0
u,0.3418951630592346, 0.12497878074645996, 0
u,0.08547379076480865, 0.09081166982650757, 0
u,2.7936808422168724e-09, 0.09081166982650757, 0
u,3.4692122508062084e-09, 0.09975934028625488, 0
u,0.25642138719558716, 0.14940518140792847, 0
u,0.1709475964307785, 0.14940518140792847, 0
u,0.1709475964307785, 0.15484881401062012, 0
u,0.4273689389228821, 0.0987730622291565, 0
u,0.341895192861557, 0.0987730622291565, 0
u,0.341895192861557, 0.10254102945327759, 0
u,0.45018264651298523, 0.4777815341949463, 0
u,0.45018264651298523, 0.5632553398609161, 0
u,0.4529464542865753, 0.5632553398609161, 0
u,0.25642138719558716, 0.15484881401062012, 0
u,0.1709475964307785, 0.15484881401062012, 0
u,0.1709475964307785, 0.1606099009513855, 0
u,0.9082062840461731, 0.030364692211151123, 0
u,0.9082062840461731, 0.11583846807479858, 0
u,0.913788378238678, 0.11583846807479858, 0
u,0.3418951630592346, 0.034882545471191406, 0
u,0.25642138719558716, 0.034882545471191406, 0
u,0.25642138719558716, 0.03951132297515869, 0
u,0.08547378331422806, 0.08192557096481323, 0
u,2.1227994917438764e-09, 0.08192557096481323, 0
u,2.7936808422168724e-09, 0.09081166982650757, 0
u,0.4273689389228821, 0.12497878074645996, 0
u,0.3418951630592346, 0.12497878074645996, 0
u,0.3418951630592346, 0.12805628776550293, 0
u,0.9431570768356323, 0.5465732216835022, 0
u,0.9431570768356323, 0.632047027349472, 0
u,0.9500558376312256, 0.632047027349472, 0
u,0.25642138719558716, 0.1606099009513855, 0
u,0.1709475964307785, 0.1606099009513855, 0
u,0.1709475964307785, 0.16668838262557983, 0
u,0.913788378238678, 0.030364692211151123, 0
u,0.913788378238678, 0.11583846807479858, 0
u,0.9194938540458679, 0.11583846807479858, 0
u,0.08547378331422806, 0.07310110330581665, 0
u,1.4565688655210351e-09, 0.07310110330581665, 0
u,2.1227994917438764e-09, 0.08192557096481323, 0
u,0.25642138719558716, 0.16668838262557983, 0
u,0.1709475964307785, 0.16668838262557983, 0
u,0.1709475964307785, 0.18428051471710205, 0
u,0.4273689389228821, 0.10254102945327759, 0
u,0.341895192861557, 0.10254102945327759, 0
u,0.341895192861557, 0.10629242658615112, 0
u,0.44754213094711304, 0.4777815341949463, 0
u,0.44754213094711304, 0.5632553398609161, 0
u,0.45018264651298523, 0.5632553398609161, 0
u,0.25642138719558716, 0.18428045511245728, 0
u,0.1709475964307785, 0.18428051471710205, 0
u,0.1709475964307785, 0.18968838453292847, 0
u,0.3418951630592346, 0.030407488346099854, 0
u,0.25642138719558716, 0.03040754795074463, 0
u,0.25642138719558716, 0.034882545471191406, 0
u,0.9936801195144653, 0.9647991582751274, 0
u,0.9082063436508179, 0.9647991620004177, 0
u,0.9082063436508179, 0.9685303010046482, 0
u,0.4273689389228821, 0.12805628776550293, 0
u,0.3418951630592346, 0.12805628776550293, 0
u,0.3418951630592346, 0.13124138116836548, 0
u,0.9936801195144653, 0.9618196114897728, 0
u,0.9082063436508179, 0.9618196189403534, 0
u,0.9082063436508179, 0.9647991620004177, 0
u,0.44502487778663635, 0.4777815341949463, 0
u,0.44502487778663635, 0.5632553398609161, 0
u,0.44754213094711304, 0.5632553398609161, 0
u,0.25642138719558716, 0.18968838453292847, 0
u,0.1709475964307785, 0.18968838453292847, 0
u,0.1709475964307785, 0.19489991664886475, 0
u,0.25642138719558716, 0.19489991664886475, 0
u,0.1709475964307785, 0.19489991664886475, 0
u,0.1709475964307785, 0.1999151110649109, 0
u,0.9194938540458679, 0.030364692211151123, 0
u,0.9194938540458679, 0.11583846807479858, 0
u,0.9253227710723877, 0.11583846807479858, 0
u,0.4273689389228821, 0.13124138116836548, 0
u,0.3418951630592346, 0.13124138116836548, 0
u,0.3418951630592346, 0.13453418016433716, 0
u,0.9936801195144653, 0.9588434584438801, 0
u,0.9082063436508179, 0.9588434658944607, 0
u,0.9082063436508179, 0.9618196189403534, 0
u,0.25642138719558716, 0.1999151110649109, 0
u,0.1709475964307785, 0.1999151110649109, 0
u,0.1709475964307785, 0.20473402738571167, 0
u,0.4273689389228821, 0.10629242658615112, 0
u,0.341895192861557, 0.10629242658615112, 0
u,0.341895192861557, 0.11002713441848755, 0
u,0.3418951630592346, 0.02608621120452881, 0
u,0.25642138719558716, 0.02608621120452881, 0
u,0.25642138719558716, 0.03040754795074463, 0
u,0.4426308870315552, 0.4777815341949463, 0
u,0.4426308870315552, 0.5632553398609161, 0
u,0.44502487778663635, 0.5632553398609161, 0
u,0.9936801195144653, 0.9685302935540676, 0
u,0.9082063436508179, 0.9685303010046482, 0
u,0.9082063436508179, 0.9721163958311081, 0
u,0.9936801195144653, 0.955870695412159, 0
u,0.9082063436508179, 0.9558707028627396, 0
u,0.9082063436508179, 0.9588434658944607, 0
u,0.25642138719558716, 0.20473402738571167, 0
u,0.1709475964307785, 0.20473402738571167, 0
u,0.1709475964307785, 0.20935654640197754, 0
u,0.4273689389228821, 0.13453418016433716, 0
u,0.3418951630592346, 0.13453418016433716, 0
u,0.3418951630592346, 0.13793456554412842, 0
u,0.9362278580665588, 0.5465732216835022, 0
u,0.9362278580665588, 0.632047027349472, 0
u,0.9431570768356323, 0.632047027349472, 0
u,0.25642138719558716, 0.20935654640197754, 0
u,0.1709475964307785, 0.20935654640197754, 0
u,0.1709475964307785, 0.21378272771835327, 0
u,0.9936801195144653, 0.9721163883805275, 0
u,0.9082063436508179, 0.9721163958311081, 0
u,0.9082063436508179, 0.9755574464797974, 0
u,0.9936801195144653, 0.9529013261198997, 0
u,0.9082063436508179, 0.9529013335704803, 0
u,0.9082063436508179, 0.9558707028627396, 0
u,0.25642138719558716, 0.21378272771835327, 0
u,0.1709475964307785, 0.21378272771835327, 0
u,0.1709475964307785, 0.21801257133483887, 0
u,0.4273689389228821, 0.11002713441848755, 0
u,0.341895192861557, 0.11002713441848755, 0
u,0.341895192861557, 0.11374515295028687, 0
u,0.3418951630592346, 0.021918535232543945, 0
u,0.25642138719558716, 0.02191859483718872, 0
u,0.25642138719558716, 0.02608621120452881, 0
u,0.9936801195144653, 0.9499353542923927, 0
u,0.9082063436508179, 0.9499353617429733, 0
u,0.9082063436508179, 0.9529013335704803, 0
u,0.4273689389228821, 0.13793456554412842, 0
u,0.3418951630592346, 0.13793456554412842, 0
u,0.3418951630592346, 0.1414426565170288, 0
u,0.4403601586818695, 0.4777815341949463, 0
u,0.4403601586818695, 0.5632553398609161, 0
u,0.4426308870315552, 0.5632553398609161, 0
u,0.25642138719558716, 0.21801257133483887, 0
u,0.1709475964307785, 0.21801257133483887, 0
u,0.1709475964307785, 0.22204607725143433, 0
u,0.9936801195144653, 0.9755574408918619, 0
u,0.9082063436508179, 0.9755574464797974, 0
u,0.9082063436508179, 0.9788534548133612, 0
u,0.9936801195144653, 0.9469727724790573, 0
u,0.9082063436508179, 0.9469727799296379, 0
u,0.9082063436508179, 0.9499353617429733, 0
u,0.25642138719558716, 0.22204607725143433, 0
u,0.1709475964307785, 0.22204607725143433, 0
u,0.1709475964307785, 0.22588324546813965, 0
u,0.4273689389228821, 0.1414426565170288, 0
u,0.3418951630592346, 0.1414426565170288, 0
u,0.3418951630592346, 0.14505833387374878, 0
u,0.3418951630592346, 0.01790463924407959, 0
u,0.25642138719558716, 0.01790463924407959, 0
u,0.25642138719558716, 0.02191859483718872, 0
u,0.43821272253990173, 0.4777815341949463, 0
u,0.43821272253990173, 0.5632553398609161, 0
u,0.4403601586818695, 0.5632553398609161, 0
u,0.9936801195144653, 0.9788534492254257, 0
u,0.9082063436508179, 0.9788534548133612, 0
u,0.9082063436508179, 0.9820044208317995, 0
u,0.9936801195144653, 0.9440135881304741, 0
u,0.9082063436508179, 0.9440135918557644, 0
u,0.9082063436508179, 0.9469727799296379, 0
u,0.25642138719558716, 0.22588324546813965, 0
u,0.1709475964307785, 0.22588324546813965, 0
u,0.1709475964307785, 0.22952407598495483, 0
u,0.8227323889732361, 0.05455303192138672, 0
u,0.7372586131095886, 0.05455303192138672, 0
u,0.7372586131095886, 0.05829310417175293, 0
u,0.3418951630592346, 0.014044463634490967, 0
u,0.25642138719558716, 0.014044463634490967, 0
u,0.25642138719558716, 0.01790463924407959, 0
u,0.9253227710723877, 0.030364692211151123, 0
u,0.9253227710723877, 0.11583846807479858, 0
u,0.9312751293182373, 0.11583846807479858, 0
u,0.4273689389228821, 0.14505833387374878, 0
u,0.3418951630592346, 0.14505833387374878, 0
u,0.3418951630592346, 0.1487816572189331, 0
u,0.08547378331422806, 0.06433820724487305, 0
u,7.949882419033827e-10, 0.06433820724487305, 0
u,1.4565688655210351e-09, 0.07310110330581665, 0
u,0.4273689389228821, 0.2369953989982605, 0
u,0.3418951630592346, 0.2369953989982605, 0
u,0.3418951630592346, 0.23921430110931396, 0
u,0.25642138719558716, 0.22952407598495483, 0
u,0.1709475964307785, 0.22952407598495483, 0
u,0.1709475964307785, 0.23296856880187988, 0
u,0.9936801195144653, 0.9410577937960625, 0
u,0.9082063436508179, 0.9410578012466431, 0
u,0.9082063436508179, 0.9440135918557644, 0
