v,-0.003513433737680316, 0.01147836446762085, 0.008253135718405247
v,-0.0036120263393968344, 0.011529874987900257, 0.008324656635522842
v,-0.003995182458311319, 0.011730058118700981, 0.007997511886060238
v,-0.003404053160920739, 0.01142121758311987, 0.008178772404789925
v,-0.003513433737680316, 0.01147836446762085, 0.008253135718405247
v,-0.003995182458311319, 0.011730058118700981, 0.007997511886060238
v,-0.003283885307610035, 0.01135843526571989, 0.008101570419967175
v,-0.003404053160920739, 0.01142121758311987, 0.008178772404789925
v,-0.003995182458311319, 0.011730058118700981, 0.007997511886060238
v,-0.0031529306434094906, 0.011290016584098339, 0.008021528832614422
v,-0.003283885307610035, 0.01135843526571989, 0.008101570419967175
v,-0.003995182458311319, 0.011730058118700981, 0.007997511886060238
v,-0.003011188469827175, 0.01121596246957779, 0.007938647642731667
v,-0.0031529306434094906, 0.011290016584098339, 0.008021528832614422
v,-0.003995182458311319, 0.011730058118700981, 0.007997511886060238
v,-0.003011188469827175, 0.01121596246957779, 0.007938647642731667
v,-0.003995182458311319, 0.011730058118700981, 0.007997511886060238
v,-0.002182959346100688, 0.010783245787024498, -0.0037563189398497343
v,-0.002858659951016307, 0.011136271990835667, 0.007852925918996334
v,-0.003011188469827175, 0.01121596246957779, 0.007938647642731667
v,-0.002182959346100688, 0.010783245787024498, -0.0037563189398497343
v,-0.0026953439228236675, 0.011050946079194546, 0.007764364592730999
v,-0.002858659951016307, 0.011136271990835667, 0.007852925918996334
v,-0.002182959346100688, 0.010783245787024498, -0.0037563189398497343
v,-0.0025212413165718317, 0.010959984734654427, 0.007672964129596949
v,-0.0026953439228236675, 0.011050946079194546, 0.007764364592730999
v,-0.002182959346100688, 0.010783245787024498, -0.0037563189398497343
v,-0.0023363514337688684, 0.01086338795721531, 0.007578723132610321
v,-0.0025212413165718317, 0.010959984734654427, 0.007672964129596949
v,-0.002182959346100688, 0.010783245787024498, -0.0037563189398497343
v,-0.0021406742744147778, 0.010761154815554619, 0.007481642998754978
v,-0.0023363514337688684, 0.01086338795721531, 0.007578723132610321
v,-0.002182959346100688, 0.010783245787024498, -0.0037563189398497343
v,-0.0019342104205861688, 0.010653285309672356, 0.007381722796708345
v,-0.0021406742744147778, 0.010761154815554619, 0.007481642998754978
v,-0.002182959346100688, 0.010783245787024498, -0.0037563189398497343
v,-0.0017169592902064323, 0.010539781302213669, 0.00727896299213171
v,-0.0019342104205861688, 0.010653285309672356, 0.007381722796708345
v,-0.002182959346100688, 0.010783245787024498, -0.0037563189398497343
v,-0.0014900005189701915, 0.010421204380691051, 0.007174985483288765
v,-0.0017169592902064323, 0.010539781302213669, 0.00727896299213171
v,-0.002182959346100688, 0.010783245787024498, -0.0037563189398497343
v,-0.001254411181434989, 0.01029811892658472, 0.007071414031088352
v,-0.0014900005189701915, 0.010421204380691051, 0.007174985483288765
v,-0.002182959346100688, 0.010783245787024498, -0.0037563189398497343
v,-0.0010101929074153304, 0.010170524939894676, 0.0069682481698691845
v,-0.001254411181434989, 0.01029811892658472, 0.007071414031088352
v,-0.002182959346100688, 0.010783245787024498, -0.0037563189398497343
v,-0.0007573449984192848, 0.010038422420620918, 0.006865488365292549
v,-0.0010101929074153304, 0.010170524939894676, 0.0069682481698691845
v,-0.0010542036034166813, 0.010193518362939358, 0.005941175390034914
v,-0.0010542036034166813, 0.010193518362939358, 0.005941175390034914
v,-0.0010101929074153304, 0.010170524939894676, 0.0069682481698691845
v,-0.002182959346100688, 0.010783245787024498, -0.0037563189398497343
v,-0.0004958672798238695, 0.009901811368763447, 0.0067631336860358715
v,-0.0007573449984192848, 0.010038422420620918, 0.006865488365292549
v,-0.0010542036034166813, 0.010193518362939358, 0.005941175390034914
v,-0.00022575991170015186, 0.009760690852999687, 0.006661185063421726
v,-0.0004958672798238695, 0.009901811368763447, 0.0067631336860358715
v,-0.0010542036034166813, 0.010193518362939358, 0.005941175390034914
v,5.297719326335937e-05, 0.009615062735974789, 0.006559642497450113
v,-0.00022575991170015186, 0.009760690852999687, 0.006661185063421726
v,-0.0010542036034166813, 0.010193518362939358, 0.005941175390034914
v,0.0003403440350666642, 0.009464925155043602, 0.006458505056798458
v,5.297719326335937e-05, 0.009615062735974789, 0.006559642497450113
v,-0.0010542036034166813, 0.010193518362939358, 0.005941175390034914
v,0.0006363406428135931, 0.009310279041528702, 0.006357773207128048
v,0.0003403440350666642, 0.009464925155043602, 0.006458505056798458
v,-0.0010542036034166813, 0.010193518362939358, 0.005941175390034914
v,0.0009409668273292482, 0.009151124395430088, 0.00625744741410017
v,0.0006363406428135931, 0.009310279041528702, 0.006357773207128048
v,-0.0010542036034166813, 0.010193518362939358, 0.005941175390034914
v,0.0012542229378595948, 0.00898746121674776, 0.006157527677714825
v,0.0009409668273292482, 0.009151124395430088, 0.00625744741410017
v,-0.0010542036034166813, 0.010193518362939358, 0.005941175390034914
v,0.0015761086251586676, 0.00881928950548172, 0.006058013066649437
v,0.0012542229378595948, 0.00898746121674776, 0.006157527677714825
v,-0.0010542036034166813, 0.010193518362939358, 0.005941175390034914
v,0.0026634421665221453, 0.008251202292740345, 0.00573086878284812
v,0.0015761086251586676, 0.00881928950548172, 0.006058013066649437
v,-0.0010542036034166813, 0.010193518362939358, 0.005941175390034914
v,0.0026634421665221453, 0.008251202292740345, 0.00573086878284812
v,-0.0010542036034166813, 0.010193518362939358, 0.005941175390034914
v,-0.0010163771221414208, 0.010173755697906017, 0.005918457172811031
v,-0.001044855802319944, 0.010188634507358074, 0.005835535004734993
v,-0.0010542036034166813, 0.010193518362939358, 0.005941175390034914
v,-0.002182959346100688, 0.010783245787024498, -0.0037563189398497343
v,0.0026634421665221453, 0.008251202292740345, 0.00573086878284812
v,-0.0010163771221414208, 0.010173755697906017, 0.005918457172811031
v,-0.0009650306310504675, 0.010146928951144218, 0.005889248102903366
v,0.0026634421665221453, 0.008251202292740345, 0.00573086878284812
v,-0.0009650306310504675, 0.010146928951144218, 0.005889248102903366
v,-0.0009001642465591431, 0.010113039053976536, 0.005853548180311918
v,0.0026634421665221453, 0.008251202292740345, 0.00573086878284812
v,-0.0009001642465591431, 0.010113039053976536, 0.005853548180311918
v,-0.0008217787253670394, 0.01007208600640297, 0.0058113569393754005
v,-0.0010306169278919697, 0.010181195102632046, 0.005701659247279167
v,-0.001044855802319944, 0.010188634507358074, 0.005835535004734993
v,-0.002182959346100688, 0.010783245787024498, -0.0037563189398497343
v,0.0026634421665221453, 0.008251202292740345, 0.00573086878284812
v,-0.0008217787253670394, 0.01007208600640297, 0.0058113569393754005
v,-0.0007298731943592429, 0.010024068877100945, 0.0057626748457551
v,0.0026634421665221453, 0.008251202292740345, 0.00573086878284812
v,-0.0007298731943592429, 0.010024068877100945, 0.0057626748457551
v,-0.0006244476535357535, 0.009968988597393036, 0.00570750143378973
v,0.0030051760841161013, 0.008072661235928535, 0.004141881596297026
v,0.0026634421665221453, 0.008251202292740345, 0.00573086878284812
v,-0.0006244476535357535, 0.009968988597393036, 0.00570750143378973
v,0.0030051760841161013, 0.008072661235928535, 0.004141881596297026
v,-0.0006244476535357535, 0.009968988597393036, 0.00570750143378973
v,-0.0005055021611042321, 0.009906845167279243, 0.005645837169140577
v,-0.0010114876786246896, 0.010171201080083847, 0.005539547186344862
v,-0.0010306169278919697, 0.010181195102632046, 0.005701659247279167
v,-0.002182959346100688, 0.010783245787024498, -0.0037563189398497343
v,0.0030051760841161013, 0.008072661235928535, 0.004141881596297026
v,-0.0005055021611042321, 0.009906845167279243, 0.005645837169140577
v,-0.0003730375610757619, 0.009837637655436993, 0.005577682517468929
v,0.0030051760841161013, 0.008072661235928535, 0.004141881596297026
v,-0.0003730375610757619, 0.009837637655436993, 0.005577682517468929
v,-0.00022705295123159885, 0.009761366993188858, 0.005503036547452211
v,-0.0009874682873487473, 0.010158652439713478, 0.005349200218915939
v,-0.0010114876786246896, 0.010171201080083847, 0.005539547186344862
v,-0.002182959346100688, 0.010783245787024498, -0.0037563189398497343
v,0.0030051760841161013, 0.008072661235928535, 0.004141881596297026
v,-0.00022705295123159885, 0.009761366993188858, 0.005503036547452211
v,-6.754836795153096e-05, 0.009678032249212265, 0.005421899724751711
v,0.0030051760841161013, 0.008072661235928535, 0.004141881596297026
v,-6.754836795153096e-05, 0.009678032249212265, 0.005421899724751711
v,0.00010547617421252653, 0.009587633423507214, 0.005334272049367428
v,-0.0009585586376488209, 0.010143548250198364, 0.005130616948008537
v,-0.0009874682873487473, 0.010158652439713478, 0.005349200218915939
v,-0.002182959346100688, 0.010783245787024498, -0.0037563189398497343
v,0.0030051760841161013, 0.008072661235928535, 0.004141881596297026
v,0.00010547617421252653, 0.009587633423507214, 0.005334272049367428
v,0.00029201986035332084, 0.009490172378718853, 0.005240152589976788
v,0.0030051760841161013, 0.008072661235928535, 0.004141881596297026
v,0.00029201986035332084, 0.009490172378718853, 0.005240152589976788
v,0.002808420918881893, 0.008175456896424294, 0.003966625314205885
v,-0.0009247595444321632, 0.01012588944286108, 0.004883798770606518
v,-0.0009585586376488209, 0.010143548250198364, 0.005130616948008537
v,-0.002182959346100688, 0.010783245787024498, -0.0037563189398497343
v,-0.0008860701927915215, 0.010105676017701626, 0.004608744289726019
v,-0.0009247595444321632, 0.01012588944286108, 0.004883798770606518
v,-0.002182959346100688, 0.010783245787024498, -0.0037563189398497343
v,-0.0008424905827268958, 0.010082907043397427, 0.004305453971028328
v,-0.0008860701927915215, 0.010105676017701626, 0.004608744289726019
v,-0.002182959346100688, 0.010783245787024498, -0.0037563189398497343
v,-0.000794020714238286, 0.010057583451271057, 0.003973928280174732
v,-0.0008424905827268958, 0.010082907043397427, 0.004305453971028328
v,-0.002182959346100688, 0.010783245787024498, -0.0037563189398497343
v,-0.0007406605873256922, 0.010029705241322517, 0.0036141667515039444
v,-0.000794020714238286, 0.010057583451271057, 0.003973928280174732
v,-0.002182959346100688, 0.010783245787024498, -0.0037563189398497343
v,-0.0006824102019891143, 0.009999271482229233, 0.0032261693850159645
v,-0.0007406605873256922, 0.010029705241322517, 0.0036141667515039444
v,-0.002182959346100688, 0.010783245787024498, -0.0037563189398497343
v,-0.0006192703731358051, 0.009966284036636353, 0.002809936413541436
v,-0.0006824102019891143, 0.009999271482229233, 0.0032261693850159645
v,-0.002182959346100688, 0.010783245787024498, -0.0037563189398497343
v,0.0004991302848793566, 0.009381965734064579, -0.004620914813131094
v,-0.0006192703731358051, 0.009966284036636353, 0.002809936413541436
v,-0.002182959346100688, 0.010783245787024498, -0.0037563189398497343
v,0.0004991302848793566, 0.009381965734064579, -0.004620914813131094
v,-0.002182959346100688, 0.010783245787024498, -0.0037563189398497343
v,-0.0021316849160939455, 0.010756457224488258, -0.004101394675672054
v,0.0004991302848793566, 0.009381965734064579, -0.004620914813131094
v,-0.0021316849160939455, 0.010756457224488258, -0.004101394675672054
v,-0.0020848687272518873, 0.010731997899711132, -0.004423914011567831
v,0.0004991302848793566, 0.009381965734064579, -0.004620914813131094
v,-0.0020848687272518873, 0.010731997899711132, -0.004423914011567831
v,-0.0020425119437277317, 0.010709867812693119, -0.0047238776460289955
v,0.0005485350848175585, 0.009356153197586536, -0.00493653817102313
v,0.0004991302848793566, 0.009381965734064579, -0.004620914813131094
v,-0.0020425119437277317, 0.010709867812693119, -0.0047238776460289955
v,0.0005485350848175585, 0.009356153197586536, -0.00493653817102313
v,-0.0020425119437277317, 0.010709867812693119, -0.0047238776460289955
v,-0.0020046134013682604, 0.010690067894756794, -0.005001284647732973
v,0.0005966449971310794, 0.00933101773262024, -0.005229118280112743
v,0.0005485350848175585, 0.009356153197586536, -0.00493653817102313
v,-0.0020046134013682604, 0.010690067894756794, -0.005001284647732973
v,0.0005966449971310794, 0.00933101773262024, -0.005229118280112743
v,-0.0020046134013682604, 0.010690067894756794, -0.005001284647732973
v,-0.001971173333004117, 0.010672596283257008, -0.005256136413663626
v,0.0006434610695578158, 0.009306558407843113, -0.00549865560606122
v,0.0005966449971310794, 0.00933101773262024, -0.005229118280112743
v,-0.001971173333004117, 0.010672596283257008, -0.005256136413663626
v,0.0006434610695578158, 0.009306558407843113, -0.00549865560606122
v,-0.001971173333004117, 0.010672596283257008, -0.005256136413663626
v,-0.0019421925535425544, 0.010657455772161484, -0.0054884315468370914
v,0.0006434610695578158, 0.009306558407843113, -0.00549865560606122
v,-0.0019421925535425544, 0.010657455772161484, -0.0054884315468370914
v,-0.0019176702480763197, 0.010644643567502499, -0.005698170978575945
v,0.0006889824871905148, 0.009282775223255157, -0.0057451496832072735
v,0.0006434610695578158, 0.009306558407843113, -0.00549865560606122
v,-0.0019176702480763197, 0.010644643567502499, -0.005698170978575945
v,0.0006889824871905148, 0.009282775223255157, -0.0057451496832072735
v,-0.0019176702480763197, 0.010644643567502499, -0.005698170978575945
v,-0.0018976061837747693, 0.010634160600602627, -0.0058853537775576115
v,0.0007332090171985328, 0.009259669110178947, -0.005968600977212191
v,0.0006889824871905148, 0.009282775223255157, -0.0057451496832072735
v,-0.0018976061837747693, 0.010634160600602627, -0.0058853537775576115
v,0.0007332090171985328, 0.009259669110178947, -0.005968600977212191
v,-0.0018976061837747693, 0.010634160600602627, -0.0058853537775576115
v,-0.0018820005934685469, 0.010626007802784443, -0.006049980875104666
v,0.0007761417073197663, 0.009237238205969334, -0.006169009022414684
v,0.0007332090171985328, 0.009259669110178947, -0.005968600977212191
v,-0.0018820005934685469, 0.010626007802784443, -0.006049980875104666
v,0.0007761417073197663, 0.009237238205969334, -0.006169009022414684
v,-0.0018820005934685469, 0.010626007802784443, -0.006049980875104666
v,-0.0018708541756495833, 0.010620184242725372, -0.006192051339894533
v,0.0008177795098163188, 0.009215484373271465, -0.006346374284476042
v,0.0007761417073197663, 0.009237238205969334, -0.006169009022414684
v,-0.0018708541756495833, 0.010620184242725372, -0.006192051339894533
v,0.0008177795098163188, 0.009215484373271465, -0.006346374284476042
v,-0.0018708541756495833, 0.010620184242725372, -0.006192051339894533
v,-0.001864166115410626, 0.010616689920425415, -0.006311566103249788
v,0.0008177795098163188, 0.009215484373271465, -0.006346374284476042
v,-0.001864166115410626, 0.010616689920425415, -0.006311566103249788
v,-0.001861937460489571, 0.010615524835884571, -0.006408525165170431
v,0.0008581226575188339, 0.009194406680762768, -0.006500696763396263
v,0.0008177795098163188, 0.009215484373271465, -0.006346374284476042
v,-0.001861937460489571, 0.010615524835884571, -0.006408525165170431
v,0.0008581226575188339, 0.009194406680762768, -0.006500696763396263
v,-0.001861937460489571, 0.010615524835884571, -0.006408525165170431
v,-0.0018642389914020896, 0.010616728104650974, -0.006488283164799213
v,0.0008581226575188339, 0.009194406680762768, -0.006500696763396263
v,-0.0018642389914020896, 0.010616728104650974, -0.006488283164799213
v,-0.001871143002063036, 0.01062033511698246, -0.006563984323292971
v,0.0008971719653345644, 0.009174005128443241, -0.006631976459175348
v,0.0008581226575188339, 0.009194406680762768, -0.006500696763396263
v,-0.001871143002063036, 0.01062033511698246, -0.006563984323292971
v,0.0008971719653345644, 0.009174005128443241, -0.006631976459175348
v,-0.001871143002063036, 0.01062033511698246, -0.006563984323292971
v,-0.0018826492596417665, 0.010626346804201603, -0.006635628174990416
v,0.000934926385525614, 0.009154279716312885, -0.006740213371813297
v,0.0008971719653345644, 0.009174005128443241, -0.006631976459175348
v,-0.0018826492596417665, 0.010626346804201603, -0.006635628174990416
v,0.000934926385525614, 0.009154279716312885, -0.006740213371813297
v,-0.0018826492596417665, 0.010626346804201603, -0.006635628174990416
v,-0.0018987578805536032, 0.010634762234985828, -0.0067032151855528355
v,0.000934926385525614, 0.009154279716312885, -0.006740213371813297
v,-0.0018987578805536032, 0.010634762234985828, -0.0067032151855528355
v,-0.0019194688647985458, 0.010645583271980286, -0.00676674535498023
v,0.0009713870822452009, 0.0091352304443717, -0.00682540750131011
v,0.000934926385525614, 0.009154279716312885, -0.006740213371813297
v,-0.0019194688647985458, 0.010645583271980286, -0.00676674535498023
v,0.0009713870822452009, 0.0091352304443717, -0.00682540750131011
v,-0.0019194688647985458, 0.010645583271980286, -0.00676674535498023
v,-0.0019447822123765945, 0.010658808052539825, -0.0068262191489338875
v,0.0010065528331324458, 0.00911685824394226, -0.0068875583820044994
v,0.0009713870822452009, 0.0091352304443717, -0.00682540750131011
v,-0.0019447822123765945, 0.010658808052539825, -0.0068262191489338875
v,0.0010065528331324458, 0.00911685824394226, -0.0068875583820044994
v,-0.0019447822123765945, 0.010658808052539825, -0.0068262191489338875
v,-0.0019746979232877493, 0.010674437507987022, -0.006881635636091232
v,0.0010065528331324458, 0.00911685824394226, -0.0068875583820044994
v,-0.0019746979232877493, 0.010674437507987022, -0.006881635636091232
v,-0.002009216696023941, 0.010692472569644451, -0.006932995282113552
v,0.0010604168055579066, 0.009088716469705105, -0.006952873896807432
v,0.0010065528331324458, 0.00911685824394226, -0.0068875583820044994
v,-0.002009216696023941, 0.010692472569644451, -0.006932995282113552
v,0.0010604168055579066, 0.009088716469705105, -0.006952873896807432
v,-0.002009216696023941, 0.010692472569644451, -0.006932995282113552
v,-0.002048337832093239, 0.010712912306189537, -0.006980298087000847
v,0.0011253543198108673, 0.009054789319634438, -0.007012509275227785
v,0.0010604168055579066, 0.009088716469705105, -0.006952873896807432
v,-0.002048337832093239, 0.010712912306189537, -0.006980298087000847
v,0.0011253543198108673, 0.009054789319634438, -0.007012509275227785
v,-0.002048337832093239, 0.010712912306189537, -0.006980298087000847
v,-0.0020920615643262863, 0.010735755786299706, -0.007023544050753117
v,0.0012013671221211553, 0.009015075862407684, -0.007066465448588133
v,0.0011253543198108673, 0.009054789319634438, -0.007012509275227785
v,-0.0020920615643262863, 0.010735755786299706, -0.007023544050753117
v,0.0012013671221211553, 0.009015075862407684, -0.007066465448588133
v,-0.0020920615643262863, 0.010735755786299706, -0.007023544050753117
v,-0.002140387427061796, 0.010761003941297531, -0.007062733639031649
v,0.0012013671221211553, 0.009015075862407684, -0.007066465448588133
v,-0.002140387427061796, 0.010761003941297531, -0.007062733639031649
v,-0.002193315653130412, 0.010788656771183014, -0.007097865454852581
v,0.0012884543975815177, 0.008969576098024845, -0.007114741951227188
v,0.0012013671221211553, 0.009015075862407684, -0.007066465448588133
v,-0.002193315653130412, 0.010788656771183014, -0.007097865454852581
v,0.0012884543975815177, 0.008969576098024845, -0.007114741951227188
v,-0.002193315653130412, 0.010788656771183014, -0.007097865454852581
v,-0.002255880506709218, 0.010821344330906868, -0.00712959049269557
v,0.0013866160297766328, 0.008918290957808495, -0.007157338783144951
v,0.0012884543975815177, 0.008969576098024845, -0.007114741951227188
v,-0.002255880506709218, 0.010821344330906868, -0.00712959049269557
v,0.0013866160297766328, 0.008918290957808495, -0.007157338783144951
v,-0.002255880506709218, 0.010821344330906868, -0.00712959049269557
v,-0.0023331153206527233, 0.010861695744097233, -0.007158556487411261
v,0.0014958529500290751, 0.008861218579113483, -0.007194255944341421
v,0.0013866160297766328, 0.008918290957808495, -0.007157338783144951
v,-0.0023331153206527233, 0.010861695744097233, -0.007158556487411261
v,0.0014958529500290751, 0.008861218579113483, -0.007194255944341421
v,-0.0023331153206527233, 0.010861695744097233, -0.007158556487411261
v,-0.002425020793452859, 0.010909712873399258, -0.007184763438999653
v,0.0014958529500290751, 0.008861218579113483, -0.007194255944341421
v,-0.002425020793452859, 0.010909712873399258, -0.007184763438999653
v,-0.0025315971579402685, 0.010965394787490368, -0.007208212278783321
v,0.0016161644598469138, 0.008798360824584961, -0.007225493900477886
v,0.0014958529500290751, 0.008861218579113483, -0.007194255944341421
v,-0.0025315971579402685, 0.010965394787490368, -0.007208212278783321
v,0.0016161644598469138, 0.008798360824584961, -0.007225493900477886
v,-0.0025315971579402685, 0.010965394787490368, -0.007208212278783321
v,-0.002652843249961734, 0.011028740555047989, -0.0072289020754396915
v,0.0017475500935688615, 0.008729717694222927, -0.007251052185893059
v,0.0016161644598469138, 0.008798360824584961, -0.007225493900477886
v,-0.002652843249961734, 0.011028740555047989, -0.0072289020754396915
v,0.0017475500935688615, 0.008729717694222927, -0.007251052185893059
v,-0.002652843249961734, 0.011028740555047989, -0.0072289020754396915
v,-0.002788760233670473, 0.01109975203871727, -0.007246832828968763
v,0.0017475500935688615, 0.008729717694222927, -0.007251052185893059
v,-0.002788760233670473, 0.01109975203871727, -0.007246832828968763
v,-0.0029393471777439117, 0.011178427375853062, -0.007262005936354399
v,0.00189001124817878, 0.008655287325382233, -0.007270930800586939
v,0.0017475500935688615, 0.008729717694222927, -0.007251052185893059
v,-0.0029393471777439117, 0.011178427375853062, -0.007262005936354399
v,0.00189001124817878, 0.008655287325382233, -0.007270930800586939
v,-0.0029393471777439117, 0.011178427375853062, -0.007262005936354399
v,-0.0031046050135046244, 0.011264767497777939, -0.007274420000612736
v,0.002043546875938773, 0.008575071580708027, -0.007285129278898239
v,0.00189001124817878, 0.008655287325382233, -0.007270930800586939
v,-0.0031046050135046244, 0.011264767497777939, -0.007274420000612736
v,0.002043546875938773, 0.008575071580708027, -0.007285129278898239
v,-0.0031046050135046244, 0.011264767497777939, -0.007274420000612736
v,-0.0032845325767993927, 0.011358772404491901, -0.007284075021743774
v,0.002043546875938773, 0.008575071580708027, -0.007285129278898239
v,-0.0032845325767993927, 0.011358772404491901, -0.007284075021743774
v,-0.003479131031781435, 0.01146044209599495, -0.007290971931070089
v,0.002208156744018197, 0.008489069528877735, -0.007293648552149534
v,0.002043546875938773, 0.008575071580708027, -0.007285129278898239
v,-0.003479131031781435, 0.01146044209599495, -0.007290971931070089
v,0.002208156744018197, 0.008489069528877735, -0.007293648552149534
v,-0.003479131031781435, 0.01146044209599495, -0.007290971931070089
v,-0.0036883996799588203, 0.011569776572287083, -0.007295109331607819
v,0.0023838419001549482, 0.008397281169891357, -0.007296488620340824
v,0.002208156744018197, 0.008489069528877735, -0.007293648552149534
v,-0.0036883996799588203, 0.011569776572287083, -0.007295109331607819
v,0.0023838419001549482, 0.008397281169891357, -0.007296488620340824
v,-0.0036883996799588203, 0.011569776572287083, -0.007295109331607819
v,-0.003912338521331549, 0.011686774902045727, -0.007296488620340824
v,0.0036057985853403807, 0.007758860010653734, -0.0081260334700346
v,0.0035540203098207712, 0.00778591213747859, -0.007296488620340824
v,0.0023838419001549482, 0.008397281169891357, -0.007296488620340824
v,0.0036057985853403807, 0.007758860010653734, -0.0081260334700346
v,0.0023838419001549482, 0.008397281169891357, -0.007296488620340824
v,-0.003912338521331549, 0.011686774902045727, -0.007296488620340824
v,0.0036057985853403807, 0.007758860010653734, -0.0081260334700346
v,-0.003912338521331549, 0.011686774902045727, -0.007296488620340824
v,-0.0047718496061861515, 0.012135833501815796, -0.007296488620340824
v,0.0036057985853403807, 0.007758860010653734, -0.0081260334700346
v,-0.0047718496061861515, 0.012135833501815796, -0.007296488620340824
v,0.0032982956618070602, 0.00791951734572649, -0.00810737069696188
v,0.0032982956618070602, 0.00791951734572649, -0.00810737069696188
v,-0.0047718496061861515, 0.012135833501815796, -0.007296488620340824
v,0.002983313985168934, 0.008084082044661045, -0.00809033215045929
v,0.002983313985168934, 0.008084082044661045, -0.00809033215045929
v,-0.0047718496061861515, 0.012135833501815796, -0.007296488620340824
v,0.002660853322595358, 0.008252554573118687, -0.00807491596788168
v,0.002660853322595358, 0.008252554573118687, -0.00807491596788168
v,-0.0047718496061861515, 0.012135833501815796, -0.007296488620340824
v,0.0023309136740863323, 0.00842493399977684, -0.00806112214922905
v,0.0023309136740863323, 0.00842493399977684, -0.00806112214922905
v,-0.0047718496061861515, 0.012135833501815796, -0.007296488620340824
v,0.001993495272472501, 0.00860122125595808, -0.00804895255714655
v,0.001993495272472501, 0.00860122125595808, -0.00804895255714655
v,-0.0047718496061861515, 0.012135833501815796, -0.007296488620340824
v,0.0016485975356772542, 0.008781416341662407, -0.008038404397666454
v,0.0016485975356772542, 0.008781416341662407, -0.008038404397666454
v,-0.0047718496061861515, 0.012135833501815796, -0.007296488620340824
v,0.0012962212786078453, 0.008965518325567245, -0.008029479533433914
v,0.0012962212786078453, 0.008965518325567245, -0.008029479533433914
v,-0.0047718496061861515, 0.012135833501815796, -0.007296488620340824
v,0.0009363651042804122, 0.00915352813899517, -0.008022177033126354
v,0.0009363651042804122, 0.00915352813899517, -0.008022177033126354
v,-0.0047718496061861515, 0.012135833501815796, -0.007296488620340824
v,0.0005690300604328513, 0.009345445781946182, -0.008016497828066349
v,0.0005690300604328513, 0.009345445781946182, -0.008016497828066349
v,-0.0047718496061861515, 0.012135833501815796, -0.007296488620340824
v,0.00019421604520175606, 0.009541270323097706, -0.008012440986931324
v,0.00019421604520175606, 0.009541270323097706, -0.008012440986931324
v,-0.0047718496061861515, 0.012135833501815796, -0.007296488620340824
v,-0.00018807682499755174, 0.009741002693772316, -0.008010007441043854
v,-0.00018807682499755174, 0.009741002693772316, -0.008010007441043854
v,-0.0047718496061861515, 0.012135833501815796, -0.007296488620340824
v,-0.0005778486374765635, 0.009944641962647438, -0.008009196259081364
v,-0.0005778486374765635, 0.009944641962647438, -0.008009196259081364
v,-0.0047718496061861515, 0.012135833501815796, -0.007296488620340824
v,-0.0007026912644505501, 0.010009867139160633, -0.008010009303689003
v,-0.0007026912644505501, 0.010009867139160633, -0.008010009303689003
v,-0.0047718496061861515, 0.012135833501815796, -0.007296488620340824
v,-0.0008666542125865817, 0.01009553112089634, -0.008012442849576473
v,-0.0008666542125865817, 0.01009553112089634, -0.008012442849576473
v,-0.0047718496061861515, 0.012135833501815796, -0.007296488620340824
v,-0.001069738413207233, 0.010201633907854557, -0.008016499690711498
v,-0.001069738413207233, 0.010201633907854557, -0.008016499690711498
v,-0.0047718496061861515, 0.012135833501815796, -0.007296488620340824
v,-0.0013119429349899292, 0.010328175500035286, -0.008022178895771503
v,-0.0013119429349899292, 0.010328175500035286, -0.008022178895771503
v,-0.0047718496061861515, 0.012135833501815796, -0.007296488620340824
v,-0.001593268709257245, 0.0104751568287611, -0.008029481396079063
v,-0.001593268709257245, 0.0104751568287611, -0.008029481396079063
v,-0.0047718496061861515, 0.012135833501815796, -0.007296488620340824
v,-0.0019137157360091805, 0.010642576962709427, -0.008038406260311604
v,-0.0019137157360091805, 0.010642576962709427, -0.008038406260311604
v,-0.0047718496061861515, 0.012135833501815796, -0.007296488620340824
v,-0.002273283898830414, 0.010830436833202839, -0.008048954419791698
v,-0.002273283898830414, 0.010830436833202839, -0.008048954419791698
v,-0.0047718496061861515, 0.012135833501815796, -0.007296488620340824
v,-0.002671972382813692, 0.011038734577596188, -0.008061124943196774
v,-0.002671972382813692, 0.011038734577596188, -0.008061124943196774
v,-0.0047718496061861515, 0.012135833501815796, -0.007296488620340824
v,-0.003109782235696912, 0.011267472058534622, -0.008074917830526829
v,-0.003109782235696912, 0.011267472058534622, -0.008074917830526829
v,-0.0047718496061861515, 0.012135833501815796, -0.007296488620340824
v,-0.0035867132246494293, 0.011516649276018143, -0.008090334013104439
v,-0.0035867132246494293, 0.011516649276018143, -0.008090334013104439
v,-0.0047718496061861515, 0.012135833501815796, -0.007296488620340824
v,-0.004102765116840601, 0.011786265298724174, -0.008107372559607029
v,-0.004102765116840601, 0.011786265298724174, -0.008107372559607029
v,-0.0047718496061861515, 0.012135833501815796, -0.007296488620340824
v,-0.004657938610762358, 0.012076320126652718, -0.0081260334700346
v,-0.0020225858315825462, 0.014331888407468796, 0.008253135718405247
v,-0.002504334319382906, 0.014583582058548927, 0.007997511886060238
v,-0.0021211784332990646, 0.014383398927748203, 0.008324656635522842
v,-0.0019132051384076476, 0.014274741522967815, 0.008178772404789925
v,-0.002504334319382906, 0.014583582058548927, 0.007997511886060238
v,-0.0020225858315825462, 0.014331888407468796, 0.008253135718405247
v,-0.0017930372850969434, 0.014211959205567837, 0.008101570419967175
v,-0.002504334319382906, 0.014583582058548927, 0.007997511886060238
v,-0.0019132051384076476, 0.014274741522967815, 0.008178772404789925
v,-0.001662082620896399, 0.014143540523946285, 0.008021528832614422
v,-0.002504334319382906, 0.014583582058548927, 0.007997511886060238
v,-0.0017930372850969434, 0.014211959205567837, 0.008101570419967175
v,-0.0015203404473140836, 0.014069486409425735, 0.007938647642731667
v,-0.002504334319382906, 0.014583582058548927, 0.007997511886060238
v,-0.001662082620896399, 0.014143540523946285, 0.008021528832614422
v,-0.0015203404473140836, 0.014069486409425735, 0.007938647642731667
v,-0.0006921112071722746, 0.013636770658195019, -0.003756319172680378
v,-0.002504334319382906, 0.014583582058548927, 0.007997511886060238
v,-0.0013678119285032153, 0.013989795930683613, 0.007852925918996334
v,-0.0006921112071722746, 0.013636770658195019, -0.003756319172680378
v,-0.0015203404473140836, 0.014069486409425735, 0.007938647642731667
v,-0.001204495900310576, 0.013904470950365067, 0.007764364592730999
v,-0.0006921112071722746, 0.013636770658195019, -0.003756319172680378
v,-0.0013678119285032153, 0.013989795930683613, 0.007852925918996334
v,-0.0010303932940587401, 0.013813509605824947, 0.007672964129596949
v,-0.0006921112071722746, 0.013636770658195019, -0.003756319172680378
v,-0.001204495900310576, 0.013904470950365067, 0.007764364592730999
v,-0.0008455034112557769, 0.013716911897063255, 0.007578723132610321
v,-0.0006921112071722746, 0.013636770658195019, -0.003756319172680378
v,-0.0010303932940587401, 0.013813509605824947, 0.007672964129596949
v,-0.0006498261354863644, 0.013614678755402565, 0.007481642998754978
v,-0.0006921112071722746, 0.013636770658195019, -0.003756319172680378
v,-0.0008455034112557769, 0.013716911897063255, 0.007578723132610321
v,-0.00044336242717690766, 0.013506810180842876, 0.007381722796708345
v,-0.0006921112071722746, 0.013636770658195019, -0.003756319172680378
v,-0.0006498261354863644, 0.013614678755402565, 0.007481642998754978
v,-0.00022611129679717124, 0.013393305242061615, 0.00727896299213171
v,-0.0006921112071722746, 0.013636770658195019, -0.003756319172680378
v,-0.00044336242717690766, 0.013506810180842876, 0.007381722796708345
v,8.474721653328743e-07, 0.013274728320538998, 0.007174985483288765
v,-0.0006921112071722746, 0.013636770658195019, -0.003756319172680378
v,-0.00022611129679717124, 0.013393305242061615, 0.00727896299213171
v,0.00023643687018193305, 0.013151642866432667, 0.007071414031088352
v,-0.0006921112071722746, 0.013636770658195019, -0.003756319172680378
v,8.474721653328743e-07, 0.013274728320538998, 0.007174985483288765
v,0.0004806550859939307, 0.013024048879742622, 0.0069682481698691845
v,-0.0006921112071722746, 0.013636770658195019, -0.003756319172680378
v,0.00023643687018193305, 0.013151642866432667, 0.007071414031088352
v,0.0007335030240938067, 0.012891946360468864, 0.006865488365292549
v,0.00043664444820024073, 0.013047042302787304, 0.005941175390034914
v,0.0004806550859939307, 0.013024048879742622, 0.0069682481698691845
v,0.00043664444820024073, 0.013047042302787304, 0.005941175390034914
v,-0.0006921112071722746, 0.013636770658195019, -0.003756319172680378
v,0.0004806550859939307, 0.013024048879742622, 0.0069682481698691845
v,0.0009949806844815612, 0.012755335308611393, 0.0067631336860358715
v,0.00043664444820024073, 0.013047042302787304, 0.005941175390034914
v,0.0007335030240938067, 0.012891946360468864, 0.006865488365292549
v,0.0012650880962610245, 0.012614214792847633, 0.006661185063421726
v,0.00043664444820024073, 0.013047042302787304, 0.005941175390034914
v,0.0009949806844815612, 0.012755335308611393, 0.0067631336860358715
v,0.0015438252594321966, 0.012468586675822735, 0.006559642497450113
v,0.00043664444820024073, 0.013047042302787304, 0.005941175390034914
v,0.0012650880962610245, 0.012614214792847633, 0.006661185063421726
v,0.0018311920575797558, 0.012318449094891548, 0.006458505056798458
v,0.00043664444820024073, 0.013047042302787304, 0.005941175390034914
v,0.0015438252594321966, 0.012468586675822735, 0.006559642497450113
v,0.0021271887235343456, 0.012163802981376648, 0.006357773207128048
v,0.00043664444820024073, 0.013047042302787304, 0.005941175390034914
v,0.0018311920575797558, 0.012318449094891548, 0.006458505056798458
v,0.002431814791634679, 0.012004649266600609, 0.00625744741410017
v,0.00043664444820024073, 0.013047042302787304, 0.005941175390034914
v,0.0021271887235343456, 0.012163802981376648, 0.006357773207128048
v,0.0027450709603726864, 0.011840985156595707, 0.006157527677714825
v,0.00043664444820024073, 0.013047042302787304, 0.005941175390034914
v,0.002431814791634679, 0.012004649266600609, 0.00625744741410017
v,0.0030669565312564373, 0.011672813445329666, 0.006058013066649437
v,0.00043664444820024073, 0.013047042302787304, 0.005941175390034914
v,0.0027450709603726864, 0.011840985156595707, 0.006157527677714825
v,0.004154290072619915, 0.011104727163910866, 0.00573086878284812
v,0.00043664444820024073, 0.013047042302787304, 0.005941175390034914
v,0.0030669565312564373, 0.011672813445329666, 0.006058013066649437
v,0.004154290072619915, 0.011104727163910866, 0.00573086878284812
v,0.0004744709003716707, 0.013027279637753963, 0.005918457172811031
v,0.00043664444820024073, 0.013047042302787304, 0.005941175390034914
v,0.00044599222019314766, 0.01304215844720602, 0.005835535004734993
v,-0.0006921112071722746, 0.013636770658195019, -0.003756319172680378
v,0.00043664444820024073, 0.013047042302787304, 0.005941175390034914
v,0.004154290072619915, 0.011104727163910866, 0.00573086878284812
v,0.0005258173914626241, 0.01300045382231474, 0.005889248102903366
v,0.0004744709003716707, 0.013027279637753963, 0.005918457172811031
v,0.004154290072619915, 0.011104727163910866, 0.00573086878284812
v,0.0005906837759539485, 0.012966563925147057, 0.005853548180311918
v,0.0005258173914626241, 0.01300045382231474, 0.005889248102903366
v,0.004154290072619915, 0.011104727163910866, 0.00573086878284812
v,0.0006690692971460521, 0.012925609946250916, 0.0058113569393754005
v,0.0005906837759539485, 0.012966563925147057, 0.005853548180311918
v,0.00046023112372495234, 0.013034719973802567, 0.005701659247279167
v,-0.0006921112071722746, 0.013636770658195019, -0.003756319172680378
v,0.00044599222019314766, 0.01304215844720602, 0.005835535004734993
v,0.004154290072619915, 0.011104727163910866, 0.00573086878284812
v,0.0007609748281538486, 0.012877593748271465, 0.0057626748457551
v,0.0006690692971460521, 0.012925609946250916, 0.0058113569393754005
v,0.004154290072619915, 0.011104727163910866, 0.00573086878284812
v,0.0008664003689773381, 0.012822512537240982, 0.00570750143378973
v,0.0007609748281538486, 0.012877593748271465, 0.0057626748457551
v,0.004496023990213871, 0.010926185175776482, 0.004141881596297026
v,0.0008664003689773381, 0.012822512537240982, 0.00570750143378973
v,0.004154290072619915, 0.011104727163910866, 0.00573086878284812
v,0.004496023990213871, 0.010926185175776482, 0.004141881596297026
v,0.0009853459196165204, 0.01276036910712719, 0.005645837169140577
v,0.0008664003689773381, 0.012822512537240982, 0.00570750143378973
v,0.00047936031478457153, 0.013024725019931793, 0.005539547186344862
v,-0.0006921112071722746, 0.013636770658195019, -0.003756319172680378
v,0.00046023112372495234, 0.013034719973802567, 0.005701659247279167
v,0.004496023990213871, 0.010926185175776482, 0.004141881596297026
v,0.00111781049054116, 0.012691161595284939, 0.005577682517468929
v,0.0009853459196165204, 0.01276036910712719, 0.005645837169140577
v,0.004496023990213871, 0.010926185175776482, 0.004141881596297026
v,0.0012637950712814927, 0.012614890933036804, 0.005503036547452211
v,0.00111781049054116, 0.012691161595284939, 0.005577682517468929
v,0.0005033797351643443, 0.013012176379561424, 0.005349200218915939
v,-0.0006921112071722746, 0.013636770658195019, -0.003756319172680378
v,0.00047936031478457153, 0.013024725019931793, 0.005539547186344862
v,0.004496023990213871, 0.010926185175776482, 0.004141881596297026
v,0.0014232996618375182, 0.012531556189060211, 0.005421899724751711
v,0.0012637950712814927, 0.012614890933036804, 0.005503036547452211
v,0.004496023990213871, 0.010926185175776482, 0.004141881596297026
v,0.0015963241457939148, 0.012441158294677734, 0.005334272049367428
v,0.0014232996618375182, 0.012531556189060211, 0.005421899724751711
v,0.0005322893848642707, 0.01299707219004631, 0.005130616948008537
v,-0.0006921112071722746, 0.013636770658195019, -0.003756319172680378
v,0.0005033797351643443, 0.013012176379561424, 0.005349200218915939
v,0.004496023990213871, 0.010926185175776482, 0.004141881596297026
v,0.0017828678246587515, 0.0123436963185668, 0.005240152589976788
v,0.0015963241457939148, 0.012441158294677734, 0.005334272049367428
v,0.004496023990213871, 0.010926185175776482, 0.004141881596297026
v,0.0042992690578103065, 0.011028981767594814, 0.003966625314205885
v,0.0017828678246587515, 0.0123436963185668, 0.005240152589976788
v,0.0005660884780809283, 0.012979413382709026, 0.004883798770606518
v,-0.0006921112071722746, 0.013636770658195019, -0.003756319172680378
v,0.0005322893848642707, 0.01299707219004631, 0.005130616948008537
v,0.00060477782972157, 0.012959199957549572, 0.004608744289726019
v,-0.0006921112071722746, 0.013636770658195019, -0.003756319172680378
v,0.0005660884780809283, 0.012979413382709026, 0.004883798770606518
v,0.0006483574397861958, 0.012936430983245373, 0.004305453971028328
v,-0.0006921112071722746, 0.013636770658195019, -0.003756319172680378
v,0.00060477782972157, 0.012959199957549572, 0.004608744289726019
v,0.0006968273082748055, 0.012911107391119003, 0.003973928280174732
v,-0.0006921112071722746, 0.013636770658195019, -0.003756319172680378
v,0.0006483574397861958, 0.012936430983245373, 0.004305453971028328
v,0.0007501874351873994, 0.012883229181170464, 0.0036141665186733007
v,-0.0006921112071722746, 0.013636770658195019, -0.003756319172680378
v,0.0006968273082748055, 0.012911107391119003, 0.003973928280174732
v,0.0008084378205239773, 0.012852795422077179, 0.003226169152185321
v,-0.0006921112071722746, 0.013636770658195019, -0.003756319172680378
v,0.0007501874351873994, 0.012883229181170464, 0.0036141665186733007
v,0.0008715776493772864, 0.012819807976484299, 0.0028099361807107925
v,-0.0006921112071722746, 0.013636770658195019, -0.003756319172680378
v,0.0008084378205239773, 0.012852795422077179, 0.003226169152185321
v,0.001989978365600109, 0.012235489673912525, -0.004620914813131094
v,-0.0006921112071722746, 0.013636770658195019, -0.003756319172680378
v,0.0008715776493772864, 0.012819807976484299, 0.0028099361807107925
v,0.001989978365600109, 0.012235489673912525, -0.004620914813131094
v,-0.0006408367771655321, 0.013609981164336205, -0.004101394675672054
v,-0.0006921112071722746, 0.013636770658195019, -0.003756319172680378
v,0.001989978365600109, 0.012235489673912525, -0.004620914813131094
v,-0.0005940207629464567, 0.013585521839559078, -0.004423914011567831
v,-0.0006408367771655321, 0.013609981164336205, -0.004101394675672054
v,0.001989978365600109, 0.012235489673912525, -0.004620914813131094
v,-0.0005516638630069792, 0.01356339268386364, -0.0047238776460289955
v,-0.0005940207629464567, 0.013585521839559078, -0.004423914011567831
v,0.002039383165538311, 0.012209678068757057, -0.00493653817102313
v,-0.0005516638630069792, 0.01356339268386364, -0.0047238776460289955
v,0.001989978365600109, 0.012235489673912525, -0.004620914813131094
v,0.002039383165538311, 0.012209678068757057, -0.00493653817102313
v,-0.0005137654370628297, 0.01354359183460474, -0.005001284647732973
v,-0.0005516638630069792, 0.01356339268386364, -0.0047238776460289955
v,0.00208749296143651, 0.01218454260379076, -0.005229118280112743
v,-0.0005137654370628297, 0.01354359183460474, -0.005001284647732973
v,0.002039383165538311, 0.012209678068757057, -0.00493653817102313
v,0.00208749296143651, 0.01218454260379076, -0.005229118280112743
v,-0.00048032536869868636, 0.013526121154427528, -0.005256136413663626
v,-0.0005137654370628297, 0.01354359183460474, -0.005001284647732973
v,0.0021343091502785683, 0.012160082347691059, -0.00549865560606122
v,-0.00048032536869868636, 0.013526121154427528, -0.005256136413663626
v,0.00208749296143651, 0.01218454260379076, -0.005229118280112743
v,0.0021343091502785683, 0.012160082347691059, -0.00549865560606122
v,-0.00045134458923712373, 0.01351097971200943, -0.0054884315468370914
v,-0.00048032536869868636, 0.013526121154427528, -0.005256136413663626
v,0.0021343091502785683, 0.012160082347691059, -0.00549865560606122
v,-0.0004268221673555672, 0.013498167507350445, -0.005698170978575945
v,-0.00045134458923712373, 0.01351097971200943, -0.0054884315468370914
v,0.0021798305679112673, 0.012136300094425678, -0.0057451496832072735
v,-0.0004268221673555672, 0.013498167507350445, -0.005698170978575945
v,0.0021343091502785683, 0.012160082347691059, -0.00549865560606122
v,0.0021798305679112673, 0.012136300094425678, -0.0057451496832072735
v,-0.00040675810305401683, 0.013487684540450573, -0.0058853537775576115
v,-0.0004268221673555672, 0.013498167507350445, -0.005698170978575945
v,0.0022240569815039635, 0.012113193050026894, -0.005968600977212191
v,-0.00040675810305401683, 0.013487684540450573, -0.0058853537775576115
v,0.0021798305679112673, 0.012136300094425678, -0.0057451496832072735
v,0.0022240569815039635, 0.012113193050026894, -0.005968600977212191
v,-0.0003911525127477944, 0.013479531742632389, -0.006049980875104666
v,-0.00040675810305401683, 0.013487684540450573, -0.0058853537775576115
v,0.0022669897880405188, 0.01209076214581728, -0.006169009022414684
v,-0.0003911525127477944, 0.013479531742632389, -0.006049980875104666
v,0.0022240569815039635, 0.012113193050026894, -0.005968600977212191
v,0.0022669897880405188, 0.01209076214581728, -0.006169009022414684
v,-0.00038000609492883086, 0.013473708182573318, -0.006192051339894533
v,-0.0003911525127477944, 0.013479531742632389, -0.006049980875104666
v,0.0023086275905370712, 0.012069008313119411, -0.006346374284476042
v,-0.00038000609492883086, 0.013473708182573318, -0.006192051339894533
v,0.0022669897880405188, 0.01209076214581728, -0.006169009022414684
v,0.0023086275905370712, 0.012069008313119411, -0.006346374284476042
v,-0.00037331803468987346, 0.013470213860273361, -0.006311566103249788
v,-0.00038000609492883086, 0.013473708182573318, -0.006192051339894533
v,0.0023086275905370712, 0.012069008313119411, -0.006346374284476042
v,-0.0003710894088726491, 0.013469049707055092, -0.006408525165170431
v,-0.00037331803468987346, 0.013470213860273361, -0.006311566103249788
v,0.0023489706218242645, 0.012047930620610714, -0.006500696763396263
v,-0.0003710894088726491, 0.013469049707055092, -0.006408525165170431
v,0.0023086275905370712, 0.012069008313119411, -0.006346374284476042
v,0.0023489706218242645, 0.012047930620610714, -0.006500696763396263
v,-0.0003733909397851676, 0.01347025204449892, -0.006488283164799213
v,-0.0003710894088726491, 0.013469049707055092, -0.006408525165170431
v,0.0023489706218242645, 0.012047930620610714, -0.006500696763396263
v,-0.00038029495044611394, 0.013473859056830406, -0.006563984323292971
v,-0.0003733909397851676, 0.01347025204449892, -0.006488283164799213
v,0.002388020046055317, 0.012027529068291187, -0.006631976459175348
v,-0.00038029495044611394, 0.013473859056830406, -0.006563984323292971
v,0.0023489706218242645, 0.012047930620610714, -0.006500696763396263
v,0.002388020046055317, 0.012027529068291187, -0.006631976459175348
v,-0.00039180120802484453, 0.013479870744049549, -0.006635628174990416
v,-0.00038029495044611394, 0.013473859056830406, -0.006563984323292971
v,0.0024257744662463665, 0.012007803656160831, -0.006740213371813297
v,-0.00039180120802484453, 0.013479870744049549, -0.006635628174990416
v,0.002388020046055317, 0.012027529068291187, -0.006631976459175348
v,0.0024257744662463665, 0.012007803656160831, -0.006740213371813297
v,-0.00040790982893668115, 0.013488286174833775, -0.0067032151855528355
v,-0.00039180120802484453, 0.013479870744049549, -0.006635628174990416
v,0.0024257744662463665, 0.012007803656160831, -0.006740213371813297
v,-0.0004286208131816238, 0.013499107211828232, -0.00676674535498023
v,-0.00040790982893668115, 0.013488286174833775, -0.0067032151855528355
v,0.0024622350465506315, 0.011988755315542221, -0.00682540750131011
v,-0.0004286208131816238, 0.013499107211828232, -0.00676674535498023
v,0.0024257744662463665, 0.012007803656160831, -0.006740213371813297
v,0.0024622350465506315, 0.011988755315542221, -0.00682540750131011
v,-0.0004539341607596725, 0.013512331992387772, -0.0068262191489338875
v,-0.0004286208131816238, 0.013499107211828232, -0.00676674535498023
v,0.0024974008556455374, 0.011970382183790207, -0.0068875583820044994
v,-0.0004539341607596725, 0.013512331992387772, -0.0068262191489338875
v,0.0024622350465506315, 0.011988755315542221, -0.00682540750131011
v,0.0024974008556455374, 0.011970382183790207, -0.0068875583820044994
v,-0.00048384987167082727, 0.013527962379157543, -0.006881635636091232
v,-0.0004539341607596725, 0.013512331992387772, -0.0068262191489338875
v,0.0024974008556455374, 0.011970382183790207, -0.0068875583820044994
v,-0.0005183687317185104, 0.013545996509492397, -0.006932995282113552
v,-0.00048384987167082727, 0.013527962379157543, -0.006881635636091232
v,0.002551264828070998, 0.011942240409553051, -0.006952873896807432
v,-0.0005183687317185104, 0.013545996509492397, -0.006932995282113552
v,0.0024974008556455374, 0.011970382183790207, -0.0068875583820044994
v,0.002551264828070998, 0.011942240409553051, -0.006952873896807432
v,-0.0005574898677878082, 0.013566436246037483, -0.006980298087000847
v,-0.0005183687317185104, 0.013545996509492397, -0.006932995282113552
v,0.0026162024587392807, 0.011908313259482384, -0.007012509275227785
v,-0.0005574898677878082, 0.013566436246037483, -0.006980298087000847
v,0.002551264828070998, 0.011942240409553051, -0.006952873896807432
v,0.0026162024587392807, 0.011908313259482384, -0.007012509275227785
v,-0.0006012134836055338, 0.013589279726147652, -0.007023544050753117
v,-0.0005574898677878082, 0.013566436246037483, -0.006980298087000847
v,0.002692215144634247, 0.01186859980225563, -0.007066465448588133
v,-0.0006012134836055338, 0.013589279726147652, -0.007023544050753117
v,0.0026162024587392807, 0.011908313259482384, -0.007012509275227785
v,0.002692215144634247, 0.01186859980225563, -0.007066465448588133
v,-0.0006495393463410437, 0.013614527881145477, -0.007062733639031649
v,-0.0006012134836055338, 0.013589279726147652, -0.007023544050753117
v,0.002692215144634247, 0.01186859980225563, -0.007066465448588133
v,-0.0007024677470326424, 0.01364218071103096, -0.007097865454852581
v,-0.0006495393463410437, 0.013614527881145477, -0.007062733639031649
v,0.0027793024200946093, 0.011823100037872791, -0.007114741951227188
v,-0.0007024677470326424, 0.01364218071103096, -0.007097865454852581
v,0.002692215144634247, 0.01186859980225563, -0.007066465448588133
v,0.0027793024200946093, 0.011823100037872791, -0.007114741951227188
v,-0.0007650326006114483, 0.013674868270754814, -0.00712959049269557
v,-0.0007024677470326424, 0.01364218071103096, -0.007097865454852581
v,0.0028774640522897243, 0.01177181489765644, -0.007157338783144951
v,-0.0007650326006114483, 0.013674868270754814, -0.00712959049269557
v,0.0027793024200946093, 0.011823100037872791, -0.007114741951227188
v,0.0028774640522897243, 0.01177181489765644, -0.007157338783144951
v,-0.0008422672981396317, 0.013715220615267754, -0.007158556487411261
v,-0.0007650326006114483, 0.013674868270754814, -0.00712959049269557
v,0.0029867009725421667, 0.011714743450284004, -0.007194255944341421
v,-0.0008422672981396317, 0.013715220615267754, -0.007158556487411261
v,0.0028774640522897243, 0.01177181489765644, -0.007157338783144951
v,0.0029867009725421667, 0.011714743450284004, -0.007194255944341421
v,-0.0009341727709397674, 0.013763236813247204, -0.007184763438999653
v,-0.0008422672981396317, 0.013715220615267754, -0.007158556487411261
v,0.0029867009725421667, 0.011714743450284004, -0.007194255944341421
v,-0.001040749135427177, 0.013818918727338314, -0.007208212278783321
v,-0.0009341727709397674, 0.013763236813247204, -0.007184763438999653
v,0.0031070124823600054, 0.011651885695755482, -0.007225493900477886
v,-0.001040749135427177, 0.013818918727338314, -0.007208212278783321
v,0.0029867009725421667, 0.011714743450284004, -0.007194255944341421
v,0.0031070124823600054, 0.011651885695755482, -0.007225493900477886
v,-0.001161995343863964, 0.01388226542621851, -0.0072289020754396915
v,-0.001040749135427177, 0.013818918727338314, -0.007208212278783321
v,0.003238398116081953, 0.011583241634070873, -0.007251052185893059
v,-0.001161995343863964, 0.01388226542621851, -0.0072289020754396915
v,0.0031070124823600054, 0.011651885695755482, -0.007225493900477886
v,0.003238398116081953, 0.011583241634070873, -0.007251052185893059
v,-0.0012979123275727034, 0.013953275978565216, -0.007246832828968763
v,-0.001161995343863964, 0.01388226542621851, -0.0072289020754396915
v,0.003238398116081953, 0.011583241634070873, -0.007251052185893059
v,-0.001448499271646142, 0.014031951315701008, -0.007262005936354399
v,-0.0012979123275727034, 0.013953275978565216, -0.007246832828968763
v,0.0033808592706918716, 0.011508812196552753, -0.007270930800586939
v,-0.001448499271646142, 0.014031951315701008, -0.007262005936354399
v,0.003238398116081953, 0.011583241634070873, -0.007251052185893059
v,0.0033808592706918716, 0.011508812196552753, -0.007270930800586939
v,-0.0016137571074068546, 0.014118291437625885, -0.007274420000612736
v,-0.001448499271646142, 0.014031951315701008, -0.007262005936354399
v,0.003534394782036543, 0.011428595520555973, -0.007285129278898239
v,-0.0016137571074068546, 0.014118291437625885, -0.007274420000612736
v,0.0033808592706918716, 0.011508812196552753, -0.007270930800586939
v,0.003534394782036543, 0.011428595520555973, -0.007285129278898239
v,-0.001793684670701623, 0.014212296344339848, -0.007284075021743774
v,-0.0016137571074068546, 0.014118291437625885, -0.007274420000612736
v,0.003534394782036543, 0.011428595520555973, -0.007285129278898239
v,-0.0019882831256836653, 0.014313966035842896, -0.007290971931070089
v,-0.001793684670701623, 0.014212296344339848, -0.007284075021743774
v,0.003699004650115967, 0.011342594400048256, -0.007293648552149534
v,-0.0019882831256836653, 0.014313966035842896, -0.007290971931070089
v,0.003534394782036543, 0.011428595520555973, -0.007285129278898239
v,0.003699004650115967, 0.011342594400048256, -0.007293648552149534
v,-0.0021975517738610506, 0.014423300512135029, -0.007295109331607819
v,-0.0019882831256836653, 0.014313966035842896, -0.007290971931070089
v,0.003874689806252718, 0.011250806041061878, -0.007296488620340824
v,-0.0021975517738610506, 0.014423300512135029, -0.007295109331607819
v,0.003699004650115967, 0.011342594400048256, -0.007293648552149534
v,0.003874689806252718, 0.011250806041061878, -0.007296488620340824
v,-0.002421490615233779, 0.014540298841893673, -0.007296488620340824
v,-0.0021975517738610506, 0.014423300512135029, -0.007295109331607819
v,0.00509664649143815, 0.010612384416162968, -0.0081260334700346
v,0.003874689806252718, 0.011250806041061878, -0.007296488620340824
v,0.005044868215918541, 0.010639436542987823, -0.007296488620340824
v,0.00509664649143815, 0.010612384416162968, -0.0081260334700346
v,-0.002421490615233779, 0.014540298841893673, -0.007296488620340824
v,0.003874689806252718, 0.011250806041061878, -0.007296488620340824
v,0.00509664649143815, 0.010612384416162968, -0.0081260334700346
v,-0.003281001467257738, 0.014989358372986317, -0.007296488620340824
v,-0.002421490615233779, 0.014540298841893673, -0.007296488620340824
v,0.00509664649143815, 0.010612384416162968, -0.0081260334700346
v,0.004789143800735474, 0.010773041285574436, -0.00810737069696188
v,-0.003281001467257738, 0.014989358372986317, -0.007296488620340824
v,0.004789143800735474, 0.010773041285574436, -0.00810737069696188
v,0.004474162124097347, 0.010937606915831566, -0.00809033215045929
v,-0.003281001467257738, 0.014989358372986317, -0.007296488620340824
v,0.004474162124097347, 0.010937606915831566, -0.00809033215045929
v,0.004151701461523771, 0.011106078512966633, -0.00807491596788168
v,-0.003281001467257738, 0.014989358372986317, -0.007296488620340824
v,0.004151701461523771, 0.011106078512966633, -0.00807491596788168
v,0.003821761580184102, 0.011278458870947361, -0.00806112214922905
v,-0.003281001467257738, 0.014989358372986317, -0.007296488620340824
v,0.003821761580184102, 0.011278458870947361, -0.00806112214922905
v,0.0034843431785702705, 0.011454746127128601, -0.00804895255714655
v,-0.003281001467257738, 0.014989358372986317, -0.007296488620340824
v,0.0034843431785702705, 0.011454746127128601, -0.00804895255714655
v,0.0031394455581903458, 0.011634940281510353, -0.008038404397666454
v,-0.003281001467257738, 0.014989358372986317, -0.007296488620340824
v,0.0031394455581903458, 0.011634940281510353, -0.008038404397666454
v,0.0027870694175362587, 0.011819042265415192, -0.008029479533433914
v,-0.003281001467257738, 0.014989358372986317, -0.007296488620340824
v,0.0027870694175362587, 0.011819042265415192, -0.008029479533433914
v,0.0024272131267935038, 0.012007052078843117, -0.008022177033126354
v,-0.003281001467257738, 0.014989358372986317, -0.007296488620340824
v,0.0024272131267935038, 0.012007052078843117, -0.008022177033126354
v,0.002059878082945943, 0.012198969721794128, -0.008016497828066349
v,-0.003281001467257738, 0.014989358372986317, -0.007296488620340824
v,0.002059878082945943, 0.012198969721794128, -0.008016497828066349
v,0.0016850640531629324, 0.012394794262945652, -0.008012440986931324
v,-0.003281001467257738, 0.014989358372986317, -0.007296488620340824
v,0.0016850640531629324, 0.012394794262945652, -0.008012440986931324
v,0.0013027711538597941, 0.012594526633620262, -0.008010007441043854
v,-0.003281001467257738, 0.014989358372986317, -0.007296488620340824
v,0.0013027711538597941, 0.012594526633620262, -0.008010007441043854
v,0.0009129993850365281, 0.012798165902495384, -0.008009196259081364
v,-0.003281001467257738, 0.014989358372986317, -0.007296488620340824
v,0.0009129993850365281, 0.012798165902495384, -0.008009196259081364
v,0.0007881567580625415, 0.01286339107900858, -0.008010009303689003
v,-0.003281001467257738, 0.014989358372986317, -0.007296488620340824
v,0.0007881567580625415, 0.01286339107900858, -0.008010009303689003
v,0.0006241938099265099, 0.012949055060744286, -0.008012442849576473
v,-0.003281001467257738, 0.014989358372986317, -0.007296488620340824
v,0.0006241938099265099, 0.012949055060744286, -0.008012442849576473
v,0.0004211096093058586, 0.013055157847702503, -0.008016499690711498
v,-0.003281001467257738, 0.014989358372986317, -0.007296488620340824
v,0.0004211096093058586, 0.013055157847702503, -0.008016499690711498
v,0.0001789051020750776, 0.013181700371205807, -0.008022178895771503
v,-0.003281001467257738, 0.014989358372986317, -0.007296488620340824
v,0.0001789051020750776, 0.013181700371205807, -0.008022178895771503
v,-0.00010242067946819589, 0.013328680768609047, -0.008029481396079063
v,-0.003281001467257738, 0.014989358372986317, -0.007296488620340824
v,-0.00010242067946819589, 0.013328680768609047, -0.008029481396079063
v,-0.000422867713496089, 0.013496101833879948, -0.008038406260311604
v,-0.003281001467257738, 0.014989358372986317, -0.007296488620340824
v,-0.000422867713496089, 0.013496101833879948, -0.008038406260311604
v,-0.0007824359927326441, 0.013683960773050785, -0.008048954419791698
v,-0.003281001467257738, 0.014989358372986317, -0.007296488620340824
v,-0.0007824359927326441, 0.013683960773050785, -0.008048954419791698
v,-0.0011811244767159224, 0.013892259448766708, -0.008061124943196774
v,-0.003281001467257738, 0.014989358372986317, -0.007296488620340824
v,-0.0011811244767159224, 0.013892259448766708, -0.008061124943196774
v,-0.001618934329599142, 0.014120996929705143, -0.008074917830526829
v,-0.003281001467257738, 0.014989358372986317, -0.007296488620340824
v,-0.001618934329599142, 0.014120996929705143, -0.008074917830526829
v,-0.0020958653185516596, 0.014370173215866089, -0.008090334013104439
v,-0.003281001467257738, 0.014989358372986317, -0.007296488620340824
v,-0.0020958653185516596, 0.014370173215866089, -0.008090334013104439
v,-0.0026119172107428312, 0.01463978923857212, -0.008107372559607029
v,-0.003281001467257738, 0.014989358372986317, -0.007296488620340824
v,-0.0026119172107428312, 0.01463978923857212, -0.008107372559607029
v,-0.0031670904718339443, 0.014929844066500664, -0.0081260334700346
v,-0.003281001467257738, 0.014989358372986317, -0.007296488620340824
v,-0.002671972382813692, 0.011038734577596188, -0.008061124943196774
v,-0.0007824359927326441, 0.013683960773050785, -0.008048954419791698
v,-0.002273283898830414, 0.010830436833202839, -0.008048954419791698
v,-0.0008217787253670394, 0.01007208600640297, 0.0058113569393754005
v,0.0007609748281538486, 0.012877593748271465, 0.0057626748457551
v,-0.0007298731943592429, 0.010024068877100945, 0.0057626748457551
v,-0.003109782235696912, 0.011267472058534622, -0.008074917830526829
v,-0.0011811244767159224, 0.013892259448766708, -0.008061124943196774
v,-0.002671972382813692, 0.011038734577596188, -0.008061124943196774
v,-0.0007298731943592429, 0.010024068877100945, 0.0057626748457551
v,0.0008664003689773381, 0.012822512537240982, 0.00570750143378973
v,-0.0006244476535357535, 0.009968988597393036, 0.00570750143378973
v,-0.0035867132246494293, 0.011516649276018143, -0.008090334013104439
v,-0.001618934329599142, 0.014120996929705143, -0.008074917830526829
v,-0.003109782235696912, 0.011267472058534622, -0.008074917830526829
v,0.0030051760841161013, 0.008072661235928535, 0.004141881596297026
v,0.004154290072619915, 0.011104727163910866, 0.00573086878284812
v,0.0026634421665221453, 0.008251202292740345, 0.00573086878284812
v,-0.004102765116840601, 0.011786265298724174, -0.008107372559607029
v,-0.0020958653185516596, 0.014370173215866089, -0.008090334013104439
v,-0.0035867132246494293, 0.011516649276018143, -0.008090334013104439
v,-0.0006244476535357535, 0.009968988597393036, 0.00570750143378973
v,0.0009853459196165204, 0.01276036910712719, 0.005645837169140577
v,-0.0005055021611042321, 0.009906845167279243, 0.005645837169140577
v,-0.004657938610762358, 0.012076320126652718, -0.0081260334700346
v,-0.0026119172107428312, 0.01463978923857212, -0.008107372559607029
v,-0.004102765116840601, 0.011786265298724174, -0.008107372559607029
v,-0.0010114876786246896, 0.010171201080083847, 0.005539547186344862
v,0.00046023112372495234, 0.013034719973802567, 0.005701659247279167
v,-0.0010306169278919697, 0.010181195102632046, 0.005701659247279167
v,-0.0047718496061861515, 0.012135833501815796, -0.007296488620340824
v,-0.0031670904718339443, 0.014929844066500664, -0.0081260334700346
v,-0.004657938610762358, 0.012076320126652718, -0.0081260334700346
v,-0.0005055021611042321, 0.009906845167279243, 0.005645837169140577
v,0.00111781049054116, 0.012691161595284939, 0.005577682517468929
v,-0.0003730375610757619, 0.009837637655436993, 0.005577682517468929
v,-0.0003730375610757619, 0.009837637655436993, 0.005577682517468929
v,0.0012637950712814927, 0.012614890933036804, 0.005503036547452211
v,-0.00022705295123159885, 0.009761366993188858, 0.005503036547452211
v,-0.0009874682873487473, 0.010158652439713478, 0.005349200218915939
v,0.00047936031478457153, 0.013024725019931793, 0.005539547186344862
v,-0.0010114876786246896, 0.010171201080083847, 0.005539547186344862
v,-0.00022705295123159885, 0.009761366993188858, 0.005503036547452211
v,0.0014232996618375182, 0.012531556189060211, 0.005421899724751711
v,-6.754836795153096e-05, 0.009678032249212265, 0.005421899724751711
v,-6.754836795153096e-05, 0.009678032249212265, 0.005421899724751711
v,0.0015963241457939148, 0.012441158294677734, 0.005334272049367428
v,0.00010547617421252653, 0.009587633423507214, 0.005334272049367428
v,-0.0009585586376488209, 0.010143548250198364, 0.005130616948008537
v,0.0005033797351643443, 0.013012176379561424, 0.005349200218915939
v,-0.0009874682873487473, 0.010158652439713478, 0.005349200218915939
v,0.00010547617421252653, 0.009587633423507214, 0.005334272049367428
v,0.0017828678246587515, 0.0123436963185668, 0.005240152589976788
v,0.00029201986035332084, 0.009490172378718853, 0.005240152589976788
v,0.002808420918881893, 0.008175456896424294, 0.003966625314205885
v,0.004496023990213871, 0.010926185175776482, 0.004141881596297026
v,0.0030051760841161013, 0.008072661235928535, 0.004141881596297026
v,0.00029201986035332084, 0.009490172378718853, 0.005240152589976788
v,0.0042992690578103065, 0.011028981767594814, 0.003966625314205885
v,0.002808420918881893, 0.008175456896424294, 0.003966625314205885
v,-0.0009247595444321632, 0.01012588944286108, 0.004883798770606518
v,0.0005322893848642707, 0.01299707219004631, 0.005130616948008537
v,-0.0009585586376488209, 0.010143548250198364, 0.005130616948008537
v,-0.0008860701927915215, 0.010105676017701626, 0.004608744289726019
v,0.0005660884780809283, 0.012979413382709026, 0.004883798770606518
v,-0.0009247595444321632, 0.01012588944286108, 0.004883798770606518
v,-0.0008424905827268958, 0.010082907043397427, 0.004305453971028328
v,0.00060477782972157, 0.012959199957549572, 0.004608744289726019
v,-0.0008860701927915215, 0.010105676017701626, 0.004608744289726019
v,-0.000794020714238286, 0.010057583451271057, 0.003973928280174732
v,0.0006483574397861958, 0.012936430983245373, 0.004305453971028328
v,-0.0008424905827268958, 0.010082907043397427, 0.004305453971028328
v,-0.0007406605873256922, 0.010029705241322517, 0.0036141667515039444
v,0.0006968273082748055, 0.012911107391119003, 0.003973928280174732
v,-0.000794020714238286, 0.010057583451271057, 0.003973928280174732
v,-0.0006824102019891143, 0.009999271482229233, 0.0032261693850159645
v,0.0007501874351873994, 0.012883229181170464, 0.0036141665186733007
v,-0.0007406605873256922, 0.010029705241322517, 0.0036141667515039444
v,-0.0006192703731358051, 0.009966284036636353, 0.002809936413541436
v,0.0008084378205239773, 0.012852795422077179, 0.003226169152185321
v,-0.0006824102019891143, 0.009999271482229233, 0.0032261693850159645
v,0.0004991302848793566, 0.009381965734064579, -0.004620914813131094
v,0.0008715776493772864, 0.012819807976484299, 0.0028099361807107925
v,-0.0006192703731358051, 0.009966284036636353, 0.002809936413541436
v,-0.002182959346100688, 0.010783245787024498, -0.0037563189398497343
v,-0.0006408367771655321, 0.013609981164336205, -0.004101394675672054
v,-0.0021316849160939455, 0.010756457224488258, -0.004101394675672054
v,-0.0021316849160939455, 0.010756457224488258, -0.004101394675672054
v,-0.0005940207629464567, 0.013585521839559078, -0.004423914011567831
v,-0.0020848687272518873, 0.010731997899711132, -0.004423914011567831
v,-0.0020848687272518873, 0.010731997899711132, -0.004423914011567831
v,-0.0005516638630069792, 0.01356339268386364, -0.0047238776460289955
v,-0.0020425119437277317, 0.010709867812693119, -0.0047238776460289955
v,0.0005485350848175585, 0.009356153197586536, -0.00493653817102313
v,0.001989978365600109, 0.012235489673912525, -0.004620914813131094
v,0.0004991302848793566, 0.009381965734064579, -0.004620914813131094
v,-0.0020425119437277317, 0.010709867812693119, -0.0047238776460289955
v,-0.0005137654370628297, 0.01354359183460474, -0.005001284647732973
v,-0.0020046134013682604, 0.010690067894756794, -0.005001284647732973
v,0.0005966449971310794, 0.00933101773262024, -0.005229118280112743
v,0.002039383165538311, 0.012209678068757057, -0.00493653817102313
v,0.0005485350848175585, 0.009356153197586536, -0.00493653817102313
v,-0.0020046134013682604, 0.010690067894756794, -0.005001284647732973
v,-0.00048032536869868636, 0.013526121154427528, -0.005256136413663626
v,-0.001971173333004117, 0.010672596283257008, -0.005256136413663626
v,0.0006434610695578158, 0.009306558407843113, -0.00549865560606122
v,0.00208749296143651, 0.01218454260379076, -0.005229118280112743
v,0.0005966449971310794, 0.00933101773262024, -0.005229118280112743
v,-0.001971173333004117, 0.010672596283257008, -0.005256136413663626
v,-0.00045134458923712373, 0.01351097971200943, -0.0054884315468370914
v,-0.0019421925535425544, 0.010657455772161484, -0.0054884315468370914
v,-0.0019421925535425544, 0.010657455772161484, -0.0054884315468370914
v,-0.0004268221673555672, 0.013498167507350445, -0.005698170978575945
v,-0.0019176702480763197, 0.010644643567502499, -0.005698170978575945
v,0.0006889824871905148, 0.009282775223255157, -0.0057451496832072735
v,0.0021343091502785683, 0.012160082347691059, -0.00549865560606122
v,0.0006434610695578158, 0.009306558407843113, -0.00549865560606122
v,-0.0019176702480763197, 0.010644643567502499, -0.005698170978575945
v,-0.00040675810305401683, 0.013487684540450573, -0.0058853537775576115
v,-0.0018976061837747693, 0.010634160600602627, -0.0058853537775576115
v,0.0007332090171985328, 0.009259669110178947, -0.005968600977212191
v,0.0021798305679112673, 0.012136300094425678, -0.0057451496832072735
v,0.0006889824871905148, 0.009282775223255157, -0.0057451496832072735
v,-0.0018976061837747693, 0.010634160600602627, -0.0058853537775576115
v,-0.0003911525127477944, 0.013479531742632389, -0.006049980875104666
v,-0.0018820005934685469, 0.010626007802784443, -0.006049980875104666
v,0.0007761417073197663, 0.009237238205969334, -0.006169009022414684
v,0.0022240569815039635, 0.012113193050026894, -0.005968600977212191
v,0.0007332090171985328, 0.009259669110178947, -0.005968600977212191
v,-0.0018820005934685469, 0.010626007802784443, -0.006049980875104666
v,-0.00038000609492883086, 0.013473708182573318, -0.006192051339894533
v,-0.0018708541756495833, 0.010620184242725372, -0.006192051339894533
v,0.0008177795098163188, 0.009215484373271465, -0.006346374284476042
v,0.0022669897880405188, 0.01209076214581728, -0.006169009022414684
v,0.0007761417073197663, 0.009237238205969334, -0.006169009022414684
v,-0.0018708541756495833, 0.010620184242725372, -0.006192051339894533
v,-0.00037331803468987346, 0.013470213860273361, -0.006311566103249788
v,-0.001864166115410626, 0.010616689920425415, -0.006311566103249788
v,-0.001864166115410626, 0.010616689920425415, -0.006311566103249788
v,-0.0003710894088726491, 0.013469049707055092, -0.006408525165170431
v,-0.001861937460489571, 0.010615524835884571, -0.006408525165170431
v,0.0008581226575188339, 0.009194406680762768, -0.006500696763396263
v,0.0023086275905370712, 0.012069008313119411, -0.006346374284476042
v,0.0008177795098163188, 0.009215484373271465, -0.006346374284476042
v,-0.001861937460489571, 0.010615524835884571, -0.006408525165170431
v,-0.0003733909397851676, 0.01347025204449892, -0.006488283164799213
v,-0.0018642389914020896, 0.010616728104650974, -0.006488283164799213
v,-0.0018642389914020896, 0.010616728104650974, -0.006488283164799213
v,-0.00038029495044611394, 0.013473859056830406, -0.006563984323292971
v,-0.001871143002063036, 0.01062033511698246, -0.006563984323292971
v,0.0008971719653345644, 0.009174005128443241, -0.006631976459175348
v,0.0023489706218242645, 0.012047930620610714, -0.006500696763396263
v,0.0008581226575188339, 0.009194406680762768, -0.006500696763396263
v,-0.001871143002063036, 0.01062033511698246, -0.006563984323292971
v,-0.00039180120802484453, 0.013479870744049549, -0.006635628174990416
v,-0.0018826492596417665, 0.010626346804201603, -0.006635628174990416
v,0.000934926385525614, 0.009154279716312885, -0.006740213371813297
v,0.002388020046055317, 0.012027529068291187, -0.006631976459175348
v,0.0008971719653345644, 0.009174005128443241, -0.006631976459175348
v,-0.0018826492596417665, 0.010626346804201603, -0.006635628174990416
v,-0.00040790982893668115, 0.013488286174833775, -0.0067032151855528355
v,-0.0018987578805536032, 0.010634762234985828, -0.0067032151855528355
v,-0.0018987578805536032, 0.010634762234985828, -0.0067032151855528355
v,-0.0004286208131816238, 0.013499107211828232, -0.00676674535498023
v,-0.0019194688647985458, 0.010645583271980286, -0.00676674535498023
v,0.0009713870822452009, 0.0091352304443717, -0.00682540750131011
v,0.0024257744662463665, 0.012007803656160831, -0.006740213371813297
v,0.000934926385525614, 0.009154279716312885, -0.006740213371813297
v,-0.0019194688647985458, 0.010645583271980286, -0.00676674535498023
v,-0.0004539341607596725, 0.013512331992387772, -0.0068262191489338875
v,-0.0019447822123765945, 0.010658808052539825, -0.0068262191489338875
v,0.0010065528331324458, 0.00911685824394226, -0.0068875583820044994
v,0.0024622350465506315, 0.011988755315542221, -0.00682540750131011
v,0.0009713870822452009, 0.0091352304443717, -0.00682540750131011
v,-0.0019447822123765945, 0.010658808052539825, -0.0068262191489338875
v,-0.00048384987167082727, 0.013527962379157543, -0.006881635636091232
v,-0.0019746979232877493, 0.010674437507987022, -0.006881635636091232
v,-0.0019746979232877493, 0.010674437507987022, -0.006881635636091232
v,-0.0005183687317185104, 0.013545996509492397, -0.006932995282113552
v,-0.002009216696023941, 0.010692472569644451, -0.006932995282113552
v,0.0010604168055579066, 0.009088716469705105, -0.006952873896807432
v,0.0024974008556455374, 0.011970382183790207, -0.0068875583820044994
v,0.0010065528331324458, 0.00911685824394226, -0.0068875583820044994
v,-0.002009216696023941, 0.010692472569644451, -0.006932995282113552
v,-0.0005574898677878082, 0.013566436246037483, -0.006980298087000847
v,-0.002048337832093239, 0.010712912306189537, -0.006980298087000847
v,0.0011253543198108673, 0.009054789319634438, -0.007012509275227785
v,0.002551264828070998, 0.011942240409553051, -0.006952873896807432
v,0.0010604168055579066, 0.009088716469705105, -0.006952873896807432
v,-0.002048337832093239, 0.010712912306189537, -0.006980298087000847
v,-0.0006012134836055338, 0.013589279726147652, -0.007023544050753117
v,-0.0020920615643262863, 0.010735755786299706, -0.007023544050753117
v,0.0012013671221211553, 0.009015075862407684, -0.007066465448588133
v,0.0026162024587392807, 0.011908313259482384, -0.007012509275227785
v,0.0011253543198108673, 0.009054789319634438, -0.007012509275227785
v,-0.0020920615643262863, 0.010735755786299706, -0.007023544050753117
v,-0.0006495393463410437, 0.013614527881145477, -0.007062733639031649
v,-0.002140387427061796, 0.010761003941297531, -0.007062733639031649
v,-0.002140387427061796, 0.010761003941297531, -0.007062733639031649
v,-0.0007024677470326424, 0.01364218071103096, -0.007097865454852581
v,-0.002193315653130412, 0.010788656771183014, -0.007097865454852581
v,0.0012884543975815177, 0.008969576098024845, -0.007114741951227188
v,0.002692215144634247, 0.01186859980225563, -0.007066465448588133
v,0.0012013671221211553, 0.009015075862407684, -0.007066465448588133
v,-0.002193315653130412, 0.010788656771183014, -0.007097865454852581
v,-0.0007650326006114483, 0.013674868270754814, -0.00712959049269557
v,-0.002255880506709218, 0.010821344330906868, -0.00712959049269557
v,0.0013866160297766328, 0.008918290957808495, -0.007157338783144951
v,0.0027793024200946093, 0.011823100037872791, -0.007114741951227188
v,0.0012884543975815177, 0.008969576098024845, -0.007114741951227188
v,-0.002255880506709218, 0.010821344330906868, -0.00712959049269557
v,-0.0008422672981396317, 0.013715220615267754, -0.007158556487411261
v,-0.0023331153206527233, 0.010861695744097233, -0.007158556487411261
v,0.0014958529500290751, 0.008861218579113483, -0.007194255944341421
v,0.0028774640522897243, 0.01177181489765644, -0.007157338783144951
v,0.0013866160297766328, 0.008918290957808495, -0.007157338783144951
v,-0.0023331153206527233, 0.010861695744097233, -0.007158556487411261
v,-0.0009341727709397674, 0.013763236813247204, -0.007184763438999653
v,-0.002425020793452859, 0.010909712873399258, -0.007184763438999653
v,-0.002425020793452859, 0.010909712873399258, -0.007184763438999653
v,-0.001040749135427177, 0.013818918727338314, -0.007208212278783321
v,-0.0025315971579402685, 0.010965394787490368, -0.007208212278783321
v,0.0016161644598469138, 0.008798360824584961, -0.007225493900477886
v,0.0029867009725421667, 0.011714743450284004, -0.007194255944341421
v,0.0014958529500290751, 0.008861218579113483, -0.007194255944341421
v,-0.0025315971579402685, 0.010965394787490368, -0.007208212278783321
v,-0.001161995343863964, 0.01388226542621851, -0.0072289020754396915
v,-0.002652843249961734, 0.011028740555047989, -0.0072289020754396915
v,0.0017475500935688615, 0.008729717694222927, -0.007251052185893059
v,0.0031070124823600054, 0.011651885695755482, -0.007225493900477886
v,0.0016161644598469138, 0.008798360824584961, -0.007225493900477886
v,-0.003513433737680316, 0.01147836446762085, 0.008253135718405247
v,-0.0021211784332990646, 0.014383398927748203, 0.008324656635522842
v,-0.0036120263393968344, 0.011529874987900257, 0.008324656635522842
v,-0.002652843249961734, 0.011028740555047989, -0.0072289020754396915
v,-0.0012979123275727034, 0.013953275978565216, -0.007246832828968763
v,-0.002788760233670473, 0.01109975203871727, -0.007246832828968763
v,-0.0036120263393968344, 0.011529874987900257, 0.008324656635522842
v,-0.002504334319382906, 0.014583582058548927, 0.007997511886060238
v,-0.003995182458311319, 0.011730058118700981, 0.007997511886060238
v,-0.003404053160920739, 0.01142121758311987, 0.008178772404789925
v,-0.0020225858315825462, 0.014331888407468796, 0.008253135718405247
v,-0.003513433737680316, 0.01147836446762085, 0.008253135718405247
v,-0.002788760233670473, 0.01109975203871727, -0.007246832828968763
v,-0.001448499271646142, 0.014031951315701008, -0.007262005936354399
v,-0.0029393471777439117, 0.011178427375853062, -0.007262005936354399
v,0.00189001124817878, 0.008655287325382233, -0.007270930800586939
v,0.003238398116081953, 0.011583241634070873, -0.007251052185893059
v,0.0017475500935688615, 0.008729717694222927, -0.007251052185893059
v,-0.003283885307610035, 0.01135843526571989, 0.008101570419967175
v,-0.0019132051384076476, 0.014274741522967815, 0.008178772404789925
v,-0.003404053160920739, 0.01142121758311987, 0.008178772404789925
v,-0.0031529306434094906, 0.011290016584098339, 0.008021528832614422
v,-0.0017930372850969434, 0.014211959205567837, 0.008101570419967175
v,-0.003283885307610035, 0.01135843526571989, 0.008101570419967175
v,-0.0029393471777439117, 0.011178427375853062, -0.007262005936354399
v,-0.0016137571074068546, 0.014118291437625885, -0.007274420000612736
v,-0.0031046050135046244, 0.011264767497777939, -0.007274420000612736
v,0.002043546875938773, 0.008575071580708027, -0.007285129278898239
v,0.0033808592706918716, 0.011508812196552753, -0.007270930800586939
v,0.00189001124817878, 0.008655287325382233, -0.007270930800586939
v,-0.003011188469827175, 0.01121596246957779, 0.007938647642731667
v,-0.001662082620896399, 0.014143540523946285, 0.008021528832614422
v,-0.0031529306434094906, 0.011290016584098339, 0.008021528832614422
v,-0.0031046050135046244, 0.011264767497777939, -0.007274420000612736
v,-0.001793684670701623, 0.014212296344339848, -0.007284075021743774
v,-0.0032845325767993927, 0.011358772404491901, -0.007284075021743774
v,-0.003995182458311319, 0.011730058118700981, 0.007997511886060238
v,-0.0006921112071722746, 0.013636770658195019, -0.003756319172680378
v,-0.002182959346100688, 0.010783245787024498, -0.0037563189398497343
v,-0.002858659951016307, 0.011136271990835667, 0.007852925918996334
v,-0.0015203404473140836, 0.014069486409425735, 0.007938647642731667
v,-0.003011188469827175, 0.01121596246957779, 0.007938647642731667
v,-0.0032845325767993927, 0.011358772404491901, -0.007284075021743774
v,-0.0019882831256836653, 0.014313966035842896, -0.007290971931070089
v,-0.003479131031781435, 0.01146044209599495, -0.007290971931070089
v,0.002208156744018197, 0.008489069528877735, -0.007293648552149534
v,0.003534394782036543, 0.011428595520555973, -0.007285129278898239
v,0.002043546875938773, 0.008575071580708027, -0.007285129278898239
v,-0.0026953439228236675, 0.011050946079194546, 0.007764364592730999
v,-0.0013678119285032153, 0.013989795930683613, 0.007852925918996334
v,-0.002858659951016307, 0.011136271990835667, 0.007852925918996334
v,-0.0025212413165718317, 0.010959984734654427, 0.007672964129596949
v,-0.001204495900310576, 0.013904470950365067, 0.007764364592730999
v,-0.0026953439228236675, 0.011050946079194546, 0.007764364592730999
v,-0.003479131031781435, 0.01146044209599495, -0.007290971931070089
v,-0.0021975517738610506, 0.014423300512135029, -0.007295109331607819
v,-0.0036883996799588203, 0.011569776572287083, -0.007295109331607819
v,0.0023838419001549482, 0.008397281169891357, -0.007296488620340824
v,0.003699004650115967, 0.011342594400048256, -0.007293648552149534
v,0.002208156744018197, 0.008489069528877735, -0.007293648552149534
v,-0.0023363514337688684, 0.01086338795721531, 0.007578723132610321
v,-0.0010303932940587401, 0.013813509605824947, 0.007672964129596949
v,-0.0025212413165718317, 0.010959984734654427, 0.007672964129596949
v,-0.0021406742744147778, 0.010761154815554619, 0.007481642998754978
v,-0.0008455034112557769, 0.013716911897063255, 0.007578723132610321
v,-0.0023363514337688684, 0.01086338795721531, 0.007578723132610321
v,-0.0036883996799588203, 0.011569776572287083, -0.007295109331607819
v,-0.002421490615233779, 0.014540298841893673, -0.007296488620340824
v,-0.003912338521331549, 0.011686774902045727, -0.007296488620340824
v,0.0036057985853403807, 0.007758860010653734, -0.0081260334700346
v,0.005044868215918541, 0.010639436542987823, -0.007296488620340824
v,0.0035540203098207712, 0.00778591213747859, -0.007296488620340824
v,-0.0019342104205861688, 0.010653285309672356, 0.007381722796708345
v,-0.0006498261354863644, 0.013614678755402565, 0.007481642998754978
v,-0.0021406742744147778, 0.010761154815554619, 0.007481642998754978
v,0.0035540203098207712, 0.00778591213747859, -0.007296488620340824
v,0.003874689806252718, 0.011250806041061878, -0.007296488620340824
v,0.0023838419001549482, 0.008397281169891357, -0.007296488620340824
v,-0.0017169592902064323, 0.010539781302213669, 0.00727896299213171
v,-0.00044336242717690766, 0.013506810180842876, 0.007381722796708345
v,-0.0019342104205861688, 0.010653285309672356, 0.007381722796708345
v,-0.0014900005189701915, 0.010421204380691051, 0.007174985483288765
v,-0.00022611129679717124, 0.013393305242061615, 0.00727896299213171
v,-0.0017169592902064323, 0.010539781302213669, 0.00727896299213171
v,-0.003912338521331549, 0.011686774902045727, -0.007296488620340824
v,-0.003281001467257738, 0.014989358372986317, -0.007296488620340824
v,-0.0047718496061861515, 0.012135833501815796, -0.007296488620340824
v,0.0032982956618070602, 0.00791951734572649, -0.00810737069696188
v,0.00509664649143815, 0.010612384416162968, -0.0081260334700346
v,0.0036057985853403807, 0.007758860010653734, -0.0081260334700346
v,-0.001254411181434989, 0.01029811892658472, 0.007071414031088352
v,8.474721653328743e-07, 0.013274728320538998, 0.007174985483288765
v,-0.0014900005189701915, 0.010421204380691051, 0.007174985483288765
v,0.002983313985168934, 0.008084082044661045, -0.00809033215045929
v,0.004789143800735474, 0.010773041285574436, -0.00810737069696188
v,0.0032982956618070602, 0.00791951734572649, -0.00810737069696188
v,-0.0010101929074153304, 0.010170524939894676, 0.0069682481698691845
v,0.00023643687018193305, 0.013151642866432667, 0.007071414031088352
v,-0.001254411181434989, 0.01029811892658472, 0.007071414031088352
v,0.002660853322595358, 0.008252554573118687, -0.00807491596788168
v,0.004474162124097347, 0.010937606915831566, -0.00809033215045929
v,0.002983313985168934, 0.008084082044661045, -0.00809033215045929
v,-0.0007573449984192848, 0.010038422420620918, 0.006865488365292549
v,0.0004806550859939307, 0.013024048879742622, 0.0069682481698691845
v,-0.0010101929074153304, 0.010170524939894676, 0.0069682481698691845
v,0.0023309136740863323, 0.00842493399977684, -0.00806112214922905
v,0.004151701461523771, 0.011106078512966633, -0.00807491596788168
v,0.002660853322595358, 0.008252554573118687, -0.00807491596788168
v,0.001993495272472501, 0.00860122125595808, -0.00804895255714655
v,0.003821761580184102, 0.011278458870947361, -0.00806112214922905
v,0.0023309136740863323, 0.00842493399977684, -0.00806112214922905
v,-0.0004958672798238695, 0.009901811368763447, 0.0067631336860358715
v,0.0007335030240938067, 0.012891946360468864, 0.006865488365292549
v,-0.0007573449984192848, 0.010038422420620918, 0.006865488365292549
v,0.0016485975356772542, 0.008781416341662407, -0.008038404397666454
v,0.0034843431785702705, 0.011454746127128601, -0.00804895255714655
v,0.001993495272472501, 0.00860122125595808, -0.00804895255714655
v,-0.00022575991170015186, 0.009760690852999687, 0.006661185063421726
v,0.0009949806844815612, 0.012755335308611393, 0.0067631336860358715
v,-0.0004958672798238695, 0.009901811368763447, 0.0067631336860358715
v,0.0012962212786078453, 0.008965518325567245, -0.008029479533433914
v,0.0031394455581903458, 0.011634940281510353, -0.008038404397666454
v,0.0016485975356772542, 0.008781416341662407, -0.008038404397666454
v,5.297719326335937e-05, 0.009615062735974789, 0.006559642497450113
v,0.0012650880962610245, 0.012614214792847633, 0.006661185063421726
v,-0.00022575991170015186, 0.009760690852999687, 0.006661185063421726
v,0.0009363651042804122, 0.00915352813899517, -0.008022177033126354
v,0.0027870694175362587, 0.011819042265415192, -0.008029479533433914
v,0.0012962212786078453, 0.008965518325567245, -0.008029479533433914
v,0.0003403440350666642, 0.009464925155043602, 0.006458505056798458
v,0.0015438252594321966, 0.012468586675822735, 0.006559642497450113
v,5.297719326335937e-05, 0.009615062735974789, 0.006559642497450113
v,0.0005690300604328513, 0.009345445781946182, -0.008016497828066349
v,0.0024272131267935038, 0.012007052078843117, -0.008022177033126354
v,0.0009363651042804122, 0.00915352813899517, -0.008022177033126354
v,0.0006363406428135931, 0.009310279041528702, 0.006357773207128048
v,0.0018311920575797558, 0.012318449094891548, 0.006458505056798458
v,0.0003403440350666642, 0.009464925155043602, 0.006458505056798458
v,0.00019421604520175606, 0.009541270323097706, -0.008012440986931324
v,0.002059878082945943, 0.012198969721794128, -0.008016497828066349
v,0.0005690300604328513, 0.009345445781946182, -0.008016497828066349
v,0.0009409668273292482, 0.009151124395430088, 0.00625744741410017
v,0.0021271887235343456, 0.012163802981376648, 0.006357773207128048
v,0.0006363406428135931, 0.009310279041528702, 0.006357773207128048
v,-0.00018807682499755174, 0.009741002693772316, -0.008010007441043854
v,0.0016850640531629324, 0.012394794262945652, -0.008012440986931324
v,0.00019421604520175606, 0.009541270323097706, -0.008012440986931324
v,0.0012542229378595948, 0.00898746121674776, 0.006157527677714825
v,0.002431814791634679, 0.012004649266600609, 0.00625744741410017
v,0.0009409668273292482, 0.009151124395430088, 0.00625744741410017
v,-0.0005778486374765635, 0.009944641962647438, -0.008009196259081364
v,0.0013027711538597941, 0.012594526633620262, -0.008010007441043854
v,-0.00018807682499755174, 0.009741002693772316, -0.008010007441043854
v,0.0015761086251586676, 0.00881928950548172, 0.006058013066649437
v,0.0027450709603726864, 0.011840985156595707, 0.006157527677714825
v,0.0012542229378595948, 0.00898746121674776, 0.006157527677714825
v,-0.0007026912644505501, 0.010009867139160633, -0.008010009303689003
v,0.0009129993850365281, 0.012798165902495384, -0.008009196259081364
v,-0.0005778486374765635, 0.009944641962647438, -0.008009196259081364
v,0.0026634421665221453, 0.008251202292740345, 0.00573086878284812
v,0.0030669565312564373, 0.011672813445329666, 0.006058013066649437
v,0.0015761086251586676, 0.00881928950548172, 0.006058013066649437
v,-0.0008666542125865817, 0.01009553112089634, -0.008012442849576473
v,0.0007881567580625415, 0.01286339107900858, -0.008010009303689003
v,-0.0007026912644505501, 0.010009867139160633, -0.008010009303689003
v,-0.0010542036034166813, 0.010193518362939358, 0.005941175390034914
v,0.0004744709003716707, 0.013027279637753963, 0.005918457172811031
v,-0.0010163771221414208, 0.010173755697906017, 0.005918457172811031
v,-0.001069738413207233, 0.010201633907854557, -0.008016499690711498
v,0.0006241938099265099, 0.012949055060744286, -0.008012442849576473
v,-0.0008666542125865817, 0.01009553112089634, -0.008012442849576473
v,-0.001044855802319944, 0.010188634507358074, 0.005835535004734993
v,0.00043664444820024073, 0.013047042302787304, 0.005941175390034914
v,-0.0010542036034166813, 0.010193518362939358, 0.005941175390034914
v,-0.0013119429349899292, 0.010328175500035286, -0.008022178895771503
v,0.0004211096093058586, 0.013055157847702503, -0.008016499690711498
v,-0.001069738413207233, 0.010201633907854557, -0.008016499690711498
v,-0.0010163771221414208, 0.010173755697906017, 0.005918457172811031
v,0.0005258173914626241, 0.01300045382231474, 0.005889248102903366
v,-0.0009650306310504675, 0.010146928951144218, 0.005889248102903366
v,-0.001593268709257245, 0.0104751568287611, -0.008029481396079063
v,0.0001789051020750776, 0.013181700371205807, -0.008022178895771503
v,-0.0013119429349899292, 0.010328175500035286, -0.008022178895771503
v,-0.0009650306310504675, 0.010146928951144218, 0.005889248102903366
v,0.0005906837759539485, 0.012966563925147057, 0.005853548180311918
v,-0.0009001642465591431, 0.010113039053976536, 0.005853548180311918
v,-0.0019137157360091805, 0.010642576962709427, -0.008038406260311604
v,-0.00010242067946819589, 0.013328680768609047, -0.008029481396079063
v,-0.001593268709257245, 0.0104751568287611, -0.008029481396079063
v,-0.0009001642465591431, 0.010113039053976536, 0.005853548180311918
v,0.0006690692971460521, 0.012925609946250916, 0.0058113569393754005
v,-0.0008217787253670394, 0.01007208600640297, 0.0058113569393754005
v,-0.002273283898830414, 0.010830436833202839, -0.008048954419791698
v,-0.000422867713496089, 0.013496101833879948, -0.008038406260311604
v,-0.0019137157360091805, 0.010642576962709427, -0.008038406260311604
v,-0.0010306169278919697, 0.010181195102632046, 0.005701659247279167
v,0.00044599222019314766, 0.01304215844720602, 0.005835535004734993
v,-0.001044855802319944, 0.010188634507358074, 0.005835535004734993
v,-0.002671972382813692, 0.011038734577596188, -0.008061124943196774
v,-0.0011811244767159224, 0.013892259448766708, -0.008061124943196774
v,-0.0007824359927326441, 0.013683960773050785, -0.008048954419791698
v,-0.0008217787253670394, 0.01007208600640297, 0.0058113569393754005
v,0.0006690692971460521, 0.012925609946250916, 0.0058113569393754005
v,0.0007609748281538486, 0.012877593748271465, 0.0057626748457551
v,-0.003109782235696912, 0.011267472058534622, -0.008074917830526829
v,-0.001618934329599142, 0.014120996929705143, -0.008074917830526829
v,-0.0011811244767159224, 0.013892259448766708, -0.008061124943196774
v,-0.0007298731943592429, 0.010024068877100945, 0.0057626748457551
v,0.0007609748281538486, 0.012877593748271465, 0.0057626748457551
v,0.0008664003689773381, 0.012822512537240982, 0.00570750143378973
v,-0.0035867132246494293, 0.011516649276018143, -0.008090334013104439
v,-0.0020958653185516596, 0.014370173215866089, -0.008090334013104439
v,-0.001618934329599142, 0.014120996929705143, -0.008074917830526829
v,0.0030051760841161013, 0.008072661235928535, 0.004141881596297026
v,0.004496023990213871, 0.010926185175776482, 0.004141881596297026
v,0.004154290072619915, 0.011104727163910866, 0.00573086878284812
v,-0.004102765116840601, 0.011786265298724174, -0.008107372559607029
v,-0.0026119172107428312, 0.01463978923857212, -0.008107372559607029
v,-0.0020958653185516596, 0.014370173215866089, -0.008090334013104439
v,-0.0006244476535357535, 0.009968988597393036, 0.00570750143378973
v,0.0008664003689773381, 0.012822512537240982, 0.00570750143378973
v,0.0009853459196165204, 0.01276036910712719, 0.005645837169140577
v,-0.004657938610762358, 0.012076320126652718, -0.0081260334700346
v,-0.0031670904718339443, 0.014929844066500664, -0.0081260334700346
v,-0.0026119172107428312, 0.01463978923857212, -0.008107372559607029
v,-0.0010114876786246896, 0.010171201080083847, 0.005539547186344862
v,0.00047936031478457153, 0.013024725019931793, 0.005539547186344862
v,0.00046023112372495234, 0.013034719973802567, 0.005701659247279167
v,-0.0047718496061861515, 0.012135833501815796, -0.007296488620340824
v,-0.003281001467257738, 0.014989358372986317, -0.007296488620340824
v,-0.0031670904718339443, 0.014929844066500664, -0.0081260334700346
v,-0.0005055021611042321, 0.009906845167279243, 0.005645837169140577
v,0.0009853459196165204, 0.01276036910712719, 0.005645837169140577
v,0.00111781049054116, 0.012691161595284939, 0.005577682517468929
v,-0.0003730375610757619, 0.009837637655436993, 0.005577682517468929
v,0.00111781049054116, 0.012691161595284939, 0.005577682517468929
v,0.0012637950712814927, 0.012614890933036804, 0.005503036547452211
v,-0.0009874682873487473, 0.010158652439713478, 0.005349200218915939
v,0.0005033797351643443, 0.013012176379561424, 0.005349200218915939
v,0.00047936031478457153, 0.013024725019931793, 0.005539547186344862
v,-0.00022705295123159885, 0.009761366993188858, 0.005503036547452211
v,0.0012637950712814927, 0.012614890933036804, 0.005503036547452211
v,0.0014232996618375182, 0.012531556189060211, 0.005421899724751711
v,-6.754836795153096e-05, 0.009678032249212265, 0.005421899724751711
v,0.0014232996618375182, 0.012531556189060211, 0.005421899724751711
v,0.0015963241457939148, 0.012441158294677734, 0.005334272049367428
v,-0.0009585586376488209, 0.010143548250198364, 0.005130616948008537
v,0.0005322893848642707, 0.01299707219004631, 0.005130616948008537
v,0.0005033797351643443, 0.013012176379561424, 0.005349200218915939
v,0.00010547617421252653, 0.009587633423507214, 0.005334272049367428
v,0.0015963241457939148, 0.012441158294677734, 0.005334272049367428
v,0.0017828678246587515, 0.0123436963185668, 0.005240152589976788
v,0.002808420918881893, 0.008175456896424294, 0.003966625314205885
v,0.0042992690578103065, 0.011028981767594814, 0.003966625314205885
v,0.004496023990213871, 0.010926185175776482, 0.004141881596297026
v,0.00029201986035332084, 0.009490172378718853, 0.005240152589976788
v,0.0017828678246587515, 0.0123436963185668, 0.005240152589976788
v,0.0042992690578103065, 0.011028981767594814, 0.003966625314205885
v,-0.0009247595444321632, 0.01012588944286108, 0.004883798770606518
v,0.0005660884780809283, 0.012979413382709026, 0.004883798770606518
v,0.0005322893848642707, 0.01299707219004631, 0.005130616948008537
v,-0.0008860701927915215, 0.010105676017701626, 0.004608744289726019
v,0.00060477782972157, 0.012959199957549572, 0.004608744289726019
v,0.0005660884780809283, 0.012979413382709026, 0.004883798770606518
v,-0.0008424905827268958, 0.010082907043397427, 0.004305453971028328
v,0.0006483574397861958, 0.012936430983245373, 0.004305453971028328
v,0.00060477782972157, 0.012959199957549572, 0.004608744289726019
v,-0.000794020714238286, 0.010057583451271057, 0.003973928280174732
v,0.0006968273082748055, 0.012911107391119003, 0.003973928280174732
v,0.0006483574397861958, 0.012936430983245373, 0.004305453971028328
v,-0.0007406605873256922, 0.010029705241322517, 0.0036141667515039444
v,0.0007501874351873994, 0.012883229181170464, 0.0036141665186733007
v,0.0006968273082748055, 0.012911107391119003, 0.003973928280174732
v,-0.0006824102019891143, 0.009999271482229233, 0.0032261693850159645
v,0.0008084378205239773, 0.012852795422077179, 0.003226169152185321
v,0.0007501874351873994, 0.012883229181170464, 0.0036141665186733007
v,-0.0006192703731358051, 0.009966284036636353, 0.002809936413541436
v,0.0008715776493772864, 0.012819807976484299, 0.0028099361807107925
v,0.0008084378205239773, 0.012852795422077179, 0.003226169152185321
v,0.0004991302848793566, 0.009381965734064579, -0.004620914813131094
v,0.001989978365600109, 0.012235489673912525, -0.004620914813131094
v,0.0008715776493772864, 0.012819807976484299, 0.0028099361807107925
v,-0.002182959346100688, 0.010783245787024498, -0.0037563189398497343
v,-0.0006921112071722746, 0.013636770658195019, -0.003756319172680378
v,-0.0006408367771655321, 0.013609981164336205, -0.004101394675672054
v,-0.0021316849160939455, 0.010756457224488258, -0.004101394675672054
v,-0.0006408367771655321, 0.013609981164336205, -0.004101394675672054
v,-0.0005940207629464567, 0.013585521839559078, -0.004423914011567831
v,-0.0020848687272518873, 0.010731997899711132, -0.004423914011567831
v,-0.0005940207629464567, 0.013585521839559078, -0.004423914011567831
v,-0.0005516638630069792, 0.01356339268386364, -0.0047238776460289955
v,0.0005485350848175585, 0.009356153197586536, -0.00493653817102313
v,0.002039383165538311, 0.012209678068757057, -0.00493653817102313
v,0.001989978365600109, 0.012235489673912525, -0.004620914813131094
v,-0.0020425119437277317, 0.010709867812693119, -0.0047238776460289955
v,-0.0005516638630069792, 0.01356339268386364, -0.0047238776460289955
v,-0.0005137654370628297, 0.01354359183460474, -0.005001284647732973
v,0.0005966449971310794, 0.00933101773262024, -0.005229118280112743
v,0.00208749296143651, 0.01218454260379076, -0.005229118280112743
v,0.002039383165538311, 0.012209678068757057, -0.00493653817102313
v,-0.0020046134013682604, 0.010690067894756794, -0.005001284647732973
v,-0.0005137654370628297, 0.01354359183460474, -0.005001284647732973
v,-0.00048032536869868636, 0.013526121154427528, -0.005256136413663626
v,0.0006434610695578158, 0.009306558407843113, -0.00549865560606122
v,0.0021343091502785683, 0.012160082347691059, -0.00549865560606122
v,0.00208749296143651, 0.01218454260379076, -0.005229118280112743
v,-0.001971173333004117, 0.010672596283257008, -0.005256136413663626
v,-0.00048032536869868636, 0.013526121154427528, -0.005256136413663626
v,-0.00045134458923712373, 0.01351097971200943, -0.0054884315468370914
v,-0.0019421925535425544, 0.010657455772161484, -0.0054884315468370914
v,-0.00045134458923712373, 0.01351097971200943, -0.0054884315468370914
v,-0.0004268221673555672, 0.013498167507350445, -0.005698170978575945
v,0.0006889824871905148, 0.009282775223255157, -0.0057451496832072735
v,0.0021798305679112673, 0.012136300094425678, -0.0057451496832072735
v,0.0021343091502785683, 0.012160082347691059, -0.00549865560606122
v,-0.0019176702480763197, 0.010644643567502499, -0.005698170978575945
v,-0.0004268221673555672, 0.013498167507350445, -0.005698170978575945
v,-0.00040675810305401683, 0.013487684540450573, -0.0058853537775576115
v,0.0007332090171985328, 0.009259669110178947, -0.005968600977212191
v,0.0022240569815039635, 0.012113193050026894, -0.005968600977212191
v,0.0021798305679112673, 0.012136300094425678, -0.0057451496832072735
v,-0.0018976061837747693, 0.010634160600602627, -0.0058853537775576115
v,-0.00040675810305401683, 0.013487684540450573, -0.0058853537775576115
v,-0.0003911525127477944, 0.013479531742632389, -0.006049980875104666
v,0.0007761417073197663, 0.009237238205969334, -0.006169009022414684
v,0.0022669897880405188, 0.01209076214581728, -0.006169009022414684
v,0.0022240569815039635, 0.012113193050026894, -0.005968600977212191
v,-0.0018820005934685469, 0.010626007802784443, -0.006049980875104666
v,-0.0003911525127477944, 0.013479531742632389, -0.006049980875104666
v,-0.00038000609492883086, 0.013473708182573318, -0.006192051339894533
v,0.0008177795098163188, 0.009215484373271465, -0.006346374284476042
v,0.0023086275905370712, 0.012069008313119411, -0.006346374284476042
v,0.0022669897880405188, 0.01209076214581728, -0.006169009022414684
v,-0.0018708541756495833, 0.010620184242725372, -0.006192051339894533
v,-0.00038000609492883086, 0.013473708182573318, -0.006192051339894533
v,-0.00037331803468987346, 0.013470213860273361, -0.006311566103249788
v,-0.001864166115410626, 0.010616689920425415, -0.006311566103249788
v,-0.00037331803468987346, 0.013470213860273361, -0.006311566103249788
v,-0.0003710894088726491, 0.013469049707055092, -0.006408525165170431
v,0.0008581226575188339, 0.009194406680762768, -0.006500696763396263
v,0.0023489706218242645, 0.012047930620610714, -0.006500696763396263
v,0.0023086275905370712, 0.012069008313119411, -0.006346374284476042
v,-0.001861937460489571, 0.010615524835884571, -0.006408525165170431
v,-0.0003710894088726491, 0.013469049707055092, -0.006408525165170431
v,-0.0003733909397851676, 0.01347025204449892, -0.006488283164799213
v,-0.0018642389914020896, 0.010616728104650974, -0.006488283164799213
v,-0.0003733909397851676, 0.01347025204449892, -0.006488283164799213
v,-0.00038029495044611394, 0.013473859056830406, -0.006563984323292971
v,0.0008971719653345644, 0.009174005128443241, -0.006631976459175348
v,0.002388020046055317, 0.012027529068291187, -0.006631976459175348
v,0.0023489706218242645, 0.012047930620610714, -0.006500696763396263
v,-0.001871143002063036, 0.01062033511698246, -0.006563984323292971
v,-0.00038029495044611394, 0.013473859056830406, -0.006563984323292971
v,-0.00039180120802484453, 0.013479870744049549, -0.006635628174990416
v,0.000934926385525614, 0.009154279716312885, -0.006740213371813297
v,0.0024257744662463665, 0.012007803656160831, -0.006740213371813297
v,0.002388020046055317, 0.012027529068291187, -0.006631976459175348
v,-0.0018826492596417665, 0.010626346804201603, -0.006635628174990416
v,-0.00039180120802484453, 0.013479870744049549, -0.006635628174990416
v,-0.00040790982893668115, 0.013488286174833775, -0.0067032151855528355
v,-0.0018987578805536032, 0.010634762234985828, -0.0067032151855528355
v,-0.00040790982893668115, 0.013488286174833775, -0.0067032151855528355
v,-0.0004286208131816238, 0.013499107211828232, -0.00676674535498023
v,0.0009713870822452009, 0.0091352304443717, -0.00682540750131011
v,0.0024622350465506315, 0.011988755315542221, -0.00682540750131011
v,0.0024257744662463665, 0.012007803656160831, -0.006740213371813297
v,-0.0019194688647985458, 0.010645583271980286, -0.00676674535498023
v,-0.0004286208131816238, 0.013499107211828232, -0.00676674535498023
v,-0.0004539341607596725, 0.013512331992387772, -0.0068262191489338875
v,0.0010065528331324458, 0.00911685824394226, -0.0068875583820044994
v,0.0024974008556455374, 0.011970382183790207, -0.0068875583820044994
v,0.0024622350465506315, 0.011988755315542221, -0.00682540750131011
v,-0.0019447822123765945, 0.010658808052539825, -0.0068262191489338875
v,-0.0004539341607596725, 0.013512331992387772, -0.0068262191489338875
v,-0.00048384987167082727, 0.013527962379157543, -0.006881635636091232
v,-0.0019746979232877493, 0.010674437507987022, -0.006881635636091232
v,-0.00048384987167082727, 0.013527962379157543, -0.006881635636091232
v,-0.0005183687317185104, 0.013545996509492397, -0.006932995282113552
v,0.0010604168055579066, 0.009088716469705105, -0.006952873896807432
v,0.002551264828070998, 0.011942240409553051, -0.006952873896807432
v,0.0024974008556455374, 0.011970382183790207, -0.0068875583820044994
v,-0.002009216696023941, 0.010692472569644451, -0.006932995282113552
v,-0.0005183687317185104, 0.013545996509492397, -0.006932995282113552
v,-0.0005574898677878082, 0.013566436246037483, -0.006980298087000847
v,0.0011253543198108673, 0.009054789319634438, -0.007012509275227785
v,0.0026162024587392807, 0.011908313259482384, -0.007012509275227785
v,0.002551264828070998, 0.011942240409553051, -0.006952873896807432
v,-0.002048337832093239, 0.010712912306189537, -0.006980298087000847
v,-0.0005574898677878082, 0.013566436246037483, -0.006980298087000847
v,-0.0006012134836055338, 0.013589279726147652, -0.007023544050753117
v,0.0012013671221211553, 0.009015075862407684, -0.007066465448588133
v,0.002692215144634247, 0.01186859980225563, -0.007066465448588133
v,0.0026162024587392807, 0.011908313259482384, -0.007012509275227785
v,-0.0020920615643262863, 0.010735755786299706, -0.007023544050753117
v,-0.0006012134836055338, 0.013589279726147652, -0.007023544050753117
v,-0.0006495393463410437, 0.013614527881145477, -0.007062733639031649
v,-0.002140387427061796, 0.010761003941297531, -0.007062733639031649
v,-0.0006495393463410437, 0.013614527881145477, -0.007062733639031649
v,-0.0007024677470326424, 0.01364218071103096, -0.007097865454852581
v,0.0012884543975815177, 0.008969576098024845, -0.007114741951227188
v,0.0027793024200946093, 0.011823100037872791, -0.007114741951227188
v,0.002692215144634247, 0.01186859980225563, -0.007066465448588133
v,-0.002193315653130412, 0.010788656771183014, -0.007097865454852581
v,-0.0007024677470326424, 0.01364218071103096, -0.007097865454852581
v,-0.0007650326006114483, 0.013674868270754814, -0.00712959049269557
v,0.0013866160297766328, 0.008918290957808495, -0.007157338783144951
v,0.0028774640522897243, 0.01177181489765644, -0.007157338783144951
v,0.0027793024200946093, 0.011823100037872791, -0.007114741951227188
v,-0.002255880506709218, 0.010821344330906868, -0.00712959049269557
v,-0.0007650326006114483, 0.013674868270754814, -0.00712959049269557
v,-0.0008422672981396317, 0.013715220615267754, -0.007158556487411261
v,0.0014958529500290751, 0.008861218579113483, -0.007194255944341421
v,0.0029867009725421667, 0.011714743450284004, -0.007194255944341421
v,0.0028774640522897243, 0.01177181489765644, -0.007157338783144951
v,-0.0023331153206527233, 0.010861695744097233, -0.007158556487411261
v,-0.0008422672981396317, 0.013715220615267754, -0.007158556487411261
v,-0.0009341727709397674, 0.013763236813247204, -0.007184763438999653
v,-0.002425020793452859, 0.010909712873399258, -0.007184763438999653
v,-0.0009341727709397674, 0.013763236813247204, -0.007184763438999653
v,-0.001040749135427177, 0.013818918727338314, -0.007208212278783321
v,0.0016161644598469138, 0.008798360824584961, -0.007225493900477886
v,0.0031070124823600054, 0.011651885695755482, -0.007225493900477886
v,0.0029867009725421667, 0.011714743450284004, -0.007194255944341421
v,-0.0025315971579402685, 0.010965394787490368, -0.007208212278783321
v,-0.001040749135427177, 0.013818918727338314, -0.007208212278783321
v,-0.001161995343863964, 0.01388226542621851, -0.0072289020754396915
v,0.0017475500935688615, 0.008729717694222927, -0.007251052185893059
v,0.003238398116081953, 0.011583241634070873, -0.007251052185893059
v,0.0031070124823600054, 0.011651885695755482, -0.007225493900477886
v,-0.003513433737680316, 0.01147836446762085, 0.008253135718405247
v,-0.0020225858315825462, 0.014331888407468796, 0.008253135718405247
v,-0.0021211784332990646, 0.014383398927748203, 0.008324656635522842
v,-0.002652843249961734, 0.011028740555047989, -0.0072289020754396915
v,-0.001161995343863964, 0.01388226542621851, -0.0072289020754396915
v,-0.0012979123275727034, 0.013953275978565216, -0.007246832828968763
v,-0.0036120263393968344, 0.011529874987900257, 0.008324656635522842
v,-0.0021211784332990646, 0.014383398927748203, 0.008324656635522842
v,-0.002504334319382906, 0.014583582058548927, 0.007997511886060238
v,-0.003404053160920739, 0.01142121758311987, 0.008178772404789925
v,-0.0019132051384076476, 0.014274741522967815, 0.008178772404789925
v,-0.0020225858315825462, 0.014331888407468796, 0.008253135718405247
v,-0.002788760233670473, 0.01109975203871727, -0.007246832828968763
v,-0.0012979123275727034, 0.013953275978565216, -0.007246832828968763
v,-0.001448499271646142, 0.014031951315701008, -0.007262005936354399
v,0.00189001124817878, 0.008655287325382233, -0.007270930800586939
v,0.0033808592706918716, 0.011508812196552753, -0.007270930800586939
v,0.003238398116081953, 0.011583241634070873, -0.007251052185893059
v,-0.003283885307610035, 0.01135843526571989, 0.008101570419967175
v,-0.0017930372850969434, 0.014211959205567837, 0.008101570419967175
v,-0.0019132051384076476, 0.014274741522967815, 0.008178772404789925
v,-0.0031529306434094906, 0.011290016584098339, 0.008021528832614422
v,-0.001662082620896399, 0.014143540523946285, 0.008021528832614422
v,-0.0017930372850969434, 0.014211959205567837, 0.008101570419967175
v,-0.0029393471777439117, 0.011178427375853062, -0.007262005936354399
v,-0.001448499271646142, 0.014031951315701008, -0.007262005936354399
v,-0.0016137571074068546, 0.014118291437625885, -0.007274420000612736
v,0.002043546875938773, 0.008575071580708027, -0.007285129278898239
v,0.003534394782036543, 0.011428595520555973, -0.007285129278898239
v,0.0033808592706918716, 0.011508812196552753, -0.007270930800586939
v,-0.003011188469827175, 0.01121596246957779, 0.007938647642731667
v,-0.0015203404473140836, 0.014069486409425735, 0.007938647642731667
v,-0.001662082620896399, 0.014143540523946285, 0.008021528832614422
v,-0.0031046050135046244, 0.011264767497777939, -0.007274420000612736
v,-0.0016137571074068546, 0.014118291437625885, -0.007274420000612736
v,-0.001793684670701623, 0.014212296344339848, -0.007284075021743774
v,-0.003995182458311319, 0.011730058118700981, 0.007997511886060238
v,-0.002504334319382906, 0.014583582058548927, 0.007997511886060238
v,-0.0006921112071722746, 0.013636770658195019, -0.003756319172680378
v,-0.002858659951016307, 0.011136271990835667, 0.007852925918996334
v,-0.0013678119285032153, 0.013989795930683613, 0.007852925918996334
v,-0.0015203404473140836, 0.014069486409425735, 0.007938647642731667
v,-0.0032845325767993927, 0.011358772404491901, -0.007284075021743774
v,-0.001793684670701623, 0.014212296344339848, -0.007284075021743774
v,-0.0019882831256836653, 0.014313966035842896, -0.007290971931070089
v,0.002208156744018197, 0.008489069528877735, -0.007293648552149534
v,0.003699004650115967, 0.011342594400048256, -0.007293648552149534
v,0.003534394782036543, 0.011428595520555973, -0.007285129278898239
v,-0.0026953439228236675, 0.011050946079194546, 0.007764364592730999
v,-0.001204495900310576, 0.013904470950365067, 0.007764364592730999
v,-0.0013678119285032153, 0.013989795930683613, 0.007852925918996334
v,-0.0025212413165718317, 0.010959984734654427, 0.007672964129596949
v,-0.0010303932940587401, 0.013813509605824947, 0.007672964129596949
v,-0.001204495900310576, 0.013904470950365067, 0.007764364592730999
v,-0.003479131031781435, 0.01146044209599495, -0.007290971931070089
v,-0.0019882831256836653, 0.014313966035842896, -0.007290971931070089
v,-0.0021975517738610506, 0.014423300512135029, -0.007295109331607819
v,0.0023838419001549482, 0.008397281169891357, -0.007296488620340824
v,0.003874689806252718, 0.011250806041061878, -0.007296488620340824
v,0.003699004650115967, 0.011342594400048256, -0.007293648552149534
v,-0.0023363514337688684, 0.01086338795721531, 0.007578723132610321
v,-0.0008455034112557769, 0.013716911897063255, 0.007578723132610321
v,-0.0010303932940587401, 0.013813509605824947, 0.007672964129596949
v,-0.0021406742744147778, 0.010761154815554619, 0.007481642998754978
v,-0.0006498261354863644, 0.013614678755402565, 0.007481642998754978
v,-0.0008455034112557769, 0.013716911897063255, 0.007578723132610321
v,-0.0036883996799588203, 0.011569776572287083, -0.007295109331607819
v,-0.0021975517738610506, 0.014423300512135029, -0.007295109331607819
v,-0.002421490615233779, 0.014540298841893673, -0.007296488620340824
v,0.0036057985853403807, 0.007758860010653734, -0.0081260334700346
v,0.00509664649143815, 0.010612384416162968, -0.0081260334700346
v,0.005044868215918541, 0.010639436542987823, -0.007296488620340824
v,-0.0019342104205861688, 0.010653285309672356, 0.007381722796708345
v,-0.00044336242717690766, 0.013506810180842876, 0.007381722796708345
v,-0.0006498261354863644, 0.013614678755402565, 0.007481642998754978
v,0.0035540203098207712, 0.00778591213747859, -0.007296488620340824
v,0.005044868215918541, 0.010639436542987823, -0.007296488620340824
v,0.003874689806252718, 0.011250806041061878, -0.007296488620340824
v,-0.0017169592902064323, 0.010539781302213669, 0.00727896299213171
v,-0.00022611129679717124, 0.013393305242061615, 0.00727896299213171
v,-0.00044336242717690766, 0.013506810180842876, 0.007381722796708345
v,-0.0014900005189701915, 0.010421204380691051, 0.007174985483288765
v,8.474721653328743e-07, 0.013274728320538998, 0.007174985483288765
v,-0.00022611129679717124, 0.013393305242061615, 0.00727896299213171
v,-0.003912338521331549, 0.011686774902045727, -0.007296488620340824
v,-0.002421490615233779, 0.014540298841893673, -0.007296488620340824
v,-0.003281001467257738, 0.014989358372986317, -0.007296488620340824
v,0.0032982956618070602, 0.00791951734572649, -0.00810737069696188
v,0.004789143800735474, 0.010773041285574436, -0.00810737069696188
v,0.00509664649143815, 0.010612384416162968, -0.0081260334700346
v,-0.001254411181434989, 0.01029811892658472, 0.007071414031088352
v,0.00023643687018193305, 0.013151642866432667, 0.007071414031088352
v,8.474721653328743e-07, 0.013274728320538998, 0.007174985483288765
v,0.002983313985168934, 0.008084082044661045, -0.00809033215045929
v,0.004474162124097347, 0.010937606915831566, -0.00809033215045929
v,0.004789143800735474, 0.010773041285574436, -0.00810737069696188
v,-0.0010101929074153304, 0.010170524939894676, 0.0069682481698691845
v,0.0004806550859939307, 0.013024048879742622, 0.0069682481698691845
v,0.00023643687018193305, 0.013151642866432667, 0.007071414031088352
v,0.002660853322595358, 0.008252554573118687, -0.00807491596788168
v,0.004151701461523771, 0.011106078512966633, -0.00807491596788168
v,0.004474162124097347, 0.010937606915831566, -0.00809033215045929
v,-0.0007573449984192848, 0.010038422420620918, 0.006865488365292549
v,0.0007335030240938067, 0.012891946360468864, 0.006865488365292549
v,0.0004806550859939307, 0.013024048879742622, 0.0069682481698691845
v,0.0023309136740863323, 0.00842493399977684, -0.00806112214922905
v,0.003821761580184102, 0.011278458870947361, -0.00806112214922905
v,0.004151701461523771, 0.011106078512966633, -0.00807491596788168
v,0.001993495272472501, 0.00860122125595808, -0.00804895255714655
v,0.0034843431785702705, 0.011454746127128601, -0.00804895255714655
v,0.003821761580184102, 0.011278458870947361, -0.00806112214922905
v,-0.0004958672798238695, 0.009901811368763447, 0.0067631336860358715
v,0.0009949806844815612, 0.012755335308611393, 0.0067631336860358715
v,0.0007335030240938067, 0.012891946360468864, 0.006865488365292549
v,0.0016485975356772542, 0.008781416341662407, -0.008038404397666454
v,0.0031394455581903458, 0.011634940281510353, -0.008038404397666454
v,0.0034843431785702705, 0.011454746127128601, -0.00804895255714655
v,-0.00022575991170015186, 0.009760690852999687, 0.006661185063421726
v,0.0012650880962610245, 0.012614214792847633, 0.006661185063421726
v,0.0009949806844815612, 0.012755335308611393, 0.0067631336860358715
v,0.0012962212786078453, 0.008965518325567245, -0.008029479533433914
v,0.0027870694175362587, 0.011819042265415192, -0.008029479533433914
v,0.0031394455581903458, 0.011634940281510353, -0.008038404397666454
v,5.297719326335937e-05, 0.009615062735974789, 0.006559642497450113
v,0.0015438252594321966, 0.012468586675822735, 0.006559642497450113
v,0.0012650880962610245, 0.012614214792847633, 0.006661185063421726
v,0.0009363651042804122, 0.00915352813899517, -0.008022177033126354
v,0.0024272131267935038, 0.012007052078843117, -0.008022177033126354
v,0.0027870694175362587, 0.011819042265415192, -0.008029479533433914
v,0.0003403440350666642, 0.009464925155043602, 0.006458505056798458
v,0.0018311920575797558, 0.012318449094891548, 0.006458505056798458
v,0.0015438252594321966, 0.012468586675822735, 0.006559642497450113
v,0.0005690300604328513, 0.009345445781946182, -0.008016497828066349
v,0.002059878082945943, 0.012198969721794128, -0.008016497828066349
v,0.0024272131267935038, 0.012007052078843117, -0.008022177033126354
v,0.0006363406428135931, 0.009310279041528702, 0.006357773207128048
v,0.0021271887235343456, 0.012163802981376648, 0.006357773207128048
v,0.0018311920575797558, 0.012318449094891548, 0.006458505056798458
v,0.00019421604520175606, 0.009541270323097706, -0.008012440986931324
v,0.0016850640531629324, 0.012394794262945652, -0.008012440986931324
v,0.002059878082945943, 0.012198969721794128, -0.008016497828066349
v,0.0009409668273292482, 0.009151124395430088, 0.00625744741410017
v,0.002431814791634679, 0.012004649266600609, 0.00625744741410017
v,0.0021271887235343456, 0.012163802981376648, 0.006357773207128048
v,-0.00018807682499755174, 0.009741002693772316, -0.008010007441043854
v,0.0013027711538597941, 0.012594526633620262, -0.008010007441043854
v,0.0016850640531629324, 0.012394794262945652, -0.008012440986931324
v,0.0012542229378595948, 0.00898746121674776, 0.006157527677714825
v,0.0027450709603726864, 0.011840985156595707, 0.006157527677714825
v,0.002431814791634679, 0.012004649266600609, 0.00625744741410017
v,-0.0005778486374765635, 0.009944641962647438, -0.008009196259081364
v,0.0009129993850365281, 0.012798165902495384, -0.008009196259081364
v,0.0013027711538597941, 0.012594526633620262, -0.008010007441043854
v,0.0015761086251586676, 0.00881928950548172, 0.006058013066649437
v,0.0030669565312564373, 0.011672813445329666, 0.006058013066649437
v,0.0027450709603726864, 0.011840985156595707, 0.006157527677714825
v,-0.0007026912644505501, 0.010009867139160633, -0.008010009303689003
v,0.0007881567580625415, 0.01286339107900858, -0.008010009303689003
v,0.0009129993850365281, 0.012798165902495384, -0.008009196259081364
v,0.0026634421665221453, 0.008251202292740345, 0.00573086878284812
v,0.004154290072619915, 0.011104727163910866, 0.00573086878284812
v,0.0030669565312564373, 0.011672813445329666, 0.006058013066649437
v,-0.0008666542125865817, 0.01009553112089634, -0.008012442849576473
v,0.0006241938099265099, 0.012949055060744286, -0.008012442849576473
v,0.0007881567580625415, 0.01286339107900858, -0.008010009303689003
v,-0.0010542036034166813, 0.010193518362939358, 0.005941175390034914
v,0.00043664444820024073, 0.013047042302787304, 0.005941175390034914
v,0.0004744709003716707, 0.013027279637753963, 0.005918457172811031
v,-0.001069738413207233, 0.010201633907854557, -0.008016499690711498
v,0.0004211096093058586, 0.013055157847702503, -0.008016499690711498
v,0.0006241938099265099, 0.012949055060744286, -0.008012442849576473
v,-0.001044855802319944, 0.010188634507358074, 0.005835535004734993
v,0.00044599222019314766, 0.01304215844720602, 0.005835535004734993
v,0.00043664444820024073, 0.013047042302787304, 0.005941175390034914
v,-0.0013119429349899292, 0.010328175500035286, -0.008022178895771503
v,0.0001789051020750776, 0.013181700371205807, -0.008022178895771503
v,0.0004211096093058586, 0.013055157847702503, -0.008016499690711498
v,-0.0010163771221414208, 0.010173755697906017, 0.005918457172811031
v,0.0004744709003716707, 0.013027279637753963, 0.005918457172811031
v,0.0005258173914626241, 0.01300045382231474, 0.005889248102903366
v,-0.001593268709257245, 0.0104751568287611, -0.008029481396079063
v,-0.00010242067946819589, 0.013328680768609047, -0.008029481396079063
v,0.0001789051020750776, 0.013181700371205807, -0.008022178895771503
v,-0.0009650306310504675, 0.010146928951144218, 0.005889248102903366
v,0.0005258173914626241, 0.01300045382231474, 0.005889248102903366
v,0.0005906837759539485, 0.012966563925147057, 0.005853548180311918
v,-0.0019137157360091805, 0.010642576962709427, -0.008038406260311604
v,-0.000422867713496089, 0.013496101833879948, -0.008038406260311604
v,-0.00010242067946819589, 0.013328680768609047, -0.008029481396079063
v,-0.0009001642465591431, 0.010113039053976536, 0.005853548180311918
v,0.0005906837759539485, 0.012966563925147057, 0.005853548180311918
v,0.0006690692971460521, 0.012925609946250916, 0.0058113569393754005
v,-0.002273283898830414, 0.010830436833202839, -0.008048954419791698
v,-0.0007824359927326441, 0.013683960773050785, -0.008048954419791698
v,-0.000422867713496089, 0.013496101833879948, -0.008038406260311604
v,-0.0010306169278919697, 0.010181195102632046, 0.005701659247279167
v,0.00046023112372495234, 0.013034719973802567, 0.005701659247279167
v,0.00044599222019314766, 0.01304215844720602, 0.005835535004734993
n,-14.104450225830078, -26.996305465698242, 1.3313947420101613e-06
n,-14.104450225830078, -26.996305465698242, 1.3313947420101613e-06
n,-14.104450225830078, -26.996305465698242, 1.3313947420101613e-06
n,-14.104450225830078, -26.996305465698242, 1.3313947420101613e-06
n,-14.104450225830078, -26.996305465698242, 1.3313947420101613e-06
n,-14.104450225830078, -26.996305465698242, 1.3313947420101613e-06
n,-14.104450225830078, -26.996305465698242, 1.3313947420101613e-06
n,-14.104450225830078, -26.996305465698242, 1.3313947420101613e-06
n,-14.104450225830078, -26.996305465698242, 1.3313947420101613e-06
n,-14.104450225830078, -26.996305465698242, 1.3313947420101613e-06
n,-14.104450225830078, -26.996305465698242, 1.3313947420101613e-06
n,-14.104450225830078, -26.996305465698242, 1.3313947420101613e-06
n,-14.104450225830078, -26.996305465698242, 1.3313947420101613e-06
n,-14.104450225830078, -26.996305465698242, 1.3313947420101613e-06
n,-14.104450225830078, -26.996305465698242, 1.3313947420101613e-06
n,-14.104450225830078, -26.996305465698242, 1.3313947420101613e-06
n,-14.104450225830078, -26.996305465698242, 1.3313947420101613e-06
n,-14.104450225830078, -26.996305465698242, 1.3313947420101613e-06
n,-14.104450225830078, -26.996305465698242, 1.3313947420101613e-06
n,-14.104450225830078, -26.996305465698242, 1.3313947420101613e-06
n,-14.104450225830078, -26.996305465698242, 1.3313947420101613e-06
n,-14.104450225830078, -26.996305465698242, 1.3313947420101613e-06
n,-14.104450225830078, -26.996305465698242, 1.3313947420101613e-06
n,-14.104450225830078, -26.996305465698242, 1.3313947420101613e-06
n,-14.104450225830078, -26.996305465698242, 1.3313947420101613e-06
n,-14.104450225830078, -26.996305465698242, 1.3313947420101613e-06
n,-14.104450225830078, -26.996305465698242, 1.3313947420101613e-06
n,-14.104450225830078, -26.996305465698242, 1.3313947420101613e-06
n,-14.104450225830078, -26.996305465698242, 1.3313947420101613e-06
n,-14.104450225830078, -26.996305465698242, 1.3313947420101613e-06
n,-14.104450225830078, -26.996305465698242, 1.3313947420101613e-06
n,-14.104450225830078, -26.996305465698242, 1.3313947420101613e-06
n,-14.104450225830078, -26.996305465698242, 1.3313947420101613e-06
n,-14.104450225830078, -26.996305465698242, 1.3313947420101613e-06
n,-14.104450225830078, -26.996305465698242, 1.3313947420101613e-06
n,-14.104450225830078, -26.996305465698242, 1.3313947420101613e-06
n,-14.104450225830078, -26.996305465698242, 1.3313947420101613e-06
n,-14.104450225830078, -26.996305465698242, 1.3313947420101613e-06
n,-14.104450225830078, -26.996305465698242, 1.3313947420101613e-06
n,-14.104450225830078, -26.996305465698242, 1.3313947420101613e-06
n,-14.104450225830078, -26.996305465698242, 1.3313947420101613e-06
n,-14.104450225830078, -26.996305465698242, 1.3313947420101613e-06
n,-14.104450225830078, -26.996305465698242, 1.3313947420101613e-06
n,-14.104450225830078, -26.996305465698242, 1.3313947420101613e-06
n,-14.104450225830078, -26.996305465698242, 1.3313947420101613e-06
n,-14.104450225830078, -26.996305465698242, 1.3313947420101613e-06
n,-14.104450225830078, -26.996305465698242, 1.3313947420101613e-06
n,-14.104450225830078, -26.996305465698242, 1.3313947420101613e-06
n,-14.104450225830078, -26.996305465698242, 1.3313947420101613e-06
n,-14.104450225830078, -26.996305465698242, 1.3313947420101613e-06
n,-14.104450225830078, -26.996305465698242, 1.3313947420101613e-06
n,-14.104450225830078, -26.996305465698242, 1.3313947420101613e-06
n,-14.104450225830078, -26.996305465698242, 1.3313947420101613e-06
n,-14.104450225830078, -26.996305465698242, 1.3313947420101613e-06
n,-14.104450225830078, -26.996305465698242, 1.3313947420101613e-06
n,-14.104450225830078, -26.996305465698242, 1.3313947420101613e-06
n,-14.104450225830078, -26.996305465698242, 1.3313947420101613e-06
n,-14.104450225830078, -26.996305465698242, 1.3313947420101613e-06
n,-14.104450225830078, -26.996305465698242, 1.3313947420101613e-06
n,-14.104450225830078, -26.996305465698242, 1.3313947420101613e-06
n,-14.104450225830078, -26.996305465698242, 1.3313947420101613e-06
n,-14.104450225830078, -26.996305465698242, 1.3313947420101613e-06
n,-14.104450225830078, -26.996305465698242, 1.3313947420101613e-06
n,-14.104450225830078, -26.996305465698242, 1.3313947420101613e-06
n,-14.104450225830078, -26.996305465698242, 1.3313947420101613e-06
n,-14.104450225830078, -26.996305465698242, 1.3313947420101613e-06
n,-14.104450225830078, -26.996305465698242, 1.3313947420101613e-06
n,-14.104450225830078, -26.996305465698242, 1.3313947420101613e-06
n,-14.104450225830078, -26.996305465698242, 1.3313947420101613e-06
n,-14.104450225830078, -26.996305465698242, 1.3313947420101613e-06
n,-14.104450225830078, -26.996305465698242, 1.3313947420101613e-06
n,-14.104450225830078, -26.996305465698242, 1.3313947420101613e-06
n,-14.104450225830078, -26.996305465698242, 1.3313947420101613e-06
n,-14.104450225830078, -26.996305465698242, 1.3313947420101613e-06
n,-14.104450225830078, -26.996305465698242, 1.3313947420101613e-06
n,-14.104450225830078, -26.996305465698242, 1.3313947420101613e-06
n,-14.104450225830078, -26.996305465698242, 1.3313947420101613e-06
n,-14.104450225830078, -26.996305465698242, 1.3313947420101613e-06
n,-14.104450225830078, -26.996305465698242, 1.3313947420101613e-06
n,-14.104450225830078, -26.996305465698242, 1.3313947420101613e-06
n,-14.104450225830078, -26.996305465698242, 1.3313947420101613e-06
n,-14.104450225830078, -26.996305465698242, 1.3313947420101613e-06
n,-14.104450225830078, -26.996305465698242, 1.3313947420101613e-06
n,-14.104450225830078, -26.996305465698242, 1.3313947420101613e-06
n,-14.104450225830078, -26.996305465698242, 1.3313947420101613e-06
n,-14.104450225830078, -26.996305465698242, 1.3313947420101613e-06
n,-14.104450225830078, -26.996305465698242, 1.3313947420101613e-06
n,-14.104450225830078, -26.996305465698242, 1.3313947420101613e-06
n,-14.104450225830078, -26.996305465698242, 1.3313947420101613e-06
n,-14.104450225830078, -26.996305465698242, 1.3313947420101613e-06
n,-14.104450225830078, -26.996305465698242, 1.3313947420101613e-06
n,-14.104450225830078, -26.996305465698242, 1.3313947420101613e-06
n,-14.104450225830078, -26.996305465698242, 1.3313947420101613e-06
n,-14.104450225830078, -26.996305465698242, 1.3313947420101613e-06
n,-14.104450225830078, -26.996305465698242, 1.3313947420101613e-06
n,-14.104450225830078, -26.996305465698242, 1.3313947420101613e-06
n,-14.104450225830078, -26.996305465698242, 1.3313947420101613e-06
n,-14.104450225830078, -26.996305465698242, 1.3313947420101613e-06
n,-14.104450225830078, -26.996305465698242, 1.3313947420101613e-06
n,-14.104450225830078, -26.996305465698242, 1.3313947420101613e-06
n,-14.104450225830078, -26.996305465698242, 1.3313947420101613e-06
n,-14.104450225830078, -26.996305465698242, 1.3313947420101613e-06
n,-14.104450225830078, -26.996305465698242, 1.3313947420101613e-06
n,-14.104450225830078, -26.996305465698242, 1.3313947420101613e-06
n,-14.104450225830078, -26.996305465698242, 1.3313947420101613e-06
n,-14.104450225830078, -26.996305465698242, 1.3313947420101613e-06
n,-14.104450225830078, -26.996305465698242, 1.3313947420101613e-06
n,-14.104450225830078, -26.996305465698242, 1.3313947420101613e-06
n,-14.104450225830078, -26.996305465698242, 1.3313947420101613e-06
n,-14.104450225830078, -26.996305465698242, 1.3313947420101613e-06
n,-14.104450225830078, -26.996305465698242, 1.3313947420101613e-06
n,-14.104450225830078, -26.996305465698242, 1.3313947420101613e-06
n,-14.104450225830078, -26.996305465698242, 1.3313947420101613e-06
n,-14.104450225830078, -26.996305465698242, 1.3313947420101613e-06
n,-14.104450225830078, -26.996305465698242, 1.3313947420101613e-06
n,-14.104450225830078, -26.996305465698242, 1.3313947420101613e-06
n,-14.104450225830078, -26.996305465698242, 1.3313947420101613e-06
n,-14.104450225830078, -26.996305465698242, 1.3313947420101613e-06
n,-14.104450225830078, -26.996305465698242, 1.3313947420101613e-06
n,-14.104450225830078, -26.996305465698242, 1.3313947420101613e-06
n,-14.104450225830078, -26.996305465698242, 1.3313947420101613e-06
n,-14.104450225830078, -26.996305465698242, 1.3313947420101613e-06
n,-14.104450225830078, -26.996305465698242, 1.3313947420101613e-06
n,-14.104450225830078, -26.996305465698242, 1.3313947420101613e-06
n,-14.104450225830078, -26.996305465698242, 1.3313947420101613e-06
n,-14.104450225830078, -26.996305465698242, 1.3313947420101613e-06
n,-14.104450225830078, -26.996305465698242, 1.3313947420101613e-06
n,-14.104450225830078, -26.996305465698242, 1.3313947420101613e-06
n,-14.104450225830078, -26.996305465698242, 1.3313947420101613e-06
n,-14.104450225830078, -26.996305465698242, 1.3313947420101613e-06
n,-14.104450225830078, -26.996305465698242, 1.3313947420101613e-06
n,-14.104450225830078, -26.996305465698242, 1.3313947420101613e-06
n,-14.104450225830078, -26.996305465698242, 1.3313947420101613e-06
n,-14.104450225830078, -26.996305465698242, 1.3313947420101613e-06
n,-14.104450225830078, -26.996305465698242, 1.3313947420101613e-06
n,-14.104450225830078, -26.996305465698242, 1.3313947420101613e-06
n,-14.104450225830078, -26.996305465698242, 1.3313947420101613e-06
n,-14.104450225830078, -26.996305465698242, 1.3313947420101613e-06
n,-14.104450225830078, -26.996305465698242, 1.3313947420101613e-06
n,-14.104450225830078, -26.996305465698242, 1.3313947420101613e-06
n,-14.104450225830078, -26.996305465698242, 1.3313947420101613e-06
n,14.104450225830078, 26.996305465698242, -1.3313947420101613e-06
n,14.104450225830078, 26.996305465698242, -1.3313947420101613e-06
n,14.104450225830078, 26.996305465698242, -1.3313947420101613e-06
n,14.104450225830078, 26.996305465698242, -1.3313947420101613e-06
n,14.104450225830078, 26.996305465698242, -1.3313947420101613e-06
n,14.104450225830078, 26.996305465698242, -1.3313947420101613e-06
n,14.104450225830078, 26.996305465698242, -1.3313947420101613e-06
n,14.104450225830078, 26.996305465698242, -1.3313947420101613e-06
n,14.104450225830078, 26.996305465698242, -1.3313947420101613e-06
n,14.104450225830078, 26.996305465698242, -1.3313947420101613e-06
n,14.104450225830078, 26.996305465698242, -1.3313947420101613e-06
n,14.104450225830078, 26.996305465698242, -1.3313947420101613e-06
n,14.104450225830078, 26.996305465698242, -1.3313947420101613e-06
n,14.104450225830078, 26.996305465698242, -1.3313947420101613e-06
n,14.104450225830078, 26.996305465698242, -1.3313947420101613e-06
n,14.104450225830078, 26.996305465698242, -1.3313947420101613e-06
n,14.104450225830078, 26.996305465698242, -1.3313947420101613e-06
n,14.104450225830078, 26.996305465698242, -1.3313947420101613e-06
n,14.104450225830078, 26.996305465698242, -1.3313947420101613e-06
n,14.104450225830078, 26.996305465698242, -1.3313947420101613e-06
n,14.104450225830078, 26.996305465698242, -1.3313947420101613e-06
n,14.104450225830078, 26.996305465698242, -1.3313947420101613e-06
n,14.104450225830078, 26.996305465698242, -1.3313947420101613e-06
n,14.104450225830078, 26.996305465698242, -1.3313947420101613e-06
n,14.104450225830078, 26.996305465698242, -1.3313947420101613e-06
n,14.104450225830078, 26.996305465698242, -1.3313947420101613e-06
n,14.104450225830078, 26.996305465698242, -1.3313947420101613e-06
n,14.104450225830078, 26.996305465698242, -1.3313947420101613e-06
n,14.104450225830078, 26.996305465698242, -1.3313947420101613e-06
n,14.104450225830078, 26.996305465698242, -1.3313947420101613e-06
n,14.104450225830078, 26.996305465698242, -1.3313947420101613e-06
n,14.104450225830078, 26.996305465698242, -1.3313947420101613e-06
n,14.104450225830078, 26.996305465698242, -1.3313947420101613e-06
n,14.104450225830078, 26.996305465698242, -1.3313947420101613e-06
n,14.104450225830078, 26.996305465698242, -1.3313947420101613e-06
n,14.104450225830078, 26.996305465698242, -1.3313947420101613e-06
n,14.104450225830078, 26.996305465698242, -1.3313947420101613e-06
n,14.104450225830078, 26.996305465698242, -1.3313947420101613e-06
n,14.104450225830078, 26.996305465698242, -1.3313947420101613e-06
n,14.104450225830078, 26.996305465698242, -1.3313947420101613e-06
n,14.104450225830078, 26.996305465698242, -1.3313947420101613e-06
n,14.104450225830078, 26.996305465698242, -1.3313947420101613e-06
n,14.104450225830078, 26.996305465698242, -1.3313947420101613e-06
n,14.104450225830078, 26.996305465698242, -1.3313947420101613e-06
n,14.104450225830078, 26.996305465698242, -1.3313947420101613e-06
n,14.104450225830078, 26.996305465698242, -1.3313947420101613e-06
n,14.104450225830078, 26.996305465698242, -1.3313947420101613e-06
n,14.104450225830078, 26.996305465698242, -1.3313947420101613e-06
n,14.104450225830078, 26.996305465698242, -1.3313947420101613e-06
n,14.104450225830078, 26.996305465698242, -1.3313947420101613e-06
n,14.104450225830078, 26.996305465698242, -1.3313947420101613e-06
n,14.104450225830078, 26.996305465698242, -1.3313947420101613e-06
n,14.104450225830078, 26.996305465698242, -1.3313947420101613e-06
n,14.104450225830078, 26.996305465698242, -1.3313947420101613e-06
n,14.104450225830078, 26.996305465698242, -1.3313947420101613e-06
n,14.104450225830078, 26.996305465698242, -1.3313947420101613e-06
n,14.104450225830078, 26.996305465698242, -1.3313947420101613e-06
n,14.104450225830078, 26.996305465698242, -1.3313947420101613e-06
n,14.104450225830078, 26.996305465698242, -1.3313947420101613e-06
n,14.104450225830078, 26.996305465698242, -1.3313947420101613e-06
n,14.104450225830078, 26.996305465698242, -1.3313947420101613e-06
n,14.104450225830078, 26.996305465698242, -1.3313947420101613e-06
n,14.104450225830078, 26.996305465698242, -1.3313947420101613e-06
n,14.104450225830078, 26.996305465698242, -1.3313947420101613e-06
n,14.104450225830078, 26.996305465698242, -1.3313947420101613e-06
n,14.104450225830078, 26.996305465698242, -1.3313947420101613e-06
n,14.104450225830078, 26.996305465698242, -1.3313947420101613e-06
n,14.104450225830078, 26.996305465698242, -1.3313947420101613e-06
n,14.104450225830078, 26.996305465698242, -1.3313947420101613e-06
n,14.104450225830078, 26.996305465698242, -1.3313947420101613e-06
n,14.104450225830078, 26.996305465698242, -1.3313947420101613e-06
n,14.104450225830078, 26.996305465698242, -1.3313947420101613e-06
n,14.104450225830078, 26.996305465698242, -1.3313947420101613e-06
n,14.104450225830078, 26.996305465698242, -1.3313947420101613e-06
n,14.104450225830078, 26.996305465698242, -1.3313947420101613e-06
n,14.104450225830078, 26.996305465698242, -1.3313947420101613e-06
n,14.104450225830078, 26.996305465698242, -1.3313947420101613e-06
n,14.104450225830078, 26.996305465698242, -1.3313947420101613e-06
n,14.104450225830078, 26.996305465698242, -1.3313947420101613e-06
n,14.104450225830078, 26.996305465698242, -1.3313947420101613e-06
n,14.104450225830078, 26.996305465698242, -1.3313947420101613e-06
n,14.104450225830078, 26.996305465698242, -1.3313947420101613e-06
n,14.104450225830078, 26.996305465698242, -1.3313947420101613e-06
n,14.104450225830078, 26.996305465698242, -1.3313947420101613e-06
n,14.104450225830078, 26.996305465698242, -1.3313947420101613e-06
n,14.104450225830078, 26.996305465698242, -1.3313947420101613e-06
n,14.104450225830078, 26.996305465698242, -1.3313947420101613e-06
n,14.104450225830078, 26.996305465698242, -1.3313947420101613e-06
n,14.104450225830078, 26.996305465698242, -1.3313947420101613e-06
n,14.104450225830078, 26.996305465698242, -1.3313947420101613e-06
n,14.104450225830078, 26.996305465698242, -1.3313947420101613e-06
n,14.104450225830078, 26.996305465698242, -1.3313947420101613e-06
n,14.104450225830078, 26.996305465698242, -1.3313947420101613e-06
n,14.104450225830078, 26.996305465698242, -1.3313947420101613e-06
n,14.104450225830078, 26.996305465698242, -1.3313947420101613e-06
n,14.104450225830078, 26.996305465698242, -1.3313947420101613e-06
n,14.104450225830078, 26.996305465698242, -1.3313947420101613e-06
n,14.104450225830078, 26.996305465698242, -1.3313947420101613e-06
n,14.104450225830078, 26.996305465698242, -1.3313947420101613e-06
n,14.104450225830078, 26.996305465698242, -1.3313947420101613e-06
n,14.104450225830078, 26.996305465698242, -1.3313947420101613e-06
n,14.104450225830078, 26.996305465698242, -1.3313947420101613e-06
n,14.104450225830078, 26.996305465698242, -1.3313947420101613e-06
n,14.104450225830078, 26.996305465698242, -1.3313947420101613e-06
n,14.104450225830078, 26.996305465698242, -1.3313947420101613e-06
n,14.104450225830078, 26.996305465698242, -1.3313947420101613e-06
n,14.104450225830078, 26.996305465698242, -1.3313947420101613e-06
n,14.104450225830078, 26.996305465698242, -1.3313947420101613e-06
n,14.104450225830078, 26.996305465698242, -1.3313947420101613e-06
n,14.104450225830078, 26.996305465698242, -1.3313947420101613e-06
n,14.104450225830078, 26.996305465698242, -1.3313947420101613e-06
n,14.104450225830078, 26.996305465698242, -1.3313947420101613e-06
n,14.104450225830078, 26.996305465698242, -1.3313947420101613e-06
n,14.104450225830078, 26.996305465698242, -1.3313947420101613e-06
n,14.104450225830078, 26.996305465698242, -1.3313947420101613e-06
n,14.104450225830078, 26.996305465698242, -1.3313947420101613e-06
n,14.104450225830078, 26.996305465698242, -1.3313947420101613e-06
n,14.104450225830078, 26.996305465698242, -1.3313947420101613e-06
n,14.104450225830078, 26.996305465698242, -1.3313947420101613e-06
n,14.104450225830078, 26.996305465698242, -1.3313947420101613e-06
n,14.104450225830078, 26.996305465698242, -1.3313947420101613e-06
n,14.104450225830078, 26.996305465698242, -1.3313947420101613e-06
n,14.104450225830078, 26.996305465698242, -1.3313947420101613e-06
n,14.104450225830078, 26.996305465698242, -1.3313947420101613e-06
n,14.104450225830078, 26.996305465698242, -1.3313947420101613e-06
n,14.104450225830078, 26.996305465698242, -1.3313947420101613e-06
n,14.104450225830078, 26.996305465698242, -1.3313947420101613e-06
n,14.104450225830078, 26.996305465698242, -1.3313947420101613e-06
n,14.104450225830078, 26.996305465698242, -1.3313947420101613e-06
n,14.104450225830078, 26.996305465698242, -1.3313947420101613e-06
n,14.104450225830078, 26.996305465698242, -1.3313947420101613e-06
n,14.104450225830078, 26.996305465698242, -1.3313947420101613e-06
n,14.104450225830078, 26.996305465698242, -1.3313947420101613e-06
n,14.104450225830078, 26.996305465698242, -1.3313947420101613e-06
n,14.104450225830078, 26.996305465698242, -1.3313947420101613e-06
n,14.104450225830078, 26.996305465698242, -1.3313947420101613e-06
n,14.104450225830078, 26.996305465698242, -1.3313947420101613e-06
n,14.104450225830078, 26.996305465698242, -1.3313947420101613e-06
n,14.104450225830078, 26.996305465698242, -1.3313947420101613e-06
n,14.104450225830078, 26.996305465698242, -1.3313947420101613e-06
n,14.104450225830078, 26.996305465698242, -1.3313947420101613e-06
n,0.7301453351974487, -0.3814721703529358, -30.44761848449707
n,-11.47284984588623, 5.994087219238281, -27.571374893188477
n,0.7535393238067627, -0.39369457960128784, -30.44689178466797
n,-11.359612464904785, 5.934925079345703, -27.63099479675293
n,0.7730942964553833, -0.4039112329483032, -30.446266174316406
n,26.235021591186523, -13.706710815429688, 7.182319641113281
n,0.789683997631073, -0.41257867217063904, -30.44572639465332
n,-11.271615982055664, 5.888950347900391, -27.67683219909668
n,0.8039344549179077, -0.42002391815185547, -30.44525146484375
n,26.760189056396484, -13.981088638305664, 4.019634246826172
n,-26.678024291992188, 13.938161849975586, -4.663329601287842
n,-11.201261520385742, 5.852193355560303, -27.713163375854492
n,-11.143742561340332, 5.822141647338867, -27.7426700592041
n,26.726791381835938, -13.963640213012695, 4.2931742668151855
n,-11.095830917358398, 5.797110080718994, -27.76710319519043
n,-11.05531120300293, 5.77593994140625, -27.787670135498047
n,26.70066261291504, -13.949989318847656, 4.49536657333374
n,-11.020682334899902, 5.757848262786865, -27.80517578125
n,16.728118896484375, -8.739749908447266, -23.906545639038086
n,-11.048823356628418, 5.772550582885742, -27.790956497192383
n,26.679746627807617, -13.939061164855957, 4.650769233703613
n,26.662630081176758, -13.930118560791016, 4.774097919464111
n,26.64838409423828, -13.922676086425781, 4.874294281005859
n,26.6363525390625, -13.916390419006348, 4.957300186157227
n,26.626062393188477, -13.91101360321045, 5.027185440063477
n,26.61716079711914, -13.906362533569336, 5.086834907531738
n,26.609397888183594, -13.90230655670166, 5.138274192810059
n,26.61529541015625, -13.905387878417969, 5.099246025085449
n,-26.6247501373291, 13.910327911376953, -5.036026954650879
n,-26.64137840270996, 13.919015884399414, -4.922791957855225
n,-26.660083770751953, 13.928788185119629, -4.792172431945801
n,26.584897994995117, -13.889506340026855, 5.297245025634766
n,-26.681209564208984, 13.939826011657715, -4.640074253082275
n,26.543373107910156, -13.867812156677246, 5.55600118637085
n,-26.705245971679688, 13.952383995056152, -4.460587978363037
n,26.492399215698242, -13.841180801391602, 5.857517719268799
n,-26.732772827148438, 13.966765403747559, -4.245508193969727
n,-26.764440536499023, 13.98331069946289, -3.9834342002868652
n,26.428709030151367, -13.807905197143555, 6.2129807472229
n,-26.801023483276367, 14.002423286437988, -3.656949281692505
n,26.347360610961914, -13.765402793884277, 6.638246059417725
n,-26.843215942382812, 14.024466514587402, -3.239152669906616
n,26.240694046020508, -13.709674835205078, 7.155885219573975
n,-26.891155242919922, 14.049513816833496, -2.685685873031616
n,26.0964298248291, -13.634302139282227, 7.798608303070068
n,-26.942659378051758, 14.076422691345215, -1.9192543029785156
n,-26.98723030090332, 14.099708557128906, -0.7896735668182373
n,25.89348030090332, -13.52826976776123, 8.6168212890625
n,-26.98200798034668, 14.096981048583984, 0.9911701679229736
n,-26.85451316833496, 14.030369758605957, 3.117659091949463
n,25.59348487854004, -13.37153434753418, 9.690801620483398
n,-26.5637264251709, 13.878445625305176, 5.43076229095459
n,25.120914459228516, -13.124635696411133, 11.154351234436035
n,-26.07017707824707, 13.620586395263672, 7.909581661224365
n,-25.336780548095703, 13.237417221069336, 10.514483451843262
n,24.310588836669922, -12.701272964477539, 13.244207382202148
n,-24.335771560668945, 12.714432716369629, 13.18519401550293
n,22.754920959472656, -11.88850212097168, 16.389419555664062
n,-23.056352615356445, 12.045989036560059, 15.84407901763916
n,-21.51102638244629, 11.23862075805664, 18.40394401550293
n,19.76423454284668, -10.3259916305542, 20.74813461303711
n,-19.738033294677734, 10.312304496765137, 20.77985954284668
n,17.042022705078125, -8.903748512268066, 23.622631072998047
n,-17.79605484008789, 9.297701835632324, 22.903913497924805
n,14.375931739807129, -7.51082706451416, 25.78092384338379
n,-15.756057739257812, 8.231888771057129, 24.732948303222656
n,-13.689035415649414, 7.151954650878906, 26.252540588378906
n,11.90479564666748, -6.219760417938232, 27.337270736694336
n,-11.066605567932129, 5.781844139099121, 27.781946182250977
n,9.691110610961914, -5.063201904296875, 28.42854881286621
n,-8.515576362609863, 4.449037075042725, 28.90375518798828
n,7.746387958526611, -4.047165393829346, 29.177902221679688
n,-6.615010738372803, 3.4560704231262207, 29.530210494995117
n,-5.167098522186279, 2.6995961666107178, 29.895641326904297
n,6.054337501525879, -3.1631388664245605, 29.682918548583984
n,-4.037129878997803, 2.10923433303833, 30.116252899169922
n,4.586853504180908, -2.39643931388855, 30.015893936157227
n,14.600132942199707, -7.627962589263916, 25.620038986206055
n,-3.135300874710083, 1.638066291809082, 30.25264549255371
n,-16.290742874145508, 8.511239051818848, 24.287988662719727
n,13.933136940002441, -7.279484748840332, 26.088558197021484
n,-2.4013185501098633, 1.2545908689498901, 30.338022232055664
n,3.3135299682617188, -1.7311804294586182, 30.228456497192383
n,13.358378410339355, -6.979197025299072, 26.468482971191406
n,12.859177589416504, -6.718385696411133, 26.781354904174805
n,-1.7934448719024658, 0.9370021224021912, 30.39147186279297
n,2.205383062362671, -1.1522196531295776, 30.35695457458496
n,12.422039985656738, -6.489999294281006, 27.042724609375
n,-1.2825512886047363, 0.670081377029419, 30.42436408996582
n,-26.596885681152344, 13.895770072937012, -5.220099449157715
n,12.036666870117188, -6.288658142089844, 27.263668060302734
n,-0.8475732207298279, 0.4428233802318573, 30.443742752075195
n,1.2370598316192627, -0.6463109850883484, 30.42676544189453
n,11.694520950317383, -6.109900951385498, 27.452564239501953
n,11.388955116271973, -5.950254917144775, 27.615615844726562
n,-0.47304272651672363, 0.24714671075344086, 30.454084396362305
n,0.3867475390434265, -0.20205804705619812, 30.45563316345215
n,11.114535331726074, -5.806882381439209, 27.75758171081543
n,10.86678695678711, -5.6774444580078125, 27.882173538208008
n,-0.14735402166843414, 0.0769878625869751, 30.458303451538086
n,26.929609298706055, -14.069604873657227, 2.139704465866089
n,10.642189025878906, -5.56010103225708, 27.992233276367188
n,6.165250852063764e-07, 1.1800459560618037e-06, 30.458759307861328
n,10.437592506408691, -5.453207969665527, 28.09012794494629
n,10.156576156616211, -5.3063883781433105, 28.2209529876709
n,6.165250852063764e-07, 1.1800459560618037e-06, 30.458759307861328
n,-1.4501436948776245, 0.7576384544372559, -30.414785385131836
n,9.801393508911133, -5.12082052230835, 28.38037872314453
n,-1.292852759361267, 0.6754604578018188, -30.423810958862305
n,9.465989112854004, -4.945585250854492, 28.524940490722656
n,-1.1428794860839844, 0.5971056818962097, -30.43145179748535
n,9.148921012878418, -4.779930591583252, 28.656333923339844
n,-0.999606192111969, 0.522251307964325, -30.4378719329834
n,-0.8626048564910889, 0.45067378878593445, -30.443206787109375
n,8.84886360168457, -4.623163223266602, 28.776031494140625
n,-0.7314826250076294, 0.38216784596443176, -30.44757652282715
n,8.564571380615234, -4.4746317863464355, 28.88532066345215
n,-0.6058775782585144, 0.31654441356658936, -30.451087951660156
n,8.295004844665527, -4.333794593811035, 28.98529052734375
n,-0.48545530438423157, 0.2536287307739258, -30.45383644104004
n,8.039103507995605, -4.200096607208252, 29.07693099975586
n,-0.3699105679988861, 0.19326141476631165, -30.455902099609375
n,7.795929431915283, -4.0730485916137695, 29.161102294921875
n,-0.25895777344703674, 0.13529320061206818, -30.45735740661621
n,7.564584255218506, -3.9521801471710205, 29.23855972290039
n,-0.15233372151851654, 0.07958655804395676, -30.458274841308594
n,7.3443427085876465, -3.83711314201355, 29.309951782226562
n,-0.049794696271419525, 0.026014162227511406, -30.458707809448242
n,7.134441375732422, -3.7274484634399414, 29.375871658325195
n,0.15583451092243195, -0.08141856640577316, -30.458250045776367
n,6.95593786239624, -3.634187698364258, 29.43031883239746
n,0.3551512658596039, -0.18555331230163574, -30.456125259399414
n,-12.685240745544434, 6.627511024475098, -26.886741638183594
n,0.4778800308704376, -0.2496740072965622, -30.45398712158203
n,26.86276626586914, -14.03468132019043, 3.0258262157440186
n,0.5609480738639832, -0.2930735945701599, -30.45218276977539
n,-12.153985977172852, 6.349952220916748, -27.197330474853516
n,0.6209018230438232, -0.3243969678878784, -30.450702667236328
n,-11.835733413696289, 6.183678150177002, -27.37541961669922
n,0.6662108302116394, -0.34806904196739197, -30.449481964111328
n,-11.623991966247559, 6.073052406311035, -27.49066925048828
n,0.7016567587852478, -0.3665880560874939, -30.448471069335938
n,26.80400276184082, -14.003979682922363, 3.6290283203125
n,0.7301453351974487, -0.3814721703529358, -30.44761848449707
n,-11.47284984588623, 5.994087219238281, -27.571374893188477
n,0.7535393238067627, -0.39369457960128784, -30.44689178466797
n,-11.359612464904785, 5.934925079345703, -27.63099479675293
n,0.7730942964553833, -0.4039112329483032, -30.446266174316406
n,26.235021591186523, -13.706710815429688, 7.182319641113281
n,0.789683997631073, -0.41257867217063904, -30.44572639465332
n,-11.271615982055664, 5.888950347900391, -27.67683219909668
n,0.8039344549179077, -0.42002391815185547, -30.44525146484375
n,26.760189056396484, -13.981088638305664, 4.019634246826172
n,-26.678024291992188, 13.938161849975586, -4.663329601287842
n,-11.201261520385742, 5.852193355560303, -27.713163375854492
n,-11.143742561340332, 5.822141647338867, -27.7426700592041
n,26.726791381835938, -13.963640213012695, 4.2931742668151855
n,-11.095830917358398, 5.797110080718994, -27.76710319519043
n,-11.05531120300293, 5.77593994140625, -27.787670135498047
n,26.70066261291504, -13.949989318847656, 4.49536657333374
n,-11.020682334899902, 5.757848262786865, -27.80517578125
n,16.728118896484375, -8.739749908447266, -23.906545639038086
n,-11.048823356628418, 5.772550582885742, -27.790956497192383
n,26.679746627807617, -13.939061164855957, 4.650769233703613
n,26.662630081176758, -13.930118560791016, 4.774097919464111
n,26.64838409423828, -13.922676086425781, 4.874294281005859
n,26.6363525390625, -13.916390419006348, 4.957300186157227
n,26.626062393188477, -13.91101360321045, 5.027185440063477
n,26.61716079711914, -13.906362533569336, 5.086834907531738
n,26.609397888183594, -13.90230655670166, 5.138274192810059
n,26.61529541015625, -13.905387878417969, 5.099246025085449
n,-26.6247501373291, 13.910327911376953, -5.036026954650879
n,-26.64137840270996, 13.919015884399414, -4.922791957855225
n,-26.660083770751953, 13.928788185119629, -4.792172431945801
n,26.584897994995117, -13.889506340026855, 5.297245025634766
n,-26.681209564208984, 13.939826011657715, -4.640074253082275
n,26.543373107910156, -13.867812156677246, 5.55600118637085
n,-26.705245971679688, 13.952383995056152, -4.460587978363037
n,26.492399215698242, -13.841180801391602, 5.857517719268799
n,-26.732772827148438, 13.966765403747559, -4.245508193969727
n,-26.764440536499023, 13.98331069946289, -3.9834342002868652
n,26.428709030151367, -13.807905197143555, 6.2129807472229
n,-26.801023483276367, 14.002423286437988, -3.656949281692505
n,26.347360610961914, -13.765402793884277, 6.638246059417725
n,-26.843215942382812, 14.024466514587402, -3.239152669906616
n,26.240694046020508, -13.709674835205078, 7.155885219573975
n,-26.891155242919922, 14.049513816833496, -2.685685873031616
n,26.0964298248291, -13.634302139282227, 7.798608303070068
n,-26.942659378051758, 14.076422691345215, -1.9192543029785156
n,-26.98723030090332, 14.099708557128906, -0.7896735668182373
n,25.89348030090332, -13.52826976776123, 8.6168212890625
n,-26.98200798034668, 14.096981048583984, 0.9911701679229736
n,-26.85451316833496, 14.030369758605957, 3.117659091949463
n,25.59348487854004, -13.37153434753418, 9.690801620483398
n,-26.5637264251709, 13.878445625305176, 5.43076229095459
n,25.120914459228516, -13.124635696411133, 11.154351234436035
n,-26.07017707824707, 13.620586395263672, 7.909581661224365
n,-25.336780548095703, 13.237417221069336, 10.514483451843262
n,24.310588836669922, -12.701272964477539, 13.244207382202148
n,-24.335771560668945, 12.714432716369629, 13.18519401550293
n,22.754920959472656, -11.88850212097168, 16.389419555664062
n,-23.056352615356445, 12.045989036560059, 15.84407901763916
n,-21.51102638244629, 11.23862075805664, 18.40394401550293
n,19.76423454284668, -10.3259916305542, 20.74813461303711
n,-19.738033294677734, 10.312304496765137, 20.77985954284668
n,17.042022705078125, -8.903748512268066, 23.622631072998047
n,-17.79605484008789, 9.297701835632324, 22.903913497924805
n,14.375931739807129, -7.51082706451416, 25.78092384338379
n,-15.756057739257812, 8.231888771057129, 24.732948303222656
n,-13.689035415649414, 7.151954650878906, 26.252540588378906
n,11.90479564666748, -6.219760417938232, 27.337270736694336
n,-11.066605567932129, 5.781844139099121, 27.781946182250977
n,9.691110610961914, -5.063201904296875, 28.42854881286621
n,-8.515576362609863, 4.449037075042725, 28.90375518798828
n,7.746387958526611, -4.047165393829346, 29.177902221679688
n,-6.615010738372803, 3.4560704231262207, 29.530210494995117
n,-5.167098522186279, 2.6995961666107178, 29.895641326904297
n,6.054337501525879, -3.1631388664245605, 29.682918548583984
n,-4.037129878997803, 2.10923433303833, 30.116252899169922
n,4.586853504180908, -2.39643931388855, 30.015893936157227
n,14.600132942199707, -7.627962589263916, 25.620038986206055
n,-3.135300874710083, 1.638066291809082, 30.25264549255371
n,-16.290742874145508, 8.511239051818848, 24.287988662719727
n,13.933136940002441, -7.279484748840332, 26.088558197021484
n,-2.4013185501098633, 1.2545908689498901, 30.338022232055664
n,3.3135299682617188, -1.7311804294586182, 30.228456497192383
n,13.358378410339355, -6.979197025299072, 26.468482971191406
n,12.859177589416504, -6.718385696411133, 26.781354904174805
n,-1.7934448719024658, 0.9370021224021912, 30.39147186279297
n,2.205383062362671, -1.1522196531295776, 30.35695457458496
n,12.422039985656738, -6.489999294281006, 27.042724609375
n,-1.2825512886047363, 0.670081377029419, 30.42436408996582
n,-26.596885681152344, 13.895770072937012, -5.220099449157715
n,12.036666870117188, -6.288658142089844, 27.263668060302734
n,-0.8475732207298279, 0.4428233802318573, 30.443742752075195
n,1.2370598316192627, -0.6463109850883484, 30.42676544189453
n,11.694520950317383, -6.109900951385498, 27.452564239501953
n,11.388955116271973, -5.950254917144775, 27.615615844726562
n,-0.47304272651672363, 0.24714671075344086, 30.454084396362305
n,0.3867475390434265, -0.20205804705619812, 30.45563316345215
n,11.114535331726074, -5.806882381439209, 27.75758171081543
n,10.86678695678711, -5.6774444580078125, 27.882173538208008
n,-0.14735402166843414, 0.0769878625869751, 30.458303451538086
n,26.929609298706055, -14.069604873657227, 2.139704465866089
n,10.642189025878906, -5.56010103225708, 27.992233276367188
n,6.165250852063764e-07, 1.1800459560618037e-06, 30.458759307861328
n,10.437592506408691, -5.453207969665527, 28.09012794494629
n,10.156576156616211, -5.3063883781433105, 28.2209529876709
n,6.165250852063764e-07, 1.1800459560618037e-06, 30.458759307861328
n,-1.4501436948776245, 0.7576384544372559, -30.414785385131836
n,9.801393508911133, -5.12082052230835, 28.38037872314453
n,-1.292852759361267, 0.6754604578018188, -30.423810958862305
n,9.465989112854004, -4.945585250854492, 28.524940490722656
n,-1.1428794860839844, 0.5971056818962097, -30.43145179748535
n,9.148921012878418, -4.779930591583252, 28.656333923339844
n,-0.999606192111969, 0.522251307964325, -30.4378719329834
n,-0.8626048564910889, 0.45067378878593445, -30.443206787109375
n,8.84886360168457, -4.623163223266602, 28.776031494140625
n,-0.7314826250076294, 0.38216784596443176, -30.44757652282715
n,8.564571380615234, -4.4746317863464355, 28.88532066345215
n,-0.6058775782585144, 0.31654441356658936, -30.451087951660156
n,8.295004844665527, -4.333794593811035, 28.98529052734375
n,-0.48545530438423157, 0.2536287307739258, -30.45383644104004
n,8.039103507995605, -4.200096607208252, 29.07693099975586
n,-0.3699105679988861, 0.19326141476631165, -30.455902099609375
n,7.795929431915283, -4.0730485916137695, 29.161102294921875
n,-0.25895777344703674, 0.13529320061206818, -30.45735740661621
n,7.564584255218506, -3.9521801471710205, 29.23855972290039
n,-0.15233372151851654, 0.07958655804395676, -30.458274841308594
n,7.3443427085876465, -3.83711314201355, 29.309951782226562
n,-0.049794696271419525, 0.026014162227511406, -30.458707809448242
n,7.134441375732422, -3.7274484634399414, 29.375871658325195
n,0.15583451092243195, -0.08141856640577316, -30.458250045776367
n,6.95593786239624, -3.634187698364258, 29.43031883239746
n,0.3551512658596039, -0.18555331230163574, -30.456125259399414
n,-12.685240745544434, 6.627511024475098, -26.886741638183594
n,0.4778800308704376, -0.2496740072965622, -30.45398712158203
n,26.86276626586914, -14.03468132019043, 3.0258262157440186
n,0.5609480738639832, -0.2930735945701599, -30.45218276977539
n,-12.153985977172852, 6.349952220916748, -27.197330474853516
n,0.6209018230438232, -0.3243969678878784, -30.450702667236328
n,-11.835733413696289, 6.183678150177002, -27.37541961669922
n,0.6662108302116394, -0.34806904196739197, -30.449481964111328
n,-11.623991966247559, 6.073052406311035, -27.49066925048828
n,0.7016567587852478, -0.3665880560874939, -30.448471069335938
n,26.80400276184082, -14.003979682922363, 3.6290283203125
u,0.03769427537918091, 0.5651541650295258, 0
u,0.034741051495075226, 0.5632553696632385, 0
u,0.023264097049832344, 0.5719406604766846, 0
u,0.04097063094377518, 0.5671283900737762, 0
u,0.03769427537918091, 0.5651541650295258, 0
u,0.023264097049832344, 0.5719406604766846, 0
u,0.04457010701298714, 0.5691780149936676, 0
u,0.04097063094377518, 0.5671283900737762, 0
u,0.023264097049832344, 0.5719406604766846, 0
u,0.04849269613623619, 0.5713030397891998, 0
u,0.04457010701298714, 0.5691780149936676, 0
u,0.023264097049832344, 0.5719406604766846, 0
u,0.052738405764102936, 0.5735034346580505, 0
u,0.04849269613623619, 0.5713030397891998, 0
u,0.023264097049832344, 0.5719406604766846, 0
u,0.052738405764102936, 0.5735034346580505, 0
u,0.023264097049832344, 0.5719406604766846, 0
u,0.07754699140787125, 0.8839896991848946, 0
u,0.05730721354484558, 0.5757791996002197, 0
u,0.052738405764102936, 0.5735034346580505, 0
u,0.07754699140787125, 0.8839896991848946, 0
u,0.06219914183020592, 0.5781303942203522, 0
u,0.05730721354484558, 0.5757791996002197, 0
u,0.07754699140787125, 0.8839896991848946, 0
u,0.06741416454315186, 0.5805569887161255, 0
u,0.06219914183020592, 0.5781303942203522, 0
u,0.07754699140787125, 0.8839896991848946, 0
u,0.07295231521129608, 0.5830589532852173, 0
u,0.06741416454315186, 0.5805569887161255, 0
u,0.07754699140787125, 0.8839896991848946, 0
u,0.0788135826587677, 0.5856362879276276, 0
u,0.07295231521129608, 0.5830589532852173, 0
u,0.07754699140787125, 0.8839896991848946, 0
u,0.08499794453382492, 0.5882890522480011, 0
u,0.0788135826587677, 0.5856362879276276, 0
u,0.07754699140787125, 0.8839896991848946, 0
u,0.09150543063879013, 0.5910171866416931, 0
u,0.08499794453382492, 0.5882890522480011, 0
u,0.07754699140787125, 0.8839896991848946, 0
u,0.09830370545387268, 0.5937776565551758, 0
u,0.09150543063879013, 0.5910171866416931, 0
u,0.07754699140787125, 0.8839896991848946, 0
u,0.1053604930639267, 0.5965273380279541, 0
u,0.09830370545387268, 0.5937776565551758, 0
u,0.07754699140787125, 0.8839896991848946, 0
u,0.112675741314888, 0.5992662608623505, 0
u,0.1053604930639267, 0.5965273380279541, 0
u,0.07754699140787125, 0.8839896991848946, 0
u,0.12024948745965958, 0.6019944250583649, 0
u,0.112675741314888, 0.5992662608623505, 0
u,0.11135745793581009, 0.626533716917038, 0
u,0.11135745793581009, 0.626533716917038, 0
u,0.112675741314888, 0.5992662608623505, 0
u,0.07754699140787125, 0.8839896991848946, 0
u,0.12808172404766083, 0.6047118008136749, 0
u,0.12024948745965958, 0.6019944250583649, 0
u,0.11135745793581009, 0.626533716917038, 0
u,0.13617245852947235, 0.6074183881282806, 0
u,0.12808172404766083, 0.6047118008136749, 0
u,0.11135745793581009, 0.626533716917038, 0
u,0.14452168345451355, 0.6101142168045044, 0
u,0.13617245852947235, 0.6074183881282806, 0
u,0.11135745793581009, 0.626533716917038, 0
u,0.15312939882278442, 0.6127992868423462, 0
u,0.14452168345451355, 0.6101142168045044, 0
u,0.11135745793581009, 0.626533716917038, 0
u,0.16199560463428497, 0.615473598241806, 0
u,0.15312939882278442, 0.6127992868423462, 0
u,0.11135745793581009, 0.626533716917038, 0
u,0.1711203157901764, 0.6181371212005615, 0
u,0.16199560463428497, 0.615473598241806, 0
u,0.11135745793581009, 0.626533716917038, 0
u,0.1805035024881363, 0.6207898557186127, 0
u,0.1711203157901764, 0.6181371212005615, 0
u,0.11135745793581009, 0.626533716917038, 0
u,0.19014519453048706, 0.6234318315982819, 0
u,0.1805035024881363, 0.6207898557186127, 0
u,0.11135745793581009, 0.626533716917038, 0
u,0.22271491587162018, 0.6321170926094055, 0
u,0.19014519453048706, 0.6234318315982819, 0
u,0.11135745793581009, 0.626533716917038, 0
u,0.22271491587162018, 0.6321170926094055, 0
u,0.11135745793581009, 0.626533716917038, 0
u,0.11249050498008728, 0.6271368563175201, 0
u,0.11163745820522308, 0.6293383538722992, 0
u,0.11135745793581009, 0.626533716917038, 0
u,0.07754699140787125, 0.8839896991848946, 0
u,0.22271491587162018, 0.6321170926094055, 0
u,0.11249050498008728, 0.6271368563175201, 0
u,0.11402852088212967, 0.627912312746048, 0
u,0.22271491587162018, 0.6321170926094055, 0
u,0.11402852088212967, 0.627912312746048, 0
u,0.11597152054309845, 0.6288601160049438, 0
u,0.22271491587162018, 0.6321170926094055, 0
u,0.11597152054309845, 0.6288601160049438, 0
u,0.11831945925951004, 0.6299802362918854, 0
u,0.11206396669149399, 0.6328925788402557, 0
u,0.11163745820522308, 0.6293383538722992, 0
u,0.07754699140787125, 0.8839896991848946, 0
u,0.22271491587162018, 0.6321170926094055, 0
u,0.11831945925951004, 0.6299802362918854, 0
u,0.12107237428426743, 0.631272703409195, 0
u,0.22271491587162018, 0.6321170926094055, 0
u,0.12107237428426743, 0.631272703409195, 0
u,0.1242302656173706, 0.6327374577522278, 0
u,0.23295113444328308, 0.6743026673793793, 0
u,0.22271491587162018, 0.6321170926094055, 0
u,0.1242302656173706, 0.6327374577522278, 0
u,0.23295113444328308, 0.6743026673793793, 0
u,0.1242302656173706, 0.6327374577522278, 0
u,0.12779313325881958, 0.634374588727951, 0
u,0.11263696104288101, 0.63719642162323, 0
u,0.11206396669149399, 0.6328925788402557, 0
u,0.07754699140787125, 0.8839896991848946, 0
u,0.23295113444328308, 0.6743026673793793, 0
u,0.12779313325881958, 0.634374588727951, 0
u,0.13176093995571136, 0.6361840069293976, 0
u,0.23295113444328308, 0.6743026673793793, 0
u,0.13176093995571136, 0.6361840069293976, 0
u,0.13613373041152954, 0.6381657421588898, 0
u,0.11335643380880356, 0.6422499120235443, 0
u,0.11263696104288101, 0.63719642162323, 0
u,0.07754699140787125, 0.8839896991848946, 0
u,0.23295113444328308, 0.6743026673793793, 0
u,0.13613373041152954, 0.6381657421588898, 0
u,0.14091148972511292, 0.64031982421875, 0
u,0.23295113444328308, 0.6743026673793793, 0
u,0.14091148972511292, 0.64031982421875, 0
u,0.14609423279762268, 0.6426462233066559, 0
u,0.11422238498926163, 0.648052990436554, 0
u,0.11335643380880356, 0.6422499120235443, 0
u,0.07754699140787125, 0.8839896991848946, 0
u,0.23295113444328308, 0.6743026673793793, 0
u,0.14609423279762268, 0.6426462233066559, 0
u,0.15168191492557526, 0.6451449692249298, 0
u,0.23295113444328308, 0.6743026673793793, 0
u,0.15168191492557526, 0.6451449692249298, 0
u,0.2270575761795044, 0.678955465555191, 0
u,0.11523479968309402, 0.6546057164669037, 0
u,0.11422238498926163, 0.648052990436554, 0
u,0.07754699140787125, 0.8839896991848946, 0
u,0.11639368534088135, 0.6619080603122711, 0
u,0.11523479968309402, 0.6546057164669037, 0
u,0.07754699140787125, 0.8839896991848946, 0
u,0.11769906431436539, 0.6699600219726562, 0
u,0.11639368534088135, 0.6619080603122711, 0
u,0.07754699140787125, 0.8839896991848946, 0
u,0.11915091425180435, 0.6787616014480591, 0
u,0.11769906431436539, 0.6699600219726562, 0
u,0.07754699140787125, 0.8839896991848946, 0
u,0.12074925005435944, 0.6883127987384796, 0
u,0.11915091425180435, 0.6787616014480591, 0
u,0.07754699140787125, 0.8839896991848946, 0
u,0.12249407172203064, 0.6986136436462402, 0
u,0.12074925005435944, 0.6883127987384796, 0
u,0.07754699140787125, 0.8839896991848946, 0
u,0.12438534200191498, 0.7096640765666962, 0
u,0.12249407172203064, 0.6986136436462402, 0
u,0.07754699140787125, 0.8839896991848946, 0
u,0.15788565576076508, 0.9069436118006706, 0
u,0.12438534200191498, 0.7096640765666962, 0
u,0.07754699140787125, 0.8839896991848946, 0
u,0.15788565576076508, 0.9069436118006706, 0
u,0.07754699140787125, 0.8839896991848946, 0
u,0.07908285409212112, 0.8931510150432587, 0
u,0.15788565576076508, 0.9069436118006706, 0
u,0.07908285409212112, 0.8931510150432587, 0
u,0.08048517256975174, 0.901713490486145, 0
u,0.15788565576076508, 0.9069436118006706, 0
u,0.08048517256975174, 0.901713490486145, 0
u,0.0817539170384407, 0.9096771329641342, 0
u,0.15936551988124847, 0.9153230041265488, 0
u,0.15788565576076508, 0.9069436118006706, 0
u,0.0817539170384407, 0.9096771329641342, 0
u,0.15936551988124847, 0.9153230041265488, 0
u,0.0817539170384407, 0.9096771329641342, 0
u,0.0828891173005104, 0.9170419424772263, 0
u,0.1608065813779831, 0.9230906292796135, 0
u,0.15936551988124847, 0.9153230041265488, 0
u,0.0828891173005104, 0.9170419424772263, 0
u,0.1608065813779831, 0.9230906292796135, 0
u,0.0828891173005104, 0.9170419424772263, 0
u,0.08389077335596085, 0.9238079190254211, 0
u,0.1622088998556137, 0.9302464947104454, 0
u,0.1608065813779831, 0.9230906292796135, 0
u,0.08389077335596085, 0.9238079190254211, 0
u,0.1622088998556137, 0.9302464947104454, 0
u,0.08389077335596085, 0.9238079190254211, 0
u,0.08475885540246964, 0.9299750626087189, 0
u,0.1622088998556137, 0.9302464947104454, 0
u,0.08475885540246964, 0.9299750626087189, 0
u,0.08549339324235916, 0.9355433657765388, 0
u,0.16357244551181793, 0.9367905929684639, 0
u,0.1622088998556137, 0.9302464947104454, 0
u,0.08549339324235916, 0.9355433657765388, 0
u,0.16357244551181793, 0.9367905929684639, 0
u,0.08549339324235916, 0.9355433657765388, 0
u,0.08609438687562943, 0.9405128359794617, 0
u,0.16489718854427338, 0.9427229315042496, 0
u,0.16357244551181793, 0.9367905929684639, 0
u,0.08609438687562943, 0.9405128359794617, 0
u,0.16489718854427338, 0.9427229315042496, 0
u,0.08609438687562943, 0.9405128359794617, 0
u,0.08656183630228043, 0.9448834657669067, 0
u,0.16618318855762482, 0.9480435140430927, 0
u,0.16489718854427338, 0.9427229315042496, 0
u,0.08656183630228043, 0.9448834657669067, 0
u,0.16618318855762482, 0.9480435140430927, 0
u,0.08656183630228043, 0.9448834657669067, 0
u,0.08689571171998978, 0.9486552625894547, 0
u,0.16743040084838867, 0.9527523331344128, 0
u,0.16618318855762482, 0.9480435140430927, 0
u,0.08689571171998978, 0.9486552625894547, 0
u,0.16743040084838867, 0.9527523331344128, 0
u,0.08689571171998978, 0.9486552625894547, 0
u,0.08709604293107986, 0.9518282189965248, 0
u,0.16743040084838867, 0.9527523331344128, 0
u,0.08709604293107986, 0.9518282189965248, 0
u,0.0871628075838089, 0.9544023647904396, 0
u,0.16863882541656494, 0.9568493925035, 0
u,0.16743040084838867, 0.9527523331344128, 0
u,0.0871628075838089, 0.9544023647904396, 0
u,0.16863882541656494, 0.9568493925035, 0
u,0.0871628075838089, 0.9544023647904396, 0
u,0.08709385991096497, 0.956519827246666, 0
u,0.16863882541656494, 0.9568493925035, 0
u,0.08709385991096497, 0.956519827246666, 0
u,0.08688706159591675, 0.9585295952856541, 0
u,0.169808492064476, 0.9603347033262253, 0
u,0.16863882541656494, 0.9568493925035, 0
u,0.08688706159591675, 0.9585295952856541, 0
u,0.169808492064476, 0.9603347033262253, 0
u,0.08688706159591675, 0.9585295952856541, 0
u,0.08654240518808365, 0.9604316465556622, 0
u,0.1709393858909607, 0.9632082544267178, 0
u,0.169808492064476, 0.9603347033262253, 0
u,0.08654240518808365, 0.9604316465556622, 0
u,0.1709393858909607, 0.9632082544267178, 0
u,0.08654240518808365, 0.9604316465556622, 0
u,0.08605989068746567, 0.962226003408432, 0
u,0.1709393858909607, 0.9632082544267178, 0
u,0.08605989068746567, 0.962226003408432, 0
u,0.0854395180940628, 0.9639126472175121, 0
u,0.17203152179718018, 0.9654700458049774, 0
u,0.1709393858909607, 0.9632082544267178, 0
u,0.0854395180940628, 0.9639126472175121, 0
u,0.17203152179718018, 0.9654700458049774, 0
u,0.0854395180940628, 0.9639126472175121, 0
u,0.08468129485845566, 0.9654915928840637, 0
u,0.17308486998081207, 0.967120073735714, 0
u,0.17203152179718018, 0.9654700458049774, 0
u,0.08468129485845566, 0.9654915928840637, 0
u,0.17308486998081207, 0.967120073735714, 0
u,0.08468129485845566, 0.9654915928840637, 0
u,0.08378520607948303, 0.9669628255069256, 0
u,0.17308486998081207, 0.967120073735714, 0
u,0.08378520607948303, 0.9669628255069256, 0
u,0.08275123685598373, 0.9683263599872589, 0
u,0.17469829320907593, 0.9688541125506163, 0
u,0.17308486998081207, 0.967120073735714, 0
u,0.08275123685598373, 0.9683263599872589, 0
u,0.17469829320907593, 0.9688541125506163, 0
u,0.08275123685598373, 0.9683263599872589, 0
u,0.08157940953969955, 0.9695821963250637, 0
u,0.17664341628551483, 0.9704373572021723, 0
u,0.17469829320907593, 0.9688541125506163, 0
u,0.08157940953969955, 0.9695821963250637, 0
u,0.17664341628551483, 0.9704373572021723, 0
u,0.08157940953969955, 0.9695821963250637, 0
u,0.0802697241306305, 0.9707303214818239, 0
u,0.17892028391361237, 0.971869820728898, 0
u,0.17664341628551483, 0.9704373572021723, 0
u,0.0802697241306305, 0.9707303214818239, 0
u,0.17892028391361237, 0.971869820728898, 0
u,0.0802697241306305, 0.9707303214818239, 0
u,0.07882218062877655, 0.9717707466334105, 0
u,0.17892028391361237, 0.971869820728898, 0
u,0.07882218062877655, 0.9717707466334105, 0
u,0.07723677903413773, 0.9727034606039524, 0
u,0.18152888119220734, 0.9731515031307936, 0
u,0.17892028391361237, 0.971869820728898, 0
u,0.07723677903413773, 0.9727034606039524, 0
u,0.18152888119220734, 0.9731515031307936, 0
u,0.07723677903413773, 0.9727034606039524, 0
u,0.07536272704601288, 0.9735457114875317, 0
u,0.18446919322013855, 0.974282393231988, 0
u,0.18152888119220734, 0.9731515031307936, 0
u,0.07536272704601288, 0.9735457114875317, 0
u,0.18446919322013855, 0.974282393231988, 0
u,0.07536272704601288, 0.9735457114875317, 0
u,0.07304925471544266, 0.9743147194385529, 0
u,0.1877412497997284, 0.9752625003457069, 0
u,0.18446919322013855, 0.974282393231988, 0
u,0.07304925471544266, 0.9743147194385529, 0
u,0.1877412497997284, 0.9752625003457069, 0
u,0.07304925471544266, 0.9743147194385529, 0
u,0.07029633969068527, 0.9750104881823063, 0
u,0.1877412497997284, 0.9752625003457069, 0
u,0.07029633969068527, 0.9750104881823063, 0
u,0.06710398197174072, 0.9756330158561468, 0
u,0.19134502112865448, 0.9760918281972408, 0
u,0.1877412497997284, 0.9752625003457069, 0
u,0.06710398197174072, 0.9756330158561468, 0
u,0.19134502112865448, 0.9760918281972408, 0
u,0.06710398197174072, 0.9756330158561468, 0
u,0.0634721964597702, 0.9761823043227196, 0
u,0.195280522108078, 0.9767703600227833, 0
u,0.19134502112865448, 0.9760918281972408, 0
u,0.0634721964597702, 0.9761823043227196, 0
u,0.195280522108078, 0.9767703600227833, 0
u,0.0634721964597702, 0.9761823043227196, 0
u,0.05940097197890282, 0.9766583498567343, 0
u,0.195280522108078, 0.9767703600227833, 0
u,0.05940097197890282, 0.9766583498567343, 0
u,0.054890330880880356, 0.9770611673593521, 0
u,0.19954776763916016, 0.9772981125861406, 0
u,0.195280522108078, 0.9767703600227833, 0
u,0.054890330880880356, 0.9770611673593521, 0
u,0.19954776763916016, 0.9772981125861406, 0
u,0.054890330880880356, 0.9770611673593521, 0
u,0.049940239638090134, 0.9773907456547022, 0
u,0.20414672791957855, 0.9776750709861517, 0
u,0.19954776763916016, 0.9772981125861406, 0
u,0.049940239638090134, 0.9773907456547022, 0
u,0.20414672791957855, 0.9776750709861517, 0
u,0.049940239638090134, 0.9773907456547022, 0
u,0.044550731778144836, 0.9776470810174942, 0
u,0.20414672791957855, 0.9776750709861517, 0
u,0.044550731778144836, 0.9776470810174942, 0
u,0.038721777498722076, 0.9778301771730185, 0
u,0.20907741785049438, 0.9779012501239777, 0
u,0.20414672791957855, 0.9776750709861517, 0
u,0.038721777498722076, 0.9778301771730185, 0
u,0.20907741785049438, 0.9779012501239777, 0
u,0.038721777498722076, 0.9778301771730185, 0
u,0.03245339170098305, 0.9779400322586298, 0
u,0.21433985233306885, 0.9779766462743282, 0
u,0.20907741785049438, 0.9779012501239777, 0
u,0.03245339170098305, 0.9779400322586298, 0
u,0.21433985233306885, 0.9779766462743282, 0
u,0.03245339170098305, 0.9779400322586298, 0
u,0.025745583698153496, 0.9779766462743282, 0
u,0.25094205141067505, 1.0, 0
u,0.2493910938501358, 0.9779766462743282, 0
u,0.21433985233306885, 0.9779766462743282, 0
u,0.25094205141067505, 1.0, 0
u,0.21433985233306885, 0.9779766462743282, 0
u,0.025745583698153496, 0.9779766462743282, 0
u,0.25094205141067505, 1.0, 0
u,0.025745583698153496, 0.9779766462743282, 0
u,0.0, 0.9779766462743282, 0
u,0.25094205141067505, 1.0, 0
u,0.0, 0.9779766462743282, 0
u,0.2417311817407608, 0.9995045104296878, 0
u,0.2417311817407608, 0.9995045104296878, 0
u,0.0, 0.9779766462743282, 0
u,0.23229628801345825, 0.9990521549480036, 0
u,0.23229628801345825, 0.9990521549480036, 0
u,0.0, 0.9779766462743282, 0
u,0.2226373851299286, 0.9986428815172985, 0
u,0.2226373851299286, 0.9986428815172985, 0
u,0.0, 0.9779766462743282, 0
u,0.21275444328784943, 0.9982766902539879, 0
u,0.21275444328784943, 0.9982766902539879, 0
u,0.0, 0.9779766462743282, 0
u,0.20264749228954315, 0.9979535809252411, 0
u,0.20264749228954315, 0.9979535809252411, 0
u,0.0, 0.9779766462743282, 0
u,0.19231651723384857, 0.9976735538803041, 0
u,0.19231651723384857, 0.9976735538803041, 0
u,0.0, 0.9779766462743282, 0
u,0.18176153302192688, 0.9974366088863462, 0
u,0.18176153302192688, 0.9974366088863462, 0
u,0.0, 0.9779766462743282, 0
u,0.1709824800491333, 0.9972427459433675, 0
u,0.1709824800491333, 0.9972427459433675, 0
u,0.0, 0.9779766462743282, 0
u,0.1599794179201126, 0.9970919650513679, 0
u,0.1599794179201126, 0.9970919650513679, 0
u,0.0, 0.9779766462743282, 0
u,0.1487523317337036, 0.9969842664431781, 0
u,0.1487523317337036, 0.9969842664431781, 0
u,0.0, 0.9779766462743282, 0
u,0.1373012214899063, 0.9969196496531367, 0
u,0.1373012214899063, 0.9969196496531367, 0
u,0.0, 0.9779766462743282, 0
u,0.1256260871887207, 0.9968981151469052, 0
u,0.1256260871887207, 0.9968981151469052, 0
u,0.0, 0.9779766462743282, 0
u,0.12188658118247986, 0.9969197015743703, 0
u,0.12188658118247986, 0.9969197015743703, 0
u,0.0, 0.9779766462743282, 0
u,0.11697527766227722, 0.9969843183644116, 0
u,0.11697527766227722, 0.9969843183644116, 0
u,0.0, 0.9779766462743282, 0
u,0.11089213937520981, 0.9970920169726014, 0
u,0.11089213937520981, 0.9970920169726014, 0
u,0.0, 0.9779766462743282, 0
u,0.1036372035741806, 0.997242797864601, 0
u,0.1036372035741806, 0.997242797864601, 0
u,0.0, 0.9779766462743282, 0
u,0.09521044045686722, 0.9974366608075798, 0
u,0.09521044045686722, 0.9974366608075798, 0
u,0.0, 0.9779766462743282, 0
u,0.08561185002326965, 0.9976736058015376, 0
u,0.08561185002326965, 0.9976736058015376, 0
u,0.0, 0.9779766462743282, 0
u,0.07484143227338791, 0.9979536330793053, 0
u,0.07484143227338791, 0.9979536330793053, 0
u,0.0, 0.9779766462743282, 0
u,0.06289920955896378, 0.9982767421752214, 0
u,0.06289920955896378, 0.9982767421752214, 0
u,0.0, 0.9779766462743282, 0
u,0.04978515952825546, 0.9986429335549474, 0
u,0.04978515952825546, 0.9986429335549474, 0
u,0.0, 0.9779766462743282, 0
u,0.03549928218126297, 0.9990522069274448, 0
u,0.03549928218126297, 0.9990522069274448, 0
u,0.0, 0.9779766462743282, 0
u,0.020041590556502342, 0.999504562409129, 0
u,0.020041590556502342, 0.999504562409129, 0
u,0.0, 0.9779766462743282, 0
u,0.00341207068413496, 1.0, 0
u,0.4641898274421692, 0.5651541650295258, 0
u,0.4786199927330017, 0.5719406604766846, 0
u,0.4671430289745331, 0.5632553696632385, 0
u,0.46091344952583313, 0.5671283900737762, 0
u,0.4786199927330017, 0.5719406604766846, 0
u,0.4641898274421692, 0.5651541650295258, 0
u,0.45731398463249207, 0.5691780149936676, 0
u,0.4786199927330017, 0.5719406604766846, 0
u,0.46091344952583313, 0.5671283900737762, 0
u,0.4533914029598236, 0.5713030397891998, 0
u,0.4786199927330017, 0.5719406604766846, 0
u,0.45731398463249207, 0.5691780149936676, 0
u,0.44914567470550537, 0.5735034346580505, 0
u,0.4786199927330017, 0.5719406604766846, 0
u,0.4533914029598236, 0.5713030397891998, 0
u,0.44914567470550537, 0.5735034346580505, 0
u,0.42433708906173706, 0.8839896991848946, 0
u,0.4786199927330017, 0.5719406604766846, 0
u,0.4445768892765045, 0.5757791996002197, 0
u,0.42433708906173706, 0.8839896991848946, 0
u,0.44914567470550537, 0.5735034346580505, 0
u,0.4396849572658539, 0.5781303942203522, 0
u,0.42433708906173706, 0.8839896991848946, 0
u,0.4445768892765045, 0.5757791996002197, 0
u,0.43446990847587585, 0.5805569887161255, 0
u,0.42433708906173706, 0.8839896991848946, 0
u,0.4396849572658539, 0.5781303942203522, 0
u,0.4289317727088928, 0.5830589532852173, 0
u,0.42433708906173706, 0.8839896991848946, 0
u,0.43446990847587585, 0.5805569887161255, 0
u,0.4230705201625824, 0.5856362879276276, 0
u,0.42433708906173706, 0.8839896991848946, 0
u,0.4289317727088928, 0.5830589532852173, 0
u,0.4168861508369446, 0.5882890522480011, 0
u,0.42433708906173706, 0.8839896991848946, 0
u,0.4230705201625824, 0.5856362879276276, 0
u,0.41037866473197937, 0.5910171866416931, 0
u,0.42433708906173706, 0.8839896991848946, 0
u,0.4168861508369446, 0.5882890522480011, 0
u,0.4035803973674774, 0.5937776565551758, 0
u,0.42433708906173706, 0.8839896991848946, 0
u,0.41037866473197937, 0.5910171866416931, 0
u,0.3965235948562622, 0.5965273380279541, 0
u,0.42433708906173706, 0.8839896991848946, 0
u,0.4035803973674774, 0.5937776565551758, 0
u,0.3892083466053009, 0.5992662608623505, 0
u,0.42433708906173706, 0.8839896991848946, 0
u,0.3965235948562622, 0.5965273380279541, 0
u,0.38163459300994873, 0.6019944250583649, 0
u,0.3905266225337982, 0.626533716917038, 0
u,0.3892083466053009, 0.5992662608623505, 0
u,0.3905266225337982, 0.626533716917038, 0
u,0.42433708906173706, 0.8839896991848946, 0
u,0.3892083466053009, 0.5992662608623505, 0
u,0.3738023638725281, 0.6047118008136749, 0
u,0.3905266225337982, 0.626533716917038, 0
u,0.38163459300994873, 0.6019944250583649, 0
u,0.36571162939071655, 0.6074183881282806, 0
u,0.3905266225337982, 0.626533716917038, 0
u,0.3738023638725281, 0.6047118008136749, 0
u,0.35736238956451416, 0.6101142168045044, 0
u,0.3905266225337982, 0.626533716917038, 0
u,0.36571162939071655, 0.6074183881282806, 0
u,0.3487546741962433, 0.6127992868423462, 0
u,0.3905266225337982, 0.626533716917038, 0
u,0.35736238956451416, 0.6101142168045044, 0
u,0.33988848328590393, 0.615473598241806, 0
u,0.3905266225337982, 0.626533716917038, 0
u,0.3487546741962433, 0.6127992868423462, 0
u,0.3307637870311737, 0.6181371212005615, 0
u,0.3905266225337982, 0.626533716917038, 0
u,0.33988848328590393, 0.615473598241806, 0
u,0.3213805854320526, 0.6207898557186127, 0
u,0.3905266225337982, 0.626533716917038, 0
u,0.3307637870311737, 0.6181371212005615, 0
u,0.31173887848854065, 0.6234318315982819, 0
u,0.3905266225337982, 0.626533716917038, 0
u,0.3213805854320526, 0.6207898557186127, 0
u,0.2791691720485687, 0.6321170926094055, 0
u,0.3905266225337982, 0.626533716917038, 0
u,0.31173887848854065, 0.6234318315982819, 0
u,0.2791691720485687, 0.6321170926094055, 0
u,0.3893935978412628, 0.6271368563175201, 0
u,0.3905266225337982, 0.626533716917038, 0
u,0.3902466297149658, 0.6293383538722992, 0
u,0.42433708906173706, 0.8839896991848946, 0
u,0.3905266225337982, 0.626533716917038, 0
u,0.2791691720485687, 0.6321170926094055, 0
u,0.38785555958747864, 0.627912312746048, 0
u,0.3893935978412628, 0.6271368563175201, 0
u,0.2791691720485687, 0.6321170926094055, 0
u,0.38591256737709045, 0.6288601160049438, 0
u,0.38785555958747864, 0.627912312746048, 0
u,0.2791691720485687, 0.6321170926094055, 0
u,0.38356462121009827, 0.6299802362918854, 0
u,0.38591256737709045, 0.6288601160049438, 0
u,0.3898201286792755, 0.6328925788402557, 0
u,0.42433708906173706, 0.8839896991848946, 0
u,0.3902466297149658, 0.6293383538722992, 0
u,0.2791691720485687, 0.6321170926094055, 0
u,0.3808117210865021, 0.631272703409195, 0
u,0.38356462121009827, 0.6299802362918854, 0
u,0.2791691720485687, 0.6321170926094055, 0
u,0.3776538372039795, 0.6327374577522278, 0
u,0.3808117210865021, 0.631272703409195, 0
u,0.268932968378067, 0.6743026673793793, 0
u,0.3776538372039795, 0.6327374577522278, 0
u,0.2791691720485687, 0.6321170926094055, 0
u,0.268932968378067, 0.6743026673793793, 0
u,0.3740909695625305, 0.634374588727951, 0
u,0.3776538372039795, 0.6327374577522278, 0
u,0.3892471194267273, 0.63719642162323, 0
u,0.42433708906173706, 0.8839896991848946, 0
u,0.3898201286792755, 0.6328925788402557, 0
u,0.268932968378067, 0.6743026673793793, 0
u,0.37012314796447754, 0.6361840069293976, 0
u,0.3740909695625305, 0.634374588727951, 0
u,0.268932968378067, 0.6743026673793793, 0
u,0.36575037240982056, 0.6381657421588898, 0
u,0.37012314796447754, 0.6361840069293976, 0
u,0.38852766156196594, 0.6422499120235443, 0
u,0.42433708906173706, 0.8839896991848946, 0
u,0.3892471194267273, 0.63719642162323, 0
u,0.268932968378067, 0.6743026673793793, 0
u,0.3609725832939148, 0.64031982421875, 0
u,0.36575037240982056, 0.6381657421588898, 0
u,0.268932968378067, 0.6743026673793793, 0
u,0.3557898700237274, 0.6426462233066559, 0
u,0.3609725832939148, 0.64031982421875, 0
u,0.3876616954803467, 0.648052990436554, 0
u,0.42433708906173706, 0.8839896991848946, 0
u,0.38852766156196594, 0.6422499120235443, 0
u,0.268932968378067, 0.6743026673793793, 0
u,0.35020217299461365, 0.6451449692249298, 0
u,0.3557898700237274, 0.6426462233066559, 0
u,0.268932968378067, 0.6743026673793793, 0
u,0.2748265266418457, 0.678955465555191, 0
u,0.35020217299461365, 0.6451449692249298, 0
u,0.3866492807865143, 0.6546057164669037, 0
u,0.42433708906173706, 0.8839896991848946, 0
u,0.3876616954803467, 0.648052990436554, 0
u,0.38549038767814636, 0.6619080603122711, 0
u,0.42433708906173706, 0.8839896991848946, 0
u,0.3866492807865143, 0.6546057164669037, 0
u,0.3841850161552429, 0.6699600219726562, 0
u,0.42433708906173706, 0.8839896991848946, 0
u,0.38549038767814636, 0.6619080603122711, 0
u,0.38273316621780396, 0.6787616014480591, 0
u,0.42433708906173706, 0.8839896991848946, 0
u,0.3841850161552429, 0.6699600219726562, 0
u,0.38113483786582947, 0.6883127987384796, 0
u,0.42433708906173706, 0.8839896991848946, 0
u,0.38273316621780396, 0.6787616014480591, 0
u,0.37939003109931946, 0.6986136436462402, 0
u,0.42433708906173706, 0.8839896991848946, 0
u,0.38113483786582947, 0.6883127987384796, 0
u,0.3774987459182739, 0.7096640765666962, 0
u,0.42433708906173706, 0.8839896991848946, 0
u,0.37939003109931946, 0.6986136436462402, 0
u,0.34399843215942383, 0.9069436118006706, 0
u,0.42433708906173706, 0.8839896991848946, 0
u,0.3774987459182739, 0.7096640765666962, 0
u,0.34399843215942383, 0.9069436118006706, 0
u,0.4228012263774872, 0.8931510150432587, 0
u,0.42433708906173706, 0.8839896991848946, 0
u,0.34399843215942383, 0.9069436118006706, 0
u,0.42139890789985657, 0.901713490486145, 0
u,0.4228012263774872, 0.8931510150432587, 0
u,0.34399843215942383, 0.9069436118006706, 0
u,0.4201301634311676, 0.9096771329641342, 0
u,0.42139890789985657, 0.901713490486145, 0
u,0.34251856803894043, 0.9153230041265488, 0
u,0.4201301634311676, 0.9096771329641342, 0
u,0.34399843215942383, 0.9069436118006706, 0
u,0.34251856803894043, 0.9153230041265488, 0
u,0.4189949631690979, 0.9170419424772263, 0
u,0.4201301634311676, 0.9096771329641342, 0
u,0.3410775065422058, 0.9230906292796135, 0
u,0.4189949631690979, 0.9170419424772263, 0
u,0.34251856803894043, 0.9153230041265488, 0
u,0.3410775065422058, 0.9230906292796135, 0
u,0.41799330711364746, 0.9238079190254211, 0
u,0.4189949631690979, 0.9170419424772263, 0
u,0.3396751880645752, 0.9302464947104454, 0
u,0.41799330711364746, 0.9238079190254211, 0
u,0.3410775065422058, 0.9230906292796135, 0
u,0.3396751880645752, 0.9302464947104454, 0
u,0.41712522506713867, 0.9299750626087189, 0
u,0.41799330711364746, 0.9238079190254211, 0
u,0.3396751880645752, 0.9302464947104454, 0
u,0.41639068722724915, 0.9355433657765388, 0
u,0.41712522506713867, 0.9299750626087189, 0
u,0.33831164240837097, 0.9367905929684639, 0
u,0.41639068722724915, 0.9355433657765388, 0
u,0.3396751880645752, 0.9302464947104454, 0
u,0.33831164240837097, 0.9367905929684639, 0
u,0.4157896935939789, 0.9405128359794617, 0
u,0.41639068722724915, 0.9355433657765388, 0
u,0.3369868993759155, 0.9427229315042496, 0
u,0.4157896935939789, 0.9405128359794617, 0
u,0.33831164240837097, 0.9367905929684639, 0
u,0.3369868993759155, 0.9427229315042496, 0
u,0.4153222441673279, 0.9448834657669067, 0
u,0.4157896935939789, 0.9405128359794617, 0
u,0.3357008993625641, 0.9480435140430927, 0
u,0.4153222441673279, 0.9448834657669067, 0
u,0.3369868993759155, 0.9427229315042496, 0
u,0.3357008993625641, 0.9480435140430927, 0
u,0.41498836874961853, 0.9486552625894547, 0
u,0.4153222441673279, 0.9448834657669067, 0
u,0.3344537019729614, 0.9527523331344128, 0
u,0.41498836874961853, 0.9486552625894547, 0
u,0.3357008993625641, 0.9480435140430927, 0
u,0.3344537019729614, 0.9527523331344128, 0
u,0.41478803753852844, 0.9518282189965248, 0
u,0.41498836874961853, 0.9486552625894547, 0
u,0.3344537019729614, 0.9527523331344128, 0
u,0.41472128033638, 0.9544023647904396, 0
u,0.41478803753852844, 0.9518282189965248, 0
u,0.33324524760246277, 0.9568493925035, 0
u,0.41472128033638, 0.9544023647904396, 0
u,0.3344537019729614, 0.9527523331344128, 0
u,0.33324524760246277, 0.9568493925035, 0
u,0.41479021310806274, 0.956519827246666, 0
u,0.41472128033638, 0.9544023647904396, 0
u,0.33324524760246277, 0.9568493925035, 0
u,0.41499701142311096, 0.9585295952856541, 0
u,0.41479021310806274, 0.956519827246666, 0
u,0.3320755958557129, 0.9603347033262253, 0
u,0.41499701142311096, 0.9585295952856541, 0
u,0.33324524760246277, 0.9568493925035, 0
u,0.3320755958557129, 0.9603347033262253, 0
u,0.41534167528152466, 0.9604316465556622, 0
u,0.41499701142311096, 0.9585295952856541, 0
u,0.330944687128067, 0.9632082544267178, 0
u,0.41534167528152466, 0.9604316465556622, 0
u,0.3320755958557129, 0.9603347033262253, 0
u,0.330944687128067, 0.9632082544267178, 0
u,0.41582420468330383, 0.962226003408432, 0
u,0.41534167528152466, 0.9604316465556622, 0
u,0.330944687128067, 0.9632082544267178, 0
u,0.4164445698261261, 0.9639126472175121, 0
u,0.41582420468330383, 0.962226003408432, 0
u,0.3298525810241699, 0.9654700458049774, 0
u,0.4164445698261261, 0.9639126472175121, 0
u,0.330944687128067, 0.9632082544267178, 0
u,0.3298525810241699, 0.9654700458049774, 0
u,0.41720280051231384, 0.9654915928840637, 0
u,0.4164445698261261, 0.9639126472175121, 0
u,0.32879921793937683, 0.967120073735714, 0
u,0.41720280051231384, 0.9654915928840637, 0
u,0.3298525810241699, 0.9654700458049774, 0
u,0.32879921793937683, 0.967120073735714, 0
u,0.41809889674186707, 0.9669628255069256, 0
u,0.41720280051231384, 0.9654915928840637, 0
u,0.32879921793937683, 0.967120073735714, 0
u,0.41913285851478577, 0.9683263599872589, 0
u,0.41809889674186707, 0.9669628255069256, 0
u,0.3271857798099518, 0.9688541125506163, 0
u,0.41913285851478577, 0.9683263599872589, 0
u,0.32879921793937683, 0.967120073735714, 0
u,0.3271857798099518, 0.9688541125506163, 0
u,0.42030468583106995, 0.9695821963250637, 0
u,0.41913285851478577, 0.9683263599872589, 0
u,0.3252406716346741, 0.9704373572021723, 0
u,0.42030468583106995, 0.9695821963250637, 0
u,0.3271857798099518, 0.9688541125506163, 0
u,0.3252406716346741, 0.9704373572021723, 0
u,0.4216143786907196, 0.9707303214818239, 0
u,0.42030468583106995, 0.9695821963250637, 0
u,0.32296380400657654, 0.971869820728898, 0
u,0.4216143786907196, 0.9707303214818239, 0
u,0.3252406716346741, 0.9704373572021723, 0
u,0.32296380400657654, 0.971869820728898, 0
u,0.42306190729141235, 0.9717707466334105, 0
u,0.4216143786907196, 0.9707303214818239, 0
u,0.32296380400657654, 0.971869820728898, 0
u,0.4246473014354706, 0.9727034606039524, 0
u,0.42306190729141235, 0.9717707466334105, 0
u,0.32035520672798157, 0.9731515031307936, 0
u,0.4246473014354706, 0.9727034606039524, 0
u,0.32296380400657654, 0.971869820728898, 0
u,0.32035520672798157, 0.9731515031307936, 0
u,0.426521360874176, 0.9735457114875317, 0
u,0.4246473014354706, 0.9727034606039524, 0
u,0.31741490960121155, 0.974282393231988, 0
u,0.426521360874176, 0.9735457114875317, 0
u,0.32035520672798157, 0.9731515031307936, 0
u,0.31741490960121155, 0.974282393231988, 0
u,0.42883482575416565, 0.9743147194385529, 0
u,0.426521360874176, 0.9735457114875317, 0
u,0.3141428530216217, 0.9752625003457069, 0
u,0.42883482575416565, 0.9743147194385529, 0
u,0.31741490960121155, 0.974282393231988, 0
u,0.3141428530216217, 0.9752625003457069, 0
u,0.43158775568008423, 0.9750104881823063, 0
u,0.42883482575416565, 0.9743147194385529, 0
u,0.3141428530216217, 0.9752625003457069, 0
u,0.4347801208496094, 0.9756330158561468, 0
u,0.43158775568008423, 0.9750104881823063, 0
u,0.3105390667915344, 0.9760918281972408, 0
u,0.4347801208496094, 0.9756330158561468, 0
u,0.3141428530216217, 0.9752625003457069, 0
u,0.3105390667915344, 0.9760918281972408, 0
u,0.4384118914604187, 0.9761823043227196, 0
u,0.4347801208496094, 0.9756330158561468, 0
u,0.3066035509109497, 0.9767703600227833, 0
u,0.4384118914604187, 0.9761823043227196, 0
u,0.3105390667915344, 0.9760918281972408, 0
u,0.3066035509109497, 0.9767703600227833, 0
u,0.442483127117157, 0.9766583498567343, 0
u,0.4384118914604187, 0.9761823043227196, 0
u,0.3066035509109497, 0.9767703600227833, 0
u,0.44699376821517944, 0.9770611673593521, 0
u,0.442483127117157, 0.9766583498567343, 0
u,0.30233633518218994, 0.9772981125861406, 0
u,0.44699376821517944, 0.9770611673593521, 0
u,0.3066035509109497, 0.9767703600227833, 0
u,0.30233633518218994, 0.9772981125861406, 0
u,0.45194384455680847, 0.9773907456547022, 0
u,0.44699376821517944, 0.9770611673593521, 0
u,0.29773736000061035, 0.9776750709861517, 0
u,0.45194384455680847, 0.9773907456547022, 0
u,0.30233633518218994, 0.9772981125861406, 0
u,0.29773736000061035, 0.9776750709861517, 0
u,0.45733335614204407, 0.9776470810174942, 0
u,0.45194384455680847, 0.9773907456547022, 0
u,0.29773736000061035, 0.9776750709861517, 0
u,0.46316230297088623, 0.9778301771730185, 0
u,0.45733335614204407, 0.9776470810174942, 0
u,0.2928066551685333, 0.9779012501239777, 0
u,0.46316230297088623, 0.9778301771730185, 0
u,0.29773736000061035, 0.9776750709861517, 0
u,0.2928066551685333, 0.9779012501239777, 0
u,0.46943068504333496, 0.9779400322586298, 0
u,0.46316230297088623, 0.9778301771730185, 0
u,0.28754425048828125, 0.9779766462743282, 0
u,0.46943068504333496, 0.9779400322586298, 0
u,0.2928066551685333, 0.9779012501239777, 0
u,0.28754425048828125, 0.9779766462743282, 0
u,0.47613850235939026, 0.9779766462743282, 0
u,0.46943068504333496, 0.9779400322586298, 0
u,0.25094205141067505, 1.0, 0
u,0.28754425048828125, 0.9779766462743282, 0
u,0.2524929940700531, 0.9779766462743282, 0
u,0.25094205141067505, 1.0, 0
u,0.47613850235939026, 0.9779766462743282, 0
u,0.28754425048828125, 0.9779766462743282, 0
u,0.25094205141067505, 1.0, 0
u,0.5018841028213501, 0.9779766462743282, 0
u,0.47613850235939026, 0.9779766462743282, 0
u,0.25094205141067505, 1.0, 0
u,0.2601529061794281, 0.9995045104296878, 0
u,0.5018841028213501, 0.9779766462743282, 0
u,0.2601529061794281, 0.9995045104296878, 0
u,0.26958778500556946, 0.9990521549480036, 0
u,0.5018841028213501, 0.9779766462743282, 0
u,0.26958778500556946, 0.9990521549480036, 0
u,0.2792467176914215, 0.9986428815172985, 0
u,0.5018841028213501, 0.9779766462743282, 0
u,0.2792467176914215, 0.9986428815172985, 0
u,0.2891296446323395, 0.9982766902539879, 0
u,0.5018841028213501, 0.9779766462743282, 0
u,0.2891296446323395, 0.9982766902539879, 0
u,0.29923659563064575, 0.9979535809252411, 0
u,0.5018841028213501, 0.9779766462743282, 0
u,0.29923659563064575, 0.9979535809252411, 0
u,0.30956757068634033, 0.9976735538803041, 0
u,0.5018841028213501, 0.9779766462743282, 0
u,0.30956757068634033, 0.9976735538803041, 0
u,0.3201225697994232, 0.9974366088863462, 0
u,0.5018841028213501, 0.9779766462743282, 0
u,0.3201225697994232, 0.9974366088863462, 0
u,0.3309015929698944, 0.9972427459433675, 0
u,0.5018841028213501, 0.9779766462743282, 0
u,0.3309015929698944, 0.9972427459433675, 0
u,0.3419046700000763, 0.9970919650513679, 0
u,0.5018841028213501, 0.9779766462743282, 0
u,0.3419046700000763, 0.9970919650513679, 0
u,0.3531317710876465, 0.9969842664431781, 0
u,0.5018841028213501, 0.9779766462743282, 0
u,0.3531317710876465, 0.9969842664431781, 0
u,0.3645828664302826, 0.9969196496531367, 0
u,0.5018841028213501, 0.9779766462743282, 0
u,0.3645828664302826, 0.9969196496531367, 0
u,0.376257985830307, 0.9968981151469052, 0
u,0.5018841028213501, 0.9779766462743282, 0
u,0.376257985830307, 0.9968981151469052, 0
u,0.37999749183654785, 0.9969197015743703, 0
u,0.5018841028213501, 0.9779766462743282, 0
u,0.37999749183654785, 0.9969197015743703, 0
u,0.3849088251590729, 0.9969843183644116, 0
u,0.5018841028213501, 0.9779766462743282, 0
u,0.3849088251590729, 0.9969843183644116, 0
u,0.3909919559955597, 0.9970920169726014, 0
u,0.5018841028213501, 0.9779766462743282, 0
u,0.3909919559955597, 0.9970920169726014, 0
u,0.3982468843460083, 0.997242797864601, 0
u,0.5018841028213501, 0.9779766462743282, 0
u,0.3982468843460083, 0.997242797864601, 0
u,0.4066736400127411, 0.9974366608075798, 0
u,0.5018841028213501, 0.9779766462743282, 0
u,0.4066736400127411, 0.9974366608075798, 0
u,0.41627225279808044, 0.9976736058015376, 0
u,0.5018841028213501, 0.9779766462743282, 0
u,0.41627225279808044, 0.9976736058015376, 0
u,0.4270426630973816, 0.9979536330793053, 0
u,0.5018841028213501, 0.9779766462743282, 0
u,0.4270426630973816, 0.9979536330793053, 0
u,0.43898487091064453, 0.9982767421752214, 0
u,0.5018841028213501, 0.9779766462743282, 0
u,0.43898487091064453, 0.9982767421752214, 0
u,0.45209893584251404, 0.9986429335549474, 0
u,0.5018841028213501, 0.9779766462743282, 0
u,0.45209893584251404, 0.9986429335549474, 0
u,0.46638479828834534, 0.9990522069274448, 0
u,0.5018841028213501, 0.9779766462743282, 0
u,0.46638479828834534, 0.9990522069274448, 0
u,0.4818424880504608, 0.999504562409129, 0
u,0.5018841028213501, 0.9779766462743282, 0
u,0.4818424880504608, 0.999504562409129, 0
u,0.4984720051288605, 1.0, 0
u,0.5018841028213501, 0.9779766462743282, 0
u,0.9082062840461731, 0.5566283762454987, 0
u,0.8227325081825256, 0.5683794021606445, 0
u,0.9082062840461731, 0.5683794021606445, 0
u,0.34189513325691223, 0.1191369891166687, 0
u,0.25642135739326477, 0.12205570936203003, 0
u,0.34189513325691223, 0.12205570936203003, 0
u,0.9082062840461731, 0.543725997209549, 0
u,0.8227325081825256, 0.5566283762454987, 0
u,0.9082062840461731, 0.5566283762454987, 0
u,0.34189513325691223, 0.12205570936203003, 0
u,0.25642138719558716, 0.12540102005004883, 0
u,0.34189513325691223, 0.12540102005004883, 0
u,0.9082062840461731, 0.5296722948551178, 0
u,0.8227325081825256, 0.543725997209549, 0
u,0.9082062840461731, 0.543725997209549, 0
u,0.4382127523422241, 0.30683404207229614, 0
u,0.4816076457500458, 0.3923078179359436, 0
u,0.4816076457500458, 0.30683404207229614, 0
u,0.9082062840461731, 0.5144672989845276, 0
u,0.8227325081825256, 0.5296722948551178, 0
u,0.9082062840461731, 0.5296722948551178, 0
u,0.34189513325691223, 0.12540102005004883, 0
u,0.25642138719558716, 0.12917298078536987, 0
u,0.34189513325691223, 0.12917298078536987, 0
u,0.9082062840461731, 0.4981110095977783, 0
u,0.8227325081825256, 0.51446732878685, 0
u,0.9082062840461731, 0.5144672989845276, 0
u,0.8227325081825256, 0.5894046723842621, 0
u,0.7372587323188782, 0.5937327742576599, 0
u,0.8227325081825256, 0.5937327742576599, 0
u,0.7113510370254517, 0.10979413986206055, 0
u,0.7335079908370972, 0.195267915725708, 0
u,0.7335079908370972, 0.10979413986206055, 0
u,0.34189513325691223, 0.12917298078536987, 0
u,0.25642138719558716, 0.1333715319633484, 0
u,0.34189513325691223, 0.1333715319633484, 0
u,0.34189513325691223, 0.1333715319633484, 0
u,0.25642138719558716, 0.13799673318862915, 0
u,0.34189513325691223, 0.13799673318862915, 0
u,0.8227325081825256, 0.584312915802002, 0
u,0.7372587323188782, 0.5894046723842621, 0
u,0.8227325081825256, 0.5894046723842621, 0
u,0.34189513325691223, 0.13799673318862915, 0
u,0.25642138719558716, 0.14304858446121216, 0
u,0.34189513325691223, 0.14304852485656738, 0
u,0.34189513325691223, 0.14304852485656738, 0
u,0.25642138719558716, 0.14852702617645264, 0
u,0.34189513325691223, 0.14852702617645264, 0
u,0.8227325081825256, 0.5784575045108795, 0
u,0.7372587323188782, 0.5843129456043243, 0
u,0.8227325081825256, 0.584312915802002, 0
u,0.34189513325691223, 0.14852702617645264, 0
u,0.25642138719558716, 0.15443205833435059, 0
u,0.34189513325691223, 0.15443205833435059, 0
u,0.3418951630592346, 0.23410481214523315, 0
u,0.25642138719558716, 0.2392142415046692, 0
u,0.3418951630592346, 0.23921418190002441, 0
u,0.34189513325691223, 0.15443205833435059, 0
u,0.25642138719558716, 0.23410481214523315, 0
u,0.3418951630592346, 0.23410481214523315, 0
u,0.8227325081825256, 0.5718384683132172, 0
u,0.7372587323188782, 0.5784575343132019, 0
u,0.8227325081825256, 0.5784575045108795, 0
u,0.8227325081825256, 0.5644557178020477, 0
u,0.7372587323188782, 0.5718384683132172, 0
u,0.8227325081825256, 0.5718384683132172, 0
u,0.8227325081825256, 0.5563093423843384, 0
u,0.7372587323188782, 0.5644557178020477, 0
u,0.8227325081825256, 0.5644557178020477, 0
u,0.8227325081825256, 0.5473992824554443, 0
u,0.7372587323188782, 0.5563093423843384, 0
u,0.8227325081825256, 0.5563093423843384, 0
u,0.8227325081825256, 0.537725567817688, 0
u,0.7372587323188782, 0.5473992824554443, 0
u,0.8227325081825256, 0.5473992824554443, 0
u,0.8227325081825256, 0.5272881984710693, 0
u,0.7372587323188782, 0.537725567817688, 0
u,0.8227325081825256, 0.537725567817688, 0
u,0.8227325081825256, 0.516087144613266, 0
u,0.7372587323188782, 0.5272881984710693, 0
u,0.8227325081825256, 0.5272881984710693, 0
u,0.8227325081825256, 0.3161747455596924, 0
u,0.7372587323188782, 0.516087144613266, 0
u,0.8227325081825256, 0.516087144613266, 0
u,0.8227325081825256, 0.9143126159906387, 0
u,0.7372586727142334, 0.9235348626971245, 0
u,0.8227325081825256, 0.9235348552465439, 0
u,0.8227325081825256, 0.9235348552465439, 0
u,0.7372586727142334, 0.9321527481079102, 0
u,0.8227325081825256, 0.9321527406573296, 0
u,0.8227325081825256, 0.9321527406573296, 0
u,0.7372586727142334, 0.9401663057506084, 0
u,0.8227325081825256, 0.9401662983000278, 0
u,0.8227325081825256, 0.30767154693603516, 0
u,0.7372587323188782, 0.31617480516433716, 0
u,0.8227325081825256, 0.3161747455596924, 0
u,0.8227325081825256, 0.9401662983000278, 0
u,0.7372586727142334, 0.9475755020976067, 0
u,0.8227325081825256, 0.9475754983723164, 0
u,0.8227325081825256, 0.2997745871543884, 0
u,0.7372587323188782, 0.30767154693603516, 0
u,0.8227325081825256, 0.30767154693603516, 0
u,0.8227325081825256, 0.9475754983723164, 0
u,0.7372586727142334, 0.9543803818523884, 0
u,0.8227325081825256, 0.9543803781270981, 0
u,0.8227325081825256, 0.2924838662147522, 0
u,0.7372587323188782, 0.2997745871543884, 0
u,0.8227325081825256, 0.2997745871543884, 0
u,0.8227325081825256, 0.9543803781270981, 0
u,0.7372586727142334, 0.9605809040367603, 0
u,0.8227325081825256, 0.96058090031147, 0
u,0.8227325081825256, 0.96058090031147, 0
u,0.7372586727142334, 0.9661770835518837, 0
u,0.8227325081825256, 0.9661770761013031, 0
u,0.8227325081825256, 0.28579938411712646, 0
u,0.7372587323188782, 0.2924838662147522, 0
u,0.8227325081825256, 0.2924838662147522, 0
u,0.8227325081825256, 0.9661770761013031, 0
u,0.7372586727142334, 0.9711689315736294, 0
u,0.8227325081825256, 0.9711689241230488, 0
u,0.8227324485778809, 0.27972108125686646, 0
u,0.7372587323188782, 0.28579938411712646, 0
u,0.8227325081825256, 0.28579938411712646, 0
u,0.8227325081825256, 0.9711689241230488, 0
u,0.7372586727142334, 0.9755564332008362, 0
u,0.8227325081825256, 0.9755564276129007, 0
u,0.8227324485778809, 0.27424901723861694, 0
u,0.7372587323188782, 0.27972108125686646, 0
u,0.8227324485778809, 0.27972108125686646, 0
u,0.8227325081825256, 0.9755564276129007, 0
u,0.7372586727142334, 0.9793395921587944, 0
u,0.8227325081825256, 0.979339586570859, 0
u,0.8227324485778809, 0.26938319206237793, 0
u,0.7372587323188782, 0.27424901723861694, 0
u,0.8227324485778809, 0.27424901723861694, 0
u,0.8227325081825256, 0.979339586570859, 0
u,0.7372586727142334, 0.9825184065848589, 0
u,0.8227325081825256, 0.9825184009969234, 0
u,0.8227325081825256, 0.9825184009969234, 0
u,0.7372586727142334, 0.9850928904488683, 0
u,0.8227325081825256, 0.9850928839296103, 0
u,0.8227324485778809, 0.2651236057281494, 0
u,0.7372587323188782, 0.2693832516670227, 0
u,0.8227324485778809, 0.26938319206237793, 0
u,0.8227325081825256, 0.9850928839296103, 0
u,0.7372586727142334, 0.9872049521654844, 0
u,0.8227325081825256, 0.9872049456462264, 0
u,0.8227325081825256, 0.9872049456462264, 0
u,0.7372586727142334, 0.989203093573451, 0
u,0.8227325081825256, 0.989203087054193, 0
u,0.8227324485778809, 0.2614702582359314, 0
u,0.7372587323188782, 0.2651236653327942, 0
u,0.8227324485778809, 0.2651236057281494, 0
u,0.8227325081825256, 0.989203087054193, 0
u,0.7372586727142334, 0.991087288595736, 0
u,0.8227325081825256, 0.991087282076478, 0
u,0.8227324485778809, 0.2584230899810791, 0
u,0.7372587323188782, 0.2614702582359314, 0
u,0.8227324485778809, 0.2614702582359314, 0
u,0.8227325081825256, 0.991087282076478, 0
u,0.7372586727142334, 0.992857564240694, 0
u,0.8227325081825256, 0.992857557721436, 0
u,0.8227325081825256, 0.992857557721436, 0
u,0.7372586727142334, 0.9945139065384865, 0
u,0.8227325081825256, 0.9945139000192285, 0
u,0.8227324485778809, 0.2559822201728821, 0
u,0.7372587323188782, 0.2584230899810791, 0
u,0.8227324485778809, 0.2584230899810791, 0
u,0.8227325081825256, 0.9945139000192285, 0
u,0.7372586727142334, 0.9960563285276294, 0
u,0.8227325081825256, 0.9960563220083714, 0
u,0.8227324485778809, 0.2541475296020508, 0
u,0.7372587323188782, 0.2559822201728821, 0
u,0.8227324485778809, 0.2559822201728821, 0
u,0.8227325081825256, 0.9960563220083714, 0
u,0.7372586727142334, 0.9974848045967519, 0
u,0.8227325081825256, 0.9974847980774939, 0
u,0.8227325081825256, 0.9974847980774939, 0
u,0.7372586727142334, 0.9987993604736403, 0
u,0.8227325081825256, 0.9987993540707976, 0
u,0.8227324485778809, 0.25211286544799805, 0
u,0.7372587323188782, 0.2541475296020508, 0
u,0.8227324485778809, 0.2541475296020508, 0
u,0.8227325081825256, 0.9987993540707976, 0
u,0.7372586727142334, 1.000000009279871, 0
u,0.8227325081825256, 1.0000000028267797, 0
u,0.9813401103019714, 0.11583852767944336, 0
u,0.9834513664245605, 0.2013123631477356, 0
u,0.9834513664245605, 0.11583852767944336, 0
u,0.9082063436508179, 0.3271634578704834, 0
u,0.9093782305717468, 0.41263723373413086, 0
u,0.9093782305717468, 0.3271634578704834, 0
u,0.9789162278175354, 0.11583852767944336, 0
u,0.9813401103019714, 0.2013123631477356, 0
u,0.9813401103019714, 0.11583852767944336, 0
u,0.9093782305717468, 0.3271634578704834, 0
u,0.9106992483139038, 0.41263723373413086, 0
u,0.9106992483139038, 0.3271634578704834, 0
u,0.9106992483139038, 0.3271634578704834, 0
u,0.912169337272644, 0.41263723373413086, 0
u,0.912169337272644, 0.3271634578704834, 0
u,0.9761797785758972, 0.11583852767944336, 0
u,0.9789162278175354, 0.2013123631477356, 0
u,0.9789162278175354, 0.11583852767944336, 0
u,0.912169337272644, 0.3271634578704834, 0
u,0.9139364957809448, 0.41263723373413086, 0
u,0.9139364957809448, 0.3271634578704834, 0
u,0.9731307029724121, 0.11583852767944336, 0
u,0.9761797785758972, 0.2013123631477356, 0
u,0.9761797785758972, 0.11583852767944336, 0
u,0.9139364957809448, 0.3271634578704834, 0
u,0.9161484837532043, 0.41263723373413086, 0
u,0.9161484837532043, 0.3271634578704834, 0
u,0.9697690010070801, 0.11583852767944336, 0
u,0.9731307029724121, 0.2013123631477356, 0
u,0.9731307029724121, 0.11583852767944336, 0
u,0.9161484837532043, 0.3271634578704834, 0
u,0.9188053607940674, 0.41263723373413086, 0
u,0.9188053607940674, 0.3271634578704834, 0
u,0.9188053607940674, 0.3271634578704834, 0
u,0.9219071865081787, 0.41263723373413086, 0
u,0.9219071865081787, 0.3271634578704834, 0
u,0.9660946726799011, 0.11583852767944336, 0
u,0.9697690010070801, 0.2013123631477356, 0
u,0.9697690010070801, 0.11583852767944336, 0
u,0.9219071865081787, 0.3271634578704834, 0
u,0.9254539012908936, 0.41263723373413086, 0
u,0.9254539012908936, 0.3271634578704834, 0
u,0.96210777759552, 0.11583852767944336, 0
u,0.9660946726799011, 0.2013123631477356, 0
u,0.9660946726799011, 0.11583852767944336, 0
u,0.9082062840461731, 0.2732132077217102, 0
u,0.8227325081825256, 0.2763616442680359, 0
u,0.9082062840461731, 0.2763616442680359, 0
u,0.9254539012908936, 0.3271634578704834, 0
u,0.9294454455375671, 0.41263723373413086, 0
u,0.9294454455375671, 0.3271634578704834, 0
u,0.9082062840461731, 0.2763616442680359, 0
u,0.8227325081825256, 0.2867860794067383, 0
u,0.9082062840461731, 0.2867860794067383, 0
u,0.9082062840461731, 0.26973509788513184, 0
u,0.8227325081825256, 0.2732132077217102, 0
u,0.9082062840461731, 0.2732132077217102, 0
u,0.9294454455375671, 0.3271634578704834, 0
u,0.933881938457489, 0.41263723373413086, 0
u,0.933881938457489, 0.3271634578704834, 0
u,0.957808256149292, 0.11583852767944336, 0
u,0.96210777759552, 0.2013123631477356, 0
u,0.96210777759552, 0.11583852767944336, 0
u,0.9082062840461731, 0.2659274935722351, 0
u,0.8227325081825256, 0.26973509788513184, 0
u,0.9082062840461731, 0.26973509788513184, 0
u,0.9082062840461731, 0.26179027557373047, 0
u,0.8227325081825256, 0.2659274935722351, 0
u,0.9082062840461731, 0.2659274935722351, 0
u,0.933881938457489, 0.3271634578704834, 0
u,0.9387632608413696, 0.41263723373413086, 0
u,0.9387632608413696, 0.3271634578704834, 0
u,0.953196108341217, 0.11583852767944336, 0
u,0.957808256149292, 0.2013123631477356, 0
u,0.957808256149292, 0.11583852767944336, 0
u,0.9082062840461731, 0.25732356309890747, 0
u,0.8227325081825256, 0.26179027557373047, 0
u,0.9082062840461731, 0.26179027557373047, 0
u,0.9387632608413696, 0.3271634578704834, 0
u,0.9440895318984985, 0.41263723373413086, 0
u,0.9440895318984985, 0.3271634578704834, 0
u,0.8227324485778809, 0.6000980138778687, 0
u,0.7372586727142334, 0.9143126159906387, 0
u,0.8227325081825256, 0.9143126159906387, 0
u,0.9082062840461731, 0.25252723693847656, 0
u,0.8227325081825256, 0.25732356309890747, 0
u,0.9082062840461731, 0.25732356309890747, 0
u,0.9440895318984985, 0.3271634578704834, 0
u,0.9498606324195862, 0.41263723373413086, 0
u,0.9498606324195862, 0.3271634578704834, 0
u,0.9482713341712952, 0.11583852767944336, 0
u,0.953196108341217, 0.2013123631477356, 0
u,0.953196108341217, 0.11583852767944336, 0
u,0.9082062840461731, 0.2474014163017273, 0
u,0.8227325081825256, 0.25252729654312134, 0
u,0.9082062840461731, 0.25252723693847656, 0
u,0.9082062840461731, 0.2419460415840149, 0
u,0.8227325081825256, 0.2474014163017273, 0
u,0.9082062840461731, 0.2474014163017273, 0
u,0.9498606324195862, 0.3271634578704834, 0
u,0.9560766816139221, 0.41263723373413086, 0
u,0.9560766816139221, 0.3271634578704834, 0
u,0.9430339932441711, 0.11583852767944336, 0
u,0.9482713341712952, 0.2013123631477356, 0
u,0.9482713341712952, 0.11583852767944336, 0
u,0.9082062840461731, 0.23616111278533936, 0
u,0.8227325081825256, 0.2419460415840149, 0
u,0.9082062840461731, 0.2419460415840149, 0
u,0.9082062840461731, 0.2300465703010559, 0
u,0.8227325081825256, 0.23616111278533936, 0
u,0.9082062840461731, 0.23616111278533936, 0
u,0.9560766816139221, 0.3271634578704834, 0
u,0.9627375602722168, 0.41263723373413086, 0
u,0.9627375602722168, 0.3271634578704834, 0
u,0.7113509774208069, 0.02432030439376831, 0
u,0.7332078218460083, 0.10979408025741577, 0
u,0.7332078218460083, 0.02432030439376831, 0
u,0.9082062840461731, 0.2236025333404541, 0
u,0.8227325081825256, 0.2300465703010559, 0
u,0.9082062840461731, 0.2300465703010559, 0
u,0.9082062840461731, 0.11583852767944336, 0
u,0.9430339932441711, 0.2013123631477356, 0
u,0.9430339932441711, 0.11583852767944336, 0
u,0.9082062840461731, 0.21682894229888916, 0
u,0.8227325081825256, 0.2236025333404541, 0
u,0.9082062840461731, 0.2236025333404541, 0
u,0.9082062840461731, 0.20976275205612183, 0
u,0.8227325081825256, 0.21682894229888916, 0
u,0.9082062840461731, 0.21682894229888916, 0
u,0.9627375602722168, 0.3271634578704834, 0
u,0.9883189797401428, 0.41263723373413086, 0
u,0.9883189797401428, 0.3271634578704834, 0
u,0.9082062840461731, 0.7335288226604462, 0
u,0.8227325081825256, 0.7427065670490265, 0
u,0.9082062840461731, 0.7427065670490265, 0
u,0.9082062840461731, 0.20244091749191284, 0
u,0.8227325081825256, 0.20976275205612183, 0
u,0.9082062840461731, 0.20976275205612183, 0
u,0.9082062840461731, 0.7241363227367401, 0
u,0.8227325081825256, 0.7335288226604462, 0
u,0.9082062840461731, 0.7335288226604462, 0
u,0.9082062840461731, 0.19486349821090698, 0
u,0.8227325081825256, 0.20244091749191284, 0
u,0.9082062840461731, 0.20244091749191284, 0
u,0.9082062840461731, 0.7145290970802307, 0
u,0.8227325081825256, 0.7241363227367401, 0
u,0.9082062840461731, 0.7241363227367401, 0
u,0.9082062840461731, 0.18703043460845947, 0
u,0.8227324485778809, 0.19486349821090698, 0
u,0.9082062840461731, 0.19486349821090698, 0
u,0.9082062840461731, 0.7047071158885956, 0
u,0.8227325081825256, 0.7145290970802307, 0
u,0.9082062840461731, 0.7145290970802307, 0
u,0.9082062840461731, 0.6946703493595123, 0
u,0.8227325081825256, 0.7047071158885956, 0
u,0.9082062840461731, 0.7047071158885956, 0
u,0.9082062840461731, 0.1789417266845703, 0
u,0.8227324485778809, 0.18703043460845947, 0
u,0.9082062840461731, 0.18703043460845947, 0
u,0.9082062840461731, 0.6844188570976257, 0
u,0.8227325081825256, 0.6946703791618347, 0
u,0.9082062840461731, 0.6946703493595123, 0
u,0.9082062840461731, 0.17059743404388428, 0
u,0.8227324485778809, 0.1789417266845703, 0
u,0.9082062840461731, 0.1789417266845703, 0
u,0.9082062840461731, 0.6739526391029358, 0
u,0.8227325081825256, 0.6844188868999481, 0
u,0.9082062840461731, 0.6844188570976257, 0
u,0.9082062840461731, 0.16199743747711182, 0
u,0.8227324485778809, 0.17059743404388428, 0
u,0.9082062840461731, 0.17059743404388428, 0
u,0.9082062840461731, 0.6632716059684753, 0
u,0.8227325081825256, 0.6739526391029358, 0
u,0.9082062840461731, 0.6739526391029358, 0
u,0.9082062840461731, 0.15314185619354248, 0
u,0.8227324485778809, 0.16199743747711182, 0
u,0.9082062840461731, 0.16199743747711182, 0
u,0.9082062840461731, 0.6523758172988892, 0
u,0.8227325081825256, 0.6632716059684753, 0
u,0.9082062840461731, 0.6632716059684753, 0
u,0.9082062840461731, 0.1440306305885315, 0
u,0.8227324485778809, 0.15314185619354248, 0
u,0.9082062840461731, 0.15314185619354248, 0
u,0.9082062840461731, 0.6412653028964996, 0
u,0.8227325081825256, 0.6523758172988892, 0
u,0.9082062840461731, 0.6523758172988892, 0
u,0.9082062840461731, 0.13466382026672363, 0
u,0.8227324485778809, 0.14403069019317627, 0
u,0.9082062840461731, 0.1440306305885315, 0
u,0.9082062840461731, 0.629940003156662, 0
u,0.8227325081825256, 0.6412653028964996, 0
u,0.9082062840461731, 0.6412653028964996, 0
u,0.9082062840461731, 0.12504136562347412, 0
u,0.8227324485778809, 0.13466382026672363, 0
u,0.9082062840461731, 0.13466382026672363, 0
u,0.9082062840461731, 0.618399977684021, 0
u,0.8227325081825256, 0.6299400329589844, 0
u,0.9082062840461731, 0.629940003156662, 0
u,0.9082062840461731, 0.11516326665878296, 0
u,0.8227324485778809, 0.12504136562347412, 0
u,0.9082062840461731, 0.12504136562347412, 0
u,0.9082062840461731, 0.6147081255912781, 0
u,0.8227325081825256, 0.618399977684021, 0
u,0.9082062840461731, 0.618399977684021, 0
u,0.9082062840461731, 0.08182191848754883, 0
u,0.8227324485778809, 0.11516326665878296, 0
u,0.9082062840461731, 0.11516326665878296, 0
u,0.9082062840461731, 0.6098649501800537, 0
u,0.8227325081825256, 0.6147081255912781, 0
u,0.9082062840461731, 0.6147081255912781, 0
u,0.34189513325691223, 0.11172842979431152, 0
u,0.25642135739326477, 0.11294060945510864, 0
u,0.34189513325691223, 0.11294060945510864, 0
u,0.9082062840461731, 0.6038704812526703, 0
u,0.8227325081825256, 0.6098649501800537, 0
u,0.9082062840461731, 0.6098649501800537, 0
u,0.8227325081825256, 0.597297191619873, 0
u,0.7372587323188782, 0.6000979542732239, 0
u,0.8227325081825256, 0.6000979542732239, 0
u,0.9082062840461731, 0.5967246890068054, 0
u,0.8227325081825256, 0.6038704812526703, 0
u,0.9082062840461731, 0.6038704812526703, 0
u,0.34189513325691223, 0.11294060945510864, 0
u,0.25642135739326477, 0.11457943916320801, 0
u,0.34189513325691223, 0.11457943916320801, 0
u,0.9082062840461731, 0.5884275734424591, 0
u,0.8227325081825256, 0.5967246890068054, 0
u,0.9082062840461731, 0.5967246890068054, 0
u,0.34189513325691223, 0.11457943916320801, 0
u,0.25642135739326477, 0.11664491891860962, 0
u,0.34189513325691223, 0.11664491891860962, 0
u,0.9082062840461731, 0.5789791643619537, 0
u,0.8227325081825256, 0.5884276032447815, 0
u,0.9082062840461731, 0.5884275734424591, 0
u,0.34189513325691223, 0.11664491891860962, 0
u,0.25642135739326477, 0.1191369891166687, 0
u,0.34189513325691223, 0.1191369891166687, 0
u,0.9082062840461731, 0.5683794021606445, 0
u,0.8227325081825256, 0.5789791643619537, 0
u,0.9082062840461731, 0.5789791643619537, 0
u,0.8227325081825256, 0.5937327742576599, 0
u,0.7372587323188782, 0.597297191619873, 0
u,0.8227325081825256, 0.597297191619873, 0
u,0.9082062840461731, 0.5566283762454987, 0
u,0.8227325081825256, 0.5566283762454987, 0
u,0.8227325081825256, 0.5683794021606445, 0
u,0.34189513325691223, 0.1191369891166687, 0
u,0.25642135739326477, 0.1191369891166687, 0
u,0.25642135739326477, 0.12205570936203003, 0
u,0.9082062840461731, 0.543725997209549, 0
u,0.8227325081825256, 0.543725997209549, 0
u,0.8227325081825256, 0.5566283762454987, 0
u,0.34189513325691223, 0.12205570936203003, 0
u,0.25642135739326477, 0.12205570936203003, 0
u,0.25642138719558716, 0.12540102005004883, 0
u,0.9082062840461731, 0.5296722948551178, 0
u,0.8227325081825256, 0.5296722948551178, 0
u,0.8227325081825256, 0.543725997209549, 0
u,0.4382127523422241, 0.30683404207229614, 0
u,0.4382127523422241, 0.3923078179359436, 0
u,0.4816076457500458, 0.3923078179359436, 0
u,0.9082062840461731, 0.5144672989845276, 0
u,0.8227325081825256, 0.51446732878685, 0
u,0.8227325081825256, 0.5296722948551178, 0
u,0.34189513325691223, 0.12540102005004883, 0
u,0.25642138719558716, 0.12540102005004883, 0
u,0.25642138719558716, 0.12917298078536987, 0
u,0.9082062840461731, 0.4981110095977783, 0
u,0.8227325081825256, 0.4981110095977783, 0
u,0.8227325081825256, 0.51446732878685, 0
u,0.8227325081825256, 0.5894046723842621, 0
u,0.7372587323188782, 0.5894046723842621, 0
u,0.7372587323188782, 0.5937327742576599, 0
u,0.7113510370254517, 0.10979413986206055, 0
u,0.7113510370254517, 0.195267915725708, 0
u,0.7335079908370972, 0.195267915725708, 0
u,0.34189513325691223, 0.12917298078536987, 0
u,0.25642138719558716, 0.12917298078536987, 0
u,0.25642138719558716, 0.1333715319633484, 0
u,0.34189513325691223, 0.1333715319633484, 0
u,0.25642138719558716, 0.1333715319633484, 0
u,0.25642138719558716, 0.13799673318862915, 0
u,0.8227325081825256, 0.584312915802002, 0
u,0.7372587323188782, 0.5843129456043243, 0
u,0.7372587323188782, 0.5894046723842621, 0
u,0.34189513325691223, 0.13799673318862915, 0
u,0.25642138719558716, 0.13799673318862915, 0
u,0.25642138719558716, 0.14304858446121216, 0
u,0.34189513325691223, 0.14304852485656738, 0
u,0.25642138719558716, 0.14304858446121216, 0
u,0.25642138719558716, 0.14852702617645264, 0
u,0.8227325081825256, 0.5784575045108795, 0
u,0.7372587323188782, 0.5784575343132019, 0
u,0.7372587323188782, 0.5843129456043243, 0
u,0.34189513325691223, 0.14852702617645264, 0
u,0.25642138719558716, 0.14852702617645264, 0
u,0.25642138719558716, 0.15443205833435059, 0
u,0.3418951630592346, 0.23410481214523315, 0
u,0.25642138719558716, 0.23410481214523315, 0
u,0.25642138719558716, 0.2392142415046692, 0
u,0.34189513325691223, 0.15443205833435059, 0
u,0.25642138719558716, 0.15443205833435059, 0
u,0.25642138719558716, 0.23410481214523315, 0
u,0.8227325081825256, 0.5718384683132172, 0
u,0.7372587323188782, 0.5718384683132172, 0
u,0.7372587323188782, 0.5784575343132019, 0
u,0.8227325081825256, 0.5644557178020477, 0
u,0.7372587323188782, 0.5644557178020477, 0
u,0.7372587323188782, 0.5718384683132172, 0
u,0.8227325081825256, 0.5563093423843384, 0
u,0.7372587323188782, 0.5563093423843384, 0
u,0.7372587323188782, 0.5644557178020477, 0
u,0.8227325081825256, 0.5473992824554443, 0
u,0.7372587323188782, 0.5473992824554443, 0
u,0.7372587323188782, 0.5563093423843384, 0
u,0.8227325081825256, 0.537725567817688, 0
u,0.7372587323188782, 0.537725567817688, 0
u,0.7372587323188782, 0.5473992824554443, 0
u,0.8227325081825256, 0.5272881984710693, 0
u,0.7372587323188782, 0.5272881984710693, 0
u,0.7372587323188782, 0.537725567817688, 0
u,0.8227325081825256, 0.516087144613266, 0
u,0.7372587323188782, 0.516087144613266, 0
u,0.7372587323188782, 0.5272881984710693, 0
u,0.8227325081825256, 0.3161747455596924, 0
u,0.7372587323188782, 0.31617480516433716, 0
u,0.7372587323188782, 0.516087144613266, 0
u,0.8227325081825256, 0.9143126159906387, 0
u,0.7372586727142334, 0.9143126159906387, 0
u,0.7372586727142334, 0.9235348626971245, 0
u,0.8227325081825256, 0.9235348552465439, 0
u,0.7372586727142334, 0.9235348626971245, 0
u,0.7372586727142334, 0.9321527481079102, 0
u,0.8227325081825256, 0.9321527406573296, 0
u,0.7372586727142334, 0.9321527481079102, 0
u,0.7372586727142334, 0.9401663057506084, 0
u,0.8227325081825256, 0.30767154693603516, 0
u,0.7372587323188782, 0.30767154693603516, 0
u,0.7372587323188782, 0.31617480516433716, 0
u,0.8227325081825256, 0.9401662983000278, 0
u,0.7372586727142334, 0.9401663057506084, 0
u,0.7372586727142334, 0.9475755020976067, 0
u,0.8227325081825256, 0.2997745871543884, 0
u,0.7372587323188782, 0.2997745871543884, 0
u,0.7372587323188782, 0.30767154693603516, 0
u,0.8227325081825256, 0.9475754983723164, 0
u,0.7372586727142334, 0.9475755020976067, 0
u,0.7372586727142334, 0.9543803818523884, 0
u,0.8227325081825256, 0.2924838662147522, 0
u,0.7372587323188782, 0.2924838662147522, 0
u,0.7372587323188782, 0.2997745871543884, 0
u,0.8227325081825256, 0.9543803781270981, 0
u,0.7372586727142334, 0.9543803818523884, 0
u,0.7372586727142334, 0.9605809040367603, 0
u,0.8227325081825256, 0.96058090031147, 0
u,0.7372586727142334, 0.9605809040367603, 0
u,0.7372586727142334, 0.9661770835518837, 0
u,0.8227325081825256, 0.28579938411712646, 0
u,0.7372587323188782, 0.28579938411712646, 0
u,0.7372587323188782, 0.2924838662147522, 0
u,0.8227325081825256, 0.9661770761013031, 0
u,0.7372586727142334, 0.9661770835518837, 0
u,0.7372586727142334, 0.9711689315736294, 0
u,0.8227324485778809, 0.27972108125686646, 0
u,0.7372587323188782, 0.27972108125686646, 0
u,0.7372587323188782, 0.28579938411712646, 0
u,0.8227325081825256, 0.9711689241230488, 0
u,0.7372586727142334, 0.9711689315736294, 0
u,0.7372586727142334, 0.9755564332008362, 0
u,0.8227324485778809, 0.27424901723861694, 0
u,0.7372587323188782, 0.27424901723861694, 0
u,0.7372587323188782, 0.27972108125686646, 0
u,0.8227325081825256, 0.9755564276129007, 0
u,0.7372586727142334, 0.9755564332008362, 0
u,0.7372586727142334, 0.9793395921587944, 0
u,0.8227324485778809, 0.26938319206237793, 0
u,0.7372587323188782, 0.2693832516670227, 0
u,0.7372587323188782, 0.27424901723861694, 0
u,0.8227325081825256, 0.979339586570859, 0
u,0.7372586727142334, 0.9793395921587944, 0
u,0.7372586727142334, 0.9825184065848589, 0
u,0.8227325081825256, 0.9825184009969234, 0
u,0.7372586727142334, 0.9825184065848589, 0
u,0.7372586727142334, 0.9850928904488683, 0
u,0.8227324485778809, 0.2651236057281494, 0
u,0.7372587323188782, 0.2651236653327942, 0
u,0.7372587323188782, 0.2693832516670227, 0
u,0.8227325081825256, 0.9850928839296103, 0
u,0.7372586727142334, 0.9850928904488683, 0
u,0.7372586727142334, 0.9872049521654844, 0
u,0.8227325081825256, 0.9872049456462264, 0
u,0.7372586727142334, 0.9872049521654844, 0
u,0.7372586727142334, 0.989203093573451, 0
u,0.8227324485778809, 0.2614702582359314, 0
u,0.7372587323188782, 0.2614702582359314, 0
u,0.7372587323188782, 0.2651236653327942, 0
u,0.8227325081825256, 0.989203087054193, 0
u,0.7372586727142334, 0.989203093573451, 0
u,0.7372586727142334, 0.991087288595736, 0
u,0.8227324485778809, 0.2584230899810791, 0
u,0.7372587323188782, 0.2584230899810791, 0
u,0.7372587323188782, 0.2614702582359314, 0
u,0.8227325081825256, 0.991087282076478, 0
u,0.7372586727142334, 0.991087288595736, 0
u,0.7372586727142334, 0.992857564240694, 0
u,0.8227325081825256, 0.992857557721436, 0
u,0.7372586727142334, 0.992857564240694, 0
u,0.7372586727142334, 0.9945139065384865, 0
u,0.8227324485778809, 0.2559822201728821, 0
u,0.7372587323188782, 0.2559822201728821, 0
u,0.7372587323188782, 0.2584230899810791, 0
u,0.8227325081825256, 0.9945139000192285, 0
u,0.7372586727142334, 0.9945139065384865, 0
u,0.7372586727142334, 0.9960563285276294, 0
u,0.8227324485778809, 0.2541475296020508, 0
u,0.7372587323188782, 0.2541475296020508, 0
u,0.7372587323188782, 0.2559822201728821, 0
u,0.8227325081825256, 0.9960563220083714, 0
u,0.7372586727142334, 0.9960563285276294, 0
u,0.7372586727142334, 0.9974848045967519, 0
u,0.8227325081825256, 0.9974847980774939, 0
u,0.7372586727142334, 0.9974848045967519, 0
u,0.7372586727142334, 0.9987993604736403, 0
u,0.8227324485778809, 0.25211286544799805, 0
u,0.7372587323188782, 0.25211286544799805, 0
u,0.7372587323188782, 0.2541475296020508, 0
u,0.8227325081825256, 0.9987993540707976, 0
u,0.7372586727142334, 0.9987993604736403, 0
u,0.7372586727142334, 1.000000009279871, 0
u,0.9813401103019714, 0.11583852767944336, 0
u,0.9813401103019714, 0.2013123631477356, 0
u,0.9834513664245605, 0.2013123631477356, 0
u,0.9082063436508179, 0.3271634578704834, 0
u,0.9082063436508179, 0.41263723373413086, 0
u,0.9093782305717468, 0.41263723373413086, 0
u,0.9789162278175354, 0.11583852767944336, 0
u,0.9789162278175354, 0.2013123631477356, 0
u,0.9813401103019714, 0.2013123631477356, 0
u,0.9093782305717468, 0.3271634578704834, 0
u,0.9093782305717468, 0.41263723373413086, 0
u,0.9106992483139038, 0.41263723373413086, 0
u,0.9106992483139038, 0.3271634578704834, 0
u,0.9106992483139038, 0.41263723373413086, 0
u,0.912169337272644, 0.41263723373413086, 0
u,0.9761797785758972, 0.11583852767944336, 0
u,0.9761797785758972, 0.2013123631477356, 0
u,0.9789162278175354, 0.2013123631477356, 0
u,0.912169337272644, 0.3271634578704834, 0
u,0.912169337272644, 0.41263723373413086, 0
u,0.9139364957809448, 0.41263723373413086, 0
u,0.9731307029724121, 0.11583852767944336, 0
u,0.9731307029724121, 0.2013123631477356, 0
u,0.9761797785758972, 0.2013123631477356, 0
u,0.9139364957809448, 0.3271634578704834, 0
u,0.9139364957809448, 0.41263723373413086, 0
u,0.9161484837532043, 0.41263723373413086, 0
u,0.9697690010070801, 0.11583852767944336, 0
u,0.9697690010070801, 0.2013123631477356, 0
u,0.9731307029724121, 0.2013123631477356, 0
u,0.9161484837532043, 0.3271634578704834, 0
u,0.9161484837532043, 0.41263723373413086, 0
u,0.9188053607940674, 0.41263723373413086, 0
u,0.9188053607940674, 0.3271634578704834, 0
u,0.9188053607940674, 0.41263723373413086, 0
u,0.9219071865081787, 0.41263723373413086, 0
u,0.9660946726799011, 0.11583852767944336, 0
u,0.9660946726799011, 0.2013123631477356, 0
u,0.9697690010070801, 0.2013123631477356, 0
u,0.9219071865081787, 0.3271634578704834, 0
u,0.9219071865081787, 0.41263723373413086, 0
u,0.9254539012908936, 0.41263723373413086, 0
u,0.96210777759552, 0.11583852767944336, 0
u,0.96210777759552, 0.2013123631477356, 0
u,0.9660946726799011, 0.2013123631477356, 0
u,0.9082062840461731, 0.2732132077217102, 0
u,0.8227325081825256, 0.2732132077217102, 0
u,0.8227325081825256, 0.2763616442680359, 0
u,0.9254539012908936, 0.3271634578704834, 0
u,0.9254539012908936, 0.41263723373413086, 0
u,0.9294454455375671, 0.41263723373413086, 0
u,0.9082062840461731, 0.2763616442680359, 0
u,0.8227325081825256, 0.2763616442680359, 0
u,0.8227325081825256, 0.2867860794067383, 0
u,0.9082062840461731, 0.26973509788513184, 0
u,0.8227325081825256, 0.26973509788513184, 0
u,0.8227325081825256, 0.2732132077217102, 0
u,0.9294454455375671, 0.3271634578704834, 0
u,0.9294454455375671, 0.41263723373413086, 0
u,0.933881938457489, 0.41263723373413086, 0
u,0.957808256149292, 0.11583852767944336, 0
u,0.957808256149292, 0.2013123631477356, 0
u,0.96210777759552, 0.2013123631477356, 0
u,0.9082062840461731, 0.2659274935722351, 0
u,0.8227325081825256, 0.2659274935722351, 0
u,0.8227325081825256, 0.26973509788513184, 0
u,0.9082062840461731, 0.26179027557373047, 0
u,0.8227325081825256, 0.26179027557373047, 0
u,0.8227325081825256, 0.2659274935722351, 0
u,0.933881938457489, 0.3271634578704834, 0
u,0.933881938457489, 0.41263723373413086, 0
u,0.9387632608413696, 0.41263723373413086, 0
u,0.953196108341217, 0.11583852767944336, 0
u,0.953196108341217, 0.2013123631477356, 0
u,0.957808256149292, 0.2013123631477356, 0
u,0.9082062840461731, 0.25732356309890747, 0
u,0.8227325081825256, 0.25732356309890747, 0
u,0.8227325081825256, 0.26179027557373047, 0
u,0.9387632608413696, 0.3271634578704834, 0
u,0.9387632608413696, 0.41263723373413086, 0
u,0.9440895318984985, 0.41263723373413086, 0
u,0.8227324485778809, 0.6000980138778687, 0
u,0.7372586727142334, 0.6000980138778687, 0
u,0.7372586727142334, 0.9143126159906387, 0
u,0.9082062840461731, 0.25252723693847656, 0
u,0.8227325081825256, 0.25252729654312134, 0
u,0.8227325081825256, 0.25732356309890747, 0
u,0.9440895318984985, 0.3271634578704834, 0
u,0.9440895318984985, 0.41263723373413086, 0
u,0.9498606324195862, 0.41263723373413086, 0
u,0.9482713341712952, 0.11583852767944336, 0
u,0.9482713341712952, 0.2013123631477356, 0
u,0.953196108341217, 0.2013123631477356, 0
u,0.9082062840461731, 0.2474014163017273, 0
u,0.8227325081825256, 0.2474014163017273, 0
u,0.8227325081825256, 0.25252729654312134, 0
u,0.9082062840461731, 0.2419460415840149, 0
u,0.8227325081825256, 0.2419460415840149, 0
u,0.8227325081825256, 0.2474014163017273, 0
u,0.9498606324195862, 0.3271634578704834, 0
u,0.9498606324195862, 0.41263723373413086, 0
u,0.9560766816139221, 0.41263723373413086, 0
u,0.9430339932441711, 0.11583852767944336, 0
u,0.9430339932441711, 0.2013123631477356, 0
u,0.9482713341712952, 0.2013123631477356, 0
u,0.9082062840461731, 0.23616111278533936, 0
u,0.8227325081825256, 0.23616111278533936, 0
u,0.8227325081825256, 0.2419460415840149, 0
u,0.9082062840461731, 0.2300465703010559, 0
u,0.8227325081825256, 0.2300465703010559, 0
u,0.8227325081825256, 0.23616111278533936, 0
u,0.9560766816139221, 0.3271634578704834, 0
u,0.9560766816139221, 0.41263723373413086, 0
u,0.9627375602722168, 0.41263723373413086, 0
u,0.7113509774208069, 0.02432030439376831, 0
u,0.7113509774208069, 0.10979408025741577, 0
u,0.7332078218460083, 0.10979408025741577, 0
u,0.9082062840461731, 0.2236025333404541, 0
u,0.8227325081825256, 0.2236025333404541, 0
u,0.8227325081825256, 0.2300465703010559, 0
u,0.9082062840461731, 0.11583852767944336, 0
u,0.9082062840461731, 0.2013123631477356, 0
u,0.9430339932441711, 0.2013123631477356, 0
u,0.9082062840461731, 0.21682894229888916, 0
u,0.8227325081825256, 0.21682894229888916, 0
u,0.8227325081825256, 0.2236025333404541, 0
u,0.9082062840461731, 0.20976275205612183, 0
u,0.8227325081825256, 0.20976275205612183, 0
u,0.8227325081825256, 0.21682894229888916, 0
u,0.9627375602722168, 0.3271634578704834, 0
u,0.9627375602722168, 0.41263723373413086, 0
u,0.9883189797401428, 0.41263723373413086, 0
u,0.9082062840461731, 0.7335288226604462, 0
u,0.8227325081825256, 0.7335288226604462, 0
u,0.8227325081825256, 0.7427065670490265, 0
u,0.9082062840461731, 0.20244091749191284, 0
u,0.8227325081825256, 0.20244091749191284, 0
u,0.8227325081825256, 0.20976275205612183, 0
u,0.9082062840461731, 0.7241363227367401, 0
u,0.8227325081825256, 0.7241363227367401, 0
u,0.8227325081825256, 0.7335288226604462, 0
u,0.9082062840461731, 0.19486349821090698, 0
u,0.8227324485778809, 0.19486349821090698, 0
u,0.8227325081825256, 0.20244091749191284, 0
u,0.9082062840461731, 0.7145290970802307, 0
u,0.8227325081825256, 0.7145290970802307, 0
u,0.8227325081825256, 0.7241363227367401, 0
u,0.9082062840461731, 0.18703043460845947, 0
u,0.8227324485778809, 0.18703043460845947, 0
u,0.8227324485778809, 0.19486349821090698, 0
u,0.9082062840461731, 0.7047071158885956, 0
u,0.8227325081825256, 0.7047071158885956, 0
u,0.8227325081825256, 0.7145290970802307, 0
u,0.9082062840461731, 0.6946703493595123, 0
u,0.8227325081825256, 0.6946703791618347, 0
u,0.8227325081825256, 0.7047071158885956, 0
u,0.9082062840461731, 0.1789417266845703, 0
u,0.8227324485778809, 0.1789417266845703, 0
u,0.8227324485778809, 0.18703043460845947, 0
u,0.9082062840461731, 0.6844188570976257, 0
u,0.8227325081825256, 0.6844188868999481, 0
u,0.8227325081825256, 0.6946703791618347, 0
u,0.9082062840461731, 0.17059743404388428, 0
u,0.8227324485778809, 0.17059743404388428, 0
u,0.8227324485778809, 0.1789417266845703, 0
u,0.9082062840461731, 0.6739526391029358, 0
u,0.8227325081825256, 0.6739526391029358, 0
u,0.8227325081825256, 0.6844188868999481, 0
u,0.9082062840461731, 0.16199743747711182, 0
u,0.8227324485778809, 0.16199743747711182, 0
u,0.8227324485778809, 0.17059743404388428, 0
u,0.9082062840461731, 0.6632716059684753, 0
u,0.8227325081825256, 0.6632716059684753, 0
u,0.8227325081825256, 0.6739526391029358, 0
u,0.9082062840461731, 0.15314185619354248, 0
u,0.8227324485778809, 0.15314185619354248, 0
u,0.8227324485778809, 0.16199743747711182, 0
u,0.9082062840461731, 0.6523758172988892, 0
u,0.8227325081825256, 0.6523758172988892, 0
u,0.8227325081825256, 0.6632716059684753, 0
u,0.9082062840461731, 0.1440306305885315, 0
u,0.8227324485778809, 0.14403069019317627, 0
u,0.8227324485778809, 0.15314185619354248, 0
u,0.9082062840461731, 0.6412653028964996, 0
u,0.8227325081825256, 0.6412653028964996, 0
u,0.8227325081825256, 0.6523758172988892, 0
u,0.9082062840461731, 0.13466382026672363, 0
u,0.8227324485778809, 0.13466382026672363, 0
u,0.8227324485778809, 0.14403069019317627, 0
u,0.9082062840461731, 0.629940003156662, 0
u,0.8227325081825256, 0.6299400329589844, 0
u,0.8227325081825256, 0.6412653028964996, 0
u,0.9082062840461731, 0.12504136562347412, 0
u,0.8227324485778809, 0.12504136562347412, 0
u,0.8227324485778809, 0.13466382026672363, 0
u,0.9082062840461731, 0.618399977684021, 0
u,0.8227325081825256, 0.618399977684021, 0
u,0.8227325081825256, 0.6299400329589844, 0
u,0.9082062840461731, 0.11516326665878296, 0
u,0.8227324485778809, 0.11516326665878296, 0
u,0.8227324485778809, 0.12504136562347412, 0
u,0.9082062840461731, 0.6147081255912781, 0
u,0.8227325081825256, 0.6147081255912781, 0
u,0.8227325081825256, 0.618399977684021, 0
u,0.9082062840461731, 0.08182191848754883, 0
u,0.8227324485778809, 0.08182191848754883, 0
u,0.8227324485778809, 0.11516326665878296, 0
u,0.9082062840461731, 0.6098649501800537, 0
u,0.8227325081825256, 0.6098649501800537, 0
u,0.8227325081825256, 0.6147081255912781, 0
u,0.34189513325691223, 0.11172842979431152, 0
u,0.25642135739326477, 0.11172842979431152, 0
u,0.25642135739326477, 0.11294060945510864, 0
u,0.9082062840461731, 0.6038704812526703, 0
u,0.8227325081825256, 0.6038704812526703, 0
u,0.8227325081825256, 0.6098649501800537, 0
u,0.8227325081825256, 0.597297191619873, 0
u,0.7372587323188782, 0.597297191619873, 0
u,0.7372587323188782, 0.6000979542732239, 0
u,0.9082062840461731, 0.5967246890068054, 0
u,0.8227325081825256, 0.5967246890068054, 0
u,0.8227325081825256, 0.6038704812526703, 0
u,0.34189513325691223, 0.11294060945510864, 0
u,0.25642135739326477, 0.11294060945510864, 0
u,0.25642135739326477, 0.11457943916320801, 0
u,0.9082062840461731, 0.5884275734424591, 0
u,0.8227325081825256, 0.5884276032447815, 0
u,0.8227325081825256, 0.5967246890068054, 0
u,0.34189513325691223, 0.11457943916320801, 0
u,0.25642135739326477, 0.11457943916320801, 0
u,0.25642135739326477, 0.11664491891860962, 0
u,0.9082062840461731, 0.5789791643619537, 0
u,0.8227325081825256, 0.5789791643619537, 0
u,0.8227325081825256, 0.5884276032447815, 0
u,0.34189513325691223, 0.11664491891860962, 0
u,0.25642135739326477, 0.11664491891860962, 0
u,0.25642135739326477, 0.1191369891166687, 0
u,0.9082062840461731, 0.5683794021606445, 0
u,0.8227325081825256, 0.5683794021606445, 0
u,0.8227325081825256, 0.5789791643619537, 0
u,0.8227325081825256, 0.5937327742576599, 0
u,0.7372587323188782, 0.5937327742576599, 0
u,0.7372587323188782, 0.597297191619873, 0
