v,-2.9372427889029495e-05, 0.0108181806281209, 0.007033701054751873
v,-0.00016917401808314025, 0.010793529450893402, 0.0070358505472540855
v,-0.00047347325016744435, 0.01073987316340208, 0.007028829772025347
v,0.00010894873412325978, 0.01084257010370493, 0.007027253974229097
v,-2.9372427889029495e-05, 0.0108181806281209, 0.007033701054751873
v,-0.00047347325016744435, 0.01073987316340208, 0.007028829772025347
v,0.00010894873412325978, 0.01084257010370493, 0.007027253974229097
v,-0.00047347325016744435, 0.01073987316340208, 0.007028829772025347
v,-0.0007666249293833971, 0.010688182897865772, 0.007007766980677843
v,0.00024578862939961255, 0.010866698808968067, 0.007016507443040609
v,0.00010894873412325978, 0.01084257010370493, 0.007027253974229097
v,-0.0007666249293833971, 0.010688182897865772, 0.007007766980677843
v,0.0003811463830061257, 0.010890565812587738, 0.007001462392508984
v,0.00024578862939961255, 0.010866698808968067, 0.007016507443040609
v,-0.0007666249293833971, 0.010688182897865772, 0.007007766980677843
v,0.0003811463830061257, 0.010890565812587738, 0.007001462392508984
v,-0.0007666249293833971, 0.010688182897865772, 0.007007766980677843
v,-0.0010486291721463203, 0.010638457722961903, 0.006972662638872862
v,0.0005150228389538825, 0.010914172045886517, 0.006982119753956795
v,0.0003811463830061257, 0.010890565812587738, 0.007001462392508984
v,-0.0010486291721463203, 0.010638457722961903, 0.006972662638872862
v,0.0006474171532317996, 0.010937516577541828, 0.006958476733416319
v,0.0005150228389538825, 0.010914172045886517, 0.006982119753956795
v,-0.0010486291721463203, 0.010638457722961903, 0.006972662638872862
v,0.0006474171532317996, 0.010937516577541828, 0.006958476733416319
v,-0.0010486291721463203, 0.010638457722961903, 0.006972662638872862
v,-0.0013194859493523836, 0.010590698570013046, 0.0069235158152878284
v,0.0007783301989547908, 0.010960600338876247, 0.006930536590516567
v,0.0006474171532317996, 0.010937516577541828, 0.006958476733416319
v,-0.0013194859493523836, 0.010590698570013046, 0.0069235158152878284
v,0.0009077611030079424, 0.0109834223985672, 0.006898297928273678
v,0.0007783301989547908, 0.010960600338876247, 0.006930536590516567
v,-0.0013194859493523836, 0.010590698570013046, 0.0069235158152878284
v,0.0009077611030079424, 0.0109834223985672, 0.006898297928273678
v,-0.0013194859493523836, 0.010590698570013046, 0.0069235158152878284
v,-0.001579195261001587, 0.010544904507696629, 0.0068603274412453175
v,0.0010357106802985072, 0.01100598368793726, 0.006861760281026363
v,0.0009077611030079424, 0.0109834223985672, 0.006898297928273678
v,-0.001579195261001587, 0.010544904507696629, 0.0068603274412453175
v,0.001162179047241807, 0.011028283275663853, 0.0068209245800971985
v,0.0010357106802985072, 0.01100598368793726, 0.006861760281026363
v,-0.001579195261001587, 0.010544904507696629, 0.0068603274412453175
v,0.001162179047241807, 0.011028283275663853, 0.0068209245800971985
v,-0.001579195261001587, 0.010544904507696629, 0.0068603274412453175
v,-0.0018277568742632866, 0.010501076467335224, 0.006783097051084042
v,0.0012871652143076062, 0.011050322093069553, 0.0067757898941636086
v,0.001162179047241807, 0.011028283275663853, 0.0068209245800971985
v,-0.0018277568742632866, 0.010501076467335224, 0.006783097051084042
v,0.0012871652143076062, 0.011050322093069553, 0.0067757898941636086
v,-0.0018277568742632866, 0.010501076467335224, 0.006783097051084042
v,-0.0020651710219681263, 0.010459214448928833, 0.006691824644804001
v,0.0014106701128184795, 0.011072099208831787, 0.006726357154548168
v,0.0012871652143076062, 0.011050322093069553, 0.0067757898941636086
v,-0.0020651710219681263, 0.010459214448928833, 0.006691824644804001
v,0.0015327634755522013, 0.011093627661466599, 0.0066726249642670155
v,0.0014106701128184795, 0.011072099208831787, 0.006726357154548168
v,-0.0020651710219681263, 0.010459214448928833, 0.006691824644804001
v,0.0015327634755522013, 0.011093627661466599, 0.0066726249642670155
v,-0.0020651710219681263, 0.010459214448928833, 0.006691824644804001
v,-0.002291437704116106, 0.01041931752115488, 0.006586510222405195
v,0.001653516897931695, 0.011114919558167458, 0.006614594720304012
v,0.0015327634755522013, 0.011093627661466599, 0.0066726249642670155
v,-0.002291437704116106, 0.01041931752115488, 0.006586510222405195
v,0.0017729293322190642, 0.011135974898934364, 0.006552265956997871
v,0.001653516897931695, 0.011114919558167458, 0.006614594720304012
v,-0.002291437704116106, 0.01041931752115488, 0.006586510222405195
v,0.0017729293322190642, 0.011135974898934364, 0.006552265956997871
v,-0.002291437704116106, 0.01041931752115488, 0.006586510222405195
v,-0.002506556920707226, 0.010381385684013367, 0.006467154249548912
v,0.0018910017097368836, 0.011156794615089893, 0.0064856382086873055
v,0.0017729293322190642, 0.011135974898934364, 0.006552265956997871
v,-0.002506556920707226, 0.010381385684013367, 0.006467154249548912
v,0.0020077330991625786, 0.01117737777531147, 0.006414712406694889
v,0.0018910017097368836, 0.011156794615089893, 0.0064856382086873055
v,-0.002506556920707226, 0.010381385684013367, 0.006467154249548912
v,0.0020077330991625786, 0.01117737777531147, 0.006414712406694889
v,-0.002506556920707226, 0.010381385684013367, 0.006467154249548912
v,-0.0027105286717414856, 0.010345419868826866, 0.006333756260573864
v,0.0021231237333267927, 0.01119772344827652, 0.006339487619698048
v,0.0020077330991625786, 0.01117737777531147, 0.006414712406694889
v,-0.0027105286717414856, 0.010345419868826866, 0.006333756260573864
v,0.002237174194306135, 0.011217834427952766, 0.006259964779019356
v,0.0021231237333267927, 0.01119772344827652, 0.006339487619698048
v,-0.0027105286717414856, 0.010345419868826866, 0.006333756260573864
v,0.002237174194306135, 0.011217834427952766, 0.006259964779019356
v,-0.0027105286717414856, 0.010345419868826866, 0.006333756260573864
v,-0.0029033527243882418, 0.010311420075595379, 0.006186316255480051
v,0.002349883783608675, 0.011237707920372486, 0.006176142953336239
v,0.002237174194306135, 0.011217834427952766, 0.006259964779019356
v,-0.0029033527243882418, 0.010311420075595379, 0.006186316255480051
v,0.002349883783608675, 0.011237707920372486, 0.006176142953336239
v,-0.0029033527243882418, 0.010311420075595379, 0.006186316255480051
v,-0.0030850276816636324, 0.010279386304318905, 0.0060248346999287605
v,0.002461253432556987, 0.011257344856858253, 0.006088022608309984
v,0.002349883783608675, 0.011237707920372486, 0.006176142953336239
v,-0.0030850276816636324, 0.010279386304318905, 0.0060248346999287605
v,0.002571282209828496, 0.011276746168732643, 0.005995604209601879
v,0.002461253432556987, 0.011257344856858253, 0.006088022608309984
v,-0.0030850276816636324, 0.010279386304318905, 0.0060248346999287605
v,0.002571282209828496, 0.011276746168732643, 0.005995604209601879
v,-0.0030850276816636324, 0.010279386304318905, 0.0060248346999287605
v,-0.0032537931110709906, 0.010249627754092216, 0.005851531866937876
v,0.002679969882592559, 0.01129591092467308, 0.005898886825889349
v,0.002571282209828496, 0.011276746168732643, 0.005995604209601879
v,-0.0032537931110709906, 0.010249627754092216, 0.005851531866937876
v,0.0027873185463249683, 0.011314839124679565, 0.005797871388494968
v,0.002679969882592559, 0.01129591092467308, 0.005898886825889349
v,-0.0032537931110709906, 0.010249627754092216, 0.005851531866937876
v,0.0027873185463249683, 0.011314839124679565, 0.005797871388494968
v,-0.0032537931110709906, 0.010249627754092216, 0.005851531866937876
v,-0.0034078825265169144, 0.01022245828062296, 0.005668628495186567
v,0.0028743818402290344, 0.011330191045999527, 0.005576352588832378
v,0.0027873185463249683, 0.011314839124679565, 0.005797871388494968
v,-0.0034078825265169144, 0.01022245828062296, 0.005668628495186567
v,0.0028743818402290344, 0.011330191045999527, 0.005576352588832378
v,-0.0034078825265169144, 0.01022245828062296, 0.005668628495186567
v,-0.0035472973249852657, 0.010197875089943409, 0.005476125981658697
v,0.0029628556221723557, 0.01134579163044691, 0.005351969040930271
v,0.0028743818402290344, 0.011330191045999527, 0.005576352588832378
v,-0.0035472973249852657, 0.010197875089943409, 0.005476125981658697
v,0.0029628556221723557, 0.01134579163044691, 0.005351969040930271
v,-0.0035472973249852657, 0.010197875089943409, 0.005476125981658697
v,-0.0036720363423228264, 0.010175880044698715, 0.005274022929370403
v,0.003052741987630725, 0.011361640878021717, 0.005124719347804785
v,0.0029628556221723557, 0.01134579163044691, 0.005351969040930271
v,0.0007607266306877136, 0.010957496240735054, 0.005296804942190647
v,0.0007607266306877136, 0.010957496240735054, 0.005296804942190647
v,0.0029628556221723557, 0.01134579163044691, 0.005351969040930271
v,0.0006627277471125126, 0.010940216481685638, 0.00530121149495244
v,0.0006627277471125126, 0.010940216481685638, 0.00530121149495244
v,0.0029628556221723557, 0.01134579163044691, 0.005351969040930271
v,0.0005623295437544584, 0.010922513902187347, 0.005302680190652609
v,0.0005623295437544584, 0.010922513902187347, 0.005302680190652609
v,0.0029628556221723557, 0.01134579163044691, 0.005351969040930271
v,-0.0036720363423228264, 0.010175880044698715, 0.005274022929370403
v,0.0003993140417151153, 0.010893769562244415, 0.005298417992889881
v,0.0005623295437544584, 0.010922513902187347, 0.005302680190652609
v,-0.0036720363423228264, 0.010175880044698715, 0.005274022929370403
v,0.00024215476878453046, 0.010866058059036732, 0.005285630002617836
v,0.0003993140417151153, 0.010893769562244415, 0.005298417992889881
v,-0.0036720363423228264, 0.010175880044698715, 0.005274022929370403
v,0.003052741987630725, 0.011361640878021717, 0.005124719347804785
v,0.0007607266306877136, 0.010957496240735054, 0.005296804942190647
v,0.0008563270093873143, 0.010974353179335594, 0.005289461463689804
v,0.003052741987630725, 0.011361640878021717, 0.005124719347804785
v,0.0008563270093873143, 0.010974353179335594, 0.005289461463689804
v,0.0009495289414189756, 0.010990787297487259, 0.005279181059449911
v,9.085172496270388e-05, 0.010839379392564297, 0.0052643162198364735
v,0.00024215476878453046, 0.010866058059036732, 0.005285630002617836
v,-0.0036720363423228264, 0.010175880044698715, 0.005274022929370403
v,0.003052741987630725, 0.011361640878021717, 0.005124719347804785
v,0.0009495289414189756, 0.010990787297487259, 0.005279181059449911
v,0.0010403315536677837, 0.011006798595190048, 0.005265962798148394
v,9.085172496270388e-05, 0.010839379392564297, 0.0052643162198364735
v,-0.0036720363423228264, 0.010175880044698715, 0.005274022929370403
v,-0.0037821009755134583, 0.010156473144888878, 0.005062319338321686
v,0.003052741987630725, 0.011361640878021717, 0.005124719347804785
v,0.0010403315536677837, 0.011006798595190048, 0.005265962798148394
v,0.0011287356028333306, 0.011022386141121387, 0.005249807611107826
v,-5.459513340611011e-05, 0.010813732631504536, 0.005234477110207081
v,9.085172496270388e-05, 0.010839379392564297, 0.0052643162198364735
v,-0.0037821009755134583, 0.010156473144888878, 0.005062319338321686
v,0.003052741987630725, 0.011361640878021717, 0.005124719347804785
v,0.0011287356028333306, 0.011022386141121387, 0.005249807611107826
v,0.0012147404486313462, 0.011037550866603851, 0.005230715032666922
v,-0.00019418571901042014, 0.010789119638502598, 0.005196112673729658
v,-5.459513340611011e-05, 0.010813732631504536, 0.005234477110207081
v,-0.0037821009755134583, 0.010156473144888878, 0.005062319338321686
v,0.003052741987630725, 0.011361640878021717, 0.005124719347804785
v,0.0012147404486313462, 0.011037550866603851, 0.005230715032666922
v,0.0012983467895537615, 0.011052293702960014, 0.00520868506282568
v,0.003052741987630725, 0.011361640878021717, 0.005124719347804785
v,0.0012983467895537615, 0.011052293702960014, 0.00520868506282568
v,0.0013795546256005764, 0.011066612787544727, 0.005183718167245388
v,-0.0003279208904132247, 0.010765538550913334, 0.005149222444742918
v,-0.00019418571901042014, 0.010789119638502598, 0.005196112673729658
v,-0.0037821009755134583, 0.010156473144888878, 0.005062319338321686
v,0.003052741987630725, 0.011361640878021717, 0.005124719347804785
v,0.0013795546256005764, 0.011066612787544727, 0.005183718167245388
v,0.0014583631418645382, 0.01108050812035799, 0.005155813414603472
v,0.003052741987630725, 0.011361640878021717, 0.005124719347804785
v,0.0014583631418645382, 0.01108050812035799, 0.005155813414603472
v,0.0015347731532528996, 0.011093981564044952, 0.005124971270561218
v,-0.00045579992001876235, 0.010742989368736744, 0.005093806888908148
v,-0.0003279208904132247, 0.010765538550913334, 0.005149222444742918
v,-0.0037821009755134583, 0.010156473144888878, 0.005062319338321686
v,0.003052741987630725, 0.011361640878021717, 0.005124719347804785
v,0.0015347731532528996, 0.011093981564044952, 0.005124971270561218
v,0.0016087847761809826, 0.011107032187283039, 0.0050911917351186275
v,0.0031440388411283493, 0.011377738788723946, 0.004894603975117207
v,0.003052741987630725, 0.011361640878021717, 0.005124719347804785
v,0.0016087847761809826, 0.011107032187283039, 0.0050911917351186275
v,-0.000577822676859796, 0.010721473954617977, 0.0050298660062253475
v,-0.00045579992001876235, 0.010742989368736744, 0.005093806888908148
v,-0.0037821009755134583, 0.010156473144888878, 0.005062319338321686
v,0.0031440388411283493, 0.011377738788723946, 0.004894603975117207
v,0.0016087847761809826, 0.011107032187283039, 0.0050911917351186275
v,0.0016808912623673677, 0.01111974660307169, 0.005054439418017864
v,-0.000577822676859796, 0.010721473954617977, 0.0050298660062253475
v,-0.0037821009755134583, 0.010156473144888878, 0.005062319338321686
v,-0.003877489361912012, 0.010139653459191322, 0.004841016139835119
v,0.0031440388411283493, 0.011377738788723946, 0.004894603975117207
v,0.0016808912623673677, 0.01111974660307169, 0.005054439418017864
v,0.0017515863291919231, 0.011132211424410343, 0.005014677997678518
v,-0.0006939900340512395, 0.010700990445911884, 0.004957399796694517
v,-0.000577822676859796, 0.010721473954617977, 0.0050298660062253475
v,-0.003877489361912012, 0.010139653459191322, 0.004841016139835119
v,0.0031440388411283493, 0.011377738788723946, 0.004894603975117207
v,0.0017515863291919231, 0.011132211424410343, 0.005014677997678518
v,0.0018208706751465797, 0.011144428513944149, 0.0049719070084393024
v,0.0031440388411283493, 0.011377738788723946, 0.004894603975117207
v,0.0018208706751465797, 0.011144428513944149, 0.0049719070084393024
v,0.0018887436017394066, 0.011156396009027958, 0.004926127847284079
v,-0.0008043012348935008, 0.01068153977394104, 0.004876407794654369
v,-0.0006939900340512395, 0.010700990445911884, 0.004957399796694517
v,-0.003877489361912012, 0.010139653459191322, 0.004841016139835119
v,0.0031440388411283493, 0.011377738788723946, 0.004894603975117207
v,0.0018887436017394066, 0.011156396009027958, 0.004926127847284079
v,0.0019552058074623346, 0.011168114840984344, 0.004877339117228985
v,0.0032367464154958725, 0.011394085362553596, 0.004661623388528824
v,0.0031440388411283493, 0.011377738788723946, 0.004894603975117207
v,0.0019552058074623346, 0.011168114840984344, 0.004877339117228985
v,0.0032367464154958725, 0.011394085362553596, 0.004661623388528824
v,0.0019552058074623346, 0.011168114840984344, 0.004877339117228985
v,0.0020202563609927893, 0.011179585941135883, 0.004825541749596596
v,-0.0009087561629712582, 0.01066312100738287, 0.0047868904657661915
v,-0.0008043012348935008, 0.01068153977394104, 0.004876407794654369
v,-0.003877489361912012, 0.010139653459191322, 0.004841016139835119
v,-0.0009087561629712582, 0.01066312100738287, 0.0047868904657661915
v,-0.003877489361912012, 0.010139653459191322, 0.004841016139835119
v,-0.00395820289850235, 0.010125421918928623, 0.004610112868249416
v,0.0032367464154958725, 0.011394085362553596, 0.004661623388528824
v,0.0020202563609927893, 0.011179585941135883, 0.004825541749596596
v,0.0020838964264839888, 0.01119080651551485, 0.004770735278725624
v,-0.0010073557496070862, 0.010645736008882523, 0.0046888478100299835
v,-0.0009087561629712582, 0.01066312100738287, 0.0047868904657661915
v,-0.00395820289850235, 0.010125421918928623, 0.004610112868249416
v,0.0032367464154958725, 0.011394085362553596, 0.004661623388528824
v,0.0020838964264839888, 0.01119080651551485, 0.004770735278725624
v,0.002146124839782715, 0.01120177935808897, 0.00471291970461607
v,0.0032367464154958725, 0.011394085362553596, 0.004661623388528824
v,0.002146124839782715, 0.01120177935808897, 0.00471291970461607
v,0.002206942765042186, 0.011212503537535667, 0.00465209549292922
v,-0.0010990406153723598, 0.010629569180309772, 0.0045822798274457455
v,-0.0010073557496070862, 0.010645736008882523, 0.0046888478100299835
v,-0.00395820289850235, 0.010125421918928623, 0.004610112868249416
v,0.0033308647107332945, 0.011410681530833244, 0.004425776656717062
v,0.0032367464154958725, 0.011394085362553596, 0.004661623388528824
v,0.002206942765042186, 0.011212503537535667, 0.00465209549292922
v,0.0033308647107332945, 0.011410681530833244, 0.004425776656717062
v,0.002206942765042186, 0.011212503537535667, 0.00465209549292922
v,0.0022663490381091833, 0.011222978122532368, 0.004588262178003788
v,-0.0010990406153723598, 0.010629569180309772, 0.0045822798274457455
v,-0.00395820289850235, 0.010125421918928623, 0.004610112868249416
v,-0.0040242415852844715, 0.010113776661455631, 0.004369609523564577
v,0.0033308647107332945, 0.011410681530833244, 0.004425776656717062
v,0.0022663490381091833, 0.011222978122532368, 0.004588262178003788
v,0.002324344590306282, 0.011233204044401646, 0.0045214202255010605
v,-0.0011827524285763502, 0.010614808648824692, 0.004467186518013477
v,-0.0010990406153723598, 0.010629569180309772, 0.0045822798274457455
v,-0.0040242415852844715, 0.010113776661455631, 0.004369609523564577
v,0.0033308647107332945, 0.011410681530833244, 0.004425776656717062
v,0.002324344590306282, 0.011233204044401646, 0.0045214202255010605
v,0.0023809270933270454, 0.011243181303143501, 0.004451568704098463
v,-0.0012584920041263103, 0.010601453483104706, 0.004343567881733179
v,-0.0011827524285763502, 0.010614808648824692, 0.004467186518013477
v,-0.0040242415852844715, 0.010113776661455631, 0.004369609523564577
v,0.0033308647107332945, 0.011410681530833244, 0.004425776656717062
v,0.0023809270933270454, 0.011243181303143501, 0.004451568704098463
v,0.002438569674268365, 0.011253345757722855, 0.004374231211841106
v,0.003426395356655121, 0.01142752543091774, 0.004187064711004496
v,0.0033308647107332945, 0.011410681530833244, 0.004425776656717062
v,0.002438569674268365, 0.011253345757722855, 0.004374231211841106
v,0.003426395356655121, 0.01142752543091774, 0.004187064711004496
v,0.002438569674268365, 0.011253345757722855, 0.004374231211841106
v,0.0024997396394610405, 0.011264131404459476, 0.004284929018467665
v,-0.0012584920041263103, 0.010601453483104706, 0.004343567881733179
v,-0.0040242415852844715, 0.010113776661455631, 0.004369609523564577
v,-0.00407560495659709, 0.01010472048074007, 0.004119505640119314
v,-0.0013262593420222402, 0.01058950461447239, 0.0042114234529435635
v,-0.0012584920041263103, 0.010601453483104706, 0.004343567881733179
v,-0.00407560495659709, 0.01010472048074007, 0.004119505640119314
v,0.003426395356655121, 0.01142752543091774, 0.004187064711004496
v,0.0024997396394610405, 0.011264131404459476, 0.004284929018467665
v,0.0025644381530582905, 0.011275539174675941, 0.004183662123978138
v,-0.0013860536273568869, 0.010578961111605167, 0.004070753697305918
v,-0.0013262593420222402, 0.01058950461447239, 0.0042114234529435635
v,-0.00407560495659709, 0.01010472048074007, 0.004119505640119314
v,0.0035233364906162024, 0.011444618925452232, 0.003945487085729837
v,0.003426395356655121, 0.01142752543091774, 0.004187064711004496
v,0.0025644381530582905, 0.011275539174675941, 0.004183662123978138
v,0.0035233364906162024, 0.011444618925452232, 0.003945487085729837
v,0.0025644381530582905, 0.011275539174675941, 0.004183662123978138
v,0.0026326640509068966, 0.01128756906837225, 0.004070431459695101
v,-0.0013860536273568869, 0.010578961111605167, 0.004070753697305918
v,-0.00407560495659709, 0.01010472048074007, 0.004119505640119314
v,-0.004112293478101492, 0.010098251514136791, 0.003859802382066846
v,-0.0014378756750375032, 0.01056982297450304, 0.003921558614820242
v,-0.0013860536273568869, 0.010578961111605167, 0.004070753697305918
v,-0.004112293478101492, 0.010098251514136791, 0.003859802382066846
v,0.0035233364906162024, 0.011444618925452232, 0.003945487085729837
v,0.0026326640509068966, 0.01128756906837225, 0.004070431459695101
v,0.0027044175658375025, 0.011300221085548401, 0.003945236559957266
v,0.0036216885782778263, 0.011461961083114147, 0.0037010435480624437
v,0.0035233364906162024, 0.011444618925452232, 0.003945487085729837
v,0.0027044175658375025, 0.011300221085548401, 0.003945236559957266
v,0.0036216885782778263, 0.011461961083114147, 0.0037010435480624437
v,0.0027044175658375025, 0.011300221085548401, 0.003945236559957266
v,0.0027796984650194645, 0.011313495226204395, 0.0038080771919339895
v,-0.0014817246701568365, 0.010562091134488583, 0.0037638384383171797
v,-0.0014378756750375032, 0.01056982297450304, 0.003921558614820242
v,-0.004112293478101492, 0.010098251514136791, 0.003859802382066846
v,-0.0014817246701568365, 0.010562091134488583, 0.0037638384383171797
v,-0.004112293478101492, 0.010098251514136791, 0.003859802382066846
v,-0.004134305752813816, 0.010094369761645794, 0.003590498585253954
v,0.0036216885782778263, 0.011461961083114147, 0.0037010435480624437
v,0.0027796984650194645, 0.011313495226204395, 0.0038080771919339895
v,0.0028585069812834263, 0.011327391490340233, 0.003658953821286559
v,-0.0015176013112068176, 0.010555765591561794, 0.0035975922364741564
v,-0.0014817246701568365, 0.010562091134488583, 0.0037638384383171797
v,-0.004134305752813816, 0.010094369761645794, 0.003590498585253954
v,0.0037214511539787054, 0.011479551903903484, 0.003453734563663602
v,0.0036216885782778263, 0.011461961083114147, 0.0037010435480624437
v,0.0028585069812834263, 0.011327391490340233, 0.003658953821286559
v,0.0037214511539787054, 0.011479551903903484, 0.003453734563663602
v,0.0028585069812834263, 0.011327391490340233, 0.003658953821286559
v,0.002940843114629388, 0.011341909877955914, 0.0034978659823536873
v,-0.0015455051325261593, 0.0105508454144001, 0.003422820707783103
v,-0.0015176013112068176, 0.010555765591561794, 0.0035975922364741564
v,-0.004134305752813816, 0.010094369761645794, 0.003590498585253954
v,-0.0015455051325261593, 0.0105508454144001, 0.003422820707783103
v,-0.004134305752813816, 0.010094369761645794, 0.003590498585253954
v,-0.004141643643379211, 0.010093076154589653, 0.003311595181003213
v,0.0037214511539787054, 0.011479551903903484, 0.003453734563663602
v,0.002940843114629388, 0.011341909877955914, 0.0034978659823536873
v,0.0030267066322267056, 0.011357049457728863, 0.0033248141407966614
v,0.003822626080363989, 0.011497392319142818, 0.0032035592012107372
v,0.0037214511539787054, 0.011479551903903484, 0.003453734563663602
v,0.0030267066322267056, 0.011357049457728863, 0.0033248141407966614
v,-0.0015654363669455051, 0.010547330603003502, 0.003239523619413376
v,-0.0015455051325261593, 0.0105508454144001, 0.003422820707783103
v,-0.004141643643379211, 0.010093076154589653, 0.003311595181003213
v,0.003822626080363989, 0.011497392319142818, 0.0032035592012107372
v,0.0030267066322267056, 0.011357049457728863, 0.0033248141407966614
v,0.003116097766906023, 0.01137281209230423, 0.0031397973652929068
v,-0.0015654363669455051, 0.010547330603003502, 0.003239523619413376
v,-0.004141643643379211, 0.010093076154589653, 0.003311595181003213
v,-0.0041372692212462425, 0.010093847289681435, 0.0031121426727622747
v,-0.0015773957129567862, 0.010545222088694572, 0.0030477012041956186
v,-0.0015654363669455051, 0.010547330603003502, 0.003239523619413376
v,-0.0041372692212462425, 0.010093847289681435, 0.0031121426727622747
v,0.0039252121932804585, 0.011515480466187, 0.0029505183920264244
v,0.003822626080363989, 0.011497392319142818, 0.0032035592012107372
v,0.003116097766906023, 0.01137281209230423, 0.0031397973652929068
v,0.0039252121932804585, 0.011515480466187, 0.0029505183920264244
v,0.003116097766906023, 0.01137281209230423, 0.0031397973652929068
v,0.0032090162858366966, 0.011389195919036865, 0.002942816587164998
v,-0.0015773957129567862, 0.010545222088694572, 0.0030477012041956186
v,-0.0041372692212462425, 0.010093847289681435, 0.0031121426727622747
v,-0.004124146420508623, 0.01009616069495678, 0.00291269039735198
v,-0.0015813817735761404, 0.010544518940150738, 0.0028473532292991877
v,-0.0015773957129567862, 0.010545222088694572, 0.0030477012041956186
v,-0.004124146420508623, 0.01009616069495678, 0.00291269039735198
v,0.003305465914309025, 0.011406202800571918, 0.0027338715735822916
v,0.0039252121932804585, 0.011515480466187, 0.0029505183920264244
v,0.0032090162858366966, 0.011389195919036865, 0.002942816587164998
v,-0.0015813817735761404, 0.010544518940150738, 0.0028473532292991877
v,-0.004124146420508623, 0.01009616069495678, 0.00291269039735198
v,-0.004102274775505066, 0.010100017301738262, 0.0027132381219416857
v,-0.001575208269059658, 0.010545607656240463, 0.002639089012518525
v,-0.0015813817735761404, 0.010544518940150738, 0.0028473532292991877
v,-0.004102274775505066, 0.010100017301738262, 0.0027132381219416857
v,-0.001575208269059658, 0.010545607656240463, 0.002639089012518525
v,-0.004102274775505066, 0.010100017301738262, 0.0027132381219416857
v,-0.004071654751896858, 0.010105417110025883, 0.002513785846531391
v,-0.0015566875226795673, 0.01054887380450964, 0.0024235169403254986
v,-0.001575208269059658, 0.010545607656240463, 0.002639089012518525
v,-0.004071654751896858, 0.010105417110025883, 0.002513785846531391
v,-0.0015566875226795673, 0.01054887380450964, 0.0024235169403254986
v,-0.004071654751896858, 0.010105417110025883, 0.002513785846531391
v,-0.004032285418361425, 0.010112358257174492, 0.0023143335711210966
v,-0.0015258204657584429, 0.010554316453635693, 0.0022006374783813953
v,-0.0015566875226795673, 0.01054887380450964, 0.0024235169403254986
v,-0.004032285418361425, 0.010112358257174492, 0.0023143335711210966
v,-0.0015258204657584429, 0.010554316453635693, 0.0022006374783813953
v,-0.004032285418361425, 0.010112358257174492, 0.0023143335711210966
v,-0.003984167706221342, 0.010120843537151814, 0.0021148815285414457
v,-0.0014826060505583882, 0.010561935603618622, 0.0019704506266862154
v,-0.0015258204657584429, 0.010554316453635693, 0.0022006374783813953
v,-0.003984167706221342, 0.010120843537151814, 0.0021148815285414457
v,-0.0014826060505583882, 0.010561935603618622, 0.0019704506266862154
v,-0.003984167706221342, 0.010120843537151814, 0.0021148815285414457
v,-0.003927301149815321, 0.010130870155990124, 0.0019154292531311512
v,-0.0014270447427406907, 0.010571733117103577, 0.0017329561524093151
v,-0.0014826060505583882, 0.010561935603618622, 0.0019704506266862154
v,-0.003927301149815321, 0.010130870155990124, 0.0019154292531311512
v,-0.0014270447427406907, 0.010571733117103577, 0.0017329561524093151
v,-0.003927301149815321, 0.010130870155990124, 0.0019154292531311512
v,-0.0038616862148046494, 0.010142439976334572, 0.0017159769777208567
v,-0.0013591368915513158, 0.010583707131445408, 0.0014881540555506945
v,-0.0014270447427406907, 0.010571733117103577, 0.0017329561524093151
v,-0.0038616862148046494, 0.010142439976334572, 0.0017159769777208567
v,-0.0013591368915513158, 0.010583707131445408, 0.0014881540555506945
v,-0.0038616862148046494, 0.010142439976334572, 0.0017159769777208567
v,-0.00378732243552804, 0.010155552066862583, 0.0015165247023105621
v,-0.0013591368915513158, 0.010583707131445408, 0.0014881540555506945
v,-0.00378732243552804, 0.010155552066862583, 0.0015165247023105621
v,-0.0037042098119854927, 0.010170207358896732, 0.0013170724269002676
v,-0.0012788820313289762, 0.010597857646644115, 0.001236044685356319
v,-0.0013591368915513158, 0.010583707131445408, 0.0014881540555506945
v,-0.0037042098119854927, 0.010170207358896732, 0.0013170724269002676
v,-0.0012788820313289762, 0.010597857646644115, 0.001236044685356319
v,-0.0037042098119854927, 0.010170207358896732, 0.0013170724269002676
v,-0.003612348809838295, 0.010186404921114445, 0.0011176200350746512
v,-0.0011862799292430282, 0.010614186525344849, 0.000976627692580223
v,-0.0012788820313289762, 0.010597857646644115, 0.001236044685356319
v,-0.003612348809838295, 0.010186404921114445, 0.0011176200350746512
v,-0.0011862799292430282, 0.010614186525344849, 0.000976627692580223
v,-0.003612348809838295, 0.010186404921114445, 0.0011176200350746512
v,-0.0035117375664412975, 0.01020414475351572, 0.000918167585041374
v,-0.0010813307017087936, 0.010632691904902458, 0.0007099031354300678
v,-0.0011862799292430282, 0.010614186525344849, 0.000976627692580223
v,-0.0035117375664412975, 0.01020414475351572, 0.000918167585041374
v,-0.0010813307017087936, 0.010632691904902458, 0.0007099031354300678
v,-0.0035117375664412975, 0.01020414475351572, 0.000918167585041374
v,-0.0033984282054007053, 0.010224124416708946, 0.0007147034048102796
v,-0.0010813307017087936, 0.010632691904902458, 0.0007099031354300678
v,-0.0033984282054007053, 0.010224124416708946, 0.0007147034048102796
v,-0.0032684681937098503, 0.010247040539979935, 0.0005032151821069419
v,-0.0009640350472182035, 0.010653373785316944, 0.0004358711885288358
v,-0.0010813307017087936, 0.010632691904902458, 0.0007099031354300678
v,-0.0032684681937098503, 0.010247040539979935, 0.0005032151821069419
v,-0.0009640350472182035, 0.010653373785316944, 0.0004358711885288358
v,-0.0032684681937098503, 0.010247040539979935, 0.0005032151821069419
v,-0.003121857298538089, 0.010272891260683537, 0.0002837030333466828
v,-0.0008343923836946487, 0.010676233097910881, 0.00015453169180545956
v,-0.0009640350472182035, 0.010653373785316944, 0.0004358711885288358
v,-0.003121857298538089, 0.010272891260683537, 0.0002837030333466828
v,-0.0008343923836946487, 0.010676233097910881, 0.00015453169180545956
v,-0.003121857298538089, 0.010272891260683537, 0.0002837030333466828
v,-0.002958595985546708, 0.010301679372787476, 5.6166969443438575e-05
v,-0.0006924024783074856, 0.010701269842684269, -0.0001341153256362304
v,-0.0008343923836946487, 0.010676233097910881, 0.00015453169180545956
v,-0.002958595985546708, 0.010301679372787476, 5.6166969443438575e-05
v,-0.0006924024783074856, 0.010701269842684269, -0.0001341153256362304
v,-0.002958595985546708, 0.010301679372787476, 5.6166969443438575e-05
v,-0.00277868309058249, 0.010333402082324028, -0.00017939310055226088
v,-0.0005359483766369522, 0.010728857479989529, -0.0004297833947930485
v,-0.0006924024783074856, 0.010701269842684269, -0.0001341153256362304
v,-0.00277868309058249, 0.010333402082324028, -0.00017939310055226088
v,-0.0005359483766369522, 0.010728857479989529, -0.0004297833947930485
v,-0.00277868309058249, 0.010333402082324028, -0.00017939310055226088
v,-0.002582119544968009, 0.010368062183260918, -0.00042297711479477584
v,-0.0005359483766369522, 0.010728857479989529, -0.0004297833947930485
v,-0.002582119544968009, 0.010368062183260918, -0.00042297711479477584
v,-0.002368905348703265, 0.010405657812952995, -0.0006745851133018732
v,-0.00036291449214331806, 0.010759367607533932, -0.0007321858429349959
v,-0.0005359483766369522, 0.010728857479989529, -0.0004297833947930485
v,-0.002368905348703265, 0.010405657812952995, -0.0006745851133018732
v,-0.00036291449214331806, 0.010759367607533932, -0.0007321858429349959
v,-0.002368905348703265, 0.010405657812952995, -0.0006745851133018732
v,-0.0021390405017882586, 0.010446188971400261, -0.0009342170669697225
v,-0.00017330047558061779, 0.010792802087962627, -0.0010413225973024964
v,-0.00036291449214331806, 0.010759367607533932, -0.0007321858429349959
v,-0.0021390405017882586, 0.010446188971400261, -0.0009342170669697225
v,-0.00017330047558061779, 0.010792802087962627, -0.0010413225973024964
v,-0.0021390405017882586, 0.010446188971400261, -0.0009342170669697225
v,-0.001892525004222989, 0.010489655658602715, -0.0012018728302791715
v,3.289356391178444e-05, 0.010829159058630466, -0.0013571936869993806
v,-0.00017330047558061779, 0.010792802087962627, -0.0010413225973024964
v,-0.001892525004222989, 0.010489655658602715, -0.0012018728302791715
v,3.289356391178444e-05, 0.010829159058630466, -0.0013571936869993806
v,-0.001892525004222989, 0.010489655658602715, -0.0012018728302791715
v,-0.0016293588560074568, 0.010536059737205505, -0.0014775526942685246
v,0.00025566763360984623, 0.010868440382182598, -0.001679799286648631
v,3.289356391178444e-05, 0.010829159058630466, -0.0013571936869993806
v,-0.0016293588560074568, 0.010536059737205505, -0.0014775526942685246
v,0.00025566763360984623, 0.010868440382182598, -0.001679799286648631
v,-0.0016293588560074568, 0.010536059737205505, -0.0014775526942685246
v,-0.0013495421735569835, 0.01058539841324091, -0.0017612564843147993
v,0.0004950216971337795, 0.010910645127296448, -0.0020091391634196043
v,0.00025566763360984623, 0.010868440382182598, -0.001679799286648631
v,-0.0013495421735569835, 0.01058539841324091, -0.0017612564843147993
v,0.0004950216971337795, 0.010910645127296448, -0.0020091391634196043
v,-0.0013495421735569835, 0.01058539841324091, -0.0017612564843147993
v,-0.0010530739091336727, 0.010637673549354076, -0.002052984433248639
v,0.0007509558345191181, 0.010955773293972015, -0.002345213433727622
v,0.0004950216971337795, 0.010910645127296448, -0.0020091391634196043
v,-0.0010530739091336727, 0.010637673549354076, -0.002052984433248639
v,0.0007509558345191181, 0.010955773293972015, -0.002345213433727622
v,-0.0010530739091336727, 0.010637673549354076, -0.002052984433248639
v,0.0011719150934368372, 0.011029999703168869, -0.004229765851050615
v,0.0010234699584543705, 0.011003824882209301, -0.002688022330403328
v,0.0007509558345191181, 0.010955773293972015, -0.002345213433727622
v,0.0011719150934368372, 0.011029999703168869, -0.004229765851050615
v,0.0013125649420544505, 0.011054799892008305, -0.0030375653877854347
v,0.0010234699584543705, 0.011003824882209301, -0.002688022330403328
v,0.0011719150934368372, 0.011029999703168869, -0.004229765851050615
v,0.0016182399122044444, 0.011108698323369026, -0.003393842838704586
v,0.0013125649420544505, 0.011054799892008305, -0.0030375653877854347
v,0.0011719150934368372, 0.011029999703168869, -0.004229765851050615
v,0.001940494985319674, 0.01116552110761404, -0.0037568549159914255
v,0.0016182399122044444, 0.011108698323369026, -0.003393842838704586
v,0.0011719150934368372, 0.011029999703168869, -0.004229765851050615
v,0.0022793300449848175, 0.011225266382098198, -0.004126600921154022
v,0.001940494985319674, 0.01116552110761404, -0.0037568549159914255
v,0.0011719150934368372, 0.011029999703168869, -0.004229765851050615
v,0.0025816536508500576, 0.011278574354946613, -0.00445414986461401
v,0.0022793300449848175, 0.011225266382098198, -0.004126600921154022
v,0.0011719150934368372, 0.011029999703168869, -0.004229765851050615
v,0.0025816536508500576, 0.011278574354946613, -0.00445414986461401
v,0.0011719150934368372, 0.011029999703168869, -0.004229765851050615
v,0.0023098092060536146, 0.011230641044676304, -0.005312998313456774
v,0.0028722649440169334, 0.011329817585647106, -0.004766223952174187
v,0.0025816536508500576, 0.011278574354946613, -0.00445414986461401
v,0.0023098092060536146, 0.011230641044676304, -0.005312998313456774
v,0.003151165321469307, 0.011378995142877102, -0.005062823183834553
v,0.0028722649440169334, 0.011329817585647106, -0.004766223952174187
v,0.0023098092060536146, 0.011230641044676304, -0.005312998313456774
v,0.003418353386223316, 0.0114261070266366, -0.005343948025256395
v,0.003151165321469307, 0.011378995142877102, -0.005062823183834553
v,0.0023098092060536146, 0.011230641044676304, -0.005312998313456774
v,-0.003960460890084505, 0.010125023312866688, -0.005258550401777029
v,-0.004121324047446251, 0.010096658021211624, -0.005230466369539499
v,-0.00428387988358736, 0.010067995637655258, -0.005385213531553745
v,-0.0037894384004175663, 0.010155178606510162, -0.0052843415178358555
v,-0.003960460890084505, 0.010125023312866688, -0.005258550401777029
v,-0.00428387988358736, 0.010067995637655258, -0.005385213531553745
v,-0.0036082561127841473, 0.010187125764787197, -0.005307839717715979
v,-0.0037894384004175663, 0.010155178606510162, -0.0052843415178358555
v,-0.00428387988358736, 0.010067995637655258, -0.005385213531553745
v,-0.003416914027184248, 0.010220864787697792, -0.005329045932739973
v,-0.0036082561127841473, 0.010187125764787197, -0.005307839717715979
v,-0.00428387988358736, 0.010067995637655258, -0.005385213531553745
v,0.003418353386223316, 0.0114261070266366, -0.005343948025256395
v,0.0023098092060536146, 0.011230641044676304, -0.005312998313456774
v,0.0023098092060536146, 0.011230641044676304, -0.005436796694993973
v,-0.003215412376448512, 0.010256394743919373, -0.0053479596972465515
v,-0.003416914027184248, 0.010220864787697792, -0.005329045932739973
v,-0.00428387988358736, 0.010067995637655258, -0.005385213531553745
v,0.0036738289054483175, 0.011471154168248177, -0.005609598010778427
v,0.003418353386223316, 0.0114261070266366, -0.005343948025256395
v,0.0023098092060536146, 0.011230641044676304, -0.005436796694993973
v,-0.003003750927746296, 0.010293716564774513, -0.005364580545574427
v,-0.003215412376448512, 0.010256394743919373, -0.0053479596972465515
v,-0.00428387988358736, 0.010067995637655258, -0.005385213531553745
v,-0.0027819289825856686, 0.010332830250263214, -0.005378909409046173
v,-0.003003750927746296, 0.010293716564774513, -0.005364580545574427
v,-0.00428387988358736, 0.010067995637655258, -0.005385213531553745
v,-0.002549947239458561, 0.0103737348690629, -0.005390945356339216
v,-0.0027819289825856686, 0.010332830250263214, -0.005378909409046173
v,-0.00428387988358736, 0.010067995637655258, -0.005385213531553745
v,-0.002549947239458561, 0.0103737348690629, -0.005390945356339216
v,-0.00428387988358736, 0.010067995637655258, -0.005385213531553745
v,-0.004261655732989311, 0.010071913711726665, -0.00543708261102438
v,-0.0023078059311956167, 0.010416430421173573, -0.005400688853114843
v,-0.002549947239458561, 0.0103737348690629, -0.005390945356339216
v,-0.004261655732989311, 0.010071913711726665, -0.00543708261102438
v,-0.0020555048249661922, 0.010460917837917805, -0.005408139433711767
v,-0.0023078059311956167, 0.010416430421173573, -0.005400688853114843
v,-0.004261655732989311, 0.010071913711726665, -0.00543708261102438
v,-0.0017930440371856093, 0.010507197119295597, -0.005413297563791275
v,-0.0020555048249661922, 0.010460917837917805, -0.005408139433711767
v,-0.004261655732989311, 0.010071913711726665, -0.00543708261102438
v,-0.001520423567853868, 0.010555267333984375, -0.005416163243353367
v,-0.0017930440371856093, 0.010507197119295597, -0.005413297563791275
v,-0.004261655732989311, 0.010071913711726665, -0.00543708261102438
v,0.0023098092060536146, 0.011230641044676304, -0.005436796694993973
v,-0.001520423567853868, 0.010555267333984375, -0.005416163243353367
v,-0.004261655732989311, 0.010071913711726665, -0.00543708261102438
v,0.0036738289054483175, 0.011471154168248177, -0.005609598010778427
v,0.0023098092060536146, 0.011230641044676304, -0.005436796694993973
v,-0.004261655732989311, 0.010071913711726665, -0.00543708261102438
v,0.0036738289054483175, 0.011471154168248177, -0.005609598010778427
v,-0.004261655732989311, 0.010071913711726665, -0.00543708261102438
v,-0.004239007364958525, 0.010075907222926617, -0.005492963828146458
v,0.0036738289054483175, 0.011471154168248177, -0.005609598010778427
v,-0.004239007364958525, 0.010075907222926617, -0.005492963828146458
v,-0.00421593664214015, 0.010079975239932537, -0.005552856717258692
v,0.0036738289054483175, 0.011471154168248177, -0.005609598010778427
v,-0.00421593664214015, 0.010079975239932537, -0.005552856717258692
v,-0.004192441701889038, 0.010084118694067001, -0.005616761744022369
v,0.003917592111974955, 0.01151413656771183, -0.005859772674739361
v,0.0036738289054483175, 0.011471154168248177, -0.005609598010778427
v,-0.004192441701889038, 0.010084118694067001, -0.005616761744022369
v,0.003917592111974955, 0.01151413656771183, -0.005859772674739361
v,-0.004192441701889038, 0.010084118694067001, -0.005616761744022369
v,-0.004168524406850338, 0.01008833572268486, -0.005684678442776203
v,0.003917592111974955, 0.01151413656771183, -0.005859772674739361
v,-0.004168524406850338, 0.01008833572268486, -0.005684678442776203
v,-0.004144183360040188, 0.010092627257108688, -0.005756607744842768
v,0.003917592111974955, 0.01151413656771183, -0.005859772674739361
v,-0.004144183360040188, 0.010092627257108688, -0.005756607744842768
v,-0.004119419027119875, 0.01009699422866106, -0.005832548253238201
v,0.003917592111974955, 0.01151413656771183, -0.005859772674739361
v,-0.004119419027119875, 0.01009699422866106, -0.005832548253238201
v,-0.004094231408089399, 0.010101435706019402, -0.005912501364946365
v,0.004149644169956446, 0.011555053293704987, -0.006094472948461771
v,0.003917592111974955, 0.01151413656771183, -0.005859772674739361
v,-0.004094231408089399, 0.010101435706019402, -0.005912501364946365
v,0.004149644169956446, 0.011555053293704987, -0.006094472948461771
v,-0.004094231408089399, 0.010101435706019402, -0.005912501364946365
v,-0.004068620502948761, 0.010105951689183712, -0.005996466148644686
v,0.004149644169956446, 0.011555053293704987, -0.006094472948461771
v,-0.004068620502948761, 0.010105951689183712, -0.005996466148644686
v,-0.00404258631169796, 0.010110542178153992, -0.00608444306999445
v,0.004149644169956446, 0.011555053293704987, -0.006094472948461771
v,-0.00404258631169796, 0.010110542178153992, -0.00608444306999445
v,-0.004016128834336996, 0.01011520717293024, -0.00617643166333437
v,0.0043699839152395725, 0.01159390527755022, -0.006313698831945658
v,0.004149644169956446, 0.011555053293704987, -0.006094472948461771
v,-0.004016128834336996, 0.01011520717293024, -0.00617643166333437
v,0.0043699839152395725, 0.01159390527755022, -0.006313698831945658
v,-0.004016128834336996, 0.01011520717293024, -0.00617643166333437
v,-0.003989247139543295, 0.010119946673512459, -0.0062724328599870205
v,0.0043699839152395725, 0.01159390527755022, -0.006313698831945658
v,-0.003989247139543295, 0.010119946673512459, -0.0062724328599870205
v,-0.003944798372685909, 0.010127784684300423, -0.006427108775824308
v,0.004578611347824335, 0.011630692519247532, -0.006517449859529734
v,0.0043699839152395725, 0.01159390527755022, -0.006313698831945658
v,-0.003944798372685909, 0.010127784684300423, -0.006427108775824308
v,0.004578611347824335, 0.011630692519247532, -0.006517449859529734
v,-0.003944798372685909, 0.010127784684300423, -0.006427108775824308
v,-0.0039028893224895, 0.010135174728929996, -0.00657476345077157
v,0.004775527864694595, 0.011665414087474346, -0.006705726031213999
v,0.004578611347824335, 0.011630692519247532, -0.006517449859529734
v,-0.0039028893224895, 0.010135174728929996, -0.00657476345077157
v,0.004775527864694595, 0.011665414087474346, -0.006705726031213999
v,-0.0039028893224895, 0.010135174728929996, -0.00657476345077157
v,-0.0038635199889540672, 0.010142115876078606, -0.006715397350490093
v,0.004960732068866491, 0.011698069982230663, -0.006878526881337166
v,0.004775527864694595, 0.011665414087474346, -0.006705726031213999
v,-0.0038635199889540672, 0.010142115876078606, -0.006715397350490093
v,0.004960732068866491, 0.011698069982230663, -0.006878526881337166
v,-0.0038635199889540672, 0.010142115876078606, -0.006715397350490093
v,-0.003826690837740898, 0.0101486099883914, -0.0068490104749798775
v,0.004960732068866491, 0.011698069982230663, -0.006878526881337166
v,-0.003826690837740898, 0.0101486099883914, -0.0068490104749798775
v,-0.0037924018688499928, 0.010154656134545803, -0.006975602358579636
v,0.005134223960340023, 0.011728662066161633, -0.007035853806883097
v,0.004960732068866491, 0.011698069982230663, -0.006878526881337166
v,-0.0037924018688499928, 0.010154656134545803, -0.006975602358579636
v,0.005134223960340023, 0.011728662066161633, -0.007035853806883097
v,-0.0037924018688499928, 0.010154656134545803, -0.006975602358579636
v,-0.0037606526166200638, 0.010160254314541817, -0.007095173466950655
v,0.005205342546105385, 0.011741201393306255, -0.007623894140124321
v,0.005134223960340023, 0.011728662066161633, -0.007035853806883097
v,-0.0037606526166200638, 0.010160254314541817, -0.007095173466950655
v,0.005205342546105385, 0.011741201393306255, -0.007623894140124321
v,-0.0037606526166200638, 0.010160254314541817, -0.007095173466950655
v,-0.003731442615389824, 0.01016540452837944, -0.0072077238000929356
v,0.005205342546105385, 0.011741201393306255, -0.007623894140124321
v,-0.003731442615389824, 0.01016540452837944, -0.0072077238000929356
v,-0.0037047737278044224, 0.010170107707381248, -0.00731325289234519
v,0.005205342546105385, 0.011741201393306255, -0.007623894140124321
v,-0.0037047737278044224, 0.010170107707381248, -0.00731325289234519
v,-0.0036806445568799973, 0.010174361988902092, -0.007411761209368706
v,0.005205342546105385, 0.011741201393306255, -0.007623894140124321
v,-0.0036806445568799973, 0.010174361988902092, -0.007411761209368706
v,0.0009890388464555144, 0.010997753590345383, -0.007561995182186365
v,0.0009890388464555144, 0.010997753590345383, -0.007561995182186365
v,-0.0036806445568799973, 0.010174361988902092, -0.007411761209368706
v,-0.0036590546369552612, 0.01017816923558712, -0.007503248285502195
v,0.0009890388464555144, 0.010997753590345383, -0.007561995182186365
v,-0.0036590546369552612, 0.01017816923558712, -0.007503248285502195
v,0.0005767205148003995, 0.0109250508248806, -0.007562710903584957
v,0.0005767205148003995, 0.0109250508248806, -0.007562710903584957
v,-0.0036590546369552612, 0.01017816923558712, -0.007503248285502195
v,0.00016948336269706488, 0.010853243991732597, -0.00756486039608717
v,0.00016948336269706488, 0.010853243991732597, -0.00756486039608717
v,-0.0036590546369552612, 0.01017816923558712, -0.007503248285502195
v,-0.003640004899352789, 0.010181527584791183, -0.007587715517729521
v,-0.00023267438518814743, 0.0107823321595788, -0.007568442262709141
v,0.00016948336269706488, 0.010853243991732597, -0.00756486039608717
v,-0.003640004899352789, 0.010181527584791183, -0.007587715517729521
v,-0.0006297518848441541, 0.010712317191064358, -0.007573456969112158
v,-0.00023267438518814743, 0.0107823321595788, -0.007568442262709141
v,-0.003640004899352789, 0.010181527584791183, -0.007587715517729521
v,-0.001021748990751803, 0.01064319722354412, -0.007579905446618795
v,-0.0006297518848441541, 0.010712317191064358, -0.007573456969112158
v,-0.003640004899352789, 0.010181527584791183, -0.007587715517729521
v,-0.0014086667215451598, 0.010574973188340664, -0.007587786298245192
v,-0.001021748990751803, 0.01064319722354412, -0.007579905446618795
v,-0.003640004899352789, 0.010181527584791183, -0.007587715517729521
v,-0.0014086667215451598, 0.010574973188340664, -0.007587786298245192
v,-0.003640004899352789, 0.010181527584791183, -0.007587715517729521
v,-0.001790504320524633, 0.010507645085453987, -0.007597099523991346
v,-0.001790504320524633, 0.010507645085453987, -0.007597099523991346
v,-0.003640004899352789, 0.010181527584791183, -0.007587715517729521
v,-0.0021672623697668314, 0.010441211983561516, -0.007607845589518547
v,-0.0021672623697668314, 0.010441211983561516, -0.007607845589518547
v,-0.003640004899352789, 0.010181527584791183, -0.007587715517729521
v,-0.0025389401707798243, 0.0103756757453084, -0.007620025426149368
v,-0.0025389401707798243, 0.0103756757453084, -0.007620025426149368
v,-0.003640004899352789, 0.010181527584791183, -0.007587715517729521
v,-0.0029055385384708643, 0.010311034508049488, -0.007633637636899948
v,-0.0029055385384708643, 0.010311034508049488, -0.007633637636899948
v,-0.003640004899352789, 0.010181527584791183, -0.007587715517729521
v,-0.003267056541517377, 0.010247288271784782, -0.007648682687431574
v,-0.003267056541517377, 0.010247288271784782, -0.007648682687431574
v,-0.003640004899352789, 0.010181527584791183, -0.007587715517729521
v,-0.0036234953440725803, 0.010184438899159431, -0.007665160112082958
v,-0.000580532185267657, 0.013943961821496487, 0.007033701054751873
v,-0.0010246330639347434, 0.013865655288100243, 0.007028829772025347
v,-0.0007203337736427784, 0.013919311575591564, 0.0070358505472540855
v,-0.0004422110505402088, 0.013968352228403091, 0.007027253974229097
v,-0.0010246330639347434, 0.013865655288100243, 0.007028829772025347
v,-0.000580532185267657, 0.013943961821496487, 0.007033701054751873
v,-0.0004422110505402088, 0.013968352228403091, 0.007027253974229097
v,-0.0013177847722545266, 0.013813965022563934, 0.007007766980677843
v,-0.0010246330639347434, 0.013865655288100243, 0.007028829772025347
v,-0.00030537115526385605, 0.01399248093366623, 0.007016507443040609
v,-0.0013177847722545266, 0.013813965022563934, 0.007007766980677843
v,-0.0004422110505402088, 0.013968352228403091, 0.007027253974229097
v,-0.00017001341620925814, 0.0140163479372859, 0.007001462392508984
v,-0.0013177847722545266, 0.013813965022563934, 0.007007766980677843
v,-0.00030537115526385605, 0.01399248093366623, 0.007016507443040609
v,-0.00017001341620925814, 0.0140163479372859, 0.007001462392508984
v,-0.0015997890150174499, 0.013764239847660065, 0.006972662638872862
v,-0.0013177847722545266, 0.013813965022563934, 0.007007766980677843
v,-3.613695298554376e-05, 0.014039954170584679, 0.006982119753956795
v,-0.0015997890150174499, 0.013764239847660065, 0.006972662638872862
v,-0.00017001341620925814, 0.0140163479372859, 0.007001462392508984
v,9.6257368568331e-05, 0.01406329870223999, 0.006958476733416319
v,-0.0015997890150174499, 0.013764239847660065, 0.006972662638872862
v,-3.613695298554376e-05, 0.014039954170584679, 0.006982119753956795
v,9.6257368568331e-05, 0.01406329870223999, 0.006958476733416319
v,-0.0018706457922235131, 0.013716480694711208, 0.0069235158152878284
v,-0.0015997890150174499, 0.013764239847660065, 0.006972662638872862
v,0.00022717038518749177, 0.01408638246357441, 0.006930536590516567
v,-0.0018706457922235131, 0.013716480694711208, 0.0069235158152878284
v,9.6257368568331e-05, 0.01406329870223999, 0.006958476733416319
v,0.0003566012892406434, 0.014109204523265362, 0.006898297928273678
v,-0.0018706457922235131, 0.013716480694711208, 0.0069235158152878284
v,0.00022717038518749177, 0.01408638246357441, 0.006930536590516567
v,0.0003566012892406434, 0.014109204523265362, 0.006898297928273678
v,-0.0021303549874573946, 0.01367068663239479, 0.0068603274412453175
v,-0.0018706457922235131, 0.013716480694711208, 0.0069235158152878284
v,0.00048455092473886907, 0.014131764881312847, 0.006861760281026363
v,-0.0021303549874573946, 0.01367068663239479, 0.0068603274412453175
v,0.0003566012892406434, 0.014109204523265362, 0.006898297928273678
v,0.0006110192625783384, 0.014154065400362015, 0.0068209245800971985
v,-0.0021303549874573946, 0.01367068663239479, 0.0068603274412453175
v,0.00048455092473886907, 0.014131764881312847, 0.006861760281026363
v,0.0006110192625783384, 0.014154065400362015, 0.0068209245800971985
v,-0.0023789166007190943, 0.013626858592033386, 0.006783097051084042
v,-0.0021303549874573946, 0.01367068663239479, 0.0068603274412453175
v,0.0007360054296441376, 0.01417610328644514, 0.0067757898941636086
v,-0.0023789166007190943, 0.013626858592033386, 0.006783097051084042
v,0.0006110192625783384, 0.014154065400362015, 0.0068209245800971985
v,0.0007360054296441376, 0.01417610328644514, 0.0067757898941636086
v,-0.002616330748423934, 0.01358499564230442, 0.006691824644804001
v,-0.0023789166007190943, 0.013626858592033386, 0.006783097051084042
v,0.0008595103281550109, 0.014197880402207375, 0.006726357154548168
v,-0.002616330748423934, 0.01358499564230442, 0.006691824644804001
v,0.0007360054296441376, 0.01417610328644514, 0.0067757898941636086
v,0.0009816036326810718, 0.014219408854842186, 0.0066726249642670155
v,-0.002616330748423934, 0.01358499564230442, 0.006691824644804001
v,0.0008595103281550109, 0.014197880402207375, 0.006726357154548168
v,0.0009816036326810718, 0.014219408854842186, 0.0066726249642670155
v,-0.0028425974305719137, 0.013545098714530468, 0.006586510222405195
v,-0.002616330748423934, 0.01358499564230442, 0.006691824644804001
v,0.0011023570550605655, 0.014240700751543045, 0.006614594720304012
v,-0.0028425974305719137, 0.013545098714530468, 0.006586510222405195
v,0.0009816036326810718, 0.014219408854842186, 0.0066726249642670155
v,0.0012217694893479347, 0.014261757023632526, 0.006552265956997871
v,-0.0028425974305719137, 0.013545098714530468, 0.006586510222405195
v,0.0011023570550605655, 0.014240700751543045, 0.006614594720304012
v,0.0012217694893479347, 0.014261757023632526, 0.006552265956997871
v,-0.0030577166471630335, 0.013507167808711529, 0.006467154249548912
v,-0.0028425974305719137, 0.013545098714530468, 0.006586510222405195
v,0.0013398418668657541, 0.01428257580846548, 0.0064856382086873055
v,-0.0030577166471630335, 0.013507167808711529, 0.006467154249548912
v,0.0012217694893479347, 0.014261757023632526, 0.006552265956997871
v,0.001456573256291449, 0.014303158968687057, 0.006414712406694889
v,-0.0030577166471630335, 0.013507167808711529, 0.006467154249548912
v,0.0013398418668657541, 0.01428257580846548, 0.0064856382086873055
v,0.001456573256291449, 0.014303158968687057, 0.006414712406694889
v,-0.0032616883981972933, 0.013471201993525028, 0.006333756260573864
v,-0.0030577166471630335, 0.013507167808711529, 0.006467154249548912
v,0.0015719638904556632, 0.014323505572974682, 0.006339487619698048
v,-0.0032616883981972933, 0.013471201993525028, 0.006333756260573864
v,0.001456573256291449, 0.014303158968687057, 0.006414712406694889
v,0.0016860144678503275, 0.014343615621328354, 0.006259964779019356
v,-0.0032616883981972933, 0.013471201993525028, 0.006333756260573864
v,0.0015719638904556632, 0.014323505572974682, 0.006339487619698048
v,0.0016860144678503275, 0.014343615621328354, 0.006259964779019356
v,-0.0034545124508440495, 0.013437202200293541, 0.006186316255480051
v,-0.0032616883981972933, 0.013471201993525028, 0.006333756260573864
v,0.0017987240571528673, 0.014363489113748074, 0.006176142953336239
v,-0.0034545124508440495, 0.013437202200293541, 0.006186316255480051
v,0.0016860144678503275, 0.014343615621328354, 0.006259964779019356
v,0.0017987240571528673, 0.014363489113748074, 0.006176142953336239
v,-0.00363618740811944, 0.013405167497694492, 0.0060248346999287605
v,-0.0034545124508440495, 0.013437202200293541, 0.006186316255480051
v,0.0019100935896858573, 0.014383126981556416, 0.006088022608309984
v,-0.00363618740811944, 0.013405167497694492, 0.0060248346999287605
v,0.0017987240571528673, 0.014363489113748074, 0.006176142953336239
v,0.0020201224833726883, 0.014402528293430805, 0.005995604209601879
v,-0.00363618740811944, 0.013405167497694492, 0.0060248346999287605
v,0.0019100935896858573, 0.014383126981556416, 0.006088022608309984
v,0.0020201224833726883, 0.014402528293430805, 0.005995604209601879
v,-0.0038049528375267982, 0.013375409878790379, 0.005851531866937876
v,-0.00363618740811944, 0.013405167497694492, 0.0060248346999287605
v,0.002128810156136751, 0.014421692118048668, 0.005898886825889349
v,-0.0038049528375267982, 0.013375409878790379, 0.005851531866937876
v,0.0020201224833726883, 0.014402528293430805, 0.005995604209601879
v,0.0022361588198691607, 0.014440621249377728, 0.005797871388494968
v,-0.0038049528375267982, 0.013375409878790379, 0.005851531866937876
v,0.002128810156136751, 0.014421692118048668, 0.005898886825889349
v,0.0022361588198691607, 0.014440621249377728, 0.005797871388494968
v,-0.003959042485803366, 0.013348239473998547, 0.005668628495186567
v,-0.0038049528375267982, 0.013375409878790379, 0.005851531866937876
v,0.0023232221137732267, 0.014455972239375114, 0.005576352588832378
v,-0.003959042485803366, 0.013348239473998547, 0.005668628495186567
v,0.0022361588198691607, 0.014440621249377728, 0.005797871388494968
v,0.0023232221137732267, 0.014455972239375114, 0.005576352588832378
v,-0.004098457284271717, 0.013323657214641571, 0.005476125981658697
v,-0.003959042485803366, 0.013348239473998547, 0.005668628495186567
v,0.002411695895716548, 0.014471572823822498, 0.005351969040930271
v,-0.004098457284271717, 0.013323657214641571, 0.005476125981658697
v,0.0023232221137732267, 0.014455972239375114, 0.005576352588832378
v,0.002411695895716548, 0.014471572823822498, 0.005351969040930271
v,-0.004223196301609278, 0.013301662169396877, 0.005274022929370403
v,-0.004098457284271717, 0.013323657214641571, 0.005476125981658697
v,0.0025015822611749172, 0.014487422071397305, 0.005124719347804785
v,0.0002095668314723298, 0.014083278365433216, 0.005296804942190647
v,0.002411695895716548, 0.014471572823822498, 0.005351969040930271
v,0.0002095668314723298, 0.014083278365433216, 0.005296804942190647
v,0.00011156797700095922, 0.0140659986063838, 0.00530121149495244
v,0.002411695895716548, 0.014471572823822498, 0.005351969040930271
v,0.00011156797700095922, 0.0140659986063838, 0.00530121149495244
v,1.1169774552399758e-05, 0.014048295095562935, 0.005302680190652609
v,0.002411695895716548, 0.014471572823822498, 0.005351969040930271
v,1.1169774552399758e-05, 0.014048295095562935, 0.005302680190652609
v,-0.004223196301609278, 0.013301662169396877, 0.005274022929370403
v,0.002411695895716548, 0.014471572823822498, 0.005351969040930271
v,-0.00015184572839643806, 0.014019550755620003, 0.005298417992889881
v,-0.004223196301609278, 0.013301662169396877, 0.005274022929370403
v,1.1169774552399758e-05, 0.014048295095562935, 0.005302680190652609
v,-0.0003090050013270229, 0.013991840183734894, 0.005285630002617836
v,-0.004223196301609278, 0.013301662169396877, 0.005274022929370403
v,-0.00015184572839643806, 0.014019550755620003, 0.005298417992889881
v,0.0025015822611749172, 0.014487422071397305, 0.005124719347804785
v,0.0003051672538276762, 0.014100135304033756, 0.005289461463689804
v,0.0002095668314723298, 0.014083278365433216, 0.005296804942190647
v,0.0025015822611749172, 0.014487422071397305, 0.005124719347804785
v,0.000398369156755507, 0.014116569422185421, 0.005279181059449911
v,0.0003051672538276762, 0.014100135304033756, 0.005289461463689804
v,-0.0004603080451488495, 0.013965160585939884, 0.0052643162198364735
v,-0.004223196301609278, 0.013301662169396877, 0.005274022929370403
v,-0.0003090050013270229, 0.013991840183734894, 0.005285630002617836
v,0.0025015822611749172, 0.014487422071397305, 0.005124719347804785
v,0.0004891717690043151, 0.014132579788565636, 0.005265962798148394
v,0.000398369156755507, 0.014116569422185421, 0.005279181059449911
v,-0.0004603080451488495, 0.013965160585939884, 0.0052643162198364735
v,-0.00433326093479991, 0.013282254338264465, 0.005062319338321686
v,-0.004223196301609278, 0.013301662169396877, 0.005274022929370403
v,0.0025015822611749172, 0.014487422071397305, 0.005124719347804785
v,0.0005775758763775229, 0.01414816826581955, 0.005249807611107826
v,0.0004891717690043151, 0.014132579788565636, 0.005265962798148394
v,-0.0006057549035176635, 0.013939514756202698, 0.005234477110207081
v,-0.00433326093479991, 0.013282254338264465, 0.005062319338321686
v,-0.0004603080451488495, 0.013965160585939884, 0.0052643162198364735
v,0.0025015822611749172, 0.014487422071397305, 0.005124719347804785
v,0.0006635806639678776, 0.014163332991302013, 0.005230715032666922
v,0.0005775758763775229, 0.01414816826581955, 0.005249807611107826
v,-0.0007453454891219735, 0.013914900831878185, 0.005196112673729658
v,-0.00433326093479991, 0.013282254338264465, 0.005062319338321686
v,-0.0006057549035176635, 0.013939514756202698, 0.005234477110207081
v,0.0025015822611749172, 0.014487422071397305, 0.005124719347804785
v,0.0007471870048902929, 0.014178074896335602, 0.00520868506282568
v,0.0006635806639678776, 0.014163332991302013, 0.005230715032666922
v,0.0025015822611749172, 0.014487422071397305, 0.005124719347804785
v,0.0008283948409371078, 0.014192393980920315, 0.005183718167245388
v,0.0007471870048902929, 0.014178074896335602, 0.00520868506282568
v,-0.0008790806750766933, 0.013891319744288921, 0.005149222444742918
v,-0.00433326093479991, 0.013282254338264465, 0.005062319338321686
v,-0.0007453454891219735, 0.013914900831878185, 0.005196112673729658
v,0.0025015822611749172, 0.014487422071397305, 0.005124719347804785
v,0.0009072033572010696, 0.014206290245056152, 0.005155813414603472
v,0.0008283948409371078, 0.014192393980920315, 0.005183718167245388
v,0.0025015822611749172, 0.014487422071397305, 0.005124719347804785
v,0.0009836133103817701, 0.014219763688743114, 0.005124971270561218
v,0.0009072033572010696, 0.014206290245056152, 0.005155813414603472
v,-0.001006959704682231, 0.013868771493434906, 0.005093806888908148
v,-0.00433326093479991, 0.013282254338264465, 0.005062319338321686
v,-0.0008790806750766933, 0.013891319744288921, 0.005149222444742918
v,0.0025015822611749172, 0.014487422071397305, 0.005124719347804785
v,0.001057624933309853, 0.014232813380658627, 0.0050911917351186275
v,0.0009836133103817701, 0.014219763688743114, 0.005124971270561218
v,0.0025928791146725416, 0.014503519982099533, 0.004894603975117207
v,0.001057624933309853, 0.014232813380658627, 0.0050911917351186275
v,0.0025015822611749172, 0.014487422071397305, 0.005124719347804785
v,-0.0011289825197309256, 0.013847255147993565, 0.0050298660062253475
v,-0.00433326093479991, 0.013282254338264465, 0.005062319338321686
v,-0.001006959704682231, 0.013868771493434906, 0.005093806888908148
v,0.0025928791146725416, 0.014503519982099533, 0.004894603975117207
v,0.0011297314194962382, 0.014245527796447277, 0.005054439418017864
v,0.001057624933309853, 0.014232813380658627, 0.0050911917351186275
v,-0.0011289825197309256, 0.013847255147993565, 0.0050298660062253475
v,-0.0044286493211984634, 0.01326543465256691, 0.004841016139835119
v,-0.00433326093479991, 0.013282254338264465, 0.005062319338321686
v,0.0025928791146725416, 0.014503519982099533, 0.004894603975117207
v,0.0012004264863207936, 0.014257993549108505, 0.005014677997678518
v,0.0011297314194962382, 0.014245527796447277, 0.005054439418017864
v,-0.001245149876922369, 0.013826772570610046, 0.004957399796694517
v,-0.0044286493211984634, 0.01326543465256691, 0.004841016139835119
v,-0.0011289825197309256, 0.013847255147993565, 0.0050298660062253475
v,0.0025928791146725416, 0.014503519982099533, 0.004894603975117207
v,0.0012697108322754502, 0.014270209707319736, 0.0049719070084393024
v,0.0012004264863207936, 0.014257993549108505, 0.005014677997678518
v,0.0025928791146725416, 0.014503519982099533, 0.004894603975117207
v,0.001337583758868277, 0.01428217813372612, 0.004926127847284079
v,0.0012697108322754502, 0.014270209707319736, 0.0049719070084393024
v,-0.0013554610777646303, 0.013807320967316628, 0.004876407794654369
v,-0.0044286493211984634, 0.01326543465256691, 0.004841016139835119
v,-0.001245149876922369, 0.013826772570610046, 0.004957399796694517
v,0.0025928791146725416, 0.014503519982099533, 0.004894603975117207
v,0.0014040459645912051, 0.014293896965682507, 0.004877339117228985
v,0.001337583758868277, 0.01428217813372612, 0.004926127847284079
v,0.002685586689040065, 0.014519867487251759, 0.004661623388528824
v,0.0014040459645912051, 0.014293896965682507, 0.004877339117228985
v,0.0025928791146725416, 0.014503519982099533, 0.004894603975117207
v,0.002685586689040065, 0.014519867487251759, 0.004661623388528824
v,0.0014690966345369816, 0.01430536713451147, 0.004825541749596596
v,0.0014040459645912051, 0.014293896965682507, 0.004877339117228985
v,-0.0014599160058423877, 0.013788903132081032, 0.0047868904657661915
v,-0.0044286493211984634, 0.01326543465256691, 0.004841016139835119
v,-0.0013554610777646303, 0.013807320967316628, 0.004876407794654369
v,-0.0014599160058423877, 0.013788903132081032, 0.0047868904657661915
v,-0.004509362857788801, 0.01325120311230421, 0.004610112868249416
v,-0.0044286493211984634, 0.01326543465256691, 0.004841016139835119
v,0.002685586689040065, 0.014519867487251759, 0.004661623388528824
v,0.0015327365836128592, 0.014316588640213013, 0.004770735278725624
v,0.0014690966345369816, 0.01430536713451147, 0.004825541749596596
v,-0.0015585155924782157, 0.01377151720225811, 0.0046888478100299835
v,-0.004509362857788801, 0.01325120311230421, 0.004610112868249416
v,-0.0014599160058423877, 0.013788903132081032, 0.0047868904657661915
v,0.002685586689040065, 0.014519867487251759, 0.004661623388528824
v,0.0015949651133269072, 0.014327561482787132, 0.00471291970461607
v,0.0015327365836128592, 0.014316588640213013, 0.004770735278725624
v,0.002685586689040065, 0.014519867487251759, 0.004661623388528824
v,0.0016557829221710563, 0.014338284730911255, 0.00465209549292922
v,0.0015949651133269072, 0.014327561482787132, 0.00471291970461607
v,-0.0016502004582434893, 0.01375535037368536, 0.0045822798274457455
v,-0.004509362857788801, 0.01325120311230421, 0.004610112868249416
v,-0.0015585155924782157, 0.01377151720225811, 0.0046888478100299835
v,0.002779704984277487, 0.014536462724208832, 0.004425776656717062
v,0.0016557829221710563, 0.014338284730911255, 0.00465209549292922
v,0.002685586689040065, 0.014519867487251759, 0.004661623388528824
v,0.002779704984277487, 0.014536462724208832, 0.004425776656717062
v,0.0017151891952380538, 0.01434876024723053, 0.004588262178003788
v,0.0016557829221710563, 0.014338284730911255, 0.00465209549292922
v,-0.0016502004582434893, 0.01375535037368536, 0.0045822798274457455
v,-0.004575401544570923, 0.013239558786153793, 0.004369609523564577
v,-0.004509362857788801, 0.01325120311230421, 0.004610112868249416
v,0.002779704984277487, 0.014536462724208832, 0.004425776656717062
v,0.0017731848638504744, 0.014358986169099808, 0.0045214202255010605
v,0.0017151891952380538, 0.01434876024723053, 0.004588262178003788
v,-0.0017339122714474797, 0.01374058984220028, 0.004467186518013477
v,-0.004575401544570923, 0.013239558786153793, 0.004369609523564577
v,-0.0016502004582434893, 0.01375535037368536, 0.0045822798274457455
v,0.002779704984277487, 0.014536462724208832, 0.004425776656717062
v,0.001829767250455916, 0.014368963427841663, 0.004451568704098463
v,0.0017731848638504744, 0.014358986169099808, 0.0045214202255010605
v,-0.0018096518469974399, 0.013727234676480293, 0.004343567881733179
v,-0.004575401544570923, 0.013239558786153793, 0.004369609523564577
v,-0.0017339122714474797, 0.01374058984220028, 0.004467186518013477
v,0.002779704984277487, 0.014536462724208832, 0.004425776656717062
v,0.0018874098313972354, 0.014379126951098442, 0.004374231211841106
v,0.001829767250455916, 0.014368963427841663, 0.004451568704098463
v,0.002875235630199313, 0.014553307555615902, 0.004187064711004496
v,0.0018874098313972354, 0.014379126951098442, 0.004374231211841106
v,0.002779704984277487, 0.014536462724208832, 0.004425776656717062
v,0.002875235630199313, 0.014553307555615902, 0.004187064711004496
v,0.001948579796589911, 0.014389912597835064, 0.004284929018467665
v,0.0018874098313972354, 0.014379126951098442, 0.004374231211841106
v,-0.0018096518469974399, 0.013727234676480293, 0.004343567881733179
v,-0.004626764915883541, 0.013230501674115658, 0.004119505640119314
v,-0.004575401544570923, 0.013239558786153793, 0.004369609523564577
v,-0.0018774191848933697, 0.013715285807847977, 0.0042114234529435635
v,-0.004626764915883541, 0.013230501674115658, 0.004119505640119314
v,-0.0018096518469974399, 0.013727234676480293, 0.004343567881733179
v,0.002875235630199313, 0.014553307555615902, 0.004187064711004496
v,0.002013278426602483, 0.014401321299374104, 0.004183662123978138
v,0.001948579796589911, 0.014389912597835064, 0.004284929018467665
v,-0.0019372134702280164, 0.013704742304980755, 0.004070753697305918
v,-0.004626764915883541, 0.013230501674115658, 0.004119505640119314
v,-0.0018774191848933697, 0.013715285807847977, 0.0042114234529435635
v,0.0029721767641603947, 0.014570401050150394, 0.003945487085729837
v,0.002013278426602483, 0.014401321299374104, 0.004183662123978138
v,0.002875235630199313, 0.014553307555615902, 0.004187064711004496
v,0.0029721767641603947, 0.014570401050150394, 0.003945487085729837
v,0.002081504324451089, 0.014413351193070412, 0.004070431459695101
v,0.002013278426602483, 0.014401321299374104, 0.004183662123978138
v,-0.0019372134702280164, 0.013704742304980755, 0.004070753697305918
v,-0.004663453437387943, 0.013224032707512379, 0.0038598021492362022
v,-0.004626764915883541, 0.013230501674115658, 0.004119505640119314
v,-0.001989035401493311, 0.013695605099201202, 0.003921558614820242
v,-0.004663453437387943, 0.013224032707512379, 0.0038598021492362022
v,-0.0019372134702280164, 0.013704742304980755, 0.004070753697305918
v,0.0029721767641603947, 0.014570401050150394, 0.003945487085729837
v,0.002153257839381695, 0.014426003210246563, 0.003945236559957266
v,0.002081504324451089, 0.014413351193070412, 0.004070431459695101
v,0.0030705288518220186, 0.01458774320781231, 0.0037010433152318
v,0.002153257839381695, 0.014426003210246563, 0.003945236559957266
v,0.0029721767641603947, 0.014570401050150394, 0.003945487085729837
v,0.0030705288518220186, 0.01458774320781231, 0.0037010433152318
v,0.002228538738563657, 0.014439277350902557, 0.003808076959103346
v,0.002153257839381695, 0.014426003210246563, 0.003945236559957266
v,-0.002032884396612644, 0.013687873259186745, 0.003763838205486536
v,-0.004663453437387943, 0.013224032707512379, 0.0038598021492362022
v,-0.001989035401493311, 0.013695605099201202, 0.003921558614820242
v,-0.002032884396612644, 0.013687873259186745, 0.003763838205486536
v,-0.004685465712100267, 0.013220150955021381, 0.0035904983524233103
v,-0.004663453437387943, 0.013224032707512379, 0.0038598021492362022
v,0.0030705288518220186, 0.01458774320781231, 0.0037010433152318
v,0.0023073472548276186, 0.014453173615038395, 0.0036589535884559155
v,0.002228538738563657, 0.014439277350902557, 0.003808076959103346
v,-0.0020687610376626253, 0.013681546784937382, 0.0035975920036435127
v,-0.004685465712100267, 0.013220150955021381, 0.0035904983524233103
v,-0.002032884396612644, 0.013687873259186745, 0.003763838205486536
v,0.0031702914275228977, 0.014605334028601646, 0.0034537343308329582
v,0.0023073472548276186, 0.014453173615038395, 0.0036589535884559155
v,0.0030705288518220186, 0.01458774320781231, 0.0037010433152318
v,0.0031702914275228977, 0.014605334028601646, 0.0034537343308329582
v,0.00238968338817358, 0.014467691071331501, 0.0034978657495230436
v,0.0023073472548276186, 0.014453173615038395, 0.0036589535884559155
v,-0.002096664858981967, 0.013676626607775688, 0.0034228204749524593
v,-0.004685465712100267, 0.013220150955021381, 0.0035904983524233103
v,-0.0020687610376626253, 0.013681546784937382, 0.0035975920036435127
v,-0.002096664858981967, 0.013676626607775688, 0.0034228204749524593
v,-0.004692803602665663, 0.01321885734796524, 0.0033115949481725693
v,-0.004685465712100267, 0.013220150955021381, 0.0035904983524233103
v,0.0031702914275228977, 0.014605334028601646, 0.0034537343308329582
v,0.002475546905770898, 0.014482831582427025, 0.0033248139079660177
v,0.00238968338817358, 0.014467691071331501, 0.0034978657495230436
v,0.003271466353908181, 0.014623173512518406, 0.0032035589683800936
v,0.002475546905770898, 0.014482831582427025, 0.0033248139079660177
v,0.0031702914275228977, 0.014605334028601646, 0.0034537343308329582
v,-0.002116596093401313, 0.013673112727701664, 0.003239523386582732
v,-0.004692803602665663, 0.01321885734796524, 0.0033115949481725693
v,-0.002096664858981967, 0.013676626607775688, 0.0034228204749524593
v,0.003271466353908181, 0.014623173512518406, 0.0032035589683800936
v,0.0025649380404502153, 0.014498593285679817, 0.003139797132462263
v,0.002475546905770898, 0.014482831582427025, 0.0033248139079660177
v,-0.002116596093401313, 0.013673112727701664, 0.003239523386582732
v,-0.004688429180532694, 0.013219628483057022, 0.003112142439931631
v,-0.004692803602665663, 0.01321885734796524, 0.0033115949481725693
v,-0.002128555439412594, 0.01367100328207016, 0.003047700971364975
v,-0.004688429180532694, 0.013219628483057022, 0.003112142439931631
v,-0.002116596093401313, 0.013673112727701664, 0.003239523386582732
v,0.003374052233994007, 0.014641262590885162, 0.0029505181591957808
v,0.0025649380404502153, 0.014498593285679817, 0.003139797132462263
v,0.003271466353908181, 0.014623173512518406, 0.0032035589683800936
v,0.003374052233994007, 0.014641262590885162, 0.0029505181591957808
v,0.002657856559380889, 0.014514977112412453, 0.0029428163543343544
v,0.0025649380404502153, 0.014498593285679817, 0.003139797132462263
v,-0.002128555439412594, 0.01367100328207016, 0.003047700971364975
v,-0.0046753063797950745, 0.013221942819654942, 0.0029126901645213366
v,-0.004688429180532694, 0.013219628483057022, 0.003112142439931631
v,-0.002132541500031948, 0.0136703010648489, 0.002847352996468544
v,-0.0046753063797950745, 0.013221942819654942, 0.0029126901645213366
v,-0.002128555439412594, 0.01367100328207016, 0.003047700971364975
v,0.002754306187853217, 0.014531983993947506, 0.002733871340751648
v,0.002657856559380889, 0.014514977112412453, 0.0029428163543343544
v,0.003374052233994007, 0.014641262590885162, 0.0029505181591957808
v,-0.002132541500031948, 0.0136703010648489, 0.002847352996468544
v,-0.004653434734791517, 0.013225799426436424, 0.002713237889111042
v,-0.0046753063797950745, 0.013221942819654942, 0.0029126901645213366
v,-0.0021263679955154657, 0.013671389780938625, 0.0026390887796878815
v,-0.004653434734791517, 0.013225799426436424, 0.002713237889111042
v,-0.002132541500031948, 0.0136703010648489, 0.002847352996468544
v,-0.0021263679955154657, 0.013671389780938625, 0.0026390887796878815
v,-0.0046228147111833096, 0.01323119830340147, 0.0025137856137007475
v,-0.004653434734791517, 0.013225799426436424, 0.002713237889111042
v,-0.002107847249135375, 0.013674654997885227, 0.002423516707494855
v,-0.0046228147111833096, 0.01323119830340147, 0.0025137856137007475
v,-0.0021263679955154657, 0.013671389780938625, 0.0026390887796878815
v,-0.002107847249135375, 0.013674654997885227, 0.002423516707494855
v,-0.004583445377647877, 0.013238140381872654, 0.002314333338290453
v,-0.0046228147111833096, 0.01323119830340147, 0.0025137856137007475
v,-0.0020769801922142506, 0.01368009764701128, 0.0022006372455507517
v,-0.004583445377647877, 0.013238140381872654, 0.002314333338290453
v,-0.002107847249135375, 0.013674654997885227, 0.002423516707494855
v,-0.0020769801922142506, 0.01368009764701128, 0.0022006372455507517
v,-0.004535327665507793, 0.013246624730527401, 0.002114881295710802
v,-0.004583445377647877, 0.013238140381872654, 0.002314333338290453
v,-0.0020337658934295177, 0.013687717728316784, 0.0019704503938555717
v,-0.004535327665507793, 0.013246624730527401, 0.002114881295710802
v,-0.0020769801922142506, 0.01368009764701128, 0.0022006372455507517
v,-0.0020337658934295177, 0.013687717728316784, 0.0019704503938555717
v,-0.004478461109101772, 0.013256652280688286, 0.0019154290203005075
v,-0.004535327665507793, 0.013246624730527401, 0.002114881295710802
v,-0.0019782045856118202, 0.013697514310479164, 0.0017329559195786715
v,-0.004478461109101772, 0.013256652280688286, 0.0019154290203005075
v,-0.0020337658934295177, 0.013687717728316784, 0.0019704503938555717
v,-0.0019782045856118202, 0.013697514310479164, 0.0017329559195786715
v,-0.004412846174091101, 0.01326822116971016, 0.001715976744890213
v,-0.004478461109101772, 0.013256652280688286, 0.0019154290203005075
v,-0.0019102966180071235, 0.013709488324820995, 0.0014881538227200508
v,-0.004412846174091101, 0.01326822116971016, 0.001715976744890213
v,-0.0019782045856118202, 0.013697514310479164, 0.0017329559195786715
v,-0.0019102966180071235, 0.013709488324820995, 0.0014881538227200508
v,-0.004338482394814491, 0.013281334191560745, 0.0015165244694799185
v,-0.004412846174091101, 0.01326822116971016, 0.001715976744890213
v,-0.0019102966180071235, 0.013709488324820995, 0.0014881538227200508
v,-0.004255369771271944, 0.01329598855227232, 0.001317072194069624
v,-0.004338482394814491, 0.013281334191560745, 0.0015165244694799185
v,-0.0018300417577847838, 0.013723639771342278, 0.0012360444525256753
v,-0.004255369771271944, 0.01329598855227232, 0.001317072194069624
v,-0.0019102966180071235, 0.013709488324820995, 0.0014881538227200508
v,-0.0018300417577847838, 0.013723639771342278, 0.0012360444525256753
v,-0.004163508769124746, 0.013312186114490032, 0.0011176198022440076
v,-0.004255369771271944, 0.01329598855227232, 0.001317072194069624
v,-0.0017374396556988358, 0.013739967718720436, 0.0009766274597495794
v,-0.004163508769124746, 0.013312186114490032, 0.0011176198022440076
v,-0.0018300417577847838, 0.013723639771342278, 0.0012360444525256753
v,-0.0017374396556988358, 0.013739967718720436, 0.0009766274597495794
v,-0.004062897525727749, 0.013329926878213882, 0.0009181674686260521
v,-0.004163508769124746, 0.013312186114490032, 0.0011176198022440076
v,-0.0016324904281646013, 0.013758473098278046, 0.000709903019014746
v,-0.004062897525727749, 0.013329926878213882, 0.0009181674686260521
v,-0.0017374396556988358, 0.013739967718720436, 0.0009766274597495794
v,-0.0016324904281646013, 0.013758473098278046, 0.000709903019014746
v,-0.003949588164687157, 0.013349906541407108, 0.0007147032883949578
v,-0.004062897525727749, 0.013329926878213882, 0.0009181674686260521
v,-0.0016324904281646013, 0.013758473098278046, 0.000709903019014746
v,-0.003819627920165658, 0.013372821733355522, 0.0005032150656916201
v,-0.003949588164687157, 0.013349906541407108, 0.0007147032883949578
v,-0.0015151947736740112, 0.013779155910015106, 0.00043587107211351395
v,-0.003819627920165658, 0.013372821733355522, 0.0005032150656916201
v,-0.0016324904281646013, 0.013758473098278046, 0.000709903019014746
v,-0.0015151947736740112, 0.013779155910015106, 0.00043587107211351395
v,-0.0036730170249938965, 0.013398673385381699, 0.00028370291693136096
v,-0.003819627920165658, 0.013372821733355522, 0.0005032150656916201
v,-0.0013855521101504564, 0.013802015222609043, 0.00015453154628630728
v,-0.0036730170249938965, 0.013398673385381699, 0.00028370291693136096
v,-0.0015151947736740112, 0.013779155910015106, 0.00043587107211351395
v,-0.0013855521101504564, 0.013802015222609043, 0.00015453154628630728
v,-0.003509755712002516, 0.013427460566163063, 5.6166831200243905e-05
v,-0.0036730170249938965, 0.013398673385381699, 0.00028370291693136096
v,-0.0012435622047632933, 0.013827051967382431, -0.0001341154711553827
v,-0.003509755712002516, 0.013427460566163063, 5.6166831200243905e-05
v,-0.0013855521101504564, 0.013802015222609043, 0.00015453154628630728
v,-0.0012435622047632933, 0.013827051967382431, -0.0001341154711553827
v,-0.0033298428170382977, 0.01345918420702219, -0.00017939324607141316
v,-0.003509755712002516, 0.013427460566163063, 5.6166831200243905e-05
v,-0.0010871081613004208, 0.013854638673365116, -0.0004297835403122008
v,-0.0033298428170382977, 0.01345918420702219, -0.00017939324607141316
v,-0.0012435622047632933, 0.013827051967382431, -0.0001341154711553827
v,-0.0010871081613004208, 0.013854638673365116, -0.0004297835403122008
v,-0.0031332792714238167, 0.013493843376636505, -0.00042297726031392813
v,-0.0033298428170382977, 0.01345918420702219, -0.00017939324607141316
v,-0.0010871081613004208, 0.013854638673365116, -0.0004297835403122008
v,-0.002920065075159073, 0.013531439006328583, -0.000674585229717195
v,-0.0031332792714238167, 0.013493843376636505, -0.00042297726031392813
v,-0.0009140742477029562, 0.013885149732232094, -0.0007321859593503177
v,-0.002920065075159073, 0.013531439006328583, -0.000674585229717195
v,-0.0010871081613004208, 0.013854638673365116, -0.0004297835403122008
v,-0.0009140742477029562, 0.013885149732232094, -0.0007321859593503177
v,-0.0026902002282440662, 0.013571970164775848, -0.0009342171833850443
v,-0.002920065075159073, 0.013531439006328583, -0.000674585229717195
v,-0.0007244602311402559, 0.013918583281338215, -0.0010413227137178183
v,-0.0026902002282440662, 0.013571970164775848, -0.0009342171833850443
v,-0.0009140742477029562, 0.013885149732232094, -0.0007321859593503177
v,-0.0007244602311402559, 0.013918583281338215, -0.0010413227137178183
v,-0.0024436847306787968, 0.013615437783300877, -0.0012018730631098151
v,-0.0026902002282440662, 0.013571970164775848, -0.0009342171833850443
v,-0.0005182662280276418, 0.013954941183328629, -0.0013571939198300242
v,-0.0024436847306787968, 0.013615437783300877, -0.0012018730631098151
v,-0.0007244602311402559, 0.013918583281338215, -0.0010413227137178183
v,-0.0005182662280276418, 0.013954941183328629, -0.0013571939198300242
v,-0.0021805185824632645, 0.013661840930581093, -0.0014775529270991683
v,-0.0024436847306787968, 0.013615437783300877, -0.0012018730631098151
v,-0.00029549215105362236, 0.01399422250688076, -0.0016797995194792747
v,-0.0021805185824632645, 0.013661840930581093, -0.0014775529270991683
v,-0.0005182662280276418, 0.013954941183328629, -0.0013571939198300242
v,-0.00029549215105362236, 0.01399422250688076, -0.0016797995194792747
v,-0.0019007019000127912, 0.013711180537939072, -0.001761256717145443
v,-0.0021805185824632645, 0.013661840930581093, -0.0014775529270991683
v,-5.613807661575265e-05, 0.014036426320672035, -0.002009139396250248
v,-0.0019007019000127912, 0.013711180537939072, -0.001761256717145443
v,-0.00029549215105362236, 0.01399422250688076, -0.0016797995194792747
v,-5.613807661575265e-05, 0.014036426320672035, -0.002009139396250248
v,-0.0016042336355894804, 0.013763455674052238, -0.0020529846660792828
v,-0.0019007019000127912, 0.013711180537939072, -0.001761256717145443
v,0.00019979603530373424, 0.014081554487347603, -0.0023452136665582657
v,-0.0016042336355894804, 0.013763455674052238, -0.0020529846660792828
v,-5.613807661575265e-05, 0.014036426320672035, -0.002009139396250248
v,0.00019979603530373424, 0.014081554487347603, -0.0023452136665582657
v,0.0006207553087733686, 0.014155780896544456, -0.004229765851050615
v,-0.0016042336355894804, 0.013763455674052238, -0.0020529846660792828
v,0.0004723101737909019, 0.014129606075584888, -0.0026880225632339716
v,0.0006207553087733686, 0.014155780896544456, -0.004229765851050615
v,0.00019979603530373424, 0.014081554487347603, -0.0023452136665582657
v,0.0007614051573909819, 0.014180582016706467, -0.0030375656206160784
v,0.0006207553087733686, 0.014155780896544456, -0.004229765851050615
v,0.0004723101737909019, 0.014129606075584888, -0.0026880225632339716
v,0.0010670801857486367, 0.014234480448067188, -0.0033938430715352297
v,0.0006207553087733686, 0.014155780896544456, -0.004229765851050615
v,0.0007614051573909819, 0.014180582016706467, -0.0030375656206160784
v,0.0013893352588638663, 0.014291302300989628, -0.003756855148822069
v,0.0006207553087733686, 0.014155780896544456, -0.004229765851050615
v,0.0010670801857486367, 0.014234480448067188, -0.0033938430715352297
v,0.0017281703185290098, 0.01435104850679636, -0.004126600921154022
v,0.0006207553087733686, 0.014155780896544456, -0.004229765851050615
v,0.0013893352588638663, 0.014291302300989628, -0.003756855148822069
v,0.00203049392439425, 0.014404356479644775, -0.00445414986461401
v,0.0006207553087733686, 0.014155780896544456, -0.004229765851050615
v,0.0017281703185290098, 0.01435104850679636, -0.004126600921154022
v,0.00203049392439425, 0.014404356479644775, -0.00445414986461401
v,0.001758649479597807, 0.014356422238051891, -0.005312998313456774
v,0.0006207553087733686, 0.014155780896544456, -0.004229765851050615
v,0.0023211052175611258, 0.014455598779022694, -0.004766223952174187
v,0.001758649479597807, 0.014356422238051891, -0.005312998313456774
v,0.00203049392439425, 0.014404356479644775, -0.00445414986461401
v,0.0026000055950134993, 0.01450477633625269, -0.005062823183834553
v,0.001758649479597807, 0.014356422238051891, -0.005312998313456774
v,0.0023211052175611258, 0.014455598779022694, -0.004766223952174187
v,0.0028671936597675085, 0.014551889151334763, -0.005343948025256395
v,0.001758649479597807, 0.014356422238051891, -0.005312998313456774
v,0.0026000055950134993, 0.01450477633625269, -0.005062823183834553
v,-0.004511620383709669, 0.013250804506242275, -0.005258550401777029
v,-0.004835039377212524, 0.013193776831030846, -0.005385213531553745
v,-0.004672483541071415, 0.013222440145909786, -0.005230466369539499
v,-0.00434059789404273, 0.013280960731208324, -0.0052843415178358555
v,-0.004835039377212524, 0.013193776831030846, -0.005385213531553745
v,-0.004511620383709669, 0.013250804506242275, -0.005258550401777029
v,-0.004159415606409311, 0.01331290788948536, -0.005307839717715979
v,-0.004835039377212524, 0.013193776831030846, -0.005385213531553745
v,-0.00434059789404273, 0.013280960731208324, -0.0052843415178358555
v,-0.003968073520809412, 0.013346646912395954, -0.005329045932739973
v,-0.004835039377212524, 0.013193776831030846, -0.005385213531553745
v,-0.004159415606409311, 0.01331290788948536, -0.005307839717715979
v,0.0028671936597675085, 0.014551889151334763, -0.005343948025256395
v,0.001758649479597807, 0.014356422238051891, -0.005436796694993973
v,0.001758649479597807, 0.014356422238051891, -0.005312998313456774
v,-0.0037665721029043198, 0.013382176868617535, -0.0053479596972465515
v,-0.004835039377212524, 0.013193776831030846, -0.005385213531553745
v,-0.003968073520809412, 0.013346646912395954, -0.005329045932739973
v,0.00312266917899251, 0.014596936292946339, -0.005609598010778427
v,0.001758649479597807, 0.014356422238051891, -0.005436796694993973
v,0.0028671936597675085, 0.014551889151334763, -0.005343948025256395
v,-0.0035549106542021036, 0.013419498689472675, -0.005364580545574427
v,-0.004835039377212524, 0.013193776831030846, -0.005385213531553745
v,-0.0037665721029043198, 0.013382176868617535, -0.0053479596972465515
v,-0.0033330887090414762, 0.013458611443638802, -0.005378909409046173
v,-0.004835039377212524, 0.013193776831030846, -0.005385213531553745
v,-0.0035549106542021036, 0.013419498689472675, -0.005364580545574427
v,-0.0031011069659143686, 0.013499516062438488, -0.005390945356339216
v,-0.004835039377212524, 0.013193776831030846, -0.005385213531553745
v,-0.0033330887090414762, 0.013458611443638802, -0.005378909409046173
v,-0.0031011069659143686, 0.013499516062438488, -0.005390945356339216
v,-0.004812815226614475, 0.013197695836424828, -0.00543708261102438
v,-0.004835039377212524, 0.013193776831030846, -0.005385213531553745
v,-0.0028589656576514244, 0.013542212545871735, -0.005400688853114843
v,-0.004812815226614475, 0.013197695836424828, -0.00543708261102438
v,-0.0031011069659143686, 0.013499516062438488, -0.005390945356339216
v,-0.002606664551422, 0.013586699962615967, -0.005408139433711767
v,-0.004812815226614475, 0.013197695836424828, -0.00543708261102438
v,-0.0028589656576514244, 0.013542212545871735, -0.005400688853114843
v,-0.002344203880056739, 0.013632978312671185, -0.005413297563791275
v,-0.004812815226614475, 0.013197695836424828, -0.00543708261102438
v,-0.002606664551422, 0.013586699962615967, -0.005408139433711767
v,-0.0020715834107249975, 0.013681049458682537, -0.005416163243353367
v,-0.004812815226614475, 0.013197695836424828, -0.00543708261102438
v,-0.002344203880056739, 0.013632978312671185, -0.005413297563791275
v,0.001758649479597807, 0.014356422238051891, -0.005436796694993973
v,-0.004812815226614475, 0.013197695836424828, -0.00543708261102438
v,-0.0020715834107249975, 0.013681049458682537, -0.005416163243353367
v,0.00312266917899251, 0.014596936292946339, -0.005609598010778427
v,-0.004812815226614475, 0.013197695836424828, -0.00543708261102438
v,0.001758649479597807, 0.014356422238051891, -0.005436796694993973
v,0.00312266917899251, 0.014596936292946339, -0.005609598010778427
v,-0.004790166858583689, 0.013201689347624779, -0.005492963828146458
v,-0.004812815226614475, 0.013197695836424828, -0.00543708261102438
v,0.00312266917899251, 0.014596936292946339, -0.005609598010778427
v,-0.004767096135765314, 0.0132057573646307, -0.005552856717258692
v,-0.004790166858583689, 0.013201689347624779, -0.005492963828146458
v,0.00312266917899251, 0.014596936292946339, -0.005609598010778427
v,-0.004743601195514202, 0.013209899887442589, -0.005616761744022369
v,-0.004767096135765314, 0.0132057573646307, -0.005552856717258692
v,0.0033664321526885033, 0.014639917761087418, -0.005859772674739361
v,-0.004743601195514202, 0.013209899887442589, -0.005616761744022369
v,0.00312266917899251, 0.014596936292946339, -0.005609598010778427
v,0.0033664321526885033, 0.014639917761087418, -0.005859772674739361
v,-0.004719683900475502, 0.013214116916060448, -0.005684678442776203
v,-0.004743601195514202, 0.013209899887442589, -0.005616761744022369
v,0.0033664321526885033, 0.014639917761087418, -0.005859772674739361
v,-0.004695342853665352, 0.01321840938180685, -0.005756607744842768
v,-0.004719683900475502, 0.013214116916060448, -0.005684678442776203
v,0.0033664321526885033, 0.014639917761087418, -0.005859772674739361
v,-0.004670578520745039, 0.013222776353359222, -0.005832548253238201
v,-0.004695342853665352, 0.01321840938180685, -0.005756607744842768
v,0.0033664321526885033, 0.014639917761087418, -0.005859772674739361
v,-0.004645390901714563, 0.013227216899394989, -0.005912501364946365
v,-0.004670578520745039, 0.013222776353359222, -0.005832548253238201
v,0.003598484443500638, 0.014680835418403149, -0.006094472948461771
v,-0.004645390901714563, 0.013227216899394989, -0.005912501364946365
v,0.0033664321526885033, 0.014639917761087418, -0.005859772674739361
v,0.003598484443500638, 0.014680835418403149, -0.006094472948461771
v,-0.004619779996573925, 0.0132317328825593, -0.005996466148644686
v,-0.004645390901714563, 0.013227216899394989, -0.005912501364946365
v,0.003598484443500638, 0.014680835418403149, -0.006094472948461771
v,-0.004593745805323124, 0.01323632337152958, -0.00608444306999445
v,-0.004619779996573925, 0.0132317328825593, -0.005996466148644686
v,0.003598484443500638, 0.014680835418403149, -0.006094472948461771
v,-0.00456728832796216, 0.013240988366305828, -0.00617643166333437
v,-0.004593745805323124, 0.01323632337152958, -0.00608444306999445
v,0.003818824188783765, 0.014719687402248383, -0.006313698831945658
v,-0.00456728832796216, 0.013240988366305828, -0.00617643166333437
v,0.003598484443500638, 0.014680835418403149, -0.006094472948461771
v,0.003818824188783765, 0.014719687402248383, -0.006313698831945658
v,-0.004540406633168459, 0.013245728798210621, -0.0062724328599870205
v,-0.00456728832796216, 0.013240988366305828, -0.00617643166333437
v,0.003818824188783765, 0.014719687402248383, -0.006313698831945658
v,-0.004495957866311073, 0.01325356587767601, -0.006427108775824308
v,-0.004540406633168459, 0.013245728798210621, -0.0062724328599870205
v,0.004027451854199171, 0.01475647371262312, -0.006517449859529734
v,-0.004495957866311073, 0.01325356587767601, -0.006427108775824308
v,0.003818824188783765, 0.014719687402248383, -0.006313698831945658
v,0.004027451854199171, 0.01475647371262312, -0.006517449859529734
v,-0.004454048816114664, 0.013260955922305584, -0.00657476345077157
v,-0.004495957866311073, 0.01325356587767601, -0.006427108775824308
v,0.004224368371069431, 0.014791195280849934, -0.006705726031213999
v,-0.004454048816114664, 0.013260955922305584, -0.00657476345077157
v,0.004027451854199171, 0.01475647371262312, -0.006517449859529734
v,0.004224368371069431, 0.014791195280849934, -0.006705726031213999
v,-0.004414679482579231, 0.013267898000776768, -0.006715397350490093
v,-0.004454048816114664, 0.013260955922305584, -0.00657476345077157
v,0.004409572575241327, 0.014823852106928825, -0.006878526881337166
v,-0.004414679482579231, 0.013267898000776768, -0.006715397350490093
v,0.004224368371069431, 0.014791195280849934, -0.006705726031213999
v,0.004409572575241327, 0.014823852106928825, -0.006878526881337166
v,-0.004377850331366062, 0.013274392113089561, -0.0068490104749798775
v,-0.004414679482579231, 0.013267898000776768, -0.006715397350490093
v,0.004409572575241327, 0.014823852106928825, -0.006878526881337166
v,-0.004343561362475157, 0.013280438259243965, -0.006975602358579636
v,-0.004377850331366062, 0.013274392113089561, -0.0068490104749798775
v,0.004583064466714859, 0.01485444325953722, -0.007035853806883097
v,-0.004343561362475157, 0.013280438259243965, -0.006975602358579636
v,0.004409572575241327, 0.014823852106928825, -0.006878526881337166
v,0.004583064466714859, 0.01485444325953722, -0.007035853806883097
v,-0.004311812110245228, 0.013286036439239979, -0.007095173466950655
v,-0.004343561362475157, 0.013280438259243965, -0.006975602358579636
v,0.004654183052480221, 0.014866983518004417, -0.007623894140124321
v,-0.004311812110245228, 0.013286036439239979, -0.007095173466950655
v,0.004583064466714859, 0.01485444325953722, -0.007035853806883097
v,0.004654183052480221, 0.014866983518004417, -0.007623894140124321
v,-0.004282602109014988, 0.013291186653077602, -0.0072077238000929356
v,-0.004311812110245228, 0.013286036439239979, -0.007095173466950655
v,0.004654183052480221, 0.014866983518004417, -0.007623894140124321
v,-0.004255933221429586, 0.013295888900756836, -0.00731325289234519
v,-0.004282602109014988, 0.013291186653077602, -0.0072077238000929356
v,0.004654183052480221, 0.014866983518004417, -0.007623894140124321
v,-0.004231804050505161, 0.013300144113600254, -0.007411761209368706
v,-0.004255933221429586, 0.013295888900756836, -0.00731325289234519
v,0.004654183052480221, 0.014866983518004417, -0.007623894140124321
v,0.0004378790326882154, 0.01412353478372097, -0.007561995182186365
v,-0.004231804050505161, 0.013300144113600254, -0.007411761209368706
v,0.0004378790326882154, 0.01412353478372097, -0.007561995182186365
v,-0.004210214130580425, 0.013303950428962708, -0.007503248285502195
v,-0.004231804050505161, 0.013300144113600254, -0.007411761209368706
v,0.0004378790326882154, 0.01412353478372097, -0.007561995182186365
v,2.5560726498952135e-05, 0.014050832018256187, -0.007562710903584957
v,-0.004210214130580425, 0.013303950428962708, -0.007503248285502195
v,2.5560726498952135e-05, 0.014050832018256187, -0.007562710903584957
v,-0.0003816764219664037, 0.013979025185108185, -0.00756486039608717
v,-0.004210214130580425, 0.013303950428962708, -0.007503248285502195
v,-0.0003816764219664037, 0.013979025185108185, -0.00756486039608717
v,-0.004191164392977953, 0.013307309709489346, -0.007587715517729521
v,-0.004210214130580425, 0.013303950428962708, -0.007503248285502195
v,-0.0007838341989554465, 0.013908114284276962, -0.007568442262709141
v,-0.004191164392977953, 0.013307309709489346, -0.007587715517729521
v,-0.0003816764219664037, 0.013979025185108185, -0.00756486039608717
v,-0.0011809116695076227, 0.013838098384439945, -0.007573456969112158
v,-0.004191164392977953, 0.013307309709489346, -0.007587715517729521
v,-0.0007838341989554465, 0.013908114284276962, -0.007568442262709141
v,-0.0015729088336229324, 0.013768978416919708, -0.007579905446618795
v,-0.004191164392977953, 0.013307309709489346, -0.007587715517729521
v,-0.0011809116695076227, 0.013838098384439945, -0.007573456969112158
v,-0.0019598265644162893, 0.013700754381716251, -0.007587786298245192
v,-0.004191164392977953, 0.013307309709489346, -0.007587715517729521
v,-0.0015729088336229324, 0.013768978416919708, -0.007579905446618795
v,-0.0019598265644162893, 0.013700754381716251, -0.007587786298245192
v,-0.0023416641633957624, 0.013633426278829575, -0.007597099523991346
v,-0.004191164392977953, 0.013307309709489346, -0.007587715517729521
v,-0.0023416641633957624, 0.013633426278829575, -0.007597099523991346
v,-0.002718422096222639, 0.013566994108259678, -0.007607845589518547
v,-0.004191164392977953, 0.013307309709489346, -0.007587715517729521
v,-0.002718422096222639, 0.013566994108259678, -0.007607845589518547
v,-0.003090099897235632, 0.013501456938683987, -0.007620025426149368
v,-0.004191164392977953, 0.013307309709489346, -0.007587715517729521
v,-0.003090099897235632, 0.013501456938683987, -0.007620025426149368
v,-0.003456698264926672, 0.013436815701425076, -0.007633637636899948
v,-0.004191164392977953, 0.013307309709489346, -0.007587715517729521
v,-0.003456698264926672, 0.013436815701425076, -0.007633637636899948
v,-0.0038182162679731846, 0.013373070396482944, -0.007648682687431574
v,-0.004191164392977953, 0.013307309709489346, -0.007587715517729521
v,-0.0038182162679731846, 0.013373070396482944, -0.007648682687431574
v,-0.004174654837697744, 0.013310221023857594, -0.007665160112082958
v,-0.004191164392977953, 0.013307309709489346, -0.007587715517729521
v,-0.003003750927746296, 0.010293716564774513, -0.005364580545574427
v,-0.0037665721029043198, 0.013382176868617535, -0.0053479596972465515
v,-0.003215412376448512, 0.010256394743919373, -0.0053479596972465515
v,-0.0039028893224895, 0.010135174728929996, -0.00657476345077157
v,-0.004414679482579231, 0.013267898000776768, -0.006715397350490093
v,-0.0038635199889540672, 0.010142115876078606, -0.006715397350490093
v,-0.004261655732989311, 0.010071913711726665, -0.00543708261102438
v,-0.004790166858583689, 0.013201689347624779, -0.005492963828146458
v,-0.004239007364958525, 0.010075907222926617, -0.005492963828146458
v,-0.0036590546369552612, 0.01017816923558712, -0.007503248285502195
v,-0.004191164392977953, 0.013307309709489346, -0.007587715517729521
v,-0.003640004899352789, 0.010181527584791183, -0.007587715517729521
v,-0.0014086667215451598, 0.010574973188340664, -0.007587786298245192
v,-0.0015729088336229324, 0.013768978416919708, -0.007579905446618795
v,-0.001021748990751803, 0.01064319722354412, -0.007579905446618795
v,-0.004068620502948761, 0.010105951689183712, -0.005996466148644686
v,-0.004593745805323124, 0.01323632337152958, -0.00608444306999445
v,-0.00404258631169796, 0.010110542178153992, -0.00608444306999445
v,-0.0037924018688499928, 0.010154656134545803, -0.006975602358579636
v,-0.004311812110245228, 0.013286036439239979, -0.007095173466950655
v,-0.0037606526166200638, 0.010160254314541817, -0.007095173466950655
v,0.005205342546105385, 0.011741201393306255, -0.007623894140124321
v,0.004583064466714859, 0.01485444325953722, -0.007035853806883097
v,0.005134223960340023, 0.011728662066161633, -0.007035853806883097
v,0.0009890388464555144, 0.010997753590345383, -0.007561995182186365
v,0.004654183052480221, 0.014866983518004417, -0.007623894140124321
v,0.005205342546105385, 0.011741201393306255, -0.007623894140124321
v,-0.00023267438518814743, 0.0107823321595788, -0.007568442262709141
v,-0.0003816764219664037, 0.013979025185108185, -0.00756486039608717
v,0.00016948336269706488, 0.010853243991732597, -0.00756486039608717
v,-0.003267056541517377, 0.010247288271784782, -0.007648682687431574
v,-0.003456698264926672, 0.013436815701425076, -0.007633637636899948
v,-0.0029055385384708643, 0.010311034508049488, -0.007633637636899948
v,0.0005150228389538825, 0.010914172045886517, 0.006982119753956795
v,-0.00017001341620925814, 0.0140163479372859, 0.007001462392508984
v,0.0003811463830061257, 0.010890565812587738, 0.007001462392508984
v,-0.0010486291721463203, 0.010638457722961903, 0.006972662638872862
v,-0.0018706457922235131, 0.013716480694711208, 0.0069235158152878284
v,-0.0013194859493523836, 0.010590698570013046, 0.0069235158152878284
v,0.0015327634755522013, 0.011093627661466599, 0.0066726249642670155
v,0.0008595103281550109, 0.014197880402207375, 0.006726357154548168
v,0.0014106701128184795, 0.011072099208831787, 0.006726357154548168
v,-0.0029033527243882418, 0.010311420075595379, 0.006186316255480051
v,-0.00363618740811944, 0.013405167497694492, 0.0060248346999287605
v,-0.0030850276816636324, 0.010279386304318905, 0.0060248346999287605
v,0.002461253432556987, 0.011257344856858253, 0.006088022608309984
v,0.0017987240571528673, 0.014363489113748074, 0.006176142953336239
v,0.002349883783608675, 0.011237707920372486, 0.006176142953336239
v,0.0009495289414189756, 0.010990787297487259, 0.005279181059449911
v,0.0004891717690043151, 0.014132579788565636, 0.005265962798148394
v,0.0010403315536677837, 0.011006798595190048, 0.005265962798148394
v,-5.459513340611011e-05, 0.010813732631504536, 0.005234477110207081
v,-0.0004603080451488495, 0.013965160585939884, 0.0052643162198364735
v,9.085172496270388e-05, 0.010839379392564297, 0.0052643162198364735
v,0.0016087847761809826, 0.011107032187283039, 0.0050911917351186275
v,0.0011297314194962382, 0.014245527796447277, 0.005054439418017864
v,0.0016808912623673677, 0.01111974660307169, 0.005054439418017864
v,0.0032367464154958725, 0.011394085362553596, 0.004661623388528824
v,0.0025928791146725416, 0.014503519982099533, 0.004894603975117207
v,0.0031440388411283493, 0.011377738788723946, 0.004894603975117207
v,-0.0010073557496070862, 0.010645736008882523, 0.0046888478100299835
v,-0.0014599160058423877, 0.013788903132081032, 0.0047868904657661915
v,-0.0009087561629712582, 0.01066312100738287, 0.0047868904657661915
v,0.002146124839782715, 0.01120177935808897, 0.00471291970461607
v,0.0016557829221710563, 0.014338284730911255, 0.00465209549292922
v,0.002206942765042186, 0.011212503537535667, 0.00465209549292922
v,-0.00395820289850235, 0.010125421918928623, 0.004610112868249416
v,-0.004575401544570923, 0.013239558786153793, 0.004369609523564577
v,-0.0040242415852844715, 0.010113776661455631, 0.004369609523564577
v,0.0026326640509068966, 0.01128756906837225, 0.004070431459695101
v,0.002153257839381695, 0.014426003210246563, 0.003945236559957266
v,0.0027044175658375025, 0.011300221085548401, 0.003945236559957266
v,-0.0015176013112068176, 0.010555765591561794, 0.0035975922364741564
v,-0.002032884396612644, 0.013687873259186745, 0.003763838205486536
v,-0.0014817246701568365, 0.010562091134488583, 0.0037638384383171797
v,0.003305465914309025, 0.011406202800571918, 0.0027338715735822916
v,0.003374052233994007, 0.014641262590885162, 0.0029505181591957808
v,0.0039252121932804585, 0.011515480466187, 0.0029505183920264244
v,-0.004102274775505066, 0.010100017301738262, 0.0027132381219416857
v,-0.0046228147111833096, 0.01323119830340147, 0.0025137856137007475
v,-0.004071654751896858, 0.010105417110025883, 0.002513785846531391
v,-0.0014826060505583882, 0.010561935603618622, 0.0019704506266862154
v,-0.0020769801922142506, 0.01368009764701128, 0.0022006372455507517
v,-0.0015258204657584429, 0.010554316453635693, 0.0022006374783813953
v,-0.003612348809838295, 0.010186404921114445, 0.0011176200350746512
v,-0.004062897525727749, 0.013329926878213882, 0.0009181674686260521
v,-0.0035117375664412975, 0.01020414475351572, 0.000918167585041374
v,0.00010894873412325978, 0.01084257010370493, 0.007027253974229097
v,-0.000580532185267657, 0.013943961821496487, 0.007033701054751873
v,-2.9372427889029495e-05, 0.0108181806281209, 0.007033701054751873
v,-0.0006924024783074856, 0.010701269842684269, -0.0001341153256362304
v,-0.0013855521101504564, 0.013802015222609043, 0.00015453154628630728
v,-0.0008343923836946487, 0.010676233097910881, 0.00015453169180545956
v,-0.00047347325016744435, 0.01073987316340208, 0.007028829772025347
v,-0.0013177847722545266, 0.013813965022563934, 0.007007766980677843
v,-0.0007666249293833971, 0.010688182897865772, 0.007007766980677843
v,0.0007783301989547908, 0.010960600338876247, 0.006930536590516567
v,9.6257368568331e-05, 0.01406329870223999, 0.006958476733416319
v,0.0006474171532317996, 0.010937516577541828, 0.006958476733416319
v,0.001162179047241807, 0.011028283275663853, 0.0068209245800971985
v,0.00048455092473886907, 0.014131764881312847, 0.006861760281026363
v,0.0010357106802985072, 0.01100598368793726, 0.006861760281026363
v,-0.002368905348703265, 0.010405657812952995, -0.0006745851133018732
v,-0.0026902002282440662, 0.013571970164775848, -0.0009342171833850443
v,-0.0021390405017882586, 0.010446188971400261, -0.0009342170669697225
v,0.0017729293322190642, 0.011135974898934364, 0.006552265956997871
v,0.0011023570550605655, 0.014240700751543045, 0.006614594720304012
v,0.001653516897931695, 0.011114919558167458, 0.006614594720304012
v,0.0010234699584543705, 0.011003824882209301, -0.002688022330403328
v,0.00019979603530373424, 0.014081554487347603, -0.0023452136665582657
v,0.0007509558345191181, 0.010955773293972015, -0.002345213433727622
v,-0.0018277568742632866, 0.010501076467335224, 0.006783097051084042
v,-0.002616330748423934, 0.01358499564230442, 0.006691824644804001
v,-0.0020651710219681263, 0.010459214448928833, 0.006691824644804001
v,0.003418353386223316, 0.0114261070266366, -0.005343948025256395
v,0.0026000055950134993, 0.01450477633625269, -0.005062823183834553
v,0.003151165321469307, 0.011378995142877102, -0.005062823183834553
v,-0.002506556920707226, 0.010381385684013367, 0.006467154249548912
v,-0.0032616883981972933, 0.013471201993525028, 0.006333756260573864
v,-0.0027105286717414856, 0.010345419868826866, 0.006333756260573864
v,0.0021231237333267927, 0.01119772344827652, 0.006339487619698048
v,0.001456573256291449, 0.014303158968687057, 0.006414712406694889
v,0.0020077330991625786, 0.01117737777531147, 0.006414712406694889
v,0.002679969882592559, 0.01129591092467308, 0.005898886825889349
v,0.0020201224833726883, 0.014402528293430805, 0.005995604209601879
v,0.002571282209828496, 0.011276746168732643, 0.005995604209601879
v,-0.0034078825265169144, 0.01022245828062296, 0.005668628495186567
v,-0.004098457284271717, 0.013323657214641571, 0.005476125981658697
v,-0.0035472973249852657, 0.010197875089943409, 0.005476125981658697
v,-0.003215412376448512, 0.010256394743919373, -0.0053479596972465515
v,-0.003968073520809412, 0.013346646912395954, -0.005329045932739973
v,-0.003416914027184248, 0.010220864787697792, -0.005329045932739973
v,0.0029628556221723557, 0.01134579163044691, 0.005351969040930271
v,0.0023232221137732267, 0.014455972239375114, 0.005576352588832378
v,0.0028743818402290344, 0.011330191045999527, 0.005576352588832378
v,0.0023098092060536146, 0.011230641044676304, -0.005436796694993973
v,-0.0020715834107249975, 0.013681049458682537, -0.005416163243353367
v,-0.001520423567853868, 0.010555267333984375, -0.005416163243353367
v,0.0007607266306877136, 0.010957496240735054, 0.005296804942190647
v,0.0003051672538276762, 0.014100135304033756, 0.005289461463689804
v,0.0008563270093873143, 0.010974353179335594, 0.005289461463689804
v,-0.0003279208904132247, 0.010765538550913334, 0.005149222444742918
v,-0.0007453454891219735, 0.013914900831878185, 0.005196112673729658
v,-0.00019418571901042014, 0.010789119638502598, 0.005196112673729658
v,0.0003993140417151153, 0.010893769562244415, 0.005298417992889881
v,1.1169774552399758e-05, 0.014048295095562935, 0.005302680190652609
v,0.0005623295437544584, 0.010922513902187347, 0.005302680190652609
v,-0.004239007364958525, 0.010075907222926617, -0.005492963828146458
v,-0.004767096135765314, 0.0132057573646307, -0.005552856717258692
v,-0.00421593664214015, 0.010079975239932537, -0.005552856717258692
v,-0.00404258631169796, 0.010110542178153992, -0.00608444306999445
v,-0.00456728832796216, 0.013240988366305828, -0.00617643166333437
v,-0.004016128834336996, 0.01011520717293024, -0.00617643166333437
v,0.005134223960340023, 0.011728662066161633, -0.007035853806883097
v,0.004409572575241327, 0.014823852106928825, -0.006878526881337166
v,0.004960732068866491, 0.011698069982230663, -0.006878526881337166
v,0.0014583631418645382, 0.01108050812035799, 0.005155813414603472
v,0.0009836133103817701, 0.014219763688743114, 0.005124971270561218
v,0.0015347731532528996, 0.011093981564044952, 0.005124971270561218
v,0.0012147404486313462, 0.011037550866603851, 0.005230715032666922
v,0.0007471870048902929, 0.014178074896335602, 0.00520868506282568
v,0.0012983467895537615, 0.011052293702960014, 0.00520868506282568
v,-0.0037821009755134583, 0.010156473144888878, 0.005062319338321686
v,-0.0044286493211984634, 0.01326543465256691, 0.004841016139835119
v,-0.003877489361912012, 0.010139653459191322, 0.004841016139835119
v,-0.0006939900340512395, 0.010700990445911884, 0.004957399796694517
v,-0.0011289825197309256, 0.013847255147993565, 0.0050298660062253475
v,-0.000577822676859796, 0.010721473954617977, 0.0050298660062253475
v,-0.0037606526166200638, 0.010160254314541817, -0.007095173466950655
v,-0.004282602109014988, 0.013291186653077602, -0.0072077238000929356
v,-0.003731442615389824, 0.01016540452837944, -0.0072077238000929356
v,0.0020202563609927893, 0.011179585941135883, 0.004825541749596596
v,0.0015327365836128592, 0.014316588640213013, 0.004770735278725624
v,0.0020838964264839888, 0.01119080651551485, 0.004770735278725624
v,0.00016948336269706488, 0.010853243991732597, -0.00756486039608717
v,2.5560726498952135e-05, 0.014050832018256187, -0.007562710903584957
v,0.0005767205148003995, 0.0109250508248806, -0.007562710903584957
v,-0.0011827524285763502, 0.010614808648824692, 0.004467186518013477
v,-0.0016502004582434893, 0.01375535037368536, 0.0045822798274457455
v,-0.0010990406153723598, 0.010629569180309772, 0.0045822798274457455
v,0.0018208706751465797, 0.011144428513944149, 0.0049719070084393024
v,0.001337583758868277, 0.01428217813372612, 0.004926127847284079
v,0.0018887436017394066, 0.011156396009027958, 0.004926127847284079
v,-0.0029055385384708643, 0.010311034508049488, -0.007633637636899948
v,-0.003090099897235632, 0.013501456938683987, -0.007620025426149368
v,-0.0025389401707798243, 0.0103756757453084, -0.007620025426149368
v,0.003426395356655121, 0.01142752543091774, 0.004187064711004496
v,0.002779704984277487, 0.014536462724208832, 0.004425776656717062
v,0.0033308647107332945, 0.011410681530833244, 0.004425776656717062
v,0.002324344590306282, 0.011233204044401646, 0.0045214202255010605
v,0.001829767250455916, 0.014368963427841663, 0.004451568704098463
v,0.0023809270933270454, 0.011243181303143501, 0.004451568704098463
v,-0.0013860536273568869, 0.010578961111605167, 0.004070753697305918
v,-0.0018774191848933697, 0.013715285807847977, 0.0042114234529435635
v,-0.0013262593420222402, 0.01058950461447239, 0.0042114234529435635
v,0.0024997396394610405, 0.011264131404459476, 0.004284929018467665
v,0.002013278426602483, 0.014401321299374104, 0.004183662123978138
v,0.0025644381530582905, 0.011275539174675941, 0.004183662123978138
v,-0.0015654363669455051, 0.010547330603003502, 0.003239523619413376
v,-0.002096664858981967, 0.013676626607775688, 0.0034228204749524593
v,-0.0015455051325261593, 0.0105508454144001, 0.003422820707783103
v,-0.004112293478101492, 0.010098251514136791, 0.003859802382066846
v,-0.004685465712100267, 0.013220150955021381, 0.0035904983524233103
v,-0.004134305752813816, 0.010094369761645794, 0.003590498585253954
v,0.0037214511539787054, 0.011479551903903484, 0.003453734563663602
v,0.0030705288518220186, 0.01458774320781231, 0.0037010433152318
v,0.0036216885782778263, 0.011461961083114147, 0.0037010435480624437
v,0.003116097766906023, 0.01137281209230423, 0.0031397973652929068
v,0.002657856559380889, 0.014514977112412453, 0.0029428163543343544
v,0.0032090162858366966, 0.011389195919036865, 0.002942816587164998
v,0.0028585069812834263, 0.011327391490340233, 0.003658953821286559
v,0.00238968338817358, 0.014467691071331501, 0.0034978657495230436
v,0.002940843114629388, 0.011341909877955914, 0.0034978659823536873
v,-0.0041372692212462425, 0.010093847289681435, 0.0031121426727622747
v,-0.0046753063797950745, 0.013221942819654942, 0.0029126901645213366
v,-0.004124146420508623, 0.01009616069495678, 0.00291269039735198
v,-0.001575208269059658, 0.010545607656240463, 0.002639089012518525
v,-0.002132541500031948, 0.0136703010648489, 0.002847352996468544
v,-0.0015813817735761404, 0.010544518940150738, 0.0028473532292991877
v,-0.0013591368915513158, 0.010583707131445408, 0.0014881540555506945
v,-0.0019782045856118202, 0.013697514310479164, 0.0017329559195786715
v,-0.0014270447427406907, 0.010571733117103577, 0.0017329561524093151
v,-0.003984167706221342, 0.010120843537151814, 0.0021148815285414457
v,-0.004478461109101772, 0.013256652280688286, 0.0019154290203005075
v,-0.003927301149815321, 0.010130870155990124, 0.0019154292531311512
v,-0.0010813307017087936, 0.010632691904902458, 0.0007099031354300678
v,-0.0017374396556988358, 0.013739967718720436, 0.0009766274597495794
v,-0.0011862799292430282, 0.010614186525344849, 0.000976627692580223
v,-0.00378732243552804, 0.010155552066862583, 0.0015165247023105621
v,-0.004255369771271944, 0.01329598855227232, 0.001317072194069624
v,-0.0037042098119854927, 0.010170207358896732, 0.0013170724269002676
v,-0.00277868309058249, 0.010333402082324028, -0.00017939310055226088
v,-0.0031332792714238167, 0.013493843376636505, -0.00042297726031392813
v,-0.002582119544968009, 0.010368062183260918, -0.00042297711479477584
v,-0.00036291449214331806, 0.010759367607533932, -0.0007321858429349959
v,-0.0010871081613004208, 0.013854638673365116, -0.0004297835403122008
v,-0.0005359483766369522, 0.010728857479989529, -0.0004297833947930485
v,-0.0032684681937098503, 0.010247040539979935, 0.0005032151821069419
v,-0.0036730170249938965, 0.013398673385381699, 0.00028370291693136096
v,-0.003121857298538089, 0.010272891260683537, 0.0002837030333466828
v,0.00025566763360984623, 0.010868440382182598, -0.001679799286648631
v,-0.0005182662280276418, 0.013954941183328629, -0.0013571939198300242
v,3.289356391178444e-05, 0.010829159058630466, -0.0013571936869993806
v,0.0016182399122044444, 0.011108698323369026, -0.003393842838704586
v,0.0007614051573909819, 0.014180582016706467, -0.0030375656206160784
v,0.0013125649420544505, 0.011054799892008305, -0.0030375653877854347
v,0.0011719150934368372, 0.011029999703168869, -0.004229765851050615
v,0.001758649479597807, 0.014356422238051891, -0.005312998313456774
v,0.0023098092060536146, 0.011230641044676304, -0.005312998313456774
v,-0.0016293588560074568, 0.010536059737205505, -0.0014775526942685246
v,-0.0019007019000127912, 0.013711180537939072, -0.001761256717145443
v,-0.0013495421735569835, 0.01058539841324091, -0.0017612564843147993
v,-0.0027819289825856686, 0.010332830250263214, -0.005378909409046173
v,-0.0035549106542021036, 0.013419498689472675, -0.005364580545574427
v,-0.003003750927746296, 0.010293716564774513, -0.005364580545574427
v,0.0025816536508500576, 0.011278574354946613, -0.00445414986461401
v,0.0017281703185290098, 0.01435104850679636, -0.004126600921154022
v,0.0022793300449848175, 0.011225266382098198, -0.004126600921154022
v,-0.00428387988358736, 0.010067995637655258, -0.005385213531553745
v,-0.004812815226614475, 0.013197695836424828, -0.00543708261102438
v,-0.004261655732989311, 0.010071913711726665, -0.00543708261102438
v,0.003917592111974955, 0.01151413656771183, -0.005859772674739361
v,0.00312266917899251, 0.014596936292946339, -0.005609598010778427
v,0.0036738289054483175, 0.011471154168248177, -0.005609598010778427
v,-0.0037894384004175663, 0.010155178606510162, -0.0052843415178358555
v,-0.004511620383709669, 0.013250804506242275, -0.005258550401777029
v,-0.003960460890084505, 0.010125023312866688, -0.005258550401777029
v,-0.0020555048249661922, 0.010460917837917805, -0.005408139433711767
v,-0.0028589656576514244, 0.013542212545871735, -0.005400688853114843
v,-0.0023078059311956167, 0.010416430421173573, -0.005400688853114843
v,-0.004168524406850338, 0.01008833572268486, -0.005684678442776203
v,-0.004695342853665352, 0.01321840938180685, -0.005756607744842768
v,-0.004144183360040188, 0.010092627257108688, -0.005756607744842768
v,0.004578611347824335, 0.011630692519247532, -0.006517449859529734
v,0.003818824188783765, 0.014719687402248383, -0.006313698831945658
v,0.0043699839152395725, 0.01159390527755022, -0.006313698831945658
v,-0.004094231408089399, 0.010101435706019402, -0.005912501364946365
v,-0.004619779996573925, 0.0132317328825593, -0.005996466148644686
v,-0.004068620502948761, 0.010105951689183712, -0.005996466148644686
v,-0.003826690837740898, 0.0101486099883914, -0.0068490104749798775
v,-0.004343561362475157, 0.013280438259243965, -0.006975602358579636
v,-0.0037924018688499928, 0.010154656134545803, -0.006975602358579636
v,-0.0006297518848441541, 0.010712317191064358, -0.007573456969112158
v,-0.0007838341989554465, 0.013908114284276962, -0.007568442262709141
v,-0.00023267438518814743, 0.0107823321595788, -0.007568442262709141
v,-0.003944798372685909, 0.010127784684300423, -0.006427108775824308
v,-0.004454048816114664, 0.013260955922305584, -0.00657476345077157
v,-0.0039028893224895, 0.010135174728929996, -0.00657476345077157
v,-0.0036234953440725803, 0.010184438899159431, -0.007665160112082958
v,-0.0038182162679731846, 0.013373070396482944, -0.007648682687431574
v,-0.003267056541517377, 0.010247288271784782, -0.007648682687431574
v,-0.0036806445568799973, 0.010174361988902092, -0.007411761209368706
v,-0.004210214130580425, 0.013303950428962708, -0.007503248285502195
v,-0.0036590546369552612, 0.01017816923558712, -0.007503248285502195
v,-0.001790504320524633, 0.010507645085453987, -0.007597099523991346
v,-0.0019598265644162893, 0.013700754381716251, -0.007587786298245192
v,-0.0014086667215451598, 0.010574973188340664, -0.007587786298245192
v,-0.00016917401808314025, 0.010793529450893402, 0.0070358505472540855
v,-0.0010246330639347434, 0.013865655288100243, 0.007028829772025347
v,-0.00047347325016744435, 0.01073987316340208, 0.007028829772025347
v,0.0009077611030079424, 0.0109834223985672, 0.006898297928273678
v,0.00022717038518749177, 0.01408638246357441, 0.006930536590516567
v,0.0007783301989547908, 0.010960600338876247, 0.006930536590516567
v,0.00024578862939961255, 0.010866698808968067, 0.007016507443040609
v,-0.0004422110505402088, 0.013968352228403091, 0.007027253974229097
v,0.00010894873412325978, 0.01084257010370493, 0.007027253974229097
v,-0.001579195261001587, 0.010544904507696629, 0.0068603274412453175
v,-0.0023789166007190943, 0.013626858592033386, 0.006783097051084042
v,-0.0018277568742632866, 0.010501076467335224, 0.006783097051084042
v,-0.002291437704116106, 0.01041931752115488, 0.006586510222405195
v,-0.0030577166471630335, 0.013507167808711529, 0.006467154249548912
v,-0.002506556920707226, 0.010381385684013367, 0.006467154249548912
v,0.0012871652143076062, 0.011050322093069553, 0.0067757898941636086
v,0.0006110192625783384, 0.014154065400362015, 0.0068209245800971985
v,0.001162179047241807, 0.011028283275663853, 0.0068209245800971985
v,0.0018910017097368836, 0.011156794615089893, 0.0064856382086873055
v,0.0012217694893479347, 0.014261757023632526, 0.006552265956997871
v,0.0017729293322190642, 0.011135974898934364, 0.006552265956997871
v,0.0027873185463249683, 0.011314839124679565, 0.005797871388494968
v,0.002128810156136751, 0.014421692118048668, 0.005898886825889349
v,0.002679969882592559, 0.01129591092467308, 0.005898886825889349
v,0.002237174194306135, 0.011217834427952766, 0.006259964779019356
v,0.0015719638904556632, 0.014323505572974682, 0.006339487619698048
v,0.0021231237333267927, 0.01119772344827652, 0.006339487619698048
v,0.0006627277471125126, 0.010940216481685638, 0.00530121149495244
v,0.0002095668314723298, 0.014083278365433216, 0.005296804942190647
v,0.0007607266306877136, 0.010957496240735054, 0.005296804942190647
v,-0.0032537931110709906, 0.010249627754092216, 0.005851531866937876
v,-0.003959042485803366, 0.013348239473998547, 0.005668628495186567
v,-0.0034078825265169144, 0.01022245828062296, 0.005668628495186567
v,0.003052741987630725, 0.011361640878021717, 0.005124719347804785
v,0.002411695895716548, 0.014471572823822498, 0.005351969040930271
v,0.0029628556221723557, 0.01134579163044691, 0.005351969040930271
v,-0.0036720363423228264, 0.010175880044698715, 0.005274022929370403
v,-0.00433326093479991, 0.013282254338264465, 0.005062319338321686
v,-0.0037821009755134583, 0.010156473144888878, 0.005062319338321686
v,0.00024215476878453046, 0.010866058059036732, 0.005285630002617836
v,-0.00015184572839643806, 0.014019550755620003, 0.005298417992889881
v,0.0003993140417151153, 0.010893769562244415, 0.005298417992889881
v,0.0013795546256005764, 0.011066612787544727, 0.005183718167245388
v,0.0009072033572010696, 0.014206290245056152, 0.005155813414603472
v,0.0014583631418645382, 0.01108050812035799, 0.005155813414603472
v,-0.00045579992001876235, 0.010742989368736744, 0.005093806888908148
v,-0.0008790806750766933, 0.013891319744288921, 0.005149222444742918
v,-0.0003279208904132247, 0.010765538550913334, 0.005149222444742918
v,0.0011287356028333306, 0.011022386141121387, 0.005249807611107826
v,0.0006635806639678776, 0.014163332991302013, 0.005230715032666922
v,0.0012147404486313462, 0.011037550866603851, 0.005230715032666922
v,0.0017515863291919231, 0.011132211424410343, 0.005014677997678518
v,0.0012697108322754502, 0.014270209707319736, 0.0049719070084393024
v,0.0018208706751465797, 0.011144428513944149, 0.0049719070084393024
v,-0.0008043012348935008, 0.01068153977394104, 0.004876407794654369
v,-0.001245149876922369, 0.013826772570610046, 0.004957399796694517
v,-0.0006939900340512395, 0.010700990445911884, 0.004957399796694517
v,0.0019552058074623346, 0.011168114840984344, 0.004877339117228985
v,0.0014690966345369816, 0.01430536713451147, 0.004825541749596596
v,0.0020202563609927893, 0.011179585941135883, 0.004825541749596596
v,-0.0012584920041263103, 0.010601453483104706, 0.004343567881733179
v,-0.0017339122714474797, 0.01374058984220028, 0.004467186518013477
v,-0.0011827524285763502, 0.010614808648824692, 0.004467186518013477
v,0.0022663490381091833, 0.011222978122532368, 0.004588262178003788
v,0.0017731848638504744, 0.014358986169099808, 0.0045214202255010605
v,0.002324344590306282, 0.011233204044401646, 0.0045214202255010605
v,-0.00407560495659709, 0.01010472048074007, 0.004119505640119314
v,-0.004663453437387943, 0.013224032707512379, 0.0038598021492362022
v,-0.004112293478101492, 0.010098251514136791, 0.003859802382066846
v,-0.0014378756750375032, 0.01056982297450304, 0.003921558614820242
v,-0.0019372134702280164, 0.013704742304980755, 0.004070753697305918
v,-0.0013860536273568869, 0.010578961111605167, 0.004070753697305918
v,0.002438569674268365, 0.011253345757722855, 0.004374231211841106
v,0.001948579796589911, 0.014389912597835064, 0.004284929018467665
v,0.0024997396394610405, 0.011264131404459476, 0.004284929018467665
v,0.0035233364906162024, 0.011444618925452232, 0.003945487085729837
v,0.002875235630199313, 0.014553307555615902, 0.004187064711004496
v,0.003426395356655121, 0.01142752543091774, 0.004187064711004496
v,0.0027796984650194645, 0.011313495226204395, 0.0038080771919339895
v,0.0023073472548276186, 0.014453173615038395, 0.0036589535884559155
v,0.0028585069812834263, 0.011327391490340233, 0.003658953821286559
v,0.003822626080363989, 0.011497392319142818, 0.0032035592012107372
v,0.0031702914275228977, 0.014605334028601646, 0.0034537343308329582
v,0.0037214511539787054, 0.011479551903903484, 0.003453734563663602
v,-0.0015566875226795673, 0.01054887380450964, 0.0024235169403254986
v,-0.0021263679955154657, 0.013671389780938625, 0.0026390887796878815
v,-0.001575208269059658, 0.010545607656240463, 0.002639089012518525
v,0.0030267066322267056, 0.011357049457728863, 0.0033248141407966614
v,0.0025649380404502153, 0.014498593285679817, 0.003139797132462263
v,0.003116097766906023, 0.01137281209230423, 0.0031397973652929068
v,-0.004141643643379211, 0.010093076154589653, 0.003311595181003213
v,-0.004688429180532694, 0.013219628483057022, 0.003112142439931631
v,-0.0041372692212462425, 0.010093847289681435, 0.0031121426727622747
v,-0.0015773957129567862, 0.010545222088694572, 0.0030477012041956186
v,-0.002116596093401313, 0.013673112727701664, 0.003239523386582732
v,-0.0015654363669455051, 0.010547330603003502, 0.003239523619413376
v,-0.004032285418361425, 0.010112358257174492, 0.0023143335711210966
v,-0.004535327665507793, 0.013246624730527401, 0.002114881295710802
v,-0.003984167706221342, 0.010120843537151814, 0.0021148815285414457
v,-0.0038616862148046494, 0.010142439976334572, 0.0017159769777208567
v,-0.004338482394814491, 0.013281334191560745, 0.0015165244694799185
v,-0.00378732243552804, 0.010155552066862583, 0.0015165247023105621
v,-0.0033984282054007053, 0.010224124416708946, 0.0007147034048102796
v,-0.003819627920165658, 0.013372821733355522, 0.0005032150656916201
v,-0.0032684681937098503, 0.010247040539979935, 0.0005032151821069419
v,-0.0012788820313289762, 0.010597857646644115, 0.001236044685356319
v,-0.0019102966180071235, 0.013709488324820995, 0.0014881538227200508
v,-0.0013591368915513158, 0.010583707131445408, 0.0014881540555506945
v,-0.0009640350472182035, 0.010653373785316944, 0.0004358711885288358
v,-0.0016324904281646013, 0.013758473098278046, 0.000709903019014746
v,-0.0010813307017087936, 0.010632691904902458, 0.0007099031354300678
v,-0.002958595985546708, 0.010301679372787476, 5.6166969443438575e-05
v,-0.0033298428170382977, 0.01345918420702219, -0.00017939324607141316
v,-0.00277868309058249, 0.010333402082324028, -0.00017939310055226088
v,-0.001892525004222989, 0.010489655658602715, -0.0012018728302791715
v,-0.0021805185824632645, 0.013661840930581093, -0.0014775529270991683
v,-0.0016293588560074568, 0.010536059737205505, -0.0014775526942685246
v,-0.00017330047558061779, 0.010792802087962627, -0.0010413225973024964
v,-0.0009140742477029562, 0.013885149732232094, -0.0007321859593503177
v,-0.00036291449214331806, 0.010759367607533932, -0.0007321858429349959
v,0.0004950216971337795, 0.010910645127296448, -0.0020091391634196043
v,-0.00029549215105362236, 0.01399422250688076, -0.0016797995194792747
v,0.00025566763360984623, 0.010868440382182598, -0.001679799286648631
v,-0.0010530739091336727, 0.010637673549354076, -0.002052984433248639
v,0.0006207553087733686, 0.014155780896544456, -0.004229765851050615
v,0.0011719150934368372, 0.011029999703168869, -0.004229765851050615
v,0.0028722649440169334, 0.011329817585647106, -0.004766223952174187
v,0.00203049392439425, 0.014404356479644775, -0.00445414986461401
v,0.0025816536508500576, 0.011278574354946613, -0.00445414986461401
v,0.001940494985319674, 0.01116552110761404, -0.0037568549159914255
v,0.0010670801857486367, 0.014234480448067188, -0.0033938430715352297
v,0.0016182399122044444, 0.011108698323369026, -0.003393842838704586
v,-0.0036082561127841473, 0.010187125764787197, -0.005307839717715979
v,-0.00434059789404273, 0.013280960731208324, -0.0052843415178358555
v,-0.0037894384004175663, 0.010155178606510162, -0.0052843415178358555
v,-0.004121324047446251, 0.010096658021211624, -0.005230466369539499
v,-0.004835039377212524, 0.013193776831030846, -0.005385213531553745
v,-0.00428387988358736, 0.010067995637655258, -0.005385213531553745
v,-0.002549947239458561, 0.0103737348690629, -0.005390945356339216
v,-0.0033330887090414762, 0.013458611443638802, -0.005378909409046173
v,-0.0027819289825856686, 0.010332830250263214, -0.005378909409046173
v,-0.0017930440371856093, 0.010507197119295597, -0.005413297563791275
v,-0.002606664551422, 0.013586699962615967, -0.005408139433711767
v,-0.0020555048249661922, 0.010460917837917805, -0.005408139433711767
v,-0.004192441701889038, 0.010084118694067001, -0.005616761744022369
v,-0.004719683900475502, 0.013214116916060448, -0.005684678442776203
v,-0.004168524406850338, 0.01008833572268486, -0.005684678442776203
v,-0.004119419027119875, 0.01009699422866106, -0.005832548253238201
v,-0.004645390901714563, 0.013227216899394989, -0.005912501364946365
v,-0.004094231408089399, 0.010101435706019402, -0.005912501364946365
v,-0.003989247139543295, 0.010119946673512459, -0.0062724328599870205
v,-0.004495957866311073, 0.01325356587767601, -0.006427108775824308
v,-0.003944798372685909, 0.010127784684300423, -0.006427108775824308
v,0.004149644169956446, 0.011555053293704987, -0.006094472948461771
v,0.0033664321526885033, 0.014639917761087418, -0.005859772674739361
v,0.003917592111974955, 0.01151413656771183, -0.005859772674739361
v,0.004775527864694595, 0.011665414087474346, -0.006705726031213999
v,0.004027451854199171, 0.01475647371262312, -0.006517449859529734
v,0.004578611347824335, 0.011630692519247532, -0.006517449859529734
v,-0.0037047737278044224, 0.010170107707381248, -0.00731325289234519
v,-0.004231804050505161, 0.013300144113600254, -0.007411761209368706
v,-0.0036806445568799973, 0.010174361988902092, -0.007411761209368706
v,-0.0021672623697668314, 0.010441211983561516, -0.007607845589518547
v,-0.0023416641633957624, 0.013633426278829575, -0.007597099523991346
v,-0.001790504320524633, 0.010507645085453987, -0.007597099523991346
v,-0.0038635199889540672, 0.010142115876078606, -0.006715397350490093
v,-0.004377850331366062, 0.013274392113089561, -0.0068490104749798775
v,-0.003826690837740898, 0.0101486099883914, -0.0068490104749798775
v,-0.001021748990751803, 0.01064319722354412, -0.007579905446618795
v,-0.0011809116695076227, 0.013838098384439945, -0.007573456969112158
v,-0.0006297518848441541, 0.010712317191064358, -0.007573456969112158
v,-0.003640004899352789, 0.010181527584791183, -0.007587715517729521
v,-0.004174654837697744, 0.013310221023857594, -0.007665160112082958
v,-0.0036234953440725803, 0.010184438899159431, -0.007665160112082958
v,0.0003811463830061257, 0.010890565812587738, 0.007001462392508984
v,-0.00030537115526385605, 0.01399248093366623, 0.007016507443040609
v,0.00024578862939961255, 0.010866698808968067, 0.007016507443040609
v,-0.0013194859493523836, 0.010590698570013046, 0.0069235158152878284
v,-0.0021303549874573946, 0.01367068663239479, 0.0068603274412453175
v,-0.001579195261001587, 0.010544904507696629, 0.0068603274412453175
v,0.0014106701128184795, 0.011072099208831787, 0.006726357154548168
v,0.0007360054296441376, 0.01417610328644514, 0.0067757898941636086
v,0.0012871652143076062, 0.011050322093069553, 0.0067757898941636086
v,0.002349883783608675, 0.011237707920372486, 0.006176142953336239
v,0.0016860144678503275, 0.014343615621328354, 0.006259964779019356
v,0.002237174194306135, 0.011217834427952766, 0.006259964779019356
v,-0.0030850276816636324, 0.010279386304318905, 0.0060248346999287605
v,-0.0038049528375267982, 0.013375409878790379, 0.005851531866937876
v,-0.0032537931110709906, 0.010249627754092216, 0.005851531866937876
v,9.085172496270388e-05, 0.010839379392564297, 0.0052643162198364735
v,-0.0003090050013270229, 0.013991840183734894, 0.005285630002617836
v,0.00024215476878453046, 0.010866058059036732, 0.005285630002617836
v,0.0010403315536677837, 0.011006798595190048, 0.005265962798148394
v,0.0005775758763775229, 0.01414816826581955, 0.005249807611107826
v,0.0011287356028333306, 0.011022386141121387, 0.005249807611107826
v,0.0031440388411283493, 0.011377738788723946, 0.004894603975117207
v,0.0025015822611749172, 0.014487422071397305, 0.005124719347804785
v,0.003052741987630725, 0.011361640878021717, 0.005124719347804785
v,0.0016808912623673677, 0.01111974660307169, 0.005054439418017864
v,0.0012004264863207936, 0.014257993549108505, 0.005014677997678518
v,0.0017515863291919231, 0.011132211424410343, 0.005014677997678518
v,-0.0009087561629712582, 0.01066312100738287, 0.0047868904657661915
v,-0.0013554610777646303, 0.013807320967316628, 0.004876407794654369
v,-0.0008043012348935008, 0.01068153977394104, 0.004876407794654369
v,-2.9372427889029495e-05, 0.0108181806281209, 0.007033701054751873
v,-0.0007203337736427784, 0.013919311575591564, 0.0070358505472540855
v,-0.00016917401808314025, 0.010793529450893402, 0.0070358505472540855
v,0.0010357106802985072, 0.01100598368793726, 0.006861760281026363
v,0.0003566012892406434, 0.014109204523265362, 0.006898297928273678
v,0.0009077611030079424, 0.0109834223985672, 0.006898297928273678
v,-0.0020651710219681263, 0.010459214448928833, 0.006691824644804001
v,-0.0028425974305719137, 0.013545098714530468, 0.006586510222405195
v,-0.002291437704116106, 0.01041931752115488, 0.006586510222405195
v,0.002206942765042186, 0.011212503537535667, 0.00465209549292922
v,0.0017151891952380538, 0.01434876024723053, 0.004588262178003788
v,0.0022663490381091833, 0.011222978122532368, 0.004588262178003788
v,0.0020077330991625786, 0.01117737777531147, 0.006414712406694889
v,0.0013398418668657541, 0.01428257580846548, 0.0064856382086873055
v,0.0018910017097368836, 0.011156794615089893, 0.0064856382086873055
v,-0.0040242415852844715, 0.010113776661455631, 0.004369609523564577
v,-0.004626764915883541, 0.013230501674115658, 0.004119505640119314
v,-0.00407560495659709, 0.01010472048074007, 0.004119505640119314
v,-0.0007666249293833971, 0.010688182897865772, 0.007007766980677843
v,-0.0015997890150174499, 0.013764239847660065, 0.006972662638872862
v,-0.0010486291721463203, 0.010638457722961903, 0.006972662638872862
v,0.0006474171532317996, 0.010937516577541828, 0.006958476733416319
v,-3.613695298554376e-05, 0.014039954170584679, 0.006982119753956795
v,0.0005150228389538825, 0.010914172045886517, 0.006982119753956795
v,0.0028743818402290344, 0.011330191045999527, 0.005576352588832378
v,0.0022361588198691607, 0.014440621249377728, 0.005797871388494968
v,0.0027873185463249683, 0.011314839124679565, 0.005797871388494968
v,0.0027044175658375025, 0.011300221085548401, 0.003945236559957266
v,0.002228538738563657, 0.014439277350902557, 0.003808076959103346
v,0.0027796984650194645, 0.011313495226204395, 0.0038080771919339895
v,-0.0014817246701568365, 0.010562091134488583, 0.0037638384383171797
v,-0.001989035401493311, 0.013695605099201202, 0.003921558614820242
v,-0.0014378756750375032, 0.01056982297450304, 0.003921558614820242
v,0.001653516897931695, 0.011114919558167458, 0.006614594720304012
v,0.0009816036326810718, 0.014219408854842186, 0.0066726249642670155
v,0.0015327634755522013, 0.011093627661466599, 0.0066726249642670155
v,-0.0035472973249852657, 0.010197875089943409, 0.005476125981658697
v,-0.004223196301609278, 0.013301662169396877, 0.005274022929370403
v,-0.0036720363423228264, 0.010175880044698715, 0.005274022929370403
v,-0.0027105286717414856, 0.010345419868826866, 0.006333756260573864
v,-0.0034545124508440495, 0.013437202200293541, 0.006186316255480051
v,-0.0029033527243882418, 0.010311420075595379, 0.006186316255480051
v,0.0005623295437544584, 0.010922513902187347, 0.005302680190652609
v,0.00011156797700095922, 0.0140659986063838, 0.00530121149495244
v,0.0006627277471125126, 0.010940216481685638, 0.00530121149495244
v,0.0039252121932804585, 0.011515480466187, 0.0029505183920264244
v,0.003271466353908181, 0.014623173512518406, 0.0032035589683800936
v,0.003822626080363989, 0.011497392319142818, 0.0032035592012107372
v,0.002571282209828496, 0.011276746168732643, 0.005995604209601879
v,0.0019100935896858573, 0.014383126981556416, 0.006088022608309984
v,0.002461253432556987, 0.011257344856858253, 0.006088022608309984
v,-0.004071654751896858, 0.010105417110025883, 0.002513785846531391
v,-0.004583445377647877, 0.013238140381872654, 0.002314333338290453
v,-0.004032285418361425, 0.010112358257174492, 0.0023143335711210966
v,-0.0015258204657584429, 0.010554316453635693, 0.0022006374783813953
v,-0.002107847249135375, 0.013674654997885227, 0.002423516707494855
v,-0.0015566875226795673, 0.01054887380450964, 0.0024235169403254986
v,0.0012983467895537615, 0.011052293702960014, 0.00520868506282568
v,0.0008283948409371078, 0.014192393980920315, 0.005183718167245388
v,0.0013795546256005764, 0.011066612787544727, 0.005183718167245388
v,0.0008563270093873143, 0.010974353179335594, 0.005289461463689804
v,0.000398369156755507, 0.014116569422185421, 0.005279181059449911
v,0.0009495289414189756, 0.010990787297487259, 0.005279181059449911
v,-0.000577822676859796, 0.010721473954617977, 0.0050298660062253475
v,-0.001006959704682231, 0.013868771493434906, 0.005093806888908148
v,-0.00045579992001876235, 0.010742989368736744, 0.005093806888908148
v,-0.0035117375664412975, 0.01020414475351572, 0.000918167585041374
v,-0.003949588164687157, 0.013349906541407108, 0.0007147032883949578
v,-0.0033984282054007053, 0.010224124416708946, 0.0007147034048102796
v,-0.00019418571901042014, 0.010789119638502598, 0.005196112673729658
v,-0.0006057549035176635, 0.013939514756202698, 0.005234477110207081
v,-5.459513340611011e-05, 0.010813732631504536, 0.005234477110207081
v,-0.0008343923836946487, 0.010676233097910881, 0.00015453169180545956
v,-0.0015151947736740112, 0.013779155910015106, 0.00043587107211351395
v,-0.0009640350472182035, 0.010653373785316944, 0.0004358711885288358
v,0.0015347731532528996, 0.011093981564044952, 0.005124971270561218
v,0.001057624933309853, 0.014232813380658627, 0.0050911917351186275
v,0.0016087847761809826, 0.011107032187283039, 0.0050911917351186275
v,0.0018887436017394066, 0.011156396009027958, 0.004926127847284079
v,0.0014040459645912051, 0.014293896965682507, 0.004877339117228985
v,0.0019552058074623346, 0.011168114840984344, 0.004877339117228985
v,-0.0021390405017882586, 0.010446188971400261, -0.0009342170669697225
v,-0.0024436847306787968, 0.013615437783300877, -0.0012018730631098151
v,-0.001892525004222989, 0.010489655658602715, -0.0012018728302791715
v,-0.003877489361912012, 0.010139653459191322, 0.004841016139835119
v,-0.004509362857788801, 0.01325120311230421, 0.004610112868249416
v,-0.00395820289850235, 0.010125421918928623, 0.004610112868249416
v,0.0007509558345191181, 0.010955773293972015, -0.002345213433727622
v,-5.613807661575265e-05, 0.014036426320672035, -0.002009139396250248
v,0.0004950216971337795, 0.010910645127296448, -0.0020091391634196043
v,0.0023809270933270454, 0.011243181303143501, 0.004451568704098463
v,0.0018874098313972354, 0.014379126951098442, 0.004374231211841106
v,0.002438569674268365, 0.011253345757722855, 0.004374231211841106
v,0.0020838964264839888, 0.01119080651551485, 0.004770735278725624
v,0.0015949651133269072, 0.014327561482787132, 0.00471291970461607
v,0.002146124839782715, 0.01120177935808897, 0.00471291970461607
v,-0.0013262593420222402, 0.01058950461447239, 0.0042114234529435635
v,-0.0018096518469974399, 0.013727234676480293, 0.004343567881733179
v,-0.0012584920041263103, 0.010601453483104706, 0.004343567881733179
v,-0.0010990406153723598, 0.010629569180309772, 0.0045822798274457455
v,-0.0015585155924782157, 0.01377151720225811, 0.0046888478100299835
v,-0.0010073557496070862, 0.010645736008882523, 0.0046888478100299835
v,0.003151165321469307, 0.011378995142877102, -0.005062823183834553
v,0.0023211052175611258, 0.014455598779022694, -0.004766223952174187
v,0.0028722649440169334, 0.011329817585647106, -0.004766223952174187
v,0.0036216885782778263, 0.011461961083114147, 0.0037010435480624437
v,0.0029721767641603947, 0.014570401050150394, 0.003945487085729837
v,0.0035233364906162024, 0.011444618925452232, 0.003945487085729837
v,0.0033308647107332945, 0.011410681530833244, 0.004425776656717062
v,0.002685586689040065, 0.014519867487251759, 0.004661623388528824
v,0.0032367464154958725, 0.011394085362553596, 0.004661623388528824
v,-0.003416914027184248, 0.010220864787697792, -0.005329045932739973
v,-0.004159415606409311, 0.01331290788948536, -0.005307839717715979
v,-0.0036082561127841473, 0.010187125764787197, -0.005307839717715979
v,-0.004134305752813816, 0.010094369761645794, 0.003590498585253954
v,-0.004692803602665663, 0.01321885734796524, 0.0033115949481725693
v,-0.004141643643379211, 0.010093076154589653, 0.003311595181003213
v,0.002940843114629388, 0.011341909877955914, 0.0034978659823536873
v,0.002475546905770898, 0.014482831582427025, 0.0033248139079660177
v,0.0030267066322267056, 0.011357049457728863, 0.0033248141407966614
v,-0.001520423567853868, 0.010555267333984375, -0.005416163243353367
v,-0.002344203880056739, 0.013632978312671185, -0.005413297563791275
v,-0.0017930440371856093, 0.010507197119295597, -0.005413297563791275
v,-0.0015813817735761404, 0.010544518940150738, 0.0028473532292991877
v,-0.002128555439412594, 0.01367100328207016, 0.003047700971364975
v,-0.0015773957129567862, 0.010545222088694572, 0.0030477012041956186
v,0.0025644381530582905, 0.011275539174675941, 0.004183662123978138
v,0.002081504324451089, 0.014413351193070412, 0.004070431459695101
v,0.0026326640509068966, 0.01128756906837225, 0.004070431459695101
v,-0.00421593664214015, 0.010079975239932537, -0.005552856717258692
v,-0.004743601195514202, 0.013209899887442589, -0.005616761744022369
v,-0.004192441701889038, 0.010084118694067001, -0.005616761744022369
v,-0.0015455051325261593, 0.0105508454144001, 0.003422820707783103
v,-0.0020687610376626253, 0.013681546784937382, 0.0035975920036435127
v,-0.0015176013112068176, 0.010555765591561794, 0.0035975922364741564
v,-0.004016128834336996, 0.01011520717293024, -0.00617643166333437
v,-0.004540406633168459, 0.013245728798210621, -0.0062724328599870205
v,-0.003989247139543295, 0.010119946673512459, -0.0062724328599870205
v,-0.003927301149815321, 0.010130870155990124, 0.0019154292531311512
v,-0.004412846174091101, 0.01326822116971016, 0.001715976744890213
v,-0.0038616862148046494, 0.010142439976334572, 0.0017159769777208567
v,0.004960732068866491, 0.011698069982230663, -0.006878526881337166
v,0.004224368371069431, 0.014791195280849934, -0.006705726031213999
v,0.004775527864694595, 0.011665414087474346, -0.006705726031213999
v,-0.0011862799292430282, 0.010614186525344849, 0.000976627692580223
v,-0.0018300417577847838, 0.013723639771342278, 0.0012360444525256753
v,-0.0012788820313289762, 0.010597857646644115, 0.001236044685356319
v,0.0032090162858366966, 0.011389195919036865, 0.002942816587164998
v,0.002754306187853217, 0.014531983993947506, 0.002733871340751648
v,0.003305465914309025, 0.011406202800571918, 0.0027338715735822916
v,-0.004124146420508623, 0.01009616069495678, 0.00291269039735198
v,-0.004653434734791517, 0.013225799426436424, 0.002713237889111042
v,-0.004102274775505066, 0.010100017301738262, 0.0027132381219416857
v,-0.003121857298538089, 0.010272891260683537, 0.0002837030333466828
v,-0.003509755712002516, 0.013427460566163063, 5.6166831200243905e-05
v,-0.002958595985546708, 0.010301679372787476, 5.6166969443438575e-05
v,-0.003731442615389824, 0.01016540452837944, -0.0072077238000929356
v,-0.004255933221429586, 0.013295888900756836, -0.00731325289234519
v,-0.0037047737278044224, 0.010170107707381248, -0.00731325289234519
v,-0.0014270447427406907, 0.010571733117103577, 0.0017329561524093151
v,-0.0020337658934295177, 0.013687717728316784, 0.0019704503938555717
v,-0.0014826060505583882, 0.010561935603618622, 0.0019704506266862154
v,3.289356391178444e-05, 0.010829159058630466, -0.0013571936869993806
v,-0.0007244602311402559, 0.013918583281338215, -0.0010413227137178183
v,-0.00017330047558061779, 0.010792802087962627, -0.0010413225973024964
v,0.0005767205148003995, 0.0109250508248806, -0.007562710903584957
v,0.0004378790326882154, 0.01412353478372097, -0.007561995182186365
v,0.0009890388464555144, 0.010997753590345383, -0.007561995182186365
v,-0.0025389401707798243, 0.0103756757453084, -0.007620025426149368
v,-0.002718422096222639, 0.013566994108259678, -0.007607845589518547
v,-0.0021672623697668314, 0.010441211983561516, -0.007607845589518547
v,-0.0037042098119854927, 0.010170207358896732, 0.0013170724269002676
v,-0.004163508769124746, 0.013312186114490032, 0.0011176198022440076
v,-0.003612348809838295, 0.010186404921114445, 0.0011176200350746512
v,-0.0013495421735569835, 0.01058539841324091, -0.0017612564843147993
v,-0.0016042336355894804, 0.013763455674052238, -0.0020529846660792828
v,-0.0010530739091336727, 0.010637673549354076, -0.002052984433248639
v,-0.0005359483766369522, 0.010728857479989529, -0.0004297833947930485
v,-0.0012435622047632933, 0.013827051967382431, -0.0001341154711553827
v,-0.0006924024783074856, 0.010701269842684269, -0.0001341153256362304
v,0.0022793300449848175, 0.011225266382098198, -0.004126600921154022
v,0.0013893352588638663, 0.014291302300989628, -0.003756855148822069
v,0.001940494985319674, 0.01116552110761404, -0.0037568549159914255
v,-0.003960460890084505, 0.010125023312866688, -0.005258550401777029
v,-0.004672483541071415, 0.013222440145909786, -0.005230466369539499
v,-0.004121324047446251, 0.010096658021211624, -0.005230466369539499
v,-0.002582119544968009, 0.010368062183260918, -0.00042297711479477584
v,-0.002920065075159073, 0.013531439006328583, -0.000674585229717195
v,-0.002368905348703265, 0.010405657812952995, -0.0006745851133018732
v,-0.0023078059311956167, 0.010416430421173573, -0.005400688853114843
v,-0.0031011069659143686, 0.013499516062438488, -0.005390945356339216
v,-0.002549947239458561, 0.0103737348690629, -0.005390945356339216
v,0.0013125649420544505, 0.011054799892008305, -0.0030375653877854347
v,0.0004723101737909019, 0.014129606075584888, -0.0026880225632339716
v,0.0010234699584543705, 0.011003824882209301, -0.002688022330403328
v,-0.004144183360040188, 0.010092627257108688, -0.005756607744842768
v,-0.004670578520745039, 0.013222776353359222, -0.005832548253238201
v,-0.004119419027119875, 0.01009699422866106, -0.005832548253238201
v,0.0023098092060536146, 0.011230641044676304, -0.005312998313456774
v,0.001758649479597807, 0.014356422238051891, -0.005436796694993973
v,0.0023098092060536146, 0.011230641044676304, -0.005436796694993973
v,0.0043699839152395725, 0.01159390527755022, -0.006313698831945658
v,0.003598484443500638, 0.014680835418403149, -0.006094472948461771
v,0.004149644169956446, 0.011555053293704987, -0.006094472948461771
v,0.0036738289054483175, 0.011471154168248177, -0.005609598010778427
v,0.0028671936597675085, 0.014551889151334763, -0.005343948025256395
v,0.003418353386223316, 0.0114261070266366, -0.005343948025256395
v,-0.003003750927746296, 0.010293716564774513, -0.005364580545574427
v,-0.0035549106542021036, 0.013419498689472675, -0.005364580545574427
v,-0.0037665721029043198, 0.013382176868617535, -0.0053479596972465515
v,-0.0039028893224895, 0.010135174728929996, -0.00657476345077157
v,-0.004454048816114664, 0.013260955922305584, -0.00657476345077157
v,-0.004414679482579231, 0.013267898000776768, -0.006715397350490093
v,-0.004261655732989311, 0.010071913711726665, -0.00543708261102438
v,-0.004812815226614475, 0.013197695836424828, -0.00543708261102438
v,-0.004790166858583689, 0.013201689347624779, -0.005492963828146458
v,-0.0036590546369552612, 0.01017816923558712, -0.007503248285502195
v,-0.004210214130580425, 0.013303950428962708, -0.007503248285502195
v,-0.004191164392977953, 0.013307309709489346, -0.007587715517729521
v,-0.0014086667215451598, 0.010574973188340664, -0.007587786298245192
v,-0.0019598265644162893, 0.013700754381716251, -0.007587786298245192
v,-0.0015729088336229324, 0.013768978416919708, -0.007579905446618795
v,-0.004068620502948761, 0.010105951689183712, -0.005996466148644686
v,-0.004619779996573925, 0.0132317328825593, -0.005996466148644686
v,-0.004593745805323124, 0.01323632337152958, -0.00608444306999445
v,-0.0037924018688499928, 0.010154656134545803, -0.006975602358579636
v,-0.004343561362475157, 0.013280438259243965, -0.006975602358579636
v,-0.004311812110245228, 0.013286036439239979, -0.007095173466950655
v,0.005205342546105385, 0.011741201393306255, -0.007623894140124321
v,0.004654183052480221, 0.014866983518004417, -0.007623894140124321
v,0.004583064466714859, 0.01485444325953722, -0.007035853806883097
v,0.0009890388464555144, 0.010997753590345383, -0.007561995182186365
v,0.0004378790326882154, 0.01412353478372097, -0.007561995182186365
v,0.004654183052480221, 0.014866983518004417, -0.007623894140124321
v,-0.00023267438518814743, 0.0107823321595788, -0.007568442262709141
v,-0.0007838341989554465, 0.013908114284276962, -0.007568442262709141
v,-0.0003816764219664037, 0.013979025185108185, -0.00756486039608717
v,-0.003267056541517377, 0.010247288271784782, -0.007648682687431574
v,-0.0038182162679731846, 0.013373070396482944, -0.007648682687431574
v,-0.003456698264926672, 0.013436815701425076, -0.007633637636899948
v,0.0005150228389538825, 0.010914172045886517, 0.006982119753956795
v,-3.613695298554376e-05, 0.014039954170584679, 0.006982119753956795
v,-0.00017001341620925814, 0.0140163479372859, 0.007001462392508984
v,-0.0010486291721463203, 0.010638457722961903, 0.006972662638872862
v,-0.0015997890150174499, 0.013764239847660065, 0.006972662638872862
v,-0.0018706457922235131, 0.013716480694711208, 0.0069235158152878284
v,0.0015327634755522013, 0.011093627661466599, 0.0066726249642670155
v,0.0009816036326810718, 0.014219408854842186, 0.0066726249642670155
v,0.0008595103281550109, 0.014197880402207375, 0.006726357154548168
v,-0.0029033527243882418, 0.010311420075595379, 0.006186316255480051
v,-0.0034545124508440495, 0.013437202200293541, 0.006186316255480051
v,-0.00363618740811944, 0.013405167497694492, 0.0060248346999287605
v,0.002461253432556987, 0.011257344856858253, 0.006088022608309984
v,0.0019100935896858573, 0.014383126981556416, 0.006088022608309984
v,0.0017987240571528673, 0.014363489113748074, 0.006176142953336239
v,0.0009495289414189756, 0.010990787297487259, 0.005279181059449911
v,0.000398369156755507, 0.014116569422185421, 0.005279181059449911
v,0.0004891717690043151, 0.014132579788565636, 0.005265962798148394
v,-5.459513340611011e-05, 0.010813732631504536, 0.005234477110207081
v,-0.0006057549035176635, 0.013939514756202698, 0.005234477110207081
v,-0.0004603080451488495, 0.013965160585939884, 0.0052643162198364735
v,0.0016087847761809826, 0.011107032187283039, 0.0050911917351186275
v,0.001057624933309853, 0.014232813380658627, 0.0050911917351186275
v,0.0011297314194962382, 0.014245527796447277, 0.005054439418017864
v,0.0032367464154958725, 0.011394085362553596, 0.004661623388528824
v,0.002685586689040065, 0.014519867487251759, 0.004661623388528824
v,0.0025928791146725416, 0.014503519982099533, 0.004894603975117207
v,-0.0010073557496070862, 0.010645736008882523, 0.0046888478100299835
v,-0.0015585155924782157, 0.01377151720225811, 0.0046888478100299835
v,-0.0014599160058423877, 0.013788903132081032, 0.0047868904657661915
v,0.002146124839782715, 0.01120177935808897, 0.00471291970461607
v,0.0015949651133269072, 0.014327561482787132, 0.00471291970461607
v,0.0016557829221710563, 0.014338284730911255, 0.00465209549292922
v,-0.00395820289850235, 0.010125421918928623, 0.004610112868249416
v,-0.004509362857788801, 0.01325120311230421, 0.004610112868249416
v,-0.004575401544570923, 0.013239558786153793, 0.004369609523564577
v,0.0026326640509068966, 0.01128756906837225, 0.004070431459695101
v,0.002081504324451089, 0.014413351193070412, 0.004070431459695101
v,0.002153257839381695, 0.014426003210246563, 0.003945236559957266
v,-0.0015176013112068176, 0.010555765591561794, 0.0035975922364741564
v,-0.0020687610376626253, 0.013681546784937382, 0.0035975920036435127
v,-0.002032884396612644, 0.013687873259186745, 0.003763838205486536
v,0.003305465914309025, 0.011406202800571918, 0.0027338715735822916
v,0.002754306187853217, 0.014531983993947506, 0.002733871340751648
v,0.003374052233994007, 0.014641262590885162, 0.0029505181591957808
v,-0.004102274775505066, 0.010100017301738262, 0.0027132381219416857
v,-0.004653434734791517, 0.013225799426436424, 0.002713237889111042
v,-0.0046228147111833096, 0.01323119830340147, 0.0025137856137007475
v,-0.0014826060505583882, 0.010561935603618622, 0.0019704506266862154
v,-0.0020337658934295177, 0.013687717728316784, 0.0019704503938555717
v,-0.0020769801922142506, 0.01368009764701128, 0.0022006372455507517
v,-0.003612348809838295, 0.010186404921114445, 0.0011176200350746512
v,-0.004163508769124746, 0.013312186114490032, 0.0011176198022440076
v,-0.004062897525727749, 0.013329926878213882, 0.0009181674686260521
v,0.00010894873412325978, 0.01084257010370493, 0.007027253974229097
v,-0.0004422110505402088, 0.013968352228403091, 0.007027253974229097
v,-0.000580532185267657, 0.013943961821496487, 0.007033701054751873
v,-0.0006924024783074856, 0.010701269842684269, -0.0001341153256362304
v,-0.0012435622047632933, 0.013827051967382431, -0.0001341154711553827
v,-0.0013855521101504564, 0.013802015222609043, 0.00015453154628630728
v,-0.00047347325016744435, 0.01073987316340208, 0.007028829772025347
v,-0.0010246330639347434, 0.013865655288100243, 0.007028829772025347
v,-0.0013177847722545266, 0.013813965022563934, 0.007007766980677843
v,0.0007783301989547908, 0.010960600338876247, 0.006930536590516567
v,0.00022717038518749177, 0.01408638246357441, 0.006930536590516567
v,9.6257368568331e-05, 0.01406329870223999, 0.006958476733416319
v,0.001162179047241807, 0.011028283275663853, 0.0068209245800971985
v,0.0006110192625783384, 0.014154065400362015, 0.0068209245800971985
v,0.00048455092473886907, 0.014131764881312847, 0.006861760281026363
v,-0.002368905348703265, 0.010405657812952995, -0.0006745851133018732
v,-0.002920065075159073, 0.013531439006328583, -0.000674585229717195
v,-0.0026902002282440662, 0.013571970164775848, -0.0009342171833850443
v,0.0017729293322190642, 0.011135974898934364, 0.006552265956997871
v,0.0012217694893479347, 0.014261757023632526, 0.006552265956997871
v,0.0011023570550605655, 0.014240700751543045, 0.006614594720304012
v,0.0010234699584543705, 0.011003824882209301, -0.002688022330403328
v,0.0004723101737909019, 0.014129606075584888, -0.0026880225632339716
v,0.00019979603530373424, 0.014081554487347603, -0.0023452136665582657
v,-0.0018277568742632866, 0.010501076467335224, 0.006783097051084042
v,-0.0023789166007190943, 0.013626858592033386, 0.006783097051084042
v,-0.002616330748423934, 0.01358499564230442, 0.006691824644804001
v,0.003418353386223316, 0.0114261070266366, -0.005343948025256395
v,0.0028671936597675085, 0.014551889151334763, -0.005343948025256395
v,0.0026000055950134993, 0.01450477633625269, -0.005062823183834553
v,-0.002506556920707226, 0.010381385684013367, 0.006467154249548912
v,-0.0030577166471630335, 0.013507167808711529, 0.006467154249548912
v,-0.0032616883981972933, 0.013471201993525028, 0.006333756260573864
v,0.0021231237333267927, 0.01119772344827652, 0.006339487619698048
v,0.0015719638904556632, 0.014323505572974682, 0.006339487619698048
v,0.001456573256291449, 0.014303158968687057, 0.006414712406694889
v,0.002679969882592559, 0.01129591092467308, 0.005898886825889349
v,0.002128810156136751, 0.014421692118048668, 0.005898886825889349
v,0.0020201224833726883, 0.014402528293430805, 0.005995604209601879
v,-0.0034078825265169144, 0.01022245828062296, 0.005668628495186567
v,-0.003959042485803366, 0.013348239473998547, 0.005668628495186567
v,-0.004098457284271717, 0.013323657214641571, 0.005476125981658697
v,-0.003215412376448512, 0.010256394743919373, -0.0053479596972465515
v,-0.0037665721029043198, 0.013382176868617535, -0.0053479596972465515
v,-0.003968073520809412, 0.013346646912395954, -0.005329045932739973
v,0.0029628556221723557, 0.01134579163044691, 0.005351969040930271
v,0.002411695895716548, 0.014471572823822498, 0.005351969040930271
v,0.0023232221137732267, 0.014455972239375114, 0.005576352588832378
v,0.0023098092060536146, 0.011230641044676304, -0.005436796694993973
v,0.001758649479597807, 0.014356422238051891, -0.005436796694993973
v,-0.0020715834107249975, 0.013681049458682537, -0.005416163243353367
v,0.0007607266306877136, 0.010957496240735054, 0.005296804942190647
v,0.0002095668314723298, 0.014083278365433216, 0.005296804942190647
v,0.0003051672538276762, 0.014100135304033756, 0.005289461463689804
v,-0.0003279208904132247, 0.010765538550913334, 0.005149222444742918
v,-0.0008790806750766933, 0.013891319744288921, 0.005149222444742918
v,-0.0007453454891219735, 0.013914900831878185, 0.005196112673729658
v,0.0003993140417151153, 0.010893769562244415, 0.005298417992889881
v,-0.00015184572839643806, 0.014019550755620003, 0.005298417992889881
v,1.1169774552399758e-05, 0.014048295095562935, 0.005302680190652609
v,-0.004239007364958525, 0.010075907222926617, -0.005492963828146458
v,-0.004790166858583689, 0.013201689347624779, -0.005492963828146458
v,-0.004767096135765314, 0.0132057573646307, -0.005552856717258692
v,-0.00404258631169796, 0.010110542178153992, -0.00608444306999445
v,-0.004593745805323124, 0.01323632337152958, -0.00608444306999445
v,-0.00456728832796216, 0.013240988366305828, -0.00617643166333437
v,0.005134223960340023, 0.011728662066161633, -0.007035853806883097
v,0.004583064466714859, 0.01485444325953722, -0.007035853806883097
v,0.004409572575241327, 0.014823852106928825, -0.006878526881337166
v,0.0014583631418645382, 0.01108050812035799, 0.005155813414603472
v,0.0009072033572010696, 0.014206290245056152, 0.005155813414603472
v,0.0009836133103817701, 0.014219763688743114, 0.005124971270561218
v,0.0012147404486313462, 0.011037550866603851, 0.005230715032666922
v,0.0006635806639678776, 0.014163332991302013, 0.005230715032666922
v,0.0007471870048902929, 0.014178074896335602, 0.00520868506282568
v,-0.0037821009755134583, 0.010156473144888878, 0.005062319338321686
v,-0.00433326093479991, 0.013282254338264465, 0.005062319338321686
v,-0.0044286493211984634, 0.01326543465256691, 0.004841016139835119
v,-0.0006939900340512395, 0.010700990445911884, 0.004957399796694517
v,-0.001245149876922369, 0.013826772570610046, 0.004957399796694517
v,-0.0011289825197309256, 0.013847255147993565, 0.0050298660062253475
v,-0.0037606526166200638, 0.010160254314541817, -0.007095173466950655
v,-0.004311812110245228, 0.013286036439239979, -0.007095173466950655
v,-0.004282602109014988, 0.013291186653077602, -0.0072077238000929356
v,0.0020202563609927893, 0.011179585941135883, 0.004825541749596596
v,0.0014690966345369816, 0.01430536713451147, 0.004825541749596596
v,0.0015327365836128592, 0.014316588640213013, 0.004770735278725624
v,0.00016948336269706488, 0.010853243991732597, -0.00756486039608717
v,-0.0003816764219664037, 0.013979025185108185, -0.00756486039608717
v,2.5560726498952135e-05, 0.014050832018256187, -0.007562710903584957
v,-0.0011827524285763502, 0.010614808648824692, 0.004467186518013477
v,-0.0017339122714474797, 0.01374058984220028, 0.004467186518013477
v,-0.0016502004582434893, 0.01375535037368536, 0.0045822798274457455
v,0.0018208706751465797, 0.011144428513944149, 0.0049719070084393024
v,0.0012697108322754502, 0.014270209707319736, 0.0049719070084393024
v,0.001337583758868277, 0.01428217813372612, 0.004926127847284079
v,-0.0029055385384708643, 0.010311034508049488, -0.007633637636899948
v,-0.003456698264926672, 0.013436815701425076, -0.007633637636899948
v,-0.003090099897235632, 0.013501456938683987, -0.007620025426149368
v,0.003426395356655121, 0.01142752543091774, 0.004187064711004496
v,0.002875235630199313, 0.014553307555615902, 0.004187064711004496
v,0.002779704984277487, 0.014536462724208832, 0.004425776656717062
v,0.002324344590306282, 0.011233204044401646, 0.0045214202255010605
v,0.0017731848638504744, 0.014358986169099808, 0.0045214202255010605
v,0.001829767250455916, 0.014368963427841663, 0.004451568704098463
v,-0.0013860536273568869, 0.010578961111605167, 0.004070753697305918
v,-0.0019372134702280164, 0.013704742304980755, 0.004070753697305918
v,-0.0018774191848933697, 0.013715285807847977, 0.0042114234529435635
v,0.0024997396394610405, 0.011264131404459476, 0.004284929018467665
v,0.001948579796589911, 0.014389912597835064, 0.004284929018467665
v,0.002013278426602483, 0.014401321299374104, 0.004183662123978138
v,-0.0015654363669455051, 0.010547330603003502, 0.003239523619413376
v,-0.002116596093401313, 0.013673112727701664, 0.003239523386582732
v,-0.002096664858981967, 0.013676626607775688, 0.0034228204749524593
v,-0.004112293478101492, 0.010098251514136791, 0.003859802382066846
v,-0.004663453437387943, 0.013224032707512379, 0.0038598021492362022
v,-0.004685465712100267, 0.013220150955021381, 0.0035904983524233103
v,0.0037214511539787054, 0.011479551903903484, 0.003453734563663602
v,0.0031702914275228977, 0.014605334028601646, 0.0034537343308329582
v,0.0030705288518220186, 0.01458774320781231, 0.0037010433152318
v,0.003116097766906023, 0.01137281209230423, 0.0031397973652929068
v,0.0025649380404502153, 0.014498593285679817, 0.003139797132462263
v,0.002657856559380889, 0.014514977112412453, 0.0029428163543343544
v,0.0028585069812834263, 0.011327391490340233, 0.003658953821286559
v,0.0023073472548276186, 0.014453173615038395, 0.0036589535884559155
v,0.00238968338817358, 0.014467691071331501, 0.0034978657495230436
v,-0.0041372692212462425, 0.010093847289681435, 0.0031121426727622747
v,-0.004688429180532694, 0.013219628483057022, 0.003112142439931631
v,-0.0046753063797950745, 0.013221942819654942, 0.0029126901645213366
v,-0.001575208269059658, 0.010545607656240463, 0.002639089012518525
v,-0.0021263679955154657, 0.013671389780938625, 0.0026390887796878815
v,-0.002132541500031948, 0.0136703010648489, 0.002847352996468544
v,-0.0013591368915513158, 0.010583707131445408, 0.0014881540555506945
v,-0.0019102966180071235, 0.013709488324820995, 0.0014881538227200508
v,-0.0019782045856118202, 0.013697514310479164, 0.0017329559195786715
v,-0.003984167706221342, 0.010120843537151814, 0.0021148815285414457
v,-0.004535327665507793, 0.013246624730527401, 0.002114881295710802
v,-0.004478461109101772, 0.013256652280688286, 0.0019154290203005075
v,-0.0010813307017087936, 0.010632691904902458, 0.0007099031354300678
v,-0.0016324904281646013, 0.013758473098278046, 0.000709903019014746
v,-0.0017374396556988358, 0.013739967718720436, 0.0009766274597495794
v,-0.00378732243552804, 0.010155552066862583, 0.0015165247023105621
v,-0.004338482394814491, 0.013281334191560745, 0.0015165244694799185
v,-0.004255369771271944, 0.01329598855227232, 0.001317072194069624
v,-0.00277868309058249, 0.010333402082324028, -0.00017939310055226088
v,-0.0033298428170382977, 0.01345918420702219, -0.00017939324607141316
v,-0.0031332792714238167, 0.013493843376636505, -0.00042297726031392813
v,-0.00036291449214331806, 0.010759367607533932, -0.0007321858429349959
v,-0.0009140742477029562, 0.013885149732232094, -0.0007321859593503177
v,-0.0010871081613004208, 0.013854638673365116, -0.0004297835403122008
v,-0.0032684681937098503, 0.010247040539979935, 0.0005032151821069419
v,-0.003819627920165658, 0.013372821733355522, 0.0005032150656916201
v,-0.0036730170249938965, 0.013398673385381699, 0.00028370291693136096
v,0.00025566763360984623, 0.010868440382182598, -0.001679799286648631
v,-0.00029549215105362236, 0.01399422250688076, -0.0016797995194792747
v,-0.0005182662280276418, 0.013954941183328629, -0.0013571939198300242
v,0.0016182399122044444, 0.011108698323369026, -0.003393842838704586
v,0.0010670801857486367, 0.014234480448067188, -0.0033938430715352297
v,0.0007614051573909819, 0.014180582016706467, -0.0030375656206160784
v,0.0011719150934368372, 0.011029999703168869, -0.004229765851050615
v,0.0006207553087733686, 0.014155780896544456, -0.004229765851050615
v,0.001758649479597807, 0.014356422238051891, -0.005312998313456774
v,-0.0016293588560074568, 0.010536059737205505, -0.0014775526942685246
v,-0.0021805185824632645, 0.013661840930581093, -0.0014775529270991683
v,-0.0019007019000127912, 0.013711180537939072, -0.001761256717145443
v,-0.0027819289825856686, 0.010332830250263214, -0.005378909409046173
v,-0.0033330887090414762, 0.013458611443638802, -0.005378909409046173
v,-0.0035549106542021036, 0.013419498689472675, -0.005364580545574427
v,0.0025816536508500576, 0.011278574354946613, -0.00445414986461401
v,0.00203049392439425, 0.014404356479644775, -0.00445414986461401
v,0.0017281703185290098, 0.01435104850679636, -0.004126600921154022
v,-0.00428387988358736, 0.010067995637655258, -0.005385213531553745
v,-0.004835039377212524, 0.013193776831030846, -0.005385213531553745
v,-0.004812815226614475, 0.013197695836424828, -0.00543708261102438
v,0.003917592111974955, 0.01151413656771183, -0.005859772674739361
v,0.0033664321526885033, 0.014639917761087418, -0.005859772674739361
v,0.00312266917899251, 0.014596936292946339, -0.005609598010778427
v,-0.0037894384004175663, 0.010155178606510162, -0.0052843415178358555
v,-0.00434059789404273, 0.013280960731208324, -0.0052843415178358555
v,-0.004511620383709669, 0.013250804506242275, -0.005258550401777029
v,-0.0020555048249661922, 0.010460917837917805, -0.005408139433711767
v,-0.002606664551422, 0.013586699962615967, -0.005408139433711767
v,-0.0028589656576514244, 0.013542212545871735, -0.005400688853114843
v,-0.004168524406850338, 0.01008833572268486, -0.005684678442776203
v,-0.004719683900475502, 0.013214116916060448, -0.005684678442776203
v,-0.004695342853665352, 0.01321840938180685, -0.005756607744842768
v,0.004578611347824335, 0.011630692519247532, -0.006517449859529734
v,0.004027451854199171, 0.01475647371262312, -0.006517449859529734
v,0.003818824188783765, 0.014719687402248383, -0.006313698831945658
v,-0.004094231408089399, 0.010101435706019402, -0.005912501364946365
v,-0.004645390901714563, 0.013227216899394989, -0.005912501364946365
v,-0.004619779996573925, 0.0132317328825593, -0.005996466148644686
v,-0.003826690837740898, 0.0101486099883914, -0.0068490104749798775
v,-0.004377850331366062, 0.013274392113089561, -0.0068490104749798775
v,-0.004343561362475157, 0.013280438259243965, -0.006975602358579636
v,-0.0006297518848441541, 0.010712317191064358, -0.007573456969112158
v,-0.0011809116695076227, 0.013838098384439945, -0.007573456969112158
v,-0.0007838341989554465, 0.013908114284276962, -0.007568442262709141
v,-0.003944798372685909, 0.010127784684300423, -0.006427108775824308
v,-0.004495957866311073, 0.01325356587767601, -0.006427108775824308
v,-0.004454048816114664, 0.013260955922305584, -0.00657476345077157
v,-0.0036234953440725803, 0.010184438899159431, -0.007665160112082958
v,-0.004174654837697744, 0.013310221023857594, -0.007665160112082958
v,-0.0038182162679731846, 0.013373070396482944, -0.007648682687431574
v,-0.0036806445568799973, 0.010174361988902092, -0.007411761209368706
v,-0.004231804050505161, 0.013300144113600254, -0.007411761209368706
v,-0.004210214130580425, 0.013303950428962708, -0.007503248285502195
v,-0.001790504320524633, 0.010507645085453987, -0.007597099523991346
v,-0.0023416641633957624, 0.013633426278829575, -0.007597099523991346
v,-0.0019598265644162893, 0.013700754381716251, -0.007587786298245192
v,-0.00016917401808314025, 0.010793529450893402, 0.0070358505472540855
v,-0.0007203337736427784, 0.013919311575591564, 0.0070358505472540855
v,-0.0010246330639347434, 0.013865655288100243, 0.007028829772025347
v,0.0009077611030079424, 0.0109834223985672, 0.006898297928273678
v,0.0003566012892406434, 0.014109204523265362, 0.006898297928273678
v,0.00022717038518749177, 0.01408638246357441, 0.006930536590516567
v,0.00024578862939961255, 0.010866698808968067, 0.007016507443040609
v,-0.00030537115526385605, 0.01399248093366623, 0.007016507443040609
v,-0.0004422110505402088, 0.013968352228403091, 0.007027253974229097
v,-0.001579195261001587, 0.010544904507696629, 0.0068603274412453175
v,-0.0021303549874573946, 0.01367068663239479, 0.0068603274412453175
v,-0.0023789166007190943, 0.013626858592033386, 0.006783097051084042
v,-0.002291437704116106, 0.01041931752115488, 0.006586510222405195
v,-0.0028425974305719137, 0.013545098714530468, 0.006586510222405195
v,-0.0030577166471630335, 0.013507167808711529, 0.006467154249548912
v,0.0012871652143076062, 0.011050322093069553, 0.0067757898941636086
v,0.0007360054296441376, 0.01417610328644514, 0.0067757898941636086
v,0.0006110192625783384, 0.014154065400362015, 0.0068209245800971985
v,0.0018910017097368836, 0.011156794615089893, 0.0064856382086873055
v,0.0013398418668657541, 0.01428257580846548, 0.0064856382086873055
v,0.0012217694893479347, 0.014261757023632526, 0.006552265956997871
v,0.0027873185463249683, 0.011314839124679565, 0.005797871388494968
v,0.0022361588198691607, 0.014440621249377728, 0.005797871388494968
v,0.002128810156136751, 0.014421692118048668, 0.005898886825889349
v,0.002237174194306135, 0.011217834427952766, 0.006259964779019356
v,0.0016860144678503275, 0.014343615621328354, 0.006259964779019356
v,0.0015719638904556632, 0.014323505572974682, 0.006339487619698048
v,0.0006627277471125126, 0.010940216481685638, 0.00530121149495244
v,0.00011156797700095922, 0.0140659986063838, 0.00530121149495244
v,0.0002095668314723298, 0.014083278365433216, 0.005296804942190647
v,-0.0032537931110709906, 0.010249627754092216, 0.005851531866937876
v,-0.0038049528375267982, 0.013375409878790379, 0.005851531866937876
v,-0.003959042485803366, 0.013348239473998547, 0.005668628495186567
v,0.003052741987630725, 0.011361640878021717, 0.005124719347804785
v,0.0025015822611749172, 0.014487422071397305, 0.005124719347804785
v,0.002411695895716548, 0.014471572823822498, 0.005351969040930271
v,-0.0036720363423228264, 0.010175880044698715, 0.005274022929370403
v,-0.004223196301609278, 0.013301662169396877, 0.005274022929370403
v,-0.00433326093479991, 0.013282254338264465, 0.005062319338321686
v,0.00024215476878453046, 0.010866058059036732, 0.005285630002617836
v,-0.0003090050013270229, 0.013991840183734894, 0.005285630002617836
v,-0.00015184572839643806, 0.014019550755620003, 0.005298417992889881
v,0.0013795546256005764, 0.011066612787544727, 0.005183718167245388
v,0.0008283948409371078, 0.014192393980920315, 0.005183718167245388
v,0.0009072033572010696, 0.014206290245056152, 0.005155813414603472
v,-0.00045579992001876235, 0.010742989368736744, 0.005093806888908148
v,-0.001006959704682231, 0.013868771493434906, 0.005093806888908148
v,-0.0008790806750766933, 0.013891319744288921, 0.005149222444742918
v,0.0011287356028333306, 0.011022386141121387, 0.005249807611107826
v,0.0005775758763775229, 0.01414816826581955, 0.005249807611107826
v,0.0006635806639678776, 0.014163332991302013, 0.005230715032666922
v,0.0017515863291919231, 0.011132211424410343, 0.005014677997678518
v,0.0012004264863207936, 0.014257993549108505, 0.005014677997678518
v,0.0012697108322754502, 0.014270209707319736, 0.0049719070084393024
v,-0.0008043012348935008, 0.01068153977394104, 0.004876407794654369
v,-0.0013554610777646303, 0.013807320967316628, 0.004876407794654369
v,-0.001245149876922369, 0.013826772570610046, 0.004957399796694517
v,0.0019552058074623346, 0.011168114840984344, 0.004877339117228985
v,0.0014040459645912051, 0.014293896965682507, 0.004877339117228985
v,0.0014690966345369816, 0.01430536713451147, 0.004825541749596596
v,-0.0012584920041263103, 0.010601453483104706, 0.004343567881733179
v,-0.0018096518469974399, 0.013727234676480293, 0.004343567881733179
v,-0.0017339122714474797, 0.01374058984220028, 0.004467186518013477
v,0.0022663490381091833, 0.011222978122532368, 0.004588262178003788
v,0.0017151891952380538, 0.01434876024723053, 0.004588262178003788
v,0.0017731848638504744, 0.014358986169099808, 0.0045214202255010605
v,-0.00407560495659709, 0.01010472048074007, 0.004119505640119314
v,-0.004626764915883541, 0.013230501674115658, 0.004119505640119314
v,-0.004663453437387943, 0.013224032707512379, 0.0038598021492362022
v,-0.0014378756750375032, 0.01056982297450304, 0.003921558614820242
v,-0.001989035401493311, 0.013695605099201202, 0.003921558614820242
v,-0.0019372134702280164, 0.013704742304980755, 0.004070753697305918
v,0.002438569674268365, 0.011253345757722855, 0.004374231211841106
v,0.0018874098313972354, 0.014379126951098442, 0.004374231211841106
v,0.001948579796589911, 0.014389912597835064, 0.004284929018467665
v,0.0035233364906162024, 0.011444618925452232, 0.003945487085729837
v,0.0029721767641603947, 0.014570401050150394, 0.003945487085729837
v,0.002875235630199313, 0.014553307555615902, 0.004187064711004496
v,0.0027796984650194645, 0.011313495226204395, 0.0038080771919339895
v,0.002228538738563657, 0.014439277350902557, 0.003808076959103346
v,0.0023073472548276186, 0.014453173615038395, 0.0036589535884559155
v,0.003822626080363989, 0.011497392319142818, 0.0032035592012107372
v,0.003271466353908181, 0.014623173512518406, 0.0032035589683800936
v,0.0031702914275228977, 0.014605334028601646, 0.0034537343308329582
v,-0.0015566875226795673, 0.01054887380450964, 0.0024235169403254986
v,-0.002107847249135375, 0.013674654997885227, 0.002423516707494855
v,-0.0021263679955154657, 0.013671389780938625, 0.0026390887796878815
v,0.0030267066322267056, 0.011357049457728863, 0.0033248141407966614
v,0.002475546905770898, 0.014482831582427025, 0.0033248139079660177
v,0.0025649380404502153, 0.014498593285679817, 0.003139797132462263
v,-0.004141643643379211, 0.010093076154589653, 0.003311595181003213
v,-0.004692803602665663, 0.01321885734796524, 0.0033115949481725693
v,-0.004688429180532694, 0.013219628483057022, 0.003112142439931631
v,-0.0015773957129567862, 0.010545222088694572, 0.0030477012041956186
v,-0.002128555439412594, 0.01367100328207016, 0.003047700971364975
v,-0.002116596093401313, 0.013673112727701664, 0.003239523386582732
v,-0.004032285418361425, 0.010112358257174492, 0.0023143335711210966
v,-0.004583445377647877, 0.013238140381872654, 0.002314333338290453
v,-0.004535327665507793, 0.013246624730527401, 0.002114881295710802
v,-0.0038616862148046494, 0.010142439976334572, 0.0017159769777208567
v,-0.004412846174091101, 0.01326822116971016, 0.001715976744890213
v,-0.004338482394814491, 0.013281334191560745, 0.0015165244694799185
v,-0.0033984282054007053, 0.010224124416708946, 0.0007147034048102796
v,-0.003949588164687157, 0.013349906541407108, 0.0007147032883949578
v,-0.003819627920165658, 0.013372821733355522, 0.0005032150656916201
v,-0.0012788820313289762, 0.010597857646644115, 0.001236044685356319
v,-0.0018300417577847838, 0.013723639771342278, 0.0012360444525256753
v,-0.0019102966180071235, 0.013709488324820995, 0.0014881538227200508
v,-0.0009640350472182035, 0.010653373785316944, 0.0004358711885288358
v,-0.0015151947736740112, 0.013779155910015106, 0.00043587107211351395
v,-0.0016324904281646013, 0.013758473098278046, 0.000709903019014746
v,-0.002958595985546708, 0.010301679372787476, 5.6166969443438575e-05
v,-0.003509755712002516, 0.013427460566163063, 5.6166831200243905e-05
v,-0.0033298428170382977, 0.01345918420702219, -0.00017939324607141316
v,-0.001892525004222989, 0.010489655658602715, -0.0012018728302791715
v,-0.0024436847306787968, 0.013615437783300877, -0.0012018730631098151
v,-0.0021805185824632645, 0.013661840930581093, -0.0014775529270991683
v,-0.00017330047558061779, 0.010792802087962627, -0.0010413225973024964
v,-0.0007244602311402559, 0.013918583281338215, -0.0010413227137178183
v,-0.0009140742477029562, 0.013885149732232094, -0.0007321859593503177
v,0.0004950216971337795, 0.010910645127296448, -0.0020091391634196043
v,-5.613807661575265e-05, 0.014036426320672035, -0.002009139396250248
v,-0.00029549215105362236, 0.01399422250688076, -0.0016797995194792747
v,-0.0010530739091336727, 0.010637673549354076, -0.002052984433248639
v,-0.0016042336355894804, 0.013763455674052238, -0.0020529846660792828
v,0.0006207553087733686, 0.014155780896544456, -0.004229765851050615
v,0.0028722649440169334, 0.011329817585647106, -0.004766223952174187
v,0.0023211052175611258, 0.014455598779022694, -0.004766223952174187
v,0.00203049392439425, 0.014404356479644775, -0.00445414986461401
v,0.001940494985319674, 0.01116552110761404, -0.0037568549159914255
v,0.0013893352588638663, 0.014291302300989628, -0.003756855148822069
v,0.0010670801857486367, 0.014234480448067188, -0.0033938430715352297
v,-0.0036082561127841473, 0.010187125764787197, -0.005307839717715979
v,-0.004159415606409311, 0.01331290788948536, -0.005307839717715979
v,-0.00434059789404273, 0.013280960731208324, -0.0052843415178358555
v,-0.004121324047446251, 0.010096658021211624, -0.005230466369539499
v,-0.004672483541071415, 0.013222440145909786, -0.005230466369539499
v,-0.004835039377212524, 0.013193776831030846, -0.005385213531553745
v,-0.002549947239458561, 0.0103737348690629, -0.005390945356339216
v,-0.0031011069659143686, 0.013499516062438488, -0.005390945356339216
v,-0.0033330887090414762, 0.013458611443638802, -0.005378909409046173
v,-0.0017930440371856093, 0.010507197119295597, -0.005413297563791275
v,-0.002344203880056739, 0.013632978312671185, -0.005413297563791275
v,-0.002606664551422, 0.013586699962615967, -0.005408139433711767
v,-0.004192441701889038, 0.010084118694067001, -0.005616761744022369
v,-0.004743601195514202, 0.013209899887442589, -0.005616761744022369
v,-0.004719683900475502, 0.013214116916060448, -0.005684678442776203
v,-0.004119419027119875, 0.01009699422866106, -0.005832548253238201
v,-0.004670578520745039, 0.013222776353359222, -0.005832548253238201
v,-0.004645390901714563, 0.013227216899394989, -0.005912501364946365
v,-0.003989247139543295, 0.010119946673512459, -0.0062724328599870205
v,-0.004540406633168459, 0.013245728798210621, -0.0062724328599870205
v,-0.004495957866311073, 0.01325356587767601, -0.006427108775824308
v,0.004149644169956446, 0.011555053293704987, -0.006094472948461771
v,0.003598484443500638, 0.014680835418403149, -0.006094472948461771
v,0.0033664321526885033, 0.014639917761087418, -0.005859772674739361
v,0.004775527864694595, 0.011665414087474346, -0.006705726031213999
v,0.004224368371069431, 0.014791195280849934, -0.006705726031213999
v,0.004027451854199171, 0.01475647371262312, -0.006517449859529734
v,-0.0037047737278044224, 0.010170107707381248, -0.00731325289234519
v,-0.004255933221429586, 0.013295888900756836, -0.00731325289234519
v,-0.004231804050505161, 0.013300144113600254, -0.007411761209368706
v,-0.0021672623697668314, 0.010441211983561516, -0.007607845589518547
v,-0.002718422096222639, 0.013566994108259678, -0.007607845589518547
v,-0.0023416641633957624, 0.013633426278829575, -0.007597099523991346
v,-0.0038635199889540672, 0.010142115876078606, -0.006715397350490093
v,-0.004414679482579231, 0.013267898000776768, -0.006715397350490093
v,-0.004377850331366062, 0.013274392113089561, -0.0068490104749798775
v,-0.001021748990751803, 0.01064319722354412, -0.007579905446618795
v,-0.0015729088336229324, 0.013768978416919708, -0.007579905446618795
v,-0.0011809116695076227, 0.013838098384439945, -0.007573456969112158
v,-0.003640004899352789, 0.010181527584791183, -0.007587715517729521
v,-0.004191164392977953, 0.013307309709489346, -0.007587715517729521
v,-0.004174654837697744, 0.013310221023857594, -0.007665160112082958
v,0.0003811463830061257, 0.010890565812587738, 0.007001462392508984
v,-0.00017001341620925814, 0.0140163479372859, 0.007001462392508984
v,-0.00030537115526385605, 0.01399248093366623, 0.007016507443040609
v,-0.0013194859493523836, 0.010590698570013046, 0.0069235158152878284
v,-0.0018706457922235131, 0.013716480694711208, 0.0069235158152878284
v,-0.0021303549874573946, 0.01367068663239479, 0.0068603274412453175
v,0.0014106701128184795, 0.011072099208831787, 0.006726357154548168
v,0.0008595103281550109, 0.014197880402207375, 0.006726357154548168
v,0.0007360054296441376, 0.01417610328644514, 0.0067757898941636086
v,0.002349883783608675, 0.011237707920372486, 0.006176142953336239
v,0.0017987240571528673, 0.014363489113748074, 0.006176142953336239
v,0.0016860144678503275, 0.014343615621328354, 0.006259964779019356
v,-0.0030850276816636324, 0.010279386304318905, 0.0060248346999287605
v,-0.00363618740811944, 0.013405167497694492, 0.0060248346999287605
v,-0.0038049528375267982, 0.013375409878790379, 0.005851531866937876
v,9.085172496270388e-05, 0.010839379392564297, 0.0052643162198364735
v,-0.0004603080451488495, 0.013965160585939884, 0.0052643162198364735
v,-0.0003090050013270229, 0.013991840183734894, 0.005285630002617836
v,0.0010403315536677837, 0.011006798595190048, 0.005265962798148394
v,0.0004891717690043151, 0.014132579788565636, 0.005265962798148394
v,0.0005775758763775229, 0.01414816826581955, 0.005249807611107826
v,0.0031440388411283493, 0.011377738788723946, 0.004894603975117207
v,0.0025928791146725416, 0.014503519982099533, 0.004894603975117207
v,0.0025015822611749172, 0.014487422071397305, 0.005124719347804785
v,0.0016808912623673677, 0.01111974660307169, 0.005054439418017864
v,0.0011297314194962382, 0.014245527796447277, 0.005054439418017864
v,0.0012004264863207936, 0.014257993549108505, 0.005014677997678518
v,-0.0009087561629712582, 0.01066312100738287, 0.0047868904657661915
v,-0.0014599160058423877, 0.013788903132081032, 0.0047868904657661915
v,-0.0013554610777646303, 0.013807320967316628, 0.004876407794654369
v,-2.9372427889029495e-05, 0.0108181806281209, 0.007033701054751873
v,-0.000580532185267657, 0.013943961821496487, 0.007033701054751873
v,-0.0007203337736427784, 0.013919311575591564, 0.0070358505472540855
v,0.0010357106802985072, 0.01100598368793726, 0.006861760281026363
v,0.00048455092473886907, 0.014131764881312847, 0.006861760281026363
v,0.0003566012892406434, 0.014109204523265362, 0.006898297928273678
v,-0.0020651710219681263, 0.010459214448928833, 0.006691824644804001
v,-0.002616330748423934, 0.01358499564230442, 0.006691824644804001
v,-0.0028425974305719137, 0.013545098714530468, 0.006586510222405195
v,0.002206942765042186, 0.011212503537535667, 0.00465209549292922
v,0.0016557829221710563, 0.014338284730911255, 0.00465209549292922
v,0.0017151891952380538, 0.01434876024723053, 0.004588262178003788
v,0.0020077330991625786, 0.01117737777531147, 0.006414712406694889
v,0.001456573256291449, 0.014303158968687057, 0.006414712406694889
v,0.0013398418668657541, 0.01428257580846548, 0.0064856382086873055
v,-0.0040242415852844715, 0.010113776661455631, 0.004369609523564577
v,-0.004575401544570923, 0.013239558786153793, 0.004369609523564577
v,-0.004626764915883541, 0.013230501674115658, 0.004119505640119314
v,-0.0007666249293833971, 0.010688182897865772, 0.007007766980677843
v,-0.0013177847722545266, 0.013813965022563934, 0.007007766980677843
v,-0.0015997890150174499, 0.013764239847660065, 0.006972662638872862
v,0.0006474171532317996, 0.010937516577541828, 0.006958476733416319
v,9.6257368568331e-05, 0.01406329870223999, 0.006958476733416319
v,-3.613695298554376e-05, 0.014039954170584679, 0.006982119753956795
v,0.0028743818402290344, 0.011330191045999527, 0.005576352588832378
v,0.0023232221137732267, 0.014455972239375114, 0.005576352588832378
v,0.0022361588198691607, 0.014440621249377728, 0.005797871388494968
v,0.0027044175658375025, 0.011300221085548401, 0.003945236559957266
v,0.002153257839381695, 0.014426003210246563, 0.003945236559957266
v,0.002228538738563657, 0.014439277350902557, 0.003808076959103346
v,-0.0014817246701568365, 0.010562091134488583, 0.0037638384383171797
v,-0.002032884396612644, 0.013687873259186745, 0.003763838205486536
v,-0.001989035401493311, 0.013695605099201202, 0.003921558614820242
v,0.001653516897931695, 0.011114919558167458, 0.006614594720304012
v,0.0011023570550605655, 0.014240700751543045, 0.006614594720304012
v,0.0009816036326810718, 0.014219408854842186, 0.0066726249642670155
v,-0.0035472973249852657, 0.010197875089943409, 0.005476125981658697
v,-0.004098457284271717, 0.013323657214641571, 0.005476125981658697
v,-0.004223196301609278, 0.013301662169396877, 0.005274022929370403
v,-0.0027105286717414856, 0.010345419868826866, 0.006333756260573864
v,-0.0032616883981972933, 0.013471201993525028, 0.006333756260573864
v,-0.0034545124508440495, 0.013437202200293541, 0.006186316255480051
v,0.0005623295437544584, 0.010922513902187347, 0.005302680190652609
v,1.1169774552399758e-05, 0.014048295095562935, 0.005302680190652609
v,0.00011156797700095922, 0.0140659986063838, 0.00530121149495244
v,0.0039252121932804585, 0.011515480466187, 0.0029505183920264244
v,0.003374052233994007, 0.014641262590885162, 0.0029505181591957808
v,0.003271466353908181, 0.014623173512518406, 0.0032035589683800936
v,0.002571282209828496, 0.011276746168732643, 0.005995604209601879
v,0.0020201224833726883, 0.014402528293430805, 0.005995604209601879
v,0.0019100935896858573, 0.014383126981556416, 0.006088022608309984
v,-0.004071654751896858, 0.010105417110025883, 0.002513785846531391
v,-0.0046228147111833096, 0.01323119830340147, 0.0025137856137007475
v,-0.004583445377647877, 0.013238140381872654, 0.002314333338290453
v,-0.0015258204657584429, 0.010554316453635693, 0.0022006374783813953
v,-0.0020769801922142506, 0.01368009764701128, 0.0022006372455507517
v,-0.002107847249135375, 0.013674654997885227, 0.002423516707494855
v,0.0012983467895537615, 0.011052293702960014, 0.00520868506282568
v,0.0007471870048902929, 0.014178074896335602, 0.00520868506282568
v,0.0008283948409371078, 0.014192393980920315, 0.005183718167245388
v,0.0008563270093873143, 0.010974353179335594, 0.005289461463689804
v,0.0003051672538276762, 0.014100135304033756, 0.005289461463689804
v,0.000398369156755507, 0.014116569422185421, 0.005279181059449911
v,-0.000577822676859796, 0.010721473954617977, 0.0050298660062253475
v,-0.0011289825197309256, 0.013847255147993565, 0.0050298660062253475
v,-0.001006959704682231, 0.013868771493434906, 0.005093806888908148
v,-0.0035117375664412975, 0.01020414475351572, 0.000918167585041374
v,-0.004062897525727749, 0.013329926878213882, 0.0009181674686260521
v,-0.003949588164687157, 0.013349906541407108, 0.0007147032883949578
v,-0.00019418571901042014, 0.010789119638502598, 0.005196112673729658
v,-0.0007453454891219735, 0.013914900831878185, 0.005196112673729658
v,-0.0006057549035176635, 0.013939514756202698, 0.005234477110207081
v,-0.0008343923836946487, 0.010676233097910881, 0.00015453169180545956
v,-0.0013855521101504564, 0.013802015222609043, 0.00015453154628630728
v,-0.0015151947736740112, 0.013779155910015106, 0.00043587107211351395
v,0.0015347731532528996, 0.011093981564044952, 0.005124971270561218
v,0.0009836133103817701, 0.014219763688743114, 0.005124971270561218
v,0.001057624933309853, 0.014232813380658627, 0.0050911917351186275
v,0.0018887436017394066, 0.011156396009027958, 0.004926127847284079
v,0.001337583758868277, 0.01428217813372612, 0.004926127847284079
v,0.0014040459645912051, 0.014293896965682507, 0.004877339117228985
v,-0.0021390405017882586, 0.010446188971400261, -0.0009342170669697225
v,-0.0026902002282440662, 0.013571970164775848, -0.0009342171833850443
v,-0.0024436847306787968, 0.013615437783300877, -0.0012018730631098151
v,-0.003877489361912012, 0.010139653459191322, 0.004841016139835119
v,-0.0044286493211984634, 0.01326543465256691, 0.004841016139835119
v,-0.004509362857788801, 0.01325120311230421, 0.004610112868249416
v,0.0007509558345191181, 0.010955773293972015, -0.002345213433727622
v,0.00019979603530373424, 0.014081554487347603, -0.0023452136665582657
v,-5.613807661575265e-05, 0.014036426320672035, -0.002009139396250248
v,0.0023809270933270454, 0.011243181303143501, 0.004451568704098463
v,0.001829767250455916, 0.014368963427841663, 0.004451568704098463
v,0.0018874098313972354, 0.014379126951098442, 0.004374231211841106
v,0.0020838964264839888, 0.01119080651551485, 0.004770735278725624
v,0.0015327365836128592, 0.014316588640213013, 0.004770735278725624
v,0.0015949651133269072, 0.014327561482787132, 0.00471291970461607
v,-0.0013262593420222402, 0.01058950461447239, 0.0042114234529435635
v,-0.0018774191848933697, 0.013715285807847977, 0.0042114234529435635
v,-0.0018096518469974399, 0.013727234676480293, 0.004343567881733179
v,-0.0010990406153723598, 0.010629569180309772, 0.0045822798274457455
v,-0.0016502004582434893, 0.01375535037368536, 0.0045822798274457455
v,-0.0015585155924782157, 0.01377151720225811, 0.0046888478100299835
v,0.003151165321469307, 0.011378995142877102, -0.005062823183834553
v,0.0026000055950134993, 0.01450477633625269, -0.005062823183834553
v,0.0023211052175611258, 0.014455598779022694, -0.004766223952174187
v,0.0036216885782778263, 0.011461961083114147, 0.0037010435480624437
v,0.0030705288518220186, 0.01458774320781231, 0.0037010433152318
v,0.0029721767641603947, 0.014570401050150394, 0.003945487085729837
v,0.0033308647107332945, 0.011410681530833244, 0.004425776656717062
v,0.002779704984277487, 0.014536462724208832, 0.004425776656717062
v,0.002685586689040065, 0.014519867487251759, 0.004661623388528824
v,-0.003416914027184248, 0.010220864787697792, -0.005329045932739973
v,-0.003968073520809412, 0.013346646912395954, -0.005329045932739973
v,-0.004159415606409311, 0.01331290788948536, -0.005307839717715979
v,-0.004134305752813816, 0.010094369761645794, 0.003590498585253954
v,-0.004685465712100267, 0.013220150955021381, 0.0035904983524233103
v,-0.004692803602665663, 0.01321885734796524, 0.0033115949481725693
v,0.002940843114629388, 0.011341909877955914, 0.0034978659823536873
v,0.00238968338817358, 0.014467691071331501, 0.0034978657495230436
v,0.002475546905770898, 0.014482831582427025, 0.0033248139079660177
v,-0.001520423567853868, 0.010555267333984375, -0.005416163243353367
v,-0.0020715834107249975, 0.013681049458682537, -0.005416163243353367
v,-0.002344203880056739, 0.013632978312671185, -0.005413297563791275
v,-0.0015813817735761404, 0.010544518940150738, 0.0028473532292991877
v,-0.002132541500031948, 0.0136703010648489, 0.002847352996468544
v,-0.002128555439412594, 0.01367100328207016, 0.003047700971364975
v,0.0025644381530582905, 0.011275539174675941, 0.004183662123978138
v,0.002013278426602483, 0.014401321299374104, 0.004183662123978138
v,0.002081504324451089, 0.014413351193070412, 0.004070431459695101
v,-0.00421593664214015, 0.010079975239932537, -0.005552856717258692
v,-0.004767096135765314, 0.0132057573646307, -0.005552856717258692
v,-0.004743601195514202, 0.013209899887442589, -0.005616761744022369
v,-0.0015455051325261593, 0.0105508454144001, 0.003422820707783103
v,-0.002096664858981967, 0.013676626607775688, 0.0034228204749524593
v,-0.0020687610376626253, 0.013681546784937382, 0.0035975920036435127
v,-0.004016128834336996, 0.01011520717293024, -0.00617643166333437
v,-0.00456728832796216, 0.013240988366305828, -0.00617643166333437
v,-0.004540406633168459, 0.013245728798210621, -0.0062724328599870205
v,-0.003927301149815321, 0.010130870155990124, 0.0019154292531311512
v,-0.004478461109101772, 0.013256652280688286, 0.0019154290203005075
v,-0.004412846174091101, 0.01326822116971016, 0.001715976744890213
v,0.004960732068866491, 0.011698069982230663, -0.006878526881337166
v,0.004409572575241327, 0.014823852106928825, -0.006878526881337166
v,0.004224368371069431, 0.014791195280849934, -0.006705726031213999
v,-0.0011862799292430282, 0.010614186525344849, 0.000976627692580223
v,-0.0017374396556988358, 0.013739967718720436, 0.0009766274597495794
v,-0.0018300417577847838, 0.013723639771342278, 0.0012360444525256753
v,0.0032090162858366966, 0.011389195919036865, 0.002942816587164998
v,0.002657856559380889, 0.014514977112412453, 0.0029428163543343544
v,0.002754306187853217, 0.014531983993947506, 0.002733871340751648
v,-0.004124146420508623, 0.01009616069495678, 0.00291269039735198
v,-0.0046753063797950745, 0.013221942819654942, 0.0029126901645213366
v,-0.004653434734791517, 0.013225799426436424, 0.002713237889111042
v,-0.003121857298538089, 0.010272891260683537, 0.0002837030333466828
v,-0.0036730170249938965, 0.013398673385381699, 0.00028370291693136096
v,-0.003509755712002516, 0.013427460566163063, 5.6166831200243905e-05
v,-0.003731442615389824, 0.01016540452837944, -0.0072077238000929356
v,-0.004282602109014988, 0.013291186653077602, -0.0072077238000929356
v,-0.004255933221429586, 0.013295888900756836, -0.00731325289234519
v,-0.0014270447427406907, 0.010571733117103577, 0.0017329561524093151
v,-0.0019782045856118202, 0.013697514310479164, 0.0017329559195786715
v,-0.0020337658934295177, 0.013687717728316784, 0.0019704503938555717
v,3.289356391178444e-05, 0.010829159058630466, -0.0013571936869993806
v,-0.0005182662280276418, 0.013954941183328629, -0.0013571939198300242
v,-0.0007244602311402559, 0.013918583281338215, -0.0010413227137178183
v,0.0005767205148003995, 0.0109250508248806, -0.007562710903584957
v,2.5560726498952135e-05, 0.014050832018256187, -0.007562710903584957
v,0.0004378790326882154, 0.01412353478372097, -0.007561995182186365
v,-0.0025389401707798243, 0.0103756757453084, -0.007620025426149368
v,-0.003090099897235632, 0.013501456938683987, -0.007620025426149368
v,-0.002718422096222639, 0.013566994108259678, -0.007607845589518547
v,-0.0037042098119854927, 0.010170207358896732, 0.0013170724269002676
v,-0.004255369771271944, 0.01329598855227232, 0.001317072194069624
v,-0.004163508769124746, 0.013312186114490032, 0.0011176198022440076
v,-0.0013495421735569835, 0.01058539841324091, -0.0017612564843147993
v,-0.0019007019000127912, 0.013711180537939072, -0.001761256717145443
v,-0.0016042336355894804, 0.013763455674052238, -0.0020529846660792828
v,-0.0005359483766369522, 0.010728857479989529, -0.0004297833947930485
v,-0.0010871081613004208, 0.013854638673365116, -0.0004297835403122008
v,-0.0012435622047632933, 0.013827051967382431, -0.0001341154711553827
v,0.0022793300449848175, 0.011225266382098198, -0.004126600921154022
v,0.0017281703185290098, 0.01435104850679636, -0.004126600921154022
v,0.0013893352588638663, 0.014291302300989628, -0.003756855148822069
v,-0.003960460890084505, 0.010125023312866688, -0.005258550401777029
v,-0.004511620383709669, 0.013250804506242275, -0.005258550401777029
v,-0.004672483541071415, 0.013222440145909786, -0.005230466369539499
v,-0.002582119544968009, 0.010368062183260918, -0.00042297711479477584
v,-0.0031332792714238167, 0.013493843376636505, -0.00042297726031392813
v,-0.002920065075159073, 0.013531439006328583, -0.000674585229717195
v,-0.0023078059311956167, 0.010416430421173573, -0.005400688853114843
v,-0.0028589656576514244, 0.013542212545871735, -0.005400688853114843
v,-0.0031011069659143686, 0.013499516062438488, -0.005390945356339216
v,0.0013125649420544505, 0.011054799892008305, -0.0030375653877854347
v,0.0007614051573909819, 0.014180582016706467, -0.0030375656206160784
v,0.0004723101737909019, 0.014129606075584888, -0.0026880225632339716
v,-0.004144183360040188, 0.010092627257108688, -0.005756607744842768
v,-0.004695342853665352, 0.01321840938180685, -0.005756607744842768
v,-0.004670578520745039, 0.013222776353359222, -0.005832548253238201
v,0.0023098092060536146, 0.011230641044676304, -0.005312998313456774
v,0.001758649479597807, 0.014356422238051891, -0.005312998313456774
v,0.001758649479597807, 0.014356422238051891, -0.005436796694993973
v,0.0043699839152395725, 0.01159390527755022, -0.006313698831945658
v,0.003818824188783765, 0.014719687402248383, -0.006313698831945658
v,0.003598484443500638, 0.014680835418403149, -0.006094472948461771
v,0.0036738289054483175, 0.011471154168248177, -0.005609598010778427
v,0.00312266917899251, 0.014596936292946339, -0.005609598010778427
v,0.0028671936597675085, 0.014551889151334763, -0.005343948025256395
n,5.990067005157471, -33.97134780883789, 1.5078422848091577e-06
n,5.990067005157471, -33.97134780883789, 1.5078422848091577e-06
n,5.990067005157471, -33.97134780883789, 1.5078422848091577e-06
n,5.990067005157471, -33.97134780883789, 1.5078422848091577e-06
n,5.990067005157471, -33.97134780883789, 1.5078422848091577e-06
n,5.990067005157471, -33.97134780883789, 1.5078422848091577e-06
n,5.990067005157471, -33.97134780883789, 1.5078422848091577e-06
n,5.990067005157471, -33.97134780883789, 1.5078422848091577e-06
n,5.990067005157471, -33.97134780883789, 1.5078422848091577e-06
n,5.990067005157471, -33.97134780883789, 1.5078422848091577e-06
n,5.990067005157471, -33.97134780883789, 1.5078422848091577e-06
n,5.990067005157471, -33.97134780883789, 1.5078422848091577e-06
n,5.990067005157471, -33.97134780883789, 1.5078422848091577e-06
n,5.990067005157471, -33.97134780883789, 1.5078422848091577e-06
n,5.990067005157471, -33.97134780883789, 1.5078422848091577e-06
n,5.990067005157471, -33.97134780883789, 1.5078422848091577e-06
n,5.990067005157471, -33.97134780883789, 1.5078422848091577e-06
n,5.990067005157471, -33.97134780883789, 1.5078422848091577e-06
n,5.990067005157471, -33.97134780883789, 1.5078422848091577e-06
n,5.990067005157471, -33.97134780883789, 1.5078422848091577e-06
n,5.990067005157471, -33.97134780883789, 1.5078422848091577e-06
n,5.990067005157471, -33.97134780883789, 1.5078422848091577e-06
n,5.990067005157471, -33.97134780883789, 1.5078422848091577e-06
n,5.990067005157471, -33.97134780883789, 1.5078422848091577e-06
n,5.990067005157471, -33.97134780883789, 1.5078422848091577e-06
n,5.990067005157471, -33.97134780883789, 1.5078422848091577e-06
n,5.990067005157471, -33.97134780883789, 1.5078422848091577e-06
n,5.990067005157471, -33.97134780883789, 1.5078422848091577e-06
n,5.990067005157471, -33.97134780883789, 1.5078422848091577e-06
n,5.990067005157471, -33.97134780883789, 1.5078422848091577e-06
n,5.990067005157471, -33.97134780883789, 1.5078422848091577e-06
n,5.990067005157471, -33.97134780883789, 1.5078422848091577e-06
n,5.990067005157471, -33.97134780883789, 1.5078422848091577e-06
n,5.990067005157471, -33.97134780883789, 1.5078422848091577e-06
n,5.990067005157471, -33.97134780883789, 1.5078422848091577e-06
n,5.990067005157471, -33.97134780883789, 1.5078422848091577e-06
n,5.990067005157471, -33.97134780883789, 1.5078422848091577e-06
n,5.990067005157471, -33.97134780883789, 1.5078422848091577e-06
n,5.990067005157471, -33.97134780883789, 1.5078422848091577e-06
n,5.990067005157471, -33.97134780883789, 1.5078422848091577e-06
n,5.990067005157471, -33.97134780883789, 1.5078422848091577e-06
n,5.990067005157471, -33.97134780883789, 1.5078422848091577e-06
n,5.990067005157471, -33.97134780883789, 1.5078422848091577e-06
n,5.990067005157471, -33.97134780883789, 1.5078422848091577e-06
n,5.990067005157471, -33.97134780883789, 1.5078422848091577e-06
n,5.990067005157471, -33.97134780883789, 1.5078422848091577e-06
n,5.990067005157471, -33.97134780883789, 1.5078422848091577e-06
n,5.990067005157471, -33.97134780883789, 1.5078422848091577e-06
n,5.990067005157471, -33.97134780883789, 1.5078422848091577e-06
n,5.990067005157471, -33.97134780883789, 1.5078422848091577e-06
n,5.990067005157471, -33.97134780883789, 1.5078422848091577e-06
n,5.990067005157471, -33.97134780883789, 1.5078422848091577e-06
n,5.990067005157471, -33.97134780883789, 1.5078422848091577e-06
n,5.990067005157471, -33.97134780883789, 1.5078422848091577e-06
n,5.990067005157471, -33.97134780883789, 1.5078422848091577e-06
n,5.990067005157471, -33.97134780883789, 1.5078422848091577e-06
n,5.990067005157471, -33.97134780883789, 1.5078422848091577e-06
n,5.990067005157471, -33.97134780883789, 1.5078422848091577e-06
n,5.990067005157471, -33.97134780883789, 1.5078422848091577e-06
n,5.990067005157471, -33.97134780883789, 1.5078422848091577e-06
n,5.990067005157471, -33.97134780883789, 1.5078422848091577e-06
n,5.990067005157471, -33.97134780883789, 1.5078422848091577e-06
n,5.990067005157471, -33.97134780883789, 1.5078422848091577e-06
n,5.990067005157471, -33.97134780883789, 1.5078422848091577e-06
n,5.990067005157471, -33.97134780883789, 1.5078422848091577e-06
n,5.990067005157471, -33.97134780883789, 1.5078422848091577e-06
n,5.990067005157471, -33.97134780883789, 1.5078422848091577e-06
n,5.990067005157471, -33.97134780883789, 1.5078422848091577e-06
n,5.990067005157471, -33.97134780883789, 1.5078422848091577e-06
n,5.990067005157471, -33.97134780883789, 1.5078422848091577e-06
n,5.990067005157471, -33.97134780883789, 1.5078422848091577e-06
n,5.990067005157471, -33.97134780883789, 1.5078422848091577e-06
n,5.990067005157471, -33.97134780883789, 1.5078422848091577e-06
n,5.990067005157471, -33.97134780883789, 1.5078422848091577e-06
n,5.990067005157471, -33.97134780883789, 1.5078422848091577e-06
n,5.990067005157471, -33.97134780883789, 1.5078422848091577e-06
n,5.990067005157471, -33.97134780883789, 1.5078422848091577e-06
n,5.990067005157471, -33.97134780883789, 1.5078422848091577e-06
n,5.990067005157471, -33.97134780883789, 1.5078422848091577e-06
n,5.990067005157471, -33.97134780883789, 1.5078422848091577e-06
n,5.990067005157471, -33.97134780883789, 1.5078422848091577e-06
n,5.990067005157471, -33.97134780883789, 1.5078422848091577e-06
n,5.990067005157471, -33.97134780883789, 1.5078422848091577e-06
n,5.990067005157471, -33.97134780883789, 1.5078422848091577e-06
n,5.990067005157471, -33.97134780883789, 1.5078422848091577e-06
n,5.990067005157471, -33.97134780883789, 1.5078422848091577e-06
n,5.990067005157471, -33.97134780883789, 1.5078422848091577e-06
n,5.990067005157471, -33.97134780883789, 1.5078422848091577e-06
n,5.990067005157471, -33.97134780883789, 1.5078422848091577e-06
n,5.990067005157471, -33.97134780883789, 1.5078422848091577e-06
n,5.990067005157471, -33.97134780883789, 1.5078422848091577e-06
n,5.990067005157471, -33.97134780883789, 1.5078422848091577e-06
n,5.990067005157471, -33.97134780883789, 1.5078422848091577e-06
n,5.990067005157471, -33.97134780883789, 1.5078422848091577e-06
n,5.990067005157471, -33.97134780883789, 1.5078422848091577e-06
n,5.990067005157471, -33.97134780883789, 1.5078422848091577e-06
n,5.990067005157471, -33.97134780883789, 1.5078422848091577e-06
n,5.990067005157471, -33.97134780883789, 1.5078422848091577e-06
n,5.990067005157471, -33.97134780883789, 1.5078422848091577e-06
n,5.990067005157471, -33.97134780883789, 1.5078422848091577e-06
n,5.990067005157471, -33.97134780883789, 1.5078422848091577e-06
n,5.990067005157471, -33.97134780883789, 1.5078422848091577e-06
n,5.990067005157471, -33.97134780883789, 1.5078422848091577e-06
n,5.990067005157471, -33.97134780883789, 1.5078422848091577e-06
n,5.990067005157471, -33.97134780883789, 1.5078422848091577e-06
n,5.990067005157471, -33.97134780883789, 1.5078422848091577e-06
n,5.990067005157471, -33.97134780883789, 1.5078422848091577e-06
n,5.990067005157471, -33.97134780883789, 1.5078422848091577e-06
n,5.990067005157471, -33.97134780883789, 1.5078422848091577e-06
n,5.990067005157471, -33.97134780883789, 1.5078422848091577e-06
n,5.990067005157471, -33.97134780883789, 1.5078422848091577e-06
n,5.990067005157471, -33.97134780883789, 1.5078422848091577e-06
n,5.990067005157471, -33.97134780883789, 1.5078422848091577e-06
n,5.990067005157471, -33.97134780883789, 1.5078422848091577e-06
n,5.990067005157471, -33.97134780883789, 1.5078422848091577e-06
n,5.990067005157471, -33.97134780883789, 1.5078422848091577e-06
n,5.990067005157471, -33.97134780883789, 1.5078422848091577e-06
n,5.990067005157471, -33.97134780883789, 1.5078422848091577e-06
n,5.990067005157471, -33.97134780883789, 1.5078422848091577e-06
n,5.990067005157471, -33.97134780883789, 1.5078422848091577e-06
n,5.990067005157471, -33.97134780883789, 1.5078422848091577e-06
n,5.990067005157471, -33.97134780883789, 1.5078422848091577e-06
n,5.990067005157471, -33.97134780883789, 1.5078422848091577e-06
n,5.990067005157471, -33.97134780883789, 1.5078422848091577e-06
n,5.990067005157471, -33.97134780883789, 1.5078422848091577e-06
n,5.990067005157471, -33.97134780883789, 1.5078422848091577e-06
n,5.990067005157471, -33.97134780883789, 1.5078422848091577e-06
n,5.990067005157471, -33.97134780883789, 1.5078422848091577e-06
n,5.990067005157471, -33.97134780883789, 1.5078422848091577e-06
n,5.990067005157471, -33.97134780883789, 1.5078422848091577e-06
n,5.990067005157471, -33.97134780883789, 1.5078422848091577e-06
n,5.990067005157471, -33.97134780883789, 1.5078422848091577e-06
n,5.990067005157471, -33.97134780883789, 1.5078422848091577e-06
n,5.990067005157471, -33.97134780883789, 1.5078422848091577e-06
n,5.990067005157471, -33.97134780883789, 1.5078422848091577e-06
n,5.990067005157471, -33.97134780883789, 1.5078422848091577e-06
n,5.990067005157471, -33.97134780883789, 1.5078422848091577e-06
n,5.990067005157471, -33.97134780883789, 1.5078422848091577e-06
n,5.990067005157471, -33.97134780883789, 1.5078422848091577e-06
n,5.990067005157471, -33.97134780883789, 1.5078422848091577e-06
n,5.990067005157471, -33.97134780883789, 1.5078422848091577e-06
n,5.990067005157471, -33.97134780883789, 1.5078422848091577e-06
n,5.990067005157471, -33.97134780883789, 1.5078422848091577e-06
n,5.990067005157471, -33.97134780883789, 1.5078422848091577e-06
n,5.990067005157471, -33.97134780883789, 1.5078422848091577e-06
n,5.990067005157471, -33.97134780883789, 1.5078422848091577e-06
n,5.990067005157471, -33.97134780883789, 1.5078422848091577e-06
n,5.990067005157471, -33.97134780883789, 1.5078422848091577e-06
n,5.990067005157471, -33.97134780883789, 1.5078422848091577e-06
n,5.990067005157471, -33.97134780883789, 1.5078422848091577e-06
n,5.990067005157471, -33.97134780883789, 1.5078422848091577e-06
n,5.990067005157471, -33.97134780883789, 1.5078422848091577e-06
n,5.990067005157471, -33.97134780883789, 1.5078422848091577e-06
n,5.990067005157471, -33.97134780883789, 1.5078422848091577e-06
n,5.990067005157471, -33.97134780883789, 1.5078422848091577e-06
n,5.990067005157471, -33.97134780883789, 1.5078422848091577e-06
n,5.990067005157471, -33.97134780883789, 1.5078422848091577e-06
n,5.990067005157471, -33.97134780883789, 1.5078422848091577e-06
n,5.990067005157471, -33.97134780883789, 1.5078422848091577e-06
n,5.990067005157471, -33.97134780883789, 1.5078422848091577e-06
n,5.990067005157471, -33.97134780883789, 1.5078422848091577e-06
n,5.990067005157471, -33.97134780883789, 1.5078422848091577e-06
n,5.990067005157471, -33.97134780883789, 1.5078422848091577e-06
n,5.990067005157471, -33.97134780883789, 1.5078422848091577e-06
n,5.990067005157471, -33.97134780883789, 1.5078422848091577e-06
n,5.990067005157471, -33.97134780883789, 1.5078422848091577e-06
n,5.990067005157471, -33.97134780883789, 1.5078422848091577e-06
n,5.990067005157471, -33.97134780883789, 1.5078422848091577e-06
n,5.990067005157471, -33.97134780883789, 1.5078422848091577e-06
n,5.990067005157471, -33.97134780883789, 1.5078422848091577e-06
n,5.990067005157471, -33.97134780883789, 1.5078422848091577e-06
n,5.990067005157471, -33.97134780883789, 1.5078422848091577e-06
n,5.990067005157471, -33.97134780883789, 1.5078422848091577e-06
n,5.990067005157471, -33.97134780883789, 1.5078422848091577e-06
n,5.990067005157471, -33.97134780883789, 1.5078422848091577e-06
n,5.990067005157471, -33.97134780883789, 1.5078422848091577e-06
n,5.990067005157471, -33.97134780883789, 1.5078422848091577e-06
n,5.990067005157471, -33.97134780883789, 1.5078422848091577e-06
n,5.990067005157471, -33.97134780883789, 1.5078422848091577e-06
n,5.990067005157471, -33.97134780883789, 1.5078422848091577e-06
n,5.990067005157471, -33.97134780883789, 1.5078422848091577e-06
n,5.990067005157471, -33.97134780883789, 1.5078422848091577e-06
n,5.990067005157471, -33.97134780883789, 1.5078422848091577e-06
n,5.990067005157471, -33.97134780883789, 1.5078422848091577e-06
n,5.990067005157471, -33.97134780883789, 1.5078422848091577e-06
n,5.990067005157471, -33.97134780883789, 1.5078422848091577e-06
n,5.990067005157471, -33.97134780883789, 1.5078422848091577e-06
n,5.990067005157471, -33.97134780883789, 1.5078422848091577e-06
n,5.990067005157471, -33.97134780883789, 1.5078422848091577e-06
n,5.990067005157471, -33.97134780883789, 1.5078422848091577e-06
n,5.990067005157471, -33.97134780883789, 1.5078422848091577e-06
n,5.990067005157471, -33.97134780883789, 1.5078422848091577e-06
n,5.990067005157471, -33.97134780883789, 1.5078422848091577e-06
n,5.990067005157471, -33.97134780883789, 1.5078422848091577e-06
n,5.990067005157471, -33.97134780883789, 1.5078422848091577e-06
n,5.990067005157471, -33.97134780883789, 1.5078422848091577e-06
n,5.990067005157471, -33.97134780883789, 1.5078422848091577e-06
n,5.990067005157471, -33.97134780883789, 1.5078422848091577e-06
n,5.990067005157471, -33.97134780883789, 1.5078422848091577e-06
n,5.990067005157471, -33.97134780883789, 1.5078422848091577e-06
n,5.990067005157471, -33.97134780883789, 1.5078422848091577e-06
n,5.990067005157471, -33.97134780883789, 1.5078422848091577e-06
n,5.990067005157471, -33.97134780883789, 1.5078422848091577e-06
n,5.990067005157471, -33.97134780883789, 1.5078422848091577e-06
n,5.990067005157471, -33.97134780883789, 1.5078422848091577e-06
n,5.990067005157471, -33.97134780883789, 1.5078422848091577e-06
n,5.990067005157471, -33.97134780883789, 1.5078422848091577e-06
n,5.990067005157471, -33.97134780883789, 1.5078422848091577e-06
n,5.990067005157471, -33.97134780883789, 1.5078422848091577e-06
n,5.990067005157471, -33.97134780883789, 1.5078422848091577e-06
n,5.990067005157471, -33.97134780883789, 1.5078422848091577e-06
n,5.990067005157471, -33.97134780883789, 1.5078422848091577e-06
n,5.990067005157471, -33.97134780883789, 1.5078422848091577e-06
n,5.990067005157471, -33.97134780883789, 1.5078422848091577e-06
n,5.990067005157471, -33.97134780883789, 1.5078422848091577e-06
n,5.990067005157471, -33.97134780883789, 1.5078422848091577e-06
n,5.990067005157471, -33.97134780883789, 1.5078422848091577e-06
n,5.990067005157471, -33.97134780883789, 1.5078422848091577e-06
n,5.990067005157471, -33.97134780883789, 1.5078422848091577e-06
n,5.990067005157471, -33.97134780883789, 1.5078422848091577e-06
n,5.990067005157471, -33.97134780883789, 1.5078422848091577e-06
n,5.990067005157471, -33.97134780883789, 1.5078422848091577e-06
n,5.990067005157471, -33.97134780883789, 1.5078422848091577e-06
n,5.990067005157471, -33.97134780883789, 1.5078422848091577e-06
n,5.990067005157471, -33.97134780883789, 1.5078422848091577e-06
n,5.990067005157471, -33.97134780883789, 1.5078422848091577e-06
n,5.990067005157471, -33.97134780883789, 1.5078422848091577e-06
n,5.990067005157471, -33.97134780883789, 1.5078422848091577e-06
n,5.990067005157471, -33.97134780883789, 1.5078422848091577e-06
n,5.990067005157471, -33.97134780883789, 1.5078422848091577e-06
n,5.990067005157471, -33.97134780883789, 1.5078422848091577e-06
n,5.990067005157471, -33.97134780883789, 1.5078422848091577e-06
n,5.990067005157471, -33.97134780883789, 1.5078422848091577e-06
n,5.990067005157471, -33.97134780883789, 1.5078422848091577e-06
n,-5.990067005157471, 33.97134780883789, -1.5078422848091577e-06
n,-5.990067005157471, 33.97134780883789, -1.5078422848091577e-06
n,-5.990067005157471, 33.97134780883789, -1.5078422848091577e-06
n,-5.990067005157471, 33.97134780883789, -1.5078422848091577e-06
n,-5.990067005157471, 33.97134780883789, -1.5078422848091577e-06
n,-5.990067005157471, 33.97134780883789, -1.5078422848091577e-06
n,-5.990067005157471, 33.97134780883789, -1.5078422848091577e-06
n,-5.990067005157471, 33.97134780883789, -1.5078422848091577e-06
n,-5.990067005157471, 33.97134780883789, -1.5078422848091577e-06
n,-5.990067005157471, 33.97134780883789, -1.5078422848091577e-06
n,-5.990067005157471, 33.97134780883789, -1.5078422848091577e-06
n,-5.990067005157471, 33.97134780883789, -1.5078422848091577e-06
n,-5.990067005157471, 33.97134780883789, -1.5078422848091577e-06
n,-5.990067005157471, 33.97134780883789, -1.5078422848091577e-06
n,-5.990067005157471, 33.97134780883789, -1.5078422848091577e-06
n,-5.990067005157471, 33.97134780883789, -1.5078422848091577e-06
n,-5.990067005157471, 33.97134780883789, -1.5078422848091577e-06
n,-5.990067005157471, 33.97134780883789, -1.5078422848091577e-06
n,-5.990067005157471, 33.97134780883789, -1.5078422848091577e-06
n,-5.990067005157471, 33.97134780883789, -1.5078422848091577e-06
n,-5.990067005157471, 33.97134780883789, -1.5078422848091577e-06
n,-5.990067005157471, 33.97134780883789, -1.5078422848091577e-06
n,-5.990067005157471, 33.97134780883789, -1.5078422848091577e-06
n,-5.990067005157471, 33.97134780883789, -1.5078422848091577e-06
n,-5.990067005157471, 33.97134780883789, -1.5078422848091577e-06
n,-5.990067005157471, 33.97134780883789, -1.5078422848091577e-06
n,-5.990067005157471, 33.97134780883789, -1.5078422848091577e-06
n,-5.990067005157471, 33.97134780883789, -1.5078422848091577e-06
n,-5.990067005157471, 33.97134780883789, -1.5078422848091577e-06
n,-5.990067005157471, 33.97134780883789, -1.5078422848091577e-06
n,-5.990067005157471, 33.97134780883789, -1.5078422848091577e-06
n,-5.990067005157471, 33.97134780883789, -1.5078422848091577e-06
n,-5.990067005157471, 33.97134780883789, -1.5078422848091577e-06
n,-5.990067005157471, 33.97134780883789, -1.5078422848091577e-06
n,-5.990067005157471, 33.97134780883789, -1.5078422848091577e-06
n,-5.990067005157471, 33.97134780883789, -1.5078422848091577e-06
n,-5.990067005157471, 33.97134780883789, -1.5078422848091577e-06
n,-5.990067005157471, 33.97134780883789, -1.5078422848091577e-06
n,-5.990067005157471, 33.97134780883789, -1.5078422848091577e-06
n,-5.990067005157471, 33.97134780883789, -1.5078422848091577e-06
n,-5.990067005157471, 33.97134780883789, -1.5078422848091577e-06
n,-5.990067005157471, 33.97134780883789, -1.5078422848091577e-06
n,-5.990067005157471, 33.97134780883789, -1.5078422848091577e-06
n,-5.990067005157471, 33.97134780883789, -1.5078422848091577e-06
n,-5.990067005157471, 33.97134780883789, -1.5078422848091577e-06
n,-5.990067005157471, 33.97134780883789, -1.5078422848091577e-06
n,-5.990067005157471, 33.97134780883789, -1.5078422848091577e-06
n,-5.990067005157471, 33.97134780883789, -1.5078422848091577e-06
n,-5.990067005157471, 33.97134780883789, -1.5078422848091577e-06
n,-5.990067005157471, 33.97134780883789, -1.5078422848091577e-06
n,-5.990067005157471, 33.97134780883789, -1.5078422848091577e-06
n,-5.990067005157471, 33.97134780883789, -1.5078422848091577e-06
n,-5.990067005157471, 33.97134780883789, -1.5078422848091577e-06
n,-5.990067005157471, 33.97134780883789, -1.5078422848091577e-06
n,-5.990067005157471, 33.97134780883789, -1.5078422848091577e-06
n,-5.990067005157471, 33.97134780883789, -1.5078422848091577e-06
n,-5.990067005157471, 33.97134780883789, -1.5078422848091577e-06
n,-5.990067005157471, 33.97134780883789, -1.5078422848091577e-06
n,-5.990067005157471, 33.97134780883789, -1.5078422848091577e-06
n,-5.990067005157471, 33.97134780883789, -1.5078422848091577e-06
n,-5.990067005157471, 33.97134780883789, -1.5078422848091577e-06
n,-5.990067005157471, 33.97134780883789, -1.5078422848091577e-06
n,-5.990067005157471, 33.97134780883789, -1.5078422848091577e-06
n,-5.990067005157471, 33.97134780883789, -1.5078422848091577e-06
n,-5.990067005157471, 33.97134780883789, -1.5078422848091577e-06
n,-5.990067005157471, 33.97134780883789, -1.5078422848091577e-06
n,-5.990067005157471, 33.97134780883789, -1.5078422848091577e-06
n,-5.990067005157471, 33.97134780883789, -1.5078422848091577e-06
n,-5.990067005157471, 33.97134780883789, -1.5078422848091577e-06
n,-5.990067005157471, 33.97134780883789, -1.5078422848091577e-06
n,-5.990067005157471, 33.97134780883789, -1.5078422848091577e-06
n,-5.990067005157471, 33.97134780883789, -1.5078422848091577e-06
n,-5.990067005157471, 33.97134780883789, -1.5078422848091577e-06
n,-5.990067005157471, 33.97134780883789, -1.5078422848091577e-06
n,-5.990067005157471, 33.97134780883789, -1.5078422848091577e-06
n,-5.990067005157471, 33.97134780883789, -1.5078422848091577e-06
n,-5.990067005157471, 33.97134780883789, -1.5078422848091577e-06
n,-5.990067005157471, 33.97134780883789, -1.5078422848091577e-06
n,-5.990067005157471, 33.97134780883789, -1.5078422848091577e-06
n,-5.990067005157471, 33.97134780883789, -1.5078422848091577e-06
n,-5.990067005157471, 33.97134780883789, -1.5078422848091577e-06
n,-5.990067005157471, 33.97134780883789, -1.5078422848091577e-06
n,-5.990067005157471, 33.97134780883789, -1.5078422848091577e-06
n,-5.990067005157471, 33.97134780883789, -1.5078422848091577e-06
n,-5.990067005157471, 33.97134780883789, -1.5078422848091577e-06
n,-5.990067005157471, 33.97134780883789, -1.5078422848091577e-06
n,-5.990067005157471, 33.97134780883789, -1.5078422848091577e-06
n,-5.990067005157471, 33.97134780883789, -1.5078422848091577e-06
n,-5.990067005157471, 33.97134780883789, -1.5078422848091577e-06
n,-5.990067005157471, 33.97134780883789, -1.5078422848091577e-06
n,-5.990067005157471, 33.97134780883789, -1.5078422848091577e-06
n,-5.990067005157471, 33.97134780883789, -1.5078422848091577e-06
n,-5.990067005157471, 33.97134780883789, -1.5078422848091577e-06
n,-5.990067005157471, 33.97134780883789, -1.5078422848091577e-06
n,-5.990067005157471, 33.97134780883789, -1.5078422848091577e-06
n,-5.990067005157471, 33.97134780883789, -1.5078422848091577e-06
n,-5.990067005157471, 33.97134780883789, -1.5078422848091577e-06
n,-5.990067005157471, 33.97134780883789, -1.5078422848091577e-06
n,-5.990067005157471, 33.97134780883789, -1.5078422848091577e-06
n,-5.990067005157471, 33.97134780883789, -1.5078422848091577e-06
n,-5.990067005157471, 33.97134780883789, -1.5078422848091577e-06
n,-5.990067005157471, 33.97134780883789, -1.5078422848091577e-06
n,-5.990067005157471, 33.97134780883789, -1.5078422848091577e-06
n,-5.990067005157471, 33.97134780883789, -1.5078422848091577e-06
n,-5.990067005157471, 33.97134780883789, -1.5078422848091577e-06
n,-5.990067005157471, 33.97134780883789, -1.5078422848091577e-06
n,-5.990067005157471, 33.97134780883789, -1.5078422848091577e-06
n,-5.990067005157471, 33.97134780883789, -1.5078422848091577e-06
n,-5.990067005157471, 33.97134780883789, -1.5078422848091577e-06
n,-5.990067005157471, 33.97134780883789, -1.5078422848091577e-06
n,-5.990067005157471, 33.97134780883789, -1.5078422848091577e-06
n,-5.990067005157471, 33.97134780883789, -1.5078422848091577e-06
n,-5.990067005157471, 33.97134780883789, -1.5078422848091577e-06
n,-5.990067005157471, 33.97134780883789, -1.5078422848091577e-06
n,-5.990067005157471, 33.97134780883789, -1.5078422848091577e-06
n,-5.990067005157471, 33.97134780883789, -1.5078422848091577e-06
n,-5.990067005157471, 33.97134780883789, -1.5078422848091577e-06
n,-5.990067005157471, 33.97134780883789, -1.5078422848091577e-06
n,-5.990067005157471, 33.97134780883789, -1.5078422848091577e-06
n,-5.990067005157471, 33.97134780883789, -1.5078422848091577e-06
n,-5.990067005157471, 33.97134780883789, -1.5078422848091577e-06
n,-5.990067005157471, 33.97134780883789, -1.5078422848091577e-06
n,-5.990067005157471, 33.97134780883789, -1.5078422848091577e-06
n,-5.990067005157471, 33.97134780883789, -1.5078422848091577e-06
n,-5.990067005157471, 33.97134780883789, -1.5078422848091577e-06
n,-5.990067005157471, 33.97134780883789, -1.5078422848091577e-06
n,-5.990067005157471, 33.97134780883789, -1.5078422848091577e-06
n,-5.990067005157471, 33.97134780883789, -1.5078422848091577e-06
n,-5.990067005157471, 33.97134780883789, -1.5078422848091577e-06
n,-5.990067005157471, 33.97134780883789, -1.5078422848091577e-06
n,-5.990067005157471, 33.97134780883789, -1.5078422848091577e-06
n,-5.990067005157471, 33.97134780883789, -1.5078422848091577e-06
n,-5.990067005157471, 33.97134780883789, -1.5078422848091577e-06
n,-5.990067005157471, 33.97134780883789, -1.5078422848091577e-06
n,-5.990067005157471, 33.97134780883789, -1.5078422848091577e-06
n,-5.990067005157471, 33.97134780883789, -1.5078422848091577e-06
n,-5.990067005157471, 33.97134780883789, -1.5078422848091577e-06
n,-5.990067005157471, 33.97134780883789, -1.5078422848091577e-06
n,-5.990067005157471, 33.97134780883789, -1.5078422848091577e-06
n,-5.990067005157471, 33.97134780883789, -1.5078422848091577e-06
n,-5.990067005157471, 33.97134780883789, -1.5078422848091577e-06
n,-5.990067005157471, 33.97134780883789, -1.5078422848091577e-06
n,-5.990067005157471, 33.97134780883789, -1.5078422848091577e-06
n,-5.990067005157471, 33.97134780883789, -1.5078422848091577e-06
n,-5.990067005157471, 33.97134780883789, -1.5078422848091577e-06
n,-5.990067005157471, 33.97134780883789, -1.5078422848091577e-06
n,-5.990067005157471, 33.97134780883789, -1.5078422848091577e-06
n,-5.990067005157471, 33.97134780883789, -1.5078422848091577e-06
n,-5.990067005157471, 33.97134780883789, -1.5078422848091577e-06
n,-5.990067005157471, 33.97134780883789, -1.5078422848091577e-06
n,-5.990067005157471, 33.97134780883789, -1.5078422848091577e-06
n,-5.990067005157471, 33.97134780883789, -1.5078422848091577e-06
n,-5.990067005157471, 33.97134780883789, -1.5078422848091577e-06
n,-5.990067005157471, 33.97134780883789, -1.5078422848091577e-06
n,-5.990067005157471, 33.97134780883789, -1.5078422848091577e-06
n,-5.990067005157471, 33.97134780883789, -1.5078422848091577e-06
n,-5.990067005157471, 33.97134780883789, -1.5078422848091577e-06
n,-5.990067005157471, 33.97134780883789, -1.5078422848091577e-06
n,-5.990067005157471, 33.97134780883789, -1.5078422848091577e-06
n,-5.990067005157471, 33.97134780883789, -1.5078422848091577e-06
n,-5.990067005157471, 33.97134780883789, -1.5078422848091577e-06
n,-5.990067005157471, 33.97134780883789, -1.5078422848091577e-06
n,-5.990067005157471, 33.97134780883789, -1.5078422848091577e-06
n,-5.990067005157471, 33.97134780883789, -1.5078422848091577e-06
n,-5.990067005157471, 33.97134780883789, -1.5078422848091577e-06
n,-5.990067005157471, 33.97134780883789, -1.5078422848091577e-06
n,-5.990067005157471, 33.97134780883789, -1.5078422848091577e-06
n,-5.990067005157471, 33.97134780883789, -1.5078422848091577e-06
n,-5.990067005157471, 33.97134780883789, -1.5078422848091577e-06
n,-5.990067005157471, 33.97134780883789, -1.5078422848091577e-06
n,-5.990067005157471, 33.97134780883789, -1.5078422848091577e-06
n,-5.990067005157471, 33.97134780883789, -1.5078422848091577e-06
n,-5.990067005157471, 33.97134780883789, -1.5078422848091577e-06
n,-5.990067005157471, 33.97134780883789, -1.5078422848091577e-06
n,-5.990067005157471, 33.97134780883789, -1.5078422848091577e-06
n,-5.990067005157471, 33.97134780883789, -1.5078422848091577e-06
n,-5.990067005157471, 33.97134780883789, -1.5078422848091577e-06
n,-5.990067005157471, 33.97134780883789, -1.5078422848091577e-06
n,-5.990067005157471, 33.97134780883789, -1.5078422848091577e-06
n,-5.990067005157471, 33.97134780883789, -1.5078422848091577e-06
n,-5.990067005157471, 33.97134780883789, -1.5078422848091577e-06
n,-5.990067005157471, 33.97134780883789, -1.5078422848091577e-06
n,-5.990067005157471, 33.97134780883789, -1.5078422848091577e-06
n,-5.990067005157471, 33.97134780883789, -1.5078422848091577e-06
n,-5.990067005157471, 33.97134780883789, -1.5078422848091577e-06
n,-5.990067005157471, 33.97134780883789, -1.5078422848091577e-06
n,-5.990067005157471, 33.97134780883789, -1.5078422848091577e-06
n,-5.990067005157471, 33.97134780883789, -1.5078422848091577e-06
n,-5.990067005157471, 33.97134780883789, -1.5078422848091577e-06
n,-5.990067005157471, 33.97134780883789, -1.5078422848091577e-06
n,-5.990067005157471, 33.97134780883789, -1.5078422848091577e-06
n,-5.990067005157471, 33.97134780883789, -1.5078422848091577e-06
n,-5.990067005157471, 33.97134780883789, -1.5078422848091577e-06
n,-5.990067005157471, 33.97134780883789, -1.5078422848091577e-06
n,-5.990067005157471, 33.97134780883789, -1.5078422848091577e-06
n,-5.990067005157471, 33.97134780883789, -1.5078422848091577e-06
n,-5.990067005157471, 33.97134780883789, -1.5078422848091577e-06
n,-5.990067005157471, 33.97134780883789, -1.5078422848091577e-06
n,-5.990067005157471, 33.97134780883789, -1.5078422848091577e-06
n,-5.990067005157471, 33.97134780883789, -1.5078422848091577e-06
n,-5.990067005157471, 33.97134780883789, -1.5078422848091577e-06
n,-5.990067005157471, 33.97134780883789, -1.5078422848091577e-06
n,-5.990067005157471, 33.97134780883789, -1.5078422848091577e-06
n,-5.990067005157471, 33.97134780883789, -1.5078422848091577e-06
n,-5.990067005157471, 33.97134780883789, -1.5078422848091577e-06
n,-5.990067005157471, 33.97134780883789, -1.5078422848091577e-06
n,-5.990067005157471, 33.97134780883789, -1.5078422848091577e-06
n,-5.990067005157471, 33.97134780883789, -1.5078422848091577e-06
n,-5.990067005157471, 33.97134780883789, -1.5078422848091577e-06
n,-5.990067005157471, 33.97134780883789, -1.5078422848091577e-06
n,-5.990067005157471, 33.97134780883789, -1.5078422848091577e-06
n,-5.990067005157471, 33.97134780883789, -1.5078422848091577e-06
n,-5.990067005157471, 33.97134780883789, -1.5078422848091577e-06
n,-5.990067005157471, 33.97134780883789, -1.5078422848091577e-06
n,-5.990067005157471, 33.97134780883789, -1.5078422848091577e-06
n,-5.990067005157471, 33.97134780883789, -1.5078422848091577e-06
n,-5.990067005157471, 33.97134780883789, -1.5078422848091577e-06
n,-5.990067005157471, 33.97134780883789, -1.5078422848091577e-06
n,-5.990067005157471, 33.97134780883789, -1.5078422848091577e-06
n,-5.990067005157471, 33.97134780883789, -1.5078422848091577e-06
n,-5.990067005157471, 33.97134780883789, -1.5078422848091577e-06
n,-5.990067005157471, 33.97134780883789, -1.5078422848091577e-06
n,-5.990067005157471, 33.97134780883789, -1.5078422848091577e-06
n,-5.990067005157471, 33.97134780883789, -1.5078422848091577e-06
n,-5.990067005157471, 33.97134780883789, -1.5078422848091577e-06
n,-5.990067005157471, 33.97134780883789, -1.5078422848091577e-06
n,-5.990067005157471, 33.97134780883789, -1.5078422848091577e-06
n,-5.990067005157471, 33.97134780883789, -1.5078422848091577e-06
n,-5.990067005157471, 33.97134780883789, -1.5078422848091577e-06
n,-5.990067005157471, 33.97134780883789, -1.5078422848091577e-06
n,-5.990067005157471, 33.97134780883789, -1.5078422848091577e-06
n,-5.990067005157471, 33.97134780883789, -1.5078422848091577e-06
n,-5.990067005157471, 33.97134780883789, -1.5078422848091577e-06
n,-5.990067005157471, 33.97134780883789, -1.5078422848091577e-06
n,2.619314432144165, 0.46185749769210815, 34.392723083496094
n,-32.676780700683594, -5.761800289154053, -9.432026863098145
n,-31.415014266967773, -5.5393171310424805, -13.128067970275879
n,-33.114097595214844, -5.838911056518555, -7.700459003448486
n,0.6812980771064758, 0.12012974172830582, -34.48847198486328
n,-32.534278869628906, -5.736672878265381, -9.926976203918457
n,-32.80003356933594, -5.783533096313477, -8.980080604553223
n,33.71803665161133, 5.945401668548584, 4.204712390899658
n,-0.49110060930252075, -0.08659584820270538, -34.49180603027344
n,0.29796797037124634, 0.052538275718688965, -34.494083404541016
n,1.3910963535308838, 0.24528636038303375, -34.46648025512695
n,4.785540580749512, 0.8438217043876648, 34.151424407958984
n,-5.975815773010254, -1.0536962747573853, 33.957515716552734
n,13.509119987487793, 2.3820245265960693, 31.6506404876709
n,-22.375307083129883, -3.9453701972961426, 25.955984115600586
n,20.880489349365234, 3.681795835494995, 27.209978103637695
n,-4.820748805999756, -0.8500299453735352, -34.14631652832031
n,6.727571487426758, 1.1862512826919556, -33.812217712402344
n,-15.239863395690918, -2.6872012615203857, -30.82951545715332
n,31.497333526611328, 5.553832054138184, 12.923090934753418
n,23.768192291259766, 4.190974235534668, -24.646339416503906
n,-23.83808708190918, -4.2032999992370605, -24.57663917541504
n,-32.72319030761719, -5.76998233795166, 9.26463794708252
n,-29.36107635498047, -5.177152156829834, -17.351015090942383
n,33.18394470214844, 5.851226329803467, -7.383915424346924
n,11.058125495910645, 1.9498450756072998, -32.616703033447266
n,-33.565940856933594, -5.918582916259766, -5.313333034515381
n,33.37041091918945, 5.884106159210205, 6.459587574005127
n,-30.235700607299805, -5.331371784210205, -15.726165771484375
n,1.5576235055923462, 0.2746526896953583, 34.45913314819336
n,30.39092254638672, 5.358741760253906, 15.414572715759277
n,-2.397782325744629, -0.42279234528541565, 34.40937805175781
n,6.98751974105835, 1.2320901155471802, 33.757816314697266
n,10.294564247131348, 1.815211296081543, 32.87339782714844
n,-25.2631778717041, -4.454582214355469, -23.0621337890625
n,15.53068733215332, 2.7384815216064453, 30.679502487182617
n,26.433961868286133, 4.661023139953613, 21.666885375976562
n,-12.028446197509766, -2.120938777923584, 32.26068115234375
n,24.444292068481445, 4.310190677642822, 23.954795837402344
n,-18.394683837890625, -3.243479013442993, 29.000839233398438
n,18.353097915649414, 3.2361485958099365, 29.02799415588379
n,22.38970947265625, 3.9479122161865234, 25.943174362182617
n,-27.36776351928711, -4.8256754875183105, 20.4365291595459
n,3.1268861293792725, 0.5513560771942139, 34.34897232055664
n,31.537473678588867, 5.560909748077393, 12.82175350189209
n,0.1802191287279129, 0.03177903965115547, 34.49492645263672
n,-2.5625545978546143, -0.45184919238090515, -34.397132873535156
n,11.087665557861328, 1.955053687095642, -32.606361389160156
n,0.8743623495101929, 0.15417218208312988, -34.483985900878906
n,-31.637271881103516, -5.578506946563721, -12.565692901611328
n,-32.6091194152832, -5.7498698234558105, -9.67044734954834
n,22.628149032592773, 3.9899556636810303, 25.72898292541504
n,-12.5486421585083, -2.2126662731170654, -32.05571746826172
n,-8.532699584960938, -1.5045469999313354, -33.38956069946289
n,-31.121044158935547, -5.487480640411377, 13.83117961883545
n,17.78221893310547, 3.1354849338531494, -29.392086029052734
n,-32.849822998046875, -5.7923126220703125, -8.790433883666992
n,-21.97306251525879, -3.874446153640747, -26.30791664123535
n,0.17658375203609467, 0.0311349555850029, -34.49494552612305
n,27.326406478881836, 4.81838321685791, -20.49350929260254
n,-18.79636573791504, -3.3143086433410645, -28.734045028686523
n,1.2414188385009766, 0.21889418363571167, -34.47237014770508
n,31.4720516204834, 5.549374103546143, 12.986448287963867
n,-26.23627281188965, -4.62616491317749, -21.913238525390625
n,31.18999481201172, 5.49963903427124, -13.67009449005127
n,-28.499357223510742, -5.025207996368408, -18.77411460876465
n,33.76613998413086, 5.953883171081543, -3.7858335971832275
n,-33.85493469238281, -5.969540119171143, 2.853297233581543
n,31.43630027770996, 5.543069839477539, 13.075432777404785
n,-30.63800048828125, -5.402308464050293, -14.901723861694336
n,-30.15216064453125, -5.316641330718994, -15.890686988830566
n,-33.89577865600586, -5.976742267608643, -2.2995381355285645
n,33.955970764160156, 5.9873552322387695, 1.0378531217575073
n,32.69889831542969, 5.765700340270996, 9.352645874023438
n,-32.63132858276367, -5.753785610198975, -9.592905044555664
n,31.546560287475586, 5.562511920928955, 12.79869270324707
n,-31.28586196899414, -5.516543865203857, -13.442319869995117
n,-26.276512145996094, -4.633260250091553, -21.863466262817383
n,29.37320327758789, 5.179290771484375, 17.3298397064209
n,-28.115358352661133, -4.957498550415039, -19.361902236938477
n,27.814735412597656, 4.904490947723389, 19.80454444885254
n,25.614166259765625, 4.516470909118652, 22.659420013427734
n,-23.23440170288086, -4.096854209899902, -25.165685653686523
n,-24.003190994262695, -4.232412338256836, -24.410385131835938
n,2.1566858291625977, 0.38028356432914734, 34.42582321166992
n,24.78673553466797, 4.370572566986084, 23.589176177978516
n,-31.150699615478516, -5.492711067199707, -13.762177467346191
n,24.14900016784668, 4.258122444152832, 24.261648178100586
n,4.990484237670898, 0.8799588084220886, 34.12116622924805
n,0.9875496029853821, 0.17413322627544403, 34.480831146240234
n,-32.127464294433594, -5.66494083404541, -11.210166931152344
n,23.549026489257812, 4.1523308753967285, 24.862316131591797
n,-32.45052719116211, -5.721905708312988, -10.205706596374512
n,-32.755008697509766, -5.775594234466553, -9.147963523864746
n,0.4224466383457184, 0.07448723167181015, -34.49274444580078
n,-32.64265823364258, -5.755783557891846, -9.553080558776855
n,1.5449517965316772, 0.2724152207374573, -34.459720611572266
n,-33.03610610961914, -5.825159072875977, -8.038445472717285
n,0.8157705664634705, 0.14384087920188904, -34.4854621887207
n,-0.7716440558433533, -0.1360601782798767, 34.48651123046875
n,8.09312915802002, 1.4270389080047607, 33.5022087097168
n,2.619574546813965, 0.46190333366394043, 34.3927001953125
n,-9.939909934997559, -1.7526735067367554, 32.985748291015625
n,-16.28914451599121, -2.8722152709960938, 30.2712345123291
n,11.382835388183594, 2.0071029663085938, 32.501319885253906
n,16.501678466796875, 2.9096932411193848, 30.152307510375977
n,23.090923309326172, 4.071555137634277, 25.301483154296875
n,19.22995376586914, 3.3907618522644043, 28.436687469482422
n,-1.5027153491973877, -0.2649708688259125, -34.461647033691406
n,-25.81439971923828, -4.5517754554748535, 22.423906326293945
n,31.523727416992188, 5.558485984802246, 12.856560707092285
n,-30.04197883605957, -5.297212600708008, 16.10441780090332
n,2.713585138320923, 0.478476881980896, -34.38518524169922
n,-11.185388565063477, -1.9722877740859985, -32.571929931640625
n,13.334134101867676, 2.3511669635772705, -31.72705841064453
n,-7.255457878112793, -1.2793349027633667, -33.69948196411133
n,-17.647350311279297, -3.111706256866455, -29.475784301757812
n,19.905031204223633, 3.509793996810913, -27.953609466552734
n,-20.962587356567383, -3.6962718963623047, -27.144811630249023
n,28.844680786132812, 5.086095809936523, -18.22222328186035
n,-25.48964500427246, -4.494514465332031, -22.803739547729492
n,-33.62712478637695, -5.929370880126953, 4.898218631744385
n,32.037052154541016, 5.648997783660889, -11.473857879638672
n,-27.888656616210938, -4.917525291442871, -19.69705581665039
n,31.459867477416992, 5.547225475311279, 13.016847610473633
n,-29.93363380432129, -5.278109550476074, -16.311119079589844
n,31.424819946289062, 5.541045665740967, 13.103848457336426
n,33.84280776977539, 5.96740198135376, 2.997987747192383
n,-30.4986515045166, -5.377737045288086, -15.193609237670898
n,-33.96292495727539, -5.988582134246826, -0.7679813504219055
n,33.90347671508789, 5.978099346160889, -2.1794345378875732
n,-32.995731353759766, -5.818039894104004, -8.207662582397461
n,-31.77069091796875, -5.60203218460083, -12.213677406311035
n,-28.820816040039062, -5.081890106201172, -18.261117935180664
n,32.32455062866211, 5.699692249298096, 10.609919548034668
n,31.155738830566406, 5.4935994148254395, 13.750407218933105
n,-26.844329833984375, -4.733381748199463, -21.1402587890625
n,-24.392465591430664, -4.301052093505859, -24.00920295715332
n,28.83575439453125, 5.084524154663086, 18.236780166625977
n,27.333961486816406, 4.8197174072265625, 20.48311996459961
n,-23.57038116455078, -4.156096458435059, -24.841442108154297
n,24.68348503112793, 4.352366924285889, 23.700544357299805
n,25.232873916625977, 4.4492387771606445, 23.096317291259766
n,4.3040385246276855, 0.7589199542999268, 34.21743392944336
n,-23.234405517578125, -4.096852779388428, 25.165681838989258
n,1.7335283756256104, 0.3056694567203522, 34.450469970703125
n,0.6573820114135742, 0.11591574549674988, 34.48895263671875
n,-31.98769187927246, -5.640295028686523, -11.614991188049316
n,-32.35614013671875, -5.705262660980225, -10.51016902923584
n,-32.611324310302734, -5.750258445739746, -9.662788391113281
n,23.973735809326172, 4.2272186279296875, 24.440214157104492
n,23.28824234008789, 4.106347560882568, 25.114320755004883
n,-32.96690368652344, -5.812956809997559, -8.326224327087402
n,0.9538275003433228, 0.1681840419769287, -34.4818115234375
n,-32.71411895751953, -5.768383979797363, -9.297614097595215
n,0.5502814650535583, 0.0970279797911644, -34.490882873535156
n,-33.20236587524414, -5.854475498199463, -7.298051834106445
n,3.6964271068573, 0.6517815589904785, 34.29059600830078
n,-7.9157586097717285, -1.3957607746124268, 33.54587936401367
n,12.457674980163574, 2.1966261863708496, 32.09228515625
n,20.07274627685547, 3.5393691062927246, 27.829679489135742
n,-24.155773162841797, -4.259315013885498, 24.25469398498535
n,4.668045997619629, 0.8231011033058167, -34.168190002441406
n,-6.017122268676758, -1.0609828233718872, -33.949989318847656
n,31.51038360595703, 5.556132793426514, 12.890251159667969
n,-16.460186004638672, -2.902376890182495, -30.175683975219727
n,21.910551071166992, 3.8634212017059326, -26.36161994934082
n,0.514329195022583, 0.09069167077541351, 34.491458892822266
n,9.196742057800293, 1.6216355562210083, 33.207279205322266
n,-14.155306816101074, -2.495961904525757, 31.35810661315918
n,-24.690732955932617, -4.353644847869873, -23.69275665283203
n,17.443138122558594, 3.075697898864746, 29.60085105895996
n,-33.25593566894531, -5.863919734954834, 7.042070388793945
n,-4.13358211517334, -0.7288606762886047, 34.23909378051758
n,5.8841071128845215, 1.03752863407135, 33.974021911621094
n,31.551471710205078, 5.563377857208252, 12.786192893981934
n,-29.67399024963379, -5.232327461242676, -16.793167114257812
n,32.693538665771484, 5.764754295349121, -9.371949195861816
n,14.532220840454102, 2.562424898147583, 31.17983055114746
n,-28.785259246826172, -5.075618267059326, 18.318851470947266
n,-20.435190200805664, -3.6032752990722656, 27.55635643005371
n,-0.489362508058548, -0.08628936856985092, -34.4918327331543
n,31.41365623474121, 5.539077281951904, 13.131415367126465
n,21.652854919433594, 3.8179848194122314, 26.580263137817383
n,-33.308876037597656, -5.873255729675293, -6.779172420501709
n,33.64033126831055, 5.931699752807617, 4.803780555725098
n,-9.844444274902344, -1.7358431816101074, -33.015254974365234
n,-3.6686768531799316, -0.6468884348869324, -34.293670654296875
n,15.578777313232422, 2.7469582557678223, -30.65435218811035
n,-29.570709228515625, -5.214116096496582, -16.9799747467041
n,8.875371932983398, 1.5649665594100952, -33.29732894897461
n,30.76953887939453, 5.425502300262451, 14.619604110717773
n,-13.927132606506348, -2.4557313919067383, -31.463275909423828
n,-19.902664184570312, -3.5093791484832764, -27.95534896850586
n,-24.811508178710938, -4.374940872192383, -23.562307357788086
n,-32.01443862915039, -5.645010471343994, 11.538761138916016
n,26.873722076416016, 4.738564491271973, 21.101715087890625
n,-27.087984085083008, -4.7763447761535645, -20.81732940673828
n,-22.932161331176758, -4.043560981750488, -25.44993019104004
n,30.13081932067871, 5.312877178192139, -15.932369232177734
n,25.583595275878906, 4.511078357696533, -22.69500732421875
n,24.5698299407959, 4.3323259353637695, 23.822002410888672
n,31.447956085205078, 5.5451250076293945, 13.046500205993652
n,31.484590530395508, 5.5515851974487305, 12.955073356628418
n,3.6858952045440674, 0.6499245166778564, 34.29176330566406
n,-33.959232330322266, -5.987930774688721, 0.9211916923522949
n,-30.33831787109375, -5.349465847015381, -15.5210542678833
n,0.35165467858314514, 0.06200776249170303, 34.49356460571289
n,33.96441650390625, 5.988844871520996, -0.6967648267745972
n,-28.977798461914062, -5.109570026397705, -18.003135681152344
n,-31.825897216796875, -5.611766815185547, -12.064566612243652
n,33.53352355957031, 5.912867069244385, -5.520350933074951
n,-32.67613220214844, -5.761685848236084, -9.434333801269531
n,-32.22111892700195, -5.681454658508301, -10.929503440856934
n,22.98502540588379, 4.052882194519043, 25.400712966918945
n,31.938007354736328, 5.631534576416016, 11.755126953125
n,-30.759977340698242, -5.423816204071045, -14.64033317565918
n,-33.76268768310547, -5.953274726867676, -3.817420244216919
n,-27.45667266845703, -4.8413543701171875, -20.313194274902344
n,-32.90517807006836, -5.802073001861572, -8.574292182922363
n,33.05154037475586, 5.827880382537842, 7.972764015197754
n,28.315662384033203, 4.9928178787231445, 19.058551788330078
n,0.0580783486366272, 0.010239252820611, -34.495361328125
n,1.095766305923462, 0.19321170449256897, -34.47745895385742
n,-30.77240562438965, -5.4260077476501465, -14.613381385803223
n,-23.64101791381836, -4.168551445007324, -24.77213478088379
n,29.92507553100586, 5.276600360870361, 16.327302932739258
n,24.86960220336914, 4.385184288024902, 23.499073028564453
n,5.756272315979004, 1.0149879455566406, 33.99659729003906
n,-25.750476837158203, -4.540505886077881, -22.499561309814453
n,1.345104694366455, 0.23717984557151794, 34.468360900878906
n,26.014278411865234, 4.587021350860596, 22.1844539642334
n,-32.24932098388672, -5.686427593231201, -10.843395233154297
n,-33.97134780883789, -5.990067005157471, -1.780140366169046e-14
n,23.775386810302734, 4.192244529724121, 24.639184951782227
n,24.304828643798828, 4.285599231719971, 24.100669860839844
n,2.619314432144165, 0.46185749769210815, 34.392723083496094
n,-32.676780700683594, -5.761800289154053, -9.432026863098145
n,-31.415014266967773, -5.5393171310424805, -13.128067970275879
n,-33.114097595214844, -5.838911056518555, -7.700459003448486
n,0.6812980771064758, 0.12012974172830582, -34.48847198486328
n,-32.534278869628906, -5.736672878265381, -9.926976203918457
n,-32.80003356933594, -5.783533096313477, -8.980080604553223
n,33.71803665161133, 5.945401668548584, 4.204712390899658
n,-0.49110060930252075, -0.08659584820270538, -34.49180603027344
n,0.29796797037124634, 0.052538275718688965, -34.494083404541016
n,1.3910963535308838, 0.24528636038303375, -34.46648025512695
n,4.785540580749512, 0.8438217043876648, 34.151424407958984
n,-5.975815773010254, -1.0536962747573853, 33.957515716552734
n,13.509119987487793, 2.3820245265960693, 31.6506404876709
n,-22.375307083129883, -3.9453701972961426, 25.955984115600586
n,20.880489349365234, 3.681795835494995, 27.209978103637695
n,-4.820748805999756, -0.8500299453735352, -34.14631652832031
n,6.727571487426758, 1.1862512826919556, -33.812217712402344
n,-15.239863395690918, -2.6872012615203857, -30.82951545715332
n,31.497333526611328, 5.553832054138184, 12.923090934753418
n,23.768192291259766, 4.190974235534668, -24.646339416503906
n,-23.83808708190918, -4.2032999992370605, -24.57663917541504
n,-32.72319030761719, -5.76998233795166, 9.26463794708252
n,-29.36107635498047, -5.177152156829834, -17.351015090942383
n,33.18394470214844, 5.851226329803467, -7.383915424346924
n,11.058125495910645, 1.9498450756072998, -32.616703033447266
n,-33.565940856933594, -5.918582916259766, -5.313333034515381
n,33.37041091918945, 5.884106159210205, 6.459587574005127
n,-30.235700607299805, -5.331371784210205, -15.726165771484375
n,1.5576235055923462, 0.2746526896953583, 34.45913314819336
n,30.39092254638672, 5.358741760253906, 15.414572715759277
n,-2.397782325744629, -0.42279234528541565, 34.40937805175781
n,6.98751974105835, 1.2320901155471802, 33.757816314697266
n,10.294564247131348, 1.815211296081543, 32.87339782714844
n,-25.2631778717041, -4.454582214355469, -23.0621337890625
n,15.53068733215332, 2.7384815216064453, 30.679502487182617
n,26.433961868286133, 4.661023139953613, 21.666885375976562
n,-12.028446197509766, -2.120938777923584, 32.26068115234375
n,24.444292068481445, 4.310190677642822, 23.954795837402344
n,-18.394683837890625, -3.243479013442993, 29.000839233398438
n,18.353097915649414, 3.2361485958099365, 29.02799415588379
n,22.38970947265625, 3.9479122161865234, 25.943174362182617
n,-27.36776351928711, -4.8256754875183105, 20.4365291595459
n,3.1268861293792725, 0.5513560771942139, 34.34897232055664
n,31.537473678588867, 5.560909748077393, 12.82175350189209
n,0.1802191287279129, 0.03177903965115547, 34.49492645263672
n,-2.5625545978546143, -0.45184919238090515, -34.397132873535156
n,11.087665557861328, 1.955053687095642, -32.606361389160156
n,0.8743623495101929, 0.15417218208312988, -34.483985900878906
n,-31.637271881103516, -5.578506946563721, -12.565692901611328
n,-32.6091194152832, -5.7498698234558105, -9.67044734954834
n,22.628149032592773, 3.9899556636810303, 25.72898292541504
n,-12.5486421585083, -2.2126662731170654, -32.05571746826172
n,-8.532699584960938, -1.5045469999313354, -33.38956069946289
n,-31.121044158935547, -5.487480640411377, 13.83117961883545
n,17.78221893310547, 3.1354849338531494, -29.392086029052734
n,-32.849822998046875, -5.7923126220703125, -8.790433883666992
n,-21.97306251525879, -3.874446153640747, -26.30791664123535
n,0.17658375203609467, 0.0311349555850029, -34.49494552612305
n,27.326406478881836, 4.81838321685791, -20.49350929260254
n,-18.79636573791504, -3.3143086433410645, -28.734045028686523
n,1.2414188385009766, 0.21889418363571167, -34.47237014770508
n,31.4720516204834, 5.549374103546143, 12.986448287963867
n,-26.23627281188965, -4.62616491317749, -21.913238525390625
n,31.18999481201172, 5.49963903427124, -13.67009449005127
n,-28.499357223510742, -5.025207996368408, -18.77411460876465
n,33.76613998413086, 5.953883171081543, -3.7858335971832275
n,-33.85493469238281, -5.969540119171143, 2.853297233581543
n,31.43630027770996, 5.543069839477539, 13.075432777404785
n,-30.63800048828125, -5.402308464050293, -14.901723861694336
n,-30.15216064453125, -5.316641330718994, -15.890686988830566
n,-33.89577865600586, -5.976742267608643, -2.2995381355285645
n,33.955970764160156, 5.9873552322387695, 1.0378531217575073
n,32.69889831542969, 5.765700340270996, 9.352645874023438
n,-32.63132858276367, -5.753785610198975, -9.592905044555664
n,31.546560287475586, 5.562511920928955, 12.79869270324707
n,-31.28586196899414, -5.516543865203857, -13.442319869995117
n,-26.276512145996094, -4.633260250091553, -21.863466262817383
n,29.37320327758789, 5.179290771484375, 17.3298397064209
n,-28.115358352661133, -4.957498550415039, -19.361902236938477
n,27.814735412597656, 4.904490947723389, 19.80454444885254
n,25.614166259765625, 4.516470909118652, 22.659420013427734
n,-23.23440170288086, -4.096854209899902, -25.165685653686523
n,-24.003190994262695, -4.232412338256836, -24.410385131835938
n,2.1566858291625977, 0.38028356432914734, 34.42582321166992
n,24.78673553466797, 4.370572566986084, 23.589176177978516
n,-31.150699615478516, -5.492711067199707, -13.762177467346191
n,24.14900016784668, 4.258122444152832, 24.261648178100586
n,4.990484237670898, 0.8799588084220886, 34.12116622924805
n,0.9875496029853821, 0.17413322627544403, 34.480831146240234
n,-32.127464294433594, -5.66494083404541, -11.210166931152344
n,23.549026489257812, 4.1523308753967285, 24.862316131591797
n,-32.45052719116211, -5.721905708312988, -10.205706596374512
n,-32.755008697509766, -5.775594234466553, -9.147963523864746
n,0.4224466383457184, 0.07448723167181015, -34.49274444580078
n,-32.64265823364258, -5.755783557891846, -9.553080558776855
n,1.5449517965316772, 0.2724152207374573, -34.459720611572266
n,-33.03610610961914, -5.825159072875977, -8.038445472717285
n,0.8157705664634705, 0.14384087920188904, -34.4854621887207
n,-0.7716440558433533, -0.1360601782798767, 34.48651123046875
n,8.09312915802002, 1.4270389080047607, 33.5022087097168
n,2.619574546813965, 0.46190333366394043, 34.3927001953125
n,-9.939909934997559, -1.7526735067367554, 32.985748291015625
n,-16.28914451599121, -2.8722152709960938, 30.2712345123291
n,11.382835388183594, 2.0071029663085938, 32.501319885253906
n,16.501678466796875, 2.9096932411193848, 30.152307510375977
n,23.090923309326172, 4.071555137634277, 25.301483154296875
n,19.22995376586914, 3.3907618522644043, 28.436687469482422
n,-1.5027153491973877, -0.2649708688259125, -34.461647033691406
n,-25.81439971923828, -4.5517754554748535, 22.423906326293945
n,31.523727416992188, 5.558485984802246, 12.856560707092285
n,-30.04197883605957, -5.297212600708008, 16.10441780090332
n,2.713585138320923, 0.478476881980896, -34.38518524169922
n,-11.185388565063477, -1.9722877740859985, -32.571929931640625
n,13.334134101867676, 2.3511669635772705, -31.72705841064453
n,-7.255457878112793, -1.2793349027633667, -33.69948196411133
n,-17.647350311279297, -3.111706256866455, -29.475784301757812
n,19.905031204223633, 3.509793996810913, -27.953609466552734
n,-20.962587356567383, -3.6962718963623047, -27.144811630249023
n,28.844680786132812, 5.086095809936523, -18.22222328186035
n,-25.48964500427246, -4.494514465332031, -22.803739547729492
n,-33.62712478637695, -5.929370880126953, 4.898218631744385
n,32.037052154541016, 5.648997783660889, -11.473857879638672
n,-27.888656616210938, -4.917525291442871, -19.69705581665039
n,31.459867477416992, 5.547225475311279, 13.016847610473633
n,-29.93363380432129, -5.278109550476074, -16.311119079589844
n,31.424819946289062, 5.541045665740967, 13.103848457336426
n,33.84280776977539, 5.96740198135376, 2.997987747192383
n,-30.4986515045166, -5.377737045288086, -15.193609237670898
n,-33.96292495727539, -5.988582134246826, -0.7679813504219055
n,33.90347671508789, 5.978099346160889, -2.1794345378875732
n,-32.995731353759766, -5.818039894104004, -8.207662582397461
n,-31.77069091796875, -5.60203218460083, -12.213677406311035
n,-28.820816040039062, -5.081890106201172, -18.261117935180664
n,32.32455062866211, 5.699692249298096, 10.609919548034668
n,31.155738830566406, 5.4935994148254395, 13.750407218933105
n,-26.844329833984375, -4.733381748199463, -21.1402587890625
n,-24.392465591430664, -4.301052093505859, -24.00920295715332
n,28.83575439453125, 5.084524154663086, 18.236780166625977
n,27.333961486816406, 4.8197174072265625, 20.48311996459961
n,-23.57038116455078, -4.156096458435059, -24.841442108154297
n,24.68348503112793, 4.352366924285889, 23.700544357299805
n,25.232873916625977, 4.4492387771606445, 23.096317291259766
n,4.3040385246276855, 0.7589199542999268, 34.21743392944336
n,-23.234405517578125, -4.096852779388428, 25.165681838989258
n,1.7335283756256104, 0.3056694567203522, 34.450469970703125
n,0.6573820114135742, 0.11591574549674988, 34.48895263671875
n,-31.98769187927246, -5.640295028686523, -11.614991188049316
n,-32.35614013671875, -5.705262660980225, -10.51016902923584
n,-32.611324310302734, -5.750258445739746, -9.662788391113281
n,23.973735809326172, 4.2272186279296875, 24.440214157104492
n,23.28824234008789, 4.106347560882568, 25.114320755004883
n,-32.96690368652344, -5.812956809997559, -8.326224327087402
n,0.9538275003433228, 0.1681840419769287, -34.4818115234375
n,-32.71411895751953, -5.768383979797363, -9.297614097595215
n,0.5502814650535583, 0.0970279797911644, -34.490882873535156
n,-33.20236587524414, -5.854475498199463, -7.298051834106445
n,3.6964271068573, 0.6517815589904785, 34.29059600830078
n,-7.9157586097717285, -1.3957607746124268, 33.54587936401367
n,12.457674980163574, 2.1966261863708496, 32.09228515625
n,20.07274627685547, 3.5393691062927246, 27.829679489135742
n,-24.155773162841797, -4.259315013885498, 24.25469398498535
n,4.668045997619629, 0.8231011033058167, -34.168190002441406
n,-6.017122268676758, -1.0609828233718872, -33.949989318847656
n,31.51038360595703, 5.556132793426514, 12.890251159667969
n,-16.460186004638672, -2.902376890182495, -30.175683975219727
n,21.910551071166992, 3.8634212017059326, -26.36161994934082
n,0.514329195022583, 0.09069167077541351, 34.491458892822266
n,9.196742057800293, 1.6216355562210083, 33.207279205322266
n,-14.155306816101074, -2.495961904525757, 31.35810661315918
n,-24.690732955932617, -4.353644847869873, -23.69275665283203
n,17.443138122558594, 3.075697898864746, 29.60085105895996
n,-33.25593566894531, -5.863919734954834, 7.042070388793945
n,-4.13358211517334, -0.7288606762886047, 34.23909378051758
n,5.8841071128845215, 1.03752863407135, 33.974021911621094
n,31.551471710205078, 5.563377857208252, 12.786192893981934
n,-29.67399024963379, -5.232327461242676, -16.793167114257812
n,32.693538665771484, 5.764754295349121, -9.371949195861816
n,14.532220840454102, 2.562424898147583, 31.17983055114746
n,-28.785259246826172, -5.075618267059326, 18.318851470947266
n,-20.435190200805664, -3.6032752990722656, 27.55635643005371
n,-0.489362508058548, -0.08628936856985092, -34.4918327331543
n,31.41365623474121, 5.539077281951904, 13.131415367126465
n,21.652854919433594, 3.8179848194122314, 26.580263137817383
n,-33.308876037597656, -5.873255729675293, -6.779172420501709
n,33.64033126831055, 5.931699752807617, 4.803780555725098
n,-9.844444274902344, -1.7358431816101074, -33.015254974365234
n,-3.6686768531799316, -0.6468884348869324, -34.293670654296875
n,15.578777313232422, 2.7469582557678223, -30.65435218811035
n,-29.570709228515625, -5.214116096496582, -16.9799747467041
n,8.875371932983398, 1.5649665594100952, -33.29732894897461
n,30.76953887939453, 5.425502300262451, 14.619604110717773
n,-13.927132606506348, -2.4557313919067383, -31.463275909423828
n,-19.902664184570312, -3.5093791484832764, -27.95534896850586
n,-24.811508178710938, -4.374940872192383, -23.562307357788086
n,-32.01443862915039, -5.645010471343994, 11.538761138916016
n,26.873722076416016, 4.738564491271973, 21.101715087890625
n,-27.087984085083008, -4.7763447761535645, -20.81732940673828
n,-22.932161331176758, -4.043560981750488, -25.44993019104004
n,30.13081932067871, 5.312877178192139, -15.932369232177734
n,25.583595275878906, 4.511078357696533, -22.69500732421875
n,24.5698299407959, 4.3323259353637695, 23.822002410888672
n,31.447956085205078, 5.5451250076293945, 13.046500205993652
n,31.484590530395508, 5.5515851974487305, 12.955073356628418
n,3.6858952045440674, 0.6499245166778564, 34.29176330566406
n,-33.959232330322266, -5.987930774688721, 0.9211916923522949
n,-30.33831787109375, -5.349465847015381, -15.5210542678833
n,0.35165467858314514, 0.06200776249170303, 34.49356460571289
n,33.96441650390625, 5.988844871520996, -0.6967648267745972
n,-28.977798461914062, -5.109570026397705, -18.003135681152344
n,-31.825897216796875, -5.611766815185547, -12.064566612243652
n,33.53352355957031, 5.912867069244385, -5.520350933074951
n,-32.67613220214844, -5.761685848236084, -9.434333801269531
n,-32.22111892700195, -5.681454658508301, -10.929503440856934
n,22.98502540588379, 4.052882194519043, 25.400712966918945
n,31.938007354736328, 5.631534576416016, 11.755126953125
n,-30.759977340698242, -5.423816204071045, -14.64033317565918
n,-33.76268768310547, -5.953274726867676, -3.817420244216919
n,-27.45667266845703, -4.8413543701171875, -20.313194274902344
n,-32.90517807006836, -5.802073001861572, -8.574292182922363
n,33.05154037475586, 5.827880382537842, 7.972764015197754
n,28.315662384033203, 4.9928178787231445, 19.058551788330078
n,0.0580783486366272, 0.010239252820611, -34.495361328125
n,1.095766305923462, 0.19321170449256897, -34.47745895385742
n,-30.77240562438965, -5.4260077476501465, -14.613381385803223
n,-23.64101791381836, -4.168551445007324, -24.77213478088379
n,29.92507553100586, 5.276600360870361, 16.327302932739258
n,24.86960220336914, 4.385184288024902, 23.499073028564453
n,5.756272315979004, 1.0149879455566406, 33.99659729003906
n,-25.750476837158203, -4.540505886077881, -22.499561309814453
n,1.345104694366455, 0.23717984557151794, 34.468360900878906
n,26.014278411865234, 4.587021350860596, 22.1844539642334
n,-32.24932098388672, -5.686427593231201, -10.843395233154297
n,-33.97134780883789, -5.990067005157471, -1.780140366169046e-14
n,23.775386810302734, 4.192244529724121, 24.639184951782227
n,24.304828643798828, 4.285599231719971, 24.100669860839844
u,0.6329211592674255, 0.6284479200839996, 0
u,0.6293289661407471, 0.6283769905567169, 0
u,0.6215085387229919, 0.628518670797348, 0
u,0.6364748477935791, 0.6286274492740631, 0
u,0.6329211592674255, 0.6284479200839996, 0
u,0.6215085387229919, 0.628518670797348, 0
u,0.6364748477935791, 0.6286274492740631, 0
u,0.6215085387229919, 0.628518670797348, 0
u,0.6139730215072632, 0.6290170252323151, 0
u,0.639989972114563, 0.6289155781269073, 0
u,0.6364748477935791, 0.6286274492740631, 0
u,0.6139730215072632, 0.6290170252323151, 0
u,0.6434664726257324, 0.6293123364448547, 0
u,0.639989972114563, 0.6289155781269073, 0
u,0.6139730215072632, 0.6290170252323151, 0
u,0.6434664726257324, 0.6293123364448547, 0
u,0.6139730215072632, 0.6290170252323151, 0
u,0.6067222952842712, 0.629872053861618, 0
u,0.6469044089317322, 0.6298176646232605, 0
u,0.6434664726257324, 0.6293123364448547, 0
u,0.6067222952842712, 0.629872053861618, 0
u,0.6503037810325623, 0.6304316222667694, 0
u,0.6469044089317322, 0.6298176646232605, 0
u,0.6067222952842712, 0.629872053861618, 0
u,0.6503037810325623, 0.6304316222667694, 0
u,0.6067222952842712, 0.629872053861618, 0
u,0.5997563600540161, 0.6310837268829346, 0
u,0.6536645889282227, 0.6311542093753815, 0
u,0.6503037810325623, 0.6304316222667694, 0
u,0.5997563600540161, 0.6310837268829346, 0
u,0.6569868326187134, 0.6319853663444519, 0
u,0.6536645889282227, 0.6311542093753815, 0
u,0.5997563600540161, 0.6310837268829346, 0
u,0.6569868326187134, 0.6319853663444519, 0
u,0.5997563600540161, 0.6310837268829346, 0
u,0.5930752754211426, 0.6326521039009094, 0
u,0.6602705121040344, 0.6329251229763031, 0
u,0.6569868326187134, 0.6319853663444519, 0
u,0.5930752754211426, 0.6326521039009094, 0
u,0.663515567779541, 0.6339735090732574, 0
u,0.6602705121040344, 0.6329251229763031, 0
u,0.5930752754211426, 0.6326521039009094, 0
u,0.663515567779541, 0.6339735090732574, 0
u,0.5930752754211426, 0.6326521039009094, 0
u,0.5866789817810059, 0.6345771253108978, 0
u,0.6667220592498779, 0.6351304948329926, 0
u,0.663515567779541, 0.6339735090732574, 0
u,0.5866789817810059, 0.6345771253108978, 0
u,0.6667220592498779, 0.6351304948329926, 0
u,0.5866789817810059, 0.6345771253108978, 0
u,0.5805675387382507, 0.6368588209152222, 0
u,0.6698900461196899, 0.6363960802555084, 0
u,0.6667220592498779, 0.6351304948329926, 0
u,0.5805675387382507, 0.6368588209152222, 0
u,0.6730211973190308, 0.6377702951431274, 0
u,0.6698900461196899, 0.6363960802555084, 0
u,0.5805675387382507, 0.6368588209152222, 0
u,0.6730211973190308, 0.6377702951431274, 0
u,0.5805675387382507, 0.6368588209152222, 0
u,0.5747409462928772, 0.6394971907138824, 0
u,0.6761174201965332, 0.6392531096935272, 0
u,0.6730211973190308, 0.6377702951431274, 0
u,0.5747409462928772, 0.6394971907138824, 0
u,0.6791787147521973, 0.6408445537090302, 0
u,0.6761174201965332, 0.6392531096935272, 0
u,0.5747409462928772, 0.6394971907138824, 0
u,0.6791787147521973, 0.6408445537090302, 0
u,0.5747409462928772, 0.6394971907138824, 0
u,0.5691991448402405, 0.6424922347068787, 0
u,0.6822050213813782, 0.6425446271896362, 0
u,0.6791787147521973, 0.6408445537090302, 0
u,0.5691991448402405, 0.6424922347068787, 0
u,0.6851963996887207, 0.6443533301353455, 0
u,0.6822050213813782, 0.6425446271896362, 0
u,0.5691991448402405, 0.6424922347068787, 0
u,0.6851963996887207, 0.6443533301353455, 0
u,0.5691991448402405, 0.6424922347068787, 0
u,0.5639421343803406, 0.6458439528942108, 0
u,0.6881528496742249, 0.6462706625461578, 0
u,0.6851963996887207, 0.6443533301353455, 0
u,0.5639421343803406, 0.6458439528942108, 0
u,0.6910743117332458, 0.648296594619751, 0
u,0.6881528496742249, 0.6462706625461578, 0
u,0.5639421343803406, 0.6458439528942108, 0
u,0.6910743117332458, 0.648296594619751, 0
u,0.5639421343803406, 0.6458439528942108, 0
u,0.5589699745178223, 0.6495523452758789, 0
u,0.6939608454704285, 0.6504311859607697, 0
u,0.6910743117332458, 0.648296594619751, 0
u,0.5589699745178223, 0.6495523452758789, 0
u,0.6939608454704285, 0.6504311859607697, 0
u,0.5589699745178223, 0.6495523452758789, 0
u,0.5542826652526855, 0.6536174118518829, 0
u,0.6968124508857727, 0.6526743769645691, 0
u,0.6939608454704285, 0.6504311859607697, 0
u,0.5542826652526855, 0.6536174118518829, 0
u,0.6996290683746338, 0.6550261676311493, 0
u,0.6968124508857727, 0.6526743769645691, 0
u,0.5542826652526855, 0.6536174118518829, 0
u,0.6996290683746338, 0.6550261676311493, 0
u,0.5542826652526855, 0.6536174118518829, 0
u,0.5499257445335388, 0.657983124256134, 0
u,0.7024107575416565, 0.657486617565155, 0
u,0.6996290683746338, 0.6550261676311493, 0
u,0.5499257445335388, 0.657983124256134, 0
u,0.7051575183868408, 0.6600556671619415, 0
u,0.7024107575416565, 0.657486617565155, 0
u,0.5499257445335388, 0.657983124256134, 0
u,0.7051575183868408, 0.6600556671619415, 0
u,0.5499257445335388, 0.657983124256134, 0
u,0.5459448099136353, 0.6625935435295105, 0
u,0.7073689699172974, 0.6656718254089355, 0
u,0.7051575183868408, 0.6600556671619415, 0
u,0.5459448099136353, 0.6625935435295105, 0
u,0.7073689699172974, 0.6656718254089355, 0
u,0.5459448099136353, 0.6625935435295105, 0
u,0.5423398613929749, 0.6674486398696899, 0
u,0.7096163034439087, 0.6713606715202332, 0
u,0.7073689699172974, 0.6656718254089355, 0
u,0.5423398613929749, 0.6674486398696899, 0
u,0.7096163034439087, 0.6713606715202332, 0
u,0.5423398613929749, 0.6674486398696899, 0
u,0.5391108989715576, 0.6725484132766724, 0
u,0.7118996381759644, 0.6771222054958344, 0
u,0.7096163034439087, 0.6713606715202332, 0
u,0.6530219316482544, 0.6724961996078491, 0
u,0.6530219316482544, 0.6724961996078491, 0
u,0.7096163034439087, 0.6713606715202332, 0
u,0.6505041718482971, 0.6723730862140656, 0
u,0.6505041718482971, 0.6723730862140656, 0
u,0.7096163034439087, 0.6713606715202332, 0
u,0.6479244232177734, 0.6723240613937378, 0
u,0.6479244232177734, 0.6723240613937378, 0
u,0.7096163034439087, 0.6713606715202332, 0
u,0.5391108989715576, 0.6725484132766724, 0
u,0.6437349319458008, 0.672412633895874, 0
u,0.6479244232177734, 0.6723240613937378, 0
u,0.5391108989715576, 0.6725484132766724, 0
u,0.6396949291229248, 0.6727176606655121, 0
u,0.6437349319458008, 0.672412633895874, 0
u,0.5391108989715576, 0.6725484132766724, 0
u,0.7118996381759644, 0.6771222054958344, 0
u,0.6530219316482544, 0.6724961996078491, 0
u,0.6554777026176453, 0.6726933419704437, 0
u,0.7118996381759644, 0.6771222054958344, 0
u,0.6554777026176453, 0.6726933419704437, 0
u,0.6578715443611145, 0.6729645431041718, 0
u,0.6358044147491455, 0.673239141702652, 0
u,0.6396949291229248, 0.6727176606655121, 0
u,0.5391108989715576, 0.6725484132766724, 0
u,0.7118996381759644, 0.6771222054958344, 0
u,0.6578715443611145, 0.6729645431041718, 0
u,0.6602033376693726, 0.6733097732067108, 0
u,0.6358044147491455, 0.673239141702652, 0
u,0.5391108989715576, 0.6725484132766724, 0
u,0.5362579226493835, 0.6778928637504578, 0
u,0.7118996381759644, 0.6771222054958344, 0
u,0.6602033376693726, 0.6733097732067108, 0
u,0.662473201751709, 0.6737290620803833, 0
u,0.6320634484291077, 0.6739770472049713, 0
u,0.6358044147491455, 0.673239141702652, 0
u,0.5362579226493835, 0.6778928637504578, 0
u,0.7118996381759644, 0.6771222054958344, 0
u,0.662473201751709, 0.6737290620803833, 0
u,0.6646810173988342, 0.6742224097251892, 0
u,0.6284719109535217, 0.6749314069747925, 0
u,0.6320634484291077, 0.6739770472049713, 0
u,0.5362579226493835, 0.6778928637504578, 0
u,0.7118996381759644, 0.6771222054958344, 0
u,0.6646810173988342, 0.6742224097251892, 0
u,0.6668268442153931, 0.6747897863388062, 0
u,0.7118996381759644, 0.6771222054958344, 0
u,0.6668268442153931, 0.6747897863388062, 0
u,0.6689107418060303, 0.6754312515258789, 0
u,0.6250298619270325, 0.6761022210121155, 0
u,0.6284719109535217, 0.6749314069747925, 0
u,0.5362579226493835, 0.6778928637504578, 0
u,0.7118996381759644, 0.6771222054958344, 0
u,0.6689107418060303, 0.6754312515258789, 0
u,0.6709326505661011, 0.6761467158794403, 0
u,0.7118996381759644, 0.6771222054958344, 0
u,0.6709326505661011, 0.6761467158794403, 0
u,0.6728925704956055, 0.6769362688064575, 0
u,0.6217373013496399, 0.6774894893169403, 0
u,0.6250298619270325, 0.6761022210121155, 0
u,0.5362579226493835, 0.6778928637504578, 0
u,0.7118996381759644, 0.6771222054958344, 0
u,0.6728925704956055, 0.6769362688064575, 0
u,0.6747905015945435, 0.6777998507022858, 0
u,0.7142189145088196, 0.6829564273357391, 0
u,0.7118996381759644, 0.6771222054958344, 0
u,0.6747905015945435, 0.6777998507022858, 0
u,0.618594229221344, 0.6790931522846222, 0
u,0.6217373013496399, 0.6774894893169403, 0
u,0.5362579226493835, 0.6778928637504578, 0
u,0.7142189145088196, 0.6829564273357391, 0
u,0.6747905015945435, 0.6777998507022858, 0
u,0.6766391396522522, 0.6787384748458862, 0
u,0.618594229221344, 0.6790931522846222, 0
u,0.5362579226493835, 0.6778928637504578, 0
u,0.5337809324264526, 0.6834820210933685, 0
u,0.7142189145088196, 0.6829564273357391, 0
u,0.6766391396522522, 0.6787384748458862, 0
u,0.6784511208534241, 0.6797530651092529, 0
u,0.6156006455421448, 0.6809132993221283, 0
u,0.618594229221344, 0.6790931522846222, 0
u,0.5337809324264526, 0.6834820210933685, 0
u,0.7142189145088196, 0.6829564273357391, 0
u,0.6784511208534241, 0.6797530651092529, 0
u,0.6802265644073486, 0.6808436214923859, 0
u,0.7142189145088196, 0.6829564273357391, 0
u,0.6802265644073486, 0.6808436214923859, 0
u,0.6819653511047363, 0.6820101737976074, 0
u,0.6127565503120422, 0.6829498708248138, 0
u,0.6156006455421448, 0.6809132993221283, 0
u,0.5337809324264526, 0.6834820210933685, 0
u,0.7142189145088196, 0.6829564273357391, 0
u,0.6819653511047363, 0.6820101737976074, 0
u,0.6836675405502319, 0.6832527220249176, 0
u,0.7165740728378296, 0.6888633072376251, 0
u,0.7142189145088196, 0.6829564273357391, 0
u,0.6836675405502319, 0.6832527220249176, 0
u,0.7165740728378296, 0.6888633072376251, 0
u,0.6836675405502319, 0.6832527220249176, 0
u,0.6853330731391907, 0.6845712065696716, 0
u,0.6100619435310364, 0.6852028965950012, 0
u,0.6127565503120422, 0.6829498708248138, 0
u,0.5337809324264526, 0.6834820210933685, 0
u,0.6100619435310364, 0.6852028965950012, 0
u,0.5337809324264526, 0.6834820210933685, 0
u,0.5316799879074097, 0.6893158257007599, 0
u,0.7165740728378296, 0.6888633072376251, 0
u,0.6853330731391907, 0.6845712065696716, 0
u,0.6869620680809021, 0.6859657168388367, 0
u,0.6075168251991272, 0.687672346830368, 0
u,0.6100619435310364, 0.6852028965950012, 0
u,0.5316799879074097, 0.6893158257007599, 0
u,0.7165740728378296, 0.6888633072376251, 0
u,0.6869620680809021, 0.6859657168388367, 0
u,0.6885544061660767, 0.6874361634254456, 0
u,0.7165740728378296, 0.6888633072376251, 0
u,0.6885544061660767, 0.6874361634254456, 0
u,0.6901101469993591, 0.6889826357364655, 0
u,0.605148434638977, 0.6903583705425262, 0
u,0.6075168251991272, 0.687672346830368, 0
u,0.5316799879074097, 0.6893158257007599, 0
u,0.7189651131629944, 0.6948429048061371, 0
u,0.7165740728378296, 0.6888633072376251, 0
u,0.6901101469993591, 0.6889826357364655, 0
u,0.7189651131629944, 0.6948429048061371, 0
u,0.6901101469993591, 0.6889826357364655, 0
u,0.6916292905807495, 0.6906050443649292, 0
u,0.605148434638977, 0.6903583705425262, 0
u,0.5316799879074097, 0.6893158257007599, 0
u,0.5299549698829651, 0.6953943073749542, 0
u,0.7189651131629944, 0.6948429048061371, 0
u,0.6916292905807495, 0.6906050443649292, 0
u,0.6931118369102478, 0.6923034489154816, 0
u,0.6029838919639587, 0.6932610869407654, 0
u,0.605148434638977, 0.6903583705425262, 0
u,0.5299549698829651, 0.6953943073749542, 0
u,0.7189651131629944, 0.6948429048061371, 0
u,0.6931118369102478, 0.6923034489154816, 0
u,0.6945576667785645, 0.6940778493881226, 0
u,0.6010231971740723, 0.6963804960250854, 0
u,0.6029838919639587, 0.6932610869407654, 0
u,0.5299549698829651, 0.6953943073749542, 0
u,0.7189651131629944, 0.6948429048061371, 0
u,0.6945576667785645, 0.6940778493881226, 0
u,0.6960299015045166, 0.6960418224334717, 0
u,0.7213921546936035, 0.7008951902389526, 0
u,0.7189651131629944, 0.6948429048061371, 0
u,0.6960299015045166, 0.6960418224334717, 0
u,0.7213921546936035, 0.7008951902389526, 0
u,0.6960299015045166, 0.6960418224334717, 0
u,0.6975913643836975, 0.6983089745044708, 0
u,0.6010231971740723, 0.6963804960250854, 0
u,0.5299549698829651, 0.6953943073749542, 0
u,0.5286059379577637, 0.7017174959182739, 0
u,0.5992664098739624, 0.6997165977954865, 0
u,0.6010231971740723, 0.6963804960250854, 0
u,0.5286059379577637, 0.7017174959182739, 0
u,0.7213921546936035, 0.7008951902389526, 0
u,0.6975913643836975, 0.6983089745044708, 0
u,0.699242115020752, 0.7008793354034424, 0
u,0.5977134704589844, 0.703269362449646, 0
u,0.5992664098739624, 0.6997165977954865, 0
u,0.5286059379577637, 0.7017174959182739, 0
u,0.7238551378250122, 0.7070201337337494, 0
u,0.7213921546936035, 0.7008951902389526, 0
u,0.699242115020752, 0.7008793354034424, 0
u,0.7238551378250122, 0.7070201337337494, 0
u,0.699242115020752, 0.7008793354034424, 0
u,0.7009821534156799, 0.703752875328064, 0
u,0.5977134704589844, 0.703269362449646, 0
u,0.5286059379577637, 0.7017174959182739, 0
u,0.5276328921318054, 0.7082853615283966, 0
u,0.596364438533783, 0.7070388495922089, 0
u,0.5977134704589844, 0.703269362449646, 0
u,0.5276328921318054, 0.7082853615283966, 0
u,0.7238551378250122, 0.7070201337337494, 0
u,0.7009821534156799, 0.703752875328064, 0
u,0.7028114199638367, 0.706929624080658, 0
u,0.7263540029525757, 0.7132177948951721, 0
u,0.7238551378250122, 0.7070201337337494, 0
u,0.7028114199638367, 0.706929624080658, 0
u,0.7263540029525757, 0.7132177948951721, 0
u,0.7028114199638367, 0.706929624080658, 0
u,0.7047299146652222, 0.710409551858902, 0
u,0.5952192544937134, 0.7110250294208527, 0
u,0.596364438533783, 0.7070388495922089, 0
u,0.5276328921318054, 0.7082853615283966, 0
u,0.5952192544937134, 0.7110250294208527, 0
u,0.5276328921318054, 0.7082853615283966, 0
u,0.5270358920097351, 0.7150979042053223, 0
u,0.7263540029525757, 0.7132177948951721, 0
u,0.7047299146652222, 0.710409551858902, 0
u,0.7067376971244812, 0.7141926884651184, 0
u,0.5942779779434204, 0.7152279019355774, 0
u,0.5952192544937134, 0.7110250294208527, 0
u,0.5270358920097351, 0.7150979042053223, 0
u,0.7288888096809387, 0.7194881439208984, 0
u,0.7263540029525757, 0.7132177948951721, 0
u,0.7067376971244812, 0.7141926884651184, 0
u,0.7288888096809387, 0.7194881439208984, 0
u,0.7067376971244812, 0.7141926884651184, 0
u,0.708834707736969, 0.7182789742946625, 0
u,0.593540608882904, 0.7196474671363831, 0
u,0.5942779779434204, 0.7152279019355774, 0
u,0.5270358920097351, 0.7150979042053223, 0
u,0.593540608882904, 0.7196474671363831, 0
u,0.5270358920097351, 0.7150979042053223, 0
u,0.5268148183822632, 0.7221550941467285, 0
u,0.7288888096809387, 0.7194881439208984, 0
u,0.708834707736969, 0.7182789742946625, 0
u,0.7110209465026855, 0.7226684987545013, 0
u,0.7314594984054565, 0.7258311808109283, 0
u,0.7288888096809387, 0.7194881439208984, 0
u,0.7110209465026855, 0.7226684987545013, 0
u,0.5930070281028748, 0.7242837250232697, 0
u,0.593540608882904, 0.7196474671363831, 0
u,0.5268148183822632, 0.7221550941467285, 0
u,0.7314594984054565, 0.7258311808109283, 0
u,0.7110209465026855, 0.7226684987545013, 0
u,0.7132964730262756, 0.7273612022399902, 0
u,0.5930070281028748, 0.7242837250232697, 0
u,0.5268148183822632, 0.7221550941467285, 0
u,0.5269039869308472, 0.7272030711174011, 0
u,0.5926774144172668, 0.7291366755962372, 0
u,0.5930070281028748, 0.7242837250232697, 0
u,0.5269039869308472, 0.7272030711174011, 0
u,0.7340661883354187, 0.7322469055652618, 0
u,0.7314594984054565, 0.7258311808109283, 0
u,0.7132964730262756, 0.7273612022399902, 0
u,0.7340661883354187, 0.7322469055652618, 0
u,0.7132964730262756, 0.7273612022399902, 0
u,0.7156612873077393, 0.7323570847511292, 0
u,0.5926774144172668, 0.7291366755962372, 0
u,0.5269039869308472, 0.7272030711174011, 0
u,0.5272179841995239, 0.7322520613670349, 0
u,0.5925516486167908, 0.7342062890529633, 0
u,0.5926774144172668, 0.7291366755962372, 0
u,0.5272179841995239, 0.7322520613670349, 0
u,0.7181153893470764, 0.7376561760902405, 0
u,0.7340661883354187, 0.7322469055652618, 0
u,0.7156612873077393, 0.7323570847511292, 0
u,0.5925516486167908, 0.7342062890529633, 0
u,0.5272179841995239, 0.7322520613670349, 0
u,0.5277568101882935, 0.7373020946979523, 0
u,0.5926859974861145, 0.7394774854183197, 0
u,0.5925516486167908, 0.7342062890529633, 0
u,0.5277568101882935, 0.7373020946979523, 0
u,0.5926859974861145, 0.7394774854183197, 0
u,0.5277568101882935, 0.7373020946979523, 0
u,0.528520405292511, 0.7423531711101532, 0
u,0.5931368470191956, 0.7449350357055664, 0
u,0.5926859974861145, 0.7394774854183197, 0
u,0.528520405292511, 0.7423531711101532, 0
u,0.5931368470191956, 0.7449350357055664, 0
u,0.528520405292511, 0.7423531711101532, 0
u,0.5295088291168213, 0.7474052608013153, 0
u,0.5939040780067444, 0.7505789995193481, 0
u,0.5931368470191956, 0.7449350357055664, 0
u,0.5295088291168213, 0.7474052608013153, 0
u,0.5939040780067444, 0.7505789995193481, 0
u,0.5295088291168213, 0.7474052608013153, 0
u,0.5307220816612244, 0.7524584084749222, 0
u,0.594987690448761, 0.7564093470573425, 0
u,0.5939040780067444, 0.7505789995193481, 0
u,0.5307220816612244, 0.7524584084749222, 0
u,0.594987690448761, 0.7564093470573425, 0
u,0.5307220816612244, 0.7524584084749222, 0
u,0.5321601629257202, 0.7575125843286514, 0
u,0.5963878035545349, 0.7624260783195496, 0
u,0.594987690448761, 0.7564093470573425, 0
u,0.5321601629257202, 0.7575125843286514, 0
u,0.5963878035545349, 0.7624260783195496, 0
u,0.5321601629257202, 0.7575125843286514, 0
u,0.5338230133056641, 0.762567788362503, 0
u,0.5981042981147766, 0.7686292082071304, 0
u,0.5963878035545349, 0.7624260783195496, 0
u,0.5338230133056641, 0.762567788362503, 0
u,0.5981042981147766, 0.7686292082071304, 0
u,0.5338230133056641, 0.762567788362503, 0
u,0.5357106924057007, 0.767624020576477, 0
u,0.5981042981147766, 0.7686292082071304, 0
u,0.5357106924057007, 0.767624020576477, 0
u,0.5378232002258301, 0.7726813107728958, 0
u,0.6001372337341309, 0.775018721818924, 0
u,0.5981042981147766, 0.7686292082071304, 0
u,0.5378232002258301, 0.7726813107728958, 0
u,0.6001372337341309, 0.775018721818924, 0
u,0.5378232002258301, 0.7726813107728958, 0
u,0.5401605367660522, 0.7777396142482758, 0
u,0.6024866104125977, 0.7815946191549301, 0
u,0.6001372337341309, 0.775018721818924, 0
u,0.5401605367660522, 0.7777396142482758, 0
u,0.6024866104125977, 0.7815946191549301, 0
u,0.5401605367660522, 0.7777396142482758, 0
u,0.5427227020263672, 0.7827989757061005, 0
u,0.605152428150177, 0.7883569002151489, 0
u,0.6024866104125977, 0.7815946191549301, 0
u,0.5427227020263672, 0.7827989757061005, 0
u,0.605152428150177, 0.7883569002151489, 0
u,0.5427227020263672, 0.7827989757061005, 0
u,0.5456106662750244, 0.7879613488912582, 0
u,0.605152428150177, 0.7883569002151489, 0
u,0.5456106662750244, 0.7879613488912582, 0
u,0.5489256381988525, 0.7933287471532822, 0
u,0.6081346273422241, 0.7953055799007416, 0
u,0.605152428150177, 0.7883569002151489, 0
u,0.5489256381988525, 0.7933287471532822, 0
u,0.6081346273422241, 0.7953055799007416, 0
u,0.5489256381988525, 0.7933287471532822, 0
u,0.552667498588562, 0.7989011853933334, 0
u,0.6114332675933838, 0.8024406284093857, 0
u,0.6081346273422241, 0.7953055799007416, 0
u,0.552667498588562, 0.7989011853933334, 0
u,0.6114332675933838, 0.8024406284093857, 0
u,0.552667498588562, 0.7989011853933334, 0
u,0.5568363070487976, 0.8046786487102509, 0
u,0.615048348903656, 0.8097620904445648, 0
u,0.6114332675933838, 0.8024406284093857, 0
u,0.5568363070487976, 0.8046786487102509, 0
u,0.615048348903656, 0.8097620904445648, 0
u,0.5568363070487976, 0.8046786487102509, 0
u,0.5614320635795593, 0.8106611371040344, 0
u,0.6190342903137207, 0.8172629177570343, 0
u,0.615048348903656, 0.8097620904445648, 0
u,0.5614320635795593, 0.8106611371040344, 0
u,0.6190342903137207, 0.8172629177570343, 0
u,0.5614320635795593, 0.8106611371040344, 0
u,0.5664547681808472, 0.8168486505746841, 0
u,0.6190342903137207, 0.8172629177570343, 0
u,0.5664547681808472, 0.8168486505746841, 0
u,0.5719044208526611, 0.8232412040233612, 0
u,0.6234455108642578, 0.8249361515045166, 0
u,0.6190342903137207, 0.8172629177570343, 0
u,0.5719044208526611, 0.8232412040233612, 0
u,0.6234455108642578, 0.8249361515045166, 0
u,0.5719044208526611, 0.8232412040233612, 0
u,0.5777810215950012, 0.8298387676477432, 0
u,0.6282820105552673, 0.8327817618846893, 0
u,0.6234455108642578, 0.8249361515045166, 0
u,0.5777810215950012, 0.8298387676477432, 0
u,0.6282820105552673, 0.8327817618846893, 0
u,0.5777810215950012, 0.8298387676477432, 0
u,0.5840845108032227, 0.8366413712501526, 0
u,0.6335437893867493, 0.8407997488975525, 0
u,0.6282820105552673, 0.8327817618846893, 0
u,0.5840845108032227, 0.8366413712501526, 0
u,0.6335437893867493, 0.8407997488975525, 0
u,0.5840845108032227, 0.8366413712501526, 0
u,0.5908149480819702, 0.8436489999294281, 0
u,0.6392307877540588, 0.8489901274442673, 0
u,0.6335437893867493, 0.8407997488975525, 0
u,0.5908149480819702, 0.8436489999294281, 0
u,0.6392307877540588, 0.8489901274442673, 0
u,0.5908149480819702, 0.8436489999294281, 0
u,0.5979723334312439, 0.8508616536855698, 0
u,0.6453431248664856, 0.8573528975248337, 0
u,0.6392307877540588, 0.8489901274442673, 0
u,0.5979723334312439, 0.8508616536855698, 0
u,0.6453431248664856, 0.8573528975248337, 0
u,0.5979723334312439, 0.8508616536855698, 0
u,0.6055566668510437, 0.8582793474197388, 0
u,0.65188068151474, 0.8658880442380905, 0
u,0.6453431248664856, 0.8573528975248337, 0
u,0.6055566668510437, 0.8582793474197388, 0
u,0.65188068151474, 0.8658880442380905, 0
u,0.6055566668510437, 0.8582793474197388, 0
u,0.662478506565094, 0.9136293157935143, 0
u,0.6588435173034668, 0.874595582485199, 0
u,0.65188068151474, 0.8658880442380905, 0
u,0.662478506565094, 0.9136293157935143, 0
u,0.666231632232666, 0.8834754973649979, 0
u,0.6588435173034668, 0.874595582485199, 0
u,0.662478506565094, 0.9136293157935143, 0
u,0.6740450859069824, 0.8925278037786484, 0
u,0.666231632232666, 0.8834754973649979, 0
u,0.662478506565094, 0.9136293157935143, 0
u,0.6822837591171265, 0.9017524942755699, 0
u,0.6740450859069824, 0.8925278037786484, 0
u,0.662478506565094, 0.9136293157935143, 0
u,0.6909477114677429, 0.9111495614051819, 0
u,0.6822837591171265, 0.9017524942755699, 0
u,0.662478506565094, 0.9136293157935143, 0
u,0.6986783146858215, 0.9194744452834129, 0
u,0.6909477114677429, 0.9111495614051819, 0
u,0.662478506565094, 0.9136293157935143, 0
u,0.6986783146858215, 0.9194744452834129, 0
u,0.662478506565094, 0.9136293157935143, 0
u,0.6915926933288574, 0.941176775842905, 0
u,0.7061097621917725, 0.927406333386898, 0
u,0.6986783146858215, 0.9194744452834129, 0
u,0.6915926933288574, 0.941176775842905, 0
u,0.7132421135902405, 0.9349452182650566, 0
u,0.7061097621917725, 0.927406333386898, 0
u,0.6915926933288574, 0.941176775842905, 0
u,0.720075249671936, 0.9420911185443401, 0
u,0.7132421135902405, 0.9349452182650566, 0
u,0.6915926933288574, 0.941176775842905, 0
u,0.5304723381996155, 0.9390572011470795, 0
u,0.52634197473526, 0.9383274652063847, 0
u,0.5221467018127441, 0.9422243535518646, 0
u,0.5348641276359558, 0.9397301115095615, 0
u,0.5304723381996155, 0.9390572011470795, 0
u,0.5221467018127441, 0.9422243535518646, 0
u,0.5395172238349915, 0.9403462111949921, 0
u,0.5348641276359558, 0.9397301115095615, 0
u,0.5221467018127441, 0.9422243535518646, 0
u,0.5444316267967224, 0.9409054964780807, 0
u,0.5395172238349915, 0.9403462111949921, 0
u,0.5221467018127441, 0.9422243535518646, 0
u,0.720075249671936, 0.9420911185443401, 0
u,0.6915926933288574, 0.941176775842905, 0
u,0.6915782690048218, 0.9443096742033958, 0
u,0.5496073961257935, 0.9414079673588276, 0
u,0.5444316267967224, 0.9409054964780807, 0
u,0.5221467018127441, 0.9422243535518646, 0
u,0.7266092896461487, 0.9488440193235874, 0
u,0.720075249671936, 0.9420911185443401, 0
u,0.6915782690048218, 0.9443096742033958, 0
u,0.5550445318222046, 0.9418536275625229, 0
u,0.5496073961257935, 0.9414079673588276, 0
u,0.5221467018127441, 0.9422243535518646, 0
u,0.560742974281311, 0.9422424733638763, 0
u,0.5550445318222046, 0.9418536275625229, 0
u,0.5221467018127441, 0.9422243535518646, 0
u,0.5667027831077576, 0.942574504762888, 0
u,0.560742974281311, 0.9422424733638763, 0
u,0.5221467018127441, 0.9422243535518646, 0
u,0.5667027831077576, 0.942574504762888, 0
u,0.5221467018127441, 0.9422243535518646, 0
u,0.5227118134498596, 0.9435396082699299, 0
u,0.5729239583015442, 0.9428497143089771, 0
u,0.5667027831077576, 0.942574504762888, 0
u,0.5227118134498596, 0.9435396082699299, 0
u,0.5794064402580261, 0.9430681094527245, 0
u,0.5729239583015442, 0.9428497143089771, 0
u,0.5227118134498596, 0.9435396082699299, 0
u,0.5861502885818481, 0.9432296901941299, 0
u,0.5794064402580261, 0.9430681094527245, 0
u,0.5227118134498596, 0.9435396082699299, 0
u,0.5931554436683655, 0.9433344602584839, 0
u,0.5861502885818481, 0.9432296901941299, 0
u,0.5227118134498596, 0.9435396082699299, 0
u,0.6915782690048218, 0.9443096742033958, 0
u,0.5931554436683655, 0.9433344602584839, 0
u,0.5227118134498596, 0.9435396082699299, 0
u,0.7266092896461487, 0.9488440193235874, 0
u,0.6915782690048218, 0.9443096742033958, 0
u,0.5227118134498596, 0.9435396082699299, 0
u,0.7266092896461487, 0.9488440193235874, 0
u,0.5227118134498596, 0.9435396082699299, 0
u,0.5232872366905212, 0.9449564442038536, 0
u,0.7266092896461487, 0.9488440193235874, 0
u,0.5232872366905212, 0.9449564442038536, 0
u,0.5238731503486633, 0.9464748576283455, 0
u,0.7266092896461487, 0.9488440193235874, 0
u,0.5238731503486633, 0.9464748576283455, 0
u,0.5244694352149963, 0.9480948522686958, 0
u,0.7328441143035889, 0.9552039131522179, 0
u,0.7266092896461487, 0.9488440193235874, 0
u,0.5244694352149963, 0.9480948522686958, 0
u,0.7328441143035889, 0.9552039131522179, 0
u,0.5244694352149963, 0.9480948522686958, 0
u,0.525076150894165, 0.949816420674324, 0
u,0.7328441143035889, 0.9552039131522179, 0
u,0.525076150894165, 0.949816420674324, 0
u,0.5256932377815247, 0.9516395777463913, 0
u,0.7328441143035889, 0.9552039131522179, 0
u,0.5256932377815247, 0.9516395777463913, 0
u,0.52632075548172, 0.9535643048584461, 0
u,0.7328441143035889, 0.9552039131522179, 0
u,0.52632075548172, 0.9535643048584461, 0
u,0.526958703994751, 0.9555906169116497, 0
u,0.7387797832489014, 0.9611708112061024, 0
u,0.7328441143035889, 0.9552039131522179, 0
u,0.526958703994751, 0.9555906169116497, 0
u,0.7387797832489014, 0.9611708112061024, 0
u,0.526958703994751, 0.9555906169116497, 0
u,0.5276070237159729, 0.9577185027301311, 0
u,0.7387797832489014, 0.9611708112061024, 0
u,0.5276070237159729, 0.9577185027301311, 0
u,0.5282657742500305, 0.9599479734897614, 0
u,0.7387797832489014, 0.9611708112061024, 0
u,0.5282657742500305, 0.9599479734897614, 0
u,0.5289349555969238, 0.9622790180146694, 0
u,0.7444162964820862, 0.9667447172105312, 0
u,0.7387797832489014, 0.9611708112061024, 0
u,0.5289349555969238, 0.9622790180146694, 0
u,0.7444162964820862, 0.9667447172105312, 0
u,0.5289349555969238, 0.9622790180146694, 0
u,0.5296145677566528, 0.9647116437554359, 0
u,0.7444162964820862, 0.9667447172105312, 0
u,0.5296145677566528, 0.9647116437554359, 0
u,0.5307387113571167, 0.9686312191188335, 0
u,0.7497536540031433, 0.971925625577569, 0
u,0.7444162964820862, 0.9667447172105312, 0
u,0.5307387113571167, 0.9686312191188335, 0
u,0.7497536540031433, 0.971925625577569, 0
u,0.5307387113571167, 0.9686312191188335, 0
u,0.5317984819412231, 0.9723728038370609, 0
u,0.7547918558120728, 0.9767135288566351, 0
u,0.7497536540031433, 0.971925625577569, 0
u,0.5317984819412231, 0.9723728038370609, 0
u,0.7547918558120728, 0.9767135288566351, 0
u,0.5317984819412231, 0.9723728038370609, 0
u,0.5327937602996826, 0.9759364165365696, 0
u,0.7595309019088745, 0.9811084382236004, 0
u,0.7547918558120728, 0.9767135288566351, 0
u,0.5327937602996826, 0.9759364165365696, 0
u,0.7595309019088745, 0.9811084382236004, 0
u,0.5327937602996826, 0.9759364165365696, 0
u,0.5337245464324951, 0.9793220534920692, 0
u,0.7595309019088745, 0.9811084382236004, 0
u,0.5337245464324951, 0.9793220534920692, 0
u,0.5345909595489502, 0.9825297147035599, 0
u,0.7639707922935486, 0.9851103518158197, 0
u,0.7595309019088745, 0.9811084382236004, 0
u,0.5345909595489502, 0.9825297147035599, 0
u,0.7639707922935486, 0.9851103518158197, 0
u,0.5345909595489502, 0.9825297147035599, 0
u,0.5353928804397583, 0.9855594020336866, 0
u,0.7657298445701599, 1.0000000188848688, 0
u,0.7639707922935486, 0.9851103518158197, 0
u,0.5353928804397583, 0.9855594020336866, 0
u,0.7657298445701599, 1.0000000188848688, 0
u,0.5353928804397583, 0.9855594020336866, 0
u,0.5361303687095642, 0.9884111136198044, 0
u,0.7657298445701599, 1.0000000188848688, 0
u,0.5361303687095642, 0.9884111136198044, 0
u,0.5368033647537231, 0.9910848401486874, 0
u,0.7657298445701599, 1.0000000188848688, 0
u,0.5368033647537231, 0.9910848401486874, 0
u,0.5374119877815247, 0.9935806025750935, 0
u,0.7657298445701599, 1.0000000188848688, 0
u,0.5374119877815247, 0.9935806025750935, 0
u,0.6573909521102905, 0.9979348566848785, 0
u,0.6573909521102905, 0.9979348566848785, 0
u,0.5374119877815247, 0.9935806025750935, 0
u,0.5379561185836792, 0.9958983790129423, 0
u,0.6573909521102905, 0.9979348566848785, 0
u,0.5379561185836792, 0.9958983790129423, 0
u,0.6467955708503723, 0.9979041889309883, 0
u,0.6467955708503723, 0.9979041889309883, 0
u,0.5379561185836792, 0.9958983790129423, 0
u,0.6363306045532227, 0.9979104157537222, 0
u,0.6363306045532227, 0.9979104157537222, 0
u,0.5379561185836792, 0.9958983790129423, 0
u,0.5384357571601868, 0.9980381915811449, 0
u,0.625995934009552, 0.9979534931480885, 0
u,0.6363306045532227, 0.9979104157537222, 0
u,0.5384357571601868, 0.9980381915811449, 0
u,0.6157916784286499, 0.9980334432329983, 0
u,0.625995934009552, 0.9979534931480885, 0
u,0.5384357571601868, 0.9980381915811449, 0
u,0.6057178378105164, 0.9981502438895404, 0
u,0.6157916784286499, 0.9980334432329983, 0
u,0.5384357571601868, 0.9980381915811449, 0
u,0.5957742929458618, 0.9983039171202108, 0
u,0.6057178378105164, 0.9981502438895404, 0
u,0.5384357571601868, 0.9980381915811449, 0
u,0.5957742929458618, 0.9983039171202108, 0
u,0.5384357571601868, 0.9980381915811449, 0
u,0.5859611630439758, 0.9984944411553442, 0
u,0.5859611630439758, 0.9984944411553442, 0
u,0.5384357571601868, 0.9980381915811449, 0
u,0.5762783885002136, 0.9987218376481906, 0
u,0.5762783885002136, 0.9987218376481906, 0
u,0.5384357571601868, 0.9980381915811449, 0
u,0.5667259693145752, 0.9989860849454999, 0
u,0.5667259693145752, 0.9989860849454999, 0
u,0.5384357571601868, 0.9980381915811449, 0
u,0.5573039650917053, 0.9992872047587298, 0
u,0.5573039650917053, 0.9992872047587298, 0
u,0.5384357571601868, 0.9980381915811449, 0
u,0.5480123162269592, 0.9996251752891112, 0
u,0.5480123162269592, 0.9996251752891112, 0
u,0.5384357571601868, 0.9980381915811449, 0
u,0.5388510227203369, 1.000000018342961, 0
u,0.6549553871154785, 0.2568248510360718, 0
u,0.6663679480552673, 0.25689560174942017, 0
u,0.658547580242157, 0.25675392150878906, 0
u,0.651401698589325, 0.25700438022613525, 0
u,0.6663679480552673, 0.25689560174942017, 0
u,0.6549553871154785, 0.2568248510360718, 0
u,0.651401698589325, 0.25700438022613525, 0
u,0.6739035248756409, 0.2573939561843872, 0
u,0.6663679480552673, 0.25689560174942017, 0
u,0.6478865742683411, 0.25729256868362427, 0
u,0.6739035248756409, 0.2573939561843872, 0
u,0.651401698589325, 0.25700438022613525, 0
u,0.6444100737571716, 0.25768929719924927, 0
u,0.6739035248756409, 0.2573939561843872, 0
u,0.6478865742683411, 0.25729256868362427, 0
u,0.6444100737571716, 0.25768929719924927, 0
u,0.6811542510986328, 0.2582489848136902, 0
u,0.6739035248756409, 0.2573939561843872, 0
u,0.6409720778465271, 0.25819462537765503, 0
u,0.6811542510986328, 0.2582489848136902, 0
u,0.6444100737571716, 0.25768929719924927, 0
u,0.637572705745697, 0.25880861282348633, 0
u,0.6811542510986328, 0.2582489848136902, 0
u,0.6409720778465271, 0.25819462537765503, 0
u,0.637572705745697, 0.25880861282348633, 0
u,0.6881201267242432, 0.2594606876373291, 0
u,0.6811542510986328, 0.2582489848136902, 0
u,0.6342118978500366, 0.2595311403274536, 0
u,0.6881201267242432, 0.2594606876373291, 0
u,0.637572705745697, 0.25880861282348633, 0
u,0.6308897137641907, 0.26036232709884644, 0
u,0.6881201267242432, 0.2594606876373291, 0
u,0.6342118978500366, 0.2595311403274536, 0
u,0.6308897137641907, 0.26036232709884644, 0
u,0.6948012709617615, 0.26102906465530396, 0
u,0.6881201267242432, 0.2594606876373291, 0
u,0.6276060342788696, 0.26130211353302, 0
u,0.6948012709617615, 0.26102906465530396, 0
u,0.6308897137641907, 0.26036232709884644, 0
u,0.6243609189987183, 0.2623504400253296, 0
u,0.6948012709617615, 0.26102906465530396, 0
u,0.6276060342788696, 0.26130211353302, 0
u,0.6243609189987183, 0.2623504400253296, 0
u,0.7011975049972534, 0.26295405626296997, 0
u,0.6948012709617615, 0.26102906465530396, 0
u,0.6211544275283813, 0.2635074257850647, 0
u,0.7011975049972534, 0.26295405626296997, 0
u,0.6243609189987183, 0.2623504400253296, 0
u,0.6211544275283813, 0.2635074257850647, 0
u,0.7073089480400085, 0.2652357816696167, 0
u,0.7011975049972534, 0.26295405626296997, 0
u,0.6179865002632141, 0.26477301120758057, 0
u,0.7073089480400085, 0.2652357816696167, 0
u,0.6211544275283813, 0.2635074257850647, 0
u,0.6148553490638733, 0.266147255897522, 0
u,0.7073089480400085, 0.2652357816696167, 0
u,0.6179865002632141, 0.26477301120758057, 0
u,0.6148553490638733, 0.266147255897522, 0
u,0.7131356000900269, 0.26787418127059937, 0
u,0.7073089480400085, 0.2652357816696167, 0
u,0.6117591261863708, 0.26763010025024414, 0
u,0.7131356000900269, 0.26787418127059937, 0
u,0.6148553490638733, 0.266147255897522, 0
u,0.6086978316307068, 0.26922154426574707, 0
u,0.7131356000900269, 0.26787418127059937, 0
u,0.6117591261863708, 0.26763010025024414, 0
u,0.6086978316307068, 0.26922154426574707, 0
u,0.7186774015426636, 0.2708691954612732, 0
u,0.7131356000900269, 0.26787418127059937, 0
u,0.6056714653968811, 0.27092158794403076, 0
u,0.7186774015426636, 0.2708691954612732, 0
u,0.6086978316307068, 0.26922154426574707, 0
u,0.6026800870895386, 0.27273029088974, 0
u,0.7186774015426636, 0.2708691954612732, 0
u,0.6056714653968811, 0.27092158794403076, 0
u,0.6026800870895386, 0.27273029088974, 0
u,0.7239343523979187, 0.27422094345092773, 0
u,0.7186774015426636, 0.2708691954612732, 0
u,0.5997236967086792, 0.27464759349823, 0
u,0.7239343523979187, 0.27422094345092773, 0
u,0.6026800870895386, 0.27273029088974, 0
u,0.5968022346496582, 0.2766735553741455, 0
u,0.7239343523979187, 0.27422094345092773, 0
u,0.5997236967086792, 0.27464759349823, 0
u,0.5968022346496582, 0.2766735553741455, 0
u,0.7289065718650818, 0.27792930603027344, 0
u,0.7239343523979187, 0.27422094345092773, 0
u,0.5939157009124756, 0.2788081169128418, 0
u,0.7289065718650818, 0.27792930603027344, 0
u,0.5968022346496582, 0.2766735553741455, 0
u,0.5939157009124756, 0.2788081169128418, 0
u,0.7335938215255737, 0.2819943428039551, 0
u,0.7289065718650818, 0.27792930603027344, 0
u,0.5910640954971313, 0.2810513377189636, 0
u,0.7335938215255737, 0.2819943428039551, 0
u,0.5939157009124756, 0.2788081169128418, 0
u,0.5882474780082703, 0.2834031581878662, 0
u,0.7335938215255737, 0.2819943428039551, 0
u,0.5910640954971313, 0.2810513377189636, 0
u,0.5882474780082703, 0.2834031581878662, 0
u,0.7379508018493652, 0.28636008501052856, 0
u,0.7335938215255737, 0.2819943428039551, 0
u,0.5854657888412476, 0.28586357831954956, 0
u,0.7379508018493652, 0.28636008501052856, 0
u,0.5882474780082703, 0.2834031581878662, 0
u,0.5827190279960632, 0.28843259811401367, 0
u,0.7379508018493652, 0.28636008501052856, 0
u,0.5854657888412476, 0.28586357831954956, 0
u,0.5827190279960632, 0.28843259811401367, 0
u,0.7419317364692688, 0.29097050428390503, 0
u,0.7379508018493652, 0.28636008501052856, 0
u,0.5805075764656067, 0.2940487861633301, 0
u,0.7419317364692688, 0.29097050428390503, 0
u,0.5827190279960632, 0.28843259811401367, 0
u,0.5805075764656067, 0.2940487861633301, 0
u,0.7455366849899292, 0.2958256006240845, 0
u,0.7419317364692688, 0.29097050428390503, 0
u,0.5782601833343506, 0.2997376322746277, 0
u,0.7455366849899292, 0.2958256006240845, 0
u,0.5805075764656067, 0.2940487861633301, 0
u,0.5782601833343506, 0.2997376322746277, 0
u,0.7487656474113464, 0.3009253740310669, 0
u,0.7455366849899292, 0.2958256006240845, 0
u,0.5759768486022949, 0.3054991364479065, 0
u,0.6348545551300049, 0.30087316036224365, 0
u,0.5782601833343506, 0.2997376322746277, 0
u,0.6348545551300049, 0.30087316036224365, 0
u,0.6373723149299622, 0.30075007677078247, 0
u,0.5782601833343506, 0.2997376322746277, 0
u,0.6373723149299622, 0.30075007677078247, 0
u,0.6399520635604858, 0.3007010221481323, 0
u,0.5782601833343506, 0.2997376322746277, 0
u,0.6399520635604858, 0.3007010221481323, 0
u,0.7487656474113464, 0.3009253740310669, 0
u,0.5782601833343506, 0.2997376322746277, 0
u,0.6441415548324585, 0.30078959465026855, 0
u,0.7487656474113464, 0.3009253740310669, 0
u,0.6399520635604858, 0.3007010221481323, 0
u,0.6481815576553345, 0.30109459161758423, 0
u,0.7487656474113464, 0.3009253740310669, 0
u,0.6441415548324585, 0.30078959465026855, 0
u,0.5759768486022949, 0.3054991364479065, 0
u,0.632398784160614, 0.30107027292251587, 0
u,0.6348545551300049, 0.30087316036224365, 0
u,0.5759768486022949, 0.3054991364479065, 0
u,0.6300050020217896, 0.3013414740562439, 0
u,0.632398784160614, 0.30107027292251587, 0
u,0.6520720720291138, 0.3016160726547241, 0
u,0.7487656474113464, 0.3009253740310669, 0
u,0.6481815576553345, 0.30109459161758423, 0
u,0.5759768486022949, 0.3054991364479065, 0
u,0.6276731491088867, 0.30168670415878296, 0
u,0.6300050020217896, 0.3013414740562439, 0
u,0.6520720720291138, 0.3016160726547241, 0
u,0.7516186237335205, 0.3062698245048523, 0
u,0.7487656474113464, 0.3009253740310669, 0
u,0.5759768486022949, 0.3054991364479065, 0
u,0.6254033446311951, 0.30210602283477783, 0
u,0.6276731491088867, 0.30168670415878296, 0
u,0.6558130979537964, 0.30235403776168823, 0
u,0.7516186237335205, 0.3062698245048523, 0
u,0.6520720720291138, 0.3016160726547241, 0
u,0.5759768486022949, 0.3054991364479065, 0
u,0.6231955289840698, 0.30259937047958374, 0
u,0.6254033446311951, 0.30210602283477783, 0
u,0.6594046354293823, 0.303308367729187, 0
u,0.7516186237335205, 0.3062698245048523, 0
u,0.6558130979537964, 0.30235403776168823, 0
u,0.5759768486022949, 0.3054991364479065, 0
u,0.6210496425628662, 0.3031667470932007, 0
u,0.6231955289840698, 0.30259937047958374, 0
u,0.5759768486022949, 0.3054991364479065, 0
u,0.618965744972229, 0.30380821228027344, 0
u,0.6210496425628662, 0.3031667470932007, 0
u,0.6628466844558716, 0.30447918176651, 0
u,0.7516186237335205, 0.3062698245048523, 0
u,0.6594046354293823, 0.303308367729187, 0
u,0.5759768486022949, 0.3054991364479065, 0
u,0.616943895816803, 0.3045237064361572, 0
u,0.618965744972229, 0.30380821228027344, 0
u,0.5759768486022949, 0.3054991364479065, 0
u,0.6149839758872986, 0.30531322956085205, 0
u,0.616943895816803, 0.3045237064361572, 0
u,0.6661392450332642, 0.30586642026901245, 0
u,0.7516186237335205, 0.3062698245048523, 0
u,0.6628466844558716, 0.30447918176651, 0
u,0.5759768486022949, 0.3054991364479065, 0
u,0.6130860447883606, 0.3061768412590027, 0
u,0.6149839758872986, 0.30531322956085205, 0
u,0.5736576318740845, 0.3113333582878113, 0
u,0.6130860447883606, 0.3061768412590027, 0
u,0.5759768486022949, 0.3054991364479065, 0
u,0.6692822575569153, 0.3074701428413391, 0
u,0.7516186237335205, 0.3062698245048523, 0
u,0.6661392450332642, 0.30586642026901245, 0
u,0.5736576318740845, 0.3113333582878113, 0
u,0.6112374067306519, 0.30711543560028076, 0
u,0.6130860447883606, 0.3061768412590027, 0
u,0.6692822575569153, 0.3074701428413391, 0
u,0.7540955543518066, 0.3118589520454407, 0
u,0.7516186237335205, 0.3062698245048523, 0
u,0.5736576318740845, 0.3113333582878113, 0
u,0.6094253659248352, 0.30813002586364746, 0
u,0.6112374067306519, 0.30711543560028076, 0
u,0.6722758412361145, 0.30929023027420044, 0
u,0.7540955543518066, 0.3118589520454407, 0
u,0.6692822575569153, 0.3074701428413391, 0
u,0.5736576318740845, 0.3113333582878113, 0
u,0.6076499819755554, 0.3092206120491028, 0
u,0.6094253659248352, 0.30813002586364746, 0
u,0.5736576318740845, 0.3113333582878113, 0
u,0.6059111952781677, 0.31038713455200195, 0
u,0.6076499819755554, 0.3092206120491028, 0
u,0.675119936466217, 0.31132686138153076, 0
u,0.7540955543518066, 0.3118589520454407, 0
u,0.6722758412361145, 0.30929023027420044, 0
u,0.5736576318740845, 0.3113333582878113, 0
u,0.6042090058326721, 0.31162965297698975, 0
u,0.6059111952781677, 0.31038713455200195, 0
u,0.5713024735450745, 0.31724029779434204, 0
u,0.6042090058326721, 0.31162965297698975, 0
u,0.5736576318740845, 0.3113333582878113, 0
u,0.5713024735450745, 0.31724029779434204, 0
u,0.6025434136390686, 0.31294816732406616, 0
u,0.6042090058326721, 0.31162965297698975, 0
u,0.6778145432472229, 0.31357985734939575, 0
u,0.7540955543518066, 0.3118589520454407, 0
u,0.675119936466217, 0.31132686138153076, 0
u,0.6778145432472229, 0.31357985734939575, 0
u,0.7561965584754944, 0.31769275665283203, 0
u,0.7540955543518066, 0.3118589520454407, 0
u,0.5713024735450745, 0.31724029779434204, 0
u,0.600914478302002, 0.3143426775932312, 0
u,0.6025434136390686, 0.31294816732406616, 0
u,0.6803596615791321, 0.31604933738708496, 0
u,0.7561965584754944, 0.31769275665283203, 0
u,0.6778145432472229, 0.31357985734939575, 0
u,0.5713024735450745, 0.31724029779434204, 0
u,0.5993220806121826, 0.3158131241798401, 0
u,0.600914478302002, 0.3143426775932312, 0
u,0.5713024735450745, 0.31724029779434204, 0
u,0.5977663397789001, 0.3173595666885376, 0
u,0.5993220806121826, 0.3158131241798401, 0
u,0.682728111743927, 0.3187353014945984, 0
u,0.7561965584754944, 0.31769275665283203, 0
u,0.6803596615791321, 0.31604933738708496, 0
u,0.5689113736152649, 0.32321983575820923, 0
u,0.5977663397789001, 0.3173595666885376, 0
u,0.5713024735450745, 0.31724029779434204, 0
u,0.5689113736152649, 0.32321983575820923, 0
u,0.5962472558021545, 0.31898200511932373, 0
u,0.5977663397789001, 0.3173595666885376, 0
u,0.682728111743927, 0.3187353014945984, 0
u,0.757921576499939, 0.32377129793167114, 0
u,0.7561965584754944, 0.31769275665283203, 0
u,0.5689113736152649, 0.32321983575820923, 0
u,0.5947647094726562, 0.3206804394721985, 0
u,0.5962472558021545, 0.31898200511932373, 0
u,0.6848926544189453, 0.3216380476951599, 0
u,0.757921576499939, 0.32377129793167114, 0
u,0.682728111743927, 0.3187353014945984, 0
u,0.5689113736152649, 0.32321983575820923, 0
u,0.5933188796043396, 0.3224548101425171, 0
u,0.5947647094726562, 0.3206804394721985, 0
u,0.6868533492088318, 0.32475745677948, 0
u,0.757921576499939, 0.32377129793167114, 0
u,0.6848926544189453, 0.3216380476951599, 0
u,0.5689113736152649, 0.32321983575820923, 0
u,0.5918466448783875, 0.3244187831878662, 0
u,0.5933188796043396, 0.3224548101425171, 0
u,0.5664843320846558, 0.32927215099334717, 0
u,0.5918466448783875, 0.3244187831878662, 0
u,0.5689113736152649, 0.32321983575820923, 0
u,0.5664843320846558, 0.32927215099334717, 0
u,0.5902851223945618, 0.32668590545654297, 0
u,0.5918466448783875, 0.3244187831878662, 0
u,0.6868533492088318, 0.32475745677948, 0
u,0.7592706084251404, 0.33009445667266846, 0
u,0.757921576499939, 0.32377129793167114, 0
u,0.6886101365089417, 0.3280935287475586, 0
u,0.7592706084251404, 0.33009445667266846, 0
u,0.6868533492088318, 0.32475745677948, 0
u,0.5664843320846558, 0.32927215099334717, 0
u,0.5886343717575073, 0.3292562961578369, 0
u,0.5902851223945618, 0.32668590545654297, 0
u,0.6901630759239197, 0.3316463232040405, 0
u,0.7592706084251404, 0.33009445667266846, 0
u,0.6886101365089417, 0.3280935287475586, 0
u,0.5640214085578918, 0.3353971242904663, 0
u,0.5886343717575073, 0.3292562961578369, 0
u,0.5664843320846558, 0.32927215099334717, 0
u,0.5640214085578918, 0.3353971242904663, 0
u,0.5868943929672241, 0.3321298360824585, 0
u,0.5886343717575073, 0.3292562961578369, 0
u,0.6901630759239197, 0.3316463232040405, 0
u,0.7602435946464539, 0.33666229248046875, 0
u,0.7592706084251404, 0.33009445667266846, 0
u,0.6915121078491211, 0.3354158401489258, 0
u,0.7602435946464539, 0.33666229248046875, 0
u,0.6901630759239197, 0.3316463232040405, 0
u,0.5640214085578918, 0.3353971242904663, 0
u,0.5850651264190674, 0.3353065848350525, 0
u,0.5868943929672241, 0.3321298360824585, 0
u,0.5615225434303284, 0.34159475564956665, 0
u,0.5850651264190674, 0.3353065848350525, 0
u,0.5640214085578918, 0.3353971242904663, 0
u,0.5615225434303284, 0.34159475564956665, 0
u,0.5831466317176819, 0.3387865424156189, 0
u,0.5850651264190674, 0.3353065848350525, 0
u,0.6926572322845459, 0.3394019603729248, 0
u,0.7602435946464539, 0.33666229248046875, 0
u,0.6915121078491211, 0.3354158401489258, 0
u,0.6926572322845459, 0.3394019603729248, 0
u,0.760840654373169, 0.3434748649597168, 0
u,0.7602435946464539, 0.33666229248046875, 0
u,0.5615225434303284, 0.34159475564956665, 0
u,0.5811388492584229, 0.34256964921951294, 0
u,0.5831466317176819, 0.3387865424156189, 0
u,0.6935985684394836, 0.3436048626899719, 0
u,0.760840654373169, 0.3434748649597168, 0
u,0.6926572322845459, 0.3394019603729248, 0
u,0.5589877367019653, 0.34786510467529297, 0
u,0.5811388492584229, 0.34256964921951294, 0
u,0.5615225434303284, 0.34159475564956665, 0
u,0.5589877367019653, 0.34786510467529297, 0
u,0.5790418386459351, 0.3466559648513794, 0
u,0.5811388492584229, 0.34256964921951294, 0
u,0.6943359375, 0.3480244278907776, 0
u,0.760840654373169, 0.3434748649597168, 0
u,0.6935985684394836, 0.3436048626899719, 0
u,0.6943359375, 0.3480244278907776, 0
u,0.7610616683959961, 0.35053205490112305, 0
u,0.760840654373169, 0.3434748649597168, 0
u,0.5589877367019653, 0.34786510467529297, 0
u,0.5768555402755737, 0.3510454297065735, 0
u,0.5790418386459351, 0.3466559648513794, 0
u,0.5564169883728027, 0.3542081117630005, 0
u,0.5768555402755737, 0.3510454297065735, 0
u,0.5589877367019653, 0.34786510467529297, 0
u,0.6948694586753845, 0.3526606559753418, 0
u,0.7610616683959961, 0.35053205490112305, 0
u,0.6943359375, 0.3480244278907776, 0
u,0.5564169883728027, 0.3542081117630005, 0
u,0.5745800137519836, 0.35573816299438477, 0
u,0.5768555402755737, 0.3510454297065735, 0
u,0.6948694586753845, 0.3526606559753418, 0
u,0.7609724998474121, 0.35558003187179565, 0
u,0.7610616683959961, 0.35053205490112305, 0
u,0.6951991319656372, 0.3575136065483093, 0
u,0.7609724998474121, 0.35558003187179565, 0
u,0.6948694586753845, 0.3526606559753418, 0
u,0.5538103580474854, 0.360623836517334, 0
u,0.5745800137519836, 0.35573816299438477, 0
u,0.5564169883728027, 0.3542081117630005, 0
u,0.5538103580474854, 0.360623836517334, 0
u,0.5722152590751648, 0.3607340455055237, 0
u,0.5745800137519836, 0.35573816299438477, 0
u,0.6951991319656372, 0.3575136065483093, 0
u,0.7606585025787354, 0.36062902212142944, 0
u,0.7609724998474121, 0.35558003187179565, 0
u,0.6953248977661133, 0.3625832796096802, 0
u,0.7606585025787354, 0.36062902212142944, 0
u,0.6951991319656372, 0.3575136065483093, 0
u,0.5697611570358276, 0.366033136844635, 0
u,0.5722152590751648, 0.3607340455055237, 0
u,0.5538103580474854, 0.360623836517334, 0
u,0.6953248977661133, 0.3625832796096802, 0
u,0.7601197361946106, 0.3656790852546692, 0
u,0.7606585025787354, 0.36062902212142944, 0
u,0.6951904892921448, 0.36785441637039185, 0
u,0.7601197361946106, 0.3656790852546692, 0
u,0.6953248977661133, 0.3625832796096802, 0
u,0.6951904892921448, 0.36785441637039185, 0
u,0.7593561410903931, 0.3707301616668701, 0
u,0.7601197361946106, 0.3656790852546692, 0
u,0.6947396993637085, 0.37331199645996094, 0
u,0.7593561410903931, 0.3707301616668701, 0
u,0.6951904892921448, 0.36785441637039185, 0
u,0.6947396993637085, 0.37331199645996094, 0
u,0.758367657661438, 0.3757822513580322, 0
u,0.7593561410903931, 0.3707301616668701, 0
u,0.6939724683761597, 0.3789559602737427, 0
u,0.758367657661438, 0.3757822513580322, 0
u,0.6947396993637085, 0.37331199645996094, 0
u,0.6939724683761597, 0.3789559602737427, 0
u,0.7571544647216797, 0.3808353543281555, 0
u,0.758367657661438, 0.3757822513580322, 0
u,0.6928887963294983, 0.38478630781173706, 0
u,0.7571544647216797, 0.3808353543281555, 0
u,0.6939724683761597, 0.3789559602737427, 0
u,0.6928887963294983, 0.38478630781173706, 0
u,0.7557163834571838, 0.38588953018188477, 0
u,0.7571544647216797, 0.3808353543281555, 0
u,0.6914887428283691, 0.3908030390739441, 0
u,0.7557163834571838, 0.38588953018188477, 0
u,0.6928887963294983, 0.38478630781173706, 0
u,0.6914887428283691, 0.3908030390739441, 0
u,0.75405353307724, 0.3909447193145752, 0
u,0.7557163834571838, 0.38588953018188477, 0
u,0.6897721886634827, 0.39700615406036377, 0
u,0.75405353307724, 0.3909447193145752, 0
u,0.6914887428283691, 0.3908030390739441, 0
u,0.6897721886634827, 0.39700615406036377, 0
u,0.7521657943725586, 0.3960009813308716, 0
u,0.75405353307724, 0.3909447193145752, 0
u,0.6897721886634827, 0.39700615406036377, 0
u,0.7500532865524292, 0.40105825662612915, 0
u,0.7521657943725586, 0.3960009813308716, 0
u,0.6877392530441284, 0.4033956527709961, 0
u,0.7500532865524292, 0.40105825662612915, 0
u,0.6897721886634827, 0.39700615406036377, 0
u,0.6877392530441284, 0.4033956527709961, 0
u,0.7477160096168518, 0.4061166048049927, 0
u,0.7500532865524292, 0.40105825662612915, 0
u,0.6853899359703064, 0.40997159481048584, 0
u,0.7477160096168518, 0.4061166048049927, 0
u,0.6877392530441284, 0.4033956527709961, 0
u,0.6853899359703064, 0.40997159481048584, 0
u,0.7451538443565369, 0.4111759066581726, 0
u,0.7477160096168518, 0.4061166048049927, 0
u,0.682724118232727, 0.41673386096954346, 0
u,0.7451538443565369, 0.4111759066581726, 0
u,0.6853899359703064, 0.40997159481048584, 0
u,0.682724118232727, 0.41673386096954346, 0
u,0.7422658205032349, 0.41633832454681396, 0
u,0.7451538443565369, 0.4111759066581726, 0
u,0.682724118232727, 0.41673386096954346, 0
u,0.7389509081840515, 0.4217057228088379, 0
u,0.7422658205032349, 0.41633832454681396, 0
u,0.6797419190406799, 0.4236825108528137, 0
u,0.7389509081840515, 0.4217057228088379, 0
u,0.682724118232727, 0.41673386096954346, 0
u,0.6797419190406799, 0.4236825108528137, 0
u,0.735209047794342, 0.42727816104888916, 0
u,0.7389509081840515, 0.4217057228088379, 0
u,0.6764432191848755, 0.4308176040649414, 0
u,0.735209047794342, 0.42727816104888916, 0
u,0.6797419190406799, 0.4236825108528137, 0
u,0.6764432191848755, 0.4308176040649414, 0
u,0.7310401797294617, 0.433055579662323, 0
u,0.735209047794342, 0.42727816104888916, 0
u,0.6728281378746033, 0.43813902139663696, 0
u,0.7310401797294617, 0.433055579662323, 0
u,0.6764432191848755, 0.4308176040649414, 0
u,0.6728281378746033, 0.43813902139663696, 0
u,0.7264444231987, 0.43903809785842896, 0
u,0.7310401797294617, 0.433055579662323, 0
u,0.6688421964645386, 0.4456399083137512, 0
u,0.7264444231987, 0.43903809785842896, 0
u,0.6728281378746033, 0.43813902139663696, 0
u,0.6688421964645386, 0.4456399083137512, 0
u,0.7214217185974121, 0.4452255964279175, 0
u,0.7264444231987, 0.43903809785842896, 0
u,0.6688421964645386, 0.4456399083137512, 0
u,0.7159720659255981, 0.45161813497543335, 0
u,0.7214217185974121, 0.4452255964279175, 0
u,0.6644309759140015, 0.45331311225891113, 0
u,0.7159720659255981, 0.45161813497543335, 0
u,0.6688421964645386, 0.4456399083137512, 0
u,0.6644309759140015, 0.45331311225891113, 0
u,0.7100955247879028, 0.45821571350097656, 0
u,0.7159720659255981, 0.45161813497543335, 0
u,0.6595945358276367, 0.4611586928367615, 0
u,0.7100955247879028, 0.45821571350097656, 0
u,0.6644309759140015, 0.45331311225891113, 0
u,0.6595945358276367, 0.4611586928367615, 0
u,0.7037920355796814, 0.4650183320045471, 0
u,0.7100955247879028, 0.45821571350097656, 0
u,0.6543327569961548, 0.469176709651947, 0
u,0.7037920355796814, 0.4650183320045471, 0
u,0.6595945358276367, 0.4611586928367615, 0
u,0.6543327569961548, 0.469176709651947, 0
u,0.6970615386962891, 0.47202593088150024, 0
u,0.7037920355796814, 0.4650183320045471, 0
u,0.6486456990242004, 0.477367103099823, 0
u,0.6970615386962891, 0.47202593088150024, 0
u,0.6543327569961548, 0.469176709651947, 0
u,0.6486456990242004, 0.477367103099823, 0
u,0.6899041533470154, 0.4792386293411255, 0
u,0.6970615386962891, 0.47202593088150024, 0
u,0.6425334215164185, 0.4857298731803894, 0
u,0.6899041533470154, 0.4792386293411255, 0
u,0.6486456990242004, 0.477367103099823, 0
u,0.6425334215164185, 0.4857298731803894, 0
u,0.6823198199272156, 0.4866563081741333, 0
u,0.6899041533470154, 0.4792386293411255, 0
u,0.6359958648681641, 0.49426501989364624, 0
u,0.6823198199272156, 0.4866563081741333, 0
u,0.6425334215164185, 0.4857298731803894, 0
u,0.6359958648681641, 0.49426501989364624, 0
u,0.6253980398178101, 0.5420062839984894, 0
u,0.6823198199272156, 0.4866563081741333, 0
u,0.6290330290794373, 0.5029725432395935, 0
u,0.6253980398178101, 0.5420062839984894, 0
u,0.6359958648681641, 0.49426501989364624, 0
u,0.6216448545455933, 0.5118524432182312, 0
u,0.6253980398178101, 0.5420062839984894, 0
u,0.6290330290794373, 0.5029725432395935, 0
u,0.6138314604759216, 0.5209047496318817, 0
u,0.6253980398178101, 0.5420062839984894, 0
u,0.6216448545455933, 0.5118524432182312, 0
u,0.6055927872657776, 0.530129462480545, 0
u,0.6253980398178101, 0.5420062839984894, 0
u,0.6138314604759216, 0.5209047496318817, 0
u,0.5969288349151611, 0.5395265221595764, 0
u,0.6253980398178101, 0.5420062839984894, 0
u,0.6055927872657776, 0.530129462480545, 0
u,0.5891982316970825, 0.5478514134883881, 0
u,0.6253980398178101, 0.5420062839984894, 0
u,0.5969288349151611, 0.5395265221595764, 0
u,0.5891982316970825, 0.5478514134883881, 0
u,0.5962837934494019, 0.5695537328720093, 0
u,0.6253980398178101, 0.5420062839984894, 0
u,0.5817667245864868, 0.5557833015918732, 0
u,0.5962837934494019, 0.5695537328720093, 0
u,0.5891982316970825, 0.5478514134883881, 0
u,0.5746344327926636, 0.5633221864700317, 0
u,0.5962837934494019, 0.5695537328720093, 0
u,0.5817667245864868, 0.5557833015918732, 0
u,0.5678012371063232, 0.5704680681228638, 0
u,0.5962837934494019, 0.5695537328720093, 0
u,0.5746344327926636, 0.5633221864700317, 0
u,0.7574041485786438, 0.567434161901474, 0
u,0.7657297849655151, 0.5706013143062592, 0
u,0.761534571647644, 0.5667044222354889, 0
u,0.7530124187469482, 0.5681070685386658, 0
u,0.7657297849655151, 0.5706013143062592, 0
u,0.7574041485786438, 0.567434161901474, 0
u,0.7483593225479126, 0.5687231719493866, 0
u,0.7657297849655151, 0.5706013143062592, 0
u,0.7530124187469482, 0.5681070685386658, 0
u,0.7434448599815369, 0.5692824423313141, 0
u,0.7657297849655151, 0.5706013143062592, 0
u,0.7483593225479126, 0.5687231719493866, 0
u,0.5678012371063232, 0.5704680681228638, 0
u,0.5962982177734375, 0.572686642408371, 0
u,0.5962837934494019, 0.5695537328720093, 0
u,0.7382690906524658, 0.569784939289093, 0
u,0.7657297849655151, 0.5706013143062592, 0
u,0.7434448599815369, 0.5692824423313141, 0
u,0.5612672567367554, 0.5772209763526917, 0
u,0.5962982177734375, 0.572686642408371, 0
u,0.5678012371063232, 0.5704680681228638, 0
u,0.7328320145606995, 0.5702305734157562, 0
u,0.7657297849655151, 0.5706013143062592, 0
u,0.7382690906524658, 0.569784939289093, 0
u,0.7271335124969482, 0.5706194341182709, 0
u,0.7657297849655151, 0.5706013143062592, 0
u,0.7328320145606995, 0.5702305734157562, 0
u,0.7211737036705017, 0.5709514617919922, 0
u,0.7657297849655151, 0.5706013143062592, 0
u,0.7271335124969482, 0.5706194341182709, 0
u,0.7211737036705017, 0.5709514617919922, 0
u,0.7651647329330444, 0.5719165802001953, 0
u,0.7657297849655151, 0.5706013143062592, 0
u,0.7149525880813599, 0.5712266862392426, 0
u,0.7651647329330444, 0.5719165802001953, 0
u,0.7211737036705017, 0.5709514617919922, 0
u,0.7084700465202332, 0.5714450776576996, 0
u,0.7651647329330444, 0.5719165802001953, 0
u,0.7149525880813599, 0.5712266862392426, 0
u,0.7017262578010559, 0.5716066360473633, 0
u,0.7651647329330444, 0.5719165802001953, 0
u,0.7084700465202332, 0.5714450776576996, 0
u,0.6947210431098938, 0.5717114210128784, 0
u,0.7651647329330444, 0.5719165802001953, 0
u,0.7017262578010559, 0.5716066360473633, 0
u,0.5962982177734375, 0.572686642408371, 0
u,0.7651647329330444, 0.5719165802001953, 0
u,0.6947210431098938, 0.5717114210128784, 0
u,0.5612672567367554, 0.5772209763526917, 0
u,0.7651647329330444, 0.5719165802001953, 0
u,0.5962982177734375, 0.572686642408371, 0
u,0.5612672567367554, 0.5772209763526917, 0
u,0.764589250087738, 0.5733334124088287, 0
u,0.7651647329330444, 0.5719165802001953, 0
u,0.5612672567367554, 0.5772209763526917, 0
u,0.7640033960342407, 0.5748518109321594, 0
u,0.764589250087738, 0.5733334124088287, 0
u,0.5612672567367554, 0.5772209763526917, 0
u,0.7634071111679077, 0.5764718055725098, 0
u,0.7640033960342407, 0.5748518109321594, 0
u,0.5550324320793152, 0.583580881357193, 0
u,0.7634071111679077, 0.5764718055725098, 0
u,0.5612672567367554, 0.5772209763526917, 0
u,0.5550324320793152, 0.583580881357193, 0
u,0.762800395488739, 0.5781933665275574, 0
u,0.7634071111679077, 0.5764718055725098, 0
u,0.5550324320793152, 0.583580881357193, 0
u,0.7621832489967346, 0.5800165235996246, 0
u,0.762800395488739, 0.5781933665275574, 0
u,0.5550324320793152, 0.583580881357193, 0
u,0.7615557312965393, 0.5819412767887115, 0
u,0.7621832489967346, 0.5800165235996246, 0
u,0.5550324320793152, 0.583580881357193, 0
u,0.7609178423881531, 0.5839675664901733, 0
u,0.7615557312965393, 0.5819412767887115, 0
u,0.5490967631340027, 0.5895477831363678, 0
u,0.7609178423881531, 0.5839675664901733, 0
u,0.5550324320793152, 0.583580881357193, 0
u,0.5490967631340027, 0.5895477831363678, 0
u,0.7602694630622864, 0.5860954523086548, 0
u,0.7609178423881531, 0.5839675664901733, 0
u,0.5490967631340027, 0.5895477831363678, 0
u,0.7596107125282288, 0.5883249342441559, 0
u,0.7602694630622864, 0.5860954523086548, 0
u,0.5490967631340027, 0.5895477831363678, 0
u,0.7589415907859802, 0.5906559824943542, 0
u,0.7596107125282288, 0.5883249342441559, 0
u,0.5434602499008179, 0.5951216816902161, 0
u,0.7589415907859802, 0.5906559824943542, 0
u,0.5490967631340027, 0.5895477831363678, 0
u,0.5434602499008179, 0.5951216816902161, 0
u,0.7582619786262512, 0.5930885970592499, 0
u,0.7589415907859802, 0.5906559824943542, 0
u,0.5434602499008179, 0.5951216816902161, 0
u,0.7571377754211426, 0.5970081686973572, 0
u,0.7582619786262512, 0.5930885970592499, 0
u,0.5381228923797607, 0.6003025770187378, 0
u,0.7571377754211426, 0.5970081686973572, 0
u,0.5434602499008179, 0.5951216816902161, 0
u,0.5381228923797607, 0.6003025770187378, 0
u,0.7560780644416809, 0.6007497608661652, 0
u,0.7571377754211426, 0.5970081686973572, 0
u,0.5330846309661865, 0.6050904989242554, 0
u,0.7560780644416809, 0.6007497608661652, 0
u,0.5381228923797607, 0.6003025770187378, 0
u,0.5330846309661865, 0.6050904989242554, 0
u,0.7550827860832214, 0.6043133735656738, 0
u,0.7560780644416809, 0.6007497608661652, 0
u,0.5283455848693848, 0.609485387802124, 0
u,0.7550827860832214, 0.6043133735656738, 0
u,0.5330846309661865, 0.6050904989242554, 0
u,0.5283455848693848, 0.609485387802124, 0
u,0.7541519403457642, 0.6076990067958832, 0
u,0.7550827860832214, 0.6043133735656738, 0
u,0.5283455848693848, 0.609485387802124, 0
u,0.7532855868339539, 0.6109066605567932, 0
u,0.7541519403457642, 0.6076990067958832, 0
u,0.5239057540893555, 0.6134873032569885, 0
u,0.7532855868339539, 0.6109066605567932, 0
u,0.5283455848693848, 0.609485387802124, 0
u,0.5239057540893555, 0.6134873032569885, 0
u,0.7524836659431458, 0.6139363646507263, 0
u,0.7532855868339539, 0.6109066605567932, 0
u,0.5221467018127441, 0.6283769905567169, 0
u,0.7524836659431458, 0.6139363646507263, 0
u,0.5239057540893555, 0.6134873032569885, 0
u,0.5221467018127441, 0.6283769905567169, 0
u,0.7517461776733398, 0.6167880594730377, 0
u,0.7524836659431458, 0.6139363646507263, 0
u,0.5221467018127441, 0.6283769905567169, 0
u,0.7510731220245361, 0.6194618046283722, 0
u,0.7517461776733398, 0.6167880594730377, 0
u,0.5221467018127441, 0.6283769905567169, 0
u,0.7504645586013794, 0.6219575703144073, 0
u,0.7510731220245361, 0.6194618046283722, 0
u,0.5221467018127441, 0.6283769905567169, 0
u,0.6304855346679688, 0.6263118088245392, 0
u,0.7504645586013794, 0.6219575703144073, 0
u,0.6304855346679688, 0.6263118088245392, 0
u,0.7499204277992249, 0.6242753267288208, 0
u,0.7504645586013794, 0.6219575703144073, 0
u,0.6304855346679688, 0.6263118088245392, 0
u,0.641080915927887, 0.6262811422348022, 0
u,0.7499204277992249, 0.6242753267288208, 0
u,0.641080915927887, 0.6262811422348022, 0
u,0.6515459418296814, 0.6262873709201813, 0
u,0.7499204277992249, 0.6242753267288208, 0
u,0.6515459418296814, 0.6262873709201813, 0
u,0.7494407296180725, 0.6264151632785797, 0
u,0.7499204277992249, 0.6242753267288208, 0
u,0.6618805527687073, 0.6263304650783539, 0
u,0.7494407296180725, 0.6264151632785797, 0
u,0.6515459418296814, 0.6262873709201813, 0
u,0.6720848083496094, 0.6264103949069977, 0
u,0.7494407296180725, 0.6264151632785797, 0
u,0.6618805527687073, 0.6263304650783539, 0
u,0.6821587085723877, 0.6265271902084351, 0
u,0.7494407296180725, 0.6264151632785797, 0
u,0.6720848083496094, 0.6264103949069977, 0
u,0.6921021938323975, 0.6266808807849884, 0
u,0.7494407296180725, 0.6264151632785797, 0
u,0.6821587085723877, 0.6265271902084351, 0
u,0.6921021938323975, 0.6266808807849884, 0
u,0.7019153237342834, 0.6268714070320129, 0
u,0.7494407296180725, 0.6264151632785797, 0
u,0.7019153237342834, 0.6268714070320129, 0
u,0.7115981578826904, 0.627098798751831, 0
u,0.7494407296180725, 0.6264151632785797, 0
u,0.7115981578826904, 0.627098798751831, 0
u,0.7211505174636841, 0.6273630559444427, 0
u,0.7494407296180725, 0.6264151632785797, 0
u,0.7211505174636841, 0.6273630559444427, 0
u,0.7305725812911987, 0.6276641488075256, 0
u,0.7494407296180725, 0.6264151632785797, 0
u,0.7305725812911987, 0.6276641488075256, 0
u,0.7398642301559448, 0.6280021369457245, 0
u,0.7494407296180725, 0.6264151632785797, 0
u,0.7398642301559448, 0.6280021369457245, 0
u,0.7490255236625671, 0.6283769905567169, 0
u,0.7494407296180725, 0.6264151632785797, 0
u,0.6024705767631531, 0.22398710250854492, 0
u,0.5221467614173889, 0.22935134172439575, 0
u,0.6024705767631531, 0.22935134172439575, 0
u,0.9579461216926575, 0.598380833864212, 0
u,0.961643636226654, 0.6787046790122986, 0
u,0.961643636226654, 0.598380833864212, 0
u,0.9277883172035217, 0.598380833864212, 0
u,0.9293003678321838, 0.6787046790122986, 0
u,0.9293003678321838, 0.598380833864212, 0
u,0.982259213924408, 0.598380833864212, 0
u,0.9844518303871155, 0.6787046790122986, 0
u,0.9844518303871155, 0.598380833864212, 0
u,0.8460536599159241, 0.6032380759716034, 0
u,0.7657298445701599, 0.613106906414032, 0
u,0.8460536599159241, 0.6131068766117096, 0
u,0.9427182674407959, 0.598380833864212, 0
u,0.9450399279594421, 0.6787046790122986, 0
u,0.9450399279594421, 0.598380833864212, 0
u,0.9684743285179138, 0.598380833864212, 0
u,0.971607506275177, 0.6787046790122986, 0
u,0.971607506275177, 0.598380833864212, 0
u,0.42327162623405457, 0.24988824129104614, 0
u,0.3429478108882904, 0.26468896865844727, 0
u,0.42327162623405457, 0.26468896865844727, 0
u,0.8460537195205688, 0.6643111109733582, 0
u,0.7657298445701599, 0.7713178545236588, 0
u,0.8460537195205688, 0.7713178545236588, 0
u,0.8460536599159241, 0.6332165598869324, 0
u,0.7657298445701599, 0.6434574127197266, 0
u,0.8460537195205688, 0.6434574127197266, 0
u,0.8460536599159241, 0.5557540059089661, 0
u,0.7657298445701599, 0.5650027990341187, 0
u,0.8460536599159241, 0.5650027990341187, 0
u,0.682794451713562, 0.1489216685295105, 0
u,0.6024706363677979, 0.15229099988937378, 0
u,0.682794451713562, 0.152290940284729, 0
u,0.682794451713562, 0.18890362977981567, 0
u,0.6024706363677979, 0.19595634937286377, 0
u,0.682794451713562, 0.195956289768219, 0
u,0.682794451713562, 0.12374240159988403, 0
u,0.6024706363677979, 0.1267186403274536, 0
u,0.682794451713562, 0.1267186403274536, 0
u,0.682794451713562, 0.238400399684906, 0
u,0.6024706363677979, 0.24347448348999023, 0
u,0.682794451713562, 0.24347448348999023, 0
u,0.8460536599159241, 0.12090194225311279, 0
u,0.7657298445701599, 0.12384158372879028, 0
u,0.8460536599159241, 0.12384158372879028, 0
u,0.40011900663375854, 0.03801906108856201, 0
u,0.40238043665885925, 0.11834287643432617, 0
u,0.40238043665885925, 0.03801906108856201, 0
u,0.3744196891784668, 0.03801906108856201, 0
u,0.3782268464565277, 0.11834287643432617, 0
u,0.3782268464565277, 0.03801906108856201, 0
u,0.41620439291000366, 0.03801906108856201, 0
u,0.4179050922393799, 0.11834287643432617, 0
u,0.4179050922393799, 0.03801906108856201, 0
u,0.8460536599159241, 0.08067905902862549, 0
u,0.7657297849655151, 0.08700555562973022, 0
u,0.8460536599159241, 0.08700549602508545, 0
u,0.34821170568466187, 0.03801906108856201, 0
u,0.35107454657554626, 0.11834287643432617, 0
u,0.35107454657554626, 0.03801906108856201, 0
u,0.9331917762756348, 0.7590285092592239, 0
u,0.9350587129592896, 0.8393523395061493, 0
u,0.9350587129592896, 0.7590285092592239, 0
u,0.5035955309867859, 0.3042355179786682, 0
u,0.42327165603637695, 0.3097432851791382, 0
u,0.5035955309867859, 0.3097432851791382, 0
u,0.9519590735435486, 0.7590285092592239, 0
u,0.9554750919342041, 0.8393523395061493, 0
u,0.9554750919342041, 0.7590285092592239, 0
u,0.42327165603637695, 0.5707797110080719, 0
u,0.3429478108882904, 0.5745628774166107, 0
u,0.42327165603637695, 0.5745628774166107, 0
u,0.5035955309867859, 0.4288662075996399, 0
u,0.520142138004303, 0.509190022945404, 0
u,0.520142138004303, 0.4288662075996399, 0
u,0.5035955309867859, 0.3499796986579895, 0
u,0.42327168583869934, 0.35506945848464966, 0
u,0.5035955309867859, 0.35506945848464966, 0
u,0.42327165603637695, 0.5309846997261047, 0
u,0.3429478108882904, 0.536888599395752, 0
u,0.42327165603637695, 0.536888599395752, 0
u,0.5035955309867859, 0.39219558238983154, 0
u,0.42327168583869934, 0.397713303565979, 0
u,0.5035955309867859, 0.397713303565979, 0
u,0.682794451713562, 0.15917760133743286, 0
u,0.6024706363677979, 0.16269493103027344, 0
u,0.682794451713562, 0.16269493103027344, 0
u,0.42327165603637695, 0.47417503595352173, 0
u,0.3429478108882904, 0.4822075366973877, 0
u,0.42327165603637695, 0.4822074770927429, 0
u,0.682794451713562, 0.1740562915802002, 0
u,0.6024706363677979, 0.18160361051559448, 0
u,0.682794451713562, 0.18160361051559448, 0
u,0.682794451713562, 0.14233118295669556, 0
u,0.6024706363677979, 0.1456018090248108, 0
u,0.682794451713562, 0.14560174942016602, 0
u,0.682794451713562, 0.13281559944152832, 0
u,0.6024706363677979, 0.1359381079673767, 0
u,0.682794451713562, 0.1359381079673767, 0
u,0.5035955309867859, 0.44385093450546265, 0
u,0.42327168583869934, 0.4516381621360779, 0
u,0.5035955309867859, 0.4516381621360779, 0
u,0.682794451713562, 0.11792707443237305, 0
u,0.6024706363677979, 0.12081187963485718, 0
u,0.682794451713562, 0.12081187963485718, 0
u,0.42327165603637695, 0.39981168508529663, 0
u,0.3429478108882904, 0.41009581089019775, 0
u,0.42327165603637695, 0.41009581089019775, 0
u,0.682794451713562, 0.20931977033615112, 0
u,0.6024706363677979, 0.21563053131103516, 0
u,0.682794451713562, 0.21563053131103516, 0
u,0.42327162623405457, 0.31810319423675537, 0
u,0.3429478108882904, 0.3268499970436096, 0
u,0.42327162623405457, 0.3268499970436096, 0
u,0.682794451713562, 0.22751009464263916, 0
u,0.6024706363677979, 0.23307889699935913, 0
u,0.682794451713562, 0.23307889699935913, 0
u,0.682794451713562, 0.10954725742340088, 0
u,0.6024706363677979, 0.11229479312896729, 0
u,0.682794451713562, 0.11229479312896729, 0
u,0.8460536599159241, 0.11473804712295532, 0
u,0.7657298445701599, 0.11786741018295288, 0
u,0.8460536599159241, 0.11786741018295288, 0
u,0.682794451713562, 0.2526768445968628, 0
u,0.6024706363677979, 0.25675398111343384, 0
u,0.682794451713562, 0.25675398111343384, 0
u,0.6024705767631531, 0.22935134172439575, 0
u,0.5221467614173889, 0.2344498634338379, 0
u,0.6024705767631531, 0.2344498634338379, 0
u,0.8460536599159241, 0.09941917657852173, 0
u,0.7657297849655151, 0.10550636053085327, 0
u,0.8460536599159241, 0.10550636053085327, 0
u,0.6024705767631531, 0.08840066194534302, 0
u,0.5221467614173889, 0.18622100353240967, 0
u,0.6024705767631531, 0.1862209439277649, 0
u,0.3953811228275299, 0.03801906108856201, 0
u,0.39778590202331543, 0.11834287643432617, 0
u,0.39778590202331543, 0.03801906108856201, 0
u,0.3671594262123108, 0.03801906108856201, 0
u,0.37073051929473877, 0.11834287643432617, 0
u,0.37073051929473877, 0.03801906108856201, 0
u,0.3861953616142273, 0.03801906108856201, 0
u,0.3903566896915436, 0.11834287643432617, 0
u,0.3903566896915436, 0.03801906108856201, 0
u,0.9293003678321838, 0.598380833864212, 0
u,0.9309135675430298, 0.6787046790122986, 0
u,0.9309135675430298, 0.598380833864212, 0
u,0.9450399279594421, 0.598380833864212, 0
u,0.9474627375602722, 0.6787046790122986, 0
u,0.9474627375602722, 0.598380833864212, 0
u,0.42327162623405457, 0.26468896865844727, 0
u,0.3429478108882904, 0.2697557210922241, 0
u,0.42327162623405457, 0.2697557210922241, 0
u,0.4126129150390625, 0.03801906108856201, 0
u,0.4144444763660431, 0.11834287643432617, 0
u,0.4144444763660431, 0.03801906108856201, 0
u,0.4066883623600006, 0.03801906108856201, 0
u,0.40873488783836365, 0.11834287643432617, 0
u,0.40873488783836365, 0.03801906108856201, 0
u,0.5035955309867859, 0.2941970229148865, 0
u,0.42327165603637695, 0.299053430557251, 0
u,0.5035955309867859, 0.299053430557251, 0
u,0.35715439915657043, 0.03801906108856201, 0
u,0.36037135124206543, 0.11834287643432617, 0
u,0.36037135124206543, 0.03801906108856201, 0
u,0.971607506275177, 0.598380833864212, 0
u,0.974552571773529, 0.6787046790122986, 0
u,0.974552571773529, 0.598380833864212, 0
u,0.9296538829803467, 0.7590285092592239, 0
u,0.9313901662826538, 0.8393523395061493, 0
u,0.9313901662826538, 0.7590285092592239, 0
u,0.8460537195205688, 0.6434574127197266, 0
u,0.7657298445701599, 0.6538222432136536, 0
u,0.8460537195205688, 0.6538222432136536, 0
u,0.3429478108882904, 0.03801906108856201, 0
u,0.3454938232898712, 0.11834287643432617, 0
u,0.3454938232898712, 0.03801906108856201, 0
u,0.4211660623550415, 0.03801906108856201, 0
u,0.4227263629436493, 0.11834287643432617, 0
u,0.4227263629436493, 0.03801906108856201, 0
u,0.8460536599159241, 0.5650027990341187, 0
u,0.7657298445701599, 0.5743756294250488, 0
u,0.8460536599159241, 0.5743756294250488, 0
u,0.8460536599159241, 0.06778693199157715, 0
u,0.7657297849655151, 0.07427287101745605, 0
u,0.8460536599159241, 0.07427287101745605, 0
u,0.9389885663986206, 0.7590285092592239, 0
u,0.9410514831542969, 0.8393523395061493, 0
u,0.9410514831542969, 0.7590285092592239, 0
u,0.42327165603637695, 0.5813362300395966, 0
u,0.3429478108882904, 0.584326446056366, 0
u,0.42327165603637695, 0.584326446056366, 0
u,0.9458739757537842, 0.7590285092592239, 0
u,0.9487586617469788, 0.8393523395061493, 0
u,0.9487586617469788, 0.7590285092592239, 0
u,0.42327165603637695, 0.5624203979969025, 0
u,0.3429478108882904, 0.5667322278022766, 0
u,0.42327165603637695, 0.5667322278022766, 0
u,0.5035955309867859, 0.3217359185218811, 0
u,0.42327168583869934, 0.32822078466415405, 0
u,0.5035955309867859, 0.32822078466415405, 0
u,0.8460536599159241, 0.04785048961639404, 0
u,0.7657297849655151, 0.05457568168640137, 0
u,0.8460536599159241, 0.05457568168640137, 0
u,0.9777899384498596, 0.7590285092592239, 0
u,0.9831998944282532, 0.8393523395061493, 0
u,0.9831998944282532, 0.7590285092592239, 0
u,0.9634540677070618, 0.7590285092592239, 0
u,0.9679170250892639, 0.8393523395061493, 0
u,0.9679170250892639, 0.7590285092592239, 0
u,0.5035955309867859, 0.33996063470840454, 0
u,0.42327168583869934, 0.34494340419769287, 0
u,0.5035955309867859, 0.34494340419769287, 0
u,0.42327165603637695, 0.547898143529892, 0
u,0.3429478108882904, 0.5530038177967072, 0
u,0.42327165603637695, 0.5530037879943848, 0
u,0.42327165603637695, 0.518378734588623, 0
u,0.3429478108882904, 0.5248147547245026, 0
u,0.42327165603637695, 0.5248147547245026, 0
u,0.5035955309867859, 0.3654094338417053, 0
u,0.42327168583869934, 0.37065964937210083, 0
u,0.5035955309867859, 0.37065964937210083, 0
u,0.42327165603637695, 0.49747419357299805, 0
u,0.3429478108882904, 0.504708468914032, 0
u,0.42327165603637695, 0.5047084391117096, 0
u,0.5035955309867859, 0.38132065534591675, 0
u,0.42327168583869934, 0.3867313265800476, 0
u,0.5035955309867859, 0.3867313265800476, 0
u,0.5035955309867859, 0.4291735291481018, 0
u,0.42327168583869934, 0.43636268377304077, 0
u,0.5035955309867859, 0.43636268377304077, 0
u,0.42327165603637695, 0.4572790861129761, 0
u,0.3429478108882904, 0.4658682942390442, 0
u,0.42327165603637695, 0.4658682942390442, 0
u,0.5035955309867859, 0.4094002842903137, 0
u,0.42327168583869934, 0.4156923294067383, 0
u,0.5035955309867859, 0.4156923294067383, 0
u,0.42327165603637695, 0.4298165440559387, 0
u,0.3429478108882904, 0.43925321102142334, 0
u,0.42327165603637695, 0.43925321102142334, 0
u,0.42327165603637695, 0.37839609384536743, 0
u,0.3429478108882904, 0.38924509286880493, 0
u,0.42327165603637695, 0.38924509286880493, 0
u,0.5035955309867859, 0.5528874099254608, 0
u,0.42327168583869934, 0.5864708721637726, 0
u,0.5035955309867859, 0.5864708423614502, 0
u,0.5035955309867859, 0.46810978651046753, 0
u,0.42327168583869934, 0.47679412364959717, 0
u,0.5035955309867859, 0.47679412364959717, 0
u,0.6024705767631531, 0.21835708618164062, 0
u,0.5221467614173889, 0.22398710250854492, 0
u,0.6024705767631531, 0.22398710250854492, 0
u,0.42327162623405457, 0.3457236886024475, 0
u,0.3429478108882904, 0.3558505177497864, 0
u,0.42327162623405457, 0.3558505177497864, 0
u,0.9263774752616882, 0.598380833864212, 0
u,0.9277883172035217, 0.6787046790122986, 0
u,0.9277883172035217, 0.598380833864212, 0
u,0.42327162623405457, 0.3019895553588867, 0
u,0.3429478108882904, 0.3098163604736328, 0
u,0.42327162623405457, 0.3098163604736328, 0
u,0.6024705767631531, 0.24384963512420654, 0
u,0.5221467614173889, 0.24815088510513306, 0
u,0.6024705767631531, 0.24815082550048828, 0
u,0.6024705767631531, 0.1998726725578308, 0
u,0.5221467614173889, 0.20629990100860596, 0
u,0.6024705767631531, 0.20629990100860596, 0
u,0.9344436526298523, 0.598380833864212, 0
u,0.9363605380058289, 0.6787046790122986, 0
u,0.9363605380058289, 0.598380833864212, 0
u,0.42327162623405457, 0.2812691926956177, 0
u,0.3429478108882904, 0.28771597146987915, 0
u,0.42327162623405457, 0.28771597146987915, 0
u,0.9404978156089783, 0.598380833864212, 0
u,0.9427182674407959, 0.6787046790122986, 0
u,0.9427182674407959, 0.598380833864212, 0
u,0.9651530385017395, 0.598380833864212, 0
u,0.9684743285179138, 0.6787046790122986, 0
u,0.9684743285179138, 0.598380833864212, 0
u,0.8460536599159241, 0.6230997145175934, 0
u,0.7657298445701599, 0.6332165598869324, 0
u,0.8460536599159241, 0.6332165598869324, 0
u,0.9540604948997498, 0.598380833864212, 0
u,0.9579461216926575, 0.6787046790122986, 0
u,0.9579461216926575, 0.598380833864212, 0
u,0.8460536599159241, 0.5466291606426239, 0
u,0.7657298445701599, 0.5557540059089661, 0
u,0.8460536599159241, 0.5557540059089661, 0
u,0.9798784255981445, 0.598380833864212, 0
u,0.982259213924408, 0.6787046790122986, 0
u,0.982259213924408, 0.598380833864212, 0
u,0.8460536599159241, 0.59349325299263, 0
u,0.7657298445701599, 0.6032380759716034, 0
u,0.8460536599159241, 0.6032380759716034, 0
u,0.682794451713562, 0.16626161336898804, 0
u,0.6024706363677979, 0.1740562915802002, 0
u,0.682794451713562, 0.1740562915802002, 0
u,0.682794451713562, 0.13910996913909912, 0
u,0.6024706363677979, 0.14233124256134033, 0
u,0.682794451713562, 0.14233118295669556, 0
u,0.682794451713562, 0.15570956468582153, 0
u,0.6024706363677979, 0.15917760133743286, 0
u,0.682794451713562, 0.15917760133743286, 0
u,0.682794451713562, 0.202761709690094, 0
u,0.6024706363677979, 0.20931977033615112, 0
u,0.682794451713562, 0.20931977033615112, 0
u,0.682794451713562, 0.22169393301010132, 0
u,0.6024706363677979, 0.22751009464263916, 0
u,0.682794451713562, 0.22751009464263916, 0
u,0.682794451713562, 0.12974244356155396, 0
u,0.6024706363677979, 0.13281559944152832, 0
u,0.682794451713562, 0.13281559944152832, 0
u,0.682794451713562, 0.11508804559707642, 0
u,0.6024706363677979, 0.11792707443237305, 0
u,0.682794451713562, 0.11792707443237305, 0
u,0.8460536599159241, 0.11151379346847534, 0
u,0.7657298445701599, 0.11473804712295532, 0
u,0.8460536599159241, 0.11473804712295532, 0
u,0.8460536599159241, 0.12668639421463013, 0
u,0.7657298445701599, 0.12943631410598755, 0
u,0.8460536599159241, 0.12943631410598755, 0
u,0.39290475845336914, 0.03801906108856201, 0
u,0.3953811228275299, 0.11834287643432617, 0
u,0.3953811228275299, 0.03801906108856201, 0
u,0.682794451713562, 0.24825036525726318, 0
u,0.6024706363677979, 0.2526768445968628, 0
u,0.682794451713562, 0.2526768445968628, 0
u,0.8460536599159241, 0.09325224161148071, 0
u,0.7657297849655151, 0.09941917657852173, 0
u,0.8460536599159241, 0.09941917657852173, 0
u,0.5035955309867859, 0.2896663546562195, 0
u,0.42327165603637695, 0.2941970229148865, 0
u,0.5035955309867859, 0.2941970229148865, 0
u,0.38215208053588867, 0.03801906108856201, 0
u,0.3861953616142273, 0.11834287643432617, 0
u,0.3861953616142273, 0.03801906108856201, 0
u,0.4107097089290619, 0.03801906108856201, 0
u,0.4126129150390625, 0.11834287643432617, 0
u,0.4126129150390625, 0.03801906108856201, 0
u,0.3637063503265381, 0.03801906108856201, 0
u,0.3671594262123108, 0.11834287643432617, 0
u,0.3671594262123108, 0.03801906108856201, 0
u,0.40457022190093994, 0.03801906108856201, 0
u,0.4066883623600006, 0.11834287643432617, 0
u,0.4066883623600006, 0.03801906108856201, 0
u,0.41955894231796265, 0.03801906108856201, 0
u,0.4211660623550415, 0.11834287643432617, 0
u,0.4211660623550415, 0.03801906108856201, 0
u,0.3540554642677307, 0.03801906108856201, 0
u,0.35715439915657043, 0.11834287643432617, 0
u,0.35715439915657043, 0.03801906108856201, 0
u,0.9279829859733582, 0.7590285092592239, 0
u,0.9296538829803467, 0.8393523395061493, 0
u,0.9296538829803467, 0.7590285092592239, 0
u,0.42327165603637695, 0.5870522856712341, 0
u,0.3429478108882904, 0.5895138382911682, 0
u,0.42327165603637695, 0.5895138382911682, 0
u,0.9369909763336182, 0.7590285092592239, 0
u,0.9389885663986206, 0.8393523395061493, 0
u,0.9389885663986206, 0.7590285092592239, 0
u,0.5035955309867859, 0.3155767321586609, 0
u,0.42327168583869934, 0.3217359185218811, 0
u,0.5035955309867859, 0.3217359185218811, 0
u,0.42327165603637695, 0.5780817270278931, 0
u,0.3429478108882904, 0.581336259841919, 0
u,0.42327165603637695, 0.5813362300395966, 0
u,0.9433048963546753, 0.7590285092592239, 0
u,0.9458739757537842, 0.8393523395061493, 0
u,0.9458739757537842, 0.7590285092592239, 0
u,0.8460536599159241, 0.061221182346343994, 0
u,0.7657297849655151, 0.06778693199157715, 0
u,0.8460536599159241, 0.06778693199157715, 0
u,0.9593067765235901, 0.7590285092592239, 0
u,0.9634540677070618, 0.8393523395061493, 0
u,0.9634540677070618, 0.7590285092592239, 0
u,0.8460536599159241, 0.04104548692703247, 0
u,0.7657297849655151, 0.04785048961639404, 0
u,0.8460536599159241, 0.04785048961639404, 0
u,0.42327165603637695, 0.5425263941287994, 0
u,0.3429478108882904, 0.547898143529892, 0
u,0.42327165603637695, 0.547898143529892, 0
u,0.9726956486701965, 0.7590285092592239, 0
u,0.9777899384498596, 0.8393523395061493, 0
u,0.9777899384498596, 0.7590285092592239, 0
u,0.5035955309867859, 0.3350313901901245, 0
u,0.42327168583869934, 0.33996063470840454, 0
u,0.5035955309867859, 0.33996063470840454, 0
u,0.42327165603637695, 0.5578442811965942, 0
u,0.3429478108882904, 0.5624204277992249, 0
u,0.42327165603637695, 0.5624203979969025, 0
u,0.5035955309867859, 0.36021268367767334, 0
u,0.42327168583869934, 0.3654094338417053, 0
u,0.5035955309867859, 0.3654094338417053, 0
u,0.5035955309867859, 0.37596338987350464, 0
u,0.42327168583869934, 0.38132065534591675, 0
u,0.5035955309867859, 0.38132065534591675, 0
u,0.5035955309867859, 0.4034072756767273, 0
u,0.42327168583869934, 0.4094002842903137, 0
u,0.5035955309867859, 0.4094002842903137, 0
u,0.42327165603637695, 0.5116766095161438, 0
u,0.3429478108882904, 0.518378734588623, 0
u,0.42327165603637695, 0.518378734588623, 0
u,0.42327165603637695, 0.48997390270233154, 0
u,0.3429478108882904, 0.49747419357299805, 0
u,0.42327165603637695, 0.49747419357299805, 0
u,0.5035955309867859, 0.422283411026001, 0
u,0.42327168583869934, 0.4291735291481018, 0
u,0.5035955309867859, 0.4291735291481018, 0
u,0.5035955309867859, 0.45972442626953125, 0
u,0.42327168583869934, 0.46810978651046753, 0
u,0.5035955309867859, 0.46810978651046753, 0
u,0.42327165603637695, 0.4484073519706726, 0
u,0.3429478108882904, 0.4572790861129761, 0
u,0.42327165603637695, 0.4572790861129761, 0
u,0.42327165603637695, 0.4200974106788635, 0
u,0.3429478108882904, 0.4298165440559387, 0
u,0.42327165603637695, 0.4298165440559387, 0
u,0.5035955309867859, 0.4857775568962097, 0
u,0.42327168583869934, 0.5528874099254608, 0
u,0.5035955309867859, 0.5528874099254608, 0
u,0.42327162623405457, 0.33605682849884033, 0
u,0.3429478108882904, 0.3457236886024475, 0
u,0.42327162623405457, 0.3457236886024475, 0
u,0.42327165603637695, 0.3672645092010498, 0
u,0.3429478108882904, 0.37839609384536743, 0
u,0.42327165603637695, 0.37839609384536743, 0
u,0.6024705767631531, 0.23928260803222656, 0
u,0.5221467614173889, 0.24384963512420654, 0
u,0.6024705767631531, 0.24384963512420654, 0
u,0.6024705767631531, 0.2521863579750061, 0
u,0.5221467614173889, 0.25675392150878906, 0
u,0.6024705767631531, 0.25675392150878906, 0
u,0.6024705767631531, 0.2124614119529724, 0
u,0.5221467614173889, 0.2183571457862854, 0
u,0.6024705767631531, 0.21835708618164062, 0
u,0.6024705767631531, 0.1931796669960022, 0
u,0.5221467614173889, 0.1998726725578308, 0
u,0.6024705767631531, 0.1998726725578308, 0
u,0.9326280355453491, 0.598380833864212, 0
u,0.9344436526298523, 0.6787046790122986, 0
u,0.9344436526298523, 0.598380833864212, 0
u,0.9383785724639893, 0.598380833864212, 0
u,0.9404978156089783, 0.6787046790122986, 0
u,0.9404978156089783, 0.598380833864212, 0
u,0.9499868154525757, 0.598380833864212, 0
u,0.9540604948997498, 0.6787046790122986, 0
u,0.9540604948997498, 0.598380833864212, 0
u,0.42327162623405457, 0.2946227788925171, 0
u,0.3429478108882904, 0.3019896149635315, 0
u,0.42327162623405457, 0.3019895553588867, 0
u,0.42327162623405457, 0.27528244256973267, 0
u,0.3429478108882904, 0.28126925230026245, 0
u,0.42327162623405457, 0.2812691926956177, 0
u,0.97730952501297, 0.598380833864212, 0
u,0.9798784255981445, 0.6787046790122986, 0
u,0.9798784255981445, 0.598380833864212, 0
u,0.8460536599159241, 0.5838724374771118, 0
u,0.7657298445701599, 0.59349325299263, 0
u,0.8460536599159241, 0.59349325299263, 0
u,0.961643636226654, 0.598380833864212, 0
u,0.9651530385017395, 0.6787046790122986, 0
u,0.9651530385017395, 0.598380833864212, 0
u,0.8460536599159241, 0.6131068766117096, 0
u,0.7657298445701599, 0.6230997443199158, 0
u,0.8460536599159241, 0.6230997145175934, 0
u,0.9844518303871155, 0.598380833864212, 0
u,0.9864563941955566, 0.6787046790122986, 0
u,0.9864563941955566, 0.598380833864212, 0
u,0.682794451713562, 0.152290940284729, 0
u,0.6024706363677979, 0.1557096242904663, 0
u,0.682794451713562, 0.15570956468582153, 0
u,0.682794451713562, 0.195956289768219, 0
u,0.6024706363677979, 0.202761709690094, 0
u,0.682794451713562, 0.202761709690094, 0
u,0.682794451713562, 0.1267186403274536, 0
u,0.6024706363677979, 0.12974244356155396, 0
u,0.682794451713562, 0.12974244356155396, 0
u,0.8460536599159241, 0.12384158372879028, 0
u,0.7657298445701599, 0.12668639421463013, 0
u,0.8460536599159241, 0.12668639421463013, 0
u,0.682794451713562, 0.24347448348999023, 0
u,0.6024706363677979, 0.24825036525726318, 0
u,0.682794451713562, 0.24825036525726318, 0
u,0.3782268464565277, 0.03801906108856201, 0
u,0.38215208053588867, 0.11834287643432617, 0
u,0.38215208053588867, 0.03801906108856201, 0
u,0.40238043665885925, 0.03801906108856201, 0
u,0.40457022190093994, 0.11834287643432617, 0
u,0.40457022190093994, 0.03801906108856201, 0
u,0.8460536599159241, 0.08700549602508545, 0
u,0.7657297849655151, 0.09325224161148071, 0
u,0.8460536599159241, 0.09325224161148071, 0
u,0.4179050922393799, 0.03801906108856201, 0
u,0.41955894231796265, 0.11834287643432617, 0
u,0.41955894231796265, 0.03801906108856201, 0
u,0.35107454657554626, 0.03801906108856201, 0
u,0.3540554642677307, 0.11834287643432617, 0
u,0.3540554642677307, 0.03801906108856201, 0
u,0.682794451713562, 0.16269493103027344, 0
u,0.6024706363677979, 0.16626161336898804, 0
u,0.682794451713562, 0.16626161336898804, 0
u,0.682794451713562, 0.1359381079673767, 0
u,0.6024706363677979, 0.13910996913909912, 0
u,0.682794451713562, 0.13910996913909912, 0
u,0.682794451713562, 0.21563053131103516, 0
u,0.6024706363677979, 0.22169393301010132, 0
u,0.682794451713562, 0.22169393301010132, 0
u,0.9350587129592896, 0.7590285092592239, 0
u,0.9369909763336182, 0.8393523395061493, 0
u,0.9369909763336182, 0.7590285092592239, 0
u,0.682794451713562, 0.11229479312896729, 0
u,0.6024706363677979, 0.11508804559707642, 0
u,0.682794451713562, 0.11508804559707642, 0
u,0.5035955309867859, 0.3097432851791382, 0
u,0.42327165603637695, 0.3155767321586609, 0
u,0.5035955309867859, 0.3155767321586609, 0
u,0.682794451713562, 0.18160361051559448, 0
u,0.6024706363677979, 0.18890362977981567, 0
u,0.682794451713562, 0.18890362977981567, 0
u,0.682794451713562, 0.14560174942016602, 0
u,0.6024706363677979, 0.1489216685295105, 0
u,0.682794451713562, 0.1489216685295105, 0
u,0.8460536599159241, 0.10550636053085327, 0
u,0.7657298445701599, 0.11151379346847534, 0
u,0.8460536599159241, 0.11151379346847534, 0
u,0.9554750919342041, 0.7590285092592239, 0
u,0.9593067765235901, 0.8393523395061493, 0
u,0.9593067765235901, 0.7590285092592239, 0
u,0.42327165603637695, 0.5745628774166107, 0
u,0.3429478108882904, 0.5780817270278931, 0
u,0.42327165603637695, 0.5780817270278931, 0
u,0.682794451713562, 0.12081187963485718, 0
u,0.6024706363677979, 0.12374240159988403, 0
u,0.682794451713562, 0.12374240159988403, 0
u,0.5035955309867859, 0.2854613661766052, 0
u,0.42327165603637695, 0.2896663546562195, 0
u,0.5035955309867859, 0.2896663546562195, 0
u,0.682794451713562, 0.23307889699935913, 0
u,0.6024706363677979, 0.238400399684906, 0
u,0.682794451713562, 0.238400399684906, 0
u,0.3903566896915436, 0.03801906108856201, 0
u,0.39290475845336914, 0.11834287643432617, 0
u,0.39290475845336914, 0.03801906108856201, 0
u,0.8460536599159241, 0.034160733222961426, 0
u,0.7657297849655151, 0.04104548692703247, 0
u,0.8460536599159241, 0.04104548692703247, 0
u,0.8460536599159241, 0.11786741018295288, 0
u,0.7657298445701599, 0.12090194225311279, 0
u,0.8460536599159241, 0.12090194225311279, 0
u,0.5035955309867859, 0.35506945848464966, 0
u,0.42327168583869934, 0.36021268367767334, 0
u,0.5035955309867859, 0.36021268367767334, 0
u,0.42327165603637695, 0.536888599395752, 0
u,0.3429478108882904, 0.5425263941287994, 0
u,0.42327165603637695, 0.5425263941287994, 0
u,0.40873488783836365, 0.03801906108856201, 0
u,0.4107097089290619, 0.11834287643432617, 0
u,0.4107097089290619, 0.03801906108856201, 0
u,0.39778590202331543, 0.03801906108856201, 0
u,0.40011900663375854, 0.11834287643432617, 0
u,0.40011900663375854, 0.03801906108856201, 0
u,0.36037135124206543, 0.03801906108856201, 0
u,0.3637063503265381, 0.11834287643432617, 0
u,0.3637063503265381, 0.03801906108856201, 0
u,0.5035955309867859, 0.397713303565979, 0
u,0.42327168583869934, 0.4034072756767273, 0
u,0.5035955309867859, 0.4034072756767273, 0
u,0.37073051929473877, 0.03801906108856201, 0
u,0.3744196891784668, 0.11834287643432617, 0
u,0.3744196891784668, 0.03801906108856201, 0
u,0.42327165603637695, 0.4822074770927429, 0
u,0.3429478108882904, 0.48997390270233154, 0
u,0.42327165603637695, 0.48997390270233154, 0
u,0.4144444763660431, 0.03801906108856201, 0
u,0.41620439291000366, 0.11834287643432617, 0
u,0.41620439291000366, 0.03801906108856201, 0
u,0.9263773560523987, 0.7590285092592239, 0
u,0.9279829859733582, 0.8393523395061493, 0
u,0.9279829859733582, 0.7590285092592239, 0
u,0.5035955309867859, 0.4516381621360779, 0
u,0.42327168583869934, 0.45972442626953125, 0
u,0.5035955309867859, 0.45972442626953125, 0
u,0.5035955309867859, 0.299053430557251, 0
u,0.42327165603637695, 0.3042355179786682, 0
u,0.5035955309867859, 0.3042355179786682, 0
u,0.42327165603637695, 0.41009581089019775, 0
u,0.3429478108882904, 0.4200974106788635, 0
u,0.42327165603637695, 0.4200974106788635, 0
u,0.9410514831542969, 0.7590285092592239, 0
u,0.9433048963546753, 0.8393523395061493, 0
u,0.9433048963546753, 0.7590285092592239, 0
u,0.9313901662826538, 0.7590285092592239, 0
u,0.9331917762756348, 0.8393523395061493, 0
u,0.9331917762756348, 0.7590285092592239, 0
u,0.42327165603637695, 0.584326446056366, 0
u,0.3429478108882904, 0.5870522856712341, 0
u,0.42327165603637695, 0.5870522856712341, 0
u,0.3454938232898712, 0.03801906108856201, 0
u,0.34821170568466187, 0.11834287643432617, 0
u,0.34821170568466187, 0.03801906108856201, 0
u,0.42327162623405457, 0.3268499970436096, 0
u,0.3429478108882904, 0.33605682849884033, 0
u,0.42327162623405457, 0.33605682849884033, 0
u,0.8460536599159241, 0.05457568168640137, 0
u,0.7657297849655151, 0.061221182346343994, 0
u,0.8460536599159241, 0.061221182346343994, 0
u,0.8460536599159241, 0.07427287101745605, 0
u,0.7657297849655151, 0.08067905902862549, 0
u,0.8460536599159241, 0.08067905902862549, 0
u,0.6024705767631531, 0.2344498634338379, 0
u,0.5221467614173889, 0.23928260803222656, 0
u,0.6024705767631531, 0.23928260803222656, 0
u,0.5035955309867859, 0.32822078466415405, 0
u,0.42327168583869934, 0.3350313901901245, 0
u,0.5035955309867859, 0.3350313901901245, 0
u,0.9679170250892639, 0.7590285092592239, 0
u,0.9726956486701965, 0.8393523395061493, 0
u,0.9726956486701965, 0.7590285092592239, 0
u,0.6024705767631531, 0.1862209439277649, 0
u,0.5221467614173889, 0.1931796669960022, 0
u,0.6024705767631531, 0.1931796669960022, 0
u,0.42327165603637695, 0.5530037879943848, 0
u,0.3429478108882904, 0.5578442811965942, 0
u,0.42327165603637695, 0.5578442811965942, 0
u,0.9487586617469788, 0.7590285092592239, 0
u,0.9519590735435486, 0.8393523395061493, 0
u,0.9519590735435486, 0.7590285092592239, 0
u,0.9309135675430298, 0.598380833864212, 0
u,0.9326280355453491, 0.6787046790122986, 0
u,0.9326280355453491, 0.598380833864212, 0
u,0.42327165603637695, 0.5667322278022766, 0
u,0.3429478108882904, 0.5707797110080719, 0
u,0.42327165603637695, 0.5707797110080719, 0
u,0.9474627375602722, 0.598380833864212, 0
u,0.9499868154525757, 0.6787046790122986, 0
u,0.9499868154525757, 0.598380833864212, 0
u,0.5035955309867859, 0.37065964937210083, 0
u,0.42327168583869934, 0.37596338987350464, 0
u,0.5035955309867859, 0.37596338987350464, 0
u,0.42327162623405457, 0.2697557210922241, 0
u,0.3429478108882904, 0.27528244256973267, 0
u,0.42327162623405457, 0.27528244256973267, 0
u,0.42327165603637695, 0.5047084391117096, 0
u,0.3429478108882904, 0.5116766393184662, 0
u,0.42327165603637695, 0.5116766095161438, 0
u,0.9831998944282532, 0.7590285092592239, 0
u,0.9889254570007324, 0.8393523395061493, 0
u,0.9889254570007324, 0.7590285092592239, 0
u,0.5035955309867859, 0.34494340419769287, 0
u,0.42327168583869934, 0.3499796986579895, 0
u,0.5035955309867859, 0.3499796986579895, 0
u,0.5035955309867859, 0.4156923294067383, 0
u,0.42327168583869934, 0.422283411026001, 0
u,0.5035955309867859, 0.422283411026001, 0
u,0.974552571773529, 0.598380833864212, 0
u,0.97730952501297, 0.6787046790122986, 0
u,0.97730952501297, 0.598380833864212, 0
u,0.42327165603637695, 0.5248147547245026, 0
u,0.3429478108882904, 0.5309846997261047, 0
u,0.42327165603637695, 0.5309846997261047, 0
u,0.42327165603637695, 0.43925321102142334, 0
u,0.3429478108882904, 0.4484073519706726, 0
u,0.42327165603637695, 0.4484073519706726, 0
u,0.8460537195205688, 0.6538222432136536, 0
u,0.7657298445701599, 0.6643111109733582, 0
u,0.8460537195205688, 0.6643111109733582, 0
u,0.8460536599159241, 0.5743756294250488, 0
u,0.7657298445701599, 0.5838724374771118, 0
u,0.8460536599159241, 0.5838724374771118, 0
u,0.5035955309867859, 0.3867313265800476, 0
u,0.42327168583869934, 0.39219558238983154, 0
u,0.5035955309867859, 0.39219558238983154, 0
u,0.5035955309867859, 0.47679412364959717, 0
u,0.42327168583869934, 0.4857775568962097, 0
u,0.5035955309867859, 0.4857775568962097, 0
u,0.42327165603637695, 0.4658682942390442, 0
u,0.3429478108882904, 0.47417503595352173, 0
u,0.42327165603637695, 0.47417503595352173, 0
u,0.42327162623405457, 0.3558505177497864, 0
u,0.3429478108882904, 0.3672645688056946, 0
u,0.42327165603637695, 0.3672645092010498, 0
u,0.6024705767631531, 0.24815082550048828, 0
u,0.5221467614173889, 0.2521863579750061, 0
u,0.6024705767631531, 0.2521863579750061, 0
u,0.5035955309867859, 0.43636268377304077, 0
u,0.42327168583869934, 0.44385093450546265, 0
u,0.5035955309867859, 0.44385093450546265, 0
u,0.6024705767631531, 0.20629990100860596, 0
u,0.5221467614173889, 0.2124614119529724, 0
u,0.6024705767631531, 0.2124614119529724, 0
u,0.42327165603637695, 0.38924509286880493, 0
u,0.3429478108882904, 0.39981168508529663, 0
u,0.42327165603637695, 0.39981168508529663, 0
u,0.9363605380058289, 0.598380833864212, 0
u,0.9383785724639893, 0.6787046790122986, 0
u,0.9383785724639893, 0.598380833864212, 0
u,0.5035955309867859, 0.5864708423614502, 0
u,0.42327168583869934, 0.5895138382911682, 0
u,0.5035955309867859, 0.5895138084888458, 0
u,0.42327162623405457, 0.28771597146987915, 0
u,0.3429478108882904, 0.2946227788925171, 0
u,0.42327162623405457, 0.2946227788925171, 0
u,0.42327162623405457, 0.3098163604736328, 0
u,0.3429478108882904, 0.31810319423675537, 0
u,0.42327162623405457, 0.31810319423675537, 0
u,0.6024705767631531, 0.22398710250854492, 0
u,0.5221467614173889, 0.22398710250854492, 0
u,0.5221467614173889, 0.22935134172439575, 0
u,0.9579461216926575, 0.598380833864212, 0
u,0.9579461216926575, 0.6787046790122986, 0
u,0.961643636226654, 0.6787046790122986, 0
u,0.9277883172035217, 0.598380833864212, 0
u,0.9277883172035217, 0.6787046790122986, 0
u,0.9293003678321838, 0.6787046790122986, 0
u,0.982259213924408, 0.598380833864212, 0
u,0.982259213924408, 0.6787046790122986, 0
u,0.9844518303871155, 0.6787046790122986, 0
u,0.8460536599159241, 0.6032380759716034, 0
u,0.7657298445701599, 0.6032380759716034, 0
u,0.7657298445701599, 0.613106906414032, 0
u,0.9427182674407959, 0.598380833864212, 0
u,0.9427182674407959, 0.6787046790122986, 0
u,0.9450399279594421, 0.6787046790122986, 0
u,0.9684743285179138, 0.598380833864212, 0
u,0.9684743285179138, 0.6787046790122986, 0
u,0.971607506275177, 0.6787046790122986, 0
u,0.42327162623405457, 0.24988824129104614, 0
u,0.3429478108882904, 0.24988824129104614, 0
u,0.3429478108882904, 0.26468896865844727, 0
u,0.8460537195205688, 0.6643111109733582, 0
u,0.7657298445701599, 0.6643111109733582, 0
u,0.7657298445701599, 0.7713178545236588, 0
u,0.8460536599159241, 0.6332165598869324, 0
u,0.7657298445701599, 0.6332165598869324, 0
u,0.7657298445701599, 0.6434574127197266, 0
u,0.8460536599159241, 0.5557540059089661, 0
u,0.7657298445701599, 0.5557540059089661, 0
u,0.7657298445701599, 0.5650027990341187, 0
u,0.682794451713562, 0.1489216685295105, 0
u,0.6024706363677979, 0.1489216685295105, 0
u,0.6024706363677979, 0.15229099988937378, 0
u,0.682794451713562, 0.18890362977981567, 0
u,0.6024706363677979, 0.18890362977981567, 0
u,0.6024706363677979, 0.19595634937286377, 0
u,0.682794451713562, 0.12374240159988403, 0
u,0.6024706363677979, 0.12374240159988403, 0
u,0.6024706363677979, 0.1267186403274536, 0
u,0.682794451713562, 0.238400399684906, 0
u,0.6024706363677979, 0.238400399684906, 0
u,0.6024706363677979, 0.24347448348999023, 0
u,0.8460536599159241, 0.12090194225311279, 0
u,0.7657298445701599, 0.12090194225311279, 0
u,0.7657298445701599, 0.12384158372879028, 0
u,0.40011900663375854, 0.03801906108856201, 0
u,0.40011900663375854, 0.11834287643432617, 0
u,0.40238043665885925, 0.11834287643432617, 0
u,0.3744196891784668, 0.03801906108856201, 0
u,0.3744196891784668, 0.11834287643432617, 0
u,0.3782268464565277, 0.11834287643432617, 0
u,0.41620439291000366, 0.03801906108856201, 0
u,0.41620439291000366, 0.11834287643432617, 0
u,0.4179050922393799, 0.11834287643432617, 0
u,0.8460536599159241, 0.08067905902862549, 0
u,0.7657297849655151, 0.08067905902862549, 0
u,0.7657297849655151, 0.08700555562973022, 0
u,0.34821170568466187, 0.03801906108856201, 0
u,0.34821170568466187, 0.11834287643432617, 0
u,0.35107454657554626, 0.11834287643432617, 0
u,0.9331917762756348, 0.7590285092592239, 0
u,0.9331917762756348, 0.8393523395061493, 0
u,0.9350587129592896, 0.8393523395061493, 0
u,0.5035955309867859, 0.3042355179786682, 0
u,0.42327165603637695, 0.3042355179786682, 0
u,0.42327165603637695, 0.3097432851791382, 0
u,0.9519590735435486, 0.7590285092592239, 0
u,0.9519590735435486, 0.8393523395061493, 0
u,0.9554750919342041, 0.8393523395061493, 0
u,0.42327165603637695, 0.5707797110080719, 0
u,0.3429478108882904, 0.5707797110080719, 0
u,0.3429478108882904, 0.5745628774166107, 0
u,0.5035955309867859, 0.4288662075996399, 0
u,0.5035955309867859, 0.509190022945404, 0
u,0.520142138004303, 0.509190022945404, 0
u,0.5035955309867859, 0.3499796986579895, 0
u,0.42327168583869934, 0.3499796986579895, 0
u,0.42327168583869934, 0.35506945848464966, 0
u,0.42327165603637695, 0.5309846997261047, 0
u,0.3429478108882904, 0.5309846997261047, 0
u,0.3429478108882904, 0.536888599395752, 0
u,0.5035955309867859, 0.39219558238983154, 0
u,0.42327168583869934, 0.39219558238983154, 0
u,0.42327168583869934, 0.397713303565979, 0
u,0.682794451713562, 0.15917760133743286, 0
u,0.6024706363677979, 0.15917760133743286, 0
u,0.6024706363677979, 0.16269493103027344, 0
u,0.42327165603637695, 0.47417503595352173, 0
u,0.3429478108882904, 0.47417503595352173, 0
u,0.3429478108882904, 0.4822075366973877, 0
u,0.682794451713562, 0.1740562915802002, 0
u,0.6024706363677979, 0.1740562915802002, 0
u,0.6024706363677979, 0.18160361051559448, 0
u,0.682794451713562, 0.14233118295669556, 0
u,0.6024706363677979, 0.14233124256134033, 0
u,0.6024706363677979, 0.1456018090248108, 0
u,0.682794451713562, 0.13281559944152832, 0
u,0.6024706363677979, 0.13281559944152832, 0
u,0.6024706363677979, 0.1359381079673767, 0
u,0.5035955309867859, 0.44385093450546265, 0
u,0.42327168583869934, 0.44385093450546265, 0
u,0.42327168583869934, 0.4516381621360779, 0
u,0.682794451713562, 0.11792707443237305, 0
u,0.6024706363677979, 0.11792707443237305, 0
u,0.6024706363677979, 0.12081187963485718, 0
u,0.42327165603637695, 0.39981168508529663, 0
u,0.3429478108882904, 0.39981168508529663, 0
u,0.3429478108882904, 0.41009581089019775, 0
u,0.682794451713562, 0.20931977033615112, 0
u,0.6024706363677979, 0.20931977033615112, 0
u,0.6024706363677979, 0.21563053131103516, 0
u,0.42327162623405457, 0.31810319423675537, 0
u,0.3429478108882904, 0.31810319423675537, 0
u,0.3429478108882904, 0.3268499970436096, 0
u,0.682794451713562, 0.22751009464263916, 0
u,0.6024706363677979, 0.22751009464263916, 0
u,0.6024706363677979, 0.23307889699935913, 0
u,0.682794451713562, 0.10954725742340088, 0
u,0.6024706363677979, 0.10954731702804565, 0
u,0.6024706363677979, 0.11229479312896729, 0
u,0.8460536599159241, 0.11473804712295532, 0
u,0.7657298445701599, 0.11473804712295532, 0
u,0.7657298445701599, 0.11786741018295288, 0
u,0.682794451713562, 0.2526768445968628, 0
u,0.6024706363677979, 0.2526768445968628, 0
u,0.6024706363677979, 0.25675398111343384, 0
u,0.6024705767631531, 0.22935134172439575, 0
u,0.5221467614173889, 0.22935134172439575, 0
u,0.5221467614173889, 0.2344498634338379, 0
u,0.8460536599159241, 0.09941917657852173, 0
u,0.7657297849655151, 0.09941917657852173, 0
u,0.7657297849655151, 0.10550636053085327, 0
u,0.6024705767631531, 0.08840066194534302, 0
u,0.5221467614173889, 0.08840066194534302, 0
u,0.5221467614173889, 0.18622100353240967, 0
u,0.3953811228275299, 0.03801906108856201, 0
u,0.3953811228275299, 0.11834287643432617, 0
u,0.39778590202331543, 0.11834287643432617, 0
u,0.3671594262123108, 0.03801906108856201, 0
u,0.3671594262123108, 0.11834287643432617, 0
u,0.37073051929473877, 0.11834287643432617, 0
u,0.3861953616142273, 0.03801906108856201, 0
u,0.3861953616142273, 0.11834287643432617, 0
u,0.3903566896915436, 0.11834287643432617, 0
u,0.9293003678321838, 0.598380833864212, 0
u,0.9293003678321838, 0.6787046790122986, 0
u,0.9309135675430298, 0.6787046790122986, 0
u,0.9450399279594421, 0.598380833864212, 0
u,0.9450399279594421, 0.6787046790122986, 0
u,0.9474627375602722, 0.6787046790122986, 0
u,0.42327162623405457, 0.26468896865844727, 0
u,0.3429478108882904, 0.26468896865844727, 0
u,0.3429478108882904, 0.2697557210922241, 0
u,0.4126129150390625, 0.03801906108856201, 0
u,0.4126129150390625, 0.11834287643432617, 0
u,0.4144444763660431, 0.11834287643432617, 0
u,0.4066883623600006, 0.03801906108856201, 0
u,0.4066883623600006, 0.11834287643432617, 0
u,0.40873488783836365, 0.11834287643432617, 0
u,0.5035955309867859, 0.2941970229148865, 0
u,0.42327165603637695, 0.2941970229148865, 0
u,0.42327165603637695, 0.299053430557251, 0
u,0.35715439915657043, 0.03801906108856201, 0
u,0.35715439915657043, 0.11834287643432617, 0
u,0.36037135124206543, 0.11834287643432617, 0
u,0.971607506275177, 0.598380833864212, 0
u,0.971607506275177, 0.6787046790122986, 0
u,0.974552571773529, 0.6787046790122986, 0
u,0.9296538829803467, 0.7590285092592239, 0
u,0.9296538829803467, 0.8393523395061493, 0
u,0.9313901662826538, 0.8393523395061493, 0
u,0.8460537195205688, 0.6434574127197266, 0
u,0.7657298445701599, 0.6434574127197266, 0
u,0.7657298445701599, 0.6538222432136536, 0
u,0.3429478108882904, 0.03801906108856201, 0
u,0.3429478108882904, 0.11834287643432617, 0
u,0.3454938232898712, 0.11834287643432617, 0
u,0.4211660623550415, 0.03801906108856201, 0
u,0.4211660623550415, 0.11834287643432617, 0
u,0.4227263629436493, 0.11834287643432617, 0
u,0.8460536599159241, 0.5650027990341187, 0
u,0.7657298445701599, 0.5650027990341187, 0
u,0.7657298445701599, 0.5743756294250488, 0
u,0.8460536599159241, 0.06778693199157715, 0
u,0.7657297849655151, 0.06778693199157715, 0
u,0.7657297849655151, 0.07427287101745605, 0
u,0.9389885663986206, 0.7590285092592239, 0
u,0.9389885663986206, 0.8393523395061493, 0
u,0.9410514831542969, 0.8393523395061493, 0
u,0.42327165603637695, 0.5813362300395966, 0
u,0.3429478108882904, 0.581336259841919, 0
u,0.3429478108882904, 0.584326446056366, 0
u,0.9458739757537842, 0.7590285092592239, 0
u,0.9458739757537842, 0.8393523395061493, 0
u,0.9487586617469788, 0.8393523395061493, 0
u,0.42327165603637695, 0.5624203979969025, 0
u,0.3429478108882904, 0.5624204277992249, 0
u,0.3429478108882904, 0.5667322278022766, 0
u,0.5035955309867859, 0.3217359185218811, 0
u,0.42327168583869934, 0.3217359185218811, 0
u,0.42327168583869934, 0.32822078466415405, 0
u,0.8460536599159241, 0.04785048961639404, 0
u,0.7657297849655151, 0.04785048961639404, 0
u,0.7657297849655151, 0.05457568168640137, 0
u,0.9777899384498596, 0.7590285092592239, 0
u,0.9777899384498596, 0.8393523395061493, 0
u,0.9831998944282532, 0.8393523395061493, 0
u,0.9634540677070618, 0.7590285092592239, 0
u,0.9634540677070618, 0.8393523395061493, 0
u,0.9679170250892639, 0.8393523395061493, 0
u,0.5035955309867859, 0.33996063470840454, 0
u,0.42327168583869934, 0.33996063470840454, 0
u,0.42327168583869934, 0.34494340419769287, 0
u,0.42327165603637695, 0.547898143529892, 0
u,0.3429478108882904, 0.547898143529892, 0
u,0.3429478108882904, 0.5530038177967072, 0
u,0.42327165603637695, 0.518378734588623, 0
u,0.3429478108882904, 0.518378734588623, 0
u,0.3429478108882904, 0.5248147547245026, 0
u,0.5035955309867859, 0.3654094338417053, 0
u,0.42327168583869934, 0.3654094338417053, 0
u,0.42327168583869934, 0.37065964937210083, 0
u,0.42327165603637695, 0.49747419357299805, 0
u,0.3429478108882904, 0.49747419357299805, 0
u,0.3429478108882904, 0.504708468914032, 0
u,0.5035955309867859, 0.38132065534591675, 0
u,0.42327168583869934, 0.38132065534591675, 0
u,0.42327168583869934, 0.3867313265800476, 0
u,0.5035955309867859, 0.4291735291481018, 0
u,0.42327168583869934, 0.4291735291481018, 0
u,0.42327168583869934, 0.43636268377304077, 0
u,0.42327165603637695, 0.4572790861129761, 0
u,0.3429478108882904, 0.4572790861129761, 0
u,0.3429478108882904, 0.4658682942390442, 0
u,0.5035955309867859, 0.4094002842903137, 0
u,0.42327168583869934, 0.4094002842903137, 0
u,0.42327168583869934, 0.4156923294067383, 0
u,0.42327165603637695, 0.4298165440559387, 0
u,0.3429478108882904, 0.4298165440559387, 0
u,0.3429478108882904, 0.43925321102142334, 0
u,0.42327165603637695, 0.37839609384536743, 0
u,0.3429478108882904, 0.37839609384536743, 0
u,0.3429478108882904, 0.38924509286880493, 0
u,0.5035955309867859, 0.5528874099254608, 0
u,0.42327168583869934, 0.5528874099254608, 0
u,0.42327168583869934, 0.5864708721637726, 0
u,0.5035955309867859, 0.46810978651046753, 0
u,0.42327168583869934, 0.46810978651046753, 0
u,0.42327168583869934, 0.47679412364959717, 0
u,0.6024705767631531, 0.21835708618164062, 0
u,0.5221467614173889, 0.2183571457862854, 0
u,0.5221467614173889, 0.22398710250854492, 0
u,0.42327162623405457, 0.3457236886024475, 0
u,0.3429478108882904, 0.3457236886024475, 0
u,0.3429478108882904, 0.3558505177497864, 0
u,0.9263774752616882, 0.598380833864212, 0
u,0.9263774752616882, 0.6787046790122986, 0
u,0.9277883172035217, 0.6787046790122986, 0
u,0.42327162623405457, 0.3019895553588867, 0
u,0.3429478108882904, 0.3019896149635315, 0
u,0.3429478108882904, 0.3098163604736328, 0
u,0.6024705767631531, 0.24384963512420654, 0
u,0.5221467614173889, 0.24384963512420654, 0
u,0.5221467614173889, 0.24815088510513306, 0
u,0.6024705767631531, 0.1998726725578308, 0
u,0.5221467614173889, 0.1998726725578308, 0
u,0.5221467614173889, 0.20629990100860596, 0
u,0.9344436526298523, 0.598380833864212, 0
u,0.9344436526298523, 0.6787046790122986, 0
u,0.9363605380058289, 0.6787046790122986, 0
u,0.42327162623405457, 0.2812691926956177, 0
u,0.3429478108882904, 0.28126925230026245, 0
u,0.3429478108882904, 0.28771597146987915, 0
u,0.9404978156089783, 0.598380833864212, 0
u,0.9404978156089783, 0.6787046790122986, 0
u,0.9427182674407959, 0.6787046790122986, 0
u,0.9651530385017395, 0.598380833864212, 0
u,0.9651530385017395, 0.6787046790122986, 0
u,0.9684743285179138, 0.6787046790122986, 0
u,0.8460536599159241, 0.6230997145175934, 0
u,0.7657298445701599, 0.6230997443199158, 0
u,0.7657298445701599, 0.6332165598869324, 0
u,0.9540604948997498, 0.598380833864212, 0
u,0.9540604948997498, 0.6787046790122986, 0
u,0.9579461216926575, 0.6787046790122986, 0
u,0.8460536599159241, 0.5466291606426239, 0
u,0.7657298445701599, 0.5466291606426239, 0
u,0.7657298445701599, 0.5557540059089661, 0
u,0.9798784255981445, 0.598380833864212, 0
u,0.9798784255981445, 0.6787046790122986, 0
u,0.982259213924408, 0.6787046790122986, 0
u,0.8460536599159241, 0.59349325299263, 0
u,0.7657298445701599, 0.59349325299263, 0
u,0.7657298445701599, 0.6032380759716034, 0
u,0.682794451713562, 0.16626161336898804, 0
u,0.6024706363677979, 0.16626161336898804, 0
u,0.6024706363677979, 0.1740562915802002, 0
u,0.682794451713562, 0.13910996913909912, 0
u,0.6024706363677979, 0.13910996913909912, 0
u,0.6024706363677979, 0.14233124256134033, 0
u,0.682794451713562, 0.15570956468582153, 0
u,0.6024706363677979, 0.1557096242904663, 0
u,0.6024706363677979, 0.15917760133743286, 0
u,0.682794451713562, 0.202761709690094, 0
u,0.6024706363677979, 0.202761709690094, 0
u,0.6024706363677979, 0.20931977033615112, 0
u,0.682794451713562, 0.22169393301010132, 0
u,0.6024706363677979, 0.22169393301010132, 0
u,0.6024706363677979, 0.22751009464263916, 0
u,0.682794451713562, 0.12974244356155396, 0
u,0.6024706363677979, 0.12974244356155396, 0
u,0.6024706363677979, 0.13281559944152832, 0
u,0.682794451713562, 0.11508804559707642, 0
u,0.6024706363677979, 0.11508804559707642, 0
u,0.6024706363677979, 0.11792707443237305, 0
u,0.8460536599159241, 0.11151379346847534, 0
u,0.7657298445701599, 0.11151379346847534, 0
u,0.7657298445701599, 0.11473804712295532, 0
u,0.8460536599159241, 0.12668639421463013, 0
u,0.7657298445701599, 0.12668639421463013, 0
u,0.7657298445701599, 0.12943631410598755, 0
u,0.39290475845336914, 0.03801906108856201, 0
u,0.39290475845336914, 0.11834287643432617, 0
u,0.3953811228275299, 0.11834287643432617, 0
u,0.682794451713562, 0.24825036525726318, 0
u,0.6024706363677979, 0.24825036525726318, 0
u,0.6024706363677979, 0.2526768445968628, 0
u,0.8460536599159241, 0.09325224161148071, 0
u,0.7657297849655151, 0.09325224161148071, 0
u,0.7657297849655151, 0.09941917657852173, 0
u,0.5035955309867859, 0.2896663546562195, 0
u,0.42327165603637695, 0.2896663546562195, 0
u,0.42327165603637695, 0.2941970229148865, 0
u,0.38215208053588867, 0.03801906108856201, 0
u,0.38215208053588867, 0.11834287643432617, 0
u,0.3861953616142273, 0.11834287643432617, 0
u,0.4107097089290619, 0.03801906108856201, 0
u,0.4107097089290619, 0.11834287643432617, 0
u,0.4126129150390625, 0.11834287643432617, 0
u,0.3637063503265381, 0.03801906108856201, 0
u,0.3637063503265381, 0.11834287643432617, 0
u,0.3671594262123108, 0.11834287643432617, 0
u,0.40457022190093994, 0.03801906108856201, 0
u,0.40457022190093994, 0.11834287643432617, 0
u,0.4066883623600006, 0.11834287643432617, 0
u,0.41955894231796265, 0.03801906108856201, 0
u,0.41955894231796265, 0.11834287643432617, 0
u,0.4211660623550415, 0.11834287643432617, 0
u,0.3540554642677307, 0.03801906108856201, 0
u,0.3540554642677307, 0.11834287643432617, 0
u,0.35715439915657043, 0.11834287643432617, 0
u,0.9279829859733582, 0.7590285092592239, 0
u,0.9279829859733582, 0.8393523395061493, 0
u,0.9296538829803467, 0.8393523395061493, 0
u,0.42327165603637695, 0.5870522856712341, 0
u,0.3429478108882904, 0.5870522856712341, 0
u,0.3429478108882904, 0.5895138382911682, 0
u,0.9369909763336182, 0.7590285092592239, 0
u,0.9369909763336182, 0.8393523395061493, 0
u,0.9389885663986206, 0.8393523395061493, 0
u,0.5035955309867859, 0.3155767321586609, 0
u,0.42327165603637695, 0.3155767321586609, 0
u,0.42327168583869934, 0.3217359185218811, 0
u,0.42327165603637695, 0.5780817270278931, 0
u,0.3429478108882904, 0.5780817270278931, 0
u,0.3429478108882904, 0.581336259841919, 0
u,0.9433048963546753, 0.7590285092592239, 0
u,0.9433048963546753, 0.8393523395061493, 0
u,0.9458739757537842, 0.8393523395061493, 0
u,0.8460536599159241, 0.061221182346343994, 0
u,0.7657297849655151, 0.061221182346343994, 0
u,0.7657297849655151, 0.06778693199157715, 0
u,0.9593067765235901, 0.7590285092592239, 0
u,0.9593067765235901, 0.8393523395061493, 0
u,0.9634540677070618, 0.8393523395061493, 0
u,0.8460536599159241, 0.04104548692703247, 0
u,0.7657297849655151, 0.04104548692703247, 0
u,0.7657297849655151, 0.04785048961639404, 0
u,0.42327165603637695, 0.5425263941287994, 0
u,0.3429478108882904, 0.5425263941287994, 0
u,0.3429478108882904, 0.547898143529892, 0
u,0.9726956486701965, 0.7590285092592239, 0
u,0.9726956486701965, 0.8393523395061493, 0
u,0.9777899384498596, 0.8393523395061493, 0
u,0.5035955309867859, 0.3350313901901245, 0
u,0.42327168583869934, 0.3350313901901245, 0
u,0.42327168583869934, 0.33996063470840454, 0
u,0.42327165603637695, 0.5578442811965942, 0
u,0.3429478108882904, 0.5578442811965942, 0
u,0.3429478108882904, 0.5624204277992249, 0
u,0.5035955309867859, 0.36021268367767334, 0
u,0.42327168583869934, 0.36021268367767334, 0
u,0.42327168583869934, 0.3654094338417053, 0
u,0.5035955309867859, 0.37596338987350464, 0
u,0.42327168583869934, 0.37596338987350464, 0
u,0.42327168583869934, 0.38132065534591675, 0
u,0.5035955309867859, 0.4034072756767273, 0
u,0.42327168583869934, 0.4034072756767273, 0
u,0.42327168583869934, 0.4094002842903137, 0
u,0.42327165603637695, 0.5116766095161438, 0
u,0.3429478108882904, 0.5116766393184662, 0
u,0.3429478108882904, 0.518378734588623, 0
u,0.42327165603637695, 0.48997390270233154, 0
u,0.3429478108882904, 0.48997390270233154, 0
u,0.3429478108882904, 0.49747419357299805, 0
u,0.5035955309867859, 0.422283411026001, 0
u,0.42327168583869934, 0.422283411026001, 0
u,0.42327168583869934, 0.4291735291481018, 0
u,0.5035955309867859, 0.45972442626953125, 0
u,0.42327168583869934, 0.45972442626953125, 0
u,0.42327168583869934, 0.46810978651046753, 0
u,0.42327165603637695, 0.4484073519706726, 0
u,0.3429478108882904, 0.4484073519706726, 0
u,0.3429478108882904, 0.4572790861129761, 0
u,0.42327165603637695, 0.4200974106788635, 0
u,0.3429478108882904, 0.4200974106788635, 0
u,0.3429478108882904, 0.4298165440559387, 0
u,0.5035955309867859, 0.4857775568962097, 0
u,0.42327168583869934, 0.4857775568962097, 0
u,0.42327168583869934, 0.5528874099254608, 0
u,0.42327162623405457, 0.33605682849884033, 0
u,0.3429478108882904, 0.33605682849884033, 0
u,0.3429478108882904, 0.3457236886024475, 0
u,0.42327165603637695, 0.3672645092010498, 0
u,0.3429478108882904, 0.3672645688056946, 0
u,0.3429478108882904, 0.37839609384536743, 0
u,0.6024705767631531, 0.23928260803222656, 0
u,0.5221467614173889, 0.23928260803222656, 0
u,0.5221467614173889, 0.24384963512420654, 0
u,0.6024705767631531, 0.2521863579750061, 0
u,0.5221467614173889, 0.2521863579750061, 0
u,0.5221467614173889, 0.25675392150878906, 0
u,0.6024705767631531, 0.2124614119529724, 0
u,0.5221467614173889, 0.2124614119529724, 0
u,0.5221467614173889, 0.2183571457862854, 0
u,0.6024705767631531, 0.1931796669960022, 0
u,0.5221467614173889, 0.1931796669960022, 0
u,0.5221467614173889, 0.1998726725578308, 0
u,0.9326280355453491, 0.598380833864212, 0
u,0.9326280355453491, 0.6787046790122986, 0
u,0.9344436526298523, 0.6787046790122986, 0
u,0.9383785724639893, 0.598380833864212, 0
u,0.9383785724639893, 0.6787046790122986, 0
u,0.9404978156089783, 0.6787046790122986, 0
u,0.9499868154525757, 0.598380833864212, 0
u,0.9499868154525757, 0.6787046790122986, 0
u,0.9540604948997498, 0.6787046790122986, 0
u,0.42327162623405457, 0.2946227788925171, 0
u,0.3429478108882904, 0.2946227788925171, 0
u,0.3429478108882904, 0.3019896149635315, 0
u,0.42327162623405457, 0.27528244256973267, 0
u,0.3429478108882904, 0.27528244256973267, 0
u,0.3429478108882904, 0.28126925230026245, 0
u,0.97730952501297, 0.598380833864212, 0
u,0.97730952501297, 0.6787046790122986, 0
u,0.9798784255981445, 0.6787046790122986, 0
u,0.8460536599159241, 0.5838724374771118, 0
u,0.7657298445701599, 0.5838724374771118, 0
u,0.7657298445701599, 0.59349325299263, 0
u,0.961643636226654, 0.598380833864212, 0
u,0.961643636226654, 0.6787046790122986, 0
u,0.9651530385017395, 0.6787046790122986, 0
u,0.8460536599159241, 0.6131068766117096, 0
u,0.7657298445701599, 0.613106906414032, 0
u,0.7657298445701599, 0.6230997443199158, 0
u,0.9844518303871155, 0.598380833864212, 0
u,0.9844518303871155, 0.6787046790122986, 0
u,0.9864563941955566, 0.6787046790122986, 0
u,0.682794451713562, 0.152290940284729, 0
u,0.6024706363677979, 0.15229099988937378, 0
u,0.6024706363677979, 0.1557096242904663, 0
u,0.682794451713562, 0.195956289768219, 0
u,0.6024706363677979, 0.19595634937286377, 0
u,0.6024706363677979, 0.202761709690094, 0
u,0.682794451713562, 0.1267186403274536, 0
u,0.6024706363677979, 0.1267186403274536, 0
u,0.6024706363677979, 0.12974244356155396, 0
u,0.8460536599159241, 0.12384158372879028, 0
u,0.7657298445701599, 0.12384158372879028, 0
u,0.7657298445701599, 0.12668639421463013, 0
u,0.682794451713562, 0.24347448348999023, 0
u,0.6024706363677979, 0.24347448348999023, 0
u,0.6024706363677979, 0.24825036525726318, 0
u,0.3782268464565277, 0.03801906108856201, 0
u,0.3782268464565277, 0.11834287643432617, 0
u,0.38215208053588867, 0.11834287643432617, 0
u,0.40238043665885925, 0.03801906108856201, 0
u,0.40238043665885925, 0.11834287643432617, 0
u,0.40457022190093994, 0.11834287643432617, 0
u,0.8460536599159241, 0.08700549602508545, 0
u,0.7657297849655151, 0.08700555562973022, 0
u,0.7657297849655151, 0.09325224161148071, 0
u,0.4179050922393799, 0.03801906108856201, 0
u,0.4179050922393799, 0.11834287643432617, 0
u,0.41955894231796265, 0.11834287643432617, 0
u,0.35107454657554626, 0.03801906108856201, 0
u,0.35107454657554626, 0.11834287643432617, 0
u,0.3540554642677307, 0.11834287643432617, 0
u,0.682794451713562, 0.16269493103027344, 0
u,0.6024706363677979, 0.16269493103027344, 0
u,0.6024706363677979, 0.16626161336898804, 0
u,0.682794451713562, 0.1359381079673767, 0
u,0.6024706363677979, 0.1359381079673767, 0
u,0.6024706363677979, 0.13910996913909912, 0
u,0.682794451713562, 0.21563053131103516, 0
u,0.6024706363677979, 0.21563053131103516, 0
u,0.6024706363677979, 0.22169393301010132, 0
u,0.9350587129592896, 0.7590285092592239, 0
u,0.9350587129592896, 0.8393523395061493, 0
u,0.9369909763336182, 0.8393523395061493, 0
u,0.682794451713562, 0.11229479312896729, 0
u,0.6024706363677979, 0.11229479312896729, 0
u,0.6024706363677979, 0.11508804559707642, 0
u,0.5035955309867859, 0.3097432851791382, 0
u,0.42327165603637695, 0.3097432851791382, 0
u,0.42327165603637695, 0.3155767321586609, 0
u,0.682794451713562, 0.18160361051559448, 0
u,0.6024706363677979, 0.18160361051559448, 0
u,0.6024706363677979, 0.18890362977981567, 0
u,0.682794451713562, 0.14560174942016602, 0
u,0.6024706363677979, 0.1456018090248108, 0
u,0.6024706363677979, 0.1489216685295105, 0
u,0.8460536599159241, 0.10550636053085327, 0
u,0.7657297849655151, 0.10550636053085327, 0
u,0.7657298445701599, 0.11151379346847534, 0
u,0.9554750919342041, 0.7590285092592239, 0
u,0.9554750919342041, 0.8393523395061493, 0
u,0.9593067765235901, 0.8393523395061493, 0
u,0.42327165603637695, 0.5745628774166107, 0
u,0.3429478108882904, 0.5745628774166107, 0
u,0.3429478108882904, 0.5780817270278931, 0
u,0.682794451713562, 0.12081187963485718, 0
u,0.6024706363677979, 0.12081187963485718, 0
u,0.6024706363677979, 0.12374240159988403, 0
u,0.5035955309867859, 0.2854613661766052, 0
u,0.42327165603637695, 0.2854613661766052, 0
u,0.42327165603637695, 0.2896663546562195, 0
u,0.682794451713562, 0.23307889699935913, 0
u,0.6024706363677979, 0.23307889699935913, 0
u,0.6024706363677979, 0.238400399684906, 0
u,0.3903566896915436, 0.03801906108856201, 0
u,0.3903566896915436, 0.11834287643432617, 0
u,0.39290475845336914, 0.11834287643432617, 0
u,0.8460536599159241, 0.034160733222961426, 0
u,0.7657297849655151, 0.034160733222961426, 0
u,0.7657297849655151, 0.04104548692703247, 0
u,0.8460536599159241, 0.11786741018295288, 0
u,0.7657298445701599, 0.11786741018295288, 0
u,0.7657298445701599, 0.12090194225311279, 0
u,0.5035955309867859, 0.35506945848464966, 0
u,0.42327168583869934, 0.35506945848464966, 0
u,0.42327168583869934, 0.36021268367767334, 0
u,0.42327165603637695, 0.536888599395752, 0
u,0.3429478108882904, 0.536888599395752, 0
u,0.3429478108882904, 0.5425263941287994, 0
u,0.40873488783836365, 0.03801906108856201, 0
u,0.40873488783836365, 0.11834287643432617, 0
u,0.4107097089290619, 0.11834287643432617, 0
u,0.39778590202331543, 0.03801906108856201, 0
u,0.39778590202331543, 0.11834287643432617, 0
u,0.40011900663375854, 0.11834287643432617, 0
u,0.36037135124206543, 0.03801906108856201, 0
u,0.36037135124206543, 0.11834287643432617, 0
u,0.3637063503265381, 0.11834287643432617, 0
u,0.5035955309867859, 0.397713303565979, 0
u,0.42327168583869934, 0.397713303565979, 0
u,0.42327168583869934, 0.4034072756767273, 0
u,0.37073051929473877, 0.03801906108856201, 0
u,0.37073051929473877, 0.11834287643432617, 0
u,0.3744196891784668, 0.11834287643432617, 0
u,0.42327165603637695, 0.4822074770927429, 0
u,0.3429478108882904, 0.4822075366973877, 0
u,0.3429478108882904, 0.48997390270233154, 0
u,0.4144444763660431, 0.03801906108856201, 0
u,0.4144444763660431, 0.11834287643432617, 0
u,0.41620439291000366, 0.11834287643432617, 0
u,0.9263773560523987, 0.7590285092592239, 0
u,0.9263773560523987, 0.8393523395061493, 0
u,0.9279829859733582, 0.8393523395061493, 0
u,0.5035955309867859, 0.4516381621360779, 0
u,0.42327168583869934, 0.4516381621360779, 0
u,0.42327168583869934, 0.45972442626953125, 0
u,0.5035955309867859, 0.299053430557251, 0
u,0.42327165603637695, 0.299053430557251, 0
u,0.42327165603637695, 0.3042355179786682, 0
u,0.42327165603637695, 0.41009581089019775, 0
u,0.3429478108882904, 0.41009581089019775, 0
u,0.3429478108882904, 0.4200974106788635, 0
u,0.9410514831542969, 0.7590285092592239, 0
u,0.9410514831542969, 0.8393523395061493, 0
u,0.9433048963546753, 0.8393523395061493, 0
u,0.9313901662826538, 0.7590285092592239, 0
u,0.9313901662826538, 0.8393523395061493, 0
u,0.9331917762756348, 0.8393523395061493, 0
u,0.42327165603637695, 0.584326446056366, 0
u,0.3429478108882904, 0.584326446056366, 0
u,0.3429478108882904, 0.5870522856712341, 0
u,0.3454938232898712, 0.03801906108856201, 0
u,0.3454938232898712, 0.11834287643432617, 0
u,0.34821170568466187, 0.11834287643432617, 0
u,0.42327162623405457, 0.3268499970436096, 0
u,0.3429478108882904, 0.3268499970436096, 0
u,0.3429478108882904, 0.33605682849884033, 0
u,0.8460536599159241, 0.05457568168640137, 0
u,0.7657297849655151, 0.05457568168640137, 0
u,0.7657297849655151, 0.061221182346343994, 0
u,0.8460536599159241, 0.07427287101745605, 0
u,0.7657297849655151, 0.07427287101745605, 0
u,0.7657297849655151, 0.08067905902862549, 0
u,0.6024705767631531, 0.2344498634338379, 0
u,0.5221467614173889, 0.2344498634338379, 0
u,0.5221467614173889, 0.23928260803222656, 0
u,0.5035955309867859, 0.32822078466415405, 0
u,0.42327168583869934, 0.32822078466415405, 0
u,0.42327168583869934, 0.3350313901901245, 0
u,0.9679170250892639, 0.7590285092592239, 0
u,0.9679170250892639, 0.8393523395061493, 0
u,0.9726956486701965, 0.8393523395061493, 0
u,0.6024705767631531, 0.1862209439277649, 0
u,0.5221467614173889, 0.18622100353240967, 0
u,0.5221467614173889, 0.1931796669960022, 0
u,0.42327165603637695, 0.5530037879943848, 0
u,0.3429478108882904, 0.5530038177967072, 0
u,0.3429478108882904, 0.5578442811965942, 0
u,0.9487586617469788, 0.7590285092592239, 0
u,0.9487586617469788, 0.8393523395061493, 0
u,0.9519590735435486, 0.8393523395061493, 0
u,0.9309135675430298, 0.598380833864212, 0
u,0.9309135675430298, 0.6787046790122986, 0
u,0.9326280355453491, 0.6787046790122986, 0
u,0.42327165603637695, 0.5667322278022766, 0
u,0.3429478108882904, 0.5667322278022766, 0
u,0.3429478108882904, 0.5707797110080719, 0
u,0.9474627375602722, 0.598380833864212, 0
u,0.9474627375602722, 0.6787046790122986, 0
u,0.9499868154525757, 0.6787046790122986, 0
u,0.5035955309867859, 0.37065964937210083, 0
u,0.42327168583869934, 0.37065964937210083, 0
u,0.42327168583869934, 0.37596338987350464, 0
u,0.42327162623405457, 0.2697557210922241, 0
u,0.3429478108882904, 0.2697557210922241, 0
u,0.3429478108882904, 0.27528244256973267, 0
u,0.42327165603637695, 0.5047084391117096, 0
u,0.3429478108882904, 0.504708468914032, 0
u,0.3429478108882904, 0.5116766393184662, 0
u,0.9831998944282532, 0.7590285092592239, 0
u,0.9831998944282532, 0.8393523395061493, 0
u,0.9889254570007324, 0.8393523395061493, 0
u,0.5035955309867859, 0.34494340419769287, 0
u,0.42327168583869934, 0.34494340419769287, 0
u,0.42327168583869934, 0.3499796986579895, 0
u,0.5035955309867859, 0.4156923294067383, 0
u,0.42327168583869934, 0.4156923294067383, 0
u,0.42327168583869934, 0.422283411026001, 0
u,0.974552571773529, 0.598380833864212, 0
u,0.974552571773529, 0.6787046790122986, 0
u,0.97730952501297, 0.6787046790122986, 0
u,0.42327165603637695, 0.5248147547245026, 0
u,0.3429478108882904, 0.5248147547245026, 0
u,0.3429478108882904, 0.5309846997261047, 0
u,0.42327165603637695, 0.43925321102142334, 0
u,0.3429478108882904, 0.43925321102142334, 0
u,0.3429478108882904, 0.4484073519706726, 0
u,0.8460537195205688, 0.6538222432136536, 0
u,0.7657298445701599, 0.6538222432136536, 0
u,0.7657298445701599, 0.6643111109733582, 0
u,0.8460536599159241, 0.5743756294250488, 0
u,0.7657298445701599, 0.5743756294250488, 0
u,0.7657298445701599, 0.5838724374771118, 0
u,0.5035955309867859, 0.3867313265800476, 0
u,0.42327168583869934, 0.3867313265800476, 0
u,0.42327168583869934, 0.39219558238983154, 0
u,0.5035955309867859, 0.47679412364959717, 0
u,0.42327168583869934, 0.47679412364959717, 0
u,0.42327168583869934, 0.4857775568962097, 0
u,0.42327165603637695, 0.4658682942390442, 0
u,0.3429478108882904, 0.4658682942390442, 0
u,0.3429478108882904, 0.47417503595352173, 0
u,0.42327162623405457, 0.3558505177497864, 0
u,0.3429478108882904, 0.3558505177497864, 0
u,0.3429478108882904, 0.3672645688056946, 0
u,0.6024705767631531, 0.24815082550048828, 0
u,0.5221467614173889, 0.24815088510513306, 0
u,0.5221467614173889, 0.2521863579750061, 0
u,0.5035955309867859, 0.43636268377304077, 0
u,0.42327168583869934, 0.43636268377304077, 0
u,0.42327168583869934, 0.44385093450546265, 0
u,0.6024705767631531, 0.20629990100860596, 0
u,0.5221467614173889, 0.20629990100860596, 0
u,0.5221467614173889, 0.2124614119529724, 0
u,0.42327165603637695, 0.38924509286880493, 0
u,0.3429478108882904, 0.38924509286880493, 0
u,0.3429478108882904, 0.39981168508529663, 0
u,0.9363605380058289, 0.598380833864212, 0
u,0.9363605380058289, 0.6787046790122986, 0
u,0.9383785724639893, 0.6787046790122986, 0
u,0.5035955309867859, 0.5864708423614502, 0
u,0.42327168583869934, 0.5864708721637726, 0
u,0.42327168583869934, 0.5895138382911682, 0
u,0.42327162623405457, 0.28771597146987915, 0
u,0.3429478108882904, 0.28771597146987915, 0
u,0.3429478108882904, 0.2946227788925171, 0
u,0.42327162623405457, 0.3098163604736328, 0
u,0.3429478108882904, 0.3098163604736328, 0
u,0.3429478108882904, 0.31810319423675537, 0
