v,-0.0014130198396742344, -0.04175414890050888, 0.007805707398802042
v,-0.001413020072504878, -0.04302109032869339, 0.007949224673211575
v,-0.001413020072504878, -0.042735565453767776, 0.008150164969265461
v,-0.0014130198396742344, -0.04175414890050888, 0.007805707398802042
v,-0.0014130199560895562, -0.042771004140377045, 0.006978651043027639
v,-0.001413020072504878, -0.04302109032869339, 0.007949224673211575
v,-0.0014130196068435907, -0.0402219258248806, 0.007401578593999147
v,-0.0014130199560895562, -0.042771004140377045, 0.006978651043027639
v,-0.0014130198396742344, -0.04175414890050888, 0.007805707398802042
v,-0.001413019374012947, -0.039147503674030304, 0.007233336102217436
v,-0.0014130199560895562, -0.042771004140377045, 0.006978651043027639
v,-0.0014130196068435907, -0.0402219258248806, 0.007401578593999147
v,-0.0014130192575976253, -0.0382859967648983, 0.007170887663960457
v,-0.0014130199560895562, -0.042771004140377045, 0.006978651043027639
v,-0.001413019374012947, -0.039147503674030304, 0.007233336102217436
v,-0.0014130192575976253, -0.038159362971782684, 0.006540349218994379
v,-0.0014130199560895562, -0.042771004140377045, 0.006978651043027639
v,-0.0014130192575976253, -0.0382859967648983, 0.007170887663960457
v,-0.0014130192575976253, -0.038159362971782684, 0.006540349218994379
v,-0.001413019374012947, -0.03913184255361557, 0.0065522403456270695
v,-0.0014130199560895562, -0.042771004140377045, 0.006978651043027639
v,-0.001413019490428269, -0.03960656747221947, 0.006502349860966206
v,-0.0014130199560895562, -0.042771004140377045, 0.006978651043027639
v,-0.001413019374012947, -0.03913184255361557, 0.0065522403456270695
v,-0.001413019490428269, -0.03960656747221947, 0.006502349860966206
v,-0.0014130198396742344, -0.04240306466817856, 0.005397109314799309
v,-0.0014130199560895562, -0.042771004140377045, 0.006978651043027639
v,-0.001413019490428269, -0.039811380207538605, 0.0064194705337285995
v,-0.0014130198396742344, -0.04240306466817856, 0.005397109314799309
v,-0.001413019490428269, -0.03960656747221947, 0.006502349860966206
v,-0.001413019490428269, -0.03993383049964905, 0.00630155298858881
v,-0.0014130198396742344, -0.04240306466817856, 0.005397109314799309
v,-0.001413019490428269, -0.039811380207538605, 0.0064194705337285995
v,-0.001413019490428269, -0.040004391223192215, 0.006105756852775812
v,-0.0014130198396742344, -0.04240306466817856, 0.005397109314799309
v,-0.001413019490428269, -0.03993383049964905, 0.00630155298858881
v,-0.001413019490428269, -0.03996057063341141, 0.0056423889473080635
v,-0.0014130198396742344, -0.04240306466817856, 0.005397109314799309
v,-0.001413019490428269, -0.040004391223192215, 0.006105756852775812
v,-0.0014130192575976253, -0.03946245089173317, 0.0024369664024561644
v,-0.0014130198396742344, -0.04240306466817856, 0.005397109314799309
v,-0.001413019490428269, -0.03996057063341141, 0.0056423889473080635
v,-0.0014130192575976253, -0.03946245089173317, 0.0024369664024561644
v,-0.0014130190247669816, -0.04027663543820381, -0.0047643245197832584
v,-0.0014130198396742344, -0.04240306466817856, 0.005397109314799309
v,-0.0014130189083516598, -0.037242963910102844, 0.0025789793580770493
v,-0.0014130190247669816, -0.038412488996982574, 0.002651676768437028
v,-0.0014130190247669816, -0.037762127816677094, 0.0026534569915384054
v,-0.0014130189083516598, -0.037242963910102844, 0.0025789793580770493
v,-0.0014130192575976253, -0.03946245089173317, 0.0024369664024561644
v,-0.0014130190247669816, -0.038412488996982574, 0.002651676768437028
v,-0.001413018791936338, -0.03670542314648628, 0.0024203085340559483
v,-0.0014130192575976253, -0.03946245089173317, 0.0024369664024561644
v,-0.0014130189083516598, -0.037242963910102844, 0.0025789793580770493
v,-0.001413018791936338, -0.03670542314648628, 0.0024203085340559483
v,-0.0014130191411823034, -0.03882822021842003, 0.001344985910691321
v,-0.0014130192575976253, -0.03946245089173317, 0.0024369664024561644
v,-0.0014130191411823034, -0.03882822021842003, 0.001344985910691321
v,-0.0014130191411823034, -0.039186831563711166, 0.0011586344335228205
v,-0.0014130192575976253, -0.03946245089173317, 0.0024369664024561644
v,-0.0014130191411823034, -0.039186831563711166, 0.0011586344335228205
v,-0.0014130190247669816, -0.04027663543820381, -0.0047643245197832584
v,-0.0014130192575976253, -0.03946245089173317, 0.0024369664024561644
v,-0.0014130186755210161, -0.035806942731142044, 0.001982019981369376
v,-0.0014130190247669816, -0.03824036195874214, 0.0015352057525888085
v,-0.001413018791936338, -0.03670542314648628, 0.0024203085340559483
v,-0.0014130190247669816, -0.03824036195874214, 0.0015352057525888085
v,-0.0014130191411823034, -0.03882822021842003, 0.001344985910691321
v,-0.001413018791936338, -0.03670542314648628, 0.0024203085340559483
v,-0.0014130189083516598, -0.037603992968797684, 0.00162223307415843
v,-0.0014130190247669816, -0.03824036195874214, 0.0015352057525888085
v,-0.0014130186755210161, -0.035806942731142044, 0.001982019981369376
v,-0.0014130186755210161, -0.035806942731142044, 0.001982019981369376
v,-0.001413018791936338, -0.03697103634476662, 0.0016093095764517784
v,-0.0014130189083516598, -0.037603992968797684, 0.00162223307415843
v,-0.0014130184426903725, -0.0346575528383255, 0.001248087384738028
v,-0.001413018791936338, -0.03697103634476662, 0.0016093095764517784
v,-0.0014130186755210161, -0.035806942731142044, 0.001982019981369376
v,-0.0014130184426903725, -0.0346575528383255, 0.001248087384738028
v,-0.0014130186755210161, -0.03650103881955147, 0.0015149187529459596
v,-0.001413018791936338, -0.03697103634476662, 0.0016093095764517784
v,-0.0014130184426903725, -0.0346575528383255, 0.001248087384738028
v,-0.0014130186755210161, -0.036112334579229355, 0.001312612439505756
v,-0.0014130186755210161, -0.03650103881955147, 0.0015149187529459596
v,-0.0014130184426903725, -0.0346575528383255, 0.001248087384738028
v,-0.0014130185591056943, -0.03584236651659012, 0.0009755051578395069
v,-0.0014130186755210161, -0.036112334579229355, 0.001312612439505756
v,-0.0014130190247669816, -0.038828130811452866, -0.0004351752868387848
v,-0.0014130190247669816, -0.04027663543820381, -0.0047643245197832584
v,-0.0014130191411823034, -0.039186831563711166, 0.0011586344335228205
v,-0.0014130182098597288, -0.03369341045618057, 0.0005430442397482693
v,-0.0014130185591056943, -0.03584236651659012, 0.0009755051578395069
v,-0.0014130184426903725, -0.0346575528383255, 0.001248087384738028
v,-0.0014130182098597288, -0.03369341045618057, 0.0005430442397482693
v,-0.0014130185591056943, -0.035552870482206345, 0.0004432590794749558
v,-0.0014130185591056943, -0.03584236651659012, 0.0009755051578395069
v,-0.001413018093444407, -0.03328818082809448, 7.989425648702309e-05
v,-0.0014130185591056943, -0.035552870482206345, 0.0004432590794749558
v,-0.0014130182098597288, -0.03369341045618057, 0.0005430442397482693
v,-0.001413018093444407, -0.03328818082809448, 7.989425648702309e-05
v,-0.0014130184426903725, -0.0351249985396862, -0.0006424385355785489
v,-0.0014130185591056943, -0.035552870482206345, 0.0004432590794749558
v,-0.001413018093444407, -0.03296051546931267, -0.00045027988380752504
v,-0.0014130184426903725, -0.0351249985396862, -0.0006424385355785489
v,-0.001413018093444407, -0.03328818082809448, 7.989425648702309e-05
v,-0.0014130179770290852, -0.03253242373466492, -0.001368906581774354
v,-0.0014130184426903725, -0.0351249985396862, -0.0006424385355785489
v,-0.001413018093444407, -0.03296051546931267, -0.00045027988380752504
v,-0.0014130189083516598, -0.03839137777686119, -0.0016109241405501962
v,-0.0014130190247669816, -0.04027663543820381, -0.0047643245197832584
v,-0.0014130190247669816, -0.038828130811452866, -0.0004351752868387848
v,-0.0014130179770290852, -0.03253242373466492, -0.001368906581774354
v,-0.0014130182098597288, -0.034652385860681534, -0.0021585291251540184
v,-0.0014130184426903725, -0.0351249985396862, -0.0006424385355785489
v,-0.0014130178606137633, -0.03220370411872864, -0.002285625785589218
v,-0.0014130182098597288, -0.034652385860681534, -0.0021585291251540184
v,-0.0014130179770290852, -0.03253242373466492, -0.001368906581774354
v,-0.001413018791936338, -0.03799714893102646, -0.0024423522409051657
v,-0.0014130189083516598, -0.0386359840631485, -0.0025278092361986637
v,-0.0014130189083516598, -0.03839137777686119, -0.0016109241405501962
v,-0.0014130189083516598, -0.0386359840631485, -0.0025278092361986637
v,-0.0014130190247669816, -0.04027663543820381, -0.0047643245197832584
v,-0.0014130189083516598, -0.03839137777686119, -0.0016109241405501962
v,-0.001413018791936338, -0.03799714893102646, -0.0024423522409051657
v,-0.001413018791936338, -0.03801490738987923, -0.0036225432995706797
v,-0.0014130189083516598, -0.0386359840631485, -0.0025278092361986637
v,-0.0014130186755210161, -0.03797336295247078, -0.004994641989469528
v,-0.0014130190247669816, -0.04027663543820381, -0.0047643245197832584
v,-0.0014130189083516598, -0.0386359840631485, -0.0025278092361986637
v,-0.0014130178606137633, -0.03220370411872864, -0.002285625785589218
v,-0.001413018093444407, -0.03433240205049515, -0.003547664964571595
v,-0.0014130182098597288, -0.034652385860681534, -0.0021585291251540184
v,-0.0014130177441984415, -0.03192490339279175, -0.0033015874214470387
v,-0.001413018093444407, -0.03433240205049515, -0.003547664964571595
v,-0.0014130178606137633, -0.03220370411872864, -0.002285625785589218
v,-0.0014130186755210161, -0.03752809017896652, -0.0032586418092250824
v,-0.001413018791936338, -0.03801490738987923, -0.0036225432995706797
v,-0.001413018791936338, -0.03799714893102646, -0.0024423522409051657
v,-0.0014130185591056943, -0.03697014972567558, -0.0040803649462759495
v,-0.001413018791936338, -0.03801490738987923, -0.0036225432995706797
v,-0.0014130186755210161, -0.03752809017896652, -0.0032586418092250824
v,-0.0014130177441984415, -0.03173135966062546, -0.004270204808562994
v,-0.001413018093444407, -0.03433240205049515, -0.003547664964571595
v,-0.0014130177441984415, -0.03192490339279175, -0.0033015874214470387
v,-0.0014130177441984415, -0.03173135966062546, -0.004270204808562994
v,-0.001413018093444407, -0.03416464105248451, -0.004825252573937178
v,-0.001413018093444407, -0.03433240205049515, -0.003547664964571595
v,-0.0014130185591056943, -0.03697014972567558, -0.0040803649462759495
v,-0.0014130185591056943, -0.036965690553188324, -0.005081464536488056
v,-0.001413018791936338, -0.03801490738987923, -0.0036225432995706797
v,-0.0014130183262750506, -0.03611309453845024, -0.005151095800101757
v,-0.0014130185591056943, -0.036965690553188324, -0.005081464536488056
v,-0.0014130185591056943, -0.03697014972567558, -0.0040803649462759495
v,-0.0014130176277831197, -0.031628284603357315, -0.005163694731891155
v,-0.001413018093444407, -0.03416464105248451, -0.004825252573937178
v,-0.0014130177441984415, -0.03173135966062546, -0.004270204808562994
v,-0.0014130186755210161, -0.03797336295247078, -0.004994641989469528
v,-0.0014130190247669816, -0.040163807570934296, -0.005811474751681089
v,-0.0014130190247669816, -0.04027663543820381, -0.0047643245197832584
v,-0.0014130176277831197, -0.031628284603357315, -0.005163694731891155
v,-0.0014130179770290852, -0.034150440245866776, -0.005688726436346769
v,-0.001413018093444407, -0.03416464105248451, -0.004825252573937178
v,-0.0014130176277831197, -0.03161470219492912, -0.005982816684991121
v,-0.0014130179770290852, -0.034150440245866776, -0.005688726436346769
v,-0.0014130176277831197, -0.031628284603357315, -0.005163694731891155
v,-0.0014130183262750506, -0.03611309453845024, -0.005151095800101757
v,-0.0014130183262750506, -0.036107100546360016, -0.006015054415911436
v,-0.0014130185591056943, -0.036965690553188324, -0.005081464536488056
v,-0.0014130182098597288, -0.03531229868531227, -0.005859502591192722
v,-0.0014130183262750506, -0.036107100546360016, -0.006015054415911436
v,-0.0014130183262750506, -0.03611309453845024, -0.005151095800101757
v,-0.0014130191411823034, -0.04086918756365776, -0.005954364780336618
v,-0.001413019374012947, -0.04220589995384216, -0.005790523253381252
v,-0.001413019374012947, -0.042017266154289246, -0.0051655275747179985
v,-0.0014130191411823034, -0.04086918756365776, -0.005954364780336618
v,-0.0014130189083516598, -0.04010789841413498, -0.0073155602440238
v,-0.001413019374012947, -0.04220589995384216, -0.005790523253381252
v,-0.0014130176277831197, -0.03161470219492912, -0.005982816684991121
v,-0.0014130179770290852, -0.03425097465515137, -0.0060089654289186
v,-0.0014130179770290852, -0.034150440245866776, -0.005688726436346769
v,-0.0014130186755210161, -0.03797336295247078, -0.004994641989469528
v,-0.0014130190247669816, -0.04022346809506416, -0.006055694539099932
v,-0.0014130190247669816, -0.040163807570934296, -0.005811474751681089
v,0.0016781603917479515, -0.041641876101493835, 0.0077706798911094666
v,-0.0014130196068435907, -0.0402219258248806, 0.007401578593999147
v,-0.0014130198396742344, -0.04175414890050888, 0.007805707398802042
v,-0.0014130190247669816, -0.04048030823469162, -0.0061439997516572475
v,-0.0014130189083516598, -0.04010789841413498, -0.0073155602440238
v,-0.0014130191411823034, -0.04086918756365776, -0.005954364780336618
v,-0.001413018093444407, -0.034782979637384415, -0.006138762924820185
v,-0.0014130183262750506, -0.036107100546360016, -0.006015054415911436
v,-0.0014130182098597288, -0.03531229868531227, -0.005859502591192722
v,-0.0014130186755210161, -0.03797336295247078, -0.004994641989469528
v,-0.0014130190247669816, -0.040319185703992844, -0.006139164790511131
v,-0.0014130190247669816, -0.04022346809506416, -0.006055694539099932
v,-0.0014130176277831197, -0.03161470219492912, -0.005982816684991121
v,-0.001413018093444407, -0.03448959439992905, -0.006170390173792839
v,-0.0014130179770290852, -0.03425097465515137, -0.0060089654289186
v,-0.0014130185591056943, -0.03765936940908432, -0.006521092727780342
v,-0.0014130190247669816, -0.040319185703992844, -0.006139164790511131
v,-0.0014130186755210161, -0.03797336295247078, -0.004994641989469528
v,-0.001413018093444407, -0.034782979637384415, -0.006138762924820185
v,-0.0014130182098597288, -0.035367611795663834, -0.006693321745842695
v,-0.0014130183262750506, -0.036107100546360016, -0.006015054415911436
v,-0.0014130185591056943, -0.03765936940908432, -0.006521092727780342
v,-0.0014130190247669816, -0.04048030823469162, -0.0061439997516572475
v,-0.0014130190247669816, -0.040319185703992844, -0.006139164790511131
v,-0.0014130185591056943, -0.03765936940908432, -0.006521092727780342
v,-0.0014130189083516598, -0.04010789841413498, -0.0073155602440238
v,-0.0014130190247669816, -0.04048030823469162, -0.0061439997516572475
v,-0.001413018093444407, -0.03448959439992905, -0.006170390173792839
v,-0.0014130182098597288, -0.035367611795663834, -0.006693321745842695
v,-0.001413018093444407, -0.034782979637384415, -0.006138762924820185
v,-0.0014130176277831197, -0.03161470219492912, -0.005982816684991121
v,-0.0014130182098597288, -0.035367611795663834, -0.006693321745842695
v,-0.001413018093444407, -0.03448959439992905, -0.006170390173792839
v,-0.0014130176277831197, -0.03168664500117302, -0.006651434116065502
v,-0.0014130182098597288, -0.035367611795663834, -0.006693321745842695
v,-0.0014130176277831197, -0.03161470219492912, -0.005982816684991121
v,-0.0014130185591056943, -0.037641994655132294, -0.007094395346939564
v,-0.0014130189083516598, -0.04010789841413498, -0.0073155602440238
v,-0.0014130185591056943, -0.03765936940908432, -0.006521092727780342
v,-0.0014130176277831197, -0.03186403587460518, -0.0072258529253304005
v,-0.0014130182098597288, -0.035367611795663834, -0.006693321745842695
v,-0.0014130176277831197, -0.03168664500117302, -0.006651434116065502
v,-0.0014130176277831197, -0.03186403587460518, -0.0072258529253304005
v,-0.0014130179770290852, -0.034479908645153046, -0.007368212565779686
v,-0.0014130182098597288, -0.035367611795663834, -0.006693321745842695
v,-0.0014130185591056943, -0.03778385370969772, -0.007534248288720846
v,-0.0014130189083516598, -0.04010789841413498, -0.0073155602440238
v,-0.0014130185591056943, -0.037641994655132294, -0.007094395346939564
v,-0.0014130176277831197, -0.032145969569683075, -0.007617325987666845
v,-0.0014130179770290852, -0.034479908645153046, -0.007368212565779686
v,-0.0014130176277831197, -0.03186403587460518, -0.0072258529253304005
v,-0.0014130185591056943, -0.03778385370969772, -0.007534248288720846
v,-0.001413018791936338, -0.03932914882898331, -0.007743766997009516
v,-0.0014130189083516598, -0.04010789841413498, -0.0073155602440238
v,-0.0014130176277831197, -0.032145969569683075, -0.007617325987666845
v,-0.0014130178606137633, -0.03388558700680733, -0.007702312432229519
v,-0.0014130179770290852, -0.034479908645153046, -0.007368212565779686
v,-0.0014130185591056943, -0.038029078394174576, -0.007809886243194342
v,-0.001413018791936338, -0.03932914882898331, -0.007743766997009516
v,-0.0014130185591056943, -0.03778385370969772, -0.007534248288720846
v,-0.0014130176277831197, -0.032406385987997055, -0.007816360332071781
v,-0.0014130178606137633, -0.03388558700680733, -0.007702312432229519
v,-0.0014130176277831197, -0.032145969569683075, -0.007617325987666845
v,-0.0014130176277831197, -0.032406385987997055, -0.007816360332071781
v,-0.0014130178606137633, -0.033408019691705704, -0.007888291031122208
v,-0.0014130178606137633, -0.03388558700680733, -0.007702312432229519
v,-0.0014130185591056943, -0.038029078394174576, -0.007809886243194342
v,-0.0014130186755210161, -0.03878621384501457, -0.007924218662083149
v,-0.001413018791936338, -0.03932914882898331, -0.007743766997009516
v,-0.0014130177441984415, -0.03269738331437111, -0.007929922081530094
v,-0.0014130178606137633, -0.033408019691705704, -0.007888291031122208
v,-0.0014130176277831197, -0.032406385987997055, -0.007816360332071781
v,-0.0014130185591056943, -0.03837047517299652, -0.007951745763421059
v,-0.0014130186755210161, -0.03878621384501457, -0.007924218662083149
v,-0.0014130185591056943, -0.038029078394174576, -0.007809886243194342
v,-0.0014130177441984415, -0.03269738331437111, -0.007929922081530094
v,-0.0014130177441984415, -0.033017050474882126, -0.007951358333230019
v,-0.0014130178606137633, -0.033408019691705704, -0.007888291031122208
v,0.0016781603917479515, -0.041641876101493835, 0.0077706798911094666
v,0.0016781601589173079, -0.042735565453767776, 0.008150164969265461
v,0.0016781601589173079, -0.04302127659320831, 0.007949103601276875
v,0.0016781603917479515, -0.041641876101493835, 0.0077706798911094666
v,0.0016781601589173079, -0.04302127659320831, 0.007949103601276875
v,0.0016781602753326297, -0.04278984293341637, 0.007055115886032581
v,0.0016781606245785952, -0.040118325501680374, 0.007380531169474125
v,0.0016781603917479515, -0.041641876101493835, 0.0077706798911094666
v,0.0016781602753326297, -0.04278984293341637, 0.007055115886032581
v,0.0016781608574092388, -0.03908685967326164, 0.007226693909615278
v,0.0016781606245785952, -0.040118325501680374, 0.007380531169474125
v,0.0016781602753326297, -0.04278984293341637, 0.007055115886032581
v,0.0016781609738245606, -0.038285985589027405, 0.007172648794949055
v,0.0016781608574092388, -0.03908685967326164, 0.007226693909615278
v,0.0016781602753326297, -0.04278984293341637, 0.007055115886032581
v,0.0016781609738245606, -0.03815976157784462, 0.006541561335325241
v,0.0016781609738245606, -0.038285985589027405, 0.007172648794949055
v,0.0016781602753326297, -0.04278984293341637, 0.007055115886032581
v,0.0016781609738245606, -0.03815976157784462, 0.006541561335325241
v,0.0016781602753326297, -0.04278984293341637, 0.007055115886032581
v,0.0016781608574092388, -0.03927789255976677, 0.006548311561346054
v,0.001678160740993917, -0.03972310200333595, 0.006467621307820082
v,0.0016781608574092388, -0.03927789255976677, 0.006548311561346054
v,0.0016781602753326297, -0.04278984293341637, 0.007055115886032581
v,0.001678160740993917, -0.03972310200333595, 0.006467621307820082
v,0.0016781602753326297, -0.04278984293341637, 0.007055115886032581
v,0.0016781603917479515, -0.0424276664853096, 0.005507826339453459
v,0.001678160740993917, -0.03993461653590202, 0.006309438031166792
v,0.001678160740993917, -0.03972310200333595, 0.006467621307820082
v,0.0016781603917479515, -0.0424276664853096, 0.005507826339453459
v,0.001678160740993917, -0.04001086950302124, 0.006013439502567053
v,0.001678160740993917, -0.03993461653590202, 0.006309438031166792
v,0.0016781603917479515, -0.0424276664853096, 0.005507826339453459
v,0.0016781609738245606, -0.03946225717663765, 0.002429821528494358
v,0.001678160740993917, -0.04001086950302124, 0.006013439502567053
v,0.0016781603917479515, -0.0424276664853096, 0.005507826339453459
v,0.0016781609738245606, -0.03946225717663765, 0.002429821528494358
v,0.0016781603917479515, -0.0424276664853096, 0.005507826339453459
v,0.0016781612066552043, -0.04028461128473282, -0.004718682263046503
v,0.0016781613230705261, -0.03720725327730179, 0.002571119461208582
v,0.0016781612066552043, -0.037969231605529785, 0.0026718394365161657
v,0.0016781610902398825, -0.038824934512376785, 0.00258828466758132
v,0.001678161439485848, -0.036667849868535995, 0.002405627863481641
v,0.0016781613230705261, -0.03720725327730179, 0.002571119461208582
v,0.0016781610902398825, -0.038824934512376785, 0.00258828466758132
v,0.001678161439485848, -0.036667849868535995, 0.002405627863481641
v,0.0016781610902398825, -0.038824934512376785, 0.00258828466758132
v,0.0016781609738245606, -0.03946225717663765, 0.002429821528494358
v,0.001678161439485848, -0.036667849868535995, 0.002405627863481641
v,0.0016781609738245606, -0.03946225717663765, 0.002429821528494358
v,0.0016781610902398825, -0.03886796906590462, 0.0013275790261104703
v,0.0016781610902398825, -0.03886796906590462, 0.0013275790261104703
v,0.0016781609738245606, -0.03946225717663765, 0.002429821528494358
v,0.0016781610902398825, -0.039186831563711166, 0.0011586345499381423
v,0.0016781610902398825, -0.039186831563711166, 0.0011586345499381423
v,0.0016781609738245606, -0.03946225717663765, 0.002429821528494358
v,0.0016781612066552043, -0.04028461128473282, -0.004718682263046503
v,0.0016781615559011698, -0.035925235599279404, 0.002043949207291007
v,0.001678161439485848, -0.036667849868535995, 0.002405627863481641
v,0.0016781612066552043, -0.038136910647153854, 0.0015628589317202568
v,0.0016781612066552043, -0.038136910647153854, 0.0015628589317202568
v,0.001678161439485848, -0.036667849868535995, 0.002405627863481641
v,0.0016781610902398825, -0.03886796906590462, 0.0013275790261104703
v,0.0016781616723164916, -0.035293012857437134, 0.0016652732156217098
v,0.0016781615559011698, -0.035925235599279404, 0.002043949207291007
v,0.0016781613230705261, -0.037396177649497986, 0.0016265661688521504
v,0.0016781613230705261, -0.037396177649497986, 0.0016265661688521504
v,0.0016781615559011698, -0.035925235599279404, 0.002043949207291007
v,0.0016781612066552043, -0.038136910647153854, 0.0015628589317202568
v,0.0016781616723164916, -0.035293012857437134, 0.0016652732156217098
v,0.0016781613230705261, -0.037396177649497986, 0.0016265661688521504
v,0.001678161439485848, -0.036877404898405075, 0.0015982490731403232
v,0.0016781617887318134, -0.03458777070045471, 0.0012000052956864238
v,0.0016781616723164916, -0.035293012857437134, 0.0016652732156217098
v,0.001678161439485848, -0.036877404898405075, 0.0015982490731403232
v,0.0016781617887318134, -0.03458777070045471, 0.0012000052956864238
v,0.001678161439485848, -0.036877404898405075, 0.0015982490731403232
v,0.0016781615559011698, -0.036429841071367264, 0.001489610061980784
v,0.0016781617887318134, -0.03458777070045471, 0.0012000052956864238
v,0.0016781615559011698, -0.036429841071367264, 0.001489610061980784
v,0.0016781615559011698, -0.03610314801335335, 0.0013004362117499113
v,0.0016781617887318134, -0.03458777070045471, 0.0012000052956864238
v,0.0016781615559011698, -0.03610314801335335, 0.0013004362117499113
v,0.0016781616723164916, -0.035858575254678726, 0.0010002112248912454
v,0.0016781612066552043, -0.0388137511909008, -0.00048440511454828084
v,0.0016781610902398825, -0.039186831563711166, 0.0011586345499381423
v,0.0016781612066552043, -0.04028461128473282, -0.004718682263046503
v,0.001678162021562457, -0.033754851669073105, 0.0005924869328737259
v,0.0016781617887318134, -0.03458777070045471, 0.0012000052956864238
v,0.0016781616723164916, -0.035858575254678726, 0.0010002112248912454
v,0.001678162021562457, -0.033754851669073105, 0.0005924869328737259
v,0.0016781616723164916, -0.035858575254678726, 0.0010002112248912454
v,0.0016781616723164916, -0.035580892115831375, 0.0005031200125813484
v,0.001678162137977779, -0.0332702174782753, 6.844390736659989e-05
v,0.001678162021562457, -0.033754851669073105, 0.0005924869328737259
v,0.0016781616723164916, -0.035580892115831375, 0.0005031200125813484
v,0.001678162137977779, -0.0332702174782753, 6.844390736659989e-05
v,0.0016781616723164916, -0.035580892115831375, 0.0005031200125813484
v,0.0016781617887318134, -0.035155922174453735, -0.0005543167935684323
v,0.0016781622543931007, -0.03278522565960884, -0.000798556488007307
v,0.001678162137977779, -0.0332702174782753, 6.844390736659989e-05
v,0.0016781617887318134, -0.035155922174453735, -0.0005543167935684323
v,0.0016781623708084226, -0.032421357929706573, -0.0016528957057744265
v,0.0016781622543931007, -0.03278522565960884, -0.000798556488007307
v,0.0016781617887318134, -0.035155922174453735, -0.0005543167935684323
v,0.0016781613230705261, -0.03836648911237717, -0.001668396987952292
v,0.0016781612066552043, -0.0388137511909008, -0.00048440511454828084
v,0.0016781612066552043, -0.04028461128473282, -0.004718682263046503
v,0.0016781623708084226, -0.032421357929706573, -0.0016528957057744265
v,0.0016781617887318134, -0.035155922174453735, -0.0005543167935684323
v,0.001678162021562457, -0.03467955067753792, -0.002060338156297803
v,0.001678161439485848, -0.03796752542257309, -0.00249867863021791
v,0.0016781613230705261, -0.03836648911237717, -0.001668396987952292
v,0.0016781613230705261, -0.03861580044031143, -0.002588720293715596
v,0.0016781613230705261, -0.03861580044031143, -0.002588720293715596
v,0.0016781613230705261, -0.03836648911237717, -0.001668396987952292
v,0.0016781612066552043, -0.04028461128473282, -0.004718682263046503
v,0.0016781623708084226, -0.03210986405611038, -0.0025969697162508965
v,0.0016781623708084226, -0.032421357929706573, -0.0016528957057744265
v,0.001678162021562457, -0.03467955067753792, -0.002060338156297803
v,0.0016781615559011698, -0.03795989602804184, -0.005052527412772179
v,0.0016781613230705261, -0.03861580044031143, -0.002588720293715596
v,0.0016781612066552043, -0.04028461128473282, -0.004718682263046503
v,0.0016781623708084226, -0.03210986405611038, -0.0025969697162508965
v,0.001678162021562457, -0.03467955067753792, -0.002060338156297803
v,0.001678162021562457, -0.034350112080574036, -0.003452751087024808
v,0.0016781615559011698, -0.037491392344236374, -0.003316872287541628
v,0.001678161439485848, -0.03796752542257309, -0.00249867863021791
v,0.0016781613230705261, -0.03861580044031143, -0.002588720293715596
v,0.0016781624872237444, -0.031852446496486664, -0.003622764954343438
v,0.0016781623708084226, -0.03210986405611038, -0.0025969697162508965
v,0.001678162021562457, -0.034350112080574036, -0.003452751087024808
v,0.0016781615559011698, -0.037491392344236374, -0.003316872287541628
v,0.0016781613230705261, -0.03861580044031143, -0.002588720293715596
v,0.0016781615559011698, -0.03758067265152931, -0.004274075850844383
v,0.0016781616723164916, -0.036927495151758194, -0.004138386808335781
v,0.0016781615559011698, -0.037491392344236374, -0.003316872287541628
v,0.0016781615559011698, -0.03758067265152931, -0.004274075850844383
v,0.0016781626036390662, -0.031641121953725815, -0.004919872619211674
v,0.0016781624872237444, -0.031852446496486664, -0.003622764954343438
v,0.001678162021562457, -0.034350112080574036, -0.003452751087024808
v,0.0016781626036390662, -0.031641121953725815, -0.004919872619211674
v,0.001678162021562457, -0.034350112080574036, -0.003452751087024808
v,0.001678162137977779, -0.03417137265205383, -0.004739079158753157
v,0.0016781619051471353, -0.03607812523841858, -0.005188825074583292
v,0.0016781616723164916, -0.036927495151758194, -0.004138386808335781
v,0.0016781615559011698, -0.03758067265152931, -0.004274075850844383
v,0.0016781619051471353, -0.03607812523841858, -0.005188825074583292
v,0.0016781615559011698, -0.03758067265152931, -0.004274075850844383
v,0.0016781617887318134, -0.036475252360105515, -0.005644022952765226
v,0.0016781615559011698, -0.03795989602804184, -0.005052527412772179
v,0.0016781612066552043, -0.04028461128473282, -0.004718682263046503
v,0.0016781612066552043, -0.04016340151429176, -0.005789539776742458
v,0.0016781626036390662, -0.031641121953725815, -0.004919872619211674
v,0.001678162137977779, -0.03417137265205383, -0.004739079158753157
v,0.0016781622543931007, -0.03415070101618767, -0.005701547954231501
v,0.0016781626036390662, -0.03161705657839775, -0.006035025231540203
v,0.0016781626036390662, -0.031641121953725815, -0.004919872619211674
v,0.0016781622543931007, -0.03415070101618767, -0.005701547954231501
v,0.001678162021562457, -0.035418443381786346, -0.005777206737548113
v,0.0016781619051471353, -0.03607812523841858, -0.005188825074583292
v,0.0016781617887318134, -0.036475252360105515, -0.005644022952765226
v,0.0016781610902398825, -0.0408354252576828, -0.005974260158836842
v,0.0016781608574092388, -0.04201618209481239, -0.005168533883988857
v,0.0016781608574092388, -0.04220590367913246, -0.005790523253381252
v,0.0016781610902398825, -0.0408354252576828, -0.005974260158836842
v,0.0016781608574092388, -0.04220590367913246, -0.005790523253381252
v,0.0016781613230705261, -0.04023858159780502, -0.007230212911963463
v,0.0016781626036390662, -0.03161705657839775, -0.006035025231540203
v,0.0016781622543931007, -0.03415070101618767, -0.005701547954231501
v,0.0016781622543931007, -0.0342257097363472, -0.005953960120677948
v,0.001678162137977779, -0.034938402473926544, -0.006075392942875624
v,0.001678162021562457, -0.035418443381786346, -0.005777206737548113
v,0.0016781617887318134, -0.036475252360105515, -0.005644022952765226
v,0.0016781615559011698, -0.03795989602804184, -0.005052527412772179
v,0.0016781612066552043, -0.04016340151429176, -0.005789539776742458
v,0.0016781612066552043, -0.04021838307380676, -0.006046774331480265
v,0.0016781626036390662, -0.03161705657839775, -0.006035025231540203
v,0.0016781622543931007, -0.0342257097363472, -0.005953960120677948
v,0.001678162137977779, -0.03437428921461105, -0.006123371887952089
v,0.0016781612066552043, -0.04046497493982315, -0.0061478279531002045
v,0.0016781610902398825, -0.0408354252576828, -0.005974260158836842
v,0.0016781613230705261, -0.04023858159780502, -0.007230212911963463
v,0.0016781615559011698, -0.03795989602804184, -0.005052527412772179
v,0.0016781612066552043, -0.04021838307380676, -0.006046774331480265
v,0.0016781612066552043, -0.04031059518456459, -0.006135581526905298
v,0.0016781616723164916, -0.03765730932354927, -0.0065391780808568
v,0.0016781615559011698, -0.03795989602804184, -0.005052527412772179
v,0.0016781612066552043, -0.04031059518456459, -0.006135581526905298
v,0.001678162137977779, -0.03460926562547684, -0.006176048889756203
v,0.001678162137977779, -0.034938402473926544, -0.006075392942875624
v,0.0016781617887318134, -0.036475252360105515, -0.005644022952765226
v,0.001678162137977779, -0.03460926562547684, -0.006176048889756203
v,0.0016781617887318134, -0.036475252360105515, -0.005644022952765226
v,0.001678162021562457, -0.03544417768716812, -0.006628566887229681
v,0.0016781616723164916, -0.03765730932354927, -0.0065391780808568
v,0.0016781612066552043, -0.04031059518456459, -0.006135581526905298
v,0.0016781612066552043, -0.04046497493982315, -0.0061478279531002045
v,0.0016781616723164916, -0.03765730932354927, -0.0065391780808568
v,0.0016781612066552043, -0.04046497493982315, -0.0061478279531002045
v,0.0016781613230705261, -0.04023858159780502, -0.007230212911963463
v,0.0016781626036390662, -0.03161705657839775, -0.006035025231540203
v,0.001678162137977779, -0.03437428921461105, -0.006123371887952089
v,0.001678162137977779, -0.03460926562547684, -0.006176048889756203
v,0.0016781626036390662, -0.03161705657839775, -0.006035025231540203
v,0.001678162137977779, -0.03460926562547684, -0.006176048889756203
v,0.001678162021562457, -0.03544417768716812, -0.006628566887229681
v,0.0016781626036390662, -0.031694862991571426, -0.006692743860185146
v,0.0016781626036390662, -0.03161705657839775, -0.006035025231540203
v,0.001678162021562457, -0.03544417768716812, -0.006628566887229681
v,0.0016781616723164916, -0.037643659859895706, -0.007111887913197279
v,0.0016781616723164916, -0.03765730932354927, -0.0065391780808568
v,0.0016781613230705261, -0.04023858159780502, -0.007230212911963463
v,0.0016781626036390662, -0.03187881410121918, -0.007255378179252148
v,0.0016781626036390662, -0.031694862991571426, -0.006692743860185146
v,0.001678162021562457, -0.03544417768716812, -0.006628566887229681
v,0.0016781626036390662, -0.03187881410121918, -0.007255378179252148
v,0.001678162021562457, -0.03544417768716812, -0.006628566887229681
v,0.0016781622543931007, -0.03454146161675453, -0.00732725765556097
v,0.0016781616723164916, -0.037793610244989395, -0.007550740148872137
v,0.0016781616723164916, -0.037643659859895706, -0.007111887913197279
v,0.0016781613230705261, -0.04023858159780502, -0.007230212911963463
v,0.0016781616723164916, -0.037793610244989395, -0.007550740148872137
v,0.0016781613230705261, -0.04023858159780502, -0.007230212911963463
v,0.001678161439485848, -0.039561446756124496, -0.0076314411126077175
v,0.0016781626036390662, -0.032165735960006714, -0.007636945694684982
v,0.0016781626036390662, -0.03187881410121918, -0.007255378179252148
v,0.0016781622543931007, -0.03454146161675453, -0.00732725765556097
v,0.0016781626036390662, -0.032165735960006714, -0.007636945694684982
v,0.0016781622543931007, -0.03454146161675453, -0.00732725765556097
v,0.0016781623708084226, -0.03391999378800392, -0.007685741875320673
v,0.0016781616723164916, -0.03804348036646843, -0.007820205762982368
v,0.0016781616723164916, -0.037793610244989395, -0.007550740148872137
v,0.001678161439485848, -0.039561446756124496, -0.0076314411126077175
v,0.0016781626036390662, -0.03242640197277069, -0.007827386260032654
v,0.0016781626036390662, -0.032165735960006714, -0.007636945694684982
v,0.0016781623708084226, -0.03391999378800392, -0.007685741875320673
v,0.0016781626036390662, -0.03242640197277069, -0.007827386260032654
v,0.0016781623708084226, -0.03391999378800392, -0.007685741875320673
v,0.0016781623708084226, -0.03345178812742233, -0.007875720970332623
v,0.0016781616723164916, -0.03804348036646843, -0.007820205762982368
v,0.001678161439485848, -0.039561446756124496, -0.0076314411126077175
v,0.0016781615559011698, -0.038976676762104034, -0.007873191498219967
v,0.0016781624872237444, -0.032722774893045425, -0.007935168221592903
v,0.0016781626036390662, -0.03242640197277069, -0.007827386260032654
v,0.0016781623708084226, -0.03345178812742233, -0.007875720970332623
v,0.0016781616723164916, -0.0382985882461071, -0.007931296713650227
v,0.0016781616723164916, -0.03804348036646843, -0.007820205762982368
v,0.0016781615559011698, -0.038976676762104034, -0.007873191498219967
v,0.0016781616723164916, -0.0382985882461071, -0.007931296713650227
v,0.0016781615559011698, -0.038976676762104034, -0.007873191498219967
v,0.0016781615559011698, -0.038597650825977325, -0.007952171377837658
v,0.0016781624872237444, -0.032722774893045425, -0.007935168221592903
v,0.0016781623708084226, -0.03345178812742233, -0.007875720970332623
v,0.0016781624872237444, -0.03304485231637955, -0.007949725724756718
v,-0.001413019490428269, -0.040004391223192215, 0.006105756852775812
v,-0.001413019490428269, -0.03993383049964905, 0.00630155298858881
v,0.001678160740993917, -0.03993461653590202, 0.006309438031166792
v,-0.001413018093444407, -0.03296051546931267, -0.00045027988380752504
v,-0.001413018093444407, -0.03328818082809448, 7.989425648702309e-05
v,0.001678162137977779, -0.0332702174782753, 6.844390736659989e-05
v,-0.001413018093444407, -0.03448959439992905, -0.006170390173792839
v,-0.001413018093444407, -0.034782979637384415, -0.006138762924820185
v,0.001678162137977779, -0.03460926562547684, -0.006176048889756203
v,-0.0014130189083516598, -0.037603992968797684, 0.00162223307415843
v,-0.001413018791936338, -0.03697103634476662, 0.0016093095764517784
v,0.0016781613230705261, -0.037396177649497986, 0.0016265661688521504
v,-0.0014130186755210161, -0.03650103881955147, 0.0015149187529459596
v,-0.0014130186755210161, -0.036112334579229355, 0.001312612439505756
v,0.0016781615559011698, -0.036429841071367264, 0.001489610061980784
v,-0.0014130179770290852, -0.03253242373466492, -0.001368906581774354
v,-0.001413018093444407, -0.03296051546931267, -0.00045027988380752504
v,0.0016781622543931007, -0.03278522565960884, -0.000798556488007307
v,-0.0014130177441984415, -0.03192490339279175, -0.0033015874214470387
v,-0.0014130178606137633, -0.03220370411872864, -0.002285625785589218
v,0.0016781623708084226, -0.03210986405611038, -0.0025969697162508965
v,-0.001413018791936338, -0.03801490738987923, -0.0036225432995706797
v,-0.0014130185591056943, -0.036965690553188324, -0.005081464536488056
v,0.0016781615559011698, -0.03758067265152931, -0.004274075850844383
v,-0.0014130176277831197, -0.031628284603357315, -0.005163694731891155
v,-0.0014130177441984415, -0.03173135966062546, -0.004270204808562994
v,0.0016781626036390662, -0.031641121953725815, -0.004919872619211674
v,-0.001413019490428269, -0.03960656747221947, 0.006502349860966206
v,-0.001413019374012947, -0.03913184255361557, 0.0065522403456270695
v,0.0016781608574092388, -0.03927789255976677, 0.006548311561346054
v,-0.001413019490428269, -0.03993383049964905, 0.00630155298858881
v,-0.001413019490428269, -0.039811380207538605, 0.0064194705337285995
v,0.001678160740993917, -0.03993461653590202, 0.006309438031166792
v,-0.0014130190247669816, -0.03824036195874214, 0.0015352057525888085
v,-0.0014130189083516598, -0.037603992968797684, 0.00162223307415843
v,0.0016781612066552043, -0.038136910647153854, 0.0015628589317202568
v,-0.001413018791936338, -0.03697103634476662, 0.0016093095764517784
v,-0.0014130186755210161, -0.03650103881955147, 0.0015149187529459596
v,0.001678161439485848, -0.036877404898405075, 0.0015982490731403232
v,-0.001413018791936338, -0.03932914882898331, -0.007743766997009516
v,-0.0014130186755210161, -0.03878621384501457, -0.007924218662083149
v,0.0016781615559011698, -0.038976676762104034, -0.007873191498219967
v,-0.0014130186755210161, -0.03878621384501457, -0.007924218662083149
v,-0.0014130185591056943, -0.03837047517299652, -0.007951745763421059
v,0.0016781615559011698, -0.038597650825977325, -0.007952171377837658
v,-0.0014130178606137633, -0.03220370411872864, -0.002285625785589218
v,-0.0014130179770290852, -0.03253242373466492, -0.001368906581774354
v,0.0016781623708084226, -0.032421357929706573, -0.0016528957057744265
v,-0.0014130189083516598, -0.0386359840631485, -0.0025278092361986637
v,-0.001413018791936338, -0.03801490738987923, -0.0036225432995706797
v,0.0016781613230705261, -0.03861580044031143, -0.002588720293715596
v,-0.0014130177441984415, -0.03173135966062546, -0.004270204808562994
v,-0.0014130177441984415, -0.03192490339279175, -0.0033015874214470387
v,0.0016781624872237444, -0.031852446496486664, -0.003622764954343438
v,-0.001413019374012947, -0.03913184255361557, 0.0065522403456270695
v,-0.0014130192575976253, -0.038159362971782684, 0.006540349218994379
v,0.0016781609738245606, -0.03815976157784462, 0.006541561335325241
v,-0.0014130185591056943, -0.036965690553188324, -0.005081464536488056
v,-0.0014130183262750506, -0.036107100546360016, -0.006015054415911436
v,0.0016781617887318134, -0.036475252360105515, -0.005644022952765226
v,-0.001413018093444407, -0.034782979637384415, -0.006138762924820185
v,-0.0014130182098597288, -0.03531229868531227, -0.005859502591192722
v,0.001678162137977779, -0.034938402473926544, -0.006075392942875624
v,-0.0014130179770290852, -0.03425097465515137, -0.0060089654289186
v,-0.001413018093444407, -0.03448959439992905, -0.006170390173792839
v,0.001678162137977779, -0.03437428921461105, -0.006123371887952089
v,-0.0014130179770290852, -0.034150440245866776, -0.005688726436346769
v,-0.0014130179770290852, -0.03425097465515137, -0.0060089654289186
v,0.0016781622543931007, -0.03415070101618767, -0.005701547954231501
v,-0.0014130190247669816, -0.037762127816677094, 0.0026534569915384054
v,-0.0014130190247669816, -0.038412488996982574, 0.002651676768437028
v,0.0016781612066552043, -0.037969231605529785, 0.0026718394365161657
v,-0.0014130190247669816, -0.038412488996982574, 0.002651676768437028
v,-0.0014130192575976253, -0.03946245089173317, 0.0024369664024561644
v,0.0016781610902398825, -0.038824934512376785, 0.00258828466758132
v,-0.001413018093444407, -0.03328818082809448, 7.989425648702309e-05
v,-0.0014130182098597288, -0.03369341045618057, 0.0005430442397482693
v,0.001678162137977779, -0.0332702174782753, 6.844390736659989e-05
v,-0.0014130189083516598, -0.04010789841413498, -0.0073155602440238
v,-0.001413018791936338, -0.03932914882898331, -0.007743766997009516
v,0.001678161439485848, -0.039561446756124496, -0.0076314411126077175
v,-0.001413019490428269, -0.039811380207538605, 0.0064194705337285995
v,-0.001413019490428269, -0.03960656747221947, 0.006502349860966206
v,0.001678160740993917, -0.03972310200333595, 0.006467621307820082
v,-0.001413019490428269, -0.03996057063341141, 0.0056423889473080635
v,-0.001413019490428269, -0.040004391223192215, 0.006105756852775812
v,0.001678160740993917, -0.04001086950302124, 0.006013439502567053
v,0.0016781609738245606, -0.03815976157784462, 0.006541561335325241
v,-0.0014130192575976253, -0.0382859967648983, 0.007170887663960457
v,0.0016781609738245606, -0.038285985589027405, 0.007172648794949055
v,0.0016781616723164916, -0.035858575254678726, 0.0010002112248912454
v,-0.0014130186755210161, -0.036112334579229355, 0.001312612439505756
v,-0.0014130185591056943, -0.03584236651659012, 0.0009755051578395069
v,-0.0014130186755210161, -0.03650103881955147, 0.0015149187529459596
v,0.0016781615559011698, -0.036429841071367264, 0.001489610061980784
v,0.001678161439485848, -0.036877404898405075, 0.0015982490731403232
v,0.0016781613230705261, -0.03720725327730179, 0.002571119461208582
v,-0.0014130190247669816, -0.037762127816677094, 0.0026534569915384054
v,0.0016781612066552043, -0.037969231605529785, 0.0026718394365161657
v,-0.0014130190247669816, -0.038412488996982574, 0.002651676768437028
v,0.0016781610902398825, -0.038824934512376785, 0.00258828466758132
v,0.0016781612066552043, -0.037969231605529785, 0.0026718394365161657
v,0.0016781616723164916, -0.03765730932354927, -0.0065391780808568
v,-0.0014130185591056943, -0.037641994655132294, -0.007094395346939564
v,-0.0014130185591056943, -0.03765936940908432, -0.006521092727780342
v,-0.0014130192575976253, -0.03946245089173317, 0.0024369664024561644
v,0.0016781609738245606, -0.03946225717663765, 0.002429821528494358
v,0.0016781610902398825, -0.038824934512376785, 0.00258828466758132
v,0.0016781623708084226, -0.03391999378800392, -0.007685741875320673
v,-0.0014130179770290852, -0.034479908645153046, -0.007368212565779686
v,-0.0014130178606137633, -0.03388558700680733, -0.007702312432229519
v,-0.0014130189083516598, -0.04010789841413498, -0.0073155602440238
v,0.001678161439485848, -0.039561446756124496, -0.0076314411126077175
v,0.0016781613230705261, -0.04023858159780502, -0.007230212911963463
v,-0.0014130182098597288, -0.03369341045618057, 0.0005430442397482693
v,0.001678162021562457, -0.033754851669073105, 0.0005924869328737259
v,0.001678162137977779, -0.0332702174782753, 6.844390736659989e-05
v,0.0016781617887318134, -0.035155922174453735, -0.0005543167935684323
v,-0.0014130185591056943, -0.035552870482206345, 0.0004432590794749558
v,-0.0014130184426903725, -0.0351249985396862, -0.0006424385355785489
v,0.0016781613230705261, -0.03861580044031143, -0.002588720293715596
v,-0.0014130186755210161, -0.03797336295247078, -0.004994641989469528
v,-0.0014130189083516598, -0.0386359840631485, -0.0025278092361986637
v,-0.001413018093444407, -0.03296051546931267, -0.00045027988380752504
v,0.001678162137977779, -0.0332702174782753, 6.844390736659989e-05
v,0.0016781622543931007, -0.03278522565960884, -0.000798556488007307
v,-0.001413018791936338, -0.03932914882898331, -0.007743766997009516
v,0.0016781615559011698, -0.038976676762104034, -0.007873191498219967
v,0.001678161439485848, -0.039561446756124496, -0.0076314411126077175
v,-0.0014130178606137633, -0.03220370411872864, -0.002285625785589218
v,0.0016781623708084226, -0.032421357929706573, -0.0016528957057744265
v,0.0016781623708084226, -0.03210986405611038, -0.0025969697162508965
v,0.001678162021562457, -0.034350112080574036, -0.003452751087024808
v,-0.0014130182098597288, -0.034652385860681534, -0.0021585291251540184
v,-0.001413018093444407, -0.03433240205049515, -0.003547664964571595
v,0.0016781622543931007, -0.03415070101618767, -0.005701547954231501
v,-0.001413018093444407, -0.03416464105248451, -0.004825252573937178
v,-0.0014130179770290852, -0.034150440245866776, -0.005688726436346769
v,-0.0014130177441984415, -0.03173135966062546, -0.004270204808562994
v,0.0016781624872237444, -0.031852446496486664, -0.003622764954343438
v,0.0016781626036390662, -0.031641121953725815, -0.004919872619211674
v,0.0016781617887318134, -0.03458777070045471, 0.0012000052956864238
v,-0.0014130182098597288, -0.03369341045618057, 0.0005430442397482693
v,-0.0014130184426903725, -0.0346575528383255, 0.001248087384738028
v,0.0016781610902398825, -0.0408354252576828, -0.005974260158836842
v,-0.0014130190247669816, -0.04048030823469162, -0.0061439997516572475
v,-0.0014130191411823034, -0.04086918756365776, -0.005954364780336618
v,-0.0014130179770290852, -0.03425097465515137, -0.0060089654289186
v,0.0016781622543931007, -0.0342257097363472, -0.005953960120677948
v,0.0016781622543931007, -0.03415070101618767, -0.005701547954231501
v,0.0016781612066552043, -0.04031059518456459, -0.006135581526905298
v,-0.0014130190247669816, -0.04022346809506416, -0.006055694539099932
v,-0.0014130190247669816, -0.040319185703992844, -0.006139164790511131
v,0.0016781613230705261, -0.03836648911237717, -0.001668396987952292
v,-0.001413018791936338, -0.03799714893102646, -0.0024423522409051657
v,-0.0014130189083516598, -0.03839137777686119, -0.0016109241405501962
v,0.0016781615559011698, -0.037491392344236374, -0.003316872287541628
v,-0.0014130185591056943, -0.03697014972567558, -0.0040803649462759495
v,-0.0014130186755210161, -0.03752809017896652, -0.0032586418092250824
v,0.0016781602753326297, -0.04278984293341637, 0.007055115886032581
v,-0.001413020072504878, -0.04302109032869339, 0.007949224673211575
v,-0.0014130199560895562, -0.042771004140377045, 0.006978651043027639
v,0.0016781609738245606, -0.03946225717663765, 0.002429821528494358
v,-0.001413019490428269, -0.03996057063341141, 0.0056423889473080635
v,0.001678160740993917, -0.04001086950302124, 0.006013439502567053
v,-0.001413019374012947, -0.03913184255361557, 0.0065522403456270695
v,0.0016781609738245606, -0.03815976157784462, 0.006541561335325241
v,0.0016781608574092388, -0.03927789255976677, 0.006548311561346054
v,-0.0014130182098597288, -0.03531229868531227, -0.005859502591192722
v,0.001678162021562457, -0.035418443381786346, -0.005777206737548113
v,0.001678162137977779, -0.034938402473926544, -0.006075392942875624
v,-0.001413019490428269, -0.039811380207538605, 0.0064194705337285995
v,0.001678160740993917, -0.03972310200333595, 0.006467621307820082
v,0.001678160740993917, -0.03993461653590202, 0.006309438031166792
v,-0.001413019490428269, -0.040004391223192215, 0.006105756852775812
v,0.001678160740993917, -0.03993461653590202, 0.006309438031166792
v,0.001678160740993917, -0.04001086950302124, 0.006013439502567053
v,-0.0014130179770290852, -0.03425097465515137, -0.0060089654289186
v,0.001678162137977779, -0.03437428921461105, -0.006123371887952089
v,0.0016781622543931007, -0.0342257097363472, -0.005953960120677948
v,0.0016781626036390662, -0.03161705657839775, -0.006035025231540203
v,-0.0014130176277831197, -0.03168664500117302, -0.006651434116065502
v,-0.0014130176277831197, -0.03161470219492912, -0.005982816684991121
v,-0.001413018093444407, -0.034782979637384415, -0.006138762924820185
v,0.001678162137977779, -0.034938402473926544, -0.006075392942875624
v,0.001678162137977779, -0.03460926562547684, -0.006176048889756203
v,0.0016781601589173079, -0.042735565453767776, 0.008150164969265461
v,-0.001413020072504878, -0.04302109032869339, 0.007949224673211575
v,0.0016781601589173079, -0.04302127659320831, 0.007949103601276875
v,0.0016781626036390662, -0.032165735960006714, -0.007636945694684982
v,-0.0014130176277831197, -0.032406385987997055, -0.007816360332071781
v,-0.0014130176277831197, -0.032145969569683075, -0.007617325987666845
v,0.0016781610902398825, -0.03886796906590462, 0.0013275790261104703
v,-0.0014130191411823034, -0.039186831563711166, 0.0011586344335228205
v,-0.0014130191411823034, -0.03882822021842003, 0.001344985910691321
v,0.0016781616723164916, -0.035293012857437134, 0.0016652732156217098
v,-0.0014130184426903725, -0.0346575528383255, 0.001248087384738028
v,-0.0014130186755210161, -0.035806942731142044, 0.001982019981369376
v,-0.001413019490428269, -0.03960656747221947, 0.006502349860966206
v,0.0016781608574092388, -0.03927789255976677, 0.006548311561346054
v,0.001678160740993917, -0.03972310200333595, 0.006467621307820082
v,0.0016781626036390662, -0.03242640197277069, -0.007827386260032654
v,-0.0014130177441984415, -0.03269738331437111, -0.007929922081530094
v,-0.0014130176277831197, -0.032406385987997055, -0.007816360332071781
v,0.0016781616723164916, -0.0382985882461071, -0.007931296713650227
v,-0.0014130185591056943, -0.038029078394174576, -0.007809886243194342
v,0.0016781616723164916, -0.03804348036646843, -0.007820205762982368
v,0.0016781610902398825, -0.039186831563711166, 0.0011586345499381423
v,-0.0014130190247669816, -0.038828130811452866, -0.0004351752868387848
v,-0.0014130191411823034, -0.039186831563711166, 0.0011586344335228205
v,0.0016781615559011698, -0.035925235599279404, 0.002043949207291007
v,-0.001413018791936338, -0.03670542314648628, 0.0024203085340559483
v,0.001678161439485848, -0.036667849868535995, 0.002405627863481641
v,0.0016781612066552043, -0.0388137511909008, -0.00048440511454828084
v,-0.0014130189083516598, -0.03839137777686119, -0.0016109241405501962
v,-0.0014130190247669816, -0.038828130811452866, -0.0004351752868387848
v,0.001678161439485848, -0.03796752542257309, -0.00249867863021791
v,-0.0014130186755210161, -0.03752809017896652, -0.0032586418092250824
v,-0.001413018791936338, -0.03799714893102646, -0.0024423522409051657
v,0.0016781616723164916, -0.036927495151758194, -0.004138386808335781
v,-0.0014130183262750506, -0.03611309453845024, -0.005151095800101757
v,-0.0014130185591056943, -0.03697014972567558, -0.0040803649462759495
v,0.0016781626036390662, -0.03161705657839775, -0.006035025231540203
v,-0.0014130176277831197, -0.031628284603357315, -0.005163694731891155
v,0.0016781626036390662, -0.031641121953725815, -0.004919872619211674
v,0.001678162021562457, -0.035418443381786346, -0.005777206737548113
v,-0.0014130183262750506, -0.03611309453845024, -0.005151095800101757
v,0.0016781619051471353, -0.03607812523841858, -0.005188825074583292
v,0.0016781610902398825, -0.03886796906590462, 0.0013275790261104703
v,-0.0014130190247669816, -0.03824036195874214, 0.0015352057525888085
v,0.0016781612066552043, -0.038136910647153854, 0.0015628589317202568
v,-0.0014130185591056943, -0.036965690553188324, -0.005081464536488056
v,0.0016781617887318134, -0.036475252360105515, -0.005644022952765226
v,0.0016781615559011698, -0.03758067265152931, -0.004274075850844383
v,0.0016781626036390662, -0.031694862991571426, -0.006692743860185146
v,-0.0014130176277831197, -0.03186403587460518, -0.0072258529253304005
v,-0.0014130176277831197, -0.03168664500117302, -0.006651434116065502
v,0.0016781613230705261, -0.04023858159780502, -0.007230212911963463
v,-0.001413019374012947, -0.04220589995384216, -0.005790523253381252
v,-0.0014130189083516598, -0.04010789841413498, -0.0073155602440238
v,0.0016781616723164916, -0.037643659859895706, -0.007111887913197279
v,-0.0014130185591056943, -0.03778385370969772, -0.007534248288720846
v,-0.0014130185591056943, -0.037641994655132294, -0.007094395346939564
v,0.0016781624872237444, -0.032722774893045425, -0.007935168221592903
v,-0.0014130177441984415, -0.033017050474882126, -0.007951358333230019
v,-0.0014130177441984415, -0.03269738331437111, -0.007929922081530094
v,-0.0014130186755210161, -0.03878621384501457, -0.007924218662083149
v,0.0016781615559011698, -0.038597650825977325, -0.007952171377837658
v,0.0016781615559011698, -0.038976676762104034, -0.007873191498219967
v,0.0016781624872237444, -0.03304485231637955, -0.007949725724756718
v,-0.0014130178606137633, -0.033408019691705704, -0.007888291031122208
v,-0.0014130177441984415, -0.033017050474882126, -0.007951358333230019
v,-0.0014130185591056943, -0.03837047517299652, -0.007951745763421059
v,0.0016781616723164916, -0.0382985882461071, -0.007931296713650227
v,0.0016781615559011698, -0.038597650825977325, -0.007952171377837658
v,0.0016781608574092388, -0.03908685967326164, 0.007226693909615278
v,-0.0014130192575976253, -0.0382859967648983, 0.007170887663960457
v,-0.001413019374012947, -0.039147503674030304, 0.007233336102217436
v,0.0016781601589173079, -0.042735565453767776, 0.008150164969265461
v,-0.0014130198396742344, -0.04175414890050888, 0.007805707398802042
v,-0.001413020072504878, -0.042735565453767776, 0.008150164969265461
v,0.0016781612066552043, -0.04028461128473282, -0.004718682263046503
v,-0.0014130198396742344, -0.04240306466817856, 0.005397109314799309
v,-0.0014130190247669816, -0.04027663543820381, -0.0047643245197832584
v,0.0016781606245785952, -0.040118325501680374, 0.007380531169474125
v,-0.001413019374012947, -0.039147503674030304, 0.007233336102217436
v,-0.0014130196068435907, -0.0402219258248806, 0.007401578593999147
v,0.0016781613230705261, -0.03720725327730179, 0.002571119461208582
v,-0.001413018791936338, -0.03670542314648628, 0.0024203085340559483
v,-0.0014130189083516598, -0.037242963910102844, 0.0025789793580770493
v,0.0016781603917479515, -0.0424276664853096, 0.005507826339453459
v,-0.0014130199560895562, -0.042771004140377045, 0.006978651043027639
v,-0.0014130198396742344, -0.04240306466817856, 0.005397109314799309
v,0.0016781616723164916, -0.035580892115831375, 0.0005031200125813484
v,-0.0014130185591056943, -0.03584236651659012, 0.0009755051578395069
v,-0.0014130185591056943, -0.035552870482206345, 0.0004432590794749558
v,0.001678162021562457, -0.03467955067753792, -0.002060338156297803
v,-0.0014130184426903725, -0.0351249985396862, -0.0006424385355785489
v,-0.0014130182098597288, -0.034652385860681534, -0.0021585291251540184
v,-0.0014130179770290852, -0.03253242373466492, -0.001368906581774354
v,0.0016781622543931007, -0.03278522565960884, -0.000798556488007307
v,0.0016781623708084226, -0.032421357929706573, -0.0016528957057744265
v,0.001678162137977779, -0.03417137265205383, -0.004739079158753157
v,-0.001413018093444407, -0.03433240205049515, -0.003547664964571595
v,-0.001413018093444407, -0.03416464105248451, -0.004825252573937178
v,-0.001413018791936338, -0.03697103634476662, 0.0016093095764517784
v,0.001678161439485848, -0.036877404898405075, 0.0015982490731403232
v,0.0016781613230705261, -0.037396177649497986, 0.0016265661688521504
v,-0.0014130186755210161, -0.036112334579229355, 0.001312612439505756
v,0.0016781615559011698, -0.03610314801335335, 0.0013004362117499113
v,0.0016781615559011698, -0.036429841071367264, 0.001489610061980784
v,-0.0014130177441984415, -0.03192490339279175, -0.0033015874214470387
v,0.0016781623708084226, -0.03210986405611038, -0.0025969697162508965
v,0.0016781624872237444, -0.031852446496486664, -0.003622764954343438
v,0.0016781612066552043, -0.04016340151429176, -0.005789539776742458
v,-0.0014130190247669816, -0.04027663543820381, -0.0047643245197832584
v,-0.0014130190247669816, -0.040163807570934296, -0.005811474751681089
v,0.0016781608574092388, -0.04201618209481239, -0.005168533883988857
v,-0.0014130191411823034, -0.04086918756365776, -0.005954364780336618
v,-0.001413019374012947, -0.042017266154289246, -0.0051655275747179985
v,0.0016781612066552043, -0.04021838307380676, -0.006046774331480265
v,-0.0014130190247669816, -0.040163807570934296, -0.005811474751681089
v,-0.0014130190247669816, -0.04022346809506416, -0.006055694539099932
v,0.0016781615559011698, -0.03795989602804184, -0.005052527412772179
v,-0.0014130185591056943, -0.03765936940908432, -0.006521092727780342
v,-0.0014130186755210161, -0.03797336295247078, -0.004994641989469528
v,0.0016781608574092388, -0.04201618209481239, -0.005168533883988857
v,-0.001413019374012947, -0.04220589995384216, -0.005790523253381252
v,0.0016781608574092388, -0.04220590367913246, -0.005790523253381252
v,0.0016781612066552043, -0.04046497493982315, -0.0061478279531002045
v,-0.0014130190247669816, -0.040319185703992844, -0.006139164790511131
v,-0.0014130190247669816, -0.04048030823469162, -0.0061439997516572475
v,0.0016781626036390662, -0.03187881410121918, -0.007255378179252148
v,-0.0014130176277831197, -0.032145969569683075, -0.007617325987666845
v,-0.0014130176277831197, -0.03186403587460518, -0.0072258529253304005
v,0.0016781623708084226, -0.03345178812742233, -0.007875720970332623
v,-0.0014130178606137633, -0.03388558700680733, -0.007702312432229519
v,-0.0014130178606137633, -0.033408019691705704, -0.007888291031122208
v,0.0016781622543931007, -0.03454146161675453, -0.00732725765556097
v,-0.0014130182098597288, -0.035367611795663834, -0.006693321745842695
v,-0.0014130179770290852, -0.034479908645153046, -0.007368212565779686
v,-0.001413018093444407, -0.03448959439992905, -0.006170390173792839
v,0.001678162137977779, -0.03460926562547684, -0.006176048889756203
v,0.001678162137977779, -0.03437428921461105, -0.006123371887952089
v,0.001678162021562457, -0.03544417768716812, -0.006628566887229681
v,-0.0014130183262750506, -0.036107100546360016, -0.006015054415911436
v,-0.0014130182098597288, -0.035367611795663834, -0.006693321745842695
v,-0.0014130186755210161, -0.035806942731142044, 0.001982019981369376
v,0.0016781615559011698, -0.035925235599279404, 0.002043949207291007
v,0.0016781616723164916, -0.035293012857437134, 0.0016652732156217098
v,-0.0014130189083516598, -0.037603992968797684, 0.00162223307415843
v,0.0016781613230705261, -0.037396177649497986, 0.0016265661688521504
v,0.0016781612066552043, -0.038136910647153854, 0.0015628589317202568
v,-0.001413018791936338, -0.03801490738987923, -0.0036225432995706797
v,0.0016781615559011698, -0.03758067265152931, -0.004274075850844383
v,0.0016781613230705261, -0.03861580044031143, -0.002588720293715596
v,0.0016781616723164916, -0.037793610244989395, -0.007550740148872137
v,-0.0014130185591056943, -0.038029078394174576, -0.007809886243194342
v,-0.0014130185591056943, -0.03778385370969772, -0.007534248288720846
v,0.0016781603917479515, -0.041641876101493835, 0.0077706798911094666
v,0.0016781606245785952, -0.040118325501680374, 0.007380531169474125
v,-0.0014130196068435907, -0.0402219258248806, 0.007401578593999147
v,0.0016781609738245606, -0.03815976157784462, 0.006541561335325241
v,-0.0014130192575976253, -0.038159362971782684, 0.006540349218994379
v,-0.0014130192575976253, -0.0382859967648983, 0.007170887663960457
v,0.0016781616723164916, -0.035858575254678726, 0.0010002112248912454
v,0.0016781615559011698, -0.03610314801335335, 0.0013004362117499113
v,-0.0014130186755210161, -0.036112334579229355, 0.001312612439505756
v,0.0016781613230705261, -0.03720725327730179, 0.002571119461208582
v,-0.0014130189083516598, -0.037242963910102844, 0.0025789793580770493
v,-0.0014130190247669816, -0.037762127816677094, 0.0026534569915384054
v,0.0016781616723164916, -0.03765730932354927, -0.0065391780808568
v,0.0016781616723164916, -0.037643659859895706, -0.007111887913197279
v,-0.0014130185591056943, -0.037641994655132294, -0.007094395346939564
v,0.0016781623708084226, -0.03391999378800392, -0.007685741875320673
v,0.0016781622543931007, -0.03454146161675453, -0.00732725765556097
v,-0.0014130179770290852, -0.034479908645153046, -0.007368212565779686
v,0.0016781617887318134, -0.035155922174453735, -0.0005543167935684323
v,0.0016781616723164916, -0.035580892115831375, 0.0005031200125813484
v,-0.0014130185591056943, -0.035552870482206345, 0.0004432590794749558
v,0.0016781613230705261, -0.03861580044031143, -0.002588720293715596
v,0.0016781615559011698, -0.03795989602804184, -0.005052527412772179
v,-0.0014130186755210161, -0.03797336295247078, -0.004994641989469528
v,0.001678162021562457, -0.034350112080574036, -0.003452751087024808
v,0.001678162021562457, -0.03467955067753792, -0.002060338156297803
v,-0.0014130182098597288, -0.034652385860681534, -0.0021585291251540184
v,0.0016781622543931007, -0.03415070101618767, -0.005701547954231501
v,0.001678162137977779, -0.03417137265205383, -0.004739079158753157
v,-0.001413018093444407, -0.03416464105248451, -0.004825252573937178
v,0.0016781617887318134, -0.03458777070045471, 0.0012000052956864238
v,0.001678162021562457, -0.033754851669073105, 0.0005924869328737259
v,-0.0014130182098597288, -0.03369341045618057, 0.0005430442397482693
v,0.0016781610902398825, -0.0408354252576828, -0.005974260158836842
v,0.0016781612066552043, -0.04046497493982315, -0.0061478279531002045
v,-0.0014130190247669816, -0.04048030823469162, -0.0061439997516572475
v,0.0016781612066552043, -0.04031059518456459, -0.006135581526905298
v,0.0016781612066552043, -0.04021838307380676, -0.006046774331480265
v,-0.0014130190247669816, -0.04022346809506416, -0.006055694539099932
v,0.0016781613230705261, -0.03836648911237717, -0.001668396987952292
v,0.001678161439485848, -0.03796752542257309, -0.00249867863021791
v,-0.001413018791936338, -0.03799714893102646, -0.0024423522409051657
v,0.0016781615559011698, -0.037491392344236374, -0.003316872287541628
v,0.0016781616723164916, -0.036927495151758194, -0.004138386808335781
v,-0.0014130185591056943, -0.03697014972567558, -0.0040803649462759495
v,0.0016781602753326297, -0.04278984293341637, 0.007055115886032581
v,0.0016781601589173079, -0.04302127659320831, 0.007949103601276875
v,-0.001413020072504878, -0.04302109032869339, 0.007949224673211575
v,0.0016781609738245606, -0.03946225717663765, 0.002429821528494358
v,-0.0014130192575976253, -0.03946245089173317, 0.0024369664024561644
v,-0.001413019490428269, -0.03996057063341141, 0.0056423889473080635
v,0.0016781626036390662, -0.03161705657839775, -0.006035025231540203
v,0.0016781626036390662, -0.031694862991571426, -0.006692743860185146
v,-0.0014130176277831197, -0.03168664500117302, -0.006651434116065502
v,0.0016781601589173079, -0.042735565453767776, 0.008150164969265461
v,-0.001413020072504878, -0.042735565453767776, 0.008150164969265461
v,-0.001413020072504878, -0.04302109032869339, 0.007949224673211575
v,0.0016781626036390662, -0.032165735960006714, -0.007636945694684982
v,0.0016781626036390662, -0.03242640197277069, -0.007827386260032654
v,-0.0014130176277831197, -0.032406385987997055, -0.007816360332071781
v,0.0016781610902398825, -0.03886796906590462, 0.0013275790261104703
v,0.0016781610902398825, -0.039186831563711166, 0.0011586345499381423
v,-0.0014130191411823034, -0.039186831563711166, 0.0011586344335228205
v,0.0016781616723164916, -0.035293012857437134, 0.0016652732156217098
v,0.0016781617887318134, -0.03458777070045471, 0.0012000052956864238
v,-0.0014130184426903725, -0.0346575528383255, 0.001248087384738028
v,0.0016781626036390662, -0.03242640197277069, -0.007827386260032654
v,0.0016781624872237444, -0.032722774893045425, -0.007935168221592903
v,-0.0014130177441984415, -0.03269738331437111, -0.007929922081530094
v,0.0016781616723164916, -0.0382985882461071, -0.007931296713650227
v,-0.0014130185591056943, -0.03837047517299652, -0.007951745763421059
v,-0.0014130185591056943, -0.038029078394174576, -0.007809886243194342
v,0.0016781610902398825, -0.039186831563711166, 0.0011586345499381423
v,0.0016781612066552043, -0.0388137511909008, -0.00048440511454828084
v,-0.0014130190247669816, -0.038828130811452866, -0.0004351752868387848
v,0.0016781615559011698, -0.035925235599279404, 0.002043949207291007
v,-0.0014130186755210161, -0.035806942731142044, 0.001982019981369376
v,-0.001413018791936338, -0.03670542314648628, 0.0024203085340559483
v,0.0016781612066552043, -0.0388137511909008, -0.00048440511454828084
v,0.0016781613230705261, -0.03836648911237717, -0.001668396987952292
v,-0.0014130189083516598, -0.03839137777686119, -0.0016109241405501962
v,0.001678161439485848, -0.03796752542257309, -0.00249867863021791
v,0.0016781615559011698, -0.037491392344236374, -0.003316872287541628
v,-0.0014130186755210161, -0.03752809017896652, -0.0032586418092250824
v,0.0016781616723164916, -0.036927495151758194, -0.004138386808335781
v,0.0016781619051471353, -0.03607812523841858, -0.005188825074583292
v,-0.0014130183262750506, -0.03611309453845024, -0.005151095800101757
v,0.0016781626036390662, -0.03161705657839775, -0.006035025231540203
v,-0.0014130176277831197, -0.03161470219492912, -0.005982816684991121
v,-0.0014130176277831197, -0.031628284603357315, -0.005163694731891155
v,0.001678162021562457, -0.035418443381786346, -0.005777206737548113
v,-0.0014130182098597288, -0.03531229868531227, -0.005859502591192722
v,-0.0014130183262750506, -0.03611309453845024, -0.005151095800101757
v,0.0016781610902398825, -0.03886796906590462, 0.0013275790261104703
v,-0.0014130191411823034, -0.03882822021842003, 0.001344985910691321
v,-0.0014130190247669816, -0.03824036195874214, 0.0015352057525888085
v,0.0016781626036390662, -0.031694862991571426, -0.006692743860185146
v,0.0016781626036390662, -0.03187881410121918, -0.007255378179252148
v,-0.0014130176277831197, -0.03186403587460518, -0.0072258529253304005
v,0.0016781613230705261, -0.04023858159780502, -0.007230212911963463
v,0.0016781608574092388, -0.04220590367913246, -0.005790523253381252
v,-0.001413019374012947, -0.04220589995384216, -0.005790523253381252
v,0.0016781616723164916, -0.037643659859895706, -0.007111887913197279
v,0.0016781616723164916, -0.037793610244989395, -0.007550740148872137
v,-0.0014130185591056943, -0.03778385370969772, -0.007534248288720846
v,0.0016781624872237444, -0.032722774893045425, -0.007935168221592903
v,0.0016781624872237444, -0.03304485231637955, -0.007949725724756718
v,-0.0014130177441984415, -0.033017050474882126, -0.007951358333230019
v,0.0016781624872237444, -0.03304485231637955, -0.007949725724756718
v,0.0016781623708084226, -0.03345178812742233, -0.007875720970332623
v,-0.0014130178606137633, -0.033408019691705704, -0.007888291031122208
v,0.0016781608574092388, -0.03908685967326164, 0.007226693909615278
v,0.0016781609738245606, -0.038285985589027405, 0.007172648794949055
v,-0.0014130192575976253, -0.0382859967648983, 0.007170887663960457
v,0.0016781601589173079, -0.042735565453767776, 0.008150164969265461
v,0.0016781603917479515, -0.041641876101493835, 0.0077706798911094666
v,-0.0014130198396742344, -0.04175414890050888, 0.007805707398802042
v,0.0016781612066552043, -0.04028461128473282, -0.004718682263046503
v,0.0016781603917479515, -0.0424276664853096, 0.005507826339453459
v,-0.0014130198396742344, -0.04240306466817856, 0.005397109314799309
v,0.0016781606245785952, -0.040118325501680374, 0.007380531169474125
v,0.0016781608574092388, -0.03908685967326164, 0.007226693909615278
v,-0.001413019374012947, -0.039147503674030304, 0.007233336102217436
v,0.0016781613230705261, -0.03720725327730179, 0.002571119461208582
v,0.001678161439485848, -0.036667849868535995, 0.002405627863481641
v,-0.001413018791936338, -0.03670542314648628, 0.0024203085340559483
v,0.0016781603917479515, -0.0424276664853096, 0.005507826339453459
v,0.0016781602753326297, -0.04278984293341637, 0.007055115886032581
v,-0.0014130199560895562, -0.042771004140377045, 0.006978651043027639
v,0.0016781616723164916, -0.035580892115831375, 0.0005031200125813484
v,0.0016781616723164916, -0.035858575254678726, 0.0010002112248912454
v,-0.0014130185591056943, -0.03584236651659012, 0.0009755051578395069
v,0.001678162021562457, -0.03467955067753792, -0.002060338156297803
v,0.0016781617887318134, -0.035155922174453735, -0.0005543167935684323
v,-0.0014130184426903725, -0.0351249985396862, -0.0006424385355785489
v,0.001678162137977779, -0.03417137265205383, -0.004739079158753157
v,0.001678162021562457, -0.034350112080574036, -0.003452751087024808
v,-0.001413018093444407, -0.03433240205049515, -0.003547664964571595
v,0.0016781612066552043, -0.04016340151429176, -0.005789539776742458
v,0.0016781612066552043, -0.04028461128473282, -0.004718682263046503
v,-0.0014130190247669816, -0.04027663543820381, -0.0047643245197832584
v,0.0016781608574092388, -0.04201618209481239, -0.005168533883988857
v,0.0016781610902398825, -0.0408354252576828, -0.005974260158836842
v,-0.0014130191411823034, -0.04086918756365776, -0.005954364780336618
v,0.0016781612066552043, -0.04021838307380676, -0.006046774331480265
v,0.0016781612066552043, -0.04016340151429176, -0.005789539776742458
v,-0.0014130190247669816, -0.040163807570934296, -0.005811474751681089
v,0.0016781615559011698, -0.03795989602804184, -0.005052527412772179
v,0.0016781616723164916, -0.03765730932354927, -0.0065391780808568
v,-0.0014130185591056943, -0.03765936940908432, -0.006521092727780342
v,0.0016781608574092388, -0.04201618209481239, -0.005168533883988857
v,-0.001413019374012947, -0.042017266154289246, -0.0051655275747179985
v,-0.001413019374012947, -0.04220589995384216, -0.005790523253381252
v,0.0016781612066552043, -0.04046497493982315, -0.0061478279531002045
v,0.0016781612066552043, -0.04031059518456459, -0.006135581526905298
v,-0.0014130190247669816, -0.040319185703992844, -0.006139164790511131
v,0.0016781626036390662, -0.03187881410121918, -0.007255378179252148
v,0.0016781626036390662, -0.032165735960006714, -0.007636945694684982
v,-0.0014130176277831197, -0.032145969569683075, -0.007617325987666845
v,0.0016781623708084226, -0.03345178812742233, -0.007875720970332623
v,0.0016781623708084226, -0.03391999378800392, -0.007685741875320673
v,-0.0014130178606137633, -0.03388558700680733, -0.007702312432229519
v,0.0016781622543931007, -0.03454146161675453, -0.00732725765556097
v,0.001678162021562457, -0.03544417768716812, -0.006628566887229681
v,-0.0014130182098597288, -0.035367611795663834, -0.006693321745842695
v,0.001678162021562457, -0.03544417768716812, -0.006628566887229681
v,0.0016781617887318134, -0.036475252360105515, -0.005644022952765226
v,-0.0014130183262750506, -0.036107100546360016, -0.006015054415911436
v,0.0016781616723164916, -0.037793610244989395, -0.007550740148872137
v,0.0016781616723164916, -0.03804348036646843, -0.007820205762982368
v,-0.0014130185591056943, -0.038029078394174576, -0.007809886243194342
n,-33.59428024291992, 5.473203145811567e-06, -1.4684526377095608e-06
n,-33.59428024291992, 5.473203145811567e-06, -1.4684526377095608e-06
n,-33.59428024291992, 5.473203145811567e-06, -1.4684526377095608e-06
n,-33.59428024291992, 5.473203145811567e-06, -1.4684526377095608e-06
n,-33.59428024291992, 5.473203145811567e-06, -1.4684526377095608e-06
n,-33.59428024291992, 5.473203145811567e-06, -1.4684526377095608e-06
n,-33.59428024291992, 5.473203145811567e-06, -1.4684526377095608e-06
n,-33.59428024291992, 5.473203145811567e-06, -1.4684526377095608e-06
n,-33.59428024291992, 5.473203145811567e-06, -1.4684526377095608e-06
n,-33.59428024291992, 5.473203145811567e-06, -1.4684526377095608e-06
n,-33.59428024291992, 5.473203145811567e-06, -1.4684526377095608e-06
n,-33.59428024291992, 5.473203145811567e-06, -1.4684526377095608e-06
n,-33.59428024291992, 5.473203145811567e-06, -1.4684526377095608e-06
n,-33.59428024291992, 5.473203145811567e-06, -1.4684526377095608e-06
n,-33.59428024291992, 5.473203145811567e-06, -1.4684526377095608e-06
n,-33.59428024291992, 5.473203145811567e-06, -1.4684526377095608e-06
n,-33.59428024291992, 5.473203145811567e-06, -1.4684526377095608e-06
n,-33.59428024291992, 5.473203145811567e-06, -1.4684526377095608e-06
n,-33.59428024291992, 5.473203145811567e-06, -1.4684526377095608e-06
n,-33.59428024291992, 5.473203145811567e-06, -1.4684526377095608e-06
n,-33.59428024291992, 5.473203145811567e-06, -1.4684526377095608e-06
n,-33.59428024291992, 5.473203145811567e-06, -1.4684526377095608e-06
n,-33.59428024291992, 5.473203145811567e-06, -1.4684526377095608e-06
n,-33.59428024291992, 5.473203145811567e-06, -1.4684526377095608e-06
n,-33.59428024291992, 5.473203145811567e-06, -1.4684526377095608e-06
n,-33.59428024291992, 5.473203145811567e-06, -1.4684526377095608e-06
n,-33.59428024291992, 5.473203145811567e-06, -1.4684526377095608e-06
n,-33.59428024291992, 5.473203145811567e-06, -1.4684526377095608e-06
n,-33.59428024291992, 5.473203145811567e-06, -1.4684526377095608e-06
n,-33.59428024291992, 5.473203145811567e-06, -1.4684526377095608e-06
n,-33.59428024291992, 5.473203145811567e-06, -1.4684526377095608e-06
n,-33.59428024291992, 5.473203145811567e-06, -1.4684526377095608e-06
n,-33.59428024291992, 5.473203145811567e-06, -1.4684526377095608e-06
n,-33.59428024291992, 5.473203145811567e-06, -1.4684526377095608e-06
n,-33.59428024291992, 5.473203145811567e-06, -1.4684526377095608e-06
n,-33.59428024291992, 5.473203145811567e-06, -1.4684526377095608e-06
n,-33.59428024291992, 5.473203145811567e-06, -1.4684526377095608e-06
n,-33.59428024291992, 5.473203145811567e-06, -1.4684526377095608e-06
n,-33.59428024291992, 5.473203145811567e-06, -1.4684526377095608e-06
n,-33.59428024291992, 5.473203145811567e-06, -1.4684526377095608e-06
n,-33.59428024291992, 5.473203145811567e-06, -1.4684526377095608e-06
n,-33.59428024291992, 5.473203145811567e-06, -1.4684526377095608e-06
n,-33.59428024291992, 5.473203145811567e-06, -1.4684526377095608e-06
n,-33.59428024291992, 5.473203145811567e-06, -1.4684526377095608e-06
n,-33.59428024291992, 5.473203145811567e-06, -1.4684526377095608e-06
n,-33.59428024291992, 5.473203145811567e-06, -1.4684526377095608e-06
n,-33.59428024291992, 5.473203145811567e-06, -1.4684526377095608e-06
n,-33.59428024291992, 5.473203145811567e-06, -1.4684526377095608e-06
n,-33.59428024291992, 5.473203145811567e-06, -1.4684526377095608e-06
n,-33.59428024291992, 5.473203145811567e-06, -1.4684526377095608e-06
n,-33.59428024291992, 5.473203145811567e-06, -1.4684526377095608e-06
n,-33.59428024291992, 5.473203145811567e-06, -1.4684526377095608e-06
n,-33.59428024291992, 5.473203145811567e-06, -1.4684526377095608e-06
n,-33.59428024291992, 5.473203145811567e-06, -1.4684526377095608e-06
n,-33.59428024291992, 5.473203145811567e-06, -1.4684526377095608e-06
n,-33.59428024291992, 5.473203145811567e-06, -1.4684526377095608e-06
n,-33.59428024291992, 5.473203145811567e-06, -1.4684526377095608e-06
n,-33.59428024291992, 5.473203145811567e-06, -1.4684526377095608e-06
n,-33.59428024291992, 5.473203145811567e-06, -1.4684526377095608e-06
n,-33.59428024291992, 5.473203145811567e-06, -1.4684526377095608e-06
n,-33.59428024291992, 5.473203145811567e-06, -1.4684526377095608e-06
n,0.05689176917076111, 8.567583084106445, 32.483367919921875
n,-33.59428024291992, 5.473203145811567e-06, -1.4684526377095608e-06
n,-33.59428024291992, 5.473203145811567e-06, -1.4684526377095608e-06
n,-33.59428024291992, 5.473203145811567e-06, -1.4684526377095608e-06
n,-33.59428024291992, 5.473203145811567e-06, -1.4684526377095608e-06
n,-33.59428024291992, 5.473203145811567e-06, -1.4684526377095608e-06
n,-33.59428024291992, 5.473203145811567e-06, -1.4684526377095608e-06
n,-33.59428024291992, 5.473203145811567e-06, -1.4684526377095608e-06
n,-33.59428024291992, 5.473203145811567e-06, -1.4684526377095608e-06
n,-33.59428024291992, 5.473203145811567e-06, -1.4684526377095608e-06
n,-33.59428024291992, 5.473203145811567e-06, -1.4684526377095608e-06
n,-33.59428024291992, 5.473203145811567e-06, -1.4684526377095608e-06
n,-33.59428024291992, 5.473203145811567e-06, -1.4684526377095608e-06
n,-33.59428024291992, 5.473203145811567e-06, -1.4684526377095608e-06
n,-33.59428024291992, 5.473203145811567e-06, -1.4684526377095608e-06
n,-33.59428024291992, 5.473203145811567e-06, -1.4684526377095608e-06
n,-33.59428024291992, 5.473203145811567e-06, -1.4684526377095608e-06
n,-33.59428024291992, 5.473203145811567e-06, -1.4684526377095608e-06
n,-33.59428024291992, 5.473203145811567e-06, -1.4684526377095608e-06
n,-33.59428024291992, 5.473203145811567e-06, -1.4684526377095608e-06
n,-33.59428024291992, 5.473203145811567e-06, -1.4684526377095608e-06
n,-33.59428024291992, 5.473203145811567e-06, -1.4684526377095608e-06
n,-33.59428024291992, 5.473203145811567e-06, -1.4684526377095608e-06
n,-33.59428024291992, 5.473203145811567e-06, -1.4684526377095608e-06
n,-33.59428024291992, 5.473203145811567e-06, -1.4684526377095608e-06
n,-33.59428024291992, 5.473203145811567e-06, -1.4684526377095608e-06
n,33.59428024291992, -5.473203145811567e-06, 1.4684526377095608e-06
n,33.59428024291992, -5.473203145811567e-06, 1.4684526377095608e-06
n,33.59428024291992, -5.473203145811567e-06, 1.4684526377095608e-06
n,33.59428024291992, -5.473203145811567e-06, 1.4684526377095608e-06
n,33.59428024291992, -5.473203145811567e-06, 1.4684526377095608e-06
n,33.59428024291992, -5.473203145811567e-06, 1.4684526377095608e-06
n,33.59428024291992, -5.473203145811567e-06, 1.4684526377095608e-06
n,33.59428024291992, -5.473203145811567e-06, 1.4684526377095608e-06
n,33.59428024291992, -5.473203145811567e-06, 1.4684526377095608e-06
n,33.59428024291992, -5.473203145811567e-06, 1.4684526377095608e-06
n,33.59428024291992, -5.473203145811567e-06, 1.4684526377095608e-06
n,33.59428024291992, -5.473203145811567e-06, 1.4684526377095608e-06
n,33.59428024291992, -5.473203145811567e-06, 1.4684526377095608e-06
n,33.59428024291992, -5.473203145811567e-06, 1.4684526377095608e-06
n,33.59428024291992, -5.473203145811567e-06, 1.4684526377095608e-06
n,33.59428024291992, -5.473203145811567e-06, 1.4684526377095608e-06
n,33.59428024291992, -5.473203145811567e-06, 1.4684526377095608e-06
n,33.59428024291992, -5.473203145811567e-06, 1.4684526377095608e-06
n,33.59428024291992, -5.473203145811567e-06, 1.4684526377095608e-06
n,33.59428024291992, -5.473203145811567e-06, 1.4684526377095608e-06
n,33.59428024291992, -5.473203145811567e-06, 1.4684526377095608e-06
n,33.59428024291992, -5.473203145811567e-06, 1.4684526377095608e-06
n,33.59428024291992, -5.473203145811567e-06, 1.4684526377095608e-06
n,33.59428024291992, -5.473203145811567e-06, 1.4684526377095608e-06
n,33.59428024291992, -5.473203145811567e-06, 1.4684526377095608e-06
n,33.59428024291992, -5.473203145811567e-06, 1.4684526377095608e-06
n,33.59428024291992, -5.473203145811567e-06, 1.4684526377095608e-06
n,33.59428024291992, -5.473203145811567e-06, 1.4684526377095608e-06
n,33.59428024291992, -5.473203145811567e-06, 1.4684526377095608e-06
n,33.59428024291992, -5.473203145811567e-06, 1.4684526377095608e-06
n,33.59428024291992, -5.473203145811567e-06, 1.4684526377095608e-06
n,33.59428024291992, -5.473203145811567e-06, 1.4684526377095608e-06
n,33.59428024291992, -5.473203145811567e-06, 1.4684526377095608e-06
n,33.59428024291992, -5.473203145811567e-06, 1.4684526377095608e-06
n,33.59428024291992, -5.473203145811567e-06, 1.4684526377095608e-06
n,33.59428024291992, -5.473203145811567e-06, 1.4684526377095608e-06
n,33.59428024291992, -5.473203145811567e-06, 1.4684526377095608e-06
n,33.59428024291992, -5.473203145811567e-06, 1.4684526377095608e-06
n,33.59428024291992, -5.473203145811567e-06, 1.4684526377095608e-06
n,33.59428024291992, -5.473203145811567e-06, 1.4684526377095608e-06
n,33.59428024291992, -5.473203145811567e-06, 1.4684526377095608e-06
n,33.59428024291992, -5.473203145811567e-06, 1.4684526377095608e-06
n,33.59428024291992, -5.473203145811567e-06, 1.4684526377095608e-06
n,33.59428024291992, -5.473203145811567e-06, 1.4684526377095608e-06
n,33.59428024291992, -5.473203145811567e-06, 1.4684526377095608e-06
n,33.59428024291992, -5.473203145811567e-06, 1.4684526377095608e-06
n,33.59428024291992, -5.473203145811567e-06, 1.4684526377095608e-06
n,33.59428024291992, -5.473203145811567e-06, 1.4684526377095608e-06
n,33.59428024291992, -5.473203145811567e-06, 1.4684526377095608e-06
n,33.59428024291992, -5.473203145811567e-06, 1.4684526377095608e-06
n,33.59428024291992, -5.473203145811567e-06, 1.4684526377095608e-06
n,33.59428024291992, -5.473203145811567e-06, 1.4684526377095608e-06
n,33.59428024291992, -5.473203145811567e-06, 1.4684526377095608e-06
n,33.59428024291992, -5.473203145811567e-06, 1.4684526377095608e-06
n,33.59428024291992, -5.473203145811567e-06, 1.4684526377095608e-06
n,33.59428024291992, -5.473203145811567e-06, 1.4684526377095608e-06
n,33.59428024291992, -5.473203145811567e-06, 1.4684526377095608e-06
n,33.59428024291992, -5.473203145811567e-06, 1.4684526377095608e-06
n,33.59428024291992, -5.473203145811567e-06, 1.4684526377095608e-06
n,33.59428024291992, -5.473203145811567e-06, 1.4684526377095608e-06
n,33.59428024291992, -5.473203145811567e-06, 1.4684526377095608e-06
n,33.59428024291992, -5.473203145811567e-06, 1.4684526377095608e-06
n,33.59428024291992, -5.473203145811567e-06, 1.4684526377095608e-06
n,33.59428024291992, -5.473203145811567e-06, 1.4684526377095608e-06
n,33.59428024291992, -5.473203145811567e-06, 1.4684526377095608e-06
n,33.59428024291992, -5.473203145811567e-06, 1.4684526377095608e-06
n,33.59428024291992, -5.473203145811567e-06, 1.4684526377095608e-06
n,33.59428024291992, -5.473203145811567e-06, 1.4684526377095608e-06
n,33.59428024291992, -5.473203145811567e-06, 1.4684526377095608e-06
n,33.59428024291992, -5.473203145811567e-06, 1.4684526377095608e-06
n,33.59428024291992, -5.473203145811567e-06, 1.4684526377095608e-06
n,33.59428024291992, -5.473203145811567e-06, 1.4684526377095608e-06
n,33.59428024291992, -5.473203145811567e-06, 1.4684526377095608e-06
n,33.59428024291992, -5.473203145811567e-06, 1.4684526377095608e-06
n,33.59428024291992, -5.473203145811567e-06, 1.4684526377095608e-06
n,33.59428024291992, -5.473203145811567e-06, 1.4684526377095608e-06
n,33.59428024291992, -5.473203145811567e-06, 1.4684526377095608e-06
n,33.59428024291992, -5.473203145811567e-06, 1.4684526377095608e-06
n,33.59428024291992, -5.473203145811567e-06, 1.4684526377095608e-06
n,33.59428024291992, -5.473203145811567e-06, 1.4684526377095608e-06
n,33.59428024291992, -5.473203145811567e-06, 1.4684526377095608e-06
n,33.59428024291992, -5.473203145811567e-06, 1.4684526377095608e-06
n,33.59428024291992, -5.473203145811567e-06, 1.4684526377095608e-06
n,33.59428024291992, -5.473203145811567e-06, 1.4684526377095608e-06
n,33.59428024291992, -5.473203145811567e-06, 1.4684526377095608e-06
n,0.03710886090993881, 31.604597091674805, -11.389638900756836
n,-0.10063479840755463, 28.576868057250977, 17.66148567199707
n,0.2005302906036377, 3.600586414337158, 33.400169372558594
n,0.09318401664495468, -0.6857733726501465, -33.58715057373047
n,0.1132441982626915, -15.50963306427002, -29.799564361572266
n,-0.12792369723320007, 30.44995880126953, 14.190116882324219
n,-0.0880313366651535, 32.396484375, 8.890190124511719
n,-0.3028849959373474, -27.272489547729492, -19.613649368286133
n,-0.16505342721939087, 33.37253952026367, 3.8499162197113037
n,0.12343498319387436, 3.5111331939697266, -33.41006088256836
n,0.06766676902770996, 23.302682876586914, -24.198266983032227
n,0.14542071521282196, 4.551805019378662, -33.2841682434082
n,0.08250842243432999, -6.614731788635254, -32.93651580810547
n,-0.12660041451454163, -10.595521926879883, -31.879375457763672
n,-0.16773025691509247, -2.2194983959198, -33.52046203613281
n,-0.09443963319063187, 31.622570037841797, 11.33930778503418
n,-0.13588491082191467, -29.219207763671875, -16.576946258544922
n,-0.08824680000543594, 32.94295120239258, 6.582547187805176
n,0.013122055679559708, -0.41074517369270325, -33.591766357421875
n,-0.2154022455215454, -24.726699829101562, -22.74026107788086
n,0.17905856668949127, 15.675653457641602, 29.712247848510742
n,0.2788960039615631, -18.822998046875, 27.824316024780273
n,0.03903030976653099, -32.05195999145508, 10.062101364135742
n,-0.20593072474002838, -0.09195595234632492, 33.59352493286133
n,-0.2230600267648697, -6.730366230010986, 32.91242980957031
n,-0.06497446447610855, 25.282917022705078, 22.121156692504883
n,-0.14671912789344788, -16.18646812438965, -29.437259674072266
n,0.12520571053028107, 12.601590156555176, -31.140968322753906
n,0.1645498424768448, 33.44466018676758, 3.162808895111084
n,-0.0038876847829669714, 32.94185256958008, 6.588622570037842
n,0.03032056801021099, -26.221940994262695, -20.999631881713867
n,-0.08476974815130234, -7.924342632293701, -32.646183013916016
n,0.09689129143953323, 4.402247905731201, 33.30445098876953
n,0.2500574588775635, -3.264683246612549, 33.4343376159668
n,-0.01643097586929798, 33.578857421875, 1.0177785158157349
n,0.07587192207574844, -8.106035232543945, 32.601566314697266
n,-0.02625102363526821, -16.462251663208008, -29.284282684326172
n,0.07398740947246552, -17.125259399414062, -28.9014835357666
n,0.1253921389579773, 24.663869857788086, 22.809064865112305
n,0.03846363723278046, -31.25469970703125, -12.317387580871582
n,-0.04009000211954117, 32.444175720214844, 8.714900016784668
n,0.18527328968048096, 29.31838035583496, 16.40041732788086
n,0.16361582279205322, -12.834532737731934, -31.045509338378906
n,0.09173088520765305, 31.902490615844727, 10.526070594787598
n,0.04399088770151138, -32.736968994140625, -7.540863513946533
n,-0.005125927738845348, -33.58974075317383, -0.5523895621299744
n,0.16741742193698883, 33.15671157836914, 5.401865005493164
n,-0.025859901681542397, 19.829936981201172, 27.117313385009766
n,0.033518336713314056, 14.724696159362793, 30.195329666137695
n,0.09290842711925507, -32.20238494873047, 9.569402694702148
n,0.03201171010732651, -22.079267501831055, 25.319568634033203
n,0.023203134536743164, 30.35487937927246, 14.392934799194336
n,0.02555621974170208, 27.79311752319336, 18.87108039855957
n,0.009098192676901817, -32.53168869018555, -8.382413864135742
n,-0.06988503783941269, 33.207332611083984, 5.0836873054504395
n,-0.05227535590529442, -0.20280390977859497, -33.5936279296875
n,-0.1510593742132187, 17.7260799407959, 28.53662109375
n,-0.15550725162029266, 20.11947250366211, -26.90275764465332
n,-0.18209850788116455, 32.53169250488281, -8.380413055419922
n,-0.18773536384105682, -25.256454467773438, 22.15066146850586
n,-0.03528169170022011, 33.40147399902344, -3.593883752822876
n,-0.16460727155208588, 9.824411392211914, 32.12521743774414
n,-8.103949221549556e-05, -19.333669662475586, 27.473350524902344
n,-0.03897237777709961, 20.399845123291016, -26.691204071044922
n,0.03132961690425873, 15.4906005859375, -29.809663772583008
n,-0.10458971560001373, 18.079744338989258, 28.314088821411133
n,-0.1455145925283432, 5.99100923538208, -33.055442810058594
n,-0.03255515545606613, 12.213157653808594, -31.29557991027832
n,-0.040335241705179214, 13.412667274475098, -30.800556182861328
n,5.017222520109499e-06, 32.77450180053711, 7.376150608062744
n,-0.03534221276640892, 14.709696769714355, 30.202634811401367
n,0.039793554693460464, 31.491682052612305, 11.698211669921875
n,0.0258303415030241, 29.127777099609375, 16.737613677978516
n,0.03211497887969017, 26.22706413269043, 20.99323081970215
n,0.0823284387588501, 33.58635711669922, 0.7248619198799133
n,0.05305526778101921, 22.361127853393555, 25.070953369140625
n,-0.05835850164294243, 10.291877746582031, -31.97888946533203
n,0.3087324798107147, -26.143306732177734, -21.0952091217041
n,-0.0471169538795948, 32.09849548339844, -9.912617683410645
n,-0.08478739857673645, -19.752513885498047, -27.17363739013672
n,-0.04111449047923088, 31.972496032714844, -10.311808586120605
n,-0.038422953337430954, 2.2477359771728516, -33.518978118896484
n,0.12063854187726974, -6.852983474731445, -32.88765335083008
n,-0.030605029314756393, -5.3499345779418945, -33.1655387878418
n,0.16729526221752167, 2.339186668395996, -33.51232147216797
n,0.02435041405260563, 2.4287893772125244, 33.5063591003418
n,4.2700276026153006e-07, 11.125594139099121, 31.698528289794922
n,0.016762664541602135, -32.88201141357422, -6.881035327911377
n,0.051800064742565155, 5.197139263153076, 33.18980026245117
n,-0.027950437739491463, 9.510599136352539, 32.21992492675781
n,0.012210397981107235, -32.720458984375, -7.612303733825684
n,0.04331057146191597, -29.51132583618164, -16.051652908325195
n,0.03571980819106102, -32.072052001953125, -9.997891426086426
n,0.09886711090803146, 30.90760612487793, 13.163808822631836
n,0.04939528554677963, -33.308311462402344, -4.37371826171875
n,-0.06456394493579865, -1.8310075998306274, -33.54428482055664
n,-0.0644778460264206, -16.834287643432617, -29.071950912475586
n,0.08580853044986725, 32.58387756347656, 8.176739692687988
n,0.029927097260951996, -33.400936126708984, -3.5989253520965576
n,0.020273646339774132, 19.02448081970215, 27.68834686279297
n,0.03067450411617756, -32.634613037109375, 7.9722418785095215
n,-0.016607539728283882, 32.905330657958984, 6.768648624420166
n,-5.663510819431394e-06, -32.132755279541016, 9.801109313964844
n,0.046584583818912506, -1.0076119899749756, 33.57913589477539
n,-0.05719796568155289, 27.260419845581055, -19.632675170898438
n,-0.04531434550881386, -12.190804481506348, -31.304277420043945
n,-0.05054539814591408, -20.331825256347656, -26.7430362701416
n,-0.2244884967803955, -7.348641872406006, 32.77991485595703
n,-0.04383351653814316, -22.70777702331543, -24.757436752319336
n,0.08320552110671997, 17.261995315551758, 28.819997787475586
n,-0.14660808444023132, 2.878647565841675, -33.470394134521484
n,0.3154886066913605, -28.624832153320312, -17.58110237121582
n,-0.03992536664009094, 25.099035263061523, -22.329631805419922
n,-0.057724472135305405, 8.333858489990234, 32.54410934448242
n,0.001652720384299755, 32.93661117553711, 6.6147847175598145
n,-0.006159503012895584, -26.0458984375, -21.21760368347168
n,0.029441289603710175, 4.770495891571045, 33.25382995605469
n,0.022636031731963158, 33.58473587036133, 0.8004345893859863
n,0.0512915775179863, -16.785831451416016, -29.0999813079834
n,-0.0399869903922081, -31.171178817749023, -12.527246475219727
n,0.02040398120880127, 32.463592529296875, 8.64236068725586
n,-0.04161400720477104, -32.69170379638672, -7.7347540855407715
n,-0.0530293807387352, -33.58649444580078, -0.7213199734687805
n,-0.04064585268497467, 19.79666519165039, 27.141590118408203
n,-0.0330347940325737, 14.253124237060547, 30.42076301574707
n,-0.03149734437465668, -23.303606033325195, 24.197450637817383
n,-0.025074157863855362, 30.2799129486084, 14.549978256225586
n,-0.02536511793732643, 27.697113037109375, 19.01170539855957
n,-0.0022819661535322666, -32.52216339111328, -8.419294357299805
n,0.009809332899749279, 33.19585037231445, 5.158588886260986
n,0.03596887364983559, 33.36162567138672, -3.946692943572998
n,-4.350826202426106e-06, -19.334224700927734, 27.472957611083984
n,0.03155471011996269, 19.818063735961914, -27.12598419189453
n,3.860025572066661e-06, 15.728228569030762, -29.684988021850586
n,0.01854410022497177, 18.499835968017578, 28.041601181030273
n,0.04073728248476982, 11.481438636779785, -31.57135581970215
n,-0.09456325322389603, 12.890680313110352, -31.022525787353516
n,-0.033943865448236465, 32.76032257080078, 7.438802719116211
n,-0.04125584661960602, 14.728663444519043, 30.193384170532227
n,-0.0323031060397625, 31.42670249938965, 11.871683120727539
n,-0.02638557180762291, 29.035730361938477, 16.89678192138672
n,-0.037689946591854095, 26.12298011779785, 21.122600555419922
n,0.034965842962265015, 33.58964538574219, 0.5568780303001404
n,0.09443223476409912, 22.25881004333496, 25.161718368530273
n,-0.04699341952800751, 10.342461585998535, -31.962587356567383
n,0.05293705314397812, 31.93097686767578, -10.439611434936523
n,-2.047222551482264e-06, -19.83943748474121, -27.110374450683594
n,0.042367372661828995, 31.789745330810547, -10.862135887145996
n,0.03136657550930977, 1.516893744468689, -33.56000518798828
n,0.049294613301754, -6.010833740234375, -33.052127838134766
n,-0.019104788079857826, 2.2618749141693115, 33.518043518066406
n,-0.040351931005716324, 11.012356758117676, 31.738019943237305
n,-0.014919883571565151, -32.880069732666016, -6.890310287475586
n,-0.02581997588276863, 4.955593109130859, 33.22675323486328
n,0.03276968374848366, 9.853595733642578, 32.11668014526367
n,-0.009946854785084724, -32.71015167236328, -7.656465530395508
n,-0.022865429520606995, -29.32843780517578, -16.383464813232422
n,-0.03160788491368294, -32.03010177612305, -10.13149356842041
n,-0.04866347834467888, -33.27455139160156, -4.623573303222656
n,-0.03033651039004326, -33.381103515625, -3.7784392833709717
n,-0.028216080740094185, 18.935523986816406, 27.74924659729004
n,-0.04550911486148834, -32.85219955444336, 7.0218682289123535
n,0.017254438251256943, 32.91932678222656, 6.700237274169922
n,0.020691068843007088, -32.16131591796875, 9.706960678100586
n,-0.031436823308467865, -2.6565709114074707, 33.48906326293945
n,0.043532323092222214, 26.85017204284668, -20.19014549255371
n,0.02628280036151409, -12.6310396194458, -31.129276275634766
n,0.047210052609443665, -20.562070846557617, -26.56641960144043
n,0.15321460366249084, -23.199932098388672, -24.296403884887695
n,0.03850315138697624, 24.633508682250977, -22.842164993286133
u,0.2060791403055191, 0.7175521850585938, 0
u,0.18424014747142792, 0.7137570381164551, 0
u,0.18940211832523346, 0.7105638682842255, 0
u,0.2060791403055191, 0.7175521850585938, 0
u,0.1875808835029602, 0.7308581173419952, 0
u,0.18424014747142792, 0.7137570381164551, 0
u,0.23225362598896027, 0.7261431515216827, 0
u,0.1875808835029602, 0.7308581173419952, 0
u,0.2060791403055191, 0.7175521850585938, 0
u,0.25072619318962097, 0.7301691472530365, 0
u,0.1875808835029602, 0.7308581173419952, 0
u,0.23225362598896027, 0.7261431515216827, 0
u,0.2656126320362091, 0.73213991522789, 0
u,0.1875808835029602, 0.7308581173419952, 0
u,0.25072619318962097, 0.7301691472530365, 0
u,0.2671610414981842, 0.7432128190994263, 0
u,0.1875808835029602, 0.7308581173419952, 0
u,0.2656126320362091, 0.73213991522789, 0
u,0.2671610414981842, 0.7432128190994263, 0
u,0.2502966821193695, 0.7420051693916321, 0
u,0.1875808835029602, 0.7308581173419952, 0
u,0.2420067936182022, 0.7423821687698364, 0
u,0.1875808835029602, 0.7308581173419952, 0
u,0.2502966821193695, 0.7420051693916321, 0
u,0.2420067936182022, 0.7423821687698364, 0
u,0.1923377811908722, 0.7586833983659744, 0
u,0.1875808835029602, 0.7308581173419952, 0
u,0.23836711049079895, 0.743609607219696, 0
u,0.1923377811908722, 0.7586833983659744, 0
u,0.2420067936182022, 0.7423821687698364, 0
u,0.23612067103385925, 0.7455298900604248, 0
u,0.1923377811908722, 0.7586833983659744, 0
u,0.23836711049079895, 0.743609607219696, 0
u,0.23469455540180206, 0.7488551139831543, 0
u,0.1923377811908722, 0.7586833983659744, 0
u,0.23612067103385925, 0.7455298900604248, 0
u,0.23497791588306427, 0.756941631436348, 0
u,0.1923377811908722, 0.7586833983659744, 0
u,0.23469455540180206, 0.7488551139831543, 0
u,0.24032193422317505, 0.8130821585655212, 0
u,0.1923377811908722, 0.7586833983659744, 0
u,0.23497791588306427, 0.756941631436348, 0
u,0.24032193422317505, 0.8130821585655212, 0
u,0.21877767145633698, 0.9372167140245438, 0
u,0.1923377811908722, 0.7586833983659744, 0
u,0.2789856493473053, 0.8129029124975204, 0
u,0.2587643265724182, 0.8104371130466461, 0
u,0.27005264163017273, 0.8110758513212204, 0
u,0.2789856493473053, 0.8129029124975204, 0
u,0.24032193422317505, 0.8130821585655212, 0
u,0.2587643265724182, 0.8104371130466461, 0
u,0.28815093636512756, 0.8162099868059158, 0
u,0.24032193422317505, 0.8130821585655212, 0
u,0.2789856493473053, 0.8129029124975204, 0
u,0.28815093636512756, 0.8162099868059158, 0
u,0.2502041757106781, 0.8326856791973114, 0
u,0.24032193422317505, 0.8130821585655212, 0
u,0.2502041757106781, 0.8326856791973114, 0
u,0.2437889128923416, 0.8355504274368286, 0
u,0.24032193422317505, 0.8130821585655212, 0
u,0.2437889128923416, 0.8355504274368286, 0
u,0.21877767145633698, 0.9372167140245438, 0
u,0.24032193422317505, 0.8130821585655212, 0
u,0.30329209566116333, 0.8247412592172623, 0
u,0.26060187816619873, 0.8299898356199265, 0
u,0.28815093636512756, 0.8162099868059158, 0
u,0.26060187816619873, 0.8299898356199265, 0
u,0.2502041757106781, 0.8326856791973114, 0
u,0.28815093636512756, 0.8162099868059158, 0
u,0.27173522114753723, 0.8291347771883011, 0
u,0.26060187816619873, 0.8299898356199265, 0
u,0.30329209566116333, 0.8247412592172623, 0
u,0.30329209566116333, 0.8247412592172623, 0
u,0.2827063798904419, 0.8300107717514038, 0
u,0.27173522114753723, 0.8291347771883011, 0
u,0.3224831521511078, 0.8386615514755249, 0
u,0.2827063798904419, 0.8300107717514038, 0
u,0.30329209566116333, 0.8247412592172623, 0
u,0.3224831521511078, 0.8386615514755249, 0
u,0.290765643119812, 0.8321327716112137, 0
u,0.2827063798904419, 0.8300107717514038, 0
u,0.3224831521511078, 0.8386615514755249, 0
u,0.2973029613494873, 0.8360438793897629, 0
u,0.290765643119812, 0.8321327716112137, 0
u,0.3224831521511078, 0.8386615514755249, 0
u,0.30164098739624023, 0.8421720862388611, 0
u,0.2973029613494873, 0.8360438793897629, 0
u,0.24837280809879303, 0.8635790944099426, 0
u,0.21877767145633698, 0.9372167140245438, 0
u,0.2437889128923416, 0.8355504274368286, 0
u,0.3384891450405121, 0.8518897593021393, 0
u,0.30164098739624023, 0.8421720862388611, 0
u,0.3224831521511078, 0.8386615514755249, 0
u,0.3384891450405121, 0.8518897593021393, 0
u,0.3061169683933258, 0.8517068773508072, 0
u,0.30164098739624023, 0.8421720862388611, 0
u,0.34504473209381104, 0.8603446036577225, 0
u,0.3061169683933258, 0.8517068773508072, 0
u,0.3384891450405121, 0.8518897593021393, 0
u,0.34504473209381104, 0.8603446036577225, 0
u,0.3124244511127472, 0.8709888756275177, 0
u,0.3061169683933258, 0.8517068773508072, 0
u,0.35018524527549744, 0.8698827475309372, 0
u,0.3124244511127472, 0.8709888756275177, 0
u,0.34504473209381104, 0.8603446036577225, 0
u,0.356668621301651, 0.8862655907869339, 0
u,0.3124244511127472, 0.8709888756275177, 0
u,0.35018524527549744, 0.8698827475309372, 0
u,0.25474175810813904, 0.8844330161809921, 0
u,0.21877767145633698, 0.9372167140245438, 0
u,0.24837280809879303, 0.8635790944099426, 0
u,0.356668621301651, 0.8862655907869339, 0
u,0.31906527280807495, 0.8977860882878304, 0
u,0.3124244511127472, 0.8709888756275177, 0
u,0.3614293932914734, 0.9025130122900009, 0
u,0.31906527280807495, 0.8977860882878304, 0
u,0.356668621301651, 0.8862655907869339, 0
u,0.260727196931839, 0.8992677181959152, 0
u,0.24955275654792786, 0.9000929892063141, 0
u,0.25474175810813904, 0.8844330161809921, 0
u,0.24955275654792786, 0.9000929892063141, 0
u,0.21877767145633698, 0.9372167140245438, 0
u,0.25474175810813904, 0.8844330161809921, 0
u,0.260727196931839, 0.8992677181959152, 0
u,0.25920385122299194, 0.9197307452559471, 0
u,0.24955275654792786, 0.9000929892063141, 0
u,0.25851207971572876, 0.9435852393507957, 0
u,0.21877767145633698, 0.9372167140245438, 0
u,0.24955275654792786, 0.9000929892063141, 0
u,0.3614293932914734, 0.9025130122900009, 0
u,0.32318803668022156, 0.9222229421138763, 0
u,0.31906527280807495, 0.8977860882878304, 0
u,0.36522164940834045, 0.9204313009977341, 0
u,0.32318803668022156, 0.9222229421138763, 0
u,0.3614293932914734, 0.9025130122900009, 0
u,0.2680269181728363, 0.9139167591929436, 0
u,0.25920385122299194, 0.9197307452559471, 0
u,0.260727196931839, 0.8992677181959152, 0
u,0.2768633961677551, 0.9287516102194786, 0
u,0.25920385122299194, 0.9197307452559471, 0
u,0.2680269181728363, 0.9139167591929436, 0
u,0.36758318543434143, 0.9374402016401291, 0
u,0.32318803668022156, 0.9222229421138763, 0
u,0.36522164940834045, 0.9204313009977341, 0
u,0.36758318543434143, 0.9374402016401291, 0
u,0.32478392124176025, 0.9445672258734703, 0
u,0.32318803668022156, 0.9222229421138763, 0
u,0.2768633961677551, 0.9287516102194786, 0
u,0.27591004967689514, 0.9461295157670975, 0
u,0.25920385122299194, 0.9197307452559471, 0
u,0.29063451290130615, 0.9482157789170742, 0
u,0.27591004967689514, 0.9461295157670975, 0
u,0.2768633961677551, 0.9287516102194786, 0
u,0.3684519827365875, 0.9530521593987942, 0
u,0.32478392124176025, 0.9445672258734703, 0
u,0.36758318543434143, 0.9374402016401291, 0
u,0.25851207971572876, 0.9435852393507957, 0
u,0.2196575552225113, 0.9555053748190403, 0
u,0.21877767145633698, 0.9372167140245438, 0
u,0.3684519827365875, 0.9530521593987942, 0
u,0.3241412937641144, 0.95956676825881, 0
u,0.32478392124176025, 0.9445672258734703, 0
u,0.36784425377845764, 0.9672813750803471, 0
u,0.3241412937641144, 0.95956676825881, 0
u,0.3684519827365875, 0.9530521593987942, 0
u,0.29063451290130615, 0.9482157789170742, 0
u,0.2898489534854889, 0.9632152952253819, 0
u,0.27591004967689514, 0.9461295157670975, 0
u,0.3038022816181183, 0.9613341651856899, 0
u,0.2898489534854889, 0.9632152952253819, 0
u,0.29063451290130615, 0.9482157789170742, 0
u,0.2072691172361374, 0.9572588391602039, 0
u,0.18424014747142792, 0.9530391655862331, 0
u,0.188157320022583, 0.9423870667815208, 0
u,0.2072691172361374, 0.9572588391602039, 0
u,0.21907910704612732, 0.9816651903092861, 0
u,0.18424014747142792, 0.9530391655862331, 0
u,0.36784425377845764, 0.9672813750803471, 0
u,0.32206687331199646, 0.9650207608938217, 0
u,0.3241412937641144, 0.95956676825881, 0
u,0.25851207971572876, 0.9435852393507957, 0
u,0.21837075054645538, 0.9596822001039982, 0
u,0.2196575552225113, 0.9555053748190403, 0
u,0.6145784854888916, 0.13143408298492432, 0
u,0.6683176159858704, 0.1074066162109375, 0
u,0.6683179140090942, 0.13332784175872803, 0
u,0.21382251381874084, 0.9609502106904984, 0
u,0.21907910704612732, 0.9816651903092861, 0
u,0.2072691172361374, 0.9572588391602039, 0
u,0.31270071864128113, 0.9667255245149136, 0
u,0.2898489534854889, 0.9632152952253819, 0
u,0.3038022816181183, 0.9613341651856899, 0
u,0.25851207971572876, 0.9435852393507957, 0
u,0.21662366390228271, 0.9610322043299675, 0
u,0.21837075054645538, 0.9596822001039982, 0
u,0.36784425377845764, 0.9672813750803471, 0
u,0.31775960326194763, 0.9675764702260494, 0
u,0.32206687331199646, 0.9650207608938217, 0
u,0.26238948106765747, 0.9703989215195179, 0
u,0.21662366390228271, 0.9610322043299675, 0
u,0.25851207971572876, 0.9435852393507957, 0
u,0.31270071864128113, 0.9667255245149136, 0
u,0.30198386311531067, 0.9757475089281797, 0
u,0.2898489534854889, 0.9632152952253819, 0
u,0.26238948106765747, 0.9703989215195179, 0
u,0.21382251381874084, 0.9609502106904984, 0
u,0.21662366390228271, 0.9610322043299675, 0
u,0.26238948106765747, 0.9703989215195179, 0
u,0.21907910704612732, 0.9816651903092861, 0
u,0.21382251381874084, 0.9609502106904984, 0
u,0.31775960326194763, 0.9675764702260494, 0
u,0.30198386311531067, 0.9757475089281797, 0
u,0.31270071864128113, 0.9667255245149136, 0
u,0.36784425377845764, 0.9672813750803471, 0
u,0.30198386311531067, 0.9757475089281797, 0
u,0.31775960326194763, 0.9675764702260494, 0
u,0.36590734124183655, 0.9788106437772512, 0
u,0.30198386311531067, 0.9757475089281797, 0
u,0.36784425377845764, 0.9672813750803471, 0
u,0.2621007561683655, 0.9803660400211811, 0
u,0.21907910704612732, 0.9816651903092861, 0
u,0.26238948106765747, 0.9703989215195179, 0
u,0.3622373938560486, 0.9885965902358294, 0
u,0.30198386311531067, 0.9757475089281797, 0
u,0.36590734124183655, 0.9788106437772512, 0
u,0.3622373938560486, 0.9885965902358294, 0
u,0.31669437885284424, 0.9883737275376916, 0
u,0.30198386311531067, 0.9757475089281797, 0
u,0.2591859698295593, 0.9878532839938998, 0
u,0.21907910704612732, 0.9816651903092861, 0
u,0.2621007561683655, 0.9803660400211811, 0
u,0.3569415509700775, 0.9951000143773854, 0
u,0.31669437885284424, 0.9883737275376916, 0
u,0.3622373938560486, 0.9885965902358294, 0
u,0.2591859698295593, 0.9878532839938998, 0
u,0.23215283453464508, 0.9898982215672731, 0
u,0.21907910704612732, 0.9816651903092861, 0
u,0.3569415509700775, 0.9951000143773854, 0
u,0.32666438817977905, 0.9947837153449655, 0
u,0.31669437885284424, 0.9883737275376916, 0
u,0.2546464800834656, 0.9923842716962099, 0
u,0.23215283453464508, 0.9898982215672731, 0
u,0.2591859698295593, 0.9878532839938998, 0
u,0.35221731662750244, 0.9982859543524683, 0
u,0.32666438817977905, 0.9947837153449655, 0
u,0.3569415509700775, 0.9951000143773854, 0
u,0.35221731662750244, 0.9982859543524683, 0
u,0.3347606658935547, 0.998502935282886, 0
u,0.32666438817977905, 0.9947837153449655, 0
u,0.2546464800834656, 0.9923842716962099, 0
u,0.2413892298936844, 0.9935888345353305, 0
u,0.23215283453464508, 0.9898982215672731, 0
u,0.34705036878585815, 0.9999571102307527, 0
u,0.3347606658935547, 0.998502935282886, 0
u,0.35221731662750244, 0.9982859543524683, 0
u,0.24857573211193085, 0.9944946146570146, 0
u,0.2413892298936844, 0.9935888345353305, 0
u,0.2546464800834656, 0.9923842716962099, 0
u,0.34705036878585815, 0.9999571102307527, 0
u,0.34148070216178894, 0.9999999814630929, 0
u,0.3347606658935547, 0.998502935282886, 0
u,0.16048544645309448, 0.7182517051696777, 0
u,0.17907477915287018, 0.7105396389961243, 0
u,0.18424013257026672, 0.7137346565723419, 0
u,0.16048544645309448, 0.7182517051696777, 0
u,0.18424013257026672, 0.7137346565723419, 0
u,0.18114446103572845, 0.7294874787330627, 0
u,0.13444723188877106, 0.7265914976596832, 0
u,0.16048544645309448, 0.7182517051696777, 0
u,0.18114446103572845, 0.7294874787330627, 0
u,0.11670543253421783, 0.7303235232830048, 0
u,0.13444723188877106, 0.7265914976596832, 0
u,0.18114446103572845, 0.7294874787330627, 0
u,0.10286251455545425, 0.7320862412452698, 0
u,0.11670543253421783, 0.7303235232830048, 0
u,0.18114446103572845, 0.7294874787330627, 0
u,0.10132196545600891, 0.7431682348251343, 0
u,0.10286251455545425, 0.7320862412452698, 0
u,0.18114446103572845, 0.7294874787330627, 0
u,0.10132196545600891, 0.7431682348251343, 0
u,0.18114446103572845, 0.7294874787330627, 0
u,0.120719313621521, 0.7418995499610901, 0
u,0.1285286694765091, 0.742841362953186, 0
u,0.120719313621521, 0.7418995499610901, 0
u,0.18114446103572845, 0.7294874787330627, 0
u,0.1285286694765091, 0.742841362953186, 0
u,0.18114446103572845, 0.7294874787330627, 0
u,0.17645274102687836, 0.756712481379509, 0
u,0.1323622465133667, 0.7453686892986298, 0
u,0.1285286694765091, 0.742841362953186, 0
u,0.17645274102687836, 0.756712481379509, 0
u,0.13399037718772888, 0.7504269629716873, 0
u,0.1323622465133667, 0.7453686892986298, 0
u,0.17645274102687836, 0.756712481379509, 0
u,0.12816031277179718, 0.8131828606128693, 0
u,0.13399037718772888, 0.7504269629716873, 0
u,0.17645274102687836, 0.756712481379509, 0
u,0.12816031277179718, 0.8131828606128693, 0
u,0.17645274102687836, 0.756712481379509, 0
u,0.14979377388954163, 0.9363926202058792, 0
u,0.0888809859752655, 0.8130531311035156, 0
u,0.10200081765651703, 0.8105204701423645, 0
u,0.11693691462278366, 0.8110892176628113, 0
u,0.07969053834676743, 0.8164806216955185, 0
u,0.0888809859752655, 0.8130531311035156, 0
u,0.11693691462278366, 0.8110892176628113, 0
u,0.07969053834676743, 0.8164806216955185, 0
u,0.11693691462278366, 0.8110892176628113, 0
u,0.12816031277179718, 0.8131828606128693, 0
u,0.07969053834676743, 0.8164806216955185, 0
u,0.12816031277179718, 0.8131828606128693, 0
u,0.11898215115070343, 0.8329234570264816, 0
u,0.11898215115070343, 0.8329234570264816, 0
u,0.12816031277179718, 0.8131828606128693, 0
u,0.12468972057104111, 0.8355269730091095, 0
u,0.12468972057104111, 0.8355269730091095, 0
u,0.12816031277179718, 0.8131828606128693, 0
u,0.14979377388954163, 0.9363926202058792, 0
u,0.06717552244663239, 0.823522076010704, 0
u,0.07969053834676743, 0.8164806216955185, 0
u,0.10605284571647644, 0.8295932710170746, 0
u,0.10605284571647644, 0.8295932710170746, 0
u,0.07969053834676743, 0.8164806216955185, 0
u,0.11898215115070343, 0.8329234570264816, 0
u,0.05659376457333565, 0.8307448178529739, 0
u,0.06717552244663239, 0.823522076010704, 0
u,0.09313242137432098, 0.8292505443096161, 0
u,0.09313242137432098, 0.8292505443096161, 0
u,0.06717552244663239, 0.823522076010704, 0
u,0.10605284571647644, 0.8295932710170746, 0
u,0.05659376457333565, 0.8307448178529739, 0
u,0.09313242137432098, 0.8292505443096161, 0
u,0.08415867388248444, 0.8302762359380722, 0
u,0.044834014028310776, 0.8395455032587051, 0
u,0.05659376457333565, 0.8307448178529739, 0
u,0.08415867388248444, 0.8302762359380722, 0
u,0.044834014028310776, 0.8395455032587051, 0
u,0.08415867388248444, 0.8302762359380722, 0
u,0.0765034407377243, 0.8326225280761719, 0
u,0.044834014028310776, 0.8395455032587051, 0
u,0.0765034407377243, 0.8326225280761719, 0
u,0.07102876156568527, 0.8362419456243515, 0
u,0.044834014028310776, 0.8395455032587051, 0
u,0.07102876156568527, 0.8362419456243515, 0
u,0.067093625664711, 0.8417039960622787, 0
u,0.11990733444690704, 0.8644248694181442, 0
u,0.12468972057104111, 0.8355269730091095, 0
u,0.14979377388954163, 0.9363926202058792, 0
u,0.03100503422319889, 0.850946307182312, 0
u,0.044834014028310776, 0.8395455032587051, 0
u,0.067093625664711, 0.8417039960622787, 0
u,0.03100503422319889, 0.850946307182312, 0
u,0.067093625664711, 0.8417039960622787, 0
u,0.06278656423091888, 0.8506166040897369, 0
u,0.023134306073188782, 0.8605397790670395, 0
u,0.03100503422319889, 0.850946307182312, 0
u,0.06278656423091888, 0.8506166040897369, 0
u,0.023134306073188782, 0.8605397790670395, 0
u,0.06278656423091888, 0.8506166040897369, 0
u,0.056500598788261414, 0.8694052547216415, 0
u,0.015610561706125736, 0.8760853782296181, 0
u,0.023134306073188782, 0.8605397790670395, 0
u,0.056500598788261414, 0.8694052547216415, 0
u,0.01017574593424797, 0.8912865072488785, 0
u,0.015610561706125736, 0.8760853782296181, 0
u,0.056500598788261414, 0.8694052547216415, 0
u,0.1133648157119751, 0.8854327499866486, 0
u,0.11990733444690704, 0.8644248694181442, 0
u,0.14979377388954163, 0.9363926202058792, 0
u,0.01017574593424797, 0.8912865072488785, 0
u,0.056500598788261414, 0.8694052547216415, 0
u,0.04978455603122711, 0.8960316851735115, 0
u,0.10729621350765228, 0.9002525210380554, 0
u,0.1133648157119751, 0.8854327499866486, 0
u,0.11863928288221359, 0.9011474698781967, 0
u,0.11863928288221359, 0.9011474698781967, 0
u,0.1133648157119751, 0.8854327499866486, 0
u,0.14979377388954163, 0.9363926202058792, 0
u,0.005742319393903017, 0.9079909771680832, 0
u,0.01017574593424797, 0.8912865072488785, 0
u,0.04978455603122711, 0.8960316851735115, 0
u,0.10979395359754562, 0.9445804208517075, 0
u,0.11863928288221359, 0.9011474698781967, 0
u,0.14979377388954163, 0.9363926202058792, 0
u,0.005742319393903017, 0.9079909771680832, 0
u,0.04978455603122711, 0.8960316851735115, 0
u,0.04550139233469963, 0.9205352067947388, 0
u,0.09987595677375793, 0.9149419888854027, 0
u,0.10729621350765228, 0.9002525210380554, 0
u,0.11863928288221359, 0.9011474698781967, 0
u,0.002331487135961652, 0.9260579571127892, 0
u,0.005742319393903017, 0.9079909771680832, 0
u,0.04550139233469963, 0.9205352067947388, 0
u,0.09987595677375793, 0.9149419888854027, 0
u,0.11863928288221359, 0.9011474698781967, 0
u,0.10241113603115082, 0.9314615651965141, 0
u,0.09093598276376724, 0.929779477417469, 0
u,0.09987595677375793, 0.9149419888854027, 0
u,0.10241113603115082, 0.9314615651965141, 0
u,-5.73478597942767e-09, 0.9487858898937702, 0
u,0.002331487135961652, 0.9260579571127892, 0
u,0.04550139233469963, 0.9205352067947388, 0
u,-5.73478597942767e-09, 0.9487858898937702, 0
u,0.04550139233469963, 0.9205352067947388, 0
u,0.04372429475188255, 0.9430424980819225, 0
u,0.07727771252393723, 0.9488837607204914, 0
u,0.09093598276376724, 0.929779477417469, 0
u,0.10241113603115082, 0.9314615651965141, 0
u,0.07727771252393723, 0.9488837607204914, 0
u,0.10241113603115082, 0.9314615651965141, 0
u,0.0846383273601532, 0.9563743732869625, 0
u,0.10979395359754562, 0.9445804208517075, 0
u,0.14979377388954163, 0.9363926202058792, 0
u,0.14879310131072998, 0.9551013521850109, 0
u,-5.73478597942767e-09, 0.9487858898937702, 0
u,0.04372429475188255, 0.9430424980819225, 0
u,0.044356804341077805, 0.9597666785120964, 0
u,0.0007307995692826807, 0.9681632705032825, 0
u,-5.73478597942767e-09, 0.9487858898937702, 0
u,0.044356804341077805, 0.9597666785120964, 0
u,0.06643536686897278, 0.9597740583121777, 0
u,0.07727771252393723, 0.9488837607204914, 0
u,0.0846383273601532, 0.9563743732869625, 0
u,0.16064578294754028, 0.9576149247586727, 0
u,0.18030713498592377, 0.9424161352217197, 0
u,0.18424013257026672, 0.9530148878693581, 0
u,0.16064578294754028, 0.9576149247586727, 0
u,0.18424013257026672, 0.9530148878693581, 0
u,0.1515815407037735, 0.9800256788730621, 0
u,0.0007307995692826807, 0.9681632705032825, 0
u,0.044356804341077805, 0.9597666785120964, 0
u,0.04591846466064453, 0.9640698470175266, 0
u,0.058411747217178345, 0.9654432311654091, 0
u,0.06643536686897278, 0.9597740583121777, 0
u,0.0846383273601532, 0.9563743732869625, 0
u,0.10979395359754562, 0.9445804208517075, 0
u,0.14879310131072998, 0.9551013521850109, 0
u,0.15001218020915985, 0.9595088288187981, 0
u,0.0007307995692826807, 0.9681632705032825, 0
u,0.04591846466064453, 0.9640698470175266, 0
u,0.048671409487724304, 0.9668568335473537, 0
u,0.1543956696987152, 0.9610085748136044, 0
u,0.16064578294754028, 0.9576149247586727, 0
u,0.1515815407037735, 0.9800256788730621, 0
u,0.10979395359754562, 0.9445804208517075, 0
u,0.15001218020915985, 0.9595088288187981, 0
u,0.15170393884181976, 0.9609550423920155, 0
u,0.10607388615608215, 0.9706917125731707, 0
u,0.10979395359754562, 0.9445804208517075, 0
u,0.15170393884181976, 0.9609550423920155, 0
u,0.05280347168445587, 0.9675290063023567, 0
u,0.058411747217178345, 0.9654432311654091, 0
u,0.0846383273601532, 0.9563743732869625, 0
u,0.05280347168445587, 0.9675290063023567, 0
u,0.0846383273601532, 0.9563743732869625, 0
u,0.06775879114866257, 0.974522240459919, 0
u,0.10607388615608215, 0.9706917125731707, 0
u,0.15170393884181976, 0.9609550423920155, 0
u,0.1543956696987152, 0.9610085748136044, 0
u,0.10607388615608215, 0.9706917125731707, 0
u,0.1543956696987152, 0.9610085748136044, 0
u,0.1515815407037735, 0.9800256788730621, 0
u,0.0007307995692826807, 0.9681632705032825, 0
u,0.048671409487724304, 0.9668568335473537, 0
u,0.05280347168445587, 0.9675290063023567, 0
u,0.0007307995692826807, 0.9681632705032825, 0
u,0.05280347168445587, 0.9675290063023567, 0
u,0.06775879114866257, 0.974522240459919, 0
u,0.0027584750205278397, 0.9794973321259022, 0
u,0.0007307995692826807, 0.9681632705032825, 0
u,0.06775879114866257, 0.974522240459919, 0
u,0.10642683506011963, 0.9806446973234415, 0
u,0.10607388615608215, 0.9706917125731707, 0
u,0.1515815407037735, 0.9800256788730621, 0
u,0.0065302178263664246, 0.9890719614923, 0
u,0.0027584750205278397, 0.9794973321259022, 0
u,0.06775879114866257, 0.974522240459919, 0
u,0.0065302178263664246, 0.9890719614923, 0
u,0.06775879114866257, 0.974522240459919, 0
u,0.052812423557043076, 0.9875771682709455, 0
u,0.10948106646537781, 0.9881062051281333, 0
u,0.10642683506011963, 0.9806446973234415, 0
u,0.1515815407037735, 0.9800256788730621, 0
u,0.10948106646537781, 0.9881062051281333, 0
u,0.1515815407037735, 0.9800256788730621, 0
u,0.14024363458156586, 0.9876860426738858, 0
u,0.011902491562068462, 0.9953982713632286, 0
u,0.0065302178263664246, 0.9890719614923, 0
u,0.052812423557043076, 0.9875771682709455, 0
u,0.011902491562068462, 0.9953982713632286, 0
u,0.052812423557043076, 0.9875771682709455, 0
u,0.04239650443196297, 0.9944384177215397, 0
u,0.11409487575292587, 0.992525224108249, 0
u,0.10948106646537781, 0.9881062051281333, 0
u,0.14024363458156586, 0.9876860426738858, 0
u,0.016622256487607956, 0.9984347545541823, 0
u,0.011902491562068462, 0.9953982713632286, 0
u,0.04239650443196297, 0.9944384177215397, 0
u,0.016622256487607956, 0.9984347545541823, 0
u,0.04239650443196297, 0.9944384177215397, 0
u,0.03446685150265694, 0.9982175428885967, 0
u,0.11409487575292587, 0.992525224108249, 0
u,0.14024363458156586, 0.9876860426738858, 0
u,0.13034436106681824, 0.9924836759455502, 0
u,0.021876638755202293, 0.9999999966476387, 0
u,0.016622256487607956, 0.9984347545541823, 0
u,0.03446685150265694, 0.9982175428885967, 0
u,0.11863646656274796, 0.9941903934814036, 0
u,0.11409487575292587, 0.992525224108249, 0
u,0.13034436106681824, 0.9924836759455502, 0
u,0.11863646656274796, 0.9941903934814036, 0
u,0.13034436106681824, 0.9924836759455502, 0
u,0.12384799867868423, 0.9942446611821651, 0
u,0.021876638755202293, 0.9999999966476387, 0
u,0.03446685150265694, 0.9982175428885967, 0
u,0.02748103253543377, 0.9999209332963801, 0
u,0.10747912526130676, 0.09993582963943481, 0
u,0.10747915506362915, 0.10286605358123779, 0
u,0.0537397600710392, 0.1030014157295227, 0
u,4.6856214908075344e-08, 0.21799874305725098, 0
u,8.667603879075614e-08, 0.20756369829177856, 0
u,0.05373947694897652, 0.20784151554107666, 0
u,0.361359566450119, 0.2820943593978882, 0
u,0.35632672905921936, 0.2820942997932434, 0
u,0.3592805862426758, 0.22835487127304077, 0
u,0.7491135597229004, 0.18664878606796265, 0
u,0.7383366823196411, 0.18664878606796265, 0
u,0.7455481886863708, 0.13290935754776, 0
u,0.7306040525436401, 0.18664884567260742, 0
u,0.7246041297912598, 0.18664896488189697, 0
u,0.7294678688049316, 0.13290947675704956, 0
u,1.0056337984565289e-08, 0.2354062795639038, 0
u,4.6856214908075344e-08, 0.21799874305725098, 0
u,0.05373942106962204, 0.2246609926223755, 0
u,1.1812162803437332e-08, 0.2706165313720703, 0
u,2.445274538409592e-11, 0.25230294466018677, 0
u,0.05373939499258995, 0.2579556703567505, 0
u,0.3684524893760681, 0.7915651351213455, 0
u,0.3684519827365875, 0.7624282836914062, 0
u,0.4221915602684021, 0.7786988168954849, 0
u,8.952049768140569e-08, 0.3031492233276367, 0
u,4.235741002389659e-08, 0.28772836923599243, 0
u,0.05373946949839592, 0.29901474714279175, 0
u,0.3165779709815979, 0.0629224181175232, 0
u,0.308305561542511, 0.0629224181175232, 0
u,0.31081435084342957, 0.009183049201965332, 0
u,0.32280996441841125, 0.06292247772216797, 0
u,0.320342093706131, 0.06292247772216797, 0
u,0.3227984309196472, 0.009183108806610107, 0
u,0.7602667808532715, 0.18664878606796265, 0
u,0.7491135597229004, 0.18664878606796265, 0
u,0.7584108710289001, 0.13290941715240479, 0
u,0.7383366823196411, 0.18664878606796265, 0
u,0.7306040525436401, 0.18664884567260742, 0
u,0.7367717623710632, 0.13290941715240479, 0
u,0.5041198134422302, 0.3425893187522888, 0
u,0.49541446566581726, 0.3426249623298645, 0
u,0.49828818440437317, 0.2888733148574829, 0
u,0.49541446566581726, 0.3426249623298645, 0
u,0.488396555185318, 0.34265363216400146, 0
u,0.49206140637397766, 0.2888988256454468, 0
u,2.445274538409592e-11, 0.25230294466018677, 0
u,1.0056337984565289e-08, 0.2354062795639038, 0
u,0.05373939871788025, 0.24068516492843628, 0
u,0.3684532642364502, 0.8127014189958572, 0
u,0.3684524893760681, 0.7915651351213455, 0
u,0.4221925735473633, 0.811583861708641, 0
u,4.235741002389659e-08, 0.28772836923599243, 0
u,1.1812162803437332e-08, 0.2706165313720703, 0
u,0.05373941361904144, 0.27633047103881836, 0
u,0.308305561542511, 0.0629224181175232, 0
u,0.29172250628471375, 0.06292247772216797, 0
u,0.2917255163192749, 0.009183108806610107, 0
u,0.3684519827365875, 0.7624282836914062, 0
u,0.36845213174819946, 0.7429642379283905, 0
u,0.4221913814544678, 0.7508131116628647, 0
u,0.35632672905921936, 0.2820942997932434, 0
u,0.34758424758911133, 0.28209489583969116, 0
u,0.35373345017433167, 0.2283550500869751, 0
u,0.36573734879493713, 0.28209489583969116, 0
u,0.361359566450119, 0.2820943593978882, 0
u,0.3634299635887146, 0.22835510969161987, 0
u,0.9388632774353027, 0.19253337383270264, 0
u,0.9388637542724609, 0.1974816918373108, 0
u,0.8851238489151001, 0.19274789094924927, 0
u,0.47702378034591675, 0.14191555976867676, 0
u,0.47702327370643616, 0.1531813144683838, 0
u,0.42328429222106934, 0.14547115564346313, 0
u,0.47702327370643616, 0.1531813144683838, 0
u,0.47702187299728394, 0.17169111967086792, 0
u,0.4232833981513977, 0.160417377948761, 0
u,8.667603879075614e-08, 0.20756369829177856, 0
u,1.5573587575090642e-07, 0.19787418842315674, 0
u,0.05373947694897652, 0.20784151554107666, 0
u,0.5160675644874573, 0.34254032373428345, 0
u,0.5041198134422302, 0.3425893187522888, 0
u,0.5075136423110962, 0.2888355851173401, 0
u,0.320342093706131, 0.06292247772216797, 0
u,0.3165779709815979, 0.0629224181175232, 0
u,0.31868019700050354, 0.009183049201965332, 0
u,0.10747912526130676, 0.09198492765426636, 0
u,0.10747912526130676, 0.09993582963943481, 0
u,0.05373973026871681, 0.09842497110366821, 0
u,0.18272294104099274, 0.06792682409286499, 0
u,0.17158059775829315, 0.12166166305541992, 0
u,0.17157341539859772, 0.06792223453521729, 0
u,0.8851239085197449, 0.07251715660095215, 0
u,0.9388637542724609, 0.06615084409713745, 0
u,0.9388632774353027, 0.07300382852554321, 0
u,0.7306040525436401, 0.18664884567260742, 0
u,0.7294678688049316, 0.13290947675704956, 0
u,0.7367717623710632, 0.13290941715240479, 0
u,0.4232845604419708, 0.1324281096458435, 0
u,0.47702378034591675, 0.14191555976867676, 0
u,0.42328429222106934, 0.14547115564346313, 0
u,0.47702327370643616, 0.1531813144683838, 0
u,0.4232833981513977, 0.160417377948761, 0
u,0.42328429222106934, 0.14547115564346313, 0
u,0.23798184096813202, 0.115195631980896, 0
u,0.2917212247848511, 0.10584807395935059, 0
u,0.2917212247848511, 0.11550772190093994, 0
u,0.47702187299728394, 0.17169111967086792, 0
u,0.4232824444770813, 0.17169547080993652, 0
u,0.4232833981513977, 0.160417377948761, 0
u,0.5561183094978333, 0.031263113021850586, 0
u,0.5650243163108826, 0.08494597673416138, 0
u,0.5559294819831848, 0.08500480651855469, 0
u,0.5160675644874573, 0.34254032373428345, 0
u,0.5075136423110962, 0.2888355851173401, 0
u,0.5178104043006897, 0.28879332542419434, 0
u,1.5573587575090642e-07, 0.19787418842315674, 0
u,0.05373955890536308, 0.19675213098526, 0
u,0.05373947694897652, 0.20784151554107666, 0
u,0.8851230144500732, 0.10174649953842163, 0
u,0.9388628005981445, 0.08322548866271973, 0
u,0.9388623833656311, 0.10336452722549438, 0
u,0.23798179626464844, 0.1858007311820984, 0
u,0.2917212247848511, 0.14251768589019775, 0
u,0.2917211949825287, 0.18691551685333252, 0
u,4.6856214908075344e-08, 0.21799874305725098, 0
u,0.05373947694897652, 0.20784151554107666, 0
u,0.05373942106962204, 0.2246609926223755, 0
u,0.5041198134422302, 0.3425893187522888, 0
u,0.49828818440437317, 0.2888733148574829, 0
u,0.5075136423110962, 0.2888355851173401, 0
u,2.445274538409592e-11, 0.25230294466018677, 0
u,0.05373939871788025, 0.24068516492843628, 0
u,0.05373939499258995, 0.2579556703567505, 0
u,0.8851228356361389, 0.15403878688812256, 0
u,0.938862144947052, 0.13094079494476318, 0
u,0.9388622641563416, 0.1557132601737976, 0
u,0.8851238489151001, 0.19274789094924927, 0
u,0.938862681388855, 0.17794299125671387, 0
u,0.9388632774353027, 0.19253337383270264, 0
u,4.235741002389659e-08, 0.28772836923599243, 0
u,0.05373941361904144, 0.27633047103881836, 0
u,0.05373946949839592, 0.29901474714279175, 0
u,0.053739726543426514, 0.18258953094482422, 0
u,1.5573587575090642e-07, 0.19787418842315674, 0
u,3.491139182187908e-07, 0.1814500093460083, 0
u,0.9808035492897034, 0.4694812297821045, 0
u,0.986709713935852, 0.5232185125350952, 0
u,0.9802632331848145, 0.5232208669185638, 0
u,0.9388637542724609, 0.1974816918373108, 0
u,0.8851242661476135, 0.1966666579246521, 0
u,0.8851238489151001, 0.19274789094924927, 0
u,0.9896474480628967, 0.4694783091545105, 0
u,0.9912919402122498, 0.523217499256134, 0
u,0.9895074367523193, 0.5232177674770355, 0
u,0.8939132690429688, 0.7011674046516418, 0
u,0.8401739001274109, 0.7158754467964172, 0
u,0.8401738405227661, 0.7000876367092133, 0
u,0.8939132690429688, 0.7329204678535461, 0
u,0.8401738405227661, 0.7481860518455505, 0
u,0.8401739001274109, 0.7317711412906647, 0
u,0.7864341139793396, 0.5540737509727478, 0
u,0.8401736617088318, 0.5380189418792725, 0
u,0.8401734828948975, 0.5554432272911072, 0
u,0.0537397600710392, 0.0359230637550354, 0
u,0.10747912526130676, 0.09198492765426636, 0
u,0.05373973026871681, 0.09842497110366821, 0
u,0.308305561542511, 0.0629224181175232, 0
u,0.2917255163192749, 0.009183108806610107, 0
u,0.31081435084342957, 0.009183049201965332, 0
u,0.34758424758911133, 0.28209489583969116, 0
u,0.3458731770515442, 0.22835570573806763, 0
u,0.35373345017433167, 0.2283550500869751, 0
u,0.320342093706131, 0.06292247772216797, 0
u,0.31868019700050354, 0.009183049201965332, 0
u,0.3227984309196472, 0.009183108806610107, 0
u,0.10747912526130676, 0.09993582963943481, 0
u,0.0537397600710392, 0.1030014157295227, 0
u,0.05373973026871681, 0.09842497110366821, 0
u,0.36573734879493713, 0.28209489583969116, 0
u,0.3634299635887146, 0.22835510969161987, 0
u,0.3662605583667755, 0.22835570573806763, 0
u,0.053739551454782486, 0.31775718927383423, 0
u,2.293246552653727e-07, 0.3277176022529602, 0
u,1.552367621115991e-07, 0.3168964982032776, 0
u,0.35632672905921936, 0.2820942997932434, 0
u,0.35373345017433167, 0.2283550500869751, 0
u,0.3592805862426758, 0.22835487127304077, 0
u,0.6145789623260498, 0.14979815483093262, 0
u,0.6683176159858704, 0.1550508737564087, 0
u,0.6145782470703125, 0.15505170822143555, 0
u,0.5259812474250793, 0.031457483768463135, 0
u,0.5310113430023193, 0.08516567945480347, 0
u,0.5259274840354919, 0.08519834280014038, 0
u,0.7716540098190308, 0.13290947675704956, 0
u,0.7776409387588501, 0.18664896488189697, 0
u,0.770919144153595, 0.1866489052772522, 0
u,0.42328330874443054, 0.10065352916717529, 0
u,0.4770219326019287, 0.09028565883636475, 0
u,0.47702324390411377, 0.10907560586929321, 0
u,0.3165779709815979, 0.0629224181175232, 0
u,0.31081435084342957, 0.009183049201965332, 0
u,0.31868019700050354, 0.009183049201965332, 0
u,0.5310419797897339, 0.03142493963241577, 0
u,0.5363459587097168, 0.08513128757476807, 0
u,0.5310113430023193, 0.08516567945480347, 0
u,0.48688367009162903, 0.28891992568969727, 0
u,0.48211047053337097, 0.3426792025566101, 0
u,0.4821702241897583, 0.28893911838531494, 0
u,0.8939130902290344, 0.6499928534030914, 0
u,0.8401737809181213, 0.678343653678894, 0
u,0.8401736617088318, 0.6499930620193481, 0
u,0.42328396439552307, 0.1110270619392395, 0
u,0.4770238697528839, 0.12396961450576782, 0
u,0.42328447103500366, 0.12333816289901733, 0
u,0.893913209438324, 0.6792350709438324, 0
u,0.8401738405227661, 0.7000876367092133, 0
u,0.8401737809181213, 0.678343653678894, 0
u,0.8939132690429688, 0.7169588804244995, 0
u,0.8401739001274109, 0.7317711412906647, 0
u,0.8401739001274109, 0.7158754467964172, 0
u,0.893913209438324, 0.7493606209754944, 0
u,0.8401737809181213, 0.7702020853757858, 0
u,0.8401738405227661, 0.7481860518455505, 0
u,0.053739551454782486, 0.31775718927383423, 0
u,8.952049768140569e-08, 0.3031492233276367, 0
u,0.05373946949839592, 0.29901474714279175, 0
u,0.8939130902290344, 0.7840085327625275, 0
u,0.8401737809181213, 0.7702020853757858, 0
u,0.8939131498336792, 0.7710006535053253, 0
u,0.7716540098190308, 0.13290947675704956, 0
u,0.7602667808532715, 0.18664878606796265, 0
u,0.7584108710289001, 0.13290941715240479, 0
u,0.3684519827365875, 0.7624282836914062, 0
u,0.4221913814544678, 0.7508131116628647, 0
u,0.4221915602684021, 0.7786988168954849, 0
u,0.053739629685878754, 0.3283679485321045, 0
u,3.237167618408421e-07, 0.33645695447921753, 0
u,2.293246552653727e-07, 0.3277176022529602, 0
u,0.9300513863563538, 0.9462588205933571, 0
u,0.9628854990005493, 0.9999999995710525, 0
u,0.9280481338500977, 0.9999980739814873, 0
u,0.23798181116580963, 0.10556387901306152, 0
u,0.2917211353778839, 0.09918510913848877, 0
u,0.2917212247848511, 0.10584807395935059, 0
u,0.5364501476287842, 0.03139007091522217, 0
u,0.5418775677680969, 0.08509558439254761, 0
u,0.5363459587097168, 0.08513128757476807, 0
u,0.49541446566581726, 0.3426249623298645, 0
u,0.49206140637397766, 0.2888988256454468, 0
u,0.49828818440437317, 0.2888733148574829, 0
u,0.5420010685920715, 0.031354308128356934, 0
u,0.5483589768409729, 0.08505374193191528, 0
u,0.5418775677680969, 0.08509558439254761, 0
u,0.488396555185318, 0.34265363216400146, 0
u,0.48688367009162903, 0.28891992568969727, 0
u,0.49206140637397766, 0.2888988256454468, 0
u,0.614578366279602, 0.08801251649856567, 0
u,0.6683180332183838, 0.0742303729057312, 0
u,0.6683177351951599, 0.08905524015426636, 0
u,0.6145789623260498, 0.14979815483093262, 0
u,0.6683179140090942, 0.13332784175872803, 0
u,0.6683183908462524, 0.14980071783065796, 0
u,0.7864336371421814, 0.7631313353776932, 0
u,0.8401733636856079, 0.5836628079414368, 0
u,0.840173065662384, 0.7639346718788147, 0
u,0.6145782470703125, 0.10564184188842773, 0
u,0.6683177351951599, 0.08905524015426636, 0
u,0.6683176159858704, 0.1074066162109375, 0
u,0.4232845604419708, 0.1324281096458435, 0
u,0.4770238697528839, 0.12396961450576782, 0
u,0.4770239293575287, 0.1330377459526062, 0
u,0.7864339351654053, 0.5816918015480042, 0
u,0.8401734828948975, 0.5554432272911072, 0
u,0.8401733636856079, 0.5836628079414368, 0
u,0.8851234912872314, 0.0820956826210022, 0
u,0.9388632774353027, 0.07300382852554321, 0
u,0.9388628005981445, 0.08322548866271973, 0
u,0.8851227760314941, 0.12916982173919678, 0
u,0.9388623833656311, 0.10336452722549438, 0
u,0.938862144947052, 0.13094079494476318, 0
u,1.0056337984565289e-08, 0.2354062795639038, 0
u,0.05373942106962204, 0.2246609926223755, 0
u,0.05373939871788025, 0.24068516492843628, 0
u,0.8851232528686523, 0.17646360397338867, 0
u,0.9388622641563416, 0.1557132601737976, 0
u,0.938862681388855, 0.17794299125671387, 0
u,0.7383366823196411, 0.18664878606796265, 0
u,0.7367717623710632, 0.13290941715240479, 0
u,0.7455481886863708, 0.13290935754776, 0
u,0.7246041297912598, 0.18664896488189697, 0
u,0.7244859933853149, 0.13290953636169434, 0
u,0.7294678688049316, 0.13290947675704956, 0
u,1.1812162803437332e-08, 0.2706165313720703, 0
u,0.05373939499258995, 0.2579556703567505, 0
u,0.05373941361904144, 0.27633047103881836, 0
u,0.7864339351654053, 0.7816791236400604, 0
u,0.840173065662384, 0.7639346718788147, 0
u,0.8401733040809631, 0.7820468991994858, 0
u,0.9615793824195862, 0.4694889187812805, 0
u,0.9802632331848145, 0.5232208669185638, 0
u,0.9615793824195862, 0.5232283473014832, 0
u,0.7864342331886292, 0.7857666313648224, 0
u,0.8401733040809631, 0.7820468991994858, 0
u,0.8401736617088318, 0.7858949899673462, 0
u,0.23798184096813202, 0.1414858102798462, 0
u,0.2917212247848511, 0.11550772190093994, 0
u,0.2917212247848511, 0.14251768589019775, 0
u,0.9725162982940674, 0.9462588205933571, 0
u,0.9628854990005493, 0.9999999995710525, 0
u,0.9628810882568359, 0.94626060500741, 0
u,0.9869552850723267, 0.4694790244102478, 0
u,0.9895074367523193, 0.5232177674770355, 0
u,0.986709713935852, 0.5232185125350952, 0
u,0.5198637843132019, 0.03149682283401489, 0
u,0.5259274840354919, 0.08519834280014038, 0
u,0.5198637843132019, 0.08523732423782349, 0
u,0.5487205386161804, 0.03131091594696045, 0
u,0.5559294819831848, 0.08500480651855469, 0
u,0.5483589768409729, 0.08505374193191528, 0
u,0.4221925735473633, 0.7140323519706726, 0
u,0.3684524893760681, 0.7283171117305756, 0
u,0.3684532642364502, 0.7130784094333649, 0
u,0.361359566450119, 0.2820943593978882, 0
u,0.3592805862426758, 0.22835487127304077, 0
u,0.3634299635887146, 0.22835510969161987, 0
u,0.422191858291626, 0.7297371923923492, 0
u,0.36845213174819946, 0.7429642379283905, 0
u,0.3684524893760681, 0.7283171117305756, 0
u,0.47702324390411377, 0.10907560586929321, 0
u,0.42328396439552307, 0.1110270619392395, 0
u,0.42328330874443054, 0.10065352916717529, 0
u,0.7491135597229004, 0.18664878606796265, 0
u,0.7455481886863708, 0.13290935754776, 0
u,0.7584108710289001, 0.13290941715240479, 0
u,0.3684524893760681, 0.7915651351213455, 0
u,0.4221915602684021, 0.7786988168954849, 0
u,0.4221925735473633, 0.811583861708641, 0
u,0.477042555809021, 0.28895992040634155, 0
u,0.48211047053337097, 0.3426792025566101, 0
u,0.477042555809021, 0.3426997661590576, 0
u,0.6145784854888916, 0.13143408298492432, 0
u,0.6145782470703125, 0.10564184188842773, 0
u,0.6683176159858704, 0.1074066162109375, 0
u,0.18272294104099274, 0.06792682409286499, 0
u,0.18272294104099274, 0.12166625261306763, 0
u,0.17158059775829315, 0.12166166305541992, 0
u,0.8851239085197449, 0.07251715660095215, 0
u,0.8851243853569031, 0.06639587879180908, 0
u,0.9388637542724609, 0.06615084409713745, 0
u,0.4232845604419708, 0.1324281096458435, 0
u,0.4770239293575287, 0.1330377459526062, 0
u,0.47702378034591675, 0.14191555976867676, 0
u,0.23798184096813202, 0.115195631980896, 0
u,0.23798181116580963, 0.10556387901306152, 0
u,0.2917212247848511, 0.10584807395935059, 0
u,0.5561183094978333, 0.031263113021850586, 0
u,0.5655995607376099, 0.031201720237731934, 0
u,0.5650243163108826, 0.08494597673416138, 0
u,0.8851230144500732, 0.10174649953842163, 0
u,0.8851234912872314, 0.0820956826210022, 0
u,0.9388628005981445, 0.08322548866271973, 0
u,0.23798179626464844, 0.1858007311820984, 0
u,0.23798184096813202, 0.1414858102798462, 0
u,0.2917212247848511, 0.14251768589019775, 0
u,0.8851228356361389, 0.15403878688812256, 0
u,0.8851227760314941, 0.12916982173919678, 0
u,0.938862144947052, 0.13094079494476318, 0
u,0.8851238489151001, 0.19274789094924927, 0
u,0.8851232528686523, 0.17646360397338867, 0
u,0.938862681388855, 0.17794299125671387, 0
u,0.053739726543426514, 0.18258953094482422, 0
u,0.05373955890536308, 0.19675213098526, 0
u,1.5573587575090642e-07, 0.19787418842315674, 0
u,0.9808035492897034, 0.4694812297821045, 0
u,0.9869552850723267, 0.4694790244102478, 0
u,0.986709713935852, 0.5232185125350952, 0
u,0.9896474480628967, 0.4694783091545105, 0
u,0.9913793802261353, 0.46947813034057617, 0
u,0.9912919402122498, 0.523217499256134, 0
u,0.8939132690429688, 0.7011674046516418, 0
u,0.8939132690429688, 0.7169588804244995, 0
u,0.8401739001274109, 0.7158754467964172, 0
u,0.8939132690429688, 0.7329204678535461, 0
u,0.893913209438324, 0.7493606209754944, 0
u,0.8401738405227661, 0.7481860518455505, 0
u,0.7864341139793396, 0.5540737509727478, 0
u,0.7864342331886292, 0.5380196571350098, 0
u,0.8401736617088318, 0.5380189418792725, 0
u,0.0537397600710392, 0.0359230637550354, 0
u,0.10747915506362915, 0.03604346513748169, 0
u,0.10747912526130676, 0.09198492765426636, 0
u,0.053739551454782486, 0.31775718927383423, 0
u,0.053739629685878754, 0.3283679485321045, 0
u,2.293246552653727e-07, 0.3277176022529602, 0
u,0.6145789623260498, 0.14979815483093262, 0
u,0.6683183908462524, 0.14980071783065796, 0
u,0.6683176159858704, 0.1550508737564087, 0
u,0.5259812474250793, 0.031457483768463135, 0
u,0.5310419797897339, 0.03142493963241577, 0
u,0.5310113430023193, 0.08516567945480347, 0
u,0.7716540098190308, 0.13290947675704956, 0
u,0.7776411771774292, 0.13290953636169434, 0
u,0.7776409387588501, 0.18664896488189697, 0
u,0.42328330874443054, 0.10065352916717529, 0
u,0.4232824444770813, 0.08914709091186523, 0
u,0.4770219326019287, 0.09028565883636475, 0
u,0.5310419797897339, 0.03142493963241577, 0
u,0.5364501476287842, 0.03139007091522217, 0
u,0.5363459587097168, 0.08513128757476807, 0
u,0.48688367009162903, 0.28891992568969727, 0
u,0.488396555185318, 0.34265363216400146, 0
u,0.48211047053337097, 0.3426792025566101, 0
u,0.8939130902290344, 0.6499928534030914, 0
u,0.893913209438324, 0.6792350709438324, 0
u,0.8401737809181213, 0.678343653678894, 0
u,0.42328396439552307, 0.1110270619392395, 0
u,0.47702324390411377, 0.10907560586929321, 0
u,0.4770238697528839, 0.12396961450576782, 0
u,0.893913209438324, 0.6792350709438324, 0
u,0.8939132690429688, 0.7011674046516418, 0
u,0.8401738405227661, 0.7000876367092133, 0
u,0.8939132690429688, 0.7169588804244995, 0
u,0.8939132690429688, 0.7329204678535461, 0
u,0.8401739001274109, 0.7317711412906647, 0
u,0.893913209438324, 0.7493606209754944, 0
u,0.8939131498336792, 0.7710006535053253, 0
u,0.8401737809181213, 0.7702020853757858, 0
u,0.053739551454782486, 0.31775718927383423, 0
u,1.552367621115991e-07, 0.3168964982032776, 0
u,8.952049768140569e-08, 0.3031492233276367, 0
u,0.8939130902290344, 0.7840085327625275, 0
u,0.8401736617088318, 0.7858950048685074, 0
u,0.8401737809181213, 0.7702020853757858, 0
u,0.7716540098190308, 0.13290947675704956, 0
u,0.770919144153595, 0.1866489052772522, 0
u,0.7602667808532715, 0.18664878606796265, 0
u,0.053739629685878754, 0.3283679485321045, 0
u,0.053739722818136215, 0.3368788957595825, 0
u,3.237167618408421e-07, 0.33645695447921753, 0
u,0.9300513863563538, 0.9462588205933571, 0
u,0.9628810882568359, 0.94626060500741, 0
u,0.9628854990005493, 0.9999999995710525, 0
u,0.23798181116580963, 0.10556387901306152, 0
u,0.23798175156116486, 0.09895658493041992, 0
u,0.2917211353778839, 0.09918510913848877, 0
u,0.5364501476287842, 0.03139007091522217, 0
u,0.5420010685920715, 0.031354308128356934, 0
u,0.5418775677680969, 0.08509558439254761, 0
u,0.5420010685920715, 0.031354308128356934, 0
u,0.5487205386161804, 0.03131091594696045, 0
u,0.5483589768409729, 0.08505374193191528, 0
u,0.614578366279602, 0.08801251649856567, 0
u,0.6145786643028259, 0.07422494888305664, 0
u,0.6683180332183838, 0.0742303729057312, 0
u,0.6145789623260498, 0.14979815483093262, 0
u,0.6145784854888916, 0.13143408298492432, 0
u,0.6683179140090942, 0.13332784175872803, 0
u,0.7864336371421814, 0.7631313353776932, 0
u,0.7864339351654053, 0.5816918015480042, 0
u,0.8401733636856079, 0.5836628079414368, 0
u,0.6145782470703125, 0.10564184188842773, 0
u,0.614578366279602, 0.08801251649856567, 0
u,0.6683177351951599, 0.08905524015426636, 0
u,0.4232845604419708, 0.1324281096458435, 0
u,0.42328447103500366, 0.12333816289901733, 0
u,0.4770238697528839, 0.12396961450576782, 0
u,0.7864339351654053, 0.5816918015480042, 0
u,0.7864341139793396, 0.5540737509727478, 0
u,0.8401734828948975, 0.5554432272911072, 0
u,0.8851234912872314, 0.0820956826210022, 0
u,0.8851239085197449, 0.07251715660095215, 0
u,0.9388632774353027, 0.07300382852554321, 0
u,0.8851227760314941, 0.12916982173919678, 0
u,0.8851230144500732, 0.10174649953842163, 0
u,0.9388623833656311, 0.10336452722549438, 0
u,0.8851232528686523, 0.17646360397338867, 0
u,0.8851228356361389, 0.15403878688812256, 0
u,0.9388622641563416, 0.1557132601737976, 0
u,0.7864339351654053, 0.7816791236400604, 0
u,0.7864336371421814, 0.7631313353776932, 0
u,0.840173065662384, 0.7639346718788147, 0
u,0.9615793824195862, 0.4694889187812805, 0
u,0.9808035492897034, 0.4694812297821045, 0
u,0.9802632331848145, 0.5232208669185638, 0
u,0.7864342331886292, 0.7857666313648224, 0
u,0.7864339351654053, 0.7816791236400604, 0
u,0.8401733040809631, 0.7820468991994858, 0
u,0.23798184096813202, 0.1414858102798462, 0
u,0.23798184096813202, 0.115195631980896, 0
u,0.2917212247848511, 0.11550772190093994, 0
u,0.9725162982940674, 0.9462588205933571, 0
u,0.9725760221481323, 0.9999982120559707, 0
u,0.9628854990005493, 0.9999999995710525, 0
u,0.9869552850723267, 0.4694790244102478, 0
u,0.9896474480628967, 0.4694783091545105, 0
u,0.9895074367523193, 0.5232177674770355, 0
u,0.5198637843132019, 0.03149682283401489, 0
u,0.5259812474250793, 0.031457483768463135, 0
u,0.5259274840354919, 0.08519834280014038, 0
u,0.5487205386161804, 0.03131091594696045, 0
u,0.5561183094978333, 0.031263113021850586, 0
u,0.5559294819831848, 0.08500480651855469, 0
u,0.4221925735473633, 0.7140323519706726, 0
u,0.422191858291626, 0.7297371923923492, 0
u,0.3684524893760681, 0.7283171117305756, 0
u,0.422191858291626, 0.7297371923923492, 0
u,0.4221913814544678, 0.7508131116628647, 0
u,0.36845213174819946, 0.7429642379283905, 0
u,0.477042555809021, 0.28895992040634155, 0
u,0.4821702241897583, 0.28893911838531494, 0
u,0.48211047053337097, 0.3426792025566101, 0
